query_paper_id,query_ai_group,query_year,query_field,n_reference_pairs,median_cited_age,share_recent_refs_3yr,median_log1p_cited_by_count,share_low_citation_refs,top10pct_share_of_citation_mass,share_cross_field_refs,cited_field_entropy,mean_score,share_relevant_low_citation_refs,field_label
W2134024207,post_ai,2026,Social Sciences,8,20.5,0.0,6.100449643378088,0.0,0.3274161735700197,0.625,0.9743147528693494,0.9071675315499306,0.0,openalex_education_1000
W22111498,post_ai,2025,Social Sciences,13,30.0,0.0,4.30406509320417,0.1538461538461538,0.7197233001518475,0.1538461538461538,0.5359610497090694,0.8631086716285119,0.1538461538461538,openalex_education_1000
W3088199350,post_ai,2024,Social Sciences,27,7.0,0.1481481481481481,4.553876891600541,0.2222222222222222,0.7238210399032649,0.1481481481481481,0.5027922796200783,0.8917616738213433,0.2222222222222222,openalex_education_1000
W3191923085,post_ai,2023,Social Sciences,34,12.5,0.088235294117647,5.230593610085355,0.088235294117647,0.7747809698451508,0.1470588235294117,0.5165455158887506,0.875366722836214,0.088235294117647,openalex_education_1000
W3199735064,post_ai,2023,Social Sciences,7,3.0,0.5714285714285714,4.174387269895637,0.2857142857142857,0.5134680134680135,0.0,-0.0,0.8299814718110221,0.2857142857142857,openalex_education_1000
W3202259117,post_ai,2023,Social Sciences,8,12.5,0.0,5.94729478144622,0.125,0.3805970149253731,0.25,0.7356219397587946,0.825155571103096,0.125,openalex_education_1000
W4313648218,post_ai,2023,Social Sciences,21,13.0,0.0476190476190476,5.003946305945459,0.0476190476190476,0.9227422264671548,0.3333333333333333,1.021094815861843,0.8576903399967012,0.0476190476190476,openalex_education_1000
W4313889143,post_ai,2023,Social Sciences,19,8.0,0.1578947368421052,4.248495242049359,0.1578947368421052,0.977895524797816,1.0,1.0160085311135825,0.8142673906527067,0.1578947368421052,openalex_education_1000
W4315853687,post_ai,2023,Social Sciences,21,10.0,0.1428571428571428,3.218875824868201,0.238095238095238,0.979990821477742,0.7619047619047619,1.1816543399004964,0.865362476734888,0.238095238095238,openalex_education_1000
W4316094596,post_ai,2023,Social Sciences,9,36.0,0.0,4.718498871295094,0.0,0.4587729581867917,0.1111111111111111,0.3488320958430319,0.8465228080749512,0.0,openalex_education_1000
W4316511355,post_ai,2023,Social Sciences,42,7.0,0.1666666666666666,3.844456668432398,0.2619047619047619,0.8018727801097837,0.2619047619047619,1.013108393707938,0.8854002086889177,0.2619047619047619,openalex_education_1000
W4316670182,post_ai,2023,Social Sciences,40,8.0,0.15,4.0342014792848495,0.125,0.7911601250434178,0.475,1.2757184613167445,0.8815701052546501,0.125,openalex_education_1000
W4317212651,post_ai,2023,Social Sciences,12,1.0,0.6666666666666666,2.1910133173369406,0.6666666666666666,0.359375,0.1666666666666666,0.4505612088663046,0.8513059616088867,0.6666666666666666,openalex_education_1000
W4317212683,post_ai,2023,Social Sciences,1,2.0,1.0,1.3862943611198906,1.0,1.0,0.0,-0.0,0.931806206703186,1.0,openalex_education_1000
W4317651426,post_ai,2023,Social Sciences,30,3.0,0.7666666666666667,3.090008326826286,0.2333333333333333,0.5963353692393115,0.5333333333333333,1.7075391741350712,0.8241757154464722,0.2,openalex_education_1000
W4317663956,post_ai,2023,Social Sciences,2,5.0,0.5,4.188275430806886,0.0,0.8866995073891626,1.0,-0.0,0.8330414593219757,0.0,openalex_education_1000
W4317734397,post_ai,2023,Social Sciences,4,1.5,0.75,2.158744056768155,0.5,0.9991731361109836,0.75,1.039720770839918,0.8181484788656235,0.5,openalex_education_1000
W4317786955,post_ai,2023,Social Sciences,11,3.0,0.7272727272727273,2.302585092994046,0.5454545454545454,0.9110169491525424,0.3636363636363636,1.159588814308626,0.851572491905906,0.3636363636363636,openalex_education_1000
W4317877826,post_ai,2023,Social Sciences,4,3.5,0.5,2.4141568686511503,0.5,0.6593406593406593,0.25,0.5623351446188083,0.8630282133817673,0.5,openalex_education_1000
W4318190956,post_ai,2023,Social Sciences,4,16.0,0.25,5.231265874286296,0.0,0.9831363808402372,0.5,1.039720770839918,0.7418923377990723,0.0,openalex_education_1000
W4318448740,post_ai,2023,Social Sciences,24,10.0,0.1666666666666666,4.134365916058869,0.125,0.7540961945031712,0.2083333333333333,0.7315151084145227,0.811357170343399,0.0833333333333333,openalex_education_1000
W4319073621,post_ai,2023,Social Sciences,5,3.0,1.0,2.302585092994046,0.6,0.4264705882352941,0.6,1.0549201679861442,0.8439492106437683,0.6,openalex_education_1000
W4319335156,post_ai,2023,Social Sciences,9,5.0,0.3333333333333333,3.737669618283368,0.1111111111111111,0.3728606356968215,0.0,-0.0,0.8675440284940932,0.1111111111111111,openalex_education_1000
W4320341512,post_ai,2023,Social Sciences,20,7.5,0.05,3.0816574020173206,0.25,0.5642939150401837,0.3,0.7460326647147848,0.8566947400569915,0.25,openalex_education_1000
W4320923308,post_ai,2023,Social Sciences,10,7.5,0.4,3.656610193545151,0.4,0.6359102244389028,0.7,1.6957425341696346,0.8368001163005829,0.2,openalex_education_1000
W4321078263,post_ai,2023,Social Sciences,10,4.0,0.3,1.6094379124341005,0.6,0.3825503355704698,0.5,1.3592367006650063,0.8738352417945862,0.6,openalex_education_1000
W4321494435,post_ai,2023,Social Sciences,18,8.0,0.0555555555555555,4.500919548699422,0.1666666666666666,0.6337515246558634,0.3888888888888889,1.1169258998260736,0.8521966404385037,0.1666666666666666,openalex_education_1000
W4321495340,post_ai,2023,Social Sciences,16,9.0,0.125,3.881510654509259,0.3125,0.4823428079242032,0.875,1.4402347497045995,0.904372815042734,0.3125,openalex_education_1000
W4321605330,post_ai,2023,Social Sciences,16,12.5,0.0625,4.46292659521046,0.125,0.413,0.25,0.5623351446188083,0.8562915325164795,0.125,openalex_education_1000
W4321614361,post_ai,2023,Social Sciences,49,9.0,0.1224489795918367,3.871201010907891,0.0204081632653061,0.8909455128205128,0.0612244897959183,0.2975855177331088,0.8910872084753854,0.0204081632653061,openalex_education_1000
W4321786091,post_ai,2023,Social Sciences,7,9.0,0.1428571428571428,3.332204510175204,0.2857142857142857,0.6902345117255863,0.2857142857142857,0.7963116401738131,0.8463528496878487,0.2857142857142857,openalex_education_1000
W4322745995,post_ai,2023,Social Sciences,4,12.5,0.0,3.312696184003978,0.25,0.9316843345111896,0.75,1.039720770839918,0.8113895952701569,0.25,openalex_education_1000
W4322773592,post_ai,2023,Social Sciences,6,20.0,0.0,4.54936909769744,0.1666666666666666,0.4725,0.1666666666666666,0.4505612088663046,0.9188226759433746,0.1666666666666666,openalex_education_1000
W4323042355,post_ai,2023,Social Sciences,18,13.0,0.0,3.36670094591868,0.1111111111111111,0.4782608695652174,0.5,0.8675632284814613,0.868936859899097,0.0555555555555555,openalex_education_1000
W4323074807,post_ai,2023,Social Sciences,12,17.0,0.0,4.4246852518772855,0.0833333333333333,0.4584954604409857,0.3333333333333333,0.8239592165010823,0.8867950141429901,0.0833333333333333,openalex_education_1000
W4323543404,post_ai,2023,Social Sciences,42,8.0,0.2142857142857142,4.688647225819508,0.119047619047619,0.6400808547502166,0.3095238095238095,1.0451870679952662,0.8688473658902305,0.119047619047619,openalex_education_1000
W4323662998,post_ai,2023,Social Sciences,18,5.5,0.3888888888888889,2.70805020110221,0.3888888888888889,0.7237008871989861,0.2222222222222222,0.6837389058487535,0.8610564966996511,0.3333333333333333,openalex_education_1000
W4323852705,post_ai,2023,Social Sciences,7,7.0,0.2857142857142857,2.9444389791664403,0.2857142857142857,0.772938829787234,0.4285714285714285,0.9556998911125344,0.8817757282938276,0.2857142857142857,openalex_education_1000
W4323925566,post_ai,2023,Social Sciences,7,24.0,0.0,6.934397209928558,0.0,0.3209922946814508,0.4285714285714285,1.15374194270109,0.833808285849435,0.0,openalex_education_1000
W4324092250,post_ai,2023,Social Sciences,17,5.0,0.3529411764705882,3.784189633918261,0.3529411764705882,0.956849433289224,0.5294117647058824,1.299741799542741,0.79264177644954,0.1176470588235294,openalex_education_1000
W4324378985,post_ai,2023,Social Sciences,32,12.5,0.03125,4.0342014792848495,0.0625,0.8252195413078693,0.3125,1.0458478435130596,0.8764777239412069,0.0625,openalex_education_1000
W4327593650,post_ai,2023,Social Sciences,13,6.0,0.2307692307692307,3.610917912644224,0.1538461538461538,0.7717663919742028,0.4615384615384615,1.4105135571148382,0.8388177935893719,0.0769230769230769,openalex_education_1000
W4327605876,post_ai,2023,Social Sciences,4,5.5,0.25,3.401197381662155,0.25,0.6116504854368932,0.25,0.5623351446188083,0.8617275953292847,0.25,openalex_education_1000
W4327970390,post_ai,2023,Social Sciences,7,2.0,1.0,1.791759469228055,1.0,0.2702702702702703,0.5714285714285714,1.0042424730540764,0.8212896415165493,0.7142857142857143,openalex_education_1000
W4328104869,post_ai,2023,Social Sciences,18,2.0,0.9444444444444444,3.901921651769386,0.0,0.3607723577235772,0.6666666666666666,1.1174899594231538,0.7925715247790018,0.0,openalex_education_1000
W4328118475,post_ai,2023,Social Sciences,34,7.5,0.1470588235294117,3.431901695726477,0.3235294117647059,0.7584483579247977,0.088235294117647,0.3545988275526489,0.8526275035213021,0.2647058823529412,openalex_education_1000
W4360862245,post_ai,2023,Social Sciences,28,5.0,0.4642857142857143,4.406719247264253,0.25,0.6561665776828617,0.6071428571428571,1.037814604446326,0.8575587081057685,0.25,openalex_education_1000
W4360949149,post_ai,2023,Social Sciences,51,7.0,0.2745098039215686,3.332204510175204,0.2549019607843137,0.8706653393064543,0.4901960784313725,1.5270060088571298,0.8750526484321145,0.2352941176470588,openalex_education_1000
W4360957310,post_ai,2023,Social Sciences,6,5.5,0.1666666666666666,5.305638504916471,0.1666666666666666,0.4671592775041051,0.1666666666666666,0.4505612088663046,0.843825489282608,0.1666666666666666,openalex_education_1000
W4360957311,post_ai,2023,Social Sciences,6,2.5,0.6666666666666666,4.918673875015792,0.1666666666666666,0.950247947321356,0.1666666666666666,0.4505612088663046,0.8980147937933604,0.1666666666666666,openalex_education_1000
W4361001732,post_ai,2023,Social Sciences,25,13.0,0.04,3.970291913552122,0.24,0.6290449881610103,0.32,0.9149513939783582,0.8611681747436524,0.24,openalex_education_1000
W4361218350,post_ai,2023,Social Sciences,12,6.5,0.1666666666666666,2.4563274428680257,0.5,0.7584541062801933,0.5833333333333334,0.6791932659915256,0.8182819734017054,0.5,openalex_education_1000
W4361277904,post_ai,2023,Social Sciences,15,8.0,0.2,4.418840607796598,0.1333333333333333,0.8018878784390469,0.1333333333333333,0.3926744672275521,0.8958832939465841,0.1333333333333333,openalex_education_1000
W4361289913,post_ai,2023,Social Sciences,45,5.0,0.2444444444444444,4.394449154672439,0.0888888888888888,0.8841543904113206,0.3777777777777777,1.190798676971074,0.8160611616240607,0.0666666666666666,openalex_education_1000
W4361974694,post_ai,2023,Social Sciences,59,4.0,0.3898305084745763,2.3978952727983707,0.5084745762711864,0.9711724697085716,0.3389830508474576,1.284502912169692,0.8632061441065901,0.4745762711864407,openalex_education_1000
W4362524266,post_ai,2023,Social Sciences,4,16.0,0.0,4.10424587587019,0.0,0.6161879895561357,0.5,1.039720770839918,0.8218139708042145,0.0,openalex_education_1000
W4362558479,post_ai,2023,Social Sciences,44,11.5,0.0909090909090909,5.23899597648265,0.0227272727272727,0.5095343491955393,0.25,0.7522219924875242,0.8893107392571189,0.0227272727272727,openalex_education_1000
W4362599849,post_ai,2023,Social Sciences,6,3.0,0.6666666666666666,3.401197381662155,0.3333333333333333,0.5424028268551236,0.8333333333333334,1.242453324894,0.8443443973859152,0.3333333333333333,openalex_education_1000
W4362608776,post_ai,2023,Social Sciences,39,9.0,0.3076923076923077,4.204692619390966,0.2307692307692307,0.7286305418719212,0.2307692307692307,0.8339799123710823,0.8758853872617086,0.2051282051282051,openalex_education_1000
W4362714740,post_ai,2023,Social Sciences,18,14.5,0.0,4.644205953698169,0.2222222222222222,0.8764622280529135,0.4444444444444444,1.3510394158370158,0.7981918586624993,0.2222222222222222,openalex_education_1000
W4363672628,post_ai,2023,Social Sciences,19,22.0,0.1052631578947368,4.605170185988092,0.1052631578947368,0.9718919047732526,0.3157894736842105,1.1165107682127635,0.8421965429657384,0.1052631578947368,openalex_education_1000
W4364378755,post_ai,2023,Social Sciences,10,18.0,0.0,5.042237443158473,0.0,0.6308659632458105,0.3,0.8018185525433372,0.8424808204174041,0.0,openalex_education_1000
W4365146556,post_ai,2023,Social Sciences,20,4.5,0.25,3.9059867148110112,0.2,0.4034125533211456,0.55,1.202262257535642,0.8785312414169312,0.2,openalex_education_1000
W4365152670,post_ai,2023,Social Sciences,9,10.0,0.0,4.07753744390572,0.0,0.6172019195275009,0.3333333333333333,0.8486855577264172,0.8280426926083035,0.0,openalex_education_1000
W4365457971,post_ai,2023,Social Sciences,11,3.0,0.7272727272727273,2.6390573296152584,0.4545454545454545,0.391304347826087,0.0,-0.0,0.8797308206558228,0.4545454545454545,openalex_education_1000
W4365518406,post_ai,2023,Social Sciences,38,4.0,0.4473684210526316,3.034212794122056,0.3684210526315789,0.7580078125,0.5263157894736842,1.4436306666003131,0.8142464082492026,0.2894736842105263,openalex_education_1000
W4365519385,post_ai,2023,Social Sciences,3,4.0,0.3333333333333333,3.258096538021482,0.0,0.8990610328638498,0.3333333333333333,0.6365141682948128,0.9069635272026062,0.0,openalex_education_1000
W4365799650,post_ai,2023,Social Sciences,4,7.5,0.0,2.6968137731761805,0.5,0.9984392930915768,0.5,1.039720770839918,0.8059392273426056,0.5,openalex_education_1000
W4366078001,post_ai,2023,Social Sciences,8,1.0,1.0,1.3195286648076292,0.875,0.7941176470588235,0.875,0.3767701612564367,0.8227903991937637,0.75,openalex_education_1000
W4366251193,post_ai,2023,Social Sciences,10,2.5,0.6,2.6020033435383976,0.4,0.9918742442563484,0.2,0.639031859650177,0.8567599654197693,0.4,openalex_education_1000
W4366262982,post_ai,2023,Social Sciences,44,5.0,0.2954545454545454,4.663394592309714,0.0909090909090909,0.9345920307107396,0.5,1.2981112843916225,0.8580929325385527,0.0909090909090909,openalex_education_1000
W4366300695,post_ai,2023,Social Sciences,18,5.5,0.2222222222222222,3.434507225332853,0.2777777777777778,0.4851269272698956,0.3333333333333333,1.0506652765928128,0.8334799806276957,0.1666666666666666,openalex_education_1000
W4366532003,post_ai,2023,Social Sciences,10,3.5,0.5,3.257356345436265,0.2,0.2137931034482758,0.3,0.6108643020548935,0.8806015312671661,0.2,openalex_education_1000
W4366757837,post_ai,2023,Social Sciences,61,15.0,0.0655737704918032,4.564348191467836,0.0491803278688524,0.82998899889989,0.3770491803278688,1.387306464793406,0.8448272357221509,0.0491803278688524,openalex_education_1000
W4366782398,post_ai,2023,Social Sciences,23,6.0,0.217391304347826,3.49650756146648,0.217391304347826,0.7653350796769265,0.391304347826087,1.3255405706362,0.8398364782333374,0.217391304347826,openalex_education_1000
W4367186035,post_ai,2023,Social Sciences,21,10.0,0.0,5.902633333401366,0.0,0.5824292356635941,0.2857142857142857,0.953256252840686,0.8522872584206718,0.0,openalex_education_1000
W4367298221,post_ai,2023,Social Sciences,23,5.0,0.2608695652173913,3.4011973816621555,0.2608695652173913,0.8956320873582528,0.391304347826087,1.1447195670118664,0.8447989665943644,0.217391304347826,openalex_education_1000
W4367368803,post_ai,2023,Social Sciences,15,17.0,0.0,5.351858133476067,0.1333333333333333,0.9702874646559848,0.4666666666666667,1.2868726303980162,0.8185277620951334,0.0666666666666666,openalex_education_1000
W4367595558,post_ai,2023,Social Sciences,23,20.0,0.0,4.499809670330265,0.1304347826086956,0.9716312056737588,0.8695652173913043,1.7289770006298424,0.8254512522531592,0.0869565217391304,openalex_education_1000
W4367682077,post_ai,2023,Social Sciences,14,3.0,0.7142857142857143,2.2499048351651325,0.5714285714285714,0.544529262086514,0.1428571428571428,0.509137344082687,0.8809985646179744,0.4285714285714285,openalex_education_1000
W4367693231,post_ai,2023,Social Sciences,6,5.0,0.3333333333333333,2.5249280036247685,0.3333333333333333,0.9602523659305994,1.0,1.0114042647073516,0.9055025577545166,0.3333333333333333,openalex_education_1000
W4367850012,post_ai,2023,Social Sciences,6,19.0,0.0,4.923299845164539,0.0,0.9397202486678508,0.3333333333333333,0.6365141682948128,0.8445156514644623,0.0,openalex_education_1000
W4368366154,post_ai,2023,Social Sciences,23,8.0,0.391304347826087,5.220355825078324,0.217391304347826,0.8734829518738324,0.3478260869565217,0.959223044632474,0.8508060600446619,0.217391304347826,openalex_education_1000
W4368367949,post_ai,2023,Social Sciences,25,5.0,0.28,2.8903717578961645,0.24,0.8274950429610046,0.6,1.4757280737111167,0.877730085849762,0.24,openalex_education_1000
W4368375954,post_ai,2023,Social Sciences,6,4.5,0.3333333333333333,2.297559925067296,0.6666666666666666,0.9923682764515538,0.3333333333333333,0.6365141682948128,0.8771247466405233,0.6666666666666666,openalex_education_1000
W4372329965,post_ai,2023,Social Sciences,16,3.5,0.5,2.381086967398878,0.5,0.9649230769230768,0.125,0.46341355882643,0.849823348224163,0.5,openalex_education_1000
W4375860077,post_ai,2023,Social Sciences,54,5.5,0.3148148148148148,4.31077660337024,0.1481481481481481,0.6710169772714705,0.4814814814814814,1.246372812318414,0.8012803097565969,0.0555555555555555,openalex_education_1000
W4375861368,post_ai,2023,Social Sciences,12,6.0,0.0833333333333333,4.400132325655168,0.0,0.6161473087818697,0.0,-0.0,0.8975192358096441,0.0,openalex_education_1000
W4376108147,post_ai,2023,Social Sciences,7,3.0,0.7142857142857143,1.3862943611198906,0.8571428571428571,0.8181818181818182,0.2857142857142857,0.7963116401738131,0.8614660331181118,0.8571428571428571,openalex_education_1000
W4376606937,post_ai,2023,Social Sciences,7,12.0,0.1428571428571428,3.4657359027997265,0.1428571428571428,0.710806697108067,0.4285714285714285,0.9556998911125344,0.80571334702628,0.1428571428571428,openalex_education_1000
W4376873040,post_ai,2023,Social Sciences,36,4.0,0.4722222222222222,3.844456668432398,0.1944444444444444,0.9826204412426834,0.8333333333333334,1.8299856161272896,0.8149617463350296,0.1388888888888889,openalex_education_1000
W4377141970,post_ai,2023,Social Sciences,2,14.0,0.0,6.159622534314437,0.0,0.9534883720930232,0.0,-0.0,0.8327390551567078,0.0,openalex_education_1000
W4377204412,post_ai,2023,Social Sciences,7,4.0,0.4285714285714285,0.6931471805599453,1.0,0.375,0.0,-0.0,0.9121300407818386,1.0,openalex_education_1000
W4377291729,post_ai,2023,Social Sciences,13,9.0,0.0769230769230769,4.553876891600541,0.1538461538461538,0.6555655565556555,0.3076923076923077,1.0437938808441545,0.8529983667226938,0.0,openalex_education_1000
W4378220739,post_ai,2023,Social Sciences,15,8.0,0.4,3.295836866004329,0.4666666666666667,0.8158401540683679,0.0,-0.0,0.9227616826693216,0.4666666666666667,openalex_education_1000
W4378376384,post_ai,2023,Social Sciences,25,4.0,0.48,3.6375861597263857,0.16,0.814144390654599,0.12,0.4433066914680871,0.9050070333480836,0.16,openalex_education_1000
W4378575393,post_ai,2023,Social Sciences,44,6.0,0.3636363636363636,3.1639683918645973,0.2045454545454545,0.6162327718223584,0.7045454545454546,1.1659502786949685,0.8548855713822625,0.2045454545454545,openalex_education_1000
W4378781304,post_ai,2023,Social Sciences,29,7.0,0.3793103448275862,3.871201010907891,0.2758620689655172,0.753078312263996,0.6551724137931034,0.7792771206047009,0.8317101042846153,0.2068965517241379,openalex_education_1000
W4378882270,post_ai,2023,Social Sciences,9,3.5,0.4444444444444444,3.044522437723423,0.2222222222222222,0.9884995183044316,0.4444444444444444,1.1490596969706204,0.8096530569924248,0.2222222222222222,openalex_education_1000
W4378904416,post_ai,2023,Social Sciences,19,5.0,0.4210526315789473,3.610917912644224,0.3157894736842105,0.6089860352155434,0.3684210526315789,1.2015591547737916,0.853242416130869,0.3157894736842105,openalex_education_1000
W4378905480,post_ai,2023,Social Sciences,5,3.0,1.0,5.0369526024136295,0.2,0.7924411400247832,0.2,0.5004024235381879,0.8849839568138123,0.2,openalex_education_1000
W4379052590,post_ai,2023,Social Sciences,6,8.5,0.0,1.151292546497023,0.6666666666666666,0.8826530612244898,0.6666666666666666,1.0114042647073516,0.8921309808890024,0.6666666666666666,openalex_education_1000
W4379229193,post_ai,2023,Social Sciences,31,8.0,0.1935483870967742,4.02535169073515,0.1612903225806451,0.8645259772120155,0.2258064516129032,0.8394009137848119,0.8349801494229224,0.1290322580645161,openalex_education_1000
W4379233526,post_ai,2023,Social Sciences,15,7.0,0.2,4.189654742026425,0.1333333333333333,0.7576687116564417,0.6,1.274642625719766,0.8793816645940145,0.1333333333333333,openalex_education_1000
W4379259356,post_ai,2023,Social Sciences,17,7.0,0.2352941176470588,4.532599493153256,0.2352941176470588,0.4689564068692206,0.2941176470588235,0.605797499372304,0.8596215949339026,0.2352941176470588,openalex_education_1000
W4379352425,post_ai,2023,Social Sciences,7,17.0,0.2857142857142857,2.70805020110221,0.4285714285714285,0.9529349263828956,0.4285714285714285,1.15374194270109,0.8180835587637765,0.4285714285714285,openalex_education_1000
W4379468675,post_ai,2023,Social Sciences,4,3.0,0.5,1.4978661367769954,0.75,0.963302752293578,0.75,1.039720770839918,0.8497857451438904,0.75,openalex_education_1000
W4379875911,post_ai,2023,Social Sciences,39,7.0,0.282051282051282,3.332204510175204,0.3846153846153846,0.8722887060583395,0.1282051282051282,0.4471145876314656,0.86926086132343,0.3846153846153846,openalex_education_1000
W4379879923,post_ai,2023,Social Sciences,19,11.0,0.3157894736842105,3.912023005428146,0.2105263157894736,0.93029215786776,0.3157894736842105,0.8246593237664703,0.883752355450078,0.2105263157894736,openalex_education_1000
W4379929455,post_ai,2023,Social Sciences,30,4.0,0.3,5.04442307974379,0.0333333333333333,0.6072401712728688,0.5333333333333333,1.7537489861724007,0.7949064711729685,0.0333333333333333,openalex_education_1000
W4380151818,post_ai,2023,Social Sciences,11,20.0,0.0,7.166265974133638,0.0,0.7695212311199772,0.3636363636363636,1.0335620542068176,0.866336313160983,0.0,openalex_education_1000
W4380182469,post_ai,2023,Social Sciences,43,19.0,0.0465116279069767,5.147494476813453,0.0465116279069767,0.6028925619834711,0.1860465116279069,0.6172992094726831,0.8702708496603855,0.0465116279069767,openalex_education_1000
W4380356579,post_ai,2023,Social Sciences,15,3.0,0.6666666666666666,3.7612001156935615,0.2666666666666666,0.5346534653465347,0.8666666666666667,1.1710598699903711,0.8916634917259216,0.2666666666666666,openalex_education_1000
W4380537051,post_ai,2023,Social Sciences,22,5.5,0.2727272727272727,3.637239779386936,0.2272727272727272,0.7843731072077529,0.0,-0.0,0.9067664688283746,0.2272727272727272,openalex_education_1000
W4381050957,post_ai,2023,Social Sciences,34,9.5,0.1470588235294117,4.609550938822378,0.1176470588235294,0.8501225187150148,0.4411764705882353,0.8594494477843307,0.885318398475647,0.088235294117647,openalex_education_1000
W4381057561,post_ai,2023,Social Sciences,17,7.0,0.1176470588235294,2.6390573296152584,0.3529411764705882,0.5905349794238683,0.5294117647058824,0.8760918930634294,0.8703915336552788,0.3529411764705882,openalex_education_1000
W4381154446,post_ai,2023,Social Sciences,40,10.0,0.075,4.166755354491471,0.3,0.8753938058429597,0.3,1.052915017579088,0.8742620259523392,0.3,openalex_education_1000
W4381165709,post_ai,2023,Social Sciences,16,1.0,0.875,2.1910133173369406,0.625,0.430379746835443,0.625,1.5481155268740174,0.8364972732961178,0.375,openalex_education_1000
W4381284495,post_ai,2023,Social Sciences,11,10.0,0.0909090909090909,5.356586274672012,0.0909090909090909,0.6089096726556732,0.2727272727272727,0.7595473914748635,0.8726136901161887,0.0909090909090909,openalex_education_1000
W4381328021,post_ai,2023,Social Sciences,21,9.0,0.1904761904761904,4.406719247264253,0.0952380952380952,0.7106388329979879,0.3333333333333333,0.9550807986656576,0.898252390679859,0.0952380952380952,openalex_education_1000
W4381435355,post_ai,2023,Social Sciences,2,2.5,0.5,2.393745871391024,0.5,0.55,0.0,-0.0,0.9196700751781464,0.5,openalex_education_1000
W4381550818,post_ai,2023,Social Sciences,36,8.5,0.0277777777777777,4.406049554478669,0.1666666666666666,0.6689271817676486,0.3611111111111111,1.2431517678211472,0.8431001239352756,0.1111111111111111,openalex_education_1000
W4381550970,post_ai,2023,Social Sciences,38,10.0,0.131578947368421,5.161575690022053,0.1578947368421052,0.6802747043113315,0.131578947368421,0.4779314030022261,0.8716298655459755,0.131578947368421,openalex_education_1000
W4381621247,post_ai,2023,Social Sciences,5,8.0,0.2,5.332718793265369,0.2,0.7614213197969543,1.0,0.5004024235381879,0.8518478274345398,0.2,openalex_education_1000
W4381743613,post_ai,2023,Social Sciences,4,7.0,0.5,2.7212088552608966,0.5,0.8688524590163934,0.0,-0.0,0.9178838431835176,0.5,openalex_education_1000
W4381799992,post_ai,2023,Social Sciences,18,7.0,0.2222222222222222,3.2384861814448413,0.4444444444444444,0.7080587177950869,0.7777777777777778,1.6715308017791348,0.8806826240486569,0.4444444444444444,openalex_education_1000
W4381803282,post_ai,2023,Social Sciences,26,6.0,0.2692307692307692,2.6364997792818734,0.4615384615384615,0.4821852731591449,0.3461538461538461,1.1722099058214903,0.8409831042473133,0.3461538461538461,openalex_education_1000
W4381805749,post_ai,2023,Social Sciences,11,6.0,0.0909090909090909,2.4849066497880004,0.4545454545454545,0.8673036093418259,0.4545454545454545,0.9164648855394713,0.8504971861839294,0.3636363636363636,openalex_education_1000
W4381889654,post_ai,2023,Social Sciences,9,4.0,0.2222222222222222,1.9459101490553128,0.6666666666666666,0.4142857142857143,0.6666666666666666,1.310783678099714,0.8755744364526536,0.5555555555555556,openalex_education_1000
W4381946368,post_ai,2023,Social Sciences,26,6.5,0.1923076923076923,2.5249280036247685,0.4230769230769231,0.426525998492841,0.2307692307692307,0.7937300551584247,0.8521563846331376,0.3076923076923077,openalex_education_1000
W4382057469,post_ai,2023,Social Sciences,12,4.0,0.5,3.4282309922972933,0.1666666666666666,0.9251306555173958,0.3333333333333333,1.0986122886681098,0.8203668644030889,0.0833333333333333,openalex_education_1000
W4382196747,post_ai,2023,Social Sciences,35,8.0,0.3428571428571428,4.060443010546419,0.1714285714285714,0.6888739846486326,0.7428571428571429,1.225033230393161,0.8449595093727111,0.1142857142857142,openalex_education_1000
W4382237415,post_ai,2023,Social Sciences,52,4.0,0.4038461538461538,3.039966597547795,0.3653846153846153,0.8659509647468446,0.3461538461538461,1.192334834427819,0.8534315790121372,0.3076923076923077,openalex_education_1000
W4382362518,post_ai,2023,Social Sciences,60,2.0,0.7666666666666667,2.8617925509761903,0.3,0.5042832667047401,0.4,1.1355614884951652,0.7589708755413691,0.0666666666666666,openalex_education_1000
W4382395802,post_ai,2023,Social Sciences,27,9.0,0.2592592592592592,2.8903717578961645,0.2962962962962963,0.8877948066386088,0.7407407407407407,0.7193290272061972,0.8531351575145015,0.2592592592592592,openalex_education_1000
W4382798971,post_ai,2023,Social Sciences,14,5.5,0.3571428571428571,3.107304049211096,0.4285714285714285,0.7777777777777778,0.2857142857142857,0.8953326659680909,0.8851882006440844,0.3571428571428571,openalex_education_1000
W4382813212,post_ai,2023,Social Sciences,40,5.0,0.225,7.990105971797467,0.025,0.4914211568569978,0.9,2.2524384419769685,0.6608404070138931,0.0,openalex_education_1000
W4382892933,post_ai,2023,Social Sciences,7,6.0,0.2857142857142857,1.6094379124341005,0.7142857142857143,0.8714285714285714,0.1428571428571428,0.410116318288409,0.9183179565838404,0.7142857142857143,openalex_education_1000
W4383068224,post_ai,2023,Social Sciences,11,13.0,0.1818181818181818,3.6375861597263857,0.2727272727272727,0.7396694214876033,0.2727272727272727,0.8855741515766717,0.8592523769898848,0.2727272727272727,openalex_education_1000
W4383371250,post_ai,2023,Social Sciences,18,3.0,0.6111111111111112,3.101267758593961,0.3888888888888889,0.6341294565593631,0.6111111111111112,1.0688206728265008,0.8834201693534851,0.3333333333333333,openalex_education_1000
W4383551957,post_ai,2023,Social Sciences,12,6.0,0.3333333333333333,3.0816574020173206,0.4166666666666667,0.991956716720192,0.3333333333333333,0.8239592165010823,0.7816574374834696,0.0,openalex_education_1000
W4383604439,post_ai,2023,Social Sciences,19,3.0,0.5789473684210527,3.367295829986474,0.2105263157894736,0.6061285500747384,0.5263157894736842,1.3653689861332954,0.8565934927839982,0.2105263157894736,openalex_education_1000
W4383743920,post_ai,2023,Social Sciences,56,7.0,0.2142857142857142,4.48863636973214,0.1428571428571428,0.6007406550167804,0.3392857142857143,1.1692167687866808,0.8482664780957359,0.125,openalex_education_1000
W4383988876,post_ai,2023,Social Sciences,30,3.0,0.6,4.042897350640784,0.3,0.5387092926160086,0.5,1.2357414870437706,0.8743990778923034,0.2666666666666666,openalex_education_1000
W4384069045,post_ai,2023,Social Sciences,62,8.5,0.2419354838709677,3.7012257604091214,0.1935483870967742,0.7219810209018173,0.3387096774193548,1.316153473603514,0.8624548498661287,0.1774193548387097,openalex_education_1000
W4384209880,post_ai,2023,Social Sciences,66,12.0,0.0909090909090909,4.369127288263062,0.106060606060606,0.6770064243935181,0.9696969696969696,1.2424208866182478,0.8774991252205588,0.106060606060606,openalex_education_1000
W4384341031,post_ai,2023,Social Sciences,10,9.5,0.1,3.1383217446708223,0.3,0.3528265107212475,0.2,0.639031859650177,0.9132038176059722,0.3,openalex_education_1000
W4384377212,post_ai,2023,Social Sciences,25,3.0,0.64,1.3862943611198906,0.64,0.3782608695652174,1.0,1.231830888711867,0.8889053726196289,0.64,openalex_education_1000
W4384405368,post_ai,2023,Social Sciences,8,5.0,0.25,2.393745871391024,0.5,0.423469387755102,0.125,0.3767701612564367,0.8668373078107834,0.5,openalex_education_1000
W4384406814,post_ai,2023,Social Sciences,58,7.0,0.2586206896551724,4.330646767694997,0.1896551724137931,0.4818315737785416,0.0517241379310344,0.2603856797225244,0.8741345426131939,0.1724137931034483,openalex_education_1000
W4384558689,post_ai,2023,Social Sciences,8,10.5,0.125,5.293026976775943,0.125,0.5832102931870913,0.5,1.2130075659799042,0.8483013212680817,0.0,openalex_education_1000
W4384567103,post_ai,2023,Social Sciences,8,1.5,0.75,2.138333059508028,0.5,0.3837209302325581,0.625,1.0821955300387671,0.7875966429710388,0.375,openalex_education_1000
W4384706422,post_ai,2023,Social Sciences,4,1.0,0.5,1.844439727056968,0.5,0.9921845924823224,0.75,1.039720770839918,0.8620556145906448,0.5,openalex_education_1000
W4384833611,post_ai,2023,Social Sciences,21,4.0,0.4285714285714285,2.833213344056216,0.4285714285714285,0.9759699917946314,0.0,-0.0,0.8514649527413505,0.3333333333333333,openalex_education_1000
W4384913905,post_ai,2023,Social Sciences,20,4.5,0.4,4.895579183781104,0.05,0.8023097826086957,0.7,1.4616359728134236,0.8737055391073227,0.05,openalex_education_1000
W4384930698,post_ai,2023,Social Sciences,32,8.5,0.03125,3.569433499972762,0.1875,0.9042181069958848,0.59375,1.5621771257378283,0.8344066310673952,0.15625,openalex_education_1000
W4384945929,post_ai,2023,Social Sciences,3,4.0,0.3333333333333333,2.5649493574615367,0.3333333333333333,0.6060606060606061,0.3333333333333333,0.6365141682948128,0.8768524924914042,0.3333333333333333,openalex_education_1000
W4385069498,post_ai,2023,Social Sciences,22,0.5,0.8636363636363636,2.2499048351651325,0.6363636363636364,0.3892617449664429,0.0,-0.0,0.8833891342986714,0.6363636363636364,openalex_education_1000
W4385077127,post_ai,2023,Social Sciences,8,6.5,0.25,3.569433499972762,0.375,0.7067448680351907,0.5,0.9743147528693494,0.8719917088747025,0.375,openalex_education_1000
W4385079682,post_ai,2023,Social Sciences,2,1.0,1.0,1.4978661367769954,1.0,0.5714285714285714,0.5,0.6931471805599453,0.8599494993686676,1.0,openalex_education_1000
W4385079808,post_ai,2023,Social Sciences,4,3.0,0.5,1.5222612188617115,0.75,0.9591836734693876,0.25,0.5623351446188083,0.9160443395376204,0.75,openalex_education_1000
W4385217602,post_ai,2023,Social Sciences,2,6.0,0.0,3.1567740231385475,0.0,0.5111111111111111,1.0,-0.0,0.7684257626533508,0.0,openalex_education_1000
W4385274447,post_ai,2023,Social Sciences,12,3.0,0.8333333333333334,3.554939731536136,0.4166666666666667,0.5486381322957199,0.3333333333333333,0.9830877585747856,0.875310073296229,0.4166666666666667,openalex_education_1000
W4385278242,post_ai,2023,Social Sciences,33,3.0,0.5151515151515151,2.5649493574615367,0.4848484848484848,0.9783821194479502,0.1515151515151515,0.5272997580716339,0.8769528053023599,0.4545454545454545,openalex_education_1000
W4385296669,post_ai,2023,Social Sciences,36,10.5,0.2222222222222222,5.227621982452042,0.0833333333333333,0.5140857241617698,0.1388888888888889,0.5349233772048916,0.8713509059614606,0.0833333333333333,openalex_education_1000
W4385305118,post_ai,2023,Social Sciences,4,3.5,0.5,1.5890269151739729,0.5,0.675,0.25,0.5623351446188083,0.9172250926494598,0.5,openalex_education_1000
W4385352102,post_ai,2023,Social Sciences,24,7.5,0.25,3.9122229654388097,0.2916666666666667,0.8393782383419689,0.5,1.4658586321567422,0.8487005283435186,0.25,openalex_education_1000
W4385379607,post_ai,2023,Social Sciences,11,3.0,0.6363636363636364,2.4849066497880004,0.4545454545454545,0.5472636815920398,0.4545454545454545,0.9164648855394713,0.81678814237768,0.3636363636363636,openalex_education_1000
W4385405600,post_ai,2023,Social Sciences,18,8.0,0.1111111111111111,3.903958314463204,0.1666666666666666,0.7382884061763936,0.5555555555555556,1.3689223607402192,0.8775500224696265,0.1111111111111111,openalex_education_1000
W4385453791,post_ai,2023,Social Sciences,8,5.0,0.375,3.4578617243156566,0.25,0.9712020413742825,0.875,1.4941751382893085,0.8374784737825394,0.25,openalex_education_1000
W4385521226,post_ai,2023,Social Sciences,11,0.0,0.9090909090909092,2.70805020110221,0.3636363636363636,0.5176991150442478,0.0,-0.0,0.8658324642614885,0.3636363636363636,openalex_education_1000
W4385553953,post_ai,2023,Social Sciences,2,3.0,0.5,0.3465735902799726,1.0,1.0,1.0,-0.0,0.9302897751331328,1.0,openalex_education_1000
W4385597372,post_ai,2023,Social Sciences,6,3.0,0.8333333333333334,2.2386684072391034,0.5,0.4769230769230769,0.1666666666666666,0.4505612088663046,0.869329184293747,0.3333333333333333,openalex_education_1000
W4385606158,post_ai,2023,Social Sciences,1,0.0,1.0,0.0,1.0,,0.0,-0.0,1.0,1.0,openalex_education_1000
W4385622602,post_ai,2023,Social Sciences,8,6.0,0.0,3.278389178079021,0.0,0.8837700396483364,0.125,0.3767701612564367,0.8561230897903442,0.0,openalex_education_1000
W4385629616,post_ai,2023,Social Sciences,10,5.5,0.3,3.015342630130632,0.3,0.4811320754716981,0.7,1.2798542258336674,0.8686674118041993,0.3,openalex_education_1000
W4385644827,post_ai,2023,Social Sciences,24,8.0,0.0,3.6622449896742655,0.25,0.9273787928759896,0.25,0.894750481832498,0.8839014718929926,0.2083333333333333,openalex_education_1000
W4385702273,post_ai,2023,Social Sciences,10,1.5,0.9,2.908555579981602,0.2,0.2927927927927928,0.5,1.3592367006650063,0.8929040431976318,0.2,openalex_education_1000
W4385729964,post_ai,2023,Social Sciences,41,7.0,0.2439024390243902,2.8903717578961645,0.3902439024390244,0.963200550740057,0.2682926829268293,0.8933699092283389,0.8680404148450712,0.3902439024390244,openalex_education_1000
W4385741885,post_ai,2023,Social Sciences,12,1.0,1.0,2.470821211304652,0.5,0.7375690607734806,0.0833333333333333,0.2868359830561607,0.8917943636576334,0.5,openalex_education_1000
W4385809713,post_ai,2023,Social Sciences,24,11.0,0.0416666666666666,4.110336085148626,0.0416666666666666,0.8050296285590404,0.4166666666666667,1.5230791913123871,0.8567924052476883,0.0416666666666666,openalex_education_1000
W4385816147,post_ai,2023,Social Sciences,4,1.5,0.75,2.372466064181625,0.5,0.5645161290322581,0.25,0.5623351446188083,0.908010721206665,0.5,openalex_education_1000
W4385835668,post_ai,2023,Social Sciences,18,2.5,0.7777777777777778,3.686059014168893,0.2222222222222222,0.7121107266435986,0.2777777777777778,0.9608919796672832,0.8733130925231509,0.1666666666666666,openalex_education_1000
W4385875105,post_ai,2023,Social Sciences,16,3.5,0.5,2.9540414690844656,0.4375,0.8962703962703963,0.3125,0.7774621319109288,0.8337791934609413,0.375,openalex_education_1000
W4385955051,post_ai,2023,Social Sciences,22,4.0,0.3636363636363636,4.56091848669239,0.1363636363636363,0.8033345486159801,0.2272727272727272,0.8387278529003357,0.8961377712813291,0.1363636363636363,openalex_education_1000
W4385973845,post_ai,2023,Social Sciences,7,2.0,0.7142857142857143,2.19722457733622,0.5714285714285714,0.8241106719367589,0.1428571428571428,0.410116318288409,0.8506556068147931,0.5714285714285714,openalex_education_1000
W4386009761,post_ai,2023,Social Sciences,4,2.5,0.5,1.7005986908310775,0.75,0.999513665985799,0.25,0.5623351446188083,0.802161231637001,0.75,openalex_education_1000
W4386048015,post_ai,2023,Social Sciences,5,1.0,1.0,1.6094379124341005,0.6,0.4166666666666667,0.8,1.3321790402101223,0.8128658175468445,0.4,openalex_education_1000
W4386058001,post_ai,2023,Social Sciences,1,3.0,1.0,3.784189633918261,0.0,1.0,0.0,-0.0,0.8135150671005249,0.0,openalex_education_1000
W4386107378,post_ai,2023,Social Sciences,35,8.0,0.3714285714285714,3.8918202981106265,0.1142857142857142,0.7348866498740554,0.4285714285714285,1.1471602520655468,0.7867274131093707,0.0,openalex_education_1000
W4386265166,post_ai,2023,Social Sciences,36,11.0,0.1111111111111111,4.969789186340241,0.1388888888888889,0.7752871952927991,0.3333333333333333,0.7321261626468664,0.8676097376479043,0.1388888888888889,openalex_education_1000
W4386285770,post_ai,2023,Social Sciences,21,9.0,0.238095238095238,3.912023005428146,0.1904761904761904,0.91347212753684,0.0952380952380952,0.3805062184775959,0.8558769481522697,0.1904761904761904,openalex_education_1000
W4386314121,post_ai,2023,Social Sciences,4,2.5,0.75,4.530223641200783,0.25,0.6267748478701826,0.75,1.039720770839918,0.8320604264736176,0.25,openalex_education_1000
W4386330063,post_ai,2023,Social Sciences,28,11.0,0.0714285714285714,3.36670094591868,0.1428571428571428,0.826044226044226,0.6785714285714286,1.175212574012378,0.8595145855631147,0.1428571428571428,openalex_education_1000
W4386525206,post_ai,2023,Social Sciences,8,1.0,0.875,1.6094379124341005,0.75,0.6923076923076923,0.125,0.3767701612564367,0.8480089455842972,0.625,openalex_education_1000
W4386587804,post_ai,2023,Social Sciences,3,7.0,0.3333333333333333,1.0986122886681098,1.0,0.5555555555555556,0.3333333333333333,0.6365141682948128,0.7786191701889038,0.0,openalex_education_1000
W4386715767,post_ai,2023,Social Sciences,6,14.0,0.0,5.551198781259801,0.1666666666666666,0.7579878748156644,0.3333333333333333,0.8675632284814612,0.83216526110967,0.1666666666666666,openalex_education_1000
W4386749253,post_ai,2023,Social Sciences,11,7.0,0.1818181818181818,3.295836866004329,0.2727272727272727,0.9665883581310364,0.0909090909090909,0.3046360973492381,0.8744706294753335,0.2727272727272727,openalex_education_1000
W4386885753,post_ai,2023,Social Sciences,31,4.0,0.4516129032258064,1.791759469228055,0.5483870967741935,0.7341001353179973,0.3548387096774194,1.2439028959622958,0.8734381102746532,0.5483870967741935,openalex_education_1000
W4386892071,post_ai,2023,Social Sciences,33,10.0,0.2424242424242424,4.718498871295094,0.1818181818181818,0.8656576707287821,0.4848484848484848,1.2855506722029453,0.850440319740411,0.1818181818181818,openalex_education_1000
W4386928078,post_ai,2023,Social Sciences,22,4.0,0.4545454545454545,3.36670094591868,0.3636363636363636,0.9216291863719718,0.6818181818181818,1.486954651133548,0.857070576060902,0.2727272727272727,openalex_education_1000
W4386932687,post_ai,2023,Social Sciences,9,13.0,0.1111111111111111,6.045005314036012,0.0,0.4431336963097398,0.6666666666666666,1.2148896539491203,0.8638086120287577,0.0,openalex_education_1000
W4386976450,post_ai,2023,Social Sciences,14,5.0,0.1428571428571428,3.877240773735192,0.2857142857142857,0.6581717451523545,0.1428571428571428,0.410116318288409,0.9047967450959342,0.2857142857142857,openalex_education_1000
W4386983070,post_ai,2023,Social Sciences,19,9.0,0.2105263157894736,3.218875824868201,0.3157894736842105,0.7318999561211057,0.8421052631578947,1.298418156660238,0.8964681029319763,0.3157894736842105,openalex_education_1000
W4386995579,post_ai,2023,Social Sciences,3,9.0,0.0,3.332204510175204,0.3333333333333333,0.8255813953488372,0.3333333333333333,0.6365141682948128,0.8479454318682352,0.3333333333333333,openalex_education_1000
W4387022699,post_ai,2023,Social Sciences,18,7.0,0.3333333333333333,2.6390573296152584,0.3888888888888889,0.7147918511957484,0.7222222222222222,0.5908422462755826,0.8909792535834842,0.3888888888888889,openalex_education_1000
W4387064623,post_ai,2023,Social Sciences,14,3.0,0.7142857142857143,2.4414009612931853,0.5,0.7534883720930232,0.5,1.0346012329101812,0.8589868247509003,0.5,openalex_education_1000
W4387092990,post_ai,2023,Social Sciences,22,14.0,0.0454545454545454,4.441542762202289,0.0454545454545454,0.5354546412390686,0.1363636363636363,0.3983071138052841,0.8908537246964194,0.0454545454545454,openalex_education_1000
W4387106577,post_ai,2023,Social Sciences,16,4.0,0.4375,3.323195257423865,0.3125,0.929892577336241,0.5625,1.488036044178116,0.844776026904583,0.25,openalex_education_1000
W4387116829,post_ai,2023,Social Sciences,46,7.5,0.1521739130434782,3.2769667020129054,0.2826086956521739,0.7349533476878909,0.0652173913043478,0.3127369405146779,0.8625452635080918,0.2391304347826087,openalex_education_1000
W4387130764,post_ai,2023,Social Sciences,37,3.5,0.4864864864864865,3.4657359027997265,0.2702702702702703,0.810215818440418,0.7297297297297297,1.721908774413183,0.868596067299714,0.2702702702702703,openalex_education_1000
W4387139524,post_ai,2023,Social Sciences,44,9.0,0.2272727272727272,4.404035077382269,0.1818181818181818,0.9327038312581212,0.3181818181818182,0.9103699352608746,0.8464937900955026,0.1818181818181818,openalex_education_1000
W4387222417,post_ai,2023,Social Sciences,58,10.0,0.2068965517241379,4.808402490208716,0.1206896551724138,0.5670490373649963,0.896551724137931,1.055287329072686,0.8750753145793388,0.1034482758620689,openalex_education_1000
W4387269803,post_ai,2023,Social Sciences,11,3.0,0.5454545454545454,2.6390573296152584,0.4545454545454545,0.5350877192982456,0.0909090909090909,0.3046360973492381,0.8762973167679526,0.3636363636363636,openalex_education_1000
W4387371053,post_ai,2023,Social Sciences,23,4.0,0.4782608695652174,4.04305126783455,0.217391304347826,0.6438275251033668,0.391304347826087,1.242516983467311,0.8236754044242527,0.217391304347826,openalex_education_1000
W4387389225,post_ai,2023,Social Sciences,13,5.0,0.3846153846153846,2.5649493574615367,0.3076923076923077,0.6431372549019608,0.3846153846153846,1.2852930241200995,0.8693326757504389,0.3076923076923077,openalex_education_1000
W4387396291,post_ai,2023,Social Sciences,5,5.0,0.4,1.9459101490553128,0.6,0.8973509933774835,0.0,-0.0,0.8794880390167237,0.6,openalex_education_1000
W4387408392,post_ai,2023,Social Sciences,14,6.5,0.2857142857142857,5.423735634713516,0.0714285714285714,0.7243017843289372,0.0714285714285714,0.2573186405438316,0.8121715613773891,0.0714285714285714,openalex_education_1000
W4387463846,post_ai,2023,Social Sciences,1,2.0,1.0,0.6931471805599453,1.0,1.0,0.0,-0.0,0.9227131605148317,1.0,openalex_education_1000
W4387645110,post_ai,2023,Social Sciences,3,1.0,0.6666666666666666,2.079441541679836,0.6666666666666666,0.9324324324324323,0.3333333333333333,0.6365141682948128,0.8542549014091492,0.6666666666666666,openalex_education_1000
W4387665103,post_ai,2023,Social Sciences,20,14.0,0.0,5.073922250124768,0.2,0.7202122326203209,0.65,1.4702535277519115,0.8857157498598098,0.2,openalex_education_1000
W4387679003,post_ai,2023,Social Sciences,3,3.0,0.6666666666666666,1.791759469228055,0.6666666666666666,0.7142857142857143,0.6666666666666666,1.0986122886681096,0.8679646054903666,0.6666666666666666,openalex_education_1000
W4387850289,post_ai,2023,Social Sciences,30,4.0,0.4666666666666667,3.610552549091248,0.3,0.9320593080724876,0.5666666666666667,1.3180714359947607,0.8532518009344737,0.3,openalex_education_1000
W4387859286,post_ai,2023,Social Sciences,4,19.0,0.0,7.931877624516786,0.0,0.5906477213325096,0.75,1.3862943611198906,0.834975004196167,0.0,openalex_education_1000
W4387876663,post_ai,2023,Social Sciences,48,9.0,0.1875,4.59511985013459,0.2083333333333333,0.7320517850137309,0.4375,0.904522232046063,0.8686186149716377,0.1041666666666666,openalex_education_1000
W4387894485,post_ai,2023,Social Sciences,31,9.0,0.1612903225806451,4.624972813284271,0.064516129032258,0.883892677406867,0.0967741935483871,0.4242540985204459,0.8584648428424713,0.064516129032258,openalex_education_1000
W4387972840,post_ai,2023,Social Sciences,25,4.0,0.48,3.044522437723423,0.4,0.8687990870645096,0.28,0.9505229100979934,0.8220142841339111,0.16,openalex_education_1000
W4387982954,post_ai,2023,Social Sciences,4,2.0,1.0,3.31136816197492,0.25,0.5277777777777778,0.5,1.039720770839918,0.8249348551034927,0.25,openalex_education_1000
W4388016955,post_ai,2023,Social Sciences,29,5.5,0.3793103448275862,5.68697535633982,0.1034482758620689,0.6303925776061144,0.5517241379310345,1.2601412089898554,0.842965919395973,0.0689655172413793,openalex_education_1000
W4388025383,post_ai,2023,Social Sciences,11,13.0,0.2727272727272727,3.951243718581428,0.1818181818181818,0.7503018594542381,0.5454545454545454,1.2406842919533958,0.8532080325213346,0.1818181818181818,openalex_education_1000
W4388051019,post_ai,2023,Social Sciences,5,4.0,0.4,3.295836866004329,0.2,0.3,0.0,-0.0,0.813189959526062,0.0,openalex_education_1000
W4388082444,post_ai,2023,Social Sciences,13,3.0,0.5384615384615384,1.3862943611198906,0.7692307692307693,0.6694214876033058,0.7692307692307693,1.3322449224385329,0.9286466882779048,0.7692307692307693,openalex_education_1000
W4388098352,post_ai,2023,Social Sciences,16,4.5,0.375,2.928966577241729,0.4375,0.7287275565964091,0.1875,0.6885673693022827,0.8878679312765598,0.4375,openalex_education_1000
W4388099010,post_ai,2023,Social Sciences,26,3.5,0.5,2.6020033435383976,0.4230769230769231,0.887549074593382,0.3461538461538461,1.0655718780430372,0.848260386632039,0.3846153846153846,openalex_education_1000
W4388179162,post_ai,2023,Social Sciences,72,2.0,0.7361111111111112,2.833213344056216,0.4583333333333333,0.9797476716622842,0.5138888888888888,1.669682442709793,0.8593613811665111,0.4305555555555556,openalex_education_1000
W4388193350,post_ai,2023,Social Sciences,8,4.0,0.375,3.1032879633624635,0.375,0.6586826347305389,0.25,0.7356219397587946,0.9369030818343164,0.375,openalex_education_1000
W4388206319,post_ai,2023,Social Sciences,48,7.0,0.2708333333333333,2.5249280036247685,0.4791666666666667,0.9000649456080533,0.2291666666666666,0.90359732177622,0.8669063225388527,0.4583333333333333,openalex_education_1000
W4388206775,post_ai,2023,Social Sciences,11,4.0,0.4545454545454545,3.970291913552122,0.0909090909090909,0.4628224582701062,0.1818181818181818,0.4741393130578373,0.9126655730334196,0.0909090909090909,openalex_education_1000
W4388246067,post_ai,2023,Social Sciences,14,3.0,0.5714285714285714,1.3862943611198906,0.7142857142857143,0.6666666666666666,0.4285714285714285,1.252762968495368,0.7907513039452689,0.2142857142857142,openalex_education_1000
W4388293207,post_ai,2023,Social Sciences,14,9.0,0.2142857142857142,4.093788697795755,0.2142857142857142,0.8992044101985842,0.4285714285714285,1.351783994289646,0.8623685836791992,0.1428571428571428,openalex_education_1000
W4388293249,post_ai,2023,Social Sciences,17,3.0,0.5294117647058824,2.6390573296152584,0.4705882352941176,0.9762755466628557,0.5882352941176471,1.3180238017106036,0.8659340423696181,0.4117647058823529,openalex_education_1000
W4388293538,post_ai,2023,Social Sciences,10,8.0,0.4,1.2424533248940002,0.7,0.6903225806451613,0.3,0.6108643020548935,0.832112330198288,0.7,openalex_education_1000
W4388301391,post_ai,2023,Social Sciences,34,4.0,0.3823529411764705,3.92231632223234,0.2352941176470588,0.5817662461318733,0.5882352941176471,1.0368263468339387,0.910421509953106,0.2352941176470588,openalex_education_1000
W4388302853,post_ai,2023,Social Sciences,16,3.5,0.5,3.7273599746820008,0.1875,0.5705086928525435,0.1875,0.6885673693022827,0.8939184583723545,0.1875,openalex_education_1000
W4388339782,post_ai,2023,Social Sciences,7,2.0,0.8571428571428571,4.442651256490317,0.0,0.4583963691376702,1.0,1.5498260458782016,0.7674473353794643,0.0,openalex_education_1000
W4388380849,post_ai,2023,Social Sciences,8,6.0,0.25,3.2896256060050506,0.375,0.4604651162790698,0.0,-0.0,0.8231927901506424,0.375,openalex_education_1000
W4388414810,post_ai,2023,Social Sciences,5,3.5,0.4,3.1354942159291497,0.4,0.8240740740740741,0.4,0.6730116670092565,0.9004725575447082,0.4,openalex_education_1000
W4388421307,post_ai,2023,Social Sciences,51,10.0,0.0784313725490196,4.969813299576001,0.0784313725490196,0.5651809725344972,0.6470588235294118,1.470305085253947,0.8553193515422297,0.0784313725490196,openalex_education_1000
W4388426501,post_ai,2023,Social Sciences,30,22.5,0.0666666666666666,5.861277049919043,0.0333333333333333,0.6137734665315381,0.1333333333333333,0.4676524865100599,0.8612849791844686,0.0333333333333333,openalex_education_1000
W4388450783,post_ai,2023,Social Sciences,4,10.0,0.0,5.836960617524715,0.25,0.6550239234449761,0.25,0.5623351446188083,0.795731395483017,0.25,openalex_education_1000
W4388459915,post_ai,2023,Social Sciences,49,8.0,0.2653061224489796,4.158883083359672,0.2040816326530612,0.908988992170052,0.2653061224489796,1.1351854537705437,0.8918518387541479,0.2040816326530612,openalex_education_1000
W4388469506,post_ai,2023,Social Sciences,45,9.0,0.1555555555555555,3.4011973816621555,0.2888888888888888,0.9773969657883422,0.3111111111111111,1.1829467926200263,0.8816487895117866,0.2888888888888888,openalex_education_1000
W4388493260,post_ai,2023,Social Sciences,16,2.0,0.875,1.791759469228055,0.625,0.4903846153846153,0.5625,1.249343231067561,0.8453338444232941,0.5625,openalex_education_1000
W4388510119,post_ai,2023,Social Sciences,10,2.0,1.0,0.3465735902799726,1.0,0.5882352941176471,0.1,0.3250829733914482,0.9033604979515076,1.0,openalex_education_1000
W4388510732,post_ai,2023,Social Sciences,19,5.0,0.3684210526315789,2.079441541679836,0.631578947368421,0.8233540372670808,0.5263157894736842,1.1137712633489112,0.864158244509446,0.631578947368421,openalex_education_1000
W4388532293,post_ai,2023,Social Sciences,18,8.0,0.2222222222222222,3.9810336543768337,0.2777777777777778,0.7449560269011899,0.2222222222222222,0.760755259244303,0.8679826226499345,0.2777777777777778,openalex_education_1000
W4388605050,post_ai,2023,Social Sciences,19,6.0,0.2631578947368421,2.9444389791664403,0.4210526315789473,0.4778625954198473,0.5789473684210527,1.2112144216250418,0.8732828999820509,0.3684210526315789,openalex_education_1000
W4388635724,post_ai,2023,Social Sciences,16,4.5,0.3125,2.772588722239781,0.4375,0.9872438310330406,0.125,0.46341355882643,0.9186101853847504,0.375,openalex_education_1000
W4388637074,post_ai,2023,Social Sciences,41,7.0,0.1951219512195122,3.828641396489095,0.1707317073170731,0.97916553083112,0.3902439024390244,1.1970878339387512,0.8517393368046459,0.1219512195121951,openalex_education_1000
W4388669459,post_ai,2023,Social Sciences,15,4.0,0.4666666666666667,2.833213344056216,0.4,0.9822822189411516,0.6,1.6216679171123505,0.8251300017038982,0.4,openalex_education_1000
W4388697853,post_ai,2023,Social Sciences,24,8.5,0.25,3.026044584462208,0.4166666666666667,0.8388679032530868,0.3333333333333333,0.961285752584596,0.861626664797465,0.375,openalex_education_1000
W4388715135,post_ai,2023,Social Sciences,15,9.0,0.3333333333333333,1.3862943611198906,0.6,0.9924715802153128,0.0,-0.0,0.8974374055862426,0.6,openalex_education_1000
W4388716741,post_ai,2023,Social Sciences,2,4.0,0.5,4.065912392503598,0.0,0.9081632653061223,0.5,0.6931471805599453,0.8021295666694641,0.0,openalex_education_1000
W4388730639,post_ai,2023,Social Sciences,18,7.5,0.2222222222222222,4.159858693425303,0.1666666666666666,0.9651554147693526,0.1111111111111111,0.3488320958430319,0.8502420153882768,0.1666666666666666,openalex_education_1000
W4388731600,post_ai,2023,Social Sciences,15,3.0,0.6666666666666666,1.3862943611198906,0.6666666666666666,0.3469387755102041,0.4666666666666667,0.6909233093138181,0.867129389444987,0.5333333333333333,openalex_education_1000
W4388735616,post_ai,2023,Social Sciences,10,10.0,0.0,4.606767631436351,0.1,0.7186653666991658,0.6,1.2798542258336674,0.8475925922393799,0.1,openalex_education_1000
W4388767120,post_ai,2023,Social Sciences,6,3.0,0.5,3.257356345436265,0.1666666666666666,0.5275590551181102,0.3333333333333333,0.8675632284814612,0.8396340608596802,0.1666666666666666,openalex_education_1000
W4388783488,post_ai,2023,Social Sciences,14,3.0,0.5714285714285714,1.4978661367769954,0.6428571428571429,0.6067864271457086,0.7857142857142857,1.6731183626432509,0.8625620518411908,0.5714285714285714,openalex_education_1000
W4388798432,post_ai,2023,Social Sciences,11,5.0,0.3636363636363636,2.079441541679836,0.6363636363636364,0.98456709390531,0.0909090909090909,0.3046360973492381,0.8524929122491316,0.4545454545454545,openalex_education_1000
W4388879895,post_ai,2023,Social Sciences,10,19.0,0.2,4.482986592105173,0.2,0.3825071496663489,0.2,0.5004024235381879,0.9173531115055084,0.2,openalex_education_1000
W4388932212,post_ai,2023,Social Sciences,7,4.0,0.4285714285714285,2.302585092994046,0.7142857142857143,0.4153846153846154,0.8571428571428571,0.7963116401738131,0.8965447289603097,0.7142857142857143,openalex_education_1000
W4388933056,post_ai,2023,Social Sciences,10,3.0,0.6,3.0677824455408693,0.3,0.6436781609195402,0.0,-0.0,0.8731665074825287,0.3,openalex_education_1000
W4388972240,post_ai,2023,Social Sciences,13,3.0,0.6153846153846154,2.995732273553991,0.4615384615384615,0.7549701789264414,0.0769230769230769,0.2711893730418441,0.8547017115813035,0.4615384615384615,openalex_education_1000
W4388973904,post_ai,2023,Social Sciences,11,1.0,0.7272727272727273,3.8918202981106265,0.2727272727272727,0.9462047353760444,0.3636363636363636,0.8599672810355049,0.8148843158375133,0.0909090909090909,openalex_education_1000
W4388997734,post_ai,2023,Social Sciences,30,4.5,0.4666666666666667,3.772166054026844,0.3,0.4900596421471173,0.4666666666666667,1.3330824424353458,0.8280606826146444,0.2333333333333333,openalex_education_1000
W4389005280,post_ai,2023,Social Sciences,13,17.0,0.1538461538461538,4.691347882229144,0.2307692307692307,0.5460009246417014,0.3846153846153846,0.8587409130062867,0.8159065384131211,0.2307692307692307,openalex_education_1000
W4389078513,post_ai,2023,Social Sciences,36,5.0,0.4166666666666667,3.4396779022302195,0.2777777777777778,0.6648423357049635,0.0833333333333333,0.2868359830561607,0.8732943700419532,0.2777777777777778,openalex_education_1000
W4389134921,post_ai,2023,Social Sciences,8,14.0,0.25,2.4849066497880004,0.5,0.4150197628458498,0.25,0.7356219397587946,0.870609924197197,0.5,openalex_education_1000
W4389146701,post_ai,2023,Social Sciences,13,4.0,0.4615384615384615,2.079441541679836,0.6153846153846154,0.4720812182741117,0.3846153846153846,0.9251290835720823,0.8506861008130587,0.5384615384615384,openalex_education_1000
W4389153263,post_ai,2023,Social Sciences,24,9.5,0.0416666666666666,3.7800402325109137,0.125,0.8627101375445746,0.6666666666666666,1.236684869140504,0.8370673979322115,0.0833333333333333,openalex_education_1000
W4389175090,post_ai,2023,Social Sciences,3,5.0,0.3333333333333333,3.367295829986474,0.3333333333333333,0.71900826446281,0.0,-0.0,0.844030479590098,0.3333333333333333,openalex_education_1000
W4389209641,post_ai,2023,Social Sciences,6,4.0,0.1666666666666666,2.943052015725078,0.3333333333333333,0.559748427672956,0.8333333333333334,1.242453324894,0.8799042503039042,0.3333333333333333,openalex_education_1000
W4389240157,post_ai,2023,Social Sciences,24,5.0,0.2916666666666667,4.006671590693336,0.1666666666666666,0.694151212553495,0.7083333333333334,1.0132843295512497,0.8770172223448753,0.125,openalex_education_1000
W4389244690,post_ai,2023,Social Sciences,88,7.0,0.25,3.2769667020129054,0.3068181818181818,0.7573681489141675,0.1818181818181818,0.814766901704122,0.8545286946675994,0.2613636363636363,openalex_education_1000
W4389265815,post_ai,2023,Social Sciences,8,7.5,0.125,2.962127898707266,0.125,0.4677871148459384,0.25,0.5623351446188083,0.8413737192749977,0.125,openalex_education_1000
W4389385097,post_ai,2023,Social Sciences,31,4.0,0.4838709677419355,3.044522437723423,0.2258064516129032,0.8956568268973513,0.5161290322580645,1.2261496633648357,0.8187931045409171,0.1935483870967742,openalex_education_1000
W4389431894,post_ai,2023,Social Sciences,5,5.0,0.4,3.044522437723423,0.4,0.5941422594142259,0.8,0.9502705392332348,0.8877562880516052,0.4,openalex_education_1000
W4389443705,post_ai,2023,Social Sciences,3,11.0,0.3333333333333333,0.0,0.6666666666666666,1.0,0.3333333333333333,0.6365141682948128,0.8935400644938151,0.6666666666666666,openalex_education_1000
W4389461720,post_ai,2023,Social Sciences,5,9.0,0.2,2.4849066497880004,0.4,0.9166666666666666,0.4,0.6730116670092565,0.8534779906272888,0.2,openalex_education_1000
W4389481398,post_ai,2023,Social Sciences,42,10.0,0.0476190476190476,5.065351401610196,0.0476190476190476,0.892677187507993,0.8095238095238095,1.392881433211329,0.8514158569631123,0.0476190476190476,openalex_education_1000
W4389526328,post_ai,2023,Social Sciences,4,3.0,0.5,1.7776740307447068,0.75,0.7727272727272727,0.0,-0.0,0.9112062603235244,0.75,openalex_education_1000
W4389569197,post_ai,2023,Social Sciences,1,0.0,1.0,0.0,1.0,,0.0,-0.0,0.9999998807907104,1.0,openalex_education_1000
W4389614076,post_ai,2023,Social Sciences,5,4.0,0.2,2.833213344056216,0.0,0.9881387675020066,0.2,0.5004024235381879,0.8647347331047058,0.0,openalex_education_1000
W4389648569,post_ai,2023,Social Sciences,25,6.0,0.44,2.4849066497880004,0.48,0.8022994952327538,0.4,1.3513086806771104,0.8441822719573975,0.36,openalex_education_1000
W4389669434,post_ai,2023,Social Sciences,17,6.0,0.4117647058823529,3.58351893845611,0.3529411764705882,0.6618768848678375,0.4705882352941176,1.2622431674900143,0.869867156533634,0.3529411764705882,openalex_education_1000
W4389673076,post_ai,2023,Social Sciences,35,3.0,0.5428571428571428,3.784189633918261,0.2285714285714285,0.8348746305653542,0.3142857142857143,1.0124162695566874,0.8939402205603463,0.2285714285714285,openalex_education_1000
W4389682652,post_ai,2023,Social Sciences,17,3.0,0.5294117647058824,1.791759469228055,0.7058823529411765,0.3741007194244604,0.7647058823529411,1.152564616149156,0.9036433276008156,0.7058823529411765,openalex_education_1000
W4389744273,post_ai,2023,Social Sciences,4,4.0,0.25,3.2430803944720443,0.25,0.4912280701754385,0.0,-0.0,0.9050688445568084,0.25,openalex_education_1000
W4389744566,post_ai,2023,Social Sciences,5,3.0,0.6,2.19722457733622,0.6,0.7011494252873564,0.0,-0.0,0.9143091440200806,0.6,openalex_education_1000
W4389832426,post_ai,2023,Social Sciences,16,3.0,0.75,4.7363523182218366,0.125,0.705450591273617,0.375,0.6615632381579821,0.8911878615617752,0.125,openalex_education_1000
W4389836463,post_ai,2023,Social Sciences,32,14.0,0.1875,5.448832411533678,0.125,0.8628287052721346,0.8125,1.0841615362082355,0.8461167626082897,0.09375,openalex_education_1000
W4389870978,post_ai,2023,Social Sciences,34,5.0,0.2941176470588235,3.0546237913821823,0.3529411764705882,0.8877034163164134,0.4411764705882353,1.554751833642,0.8938913362867692,0.3529411764705882,openalex_education_1000
W4389893353,post_ai,2023,Social Sciences,47,8.0,0.1914893617021276,3.8501476017100575,0.2340425531914893,0.5070359281437126,0.1063829787234042,0.4399782222652544,0.8383985694418562,0.1489361702127659,openalex_education_1000
W4389895828,post_ai,2023,Social Sciences,11,5.0,0.4545454545454545,3.1780538303479458,0.2727272727272727,0.6226880394574599,0.2727272727272727,0.8855741515766717,0.840645199472254,0.2727272727272727,openalex_education_1000
W4389991223,post_ai,2023,Social Sciences,13,3.0,0.7692307692307693,5.147494476813453,0.0,0.6871713342301577,0.4615384615384615,0.8981370031878679,0.8447167185636667,0.0,openalex_education_1000
W4390022494,post_ai,2023,Social Sciences,13,2.0,0.8461538461538461,2.302585092994046,0.5384615384615384,0.4383954154727794,0.4615384615384615,1.2636256721237276,0.8408072178180401,0.4615384615384615,openalex_education_1000
W4390052333,post_ai,2023,Social Sciences,6,12.5,0.0,0.8047189562170501,0.8333333333333334,0.6875,0.8333333333333334,0.8675632284814612,0.8253108660380045,0.8333333333333334,openalex_education_1000
W4390100854,post_ai,2023,Social Sciences,58,4.0,0.396551724137931,4.060443010546419,0.2241379310344827,0.4645153747223196,0.293103448275862,0.9576078917198452,0.842251050061193,0.1896551724137931,openalex_education_1000
W4390129481,post_ai,2023,Social Sciences,4,0.0,0.75,0.5493061443340549,0.75,0.96,0.0,-0.0,0.9043937176465988,0.75,openalex_education_1000
W4390142485,post_ai,2023,Social Sciences,14,13.0,0.2142857142857142,3.951058773138224,0.2142857142857142,0.8630395768395202,0.1428571428571428,0.509137344082687,0.85671580689294,0.2142857142857142,openalex_education_1000
W4390197161,post_ai,2023,Social Sciences,29,12.0,0.1034482758620689,4.727387818712341,0.1034482758620689,0.386831965153292,0.3448275862068966,0.8762587657102581,0.8539842983772015,0.1034482758620689,openalex_education_1000
W4390203005,post_ai,2023,Social Sciences,13,1.0,0.6153846153846154,2.302585092994046,0.6153846153846154,0.974774096385542,0.3076923076923077,0.9371558530657008,0.8585787048706641,0.6153846153846154,openalex_education_1000
W4390267569,post_ai,2023,Social Sciences,56,9.0,0.25,4.510799123689653,0.1428571428571428,0.6783741120757696,0.25,0.8414269134411425,0.8689823469945362,0.1428571428571428,openalex_education_1000
W4390281974,post_ai,2023,Social Sciences,50,2.0,0.84,1.7005986908310775,0.66,0.5095447870778267,0.52,1.7313788569707955,0.8072695231437683,0.42,openalex_education_1000
W4390339035,post_ai,2023,Social Sciences,13,11.0,0.0,2.9444389791664403,0.1538461538461538,0.94179071317485,0.6153846153846154,1.5857708352080968,0.8661472476445712,0.1538461538461538,openalex_education_1000
W4390351367,post_ai,2023,Social Sciences,20,6.0,0.15,2.297559925067296,0.55,0.2872340425531915,0.6,1.3592367006650063,0.8767933964729309,0.5,openalex_education_1000
W4390352023,post_ai,2023,Social Sciences,7,15.0,0.0,8.647519453091812,0.0,0.3197987421383648,0.4285714285714285,0.9556998911125344,0.8533837710108075,0.0,openalex_education_1000
W4390352537,post_ai,2023,Social Sciences,7,3.0,0.8571428571428571,1.3862943611198906,0.8571428571428571,0.7402597402597403,0.0,-0.0,0.8703953538622174,0.8571428571428571,openalex_education_1000
W4390353355,post_ai,2023,Social Sciences,11,4.0,0.4545454545454545,2.8903717578961645,0.1818181818181818,0.3586497890295358,0.0909090909090909,0.3046360973492381,0.8589865294369784,0.1818181818181818,openalex_education_1000
W4390353556,post_ai,2023,Social Sciences,6,3.5,0.5,3.2769667020129054,0.0,0.2625,0.0,-0.0,0.9044152597586314,0.0,openalex_education_1000
W4390398038,post_ai,2023,Social Sciences,7,10.0,0.0,6.437751649736401,0.2857142857142857,0.5159508618226836,0.2857142857142857,0.5982695885852573,0.8557945149285453,0.2857142857142857,openalex_education_1000
W4390402257,post_ai,2023,Social Sciences,12,3.0,0.8333333333333334,4.653733541353453,0.25,0.6093247588424437,0.4166666666666667,1.2342678660790765,0.8855420996745428,0.1666666666666666,openalex_education_1000
W4390403523,post_ai,2023,Social Sciences,7,0.0,1.0,1.0986122886681098,1.0,0.375,0.5714285714285714,0.6829081047004717,0.8620766145842416,0.7142857142857143,openalex_education_1000
W4390405620,post_ai,2023,Social Sciences,8,4.0,0.375,3.3576916931673404,0.125,0.3776371308016877,0.25,0.5623351446188083,0.8817752301692963,0.125,openalex_education_1000
W4390412174,post_ai,2023,Social Sciences,5,2.0,0.6,2.079441541679836,0.6,0.5885714285714285,0.4,0.9502705392332348,0.8559123873710632,0.6,openalex_education_1000
W4390430468,post_ai,2023,Social Sciences,7,6.0,0.2857142857142857,3.091042453358316,0.2857142857142857,0.4178321678321678,0.1428571428571428,0.410116318288409,0.8437907014574323,0.2857142857142857,openalex_education_1000
W4390440655,post_ai,2023,Social Sciences,24,9.5,0.2083333333333333,4.497086217199199,0.125,0.7559257236482796,0.125,0.5140966973399506,0.8761868427197138,0.125,openalex_education_1000
W4390478742,post_ai,2024,Social Sciences,2,2.5,0.5,4.286408547582117,0.5,0.9996216420734014,0.0,-0.0,0.9188731014728546,0.5,openalex_education_1000
W4390511019,post_ai,2024,Social Sciences,9,9.5,0.3333333333333333,7.21081845347222,0.1111111111111111,0.4016899756218267,0.4444444444444444,1.1490596969706204,0.8040437367227342,0.1111111111111111,openalex_education_1000
W4390514450,post_ai,2023,Social Sciences,33,3.0,0.6666666666666666,3.258096538021482,0.303030303030303,0.368214519293656,0.0909090909090909,0.4045099417736117,0.8466979265213013,0.2727272727272727,openalex_education_1000
W4390520148,post_ai,2023,Social Sciences,2,17.0,0.0,8.909735859426512,0.0,0.8851752950297184,0.5,0.6931471805599453,0.770873099565506,0.0,openalex_education_1000
W4390520652,post_ai,2024,Social Sciences,35,8.0,0.2,3.912023005428146,0.2571428571428571,0.9955376933382049,0.4857142857142857,1.2783635938639617,0.8375571540423802,0.2285714285714285,openalex_education_1000
W4390544194,post_ai,2024,Social Sciences,29,10.0,0.3103448275862069,3.258096538021482,0.1724137931034483,0.4825090470446321,0.4827586206896552,1.3832282118511403,0.8206516380967765,0.0344827586206896,openalex_education_1000
W4390584559,post_ai,2023,Social Sciences,8,3.5,0.5,2.668769039850659,0.375,0.2936507936507936,0.25,0.5623351446188083,0.7979917228221893,0.25,openalex_education_1000
W4390600359,post_ai,2023,Social Sciences,42,10.0,0.2619047619047619,4.66303843522939,0.0,0.8165498553972017,0.3571428571428571,1.0376757927315297,0.8449043205806187,0.0,openalex_education_1000
W4390614137,post_ai,2023,Social Sciences,6,37.0,0.0,8.75964694769566,0.1666666666666666,0.3543835097233155,0.3333333333333333,0.6365141682948128,0.8305243651072184,0.1666666666666666,openalex_education_1000
W4390615276,post_ai,2023,Social Sciences,16,6.0,0.125,5.184396330500155,0.125,0.632312925170068,0.5,1.18030455699462,0.8406458795070648,0.125,openalex_education_1000
W4390619513,post_ai,2024,Social Sciences,32,8.0,0.15625,3.6632328069201607,0.25,0.8623735574868214,0.28125,0.7864315899948003,0.8672064058482647,0.25,openalex_education_1000
W4390631583,post_ai,2024,Social Sciences,37,10.0,0.1351351351351351,3.4339872044851463,0.081081081081081,0.6903147278734133,0.6216216216216216,0.95557352218981,0.9106065679240872,0.081081081081081,openalex_education_1000
W4390640032,post_ai,2024,Social Sciences,30,5.5,0.3666666666666666,3.4923581600591325,0.2333333333333333,0.8876678354571111,0.7333333333333333,1.42075211820452,0.845681353410085,0.2333333333333333,openalex_education_1000
W4390641207,post_ai,2023,Social Sciences,28,1.5,0.6071428571428571,2.505317647048128,0.5,0.6020011117287382,0.1785714285714285,0.7071094627648349,0.8636248452322823,0.4642857142857143,openalex_education_1000
W4390645477,post_ai,2024,Social Sciences,57,9.0,0.1228070175438596,4.465908118654584,0.0526315789473684,0.4933183814596766,0.1403508771929824,0.5562725981925991,0.8813375820193374,0.0526315789473684,openalex_education_1000
W4390654471,post_ai,2024,Social Sciences,19,5.0,0.1052631578947368,1.6094379124341005,0.5263157894736842,0.7088478416164915,0.3157894736842105,1.0160085311135825,0.7991334262647127,0.3157894736842105,openalex_education_1000
W4390667578,post_ai,2024,Social Sciences,17,11.0,0.2352941176470588,3.970291913552122,0.2941176470588235,0.6068206423673764,0.2352941176470588,0.7902347553432827,0.8323088568799636,0.2941176470588235,openalex_education_1000
W4390689897,post_ai,2023,Social Sciences,6,19.0,0.0,5.324613591607623,0.0,0.7068361655208198,0.6666666666666666,0.6365141682948128,0.8346157968044281,0.0,openalex_education_1000
W4390691167,post_ai,2024,Social Sciences,42,11.0,0.1428571428571428,4.436313682959419,0.119047619047619,0.9892172169685788,0.4523809523809524,1.277632924832265,0.8593246567816961,0.0952380952380952,openalex_education_1000
W4390712413,post_ai,2023,Social Sciences,8,4.0,0.5,3.0456549410388494,0.375,0.4347484276729559,0.875,1.4941751382893085,0.7729297205805779,0.125,openalex_education_1000
W4390798413,post_ai,2023,Social Sciences,19,2.0,0.5789473684210527,2.19722457733622,0.5789473684210527,0.4958904109589041,0.1578947368421052,0.5366645624845252,0.8465777384607416,0.5263157894736842,openalex_education_1000
W4390878323,post_ai,2023,Social Sciences,14,13.0,0.0,4.842012359530745,0.1428571428571428,0.9175840793612388,0.7857142857142857,1.2153881010836147,0.8430467120238713,0.1428571428571428,openalex_education_1000
W4390880671,post_ai,2024,Social Sciences,22,10.5,0.0,3.754393585317138,0.2727272727272727,0.9432526224465652,0.3181818181818182,0.625491359725573,0.8207994943315332,0.1818181818181818,openalex_education_1000
W4391033998,post_ai,2024,Social Sciences,4,12.5,0.0,2.666359396632685,0.5,0.9297597042513864,0.0,-0.0,0.8739223480224609,0.5,openalex_education_1000
W4391062514,post_ai,2024,Social Sciences,19,8.0,0.1578947368421052,5.327876168789581,0.0526315789473684,0.6846243072560897,0.5263157894736842,1.3199455010093302,0.8314244057002821,0.0526315789473684,openalex_education_1000
W4391072816,post_ai,2023,Social Sciences,17,7.0,0.1764705882352941,3.828641396489095,0.3529411764705882,0.8844658599353885,0.5882352941176471,1.562663983084702,0.8778868107234731,0.3529411764705882,openalex_education_1000
W4391073107,post_ai,2023,Social Sciences,5,1.0,0.8,0.6931471805599453,0.8,0.979591836734694,0.8,1.0549201679861442,0.8221209168434143,0.4,openalex_education_1000
W4391117502,post_ai,2023,Social Sciences,16,4.0,0.375,2.3978952727983707,0.5625,0.876269035532995,0.25,0.8222653373287878,0.8589978776872158,0.5,openalex_education_1000
W4391118583,post_ai,2023,Social Sciences,2,1.5,1.0,1.4451858789480825,1.0,0.7142857142857143,0.0,-0.0,0.948836088180542,1.0,openalex_education_1000
W4391134307,post_ai,2024,Social Sciences,9,9.0,0.0,3.4339872044851463,0.3333333333333333,0.4335010783608914,0.5555555555555556,0.6869615765973234,0.9276075694296096,0.3333333333333333,openalex_education_1000
W4391148481,post_ai,2023,Social Sciences,10,16.0,0.1,2.787974551573158,0.5,0.8292682926829268,0.1,0.3250829733914482,0.8726151585578918,0.3,openalex_education_1000
W4391151743,post_ai,2024,Social Sciences,3,5.0,0.3333333333333333,1.3862943611198906,0.6666666666666666,0.9611650485436892,0.6666666666666666,1.0986122886681096,0.8641212781270345,0.6666666666666666,openalex_education_1000
W4391166746,post_ai,2024,Social Sciences,19,6.0,0.3157894736842105,2.4849066497880004,0.4736842105263157,0.514760147601476,0.7368421052631579,2.010162658639612,0.8076800923598441,0.1578947368421052,openalex_education_1000
W4391169281,post_ai,2024,Social Sciences,2,1.5,1.0,1.666102255087602,0.5,1.0,0.5,0.6931471805599453,0.8627288937568665,0.0,openalex_education_1000
W4391185641,post_ai,2023,Social Sciences,21,8.0,0.0476190476190476,4.02535169073515,0.0952380952380952,0.9736528410306567,0.7142857142857143,1.119606167144626,0.8468666417258126,0.0952380952380952,openalex_education_1000
W4391215178,post_ai,2024,Social Sciences,46,10.0,0.1739130434782608,3.41759229307365,0.217391304347826,0.9698138565956588,0.4130434782608695,1.2001713785026054,0.8697150297786879,0.217391304347826,openalex_education_1000
W4391237603,post_ai,2023,Social Sciences,4,2.0,0.75,1.9560115027140728,0.75,0.9860279441117764,0.0,-0.0,0.846475824713707,0.75,openalex_education_1000
W4391240606,post_ai,2023,Social Sciences,17,14.0,0.1176470588235294,3.4657359027997265,0.1764705882352941,0.7430475752700528,0.4117647058823529,0.8463658296262874,0.8558296771610484,0.1764705882352941,openalex_education_1000
W4391274301,post_ai,2023,Social Sciences,2,1.0,1.0,1.629048269010741,0.5,0.9230769230769232,0.5,0.6931471805599453,0.8839474618434906,0.5,openalex_education_1000
W4391279390,post_ai,2024,Social Sciences,28,17.0,0.0,4.689830558296443,0.0357142857142857,0.6409039994728866,0.4285714285714285,1.4629406655693091,0.8496395604951041,0.0357142857142857,openalex_education_1000
W4391280029,post_ai,2023,Social Sciences,10,5.0,0.4,2.6390573296152584,0.3,0.5444444444444444,1.0,1.4708084763221112,0.8690150201320648,0.3,openalex_education_1000
W4391316589,post_ai,2023,Social Sciences,5,5.0,0.2,1.3862943611198906,0.6,0.999222092570984,0.2,0.5004024235381879,0.8302058219909668,0.6,openalex_education_1000
W4391320847,post_ai,2024,Social Sciences,19,4.0,0.3684210526315789,3.332204510175204,0.1578947368421052,0.7655016910935738,0.2105263157894736,0.7335417487636489,0.8435413460982474,0.1052631578947368,openalex_education_1000
W4391335851,post_ai,2024,Social Sciences,4,13.0,0.0,3.2220656283502205,0.0,0.411214953271028,0.25,0.5623351446188083,0.8449349701404572,0.0,openalex_education_1000
W4391344635,post_ai,2024,Social Sciences,38,4.0,0.4736842105263157,3.977537136631348,0.131578947368421,0.8649482787858233,0.8421052631578947,1.4604093815755774,0.8252136032832297,0.1052631578947368,openalex_education_1000
W4391352677,post_ai,2023,Social Sciences,12,10.5,0.0,5.133179131505935,0.0,0.789591262617905,0.6666666666666666,0.887694275799104,0.866033191482226,0.0,openalex_education_1000
W4391354515,post_ai,2024,Social Sciences,11,4.0,0.3636363636363636,3.871201010907891,0.3636363636363636,0.8158844765342961,0.0909090909090909,0.3046360973492381,0.8740705143321644,0.3636363636363636,openalex_education_1000
W4391410139,post_ai,2023,Social Sciences,13,2.0,0.6923076923076923,1.9459101490553128,0.7692307692307693,0.6449704142011834,0.0,-0.0,0.9205400668657744,0.7692307692307693,openalex_education_1000
W4391410212,post_ai,2023,Social Sciences,4,3.0,0.75,2.2154083994216567,0.5,0.4137931034482758,0.0,-0.0,0.8896294087171555,0.5,openalex_education_1000
W4391483410,post_ai,2024,Social Sciences,4,2.5,1.0,3.9947802246669326,0.25,0.6293532338308457,0.0,-0.0,0.8817129135131836,0.25,openalex_education_1000
W4391485327,post_ai,2024,Social Sciences,24,8.0,0.0833333333333333,4.303242649447499,0.125,0.978439466738851,0.3333333333333333,1.0408500236214475,0.8735543737808863,0.125,openalex_education_1000
W4391532225,post_ai,2024,Social Sciences,6,18.0,0.0,5.07407886719731,0.0,0.717391304347826,0.6666666666666666,1.329661348854758,0.8510040541489919,0.0,openalex_education_1000
W4391538543,post_ai,2024,Social Sciences,51,7.0,0.1176470588235294,5.241747015059643,0.196078431372549,0.7986229754664116,0.6078431372549019,1.2965126892737322,0.8441287664806142,0.1764705882352941,openalex_education_1000
W4391603779,post_ai,2024,Social Sciences,16,6.5,0.3125,3.9316333620047863,0.25,0.8688242052853313,0.9375,0.98689944883853,0.9000776633620262,0.25,openalex_education_1000
W4391631124,post_ai,2024,Social Sciences,1,4.0,0.0,4.07753744390572,0.0,1.0,0.0,-0.0,0.8459115624427795,0.0,openalex_education_1000
W4391655635,post_ai,2024,Social Sciences,37,11.0,0.081081081081081,5.247024072160486,0.054054054054054,0.6966292134831461,0.1891891891891892,0.598231280937331,0.8969769381188057,0.054054054054054,openalex_education_1000
W4391665555,post_ai,2023,Social Sciences,8,9.5,0.25,4.530397867348082,0.125,0.6049754994346024,0.625,1.4941751382893085,0.8255084902048111,0.125,openalex_education_1000
W4391692670,post_ai,2024,Social Sciences,29,17.0,0.0,4.574710978503383,0.2068965517241379,0.5241880535998183,0.4482758620689655,1.1288729884408484,0.8332358187642591,0.1379310344827586,openalex_education_1000
W4391748623,post_ai,2024,Social Sciences,15,3.0,0.6,3.5263605246161616,0.3333333333333333,0.940685370352393,0.8666666666666667,1.5641315026219946,0.9021486759185792,0.3333333333333333,openalex_education_1000
W4391757887,post_ai,2024,Social Sciences,1,11.0,0.0,6.9930151229329605,0.0,1.0,1.0,-0.0,0.7223965525627136,0.0,openalex_education_1000
W4391758108,post_ai,2024,Social Sciences,3,4.0,0.3333333333333333,2.079441541679836,0.6666666666666666,0.9876390605686032,0.0,-0.0,0.9249746799468994,0.6666666666666666,openalex_education_1000
W4391782088,post_ai,2023,Social Sciences,5,11.0,0.0,3.4011973816621555,0.0,0.9894459102902374,0.6,1.0549201679861442,0.8259592652320862,0.0,openalex_education_1000
W4391851107,post_ai,2024,Social Sciences,14,10.0,0.0714285714285714,6.238425704299342,0.0714285714285714,0.8506632485065149,0.3571428571428571,1.0285137640248474,0.8332624563149044,0.0714285714285714,openalex_education_1000
W4391930873,post_ai,2024,Social Sciences,20,9.5,0.2,3.384246605824315,0.25,0.9739900897084016,0.3,0.8711332705993318,0.8582279711961747,0.25,openalex_education_1000
W4391944884,post_ai,2024,Social Sciences,13,2.0,0.5384615384615384,3.1354942159291497,0.3846153846153846,0.8115799803729146,0.5384615384615384,1.2047933096947845,0.8495611089926499,0.3846153846153846,openalex_education_1000
W4392062941,post_ai,2023,Social Sciences,21,4.0,0.4761904761904761,2.5649493574615367,0.4285714285714285,0.888734835355286,0.3333333333333333,1.062192254783526,0.8485636512438456,0.4285714285714285,openalex_education_1000
W4392231779,post_ai,2024,Social Sciences,6,8.5,0.1666666666666666,4.732530053362568,0.0,0.970635466850195,0.8333333333333334,1.5607104090414063,0.8232944707075754,0.0,openalex_education_1000
W4392238919,post_ai,2024,Social Sciences,7,3.0,0.5714285714285714,4.143134726391533,0.2857142857142857,0.591295647823912,0.4285714285714285,1.15374194270109,0.8157940677234105,0.2857142857142857,openalex_education_1000
W4392304391,post_ai,2024,Social Sciences,6,1.0,0.8333333333333334,1.868834809141684,1.0,0.3125,0.0,-0.0,0.8970287144184113,1.0,openalex_education_1000
W4392346035,post_ai,2024,Social Sciences,35,11.0,0.3142857142857143,4.343805421853684,0.1428571428571428,0.7898342952895178,0.1714285714285714,0.6860861245794843,0.8629340393202646,0.1428571428571428,openalex_education_1000
W4392390891,post_ai,2024,Social Sciences,13,4.0,0.4615384615384615,3.367295829986474,0.3076923076923077,0.7197080291970803,0.3846153846153846,0.9251290835720823,0.8545593435947711,0.2307692307692307,openalex_education_1000
W4392399777,post_ai,2024,Social Sciences,17,10.0,0.0588235294117647,4.060443010546419,0.2352941176470588,0.6535147146496125,0.4117647058823529,1.2033320406994703,0.836990146075978,0.1764705882352941,openalex_education_1000
W4392516534,post_ai,2024,Social Sciences,37,10.0,0.081081081081081,3.7612001156935615,0.2432432432432432,0.9914888298703328,0.4324324324324324,1.5014426060872923,0.8657356967797151,0.1621621621621621,openalex_education_1000
W4392558688,post_ai,2023,Social Sciences,18,2.0,0.7222222222222222,1.868834809141684,0.6666666666666666,0.4324324324324324,0.3333333333333333,1.0506652765928128,0.8573804166581895,0.5555555555555556,openalex_education_1000
W4392570574,post_ai,2023,Social Sciences,23,4.0,0.4347826086956521,3.367295829986474,0.391304347826087,0.4760820045558087,0.391304347826087,1.2880168220555328,0.8001072795494742,0.2608695652173913,openalex_education_1000
W4392611255,post_ai,2024,Social Sciences,4,4.5,0.25,1.6094379124341005,0.75,0.8490566037735849,0.0,-0.0,0.8978122621774673,0.75,openalex_education_1000
W4392701862,post_ai,2024,Social Sciences,23,14.0,0.0434782608695652,3.58351893845611,0.1304347826086956,0.98477295263451,0.1739130434782608,0.6428579130907905,0.8470535822536635,0.1304347826086956,openalex_education_1000
W4392728345,post_ai,2023,Social Sciences,4,7.5,0.0,2.7546941683139883,0.25,0.5625,0.5,0.6931471805599453,0.8894781470298767,0.25,openalex_education_1000
W4392757857,post_ai,2024,Social Sciences,37,8.0,0.1081081081081081,4.762173934797756,0.1081081081081081,0.8849948925257004,0.8378378378378378,1.4268077479565953,0.8415038215147482,0.1081081081081081,openalex_education_1000
W4392760486,post_ai,2024,Social Sciences,58,8.0,0.2241379310344827,4.127134385045092,0.1206896551724138,0.5591783501793284,0.0862068965517241,0.3846143874343117,0.8839493753581211,0.1206896551724138,openalex_education_1000
W4392788100,post_ai,2024,Social Sciences,13,16.0,0.0,5.293304824724492,0.0769230769230769,0.8760475706050477,0.5384615384615384,1.4844575358174863,0.8039980759987464,0.0769230769230769,openalex_education_1000
W4392793855,post_ai,2024,Social Sciences,13,32.0,0.0,7.145984467714388,0.0,0.7389894272556269,0.3846153846153846,0.8587409130062867,0.8601666734768794,0.0,openalex_education_1000
W4392831395,post_ai,2023,Social Sciences,3,2.0,1.0,0.6931471805599453,1.0,0.9,0.6666666666666666,1.0986122886681096,0.8871638774871826,1.0,openalex_education_1000
W4392854444,post_ai,2023,Social Sciences,2,2.0,1.0,3.534937064229286,0.0,0.8645833333333334,0.0,-0.0,0.8926550149917603,0.0,openalex_education_1000
W4392876718,post_ai,2024,Social Sciences,21,5.0,0.2857142857142857,3.49650756146648,0.1428571428571428,0.6064241486068112,0.0,-0.0,0.8837384922163827,0.1428571428571428,openalex_education_1000
W4392884218,post_ai,2024,Social Sciences,28,9.5,0.0714285714285714,4.232949948514343,0.2142857142857142,0.5816044260027663,0.4642857142857143,1.2772773342493229,0.8381230192525047,0.2142857142857142,openalex_education_1000
W4392890551,post_ai,2023,Social Sciences,17,3.0,0.6470588235294118,3.1780538303479458,0.2941176470588235,0.4961325966850828,0.3529411764705882,1.1185405956431655,0.78532533084645,0.1176470588235294,openalex_education_1000
W4392893148,post_ai,2024,Social Sciences,38,4.0,0.3947368421052631,3.449861553642436,0.3421052631578947,0.919064474798584,0.5,1.6497990089365282,0.8256892295260179,0.3157894736842105,openalex_education_1000
W4392961166,post_ai,2024,Social Sciences,60,13.0,0.1166666666666666,4.619075036307725,0.1,0.841016541280278,0.6166666666666667,1.702774146425135,0.8277598371108373,0.0833333333333333,openalex_education_1000
W4392974410,post_ai,2023,Social Sciences,5,4.0,0.4,3.871201010907891,0.4,0.7158257869771453,0.2,0.5004024235381879,0.8746913194656372,0.4,openalex_education_1000
W4393063200,post_ai,2024,Social Sciences,22,6.5,0.2727272727272727,3.597218425550168,0.2727272727272727,0.7062216461438756,0.2727272727272727,0.7595473914748635,0.8643244369463488,0.2727272727272727,openalex_education_1000
W4393161134,post_ai,2024,Social Sciences,35,10.0,0.0285714285714285,4.356708826689592,0.1428571428571428,0.5482253086419753,0.1428571428571428,0.640036020064709,0.8780172535351345,0.1428571428571428,openalex_education_1000
W4393166124,post_ai,2024,Social Sciences,6,2.5,0.6666666666666666,2.109753852588053,0.5,0.7392996108949417,0.6666666666666666,1.5607104090414063,0.8123019635677338,0.1666666666666666,openalex_education_1000
W4393190170,post_ai,2024,Social Sciences,21,5.0,0.1904761904761904,3.258096538021482,0.1904761904761904,0.5097402597402597,0.8095238095238095,1.5538843584684243,0.8679611597742353,0.1428571428571428,openalex_education_1000
W4393197693,post_ai,2024,Social Sciences,13,8.0,0.1538461538461538,2.995732273553991,0.3846153846153846,0.5,0.6923076923076923,0.8587409130062867,0.90504868213947,0.3846153846153846,openalex_education_1000
W4393208771,post_ai,2023,Social Sciences,5,7.0,0.2,3.044522437723423,0.0,0.3069306930693069,0.2,0.5004024235381879,0.8685870051383973,0.0,openalex_education_1000
W4393208774,post_ai,2023,Social Sciences,2,2.0,1.0,1.90333124488516,0.5,0.875,0.5,0.6931471805599453,0.8707636296749115,0.5,openalex_education_1000
W4393212165,post_ai,2024,Social Sciences,5,5.0,0.0,3.610917912644224,0.0,0.4111675126903553,0.6,1.0549201679861442,0.8676751732826233,0.0,openalex_education_1000
W4393314312,post_ai,2024,Social Sciences,22,7.0,0.2272727272727272,4.096838332977621,0.2272727272727272,0.4651600753295669,0.1363636363636363,0.4851045003909404,0.8892488479614258,0.1818181818181818,openalex_education_1000
W4393359491,post_ai,2024,Social Sciences,7,5.0,0.1428571428571428,4.584967478670572,0.1428571428571428,0.904244741873805,0.4285714285714285,1.15374194270109,0.8223672338894435,0.1428571428571428,openalex_education_1000
W4393386175,post_ai,2024,Social Sciences,10,3.0,0.6,3.7954260618442905,0.4,0.489010989010989,0.5,1.1682824501765623,0.8653933048248291,0.4,openalex_education_1000
W4393389886,post_ai,2024,Social Sciences,10,3.5,0.5,2.8919125911648687,0.4,0.9948058886382524,0.1,0.3250829733914482,0.914583295583725,0.4,openalex_education_1000
W4393397978,post_ai,2024,Social Sciences,22,11.5,0.2727272727272727,4.651642058809461,0.0909090909090909,0.9242927062194104,0.7727272727272727,1.3134893265366432,0.8617582835934379,0.0909090909090909,openalex_education_1000
W4393444376,post_ai,2024,Social Sciences,4,2.0,0.75,2.5619819897016294,0.5,0.4754098360655737,0.25,0.5623351446188083,0.864536389708519,0.5,openalex_education_1000
W4393866262,post_ai,2024,Social Sciences,43,3.0,0.5116279069767442,3.6375861597263857,0.1627906976744186,0.6086799927966865,0.3488372093023256,1.3535481399607834,0.8051093456357025,0.0930232558139534,openalex_education_1000
W4393946318,post_ai,2024,Social Sciences,3,5.0,0.0,2.3978952727983707,0.6666666666666666,0.6923076923076923,0.0,-0.0,0.8538874785105387,0.6666666666666666,openalex_education_1000
W4393979078,post_ai,2023,Social Sciences,4,2.5,0.75,1.4978661367769956,0.75,0.9975186104218362,0.5,1.039720770839918,0.8023692518472672,0.5,openalex_education_1000
W4393983162,post_ai,2024,Social Sciences,6,6.0,0.1666666666666666,4.078255113039983,0.3333333333333333,0.5858426612013243,0.5,1.0114042647073516,0.8266485432783762,0.3333333333333333,openalex_education_1000
W4393986209,post_ai,2024,Social Sciences,9,11.0,0.0,2.079441541679836,0.6666666666666666,0.4631578947368421,0.2222222222222222,0.6837389058487535,0.8687694403860304,0.5555555555555556,openalex_education_1000
W4393990210,post_ai,2024,Social Sciences,9,2.0,0.6666666666666666,1.0986122886681098,1.0,0.25,0.0,-0.0,0.8630523615413241,0.7777777777777778,openalex_education_1000
W4394017176,post_ai,2023,Social Sciences,14,5.5,0.2857142857142857,2.6287476860138907,0.4285714285714285,0.5168776371308017,0.3571428571428571,0.8304717124362917,0.924374793257032,0.4285714285714285,openalex_education_1000
W4394064226,post_ai,2024,Social Sciences,49,5.0,0.2448979591836734,3.555348061489413,0.2653061224489796,0.9400968916864104,0.8571428571428571,0.8589299272464758,0.9013258851304348,0.2653061224489796,openalex_education_1000
W4394569993,post_ai,2024,Social Sciences,9,3.0,0.6666666666666666,1.791759469228055,0.6666666666666666,0.4465408805031446,0.5555555555555556,0.9649629230074276,0.8678622974289788,0.6666666666666666,openalex_education_1000
W4394647709,post_ai,2024,Social Sciences,62,14.0,0.032258064516129,3.4811217321331034,0.2580645161290322,0.9587749886292262,0.1774193548387097,0.7194946417497861,0.8233589568445759,0.2258064516129032,openalex_education_1000
W4394685442,post_ai,2024,Social Sciences,49,11.0,0.1020408163265306,5.375278407684165,0.1224489795918367,0.8912853272614191,0.5306122448979592,1.3222025339168035,0.8740761182746108,0.1224489795918367,openalex_education_1000
W4394723949,post_ai,2024,Social Sciences,38,6.0,0.3157894736842105,3.609088419201704,0.2894736842105263,0.7073921339324183,0.3947368421052631,1.0991837705582586,0.8621567534772974,0.2631578947368421,openalex_education_1000
W4394794326,post_ai,2024,Social Sciences,77,7.0,0.1428571428571428,3.332204510175204,0.2467532467532467,0.7616147947677041,0.4935064935064935,1.4376165477838578,0.8354474228697938,0.1818181818181818,openalex_education_1000
W4394873324,post_ai,2024,Social Sciences,9,4.0,0.3333333333333333,5.424950017481403,0.3333333333333333,0.6858618951612904,0.6666666666666666,0.936888307539016,0.8702160980966356,0.3333333333333333,openalex_education_1000
W4394882278,post_ai,2024,Social Sciences,18,8.5,0.3333333333333333,3.912023005428146,0.2222222222222222,0.7625354777672658,0.4444444444444444,1.164091730556667,0.7961349652873145,0.1111111111111111,openalex_education_1000
W4394888394,post_ai,2024,Social Sciences,20,9.0,0.2,4.878652521179023,0.15,0.853463786805872,0.25,0.8953799046713388,0.8702326864004135,0.15,openalex_education_1000
W4394890953,post_ai,2024,Social Sciences,7,16.0,0.1428571428571428,4.77912349311153,0.2857142857142857,0.4678819444444444,0.0,-0.0,0.892465353012085,0.2857142857142857,openalex_education_1000
W4394940085,post_ai,2024,Social Sciences,47,14.0,0.1063829787234042,4.454347296253507,0.1276595744680851,0.6345379398050022,0.1702127659574468,0.692188417805042,0.8418998388533897,0.0851063829787234,openalex_education_1000
W4394981544,post_ai,2024,Social Sciences,24,14.5,0.0416666666666666,4.143008734202382,0.3333333333333333,0.8856383840347296,0.2083333333333333,0.7892773734611849,0.9009852757056556,0.3333333333333333,openalex_education_1000
W4395010044,post_ai,2024,Social Sciences,1,3.0,1.0,5.298317366548036,0.0,1.0,0.0,-0.0,0.8286142349243164,0.0,openalex_education_1000
W4395077949,post_ai,2024,Social Sciences,32,6.0,0.1875,3.177185020398676,0.25,0.919921875,0.4375,1.3143085888702453,0.8930057752877474,0.21875,openalex_education_1000
W4395083704,post_ai,2024,Social Sciences,10,8.5,0.3,5.013405384284064,0.2,0.8488387947098123,0.2,0.639031859650177,0.8449990332126618,0.2,openalex_education_1000
W4395089152,post_ai,2024,Social Sciences,5,5.0,0.2,4.77912349311153,0.0,0.4369085173501577,0.2,0.5004024235381879,0.8497455954551697,0.0,openalex_education_1000
W4395098607,post_ai,2023,Social Sciences,5,0.0,0.8,0.6931471805599453,1.0,0.6,0.2,0.5004024235381879,0.8932122349739074,1.0,openalex_education_1000
W4395100070,post_ai,2023,Social Sciences,1,8.0,0.0,1.0986122886681098,1.0,1.0,0.0,-0.0,0.9331450462341307,1.0,openalex_education_1000
W4395698187,post_ai,2024,Social Sciences,2,13.5,0.0,2.84348767816991,0.5,1.0,0.0,-0.0,0.8381698131561279,0.5,openalex_education_1000
W4396228321,post_ai,2024,Social Sciences,21,7.0,0.3809523809523809,3.688879454113936,0.3333333333333333,0.4728789986091794,0.2857142857142857,0.8461447967228176,0.8750570643515814,0.3333333333333333,openalex_education_1000
W4396234819,post_ai,2023,Social Sciences,6,7.0,0.1666666666666666,0.8958797346140275,1.0,0.2727272727272727,0.0,-0.0,0.9253939390182496,1.0,openalex_education_1000
W4396514551,post_ai,2024,Social Sciences,24,4.0,0.375,2.8903717578961645,0.2916666666666667,0.3975069252077562,0.0,-0.0,0.8777518222729365,0.25,openalex_education_1000
W4396517976,post_ai,2024,Social Sciences,13,3.0,0.6153846153846154,2.4849066497880004,0.4615384615384615,0.9912336195210122,0.6923076923076923,1.0579054247036734,0.8871913735683148,0.3846153846153846,openalex_education_1000
W4396522052,post_ai,2024,Social Sciences,33,16.0,0.0,3.80666248977032,0.1212121212121212,0.9231909975138484,0.3636363636363636,1.0549771515988873,0.9006474325151155,0.1212121212121212,openalex_education_1000
W4396525025,post_ai,2024,Social Sciences,15,5.0,0.2666666666666666,2.6390573296152584,0.4666666666666667,0.3963963963963964,0.7333333333333333,1.6170531525095535,0.814413579305013,0.2666666666666666,openalex_education_1000
W4396533783,post_ai,2024,Social Sciences,3,10.0,0.3333333333333333,3.871201010907891,0.3333333333333333,0.7083333333333334,1.0,0.6365141682948128,0.8988219102223715,0.3333333333333333,openalex_education_1000
W4396589600,post_ai,2024,Social Sciences,41,11.0,0.024390243902439,5.0369526024136295,0.048780487804878,0.8061368556458445,0.1463414634146341,0.6108947283050576,0.9007960921380578,0.048780487804878,openalex_education_1000
W4396591852,post_ai,2024,Social Sciences,12,5.5,0.1666666666666666,2.0715673631957663,0.5833333333333334,0.9849633925525494,0.5833333333333334,1.4241299173467734,0.8274599959452947,0.3333333333333333,openalex_education_1000
W4396593535,post_ai,2024,Social Sciences,2,2.5,0.5,2.649158683274018,0.5,0.9423076923076924,0.5,0.6931471805599453,0.8122768402099609,0.0,openalex_education_1000
W4396747578,post_ai,2024,Social Sciences,19,7.0,0.2105263157894736,3.49650756146648,0.2105263157894736,0.986712057983747,0.2105263157894736,0.6605788876520756,0.8928941958828976,0.2105263157894736,openalex_education_1000
W4396765226,post_ai,2024,Social Sciences,22,3.5,0.5,2.884160497896886,0.3636363636363636,0.8907014681892332,0.4090909090909091,1.1465958365269353,0.8591106615283273,0.3636363636363636,openalex_education_1000
W4396780242,post_ai,2024,Social Sciences,23,4.0,0.391304347826087,5.087596335232384,0.0434782608695652,0.7188892697977374,0.6956521739130435,1.6656937036662836,0.8523994450983794,0.0434782608695652,openalex_education_1000
W4396827716,post_ai,2024,Social Sciences,19,3.0,0.5789473684210527,4.882801922586371,0.2631578947368421,0.7903077863840196,0.4210526315789473,0.8392695557891106,0.8813972033952412,0.2631578947368421,openalex_education_1000
W4396877264,post_ai,2024,Social Sciences,11,23.0,0.0,3.951243718581428,0.0909090909090909,0.9534473071675096,0.5454545454545454,1.4142790651247086,0.8704158392819491,0.0909090909090909,openalex_education_1000
W4396918438,post_ai,2024,Social Sciences,25,5.0,0.28,1.9459101490553128,0.76,0.8023887079261672,0.52,1.1032863104887485,0.8061547136306763,0.36,openalex_education_1000
W4397024841,post_ai,2024,Social Sciences,28,5.0,0.3214285714285714,3.583132987066819,0.2857142857142857,0.9594796871376468,0.5357142857142857,1.6462300366681006,0.8372329814093453,0.25,openalex_education_1000
W4398142074,post_ai,2024,Social Sciences,19,2.0,0.6842105263157895,1.6094379124341005,0.8421052631578947,0.9961628650607548,0.1052631578947368,0.4094586186950892,0.8719225557226884,0.7894736842105263,openalex_education_1000
W4398142826,post_ai,2024,Social Sciences,30,2.0,0.8666666666666667,1.9356005054539451,0.6666666666666666,0.42997542997543,1.0,0.5627298200345141,0.922973362604777,0.6666666666666666,openalex_education_1000
W4398162032,post_ai,2024,Social Sciences,13,6.0,0.2307692307692307,2.302585092994046,0.5384615384615384,0.548,0.6923076923076923,1.5247073930301436,0.741970589527717,0.0,openalex_education_1000
W4398167861,post_ai,2024,Social Sciences,71,17.0,0.028169014084507,5.517452896464707,0.0704225352112676,0.8802189721382466,0.7183098591549296,0.9866129492685818,0.8753998892408021,0.0704225352112676,openalex_education_1000
W4398215438,post_ai,2024,Social Sciences,26,4.0,0.3846153846153846,3.362516821083421,0.3846153846153846,0.7552837963578359,0.0769230769230769,0.3245083869310706,0.8376567592987647,0.3076923076923077,openalex_education_1000
W4398781583,post_ai,2024,Social Sciences,6,6.0,0.3333333333333333,3.58927274188185,0.1666666666666666,0.5597334602570204,0.5,1.242453324894,0.7979966203371683,0.1666666666666666,openalex_education_1000
W4398786294,post_ai,2024,Social Sciences,8,13.5,0.125,4.601154100139459,0.125,0.6614205004035513,0.375,0.9002560512685369,0.8112176358699799,0.125,openalex_education_1000
W4399023194,post_ai,2024,Social Sciences,11,19.0,0.0909090909090909,6.61472560020376,0.0909090909090909,0.6291892522002681,0.6363636363636364,1.4681399390162089,0.7705967751416293,0.0909090909090909,openalex_education_1000
W4399024512,post_ai,2024,Social Sciences,16,10.0,0.0625,3.900695660145743,0.125,0.5445255474452555,0.375,0.98689944883853,0.8835991695523262,0.125,openalex_education_1000
W4399033785,post_ai,2024,Social Sciences,4,16.0,0.0,2.2499048351651325,0.5,0.7372881355932204,0.75,1.039720770839918,0.8301480114459991,0.25,openalex_education_1000
W4399050562,post_ai,2024,Social Sciences,6,9.5,0.0,4.965794491323502,0.1666666666666666,0.5417734495130703,0.3333333333333333,0.8675632284814612,0.8721289336681366,0.1666666666666666,openalex_education_1000
W4399050792,post_ai,2024,Social Sciences,25,2.0,0.68,2.5649493574615367,0.4,0.7044025157232704,0.92,1.451389165384748,0.8431356716156005,0.24,openalex_education_1000
W4399096984,post_ai,2024,Social Sciences,8,22.0,0.125,6.093036999511742,0.0,0.553962110409452,0.875,0.3767701612564367,0.8669164553284645,0.0,openalex_education_1000
W4399100123,post_ai,2024,Social Sciences,24,2.0,0.9583333333333334,0.6931471805599453,0.9166666666666666,0.8504672897196262,0.375,1.1171468583889022,0.8950636759400368,0.9166666666666666,openalex_education_1000
W4399176207,post_ai,2024,Social Sciences,13,5.0,0.3076923076923077,3.9889840465642745,0.2307692307692307,0.6704089815557338,0.1538461538461538,0.5359610497090694,0.9101695005710309,0.2307692307692307,openalex_education_1000
W4399180116,post_ai,2024,Social Sciences,10,6.0,0.3,2.1910133173369406,0.5,0.5582847626977518,0.3,0.8018185525433372,0.8758796691894531,0.5,openalex_education_1000
W4399259888,post_ai,2024,Social Sciences,19,2.0,0.631578947368421,2.833213344056216,0.4736842105263157,0.3744493392070485,0.7368421052631579,0.8785250991271565,0.8807286996590463,0.4736842105263157,openalex_education_1000
W4399268391,post_ai,2024,Social Sciences,12,3.0,0.6666666666666666,2.19722457733622,0.5833333333333334,0.6483679525222552,0.4166666666666667,1.1187433359857524,0.8573169857263565,0.5833333333333334,openalex_education_1000
W4399285730,post_ai,2024,Social Sciences,12,4.0,0.0833333333333333,5.92740579571776,0.0833333333333333,0.4620820406756291,0.8333333333333334,1.8636799873410004,0.8731001367171606,0.0833333333333333,openalex_education_1000
W4399329249,post_ai,2024,Social Sciences,46,9.5,0.2608695652173913,4.958300595840756,0.2391304347826087,0.8470042985264722,0.6739130434782609,1.1245438855273016,0.8736892990444017,0.2391304347826087,openalex_education_1000
W4399333104,post_ai,2024,Social Sciences,4,6.0,0.0,3.6632328069201607,0.0,0.8330683624801272,0.75,1.3862943611198906,0.8082469552755356,0.0,openalex_education_1000
W4399334566,post_ai,2024,Social Sciences,29,1.0,0.7931034482758621,2.9444389791664403,0.3103448275862069,0.3850148367952522,0.5517241379310345,1.7692186216815244,0.7724901931039219,0.1034482758620689,openalex_education_1000
W4399339809,post_ai,2024,Social Sciences,14,19.5,0.0,4.483497056672227,0.0,0.446215139442231,0.7857142857142857,1.6357434952314975,0.8417678134781974,0.0,openalex_education_1000
W4399356700,post_ai,2024,Social Sciences,18,3.0,0.6111111111111112,2.6287476860138907,0.3888888888888889,0.540796963946869,0.7222222222222222,1.2394967485779314,0.8500793046421475,0.3888888888888889,openalex_education_1000
W4399363008,post_ai,2024,Social Sciences,16,8.0,0.25,4.533465894340413,0.125,0.7603488372093024,0.1875,0.6019239717322894,0.9105319753289224,0.125,openalex_education_1000
W4399380282,post_ai,2024,Social Sciences,6,13.0,0.0,4.659821553433316,0.1666666666666666,0.6152912621359223,0.0,-0.0,0.8635834256807963,0.0,openalex_education_1000
W4399431882,post_ai,2024,Social Sciences,55,17.0,0.0181818181818181,5.762051382780177,0.0181818181818181,0.6044271981656231,0.0727272727272727,0.3015342009607447,0.8949863650582054,0.0181818181818181,openalex_education_1000
W4399459502,post_ai,2024,Social Sciences,14,7.5,0.2142857142857142,3.233849363052177,0.2142857142857142,0.8535853888664241,0.2857142857142857,0.8953326659680909,0.8727063366344997,0.2142857142857142,openalex_education_1000
W4399465675,post_ai,2024,Social Sciences,20,5.5,0.25,3.4165158663931003,0.25,0.9730274376065726,0.45,0.8451132568429528,0.8699573576450348,0.2,openalex_education_1000
W4399526169,post_ai,2024,Social Sciences,36,5.0,0.3055555555555556,4.219507705176107,0.0833333333333333,0.9266120912314496,1.0,0.4926036575395838,0.8345395111375384,0.0277777777777777,openalex_education_1000
W4399544960,post_ai,2024,Social Sciences,49,3.0,0.7755102040816326,3.555348061489413,0.2448979591836734,0.7340849561553354,0.5510204081632653,1.6137257086228738,0.8183318352212712,0.1836734693877551,openalex_education_1000
W4399547764,post_ai,2024,Social Sciences,23,8.0,0.2608695652173913,3.737669618283368,0.0869565217391304,0.8919894062104172,0.4347826086956521,0.9502094526077802,0.8534152611442234,0.0869565217391304,openalex_education_1000
W4399578106,post_ai,2024,Social Sciences,18,6.5,0.1666666666666666,3.4468281773013176,0.1666666666666666,0.3794983642311886,0.7777777777777778,1.644072795833167,0.8698707686530219,0.1666666666666666,openalex_education_1000
W4399617334,post_ai,2024,Social Sciences,11,9.0,0.0909090909090909,4.248495242049359,0.3636363636363636,0.9597473845368716,0.3636363636363636,1.0335620542068176,0.8629048033194109,0.3636363636363636,openalex_education_1000
W4399667416,post_ai,2024,Social Sciences,9,1.0,0.7777777777777778,5.123963979403259,0.0,0.3070818070818071,0.8888888888888888,1.1490596969706204,0.8572449617915683,0.0,openalex_education_1000
W4399673645,post_ai,2024,Social Sciences,17,9.0,0.0588235294117647,5.43372200355424,0.2352941176470588,0.4382606988614055,0.4117647058823529,1.2033320406994703,0.8826483523144442,0.2352941176470588,openalex_education_1000
W4399693526,post_ai,2024,Social Sciences,1,1.0,1.0,1.6094379124341005,1.0,1.0,1.0,-0.0,0.8250082731246948,1.0,openalex_education_1000
W4399829387,post_ai,2024,Social Sciences,12,7.0,0.3333333333333333,4.188390518849746,0.25,0.5779189057156815,0.6666666666666666,1.4451858789480825,0.811432292064031,0.0833333333333333,openalex_education_1000
W4399846904,post_ai,2024,Social Sciences,61,9.0,0.0983606557377049,4.990432586778736,0.0983606557377049,0.8935087208616227,0.3442622950819672,1.019023769270746,0.8505347820579029,0.081967213114754,openalex_education_1000
W4399862478,post_ai,2024,Social Sciences,39,8.0,0.0256410256410256,3.8918202981106265,0.2051282051282051,0.7618955042527339,0.6410256410256411,1.522338790897482,0.8291390446516184,0.1282051282051282,openalex_education_1000
W4399895719,post_ai,2024,Social Sciences,15,6.0,0.3333333333333333,2.3978952727983707,0.5333333333333333,0.9713010204081632,0.4,1.0775733728921972,0.8660888353983561,0.4666666666666667,openalex_education_1000
W4399914987,post_ai,2024,Social Sciences,46,12.0,0.0434782608695652,4.235469903449388,0.1304347826086956,0.8223065127915422,0.1304347826086956,0.5492715045203607,0.8611011401466702,0.108695652173913,openalex_education_1000
W4399916762,post_ai,2024,Social Sciences,9,1.0,0.5555555555555556,1.9459101490553128,0.6666666666666666,0.5466666666666666,0.2222222222222222,0.6837389058487535,0.8547334803475274,0.5555555555555556,openalex_education_1000
W4399927310,post_ai,2024,Social Sciences,10,15.5,0.1,5.039769748158244,0.2,0.5365311308767471,0.3,0.9404479886553264,0.845418655872345,0.2,openalex_education_1000
W4399983937,post_ai,2024,Social Sciences,18,1.0,0.8888888888888888,2.3502401828962083,0.5555555555555556,0.7757510729613734,0.3333333333333333,1.0797346179130656,0.8454270362854004,0.5,openalex_education_1000
W4399994954,post_ai,2024,Social Sciences,9,3.0,0.5555555555555556,2.833213344056216,0.3333333333333333,0.9882482303621744,0.0,-0.0,0.8812261488702562,0.3333333333333333,openalex_education_1000
W4400011706,post_ai,2024,Social Sciences,4,6.5,0.5,3.0742341479588235,0.25,0.719047619047619,1.0,1.039720770839918,0.871526226401329,0.25,openalex_education_1000
W4400017343,post_ai,2024,Social Sciences,32,3.0,0.59375,3.2769667020129054,0.28125,0.8242499556186756,0.34375,1.0288182505008343,0.8575656302273273,0.28125,openalex_education_1000
W4400018779,post_ai,2024,Social Sciences,13,5.0,0.3846153846153846,1.0986122886681098,0.6153846153846154,0.6756238003838771,0.7692307692307693,1.1569876443452742,0.8503150068796598,0.6153846153846154,openalex_education_1000
W4400077194,post_ai,2024,Social Sciences,35,7.0,0.2,4.382026634673881,0.1142857142857142,0.752400033391769,0.2285714285714285,0.839461748050528,0.8634408916745867,0.1142857142857142,openalex_education_1000
W4400087423,post_ai,2024,Social Sciences,37,3.0,0.5945945945945946,2.833213344056216,0.3783783783783784,0.7784236621644726,0.3243243243243243,1.159588066879122,0.8301952787347742,0.2972972972972973,openalex_education_1000
W4400163837,post_ai,2024,Social Sciences,21,5.0,0.3809523809523809,3.4011973816621555,0.238095238095238,0.5709430756159728,0.4285714285714285,1.2035750992500946,0.8344100231216067,0.1904761904761904,openalex_education_1000
W4400173525,post_ai,2024,Social Sciences,39,3.0,0.5128205128205128,3.8501476017100575,0.1025641025641025,0.4227493917274939,0.4615384615384615,1.4482448116152111,0.8455806817763891,0.0769230769230769,openalex_education_1000
W4400199201,post_ai,2024,Social Sciences,17,12.0,0.0588235294117647,3.784189633918261,0.1764705882352941,0.7161184210526316,0.9411764705882352,1.4520440731936837,0.8539334220044753,0.1764705882352941,openalex_education_1000
W4400204971,post_ai,2024,Social Sciences,2,1.0,1.0,3.479224196648828,0.5,0.9886792452830188,1.0,-0.0,0.8901135325431824,0.5,openalex_education_1000
W4400263362,post_ai,2024,Social Sciences,15,8.0,0.0,3.828641396489095,0.2,0.6465373961218837,0.4666666666666667,1.3217558399823195,0.8748932441075643,0.1333333333333333,openalex_education_1000
W4400282158,post_ai,2024,Social Sciences,17,8.0,0.2352941176470588,4.060443010546419,0.1176470588235294,0.5935357492654261,0.2941176470588235,0.9976148641399868,0.8848503477433148,0.1176470588235294,openalex_education_1000
W4400310871,post_ai,2024,Social Sciences,6,6.0,0.3333333333333333,0.6931471805599453,0.8333333333333334,0.8387096774193549,0.0,-0.0,0.8711980680624644,0.8333333333333334,openalex_education_1000
W4400405161,post_ai,2024,Social Sciences,23,7.0,0.3043478260869565,4.110873864173311,0.3043478260869565,0.5928263988522238,0.1739130434782608,0.7031315809655684,0.8501996942188429,0.3043478260869565,openalex_education_1000
W4400405189,post_ai,2024,Social Sciences,15,6.0,0.2,4.787491742782046,0.1333333333333333,0.7540444561357359,0.0,-0.0,0.8568713506062825,0.1333333333333333,openalex_education_1000
W4400515184,post_ai,2024,Social Sciences,9,5.0,0.2222222222222222,1.9459101490553128,0.7777777777777778,0.6766917293233082,0.1111111111111111,0.3488320958430319,0.8595788478851318,0.5555555555555556,openalex_education_1000
W4400515254,post_ai,2024,Social Sciences,14,3.0,0.6428571428571429,2.393745871391024,0.5,0.7142857142857143,0.1428571428571428,0.509137344082687,0.8024213314056396,0.2142857142857142,openalex_education_1000
W4400515280,post_ai,2024,Social Sciences,6,1.5,1.0,0.3465735902799726,1.0,0.5,0.3333333333333333,0.6365141682948128,0.8571523825327555,0.6666666666666666,openalex_education_1000
W4400568106,post_ai,2024,Social Sciences,24,6.0,0.375,3.68825406316311,0.2916666666666667,0.9415068093218156,0.375,1.1171468583889022,0.8532234753171603,0.25,openalex_education_1000
W4400582671,post_ai,2024,Social Sciences,30,1.5,0.6666666666666666,2.6020033435383976,0.4666666666666667,0.8816908454227114,0.4333333333333333,1.316170094864851,0.8542477647463481,0.4666666666666667,openalex_education_1000
W4400593759,post_ai,2023,Social Sciences,13,4.0,0.3846153846153846,2.833213344056216,0.3076923076923077,0.391304347826087,0.2307692307692307,0.7937300551584247,0.866407220180218,0.3076923076923077,openalex_education_1000
W4400620139,post_ai,2024,Social Sciences,33,7.0,0.2121212121212121,3.4657359027997265,0.2424242424242424,0.4568709101725163,0.7575757575757576,1.2160864188125922,0.8971973151871653,0.2424242424242424,openalex_education_1000
W4400625138,post_ai,2024,Social Sciences,1,2.0,1.0,1.9459101490553128,1.0,1.0,0.0,-0.0,0.8983927369117737,1.0,openalex_education_1000
W4400748757,post_ai,2023,Social Sciences,5,4.0,0.4,1.791759469228055,0.6,0.9853293700258894,0.6,1.0549201679861442,0.861438262462616,0.6,openalex_education_1000
W4400748837,post_ai,2023,Social Sciences,4,4.5,0.5,1.868834809141684,1.0,0.2857142857142857,0.0,-0.0,0.8758247196674347,1.0,openalex_education_1000
W4400786976,post_ai,2024,Social Sciences,14,3.0,0.6428571428571429,2.914472808805104,0.2857142857142857,0.4847715736040609,0.4285714285714285,1.0547209169068124,0.8583307649408068,0.2142857142857142,openalex_education_1000
W4400788094,post_ai,2024,Social Sciences,14,7.0,0.2142857142857142,5.005340693319122,0.0,0.5587979094076655,0.2857142857142857,0.994353691762369,0.8473623182092395,0.0,openalex_education_1000
W4400789374,post_ai,2024,Social Sciences,36,4.0,0.3888888888888889,3.7954260618442905,0.0833333333333333,0.3666974169741697,0.9166666666666666,1.6260568037137129,0.8583837880028619,0.0833333333333333,openalex_education_1000
W4400814788,post_ai,2024,Social Sciences,11,12.0,0.1818181818181818,5.937536205082426,0.0909090909090909,0.4133251079580506,0.4545454545454545,1.1685184057430875,0.8416888009418141,0.0909090909090909,openalex_education_1000
W4400834277,post_ai,2024,Social Sciences,23,14.0,0.0434782608695652,6.428105272684596,0.0869565217391304,0.5411582516754332,0.217391304347826,0.5235863374812598,0.8615061588909315,0.0869565217391304,openalex_education_1000
W4400857550,post_ai,2024,Social Sciences,58,10.5,0.1724137931034483,5.103293826983132,0.0689655172413793,0.8873575608253773,0.2758620689655172,0.755050597166741,0.8507035652111317,0.0689655172413793,openalex_education_1000
W4400867522,post_ai,2024,Social Sciences,8,15.0,0.125,4.5738600049972575,0.0,0.8330522765598651,0.25,0.7356219397587946,0.8574760258197784,0.0,openalex_education_1000
W4400869453,post_ai,2024,Social Sciences,26,7.5,0.1538461538461538,4.19103025871237,0.2692307692307692,0.6911022297013042,0.2307692307692307,0.8470490690476513,0.8659783257887914,0.2307692307692307,openalex_education_1000
W4401008039,post_ai,2024,Social Sciences,3,1.0,0.6666666666666666,1.3862943611198906,0.6666666666666666,0.9672131147540984,0.3333333333333333,0.6365141682948128,0.7991564472516378,0.3333333333333333,openalex_education_1000
W4401028157,post_ai,2024,Social Sciences,33,8.0,0.2727272727272727,4.430816798843313,0.1515151515151515,0.718050694665394,0.3333333333333333,0.9317055521537032,0.8718889391783512,0.1212121212121212,openalex_education_1000
W4401051458,post_ai,2024,Social Sciences,21,7.0,0.238095238095238,4.127134385045092,0.1904761904761904,0.9452344931921332,0.5238095238095238,1.5648538428609964,0.8557304598036266,0.0952380952380952,openalex_education_1000
W4401101456,post_ai,2024,Social Sciences,6,1.5,1.0,1.5890269151739729,0.8333333333333334,0.4482758620689655,0.5,0.6931471805599453,0.8894161482652029,0.8333333333333334,openalex_education_1000
W4401118822,post_ai,2024,Social Sciences,14,4.5,0.3571428571428571,2.4414009612931853,0.5,0.6223662884927067,0.5,1.3316643102930148,0.7800748944282532,0.2142857142857142,openalex_education_1000
W4401125756,post_ai,2024,Social Sciences,18,0.5,0.8333333333333334,1.0986122886681098,0.7777777777777778,0.8047945205479452,0.2222222222222222,0.8377716126398524,0.8547962109247843,0.7222222222222222,openalex_education_1000
W4401151758,post_ai,2024,Social Sciences,19,4.0,0.3684210526315789,2.3978952727983707,0.5263157894736842,0.988039411981664,0.5789473684210527,1.2805340475238804,0.8371873529333818,0.4210526315789473,openalex_education_1000
W4401158146,post_ai,2024,Social Sciences,7,7.0,0.1428571428571428,4.718498871295094,0.0,0.3302667893284268,0.0,-0.0,0.9251312698636736,0.0,openalex_education_1000
W4401178156,post_ai,2024,Social Sciences,2,1.5,1.0,4.315974714357213,0.5,0.99009900990099,0.0,-0.0,0.7851483225822449,0.0,openalex_education_1000
W4401188773,post_ai,2024,Social Sciences,23,3.0,0.6956521739130435,1.0986122886681098,0.8695652173913043,0.6082474226804123,0.5217391304347826,1.1553465425096352,0.8389066405918287,0.6086956521739131,openalex_education_1000
W4401194377,post_ai,2024,Social Sciences,53,6.0,0.2641509433962264,3.4011973816621555,0.2264150943396226,0.9146488833191604,0.4528301886792453,1.1763027774447945,0.8877483550107704,0.2264150943396226,openalex_education_1000
W4401229943,post_ai,2024,Social Sciences,6,17.0,0.0,4.923987421302934,0.0,0.9923057393119596,0.3333333333333333,0.8675632284814612,0.8129823009173075,0.0,openalex_education_1000
W4401232444,post_ai,2023,Social Sciences,10,1.0,0.6,2.0126758453675744,0.5,0.2704918032786885,0.0,-0.0,0.8678783595561981,0.4,openalex_education_1000
W4401249572,post_ai,2024,Social Sciences,37,12.0,0.054054054054054,4.02535169073515,0.1351351351351351,0.420708446866485,0.2972972972972973,1.0450309218290266,0.8992896386094995,0.1351351351351351,openalex_education_1000
W4401273599,post_ai,2024,Social Sciences,6,1.5,0.8333333333333334,1.5890269151739729,0.6666666666666666,0.6952380952380952,0.0,-0.0,0.9370098610719044,0.6666666666666666,openalex_education_1000
W4401283090,post_ai,2024,Social Sciences,28,4.0,0.2142857142857142,3.5819733421712736,0.2142857142857142,0.9161985867004891,0.6428571428571429,1.303552414630588,0.8235653873000827,0.1785714285714285,openalex_education_1000
W4401288811,post_ai,2024,Social Sciences,10,17.0,0.1,4.718578584328344,0.1,0.5126209907003226,0.4,0.6730116670092565,0.8626455187797546,0.0,openalex_education_1000
W4401289990,post_ai,2024,Social Sciences,1,3.0,1.0,4.74493212836325,0.0,1.0,1.0,-0.0,0.7319161295890808,0.0,openalex_education_1000
W4401316067,post_ai,2024,Social Sciences,37,6.0,0.1891891891891892,3.8501476017100575,0.1351351351351351,0.5297691373025516,0.4594594594594595,1.527852346474412,0.8936928993946797,0.1351351351351351,openalex_education_1000
W4401324820,post_ai,2024,Social Sciences,15,8.0,0.2,2.4849066497880004,0.4,0.9929911639576744,0.2666666666666666,0.857174043642079,0.8566336194674175,0.3333333333333333,openalex_education_1000
W4401331127,post_ai,2024,Social Sciences,35,13.0,0.0857142857142857,4.406719247264253,0.2285714285714285,0.5809505594338721,0.2571428571428571,0.8824473672310587,0.8498836415154594,0.2285714285714285,openalex_education_1000
W4401338307,post_ai,2024,Social Sciences,26,4.5,0.4615384615384615,2.079441541679836,0.5769230769230769,0.9495076471820658,0.4230769230769231,1.2796145649082729,0.866421062212724,0.5769230769230769,openalex_education_1000
W4401362529,post_ai,2024,Social Sciences,17,6.0,0.1764705882352941,4.174387269895637,0.1176470588235294,0.3658346333853354,0.6470588235294118,1.028394166714372,0.9144473531666923,0.1176470588235294,openalex_education_1000
W4401373859,post_ai,2024,Social Sciences,12,3.0,0.6666666666666666,3.449861553642436,0.25,0.5347593582887701,1.0,0.2868359830561607,0.8839744329452515,0.25,openalex_education_1000
W4401403933,post_ai,2024,Social Sciences,37,5.0,0.4594594594594595,3.6375861597263857,0.3783783783783784,0.9292084009659924,0.1891891891891892,0.6658532300641131,0.8520386637868108,0.3513513513513513,openalex_education_1000
W4401405426,post_ai,2024,Social Sciences,37,13.0,0.1081081081081081,4.77912349311153,0.054054054054054,0.6001006880349052,0.4594594594594595,1.2139711834278264,0.8988701250102069,0.054054054054054,openalex_education_1000
W4401459840,post_ai,2024,Social Sciences,9,18.0,0.0,6.963189985870238,0.0,0.4212299465240641,0.7777777777777778,1.2730283365896258,0.8256424069404602,0.0,openalex_education_1000
W4401475011,post_ai,2024,Social Sciences,20,2.0,0.8,2.740319461670996,0.4,0.5688405797101449,0.2,0.6128694524619495,0.8509305328130722,0.35,openalex_education_1000
W4401582263,post_ai,2024,Social Sciences,4,5.0,0.0,2.8173948015846246,0.5,0.7417218543046358,0.0,-0.0,0.9360795021057128,0.5,openalex_education_1000
W4401639874,post_ai,2024,Social Sciences,11,5.0,0.3636363636363636,3.044522437723423,0.3636363636363636,0.9856748183771616,0.8181818181818182,1.2406842919533958,0.9099776473912324,0.3636363636363636,openalex_education_1000
W4401644810,post_ai,2024,Social Sciences,2,16.0,0.0,3.205087440983084,0.5,0.9967105263157896,0.5,0.6931471805599453,0.8388530313968658,0.5,openalex_education_1000
W4401717913,post_ai,2024,Social Sciences,14,3.5,0.5,2.9753212762938634,0.4285714285714285,0.8420698924731183,0.3571428571428571,0.8304717124362917,0.8911028717245374,0.4285714285714285,openalex_education_1000
W4401757151,post_ai,2024,Social Sciences,3,19.0,0.0,4.532599493153256,0.3333333333333333,0.9510703363914372,0.3333333333333333,0.6365141682948128,0.9161494771639506,0.3333333333333333,openalex_education_1000
W4401758141,post_ai,2024,Social Sciences,4,14.0,0.0,3.737669618283368,0.25,0.8731656184486373,0.25,0.5623351446188083,0.8531809896230698,0.0,openalex_education_1000
W4401762513,post_ai,2024,Social Sciences,6,17.0,0.0,6.0343354578304425,0.0,0.7169654022509379,1.0,1.0114042647073516,0.8619077901045481,0.0,openalex_education_1000
W4401799676,post_ai,2024,Social Sciences,31,9.0,0.2580645161290322,5.272999558563747,0.1290322580645161,0.52097452174659,0.5483870967741935,1.2355363408338715,0.8589213625077279,0.1290322580645161,openalex_education_1000
W4401832651,post_ai,2024,Social Sciences,6,5.5,0.0,2.92177220851568,0.1666666666666666,0.9565917159763314,0.3333333333333333,0.8675632284814612,0.8847781419754028,0.1666666666666666,openalex_education_1000
W4401863457,post_ai,2024,Social Sciences,21,8.0,0.1904761904761904,2.8903717578961645,0.3333333333333333,0.8942222222222223,0.2857142857142857,0.7270013625470586,0.8896412991342091,0.2857142857142857,openalex_education_1000
W4401929169,post_ai,2024,Social Sciences,31,7.0,0.2903225806451613,2.079441541679836,0.6129032258064516,0.861369749637906,0.6451612903225806,1.418058869968313,0.887733809409603,0.6129032258064516,openalex_education_1000
W4401955236,post_ai,2024,Social Sciences,10,2.5,0.8,1.844439727056968,0.6,0.4467005076142132,0.8,0.8018185525433372,0.9045931100845336,0.6,openalex_education_1000
W4401973824,post_ai,2024,Social Sciences,13,6.0,0.0,2.5649493574615367,0.4615384615384615,0.9930504911844192,0.1538461538461538,0.5359610497090694,0.8754564202748812,0.4615384615384615,openalex_education_1000
W4401983746,post_ai,2024,Social Sciences,10,13.0,0.2,4.322001019139966,0.4,0.5837460700288557,0.4,0.8979457248567797,0.845890736579895,0.3,openalex_education_1000
W4401995122,post_ai,2024,Social Sciences,6,15.0,0.0,5.570517677612507,0.0,0.3354769560557342,0.3333333333333333,0.8675632284814612,0.8329437077045441,0.0,openalex_education_1000
W4402000238,post_ai,2024,Social Sciences,3,5.0,0.3333333333333333,2.302585092994046,0.6666666666666666,0.881578947368421,0.3333333333333333,0.6365141682948128,0.8926356832186381,0.6666666666666666,openalex_education_1000
W4402007155,post_ai,2024,Social Sciences,71,10.0,0.1830985915492957,4.110873864173311,0.1830985915492957,0.6658424187928516,0.0704225352112676,0.3485459709164707,0.8860042028024163,0.1690140845070422,openalex_education_1000
W4402045086,post_ai,2024,Social Sciences,12,24.5,0.0833333333333333,6.174163565555443,0.0,0.4019156728331298,0.75,1.3579778549873245,0.8417336593071619,0.0,openalex_education_1000
W4402089724,post_ai,2024,Social Sciences,16,3.5,0.5,2.668769039850659,0.25,0.9663847957133288,0.5,1.1432752061942135,0.8627000264823437,0.25,openalex_education_1000
W4402115069,post_ai,2024,Social Sciences,2,0.5,1.0,0.0,1.0,,0.0,-0.0,0.927517294883728,1.0,openalex_education_1000
W4402117551,post_ai,2024,Social Sciences,4,4.0,0.5,4.075233955812002,0.25,0.5387523629489603,0.0,-0.0,0.8910900205373764,0.25,openalex_education_1000
W4402118167,post_ai,2024,Social Sciences,35,7.0,0.1428571428571428,3.367295829986474,0.2285714285714285,0.8924816504661773,0.4571428571428571,1.140623233529917,0.8825320056506566,0.2285714285714285,openalex_education_1000
W4402120333,post_ai,2024,Social Sciences,16,4.0,0.4375,2.34106561356211,0.5,0.4904416611733685,1.0,0.2337916587064593,0.9244366511702538,0.5,openalex_education_1000
W4402139761,post_ai,2024,Social Sciences,13,4.0,0.4615384615384615,5.159055299214529,0.0,0.5484665936473165,0.6923076923076923,1.412744636863848,0.8448351759176987,0.0,openalex_education_1000
W4402142279,post_ai,2024,Social Sciences,5,1.0,1.0,2.833213344056216,0.2,0.3023255813953488,0.0,-0.0,0.8909395098686218,0.2,openalex_education_1000
W4402191843,post_ai,2024,Social Sciences,36,2.0,0.7777777777777778,2.359249435647547,0.5,0.8955720501663681,0.3888888888888889,1.1452424059586397,0.8211324314276377,0.2777777777777778,openalex_education_1000
W4402205406,post_ai,2024,Social Sciences,20,7.0,0.3,4.208133636413138,0.25,0.5632609030667283,0.2,0.7083465777061714,0.8420304208993912,0.25,openalex_education_1000
W4402296468,post_ai,2024,Social Sciences,24,4.0,0.375,5.0292831864681045,0.0833333333333333,0.7116782553729456,0.8333333333333334,1.4421326714429736,0.835806113978227,0.0833333333333333,openalex_education_1000
W4402468476,post_ai,2024,Social Sciences,68,14.0,0.0294117647058823,5.026255411964284,0.0147058823529411,0.8477117626935855,0.6617647058823529,1.3944357398562284,0.8929805115741842,0.0147058823529411,openalex_education_1000
W4402508443,post_ai,2024,Social Sciences,37,11.0,0.1351351351351351,3.970291913552122,0.1351351351351351,0.77742189809796,0.1351351351351351,0.576057284246626,0.8318953820177026,0.081081081081081,openalex_education_1000
W4402515928,post_ai,2024,Social Sciences,19,5.0,0.1578947368421052,3.49650756146648,0.1578947368421052,0.6175742574257426,0.1578947368421052,0.6096274235960984,0.890281761947431,0.1578947368421052,openalex_education_1000
W4402519017,post_ai,2024,Social Sciences,35,12.0,0.1428571428571428,4.060443010546419,0.1428571428571428,0.7766467281637359,0.6571428571428571,1.856336390171064,0.8453518986701966,0.1428571428571428,openalex_education_1000
W4402587993,post_ai,2024,Social Sciences,7,1.0,0.8571428571428571,1.3862943611198906,0.7142857142857143,0.3095238095238095,0.7142857142857143,0.9556998911125344,0.9055352551596504,0.7142857142857143,openalex_education_1000
W4402616465,post_ai,2024,Social Sciences,37,13.0,0.054054054054054,4.382026634673881,0.1891891891891892,0.6354422102337747,0.3243243243243243,1.1362624934370855,0.8552204934326378,0.1891891891891892,openalex_education_1000
W4402733112,post_ai,2024,Social Sciences,18,4.0,0.4444444444444444,3.561433329299541,0.2222222222222222,0.6444444444444445,0.8888888888888888,0.6837389058487535,0.8875174058808221,0.2222222222222222,openalex_education_1000
W4402782752,post_ai,2024,Social Sciences,12,10.0,0.0833333333333333,4.241921605867342,0.25,0.6213202497769849,0.1666666666666666,0.5660857389596289,0.8692455043395361,0.25,openalex_education_1000
W4402810785,post_ai,2024,Social Sciences,9,18.0,0.0,3.8918202981106265,0.1111111111111111,0.3932714617169373,0.0,-0.0,0.8396349085701836,0.1111111111111111,openalex_education_1000
W4402856076,post_ai,2024,Social Sciences,22,11.5,0.0454545454545454,4.638765810758253,0.0909090909090909,0.7956676669167292,0.6363636363636364,1.4535084386408603,0.8609963221983477,0.0909090909090909,openalex_education_1000
W4402924244,post_ai,2024,Social Sciences,20,8.5,0.3,5.368285286696795,0.0,0.8649770378874857,0.15,0.5875009311062073,0.872481620311737,0.0,openalex_education_1000
W4402928462,post_ai,2024,Social Sciences,30,7.0,0.1666666666666666,4.579734020801213,0.1333333333333333,0.4555907650520597,0.1666666666666666,0.672591048901325,0.8558749039967855,0.1333333333333333,openalex_education_1000
W4402929669,post_ai,2024,Social Sciences,33,4.0,0.3939393939393939,4.174387269895637,0.1212121212121212,0.8485938810648537,1.0,0.7000399175840192,0.8990742636449409,0.0909090909090909,openalex_education_1000
W4403103863,post_ai,2024,Social Sciences,43,7.0,0.3255813953488372,4.382026634673881,0.1627906976744186,0.8322888759464182,0.5348837209302325,1.3955214758248546,0.8459315452464792,0.1627906976744186,openalex_education_1000
W4403129323,post_ai,2024,Social Sciences,49,4.0,0.4693877551020408,3.5263605246161616,0.2448979591836734,0.8371387283236994,0.7755102040816326,1.2299788433138104,0.7901148820409969,0.1632653061224489,openalex_education_1000
W4403132982,post_ai,2024,Social Sciences,42,10.0,0.0476190476190476,4.78158898134183,0.0952380952380952,0.8345872280061808,0.4285714285714285,1.3625941532116126,0.8560383121172587,0.0952380952380952,openalex_education_1000
W4403146266,post_ai,2024,Social Sciences,41,7.0,0.2195121951219512,3.9889840465642745,0.1463414634146341,0.985524226305412,0.2682926829268293,0.9754445027660532,0.8849238142734621,0.1463414634146341,openalex_education_1000
W4403171292,post_ai,2024,Social Sciences,38,11.0,0.1578947368421052,4.262580680532707,0.0526315789473684,0.8666277620096023,0.3684210526315789,1.1740197787861837,0.8514280727035121,0.0526315789473684,openalex_education_1000
W4403176646,post_ai,2024,Social Sciences,49,9.0,0.2857142857142857,5.068904202220232,0.1836734693877551,0.7795274130128348,0.1428571428571428,0.5749365958171362,0.8589512243562815,0.1836734693877551,openalex_education_1000
W4403195416,post_ai,2024,Social Sciences,18,4.0,0.3888888888888889,4.770540966944205,0.2777777777777778,0.4343612334801762,0.5555555555555556,1.2919060073446698,0.830557730462816,0.0,openalex_education_1000
W4403254491,post_ai,2024,Social Sciences,6,10.5,0.1666666666666666,2.34106561356211,0.5,0.9767002518891688,0.3333333333333333,0.8675632284814612,0.8798517485459646,0.5,openalex_education_1000
W4403400246,post_ai,2024,Social Sciences,27,8.0,0.2222222222222222,5.198497031265826,0.1111111111111111,0.8433120375748088,0.7037037037037037,1.89016294400427,0.8365550858003122,0.074074074074074,openalex_education_1000
W4403403643,post_ai,2024,Social Sciences,14,6.0,0.2857142857142857,4.343721083487962,0.0714285714285714,0.9922144054541246,0.4285714285714285,1.0547209169068124,0.866531640291214,0.0714285714285714,openalex_education_1000
W4403407002,post_ai,2024,Social Sciences,42,7.0,0.1666666666666666,4.795756393757651,0.119047619047619,0.8132148513109273,0.3095238095238095,1.09065236573061,0.8556722289039975,0.119047619047619,openalex_education_1000
W4403418837,post_ai,2024,Social Sciences,8,9.0,0.125,4.424828703319956,0.125,0.9114777280226256,0.25,0.7356219397587946,0.8685265332460403,0.125,openalex_education_1000
W4403474804,post_ai,2024,Social Sciences,14,7.5,0.0,5.778566859817275,0.0,0.3933084434233199,0.1428571428571428,0.509137344082687,0.84947412780353,0.0,openalex_education_1000
W4403537218,post_ai,2024,Social Sciences,8,12.0,0.0,6.202588785179238,0.0,0.4227064582346439,0.25,0.5623351446188083,0.8963156193494797,0.0,openalex_education_1000
W4403557470,post_ai,2024,Social Sciences,24,8.5,0.0416666666666666,3.4923581600591325,0.1666666666666666,0.9075421624860884,0.2916666666666667,1.1134321132614635,0.8473819841941198,0.0416666666666666,openalex_education_1000
W4403651759,post_ai,2024,Social Sciences,44,5.0,0.3636363636363636,3.9889840465642745,0.1136363636363636,0.7652104158953474,0.7727272727272727,1.2387499705845102,0.8094385008920323,0.0454545454545454,openalex_education_1000
W4403706073,post_ai,2024,Social Sciences,16,4.0,0.5,3.496048213707944,0.25,0.9809234828496042,0.5625,0.8815322611881637,0.8240981362760067,0.125,openalex_education_1000
W4403941305,post_ai,2024,Social Sciences,21,3.0,0.5714285714285714,3.258096538021482,0.3809523809523809,0.3333333333333333,0.0952380952380952,0.3805062184775959,0.8887794613838196,0.3809523809523809,openalex_education_1000
W4403966403,post_ai,2024,Social Sciences,53,9.0,0.1509433962264151,4.204692619390966,0.2452830188679245,0.7929401206561301,0.7735849056603774,1.4460440541682944,0.8403073256870486,0.1886792452830188,openalex_education_1000
W4404000834,post_ai,2024,Social Sciences,10,3.5,0.5,2.0126758453675744,0.7,0.390728476821192,0.8,1.366158847569202,0.7513014853000641,0.2,openalex_education_1000
W4404018408,post_ai,2024,Social Sciences,65,3.0,0.5076923076923077,3.7612001156935615,0.1692307692307692,0.5646545454545454,0.7846153846153846,1.4546571208976766,0.8609188409952017,0.1538461538461538,openalex_education_1000
W4404021245,post_ai,2024,Social Sciences,37,8.0,0.2702702702702703,4.634728988229636,0.1351351351351351,0.5681991087925226,0.1081081081081081,0.4549437534681774,0.8754357341173533,0.1351351351351351,openalex_education_1000
W4404030471,post_ai,2024,Social Sciences,30,5.5,0.3,3.737669618283368,0.1333333333333333,0.9586654447279124,0.5,1.18856487378187,0.8405908306439718,0.0666666666666666,openalex_education_1000
W4404079678,post_ai,2024,Social Sciences,28,7.0,0.1785714285714285,3.5642479728400183,0.2857142857142857,0.576861274772362,0.1071428571428571,0.4582082379714531,0.8909841222422463,0.2857142857142857,openalex_education_1000
W4404104769,post_ai,2024,Social Sciences,55,7.0,0.2,2.302585092994046,0.509090909090909,0.9235059760956176,0.4363636363636363,1.60526772972091,0.8218404238874262,0.2545454545454545,openalex_education_1000
W4404283431,post_ai,2024,Social Sciences,12,8.5,0.25,3.21162348176676,0.0833333333333333,0.4886128364389234,0.0,-0.0,0.8989505171775818,0.0833333333333333,openalex_education_1000
W4404356934,post_ai,2024,Social Sciences,29,8.0,0.3103448275862069,3.295836866004329,0.3793103448275862,0.955311519497983,0.6206896551724138,1.695901649147673,0.8644067069579815,0.3793103448275862,openalex_education_1000
W4404393235,post_ai,2024,Social Sciences,26,3.0,0.5384615384615384,3.5964671106079,0.3076923076923077,0.663709336713139,0.5384615384615384,1.172287880770853,0.8200382269345797,0.1923076923076923,openalex_education_1000
W4404464584,post_ai,2024,Social Sciences,21,8.0,0.1904761904761904,4.68213122712422,0.0952380952380952,0.816761828563116,0.1428571428571428,0.5670609309552819,0.8878660542624337,0.0952380952380952,openalex_education_1000
W4404571396,post_ai,2024,Social Sciences,5,5.0,0.2,3.1354942159291497,0.2,0.5616797900262467,1.0,0.5004024235381879,0.7737319827079773,0.0,openalex_education_1000
W4404585097,post_ai,2024,Social Sciences,28,6.0,0.3928571428571428,3.4578617243156566,0.2142857142857142,0.5975678733031674,0.6428571428571429,1.3797384863221245,0.8326511319194522,0.1785714285714285,openalex_education_1000
W4404585846,post_ai,2024,Social Sciences,13,4.0,0.4615384615384615,1.6094379124341005,0.7692307692307693,0.9066390041493776,0.6923076923076923,1.3114313374732374,0.8916320250584528,0.6923076923076923,openalex_education_1000
W4404588178,post_ai,2024,Social Sciences,33,13.0,0.0303030303030303,4.04305126783455,0.0606060606060606,0.4389019082691663,0.9090909090909092,1.4607876382609342,0.913586529818448,0.0606060606060606,openalex_education_1000
W4404595666,post_ai,2024,Social Sciences,2,35.5,0.0,1.7005986908310775,0.5,1.0,0.0,-0.0,0.8449012339115143,0.5,openalex_education_1000
W4404597702,post_ai,2024,Social Sciences,8,4.0,0.5,1.7005986908310775,0.625,0.7142857142857143,0.5,1.3862943611198906,0.8522954434156418,0.5,openalex_education_1000
W4404642474,post_ai,2024,Social Sciences,26,2.5,0.6538461538461539,3.528087642050205,0.2307692307692307,0.6981345392877332,0.7692307692307693,1.5639148630598507,0.8051085770130157,0.1538461538461538,openalex_education_1000
W4404681635,post_ai,2024,Social Sciences,3,8.0,0.0,2.6390573296152584,0.3333333333333333,0.6666666666666666,0.6666666666666666,0.6365141682948128,0.9115889271100364,0.3333333333333333,openalex_education_1000
W4404691896,post_ai,2024,Social Sciences,12,18.0,0.3333333333333333,1.3862943611198906,0.75,0.7857142857142857,0.5833333333333334,1.2650013752730702,0.8638971994320551,0.6666666666666666,openalex_education_1000
W4404723835,post_ai,2024,Social Sciences,63,5.0,0.3809523809523809,3.6375861597263857,0.238095238095238,0.8918832210458775,0.5238095238095238,1.4632819911084358,0.857368098364936,0.2222222222222222,openalex_education_1000
W4404774539,post_ai,2024,Social Sciences,4,9.0,0.5,4.2769553871757005,0.25,0.8374884579870729,0.0,-0.0,0.8963045477867126,0.25,openalex_education_1000
W4404793379,post_ai,2024,Social Sciences,21,6.0,0.238095238095238,2.5649493574615367,0.4761904761904761,0.853183520599251,0.8571428571428571,0.8872422356445006,0.8529664050965082,0.4285714285714285,openalex_education_1000
W4404821462,post_ai,2024,Social Sciences,31,9.5,0.0967741935483871,3.218875824868201,0.2580645161290322,0.9527394037894016,0.1612903225806451,0.7013901080800323,0.8685046242129418,0.2580645161290322,openalex_education_1000
W4404827842,post_ai,2024,Social Sciences,16,4.0,0.375,3.131699131295812,0.3125,0.6615720524017468,0.6875,1.245016889252439,0.8344461694359779,0.3125,openalex_education_1000
W4404895341,post_ai,2024,Social Sciences,3,32.0,0.0,7.215975002651466,0.0,0.6071934798015591,0.0,-0.0,0.9410267273585,0.0,openalex_education_1000
W4405002574,post_ai,2024,Social Sciences,6,11.0,0.1666666666666666,2.393745871391024,0.5,0.7692307692307693,0.5,1.242453324894,0.8144114017486572,0.1666666666666666,openalex_education_1000
W4405157148,post_ai,2024,Social Sciences,37,3.0,0.6486486486486487,2.833213344056216,0.4594594594594595,0.4712153518123667,0.4324324324324324,1.185690592526059,0.8470714092254639,0.4324324324324324,openalex_education_1000
W4405157220,post_ai,2024,Social Sciences,21,4.0,0.3809523809523809,3.555348061489413,0.1428571428571428,0.3101361573373676,0.4761904761904761,0.6920129648318738,0.8760463567007155,0.1428571428571428,openalex_education_1000
W4405209895,post_ai,2024,Social Sciences,17,5.0,0.1764705882352941,4.007333185232471,0.2941176470588235,0.540398740818468,0.3529411764705882,1.006214565944081,0.8308619611403522,0.2941176470588235,openalex_education_1000
W4405224574,post_ai,2024,Social Sciences,13,16.0,0.0769230769230769,3.970291913552122,0.1538461538461538,0.7989155251141552,0.6153846153846154,1.2202821662722374,0.8522182978116549,0.1538461538461538,openalex_education_1000
W4405247077,post_ai,2024,Social Sciences,47,7.0,0.1914893617021276,4.110873864173311,0.1063829787234042,0.6827497865072587,0.4893617021276595,1.271465417963402,0.8652818000062983,0.1063829787234042,openalex_education_1000
W4405365113,post_ai,2024,Social Sciences,28,1.0,0.8571428571428571,2.19722457733622,0.5357142857142857,0.5171026156941649,0.6428571428571429,1.2823927856017845,0.8623761172805514,0.4642857142857143,openalex_education_1000
W4405417082,post_ai,2024,Social Sciences,19,4.0,0.3684210526315789,3.258096538021482,0.3684210526315789,0.4696601941747573,0.7894736842105263,1.2947749214475035,0.8286071858908001,0.3157894736842105,openalex_education_1000
W4405439920,post_ai,2024,Social Sciences,28,6.5,0.2142857142857142,3.2384861814448413,0.2142857142857142,0.6441741859552765,0.1071428571428571,0.4086977250743142,0.8552866705826351,0.2142857142857142,openalex_education_1000
W4405442303,post_ai,2024,Social Sciences,33,10.0,0.2121212121212121,5.327876168789581,0.2424242424242424,0.7297956840040193,0.5757575757575758,0.9173733352977136,0.8585533228787509,0.2424242424242424,openalex_education_1000
W4405495333,post_ai,2024,Social Sciences,24,12.5,0.125,4.022794140401764,0.1666666666666666,0.7779434535757298,0.5,1.473502385080648,0.8608452702562014,0.1666666666666666,openalex_education_1000
W4405509532,post_ai,2024,Social Sciences,21,19.0,0.0,4.248495242049359,0.1428571428571428,0.7892127935796058,0.6666666666666666,0.9759390643499376,0.8312540650367737,0.0952380952380952,openalex_education_1000
W4405586394,post_ai,2024,Social Sciences,11,2.0,0.7272727272727273,0.6931471805599453,0.8181818181818182,0.8956043956043956,0.1818181818181818,0.6001660731596457,0.8690348863601685,0.8181818181818182,openalex_education_1000
W4405623251,post_ai,2024,Social Sciences,58,10.0,0.1551724137931034,4.458789376890552,0.1551724137931034,0.9402664206417248,0.5,1.4507639870456783,0.8423456888774346,0.1379310344827586,openalex_education_1000
W4405713364,post_ai,2024,Social Sciences,9,3.0,0.5555555555555556,2.833213344056216,0.4444444444444444,0.9930204707907638,0.7777777777777778,1.1490596969706204,0.8333061006334093,0.3333333333333333,openalex_education_1000
W4405763659,post_ai,2024,Social Sciences,9,3.0,0.5555555555555556,1.6094379124341005,0.7777777777777778,0.4810126582278481,0.1111111111111111,0.3488320958430319,0.894273493025038,0.7777777777777778,openalex_education_1000
W4405796515,post_ai,2024,Social Sciences,1,2.0,1.0,3.367295829986474,0.0,1.0,0.0,-0.0,0.9087870717048644,0.0,openalex_education_1000
W4405833333,post_ai,2024,Social Sciences,25,2.0,0.8,2.5649493574615367,0.48,0.482233502538071,0.48,1.531461586568846,0.8252267956733703,0.44,openalex_education_1000
W4405834497,post_ai,2024,Social Sciences,3,1.0,0.6666666666666666,0.0,0.6666666666666666,1.0,0.6666666666666666,0.6365141682948128,0.7838395039240519,0.3333333333333333,openalex_education_1000
W4405852344,post_ai,2024,Social Sciences,68,8.0,0.1764705882352941,4.143134726391533,0.1911764705882352,0.8520691508419921,0.7794117647058824,1.5282410420505084,0.846708439728793,0.1911764705882352,openalex_education_1000
W4405860429,post_ai,2024,Social Sciences,7,2.0,0.7142857142857143,1.9459101490553128,0.7142857142857143,0.3333333333333333,1.0,0.6829081047004717,0.8814457654953003,0.7142857142857143,openalex_education_1000
W4405886224,post_ai,2024,Social Sciences,28,5.0,0.2142857142857142,3.511434043041321,0.2142857142857142,0.5378109452736318,0.1071428571428571,0.4582082379714531,0.8871116446597236,0.2142857142857142,openalex_education_1000
W4405889759,post_ai,2024,Social Sciences,24,4.0,0.375,3.4437762858323087,0.2083333333333333,0.6521022258862325,0.2083333333333333,0.6519508373776711,0.8876910954713821,0.2083333333333333,openalex_education_1000
W4405915770,post_ai,2024,Social Sciences,29,8.0,0.1379310344827586,2.995732273553991,0.4482758620689655,0.6037371134020618,0.0689655172413793,0.2509548043576197,0.867645917267635,0.4482758620689655,openalex_education_1000
W4405959421,post_ai,2024,Social Sciences,6,0.5,0.6666666666666666,2.3221954495706862,0.5,0.3114754098360656,0.1666666666666666,0.4505612088663046,0.8452397386233012,0.3333333333333333,openalex_education_1000
W4405971502,post_ai,2025,Social Sciences,26,7.0,0.2692307692307692,3.174569495689899,0.3461538461538461,0.706966457795798,0.4230769230769231,1.3154710143850918,0.8227325792496021,0.3076923076923077,openalex_education_1000
W4405975971,post_ai,2024,Social Sciences,6,3.5,0.5,2.34106561356211,0.5,0.382716049382716,0.1666666666666666,0.4505612088663046,0.8482166230678558,0.3333333333333333,openalex_education_1000
W4405999476,post_ai,2025,Social Sciences,5,1.0,0.8,3.713572066704308,0.4,0.427027027027027,0.6,1.0549201679861442,0.8112319231033325,0.2,openalex_education_1000
W4406050108,post_ai,2025,Social Sciences,16,4.0,0.375,3.657941752254892,0.375,0.9654799083905892,0.375,0.98689944883853,0.8504998423159122,0.375,openalex_education_1000
W4406067968,post_ai,2024,Social Sciences,7,3.0,0.7142857142857143,2.995732273553991,0.4285714285714285,0.650887573964497,0.4285714285714285,1.15374194270109,0.8445112449782235,0.4285714285714285,openalex_education_1000
W4406074924,post_ai,2024,Social Sciences,20,14.5,0.0,3.349750170080839,0.35,0.4543446244477172,0.4,1.158214693401218,0.8613821059465409,0.35,openalex_education_1000
W4406246187,post_ai,2024,Social Sciences,16,5.0,0.1875,4.143134726391533,0.1875,0.4361207897793264,0.4375,1.103432909638192,0.8671178594231606,0.1875,openalex_education_1000
W4406248656,post_ai,2025,Social Sciences,13,8.0,0.0769230769230769,2.833213344056216,0.2307692307692307,0.5056179775280899,0.1538461538461538,0.5359610497090694,0.8596882545031034,0.2307692307692307,openalex_education_1000
W4406275428,post_ai,2025,Social Sciences,1,14.0,0.0,4.158883083359672,0.0,1.0,0.0,-0.0,0.9049854278564452,0.0,openalex_education_1000
W4406312938,post_ai,2025,Social Sciences,3,7.0,0.3333333333333333,3.49650756146648,0.3333333333333333,0.75,0.0,-0.0,0.8693474531173706,0.3333333333333333,openalex_education_1000
W4406313068,post_ai,2025,Social Sciences,19,9.0,0.2105263157894736,2.772588722239781,0.4210526315789473,0.7199290360733294,0.3157894736842105,1.0435479071011902,0.8330269612764057,0.2631578947368421,openalex_education_1000
W4406329806,post_ai,2025,Social Sciences,37,5.0,0.3513513513513513,3.091042453358316,0.3243243243243243,0.6599408124831854,0.5945945945945946,1.339782782356678,0.8551861531025654,0.2432432432432432,openalex_education_1000
W4406454303,post_ai,2025,Social Sciences,3,12.0,0.0,4.110873864173311,0.3333333333333333,0.8986486486486487,0.3333333333333333,0.6365141682948128,0.8211434880892435,0.3333333333333333,openalex_education_1000
W4406619565,post_ai,2025,Social Sciences,15,6.0,0.0666666666666666,3.80666248977032,0.2666666666666666,0.9960915787564434,0.6666666666666666,1.3624474851916286,0.8255629340807596,0.2,openalex_education_1000
W4406622209,post_ai,2025,Social Sciences,9,5.0,0.3333333333333333,4.795790545596741,0.2222222222222222,0.7240779968497094,0.6666666666666666,1.4648163848908131,0.8576779762903849,0.2222222222222222,openalex_education_1000
W4406715139,post_ai,2025,Social Sciences,6,3.0,0.5,1.545521226679158,0.5,0.4539877300613497,0.3333333333333333,0.8675632284814612,0.8656547963619232,0.3333333333333333,openalex_education_1000
W4406727701,post_ai,2024,Social Sciences,37,5.0,0.3513513513513513,4.7535901911063645,0.1621621621621621,0.456146235116552,0.8918918918918919,0.4636550387504186,0.9057941501205032,0.1621621621621621,openalex_education_1000
W4406730593,post_ai,2025,Social Sciences,66,7.0,0.2424242424242424,3.2384861814448413,0.3181818181818182,0.6379088333762555,0.6363636363636364,1.6085293102584193,0.833543449640274,0.2727272727272727,openalex_education_1000
W4406782491,post_ai,2025,Social Sciences,28,2.0,0.75,2.8314802400679726,0.3571428571428571,0.8723702664796634,0.5,1.2918172475583345,0.891530475446156,0.3571428571428571,openalex_education_1000
W4406856423,post_ai,2025,Social Sciences,25,4.0,0.28,4.343805421853684,0.12,0.6736615022553442,0.32,1.0286238016296274,0.8204959511756897,0.08,openalex_education_1000
W4406974685,post_ai,2025,Social Sciences,9,3.0,0.6666666666666666,1.0986122886681098,0.6666666666666666,0.601063829787234,0.6666666666666666,1.0986122886681096,0.8311764399210612,0.4444444444444444,openalex_education_1000
W4407040902,post_ai,2025,Social Sciences,28,6.0,0.25,3.6975537732812422,0.2857142857142857,0.9698163375843222,0.25,0.931104222382482,0.8640960263354438,0.2857142857142857,openalex_education_1000
W4407238185,post_ai,2025,Social Sciences,19,12.0,0.1578947368421052,3.258096538021482,0.3684210526315789,0.911813548645708,0.2631578947368421,0.9269075593909928,0.8625995046214053,0.3684210526315789,openalex_education_1000
W4407263134,post_ai,2025,Social Sciences,41,14.0,0.1219512195121951,5.993961427306569,0.073170731707317,0.5913175366300366,0.2439024390243902,0.9225581293343548,0.8536306474266983,0.073170731707317,openalex_education_1000
W4407282263,post_ai,2024,Social Sciences,2,0.0,1.0,2.6735537653587347,0.5,0.6896551724137931,1.0,0.6931471805599453,0.7101695835590363,0.0,openalex_education_1000
W4407304386,post_ai,2025,Social Sciences,12,20.0,0.25,5.200127409525539,0.1666666666666666,0.5183135275923816,0.9166666666666666,0.2868359830561607,0.8276092360417048,0.1666666666666666,openalex_education_1000
W4407356993,post_ai,2025,Social Sciences,22,7.5,0.1363636363636363,3.218075184184714,0.2272727272727272,0.9609785608953756,0.2272727272727272,0.8387278529003357,0.8749572309580717,0.2272727272727272,openalex_education_1000
W4407481671,post_ai,2025,Social Sciences,12,3.5,0.5,1.791759469228055,0.6666666666666666,0.8420168067226891,0.9166666666666666,1.8200759753606215,0.8874953836202621,0.6666666666666666,openalex_education_1000
W4407590798,post_ai,2025,Social Sciences,31,11.0,0.1290322580645161,4.919980925828125,0.1612903225806451,0.952770804105442,0.2258064516129032,0.8225219414053104,0.8594738302692291,0.1612903225806451,openalex_education_1000
W4407719359,post_ai,2025,Social Sciences,12,4.0,0.4166666666666667,5.5712496307532895,0.1666666666666666,0.4975360121304018,0.25,0.7214636866925115,0.8693313399950663,0.1666666666666666,openalex_education_1000
W4407789346,post_ai,2025,Social Sciences,28,7.0,0.2142857142857142,3.921532008346027,0.2142857142857142,0.9403409090909092,0.6071428571428571,1.183873947814816,0.796010679432324,0.1785714285714285,openalex_education_1000
W4407859247,post_ai,2025,Social Sciences,43,9.0,0.1162790697674418,4.990432586778736,0.1162790697674418,0.7747945839601897,0.9534883720930232,1.046066679786147,0.8750847841418067,0.1162790697674418,openalex_education_1000
W4407924913,post_ai,2025,Social Sciences,41,5.0,0.2926829268292683,3.1354942159291497,0.2926829268292683,0.4868788386376326,0.1463414634146341,0.6447067858933476,0.8615295305484678,0.2682926829268293,openalex_education_1000
W4408076426,post_ai,2025,Social Sciences,17,8.0,0.1176470588235294,3.1780538303479458,0.2352941176470588,0.4783526927138332,0.2352941176470588,0.5455945739691843,0.864234447479248,0.2352941176470588,openalex_education_1000
W4408206399,post_ai,2025,Social Sciences,21,14.0,0.0952380952380952,3.6635616461296463,0.238095238095238,0.9576225726853342,0.5714285714285714,1.0466304865832217,0.8419765347526187,0.1904761904761904,openalex_education_1000
W4408215025,post_ai,2025,Social Sciences,21,7.0,0.0952380952380952,3.58351893845611,0.1904761904761904,0.8321416964575885,0.3809523809523809,0.8080599286573673,0.8782158891359965,0.1904761904761904,openalex_education_1000
W4408306187,post_ai,2025,Social Sciences,16,12.5,0.0625,4.677826051568118,0.0625,0.8209004057060594,0.4375,1.0337005498525014,0.8559930399060249,0.0625,openalex_education_1000
W4408309969,post_ai,2024,Social Sciences,16,3.0,0.5625,2.2386684072391034,0.5625,0.9785314250155568,0.375,0.98689944883853,0.8909758850932121,0.5,openalex_education_1000
W4408363800,post_ai,2025,Social Sciences,64,6.0,0.3125,3.5263605246161616,0.25,0.950212045218807,0.46875,1.57844830715814,0.857964732684195,0.171875,openalex_education_1000
W4408379237,post_ai,2025,Social Sciences,22,6.5,0.2272727272727272,3.0816574020173206,0.4090909090909091,0.7360308285163777,0.2272727272727272,0.7519304663146794,0.8491485525261272,0.4090909090909091,openalex_education_1000
W4408384898,post_ai,2025,Social Sciences,60,9.5,0.0333333333333333,2.8029010331479984,0.3666666666666666,0.951459765467044,0.2666666666666666,0.9434786653776136,0.8708586563666662,0.3666666666666666,openalex_education_1000
W4408586304,post_ai,2025,Social Sciences,29,8.0,0.1379310344827586,2.4849066497880004,0.4827586206896552,0.675574891236793,0.0689655172413793,0.2509548043576197,0.9228995072430578,0.4482758620689655,openalex_education_1000
W4408828443,post_ai,2025,Social Sciences,17,19.0,0.0588235294117647,5.393627546352362,0.0,0.6378777851312597,0.3529411764705882,0.8082699580001821,0.8586454146048602,0.0,openalex_education_1000
W4408856679,post_ai,2025,Social Sciences,13,5.0,0.1538461538461538,3.49650756146648,0.3846153846153846,0.611368909512761,0.1538461538461538,0.5359610497090694,0.8436656181628888,0.3846153846153846,openalex_education_1000
W4408876718,post_ai,2025,Social Sciences,53,11.0,0.1509433962264151,4.343805421853684,0.1886792452830188,0.7913475220247647,0.490566037735849,1.5360300496682815,0.8035195548579378,0.0943396226415094,openalex_education_1000
W4408920189,post_ai,2025,Social Sciences,13,5.0,0.2307692307692307,4.330733340286331,0.0769230769230769,0.5646365422396856,0.5384615384615384,1.377819508039033,0.8411609805547274,0.0,openalex_education_1000
W4408925886,post_ai,2025,Social Sciences,43,4.0,0.4186046511627907,4.060443010546419,0.2093023255813953,0.9157101921300284,0.2790697674418604,0.93651944723899,0.8831503585327504,0.1860465116279069,openalex_education_1000
W4409143437,post_ai,2025,Social Sciences,12,18.0,0.0,3.8709839499103422,0.0833333333333333,0.3858974358974359,0.0,-0.0,0.8903600225845972,0.0833333333333333,openalex_education_1000
W4409165010,post_ai,2024,Social Sciences,8,4.0,0.375,4.193086464488917,0.125,0.3631336405529954,0.25,0.5623351446188083,0.879876583814621,0.125,openalex_education_1000
W4409190441,post_ai,2025,Social Sciences,52,8.5,0.173076923076923,3.4811217321331034,0.1346153846153846,0.7969881923449889,0.173076923076923,0.7343825182102208,0.8947180899289938,0.1346153846153846,openalex_education_1000
W4409216545,post_ai,2024,Social Sciences,40,12.5,0.15,2.596478425445105,0.5,0.6637203696263559,0.5,0.6931471805599453,0.881888996064663,0.425,openalex_education_1000
W4409295232,post_ai,2024,Social Sciences,8,1.5,0.75,0.0,0.875,0.9482758620689656,0.75,1.039720770839918,0.8860090523958206,0.875,openalex_education_1000
W4409341587,post_ai,2025,Social Sciences,53,3.0,0.5094339622641509,3.6375861597263857,0.2264150943396226,0.878029797642873,0.5660377358490566,1.6853882667273523,0.8436294737851845,0.1509433962264151,openalex_education_1000
W4409394148,post_ai,2025,Social Sciences,7,3.0,0.5714285714285714,1.6094379124341005,0.8571428571428571,0.4117647058823529,0.1428571428571428,0.410116318288409,0.9114659343447004,0.8571428571428571,openalex_education_1000
W4409402595,post_ai,2025,Social Sciences,67,14.0,0.0746268656716417,4.110873864173311,0.2238805970149253,0.9801251765198138,0.582089552238806,1.3053233640347628,0.8714648511872363,0.2238805970149253,openalex_education_1000
W4409437484,post_ai,2025,Social Sciences,21,4.0,0.4285714285714285,1.6094379124341005,0.6190476190476191,0.6903846153846154,0.8095238095238095,1.1961299562302357,0.8226517637570699,0.238095238095238,openalex_education_1000
W4409437560,post_ai,2024,Social Sciences,6,9.5,0.3333333333333333,4.469724931082119,0.3333333333333333,0.694570821959357,0.1666666666666666,0.4505612088663046,0.8218943079312643,0.1666666666666666,openalex_education_1000
W4409517358,post_ai,2025,Social Sciences,31,15.0,0.032258064516129,5.332718793265369,0.0967741935483871,0.6324353160842892,0.6129032258064516,1.3825263160088628,0.870512475890498,0.064516129032258,openalex_education_1000
W4409590831,post_ai,2025,Social Sciences,8,2.5,0.625,3.233849363052177,0.375,0.4235668789808917,0.375,0.9002560512685369,0.8736313208937645,0.375,openalex_education_1000
W4409599274,post_ai,2024,Social Sciences,2,5.0,0.0,1.2424533248940002,0.5,1.0,0.5,0.6931471805599453,0.8837123215198517,0.5,openalex_education_1000
W4409600164,post_ai,2024,Social Sciences,15,1.0,0.7333333333333333,0.0,0.8666666666666667,0.946808510638298,0.6,1.0549201679861442,0.8819061517715454,0.8666666666666667,openalex_education_1000
W4409682406,post_ai,2025,Social Sciences,8,1.5,0.625,2.0126758453675744,0.75,0.8951803383338653,0.0,-0.0,0.9135788679122924,0.75,openalex_education_1000
W4409684862,post_ai,2025,Social Sciences,31,5.0,0.2903225806451613,3.4339872044851463,0.2903225806451613,0.9148659767028968,0.4193548387096774,1.1178029193833097,0.8551963337006108,0.2903225806451613,openalex_education_1000
W4409710292,post_ai,2025,Social Sciences,23,17.0,0.0434782608695652,4.060443010546419,0.0869565217391304,0.6084972911320217,0.217391304347826,0.8734641445321512,0.8292118958804918,0.0869565217391304,openalex_education_1000
W4409790600,post_ai,2024,Social Sciences,13,1.0,1.0,1.0986122886681098,0.8461538461538461,0.5535714285714286,0.2307692307692307,0.7937300551584247,0.8998857965836158,0.8461538461538461,openalex_education_1000
W4409830983,post_ai,2024,Social Sciences,9,3.0,0.5555555555555556,2.4849066497880004,0.4444444444444444,0.7876106194690266,0.3333333333333333,1.002718264517516,0.8855743143293593,0.4444444444444444,openalex_education_1000
W4409893405,post_ai,2025,Social Sciences,17,11.0,0.1176470588235294,4.0943445622221,0.2352941176470588,0.8057904543500072,0.7647058823529411,1.152564616149156,0.8497191036448759,0.1764705882352941,openalex_education_1000
W4409954747,post_ai,2025,Social Sciences,17,6.0,0.2941176470588235,4.418840607796598,0.2941176470588235,0.5912850514424047,0.3529411764705882,0.8082699580001821,0.8712045865900376,0.2941176470588235,openalex_education_1000
W4409978499,post_ai,2025,Social Sciences,15,10.0,0.0,4.948759890378168,0.1333333333333333,0.4401330376940133,0.4666666666666667,1.4141754640569788,0.8738006114959717,0.1333333333333333,openalex_education_1000
W4409987503,post_ai,2025,Social Sciences,5,3.0,0.6,5.272999558563747,0.0,0.4829721362229102,1.0,0.9502705392332348,0.8103111386299133,0.0,openalex_education_1000
W4410033420,post_ai,2025,Social Sciences,8,6.5,0.25,3.386540187827768,0.375,0.7783375314861462,1.0,0.7356219397587946,0.7034303322434425,0.0,openalex_education_1000
W4410070922,post_ai,2024,Social Sciences,7,4.0,0.2857142857142857,4.04305126783455,0.2857142857142857,0.6654170571696345,0.4285714285714285,1.15374194270109,0.8233446563993182,0.2857142857142857,openalex_education_1000
W4410074466,post_ai,2024,Social Sciences,39,3.0,0.6923076923076923,2.302585092994046,0.5128205128205128,0.5355648535564853,0.4358974358974359,1.1371895439430502,0.876339472257174,0.5128205128205128,openalex_education_1000
W4410091890,post_ai,2025,Social Sciences,25,6.0,0.0,4.442651256490317,0.04,0.5601965601965602,0.04,0.167944147734173,0.9224458694458008,0.0,openalex_education_1000
W4410121222,post_ai,2025,Social Sciences,1,1.0,1.0,0.0,1.0,,0.0,-0.0,0.9283000826835632,1.0,openalex_education_1000
W4410167355,post_ai,2025,Social Sciences,60,3.0,0.6833333333333333,2.9444389791664403,0.4,0.5326128907757622,0.4666666666666667,1.2355108835408035,0.8622494111458461,0.3833333333333333,openalex_education_1000
W4410218504,post_ai,2025,Social Sciences,20,6.5,0.15,2.8995463272302637,0.35,0.5790219702338767,0.2,0.7083465777061714,0.8670179575681687,0.3,openalex_education_1000
W4410244793,post_ai,2025,Social Sciences,6,9.0,0.1666666666666666,4.9511434159798045,0.3333333333333333,0.5470566179227596,0.0,-0.0,0.8155713975429535,0.1666666666666666,openalex_education_1000
W4410248366,post_ai,2025,Social Sciences,11,2.0,0.5454545454545454,6.075346031088684,0.0,0.2707889125799573,0.5454545454545454,1.162225544921092,0.7929867180910978,0.0,openalex_education_1000
W4410248379,post_ai,2025,Social Sciences,11,2.0,0.5454545454545454,6.075346031088684,0.0,0.2707889125799573,0.5454545454545454,1.162225544921092,0.7859766158190641,0.0,openalex_education_1000
W4410248409,post_ai,2025,Social Sciences,11,2.0,0.5454545454545454,6.075346031088684,0.0,0.2707889125799573,0.5454545454545454,1.162225544921092,0.7937166528268293,0.0,openalex_education_1000
W4410330206,post_ai,2024,Social Sciences,20,3.0,0.55,2.171902710926842,0.55,0.9681150159744408,0.55,1.256597943527338,0.8085589170455932,0.25,openalex_education_1000
W4410343833,post_ai,2025,Social Sciences,49,5.0,0.2653061224489796,3.044522437723423,0.3469387755102041,0.4664618535586277,0.7755102040816326,1.2311650167349932,0.8763377544831257,0.3265306122448979,openalex_education_1000
W4410413469,post_ai,2025,Social Sciences,26,8.0,0.1538461538461538,3.623540292292878,0.3076923076923077,0.9136984496464492,0.3076923076923077,0.8207996891635668,0.8599542081356049,0.2692307692307692,openalex_education_1000
W4410417475,post_ai,2025,Social Sciences,37,6.0,0.2972972972972973,3.091042453358316,0.3243243243243243,0.731794505157798,0.5405405405405406,1.4322719548609313,0.8928924847293545,0.3243243243243243,openalex_education_1000
W4410420087,post_ai,2025,Social Sciences,16,5.0,0.375,3.090008326826286,0.25,0.8934446975449253,0.25,0.7356219397587946,0.8802394717931747,0.25,openalex_education_1000
W4410429485,post_ai,2025,Social Sciences,14,5.0,0.2857142857142857,3.406722299755448,0.3571428571428571,0.4474153297682709,0.2857142857142857,0.8953326659680909,0.9047654015677316,0.3571428571428571,openalex_education_1000
W4410444215,post_ai,2025,Social Sciences,22,18.5,0.0454545454545454,6.115267981770934,0.0454545454545454,0.8678043118563702,0.1363636363636363,0.3983071138052841,0.8605703494765542,0.0454545454545454,openalex_education_1000
W4410504752,post_ai,2025,Social Sciences,24,5.0,0.25,3.4478413488739337,0.375,0.5727491961414791,0.3333333333333333,0.9365995187176586,0.8693123534321785,0.375,openalex_education_1000
W4410523042,post_ai,2025,Social Sciences,22,6.0,0.0909090909090909,4.558014846252471,0.1363636363636363,0.8161799202439597,0.2272727272727272,0.8387278529003357,0.8552639511498538,0.1363636363636363,openalex_education_1000
W4410528873,post_ai,2025,Social Sciences,20,13.0,0.2,4.128173886459008,0.3,0.7765505522514868,0.7,1.400138654928281,0.88062664270401,0.3,openalex_education_1000
W4410590171,post_ai,2025,Social Sciences,16,7.0,0.0625,4.7592065670378485,0.25,0.8215400064555464,0.4375,1.3306600933628874,0.8899444788694382,0.25,openalex_education_1000
W4410718912,post_ai,2024,Social Sciences,1,0.0,1.0,0.0,1.0,,0.0,-0.0,1.0,1.0,openalex_education_1000
W4410735694,post_ai,2024,Social Sciences,2,3.0,1.0,3.970113882572851,0.0,0.8106060606060606,1.0,-0.0,0.8556803464889526,0.0,openalex_education_1000
W4410760428,post_ai,2025,Social Sciences,24,2.5,0.6666666666666666,1.868834809141684,0.75,0.5454545454545454,0.6666666666666666,1.4447234218062492,0.8669858872890472,0.75,openalex_education_1000
W4410838436,post_ai,2025,Social Sciences,33,7.0,0.1818181818181818,4.477336814478207,0.0303030303030303,0.573036979520528,0.696969696969697,1.6895376341232589,0.8419123996387828,0.0303030303030303,openalex_education_1000
W4410841392,post_ai,2025,Social Sciences,10,12.5,0.1,6.689274295397552,0.0,0.714408156477466,0.4,0.8979457248567797,0.855079573392868,0.0,openalex_education_1000
W4410874165,post_ai,2025,Social Sciences,30,12.0,0.1,3.151309487872453,0.2333333333333333,0.9895037705273636,0.5333333333333333,1.448318742214349,0.8601570983727773,0.2333333333333333,openalex_education_1000
W4410878078,post_ai,2025,Social Sciences,27,2.0,0.6296296296296297,5.123963979403259,0.074074074074074,0.4009915149203928,0.5925925925925926,1.198290518685516,0.8369966237633316,0.074074074074074,openalex_education_1000
W4410915422,post_ai,2023,Social Sciences,4,2.5,0.75,1.4978661367769956,0.75,0.9794776119402984,1.0,1.039720770839918,0.7533775717020035,0.5,openalex_education_1000
W4410968261,post_ai,2023,Social Sciences,10,0.0,0.5,0.6931471805599453,1.0,0.1,0.4,1.0888999753452235,0.84010169506073,0.6,openalex_education_1000
W4410969263,post_ai,2025,Social Sciences,15,8.0,0.0666666666666666,4.04305126783455,0.4,0.8482469911041339,0.8666666666666667,1.2700278611169693,0.8538292527198792,0.4,openalex_education_1000
W4411080477,post_ai,2025,Social Sciences,10,4.5,0.2,2.2154083994216567,0.5,0.3675213675213675,0.0,-0.0,0.9305823862552642,0.5,openalex_education_1000
W4411089044,post_ai,2025,Social Sciences,1,8.0,0.0,1.9459101490553128,1.0,1.0,0.0,-0.0,0.9155224561691284,1.0,openalex_education_1000
W4411090392,post_ai,2025,Social Sciences,18,9.0,0.0555555555555555,4.722864324853415,0.1111111111111111,0.5457023060796645,0.1111111111111111,0.3488320958430319,0.875256253613366,0.1111111111111111,openalex_education_1000
W4411129062,post_ai,2025,Social Sciences,1,43.0,0.0,8.25582842728183,0.0,1.0,1.0,-0.0,0.8418992757797241,0.0,openalex_education_1000
W4411156986,post_ai,2025,Social Sciences,15,13.0,0.2,4.718498871295094,0.2,0.9309739524348812,0.5333333333333333,1.615119550060412,0.7874642690022786,0.2,openalex_education_1000
W4411177363,post_ai,2024,Social Sciences,15,9.0,0.1333333333333333,3.9318256327243257,0.2,0.3897142857142857,0.6666666666666666,0.970115783986938,0.885307232538859,0.2,openalex_education_1000
W4411201924,post_ai,2025,Social Sciences,8,3.0,0.75,2.0715673631957663,0.75,0.375,0.375,1.0735428464085233,0.8012572452425957,0.5,openalex_education_1000
W4411263986,post_ai,2025,Social Sciences,3,8.0,0.0,3.1780538303479458,0.3333333333333333,0.9992940046878088,0.6666666666666666,0.6365141682948128,0.8150785366694132,0.0,openalex_education_1000
W4411314176,post_ai,2025,Social Sciences,17,7.0,0.4117647058823529,3.1354942159291497,0.4705882352941176,0.4443793911007025,0.5294117647058824,1.3812885266674404,0.8494917224435246,0.2941176470588235,openalex_education_1000
W4411328789,post_ai,2025,Social Sciences,25,16.0,0.16,5.820082930352362,0.12,0.5854694110662729,0.4,1.3303787549265285,0.8231011581420898,0.12,openalex_education_1000
W4411345193,post_ai,2025,Social Sciences,54,5.0,0.3518518518518518,4.438900196941288,0.1296296296296296,0.93202317706813,0.6481481481481481,1.6839019926148835,0.7813418275780148,0.0185185185185185,openalex_education_1000
W4411354493,post_ai,2025,Social Sciences,5,7.0,0.2,4.454347296253507,0.2,0.6015180265654649,1.0,0.5004024235381879,0.7418393611907959,0.0,openalex_education_1000
W4411426100,post_ai,2024,Social Sciences,7,18.0,0.1428571428571428,7.993619994827744,0.0,0.8057068251705004,0.7142857142857143,1.5498260458782016,0.8264309167861938,0.0,openalex_education_1000
W4411554164,post_ai,2024,Social Sciences,12,13.5,0.0,5.41819969271326,0.0,0.5679634588124114,0.4166666666666667,0.6791932659915256,0.8977532585461935,0.0,openalex_education_1000
W4411585900,post_ai,2025,Social Sciences,45,7.0,0.2,4.543294782270004,0.0888888888888888,0.8722163532643143,0.1111111111111111,0.4544177113133913,0.8566054357422723,0.0666666666666666,openalex_education_1000
W4411598060,post_ai,2025,Social Sciences,31,8.0,0.2903225806451613,4.3694478524670215,0.2903225806451613,0.5774408388833782,0.032258064516129,0.1425058673927378,0.9015837850109224,0.2903225806451613,openalex_education_1000
W4411606041,post_ai,2025,Social Sciences,14,5.0,0.3571428571428571,3.2896256060050506,0.4285714285714285,0.3944153577661431,0.4285714285714285,1.2153881010836147,0.8082085592406136,0.1428571428571428,openalex_education_1000
W4411611331,post_ai,2025,Social Sciences,22,6.0,0.2727272727272727,3.3160008886978147,0.2727272727272727,0.7080037962670042,0.5909090909090909,1.4906920334256557,0.8560104397210208,0.2272727272727272,openalex_education_1000
W4411616613,post_ai,2025,Social Sciences,25,6.0,0.2,3.1354942159291497,0.28,0.6562082777036048,0.88,1.3762100395716657,0.8678139448165894,0.24,openalex_education_1000
W4411627249,post_ai,2025,Social Sciences,37,8.0,0.2972972972972973,4.30406509320417,0.2162162162162162,0.7684322355440887,0.6216216216216216,0.95557352218981,0.8834379202610737,0.2162162162162162,openalex_education_1000
W4411634477,post_ai,2025,Social Sciences,34,15.0,0.0588235294117647,4.799838049077231,0.088235294117647,0.9237363513679304,0.2352941176470588,0.7748451040560902,0.8074426686062532,0.0588235294117647,openalex_education_1000
W4411674804,post_ai,2025,Social Sciences,6,9.5,0.0,4.430816798843313,0.1666666666666666,0.8180848226193652,1.0,-0.0,0.8441171050071716,0.1666666666666666,openalex_education_1000
W4411694453,post_ai,2025,Social Sciences,27,11.0,0.037037037037037,4.060443010546419,0.1851851851851851,0.8959211155032362,0.5555555555555556,1.1118251430236676,0.8538672107237356,0.1851851851851851,openalex_education_1000
W4411729811,post_ai,2025,Social Sciences,48,9.5,0.2083333333333333,4.498821039261756,0.125,0.8252514831054939,0.1458333333333333,0.5315417547194092,0.8263208034137884,0.0625,openalex_education_1000
W4411737393,post_ai,2025,Social Sciences,26,18.0,0.0384615384615384,5.605693923114004,0.0384615384615384,0.5952643692656935,0.5384615384615384,1.2973197936137175,0.8337261722638056,0.0384615384615384,openalex_education_1000
W4411768327,post_ai,2024,Social Sciences,9,10.0,0.1111111111111111,3.7612001156935615,0.3333333333333333,0.2879078694817658,0.7777777777777778,0.8486855577264172,0.7612350450621711,0.1111111111111111,openalex_education_1000
W4411770608,post_ai,2025,Social Sciences,20,3.5,0.5,2.19722457733622,0.6,0.9617963828490144,0.4,1.158214693401218,0.8817098647356033,0.45,openalex_education_1000
W4411789887,post_ai,2025,Social Sciences,13,22.0,0.0,7.119635638017636,0.0,0.6122732965350898,0.8461538461538461,0.9251290835720823,0.8248186799196097,0.0,openalex_education_1000
W4411795971,post_ai,2025,Social Sciences,28,11.0,0.1071428571428571,5.604184237646801,0.0357142857142857,0.49842902027992,0.3214285714285714,0.9502438880491076,0.8428204038313457,0.0357142857142857,openalex_education_1000
W4411880745,post_ai,2025,Social Sciences,8,6.5,0.125,3.844456668432398,0.25,0.2403846153846154,0.25,0.7356219397587946,0.8363476470112801,0.25,openalex_education_1000
W4411915705,post_ai,2025,Social Sciences,5,2.0,0.8,2.8903717578961645,0.4,0.9418439716312056,0.6,1.3321790402101223,0.8409163594245911,0.2,openalex_education_1000
W4411930748,post_ai,2025,Social Sciences,8,5.5,0.125,2.4337672252277915,0.5,0.5564466849984724,0.25,0.5623351446188083,0.8448824658989906,0.375,openalex_education_1000
W4411984683,post_ai,2025,Social Sciences,41,7.0,0.0975609756097561,4.844187086458591,0.024390243902439,0.6452254254137185,0.2682926829268293,0.9482318745570032,0.8729436034109535,0.024390243902439,openalex_education_1000
W4412008700,post_ai,2025,Social Sciences,65,5.0,0.3846153846153846,2.9444389791664403,0.4153846153846154,0.9883014398576933,0.5846153846153846,1.780632163401291,0.8066661367049583,0.2923076923076923,openalex_education_1000
W4412092141,post_ai,2025,Social Sciences,16,5.0,0.375,3.017740716262378,0.3125,0.5406911928651059,0.5,1.2996509635498974,0.8252056539058685,0.3125,openalex_education_1000
W4412109612,post_ai,2025,Social Sciences,31,8.0,0.0967741935483871,3.970291913552122,0.1290322580645161,0.6275537877418188,0.5161290322580645,1.1954989294380474,0.8398448786427898,0.0967741935483871,openalex_education_1000
W4412411982,post_ai,2025,Social Sciences,16,3.5,0.5,2.764714543755712,0.375,0.4491017964071856,0.5625,1.331660286822432,0.8060457967221737,0.25,openalex_education_1000
W4412457646,post_ai,2025,Social Sciences,23,6.0,0.0869565217391304,4.248495242049359,0.0434782608695652,0.988810045228688,0.5652173913043478,1.463383825823367,0.8185516310774762,0.0,openalex_education_1000
W4412471785,post_ai,2025,Social Sciences,55,10.0,0.0545454545454545,3.80666248977032,0.2181818181818181,0.8462539068851511,0.109090909090909,0.4801507948065612,0.8667792602018877,0.2,openalex_education_1000
W4412593214,post_ai,2025,Social Sciences,18,6.0,0.1111111111111111,3.7060801674726025,0.1666666666666666,0.6094357976653697,0.6111111111111112,1.5654451070633326,0.8263968527317047,0.1111111111111111,openalex_education_1000
W4412613067,post_ai,2025,Social Sciences,5,7.0,0.0,5.981414211254481,0.0,0.3578131374949,0.2,0.5004024235381879,0.7615388035774231,0.0,openalex_education_1000
W4412637765,post_ai,2025,Social Sciences,11,4.0,0.4545454545454545,4.02535169073515,0.2727272727272727,0.8503305004721435,0.3636363636363636,1.0335620542068176,0.889703094959259,0.2727272727272727,openalex_education_1000
W4412748071,post_ai,2025,Social Sciences,29,5.0,0.4827586206896552,3.784189633918261,0.2413793103448276,0.8199785688772473,0.6896551724137931,1.5464505439488316,0.8539394325223463,0.2068965517241379,openalex_education_1000
W4412772213,post_ai,2025,Social Sciences,16,2.5,0.625,2.0126758453675744,0.625,0.9121875,0.1875,0.6019239717322894,0.8925140015780926,0.625,openalex_education_1000
W4412781630,post_ai,2025,Social Sciences,20,3.0,0.55,2.138333059508028,0.65,0.4725609756097561,0.0,-0.0,0.908508875966072,0.55,openalex_education_1000
W4412865329,post_ai,2025,Social Sciences,4,9.5,0.25,1.6094379124341005,0.5,0.9314285714285714,0.25,0.5623351446188083,0.8842127323150635,0.5,openalex_education_1000
W4412873885,post_ai,2025,Social Sciences,5,12.0,0.0,2.70805020110221,0.4,0.4591836734693877,0.4,0.6730116670092565,0.909011733531952,0.4,openalex_education_1000
W4412887533,post_ai,2025,Social Sciences,6,14.5,0.0,2.5152189606962176,0.5,0.4856661045531197,0.6666666666666666,1.0114042647073516,0.8847324152787527,0.5,openalex_education_1000
W4412907072,post_ai,2025,Social Sciences,8,4.0,0.5,2.171902710926842,0.625,0.4046256556986171,0.625,1.4941751382893085,0.8129647523164749,0.5,openalex_education_1000
W4412989305,post_ai,2025,Social Sciences,3,5.0,0.0,1.0986122886681098,0.6666666666666666,0.9995208433157644,1.0,1.0986122886681096,0.8674990137418112,0.6666666666666666,openalex_education_1000
W4413061235,post_ai,2025,Social Sciences,21,4.0,0.3809523809523809,1.9459101490553128,0.6666666666666666,0.6842105263157895,0.5714285714285714,1.3882040281742298,0.8798869734718686,0.6190476190476191,openalex_education_1000
W4413062152,post_ai,2025,Social Sciences,68,10.0,0.1911764705882352,4.9116807540284215,0.0147058823529411,0.8790671297937195,0.6764705882352942,1.2456888864286884,0.8438899841378716,0.0147058823529411,openalex_education_1000
W4413098927,post_ai,2025,Social Sciences,77,5.0,0.3636363636363636,3.688879454113936,0.3506493506493506,0.8560530265132567,0.2467532467532467,0.9507675409242328,0.8768918947740034,0.3376623376623376,openalex_education_1000
W4413128943,post_ai,2025,Social Sciences,20,41.0,0.0,5.482458525038261,0.1,0.6180367242581545,0.8,1.8740632076972927,0.8447214037179946,0.05,openalex_education_1000
W4413132832,post_ai,2025,Social Sciences,50,2.0,0.72,3.1567740231385475,0.32,0.8688312737258703,0.32,1.1881831634921984,0.8451835250854492,0.26,openalex_education_1000
W4413175468,post_ai,2025,Social Sciences,58,12.5,0.0862068965517241,4.202907301716424,0.1206896551724138,0.862703634085213,0.0517241379310344,0.2035609061707257,0.8831460907541472,0.1206896551724138,openalex_education_1000
W4413248394,post_ai,2025,Social Sciences,21,7.0,0.3333333333333333,4.23410650459726,0.1428571428571428,0.5870331219168429,0.1904761904761904,0.6849547610531581,0.8827729140009198,0.1428571428571428,openalex_education_1000
W4413263797,post_ai,2025,Social Sciences,17,4.0,0.4705882352941176,2.772588722239781,0.4705882352941176,0.9918486409857964,0.6470588235294118,1.3745691971890992,0.8776530868866864,0.4117647058823529,openalex_education_1000
W4413326608,post_ai,2025,Social Sciences,11,8.0,0.2727272727272727,1.791759469228055,0.5454545454545454,0.5594855305466238,0.7272727272727273,1.6726254461503207,0.8434665528210726,0.5454545454545454,openalex_education_1000
W4413432903,post_ai,2025,Social Sciences,11,8.0,0.0909090909090909,1.791759469228055,0.6363636363636364,0.9920199689875572,0.3636363636363636,1.0335620542068176,0.806377573446794,0.4545454545454545,openalex_education_1000
W4413437398,post_ai,2025,Social Sciences,49,6.0,0.1428571428571428,4.356708826689592,0.1224489795918367,0.938521490855776,0.2448979591836734,0.9458096943717564,0.8409380487033299,0.1020408163265306,openalex_education_1000
W4413470485,post_ai,2025,Social Sciences,11,2.0,0.9090909090909092,0.6931471805599453,0.9090909090909092,0.7,0.0909090909090909,0.3046360973492381,0.9215491630814292,0.9090909090909092,openalex_education_1000
W4413714523,post_ai,2025,Social Sciences,53,6.0,0.1886792452830188,2.995732273553991,0.4150943396226415,0.9746843316539155,0.5660377358490566,1.5932249809932553,0.8593469936892671,0.3962264150943396,openalex_education_1000
W4413834227,post_ai,2025,Social Sciences,20,6.0,0.25,4.090860227564054,0.15,0.8208686712927268,0.2,0.7083465777061714,0.9016388028860092,0.15,openalex_education_1000
W4413859683,post_ai,2025,Social Sciences,37,5.0,0.3243243243243243,3.367295829986474,0.1081081081081081,0.5818035101876134,0.4864864864864865,1.3875117396683554,0.8827031448080733,0.1081081081081081,openalex_education_1000
W4413885816,post_ai,2025,Social Sciences,32,14.0,0.125,4.134365916058869,0.09375,0.6584114052953157,0.09375,0.4141240568744845,0.8885215613991022,0.09375,openalex_education_1000
W4413934902,post_ai,2025,Social Sciences,20,3.0,0.6,1.7776740307447068,0.7,0.9205277044854882,0.35,1.189885755092003,0.8396301537752151,0.65,openalex_education_1000
W4413942251,post_ai,2025,Social Sciences,79,7.0,0.2151898734177215,3.951243718581428,0.2278481012658227,0.804159445407279,0.2025316455696202,0.5512422729834809,0.8805921869941905,0.2278481012658227,openalex_education_1000
W4413989992,post_ai,2025,Social Sciences,8,5.0,0.375,1.9560115027140728,0.625,0.4719101123595505,0.375,1.0735428464085233,0.8439222946763039,0.625,openalex_education_1000
W4414001774,post_ai,2025,Social Sciences,11,3.0,0.5454545454545454,2.4849066497880004,0.4545454545454545,0.8704918032786885,0.5454545454545454,1.4142790651247086,0.8259278915145181,0.4545454545454545,openalex_education_1000
W4414017855,post_ai,2025,Social Sciences,9,3.0,0.5555555555555556,3.218875824868201,0.4444444444444444,0.8078078078078078,0.7777777777777778,1.7351264569629228,0.807250612311893,0.3333333333333333,openalex_education_1000
W4414088841,post_ai,2025,Social Sciences,4,11.5,0.0,6.858291321018493,0.0,0.6648850016196955,0.25,0.5623351446188083,0.88230399787426,0.0,openalex_education_1000
W4414091932,post_ai,2025,Social Sciences,33,8.0,0.2121212121212121,3.4657359027997265,0.2121212121212121,0.5787193066923447,0.2424242424242424,0.805911749696045,0.8612820740902063,0.1818181818181818,openalex_education_1000
W4414242083,post_ai,2025,Social Sciences,38,8.0,0.2105263157894736,4.850930422342084,0.1052631578947368,0.904744206022763,0.3421052631578947,1.1640324450076194,0.8877971188018197,0.1052631578947368,openalex_education_1000
W4414250778,post_ai,2025,Social Sciences,85,5.0,0.3294117647058823,4.499809670330265,0.1176470588235294,0.8950623866908393,0.388235294117647,1.3793647845725188,0.8724931464475744,0.1176470588235294,openalex_education_1000
W4414305243,post_ai,2025,Social Sciences,56,13.0,0.0357142857142857,4.594660502376053,0.1785714285714285,0.8716128609783249,0.0714285714285714,0.33158440988954,0.8691039883664676,0.1785714285714285,openalex_education_1000
W4414317937,post_ai,2025,Social Sciences,15,12.0,0.0,5.081404364984463,0.0,0.6487722375344526,0.6666666666666666,1.454867109266288,0.8315375526746114,0.0,openalex_education_1000
W4414330940,post_ai,2025,Social Sciences,34,9.5,0.0588235294117647,4.485724231846916,0.1764705882352941,0.9505621257203118,0.3235294117647059,0.9160105452100106,0.852735640371547,0.1764705882352941,openalex_education_1000
W4414402989,post_ai,2025,Social Sciences,32,10.0,0.125,4.433784166603221,0.0625,0.951422118119458,0.28125,0.8761445346203898,0.8619380686432123,0.0625,openalex_education_1000
W4414472263,post_ai,2025,Social Sciences,25,10.0,0.24,2.70805020110221,0.48,0.8234887186036611,0.56,1.6783278577773888,0.8588640260696411,0.4,openalex_education_1000
W4414584760,post_ai,2025,Social Sciences,32,8.5,0.125,4.674006588550627,0.21875,0.864705419649178,0.21875,0.7343806706964617,0.8735447097569704,0.21875,openalex_education_1000
W4414654291,post_ai,2025,Social Sciences,37,5.0,0.4054054054054054,2.772588722239781,0.3783783783783784,0.8110229117806242,0.6216216216216216,1.1003464742989275,0.8449605155635525,0.3513513513513513,openalex_education_1000
W4414693733,post_ai,2025,Social Sciences,68,10.5,0.2058823529411764,4.559112541534189,0.1176470588235294,0.776898348838342,0.2647058823529412,0.7456561862358058,0.8680793108309016,0.1176470588235294,openalex_education_1000
W4414714934,post_ai,2025,Social Sciences,28,8.0,0.1785714285714285,4.619561086700818,0.0714285714285714,0.5564664006040341,0.1785714285714285,0.558577924073418,0.9032282126801354,0.0714285714285714,openalex_education_1000
W4414731880,post_ai,2025,Social Sciences,56,6.0,0.2678571428571428,3.94827635082152,0.3392857142857143,0.9050251546035086,0.625,1.8409788449482225,0.8635793530515262,0.1607142857142857,openalex_education_1000
W4414742330,post_ai,2025,Social Sciences,4,15.0,0.0,3.196795376975316,0.25,0.5412844036697247,0.25,0.5623351446188083,0.886286586523056,0.25,openalex_education_1000
W4414855042,post_ai,2025,Social Sciences,20,2.0,0.7,3.3460418712533144,0.45,0.8683763586956522,0.65,0.998579331587392,0.8415460020303727,0.45,openalex_education_1000
W4414909735,post_ai,2025,Social Sciences,118,11.0,0.1101694915254237,3.540854293052788,0.211864406779661,0.7989837822788335,0.1271186440677966,0.5781480453552456,0.8865471760095176,0.2033898305084746,openalex_education_1000
W4414980144,post_ai,2025,Social Sciences,16,2.0,0.75,3.869026148844658,0.3125,0.7645215211032177,0.625,1.4614721293040245,0.8440644107758999,0.3125,openalex_education_1000
W4415066638,post_ai,2025,Social Sciences,9,1.0,0.7777777777777778,2.4849066497880004,0.4444444444444444,0.5689655172413793,0.4444444444444444,1.1490596969706204,0.8686666886011759,0.3333333333333333,openalex_education_1000
W4415145559,post_ai,2025,Social Sciences,18,7.5,0.1666666666666666,4.855739615076315,0.1111111111111111,0.4231023102310231,0.7777777777777778,1.783073469038219,0.8041436639097002,0.0,openalex_education_1000
W4415150289,post_ai,2025,Social Sciences,77,5.0,0.3766233766233766,3.49650756146648,0.2337662337662337,0.7526206998375904,0.4025974025974026,1.0411781907742954,0.8729998740282926,0.2207792207792207,openalex_education_1000
W4415224593,post_ai,2025,Social Sciences,46,4.5,0.4130434782608695,4.356626637160353,0.1956521739130435,0.7454210040848597,0.5434782608695652,1.6324431167317444,0.8322598830513332,0.1304347826086956,openalex_education_1000
W4415227786,post_ai,2025,Social Sciences,20,9.0,0.25,4.2413008733233095,0.2,0.969452156120616,0.45,1.3734685941026814,0.8647657454013824,0.2,openalex_education_1000
W4415230380,post_ai,2025,Social Sciences,9,4.0,0.3333333333333333,4.564348191467836,0.4444444444444444,0.3880681818181818,0.8888888888888888,1.1490596969706204,0.8551549580362108,0.4444444444444444,openalex_education_1000
W4415357175,post_ai,2025,Social Sciences,45,5.0,0.3111111111111111,3.80666248977032,0.1555555555555555,0.5798182998053212,0.5111111111111111,1.4408519798521873,0.8447659982575311,0.1333333333333333,openalex_education_1000
W4415398020,post_ai,2025,Social Sciences,36,7.0,0.1666666666666666,4.527894806063792,0.2222222222222222,0.7893013100436681,0.3333333333333333,0.8770020638589834,0.8691313250197304,0.1944444444444444,openalex_education_1000
W4415491309,post_ai,2025,Social Sciences,34,4.0,0.2941176470588235,3.177185020398676,0.3823529411764705,0.5785080855503391,0.3823529411764705,1.4012800140599488,0.839915501720765,0.3235294117647059,openalex_education_1000
W4415493230,post_ai,2025,Social Sciences,42,6.5,0.238095238095238,3.623540292292878,0.2857142857142857,0.835384051521022,0.4047619047619047,1.0174719190687538,0.8550741601557958,0.2619047619047619,openalex_education_1000
W4415541753,post_ai,2025,Social Sciences,47,14.0,0.0,4.465908118654584,0.0,0.8537012987012987,0.6595744680851063,1.3660472979442004,0.8886842017478132,0.0,openalex_education_1000
W4415556430,post_ai,2025,Social Sciences,17,7.0,0.2352941176470588,5.83773044716594,0.1176470588235294,0.3646365422396856,0.8235294117647058,0.6779087256441981,0.8458192032926223,0.1176470588235294,openalex_education_1000
W4415693964,post_ai,2025,Social Sciences,67,7.0,0.1641791044776119,4.770684624465665,0.0746268656716417,0.8979623137598598,0.4626865671641791,1.3882491079864607,0.8490897034531208,0.0746268656716417,openalex_education_1000
W4415743450,post_ai,2025,Social Sciences,22,4.5,0.4545454545454545,3.177185020398676,0.3636363636363636,0.9796655813528892,0.8181818181818182,1.5389874599202835,0.8645782416517084,0.3181818181818182,openalex_education_1000
W4415956260,post_ai,2025,Social Sciences,45,10.0,0.1333333333333333,3.871201010907891,0.1777777777777777,0.88266687595652,0.2,0.7858146322143328,0.900912880897522,0.1777777777777777,openalex_education_1000
W4415981707,post_ai,2025,Social Sciences,25,12.0,0.12,5.8664680569332965,0.04,0.7607563074401452,0.36,1.1671601704107626,0.8674302387237549,0.04,openalex_education_1000
W4416024178,post_ai,2025,Social Sciences,28,8.0,0.1785714285714285,4.254983573162249,0.25,0.4109263657957244,0.5714285714285714,1.1770453027162642,0.8598795192582267,0.2142857142857142,openalex_education_1000
W4416096115,post_ai,2025,Social Sciences,56,4.0,0.375,3.91021975763109,0.1071428571428571,0.8001617528122932,1.0,1.6808119871448652,0.8584862319486481,0.1071428571428571,openalex_education_1000
W4416097183,post_ai,2025,Social Sciences,24,4.5,0.375,2.995732273553991,0.375,0.3864042933810375,0.2916666666666667,0.7232545110011122,0.9290677358706791,0.375,openalex_education_1000
W4416132423,post_ai,2025,Social Sciences,41,4.0,0.3902439024390244,3.091042453358316,0.3658536585365853,0.7476878612716763,0.3414634146341463,1.1035861623951502,0.8245016132912985,0.3170731707317073,openalex_education_1000
W4416143801,post_ai,2025,Social Sciences,38,6.5,0.1842105263157894,3.51054198214457,0.2105263157894736,0.6564690885914596,0.0789473684210526,0.3629234715124522,0.8839022078012165,0.2105263157894736,openalex_education_1000
W4416270790,post_ai,2025,Social Sciences,16,11.5,0.125,4.624780542564732,0.1875,0.8180580762250453,0.5625,1.3686896376228386,0.8736930936574936,0.1875,openalex_education_1000
W4416301057,post_ai,2025,Social Sciences,26,6.0,0.2692307692307692,3.9604048396443,0.3076923076923077,0.9335299511759896,0.6923076923076923,1.335793692619995,0.8383993345957536,0.3076923076923077,openalex_education_1000
W4416590310,post_ai,2025,Social Sciences,34,6.0,0.2647058823529412,3.988812549392296,0.1764705882352941,0.9016812806692944,0.4411764705882353,1.3608790768182155,0.8612432935658623,0.1764705882352941,openalex_education_1000
W4416591035,post_ai,2025,Social Sciences,29,11.0,0.2068965517241379,3.5263605246161616,0.4137931034482758,0.4321739130434782,0.2758620689655172,0.7919327952430184,0.85360769978885,0.4137931034482758,openalex_education_1000
W4416665645,post_ai,2025,Social Sciences,32,6.0,0.34375,4.908365344304923,0.21875,0.8843083234460153,0.15625,0.5115867519685875,0.8510608077049255,0.1875,openalex_education_1000
W4416721483,post_ai,2025,Social Sciences,30,3.0,0.5,3.6605942783697394,0.2333333333333333,0.6864803747375222,0.5666666666666667,1.4744809126571494,0.8373016595840455,0.2333333333333333,openalex_education_1000
W4416733463,post_ai,2025,Social Sciences,7,3.0,0.5714285714285714,4.04305126783455,0.2857142857142857,0.3442622950819672,0.5714285714285714,1.0042424730540764,0.8509871448789325,0.1428571428571428,openalex_education_1000
W4416775667,post_ai,2025,Social Sciences,32,4.5,0.34375,3.525927811477947,0.28125,0.6185540950455005,0.5625,1.150916920588351,0.8794841673225164,0.28125,openalex_education_1000
W4416802210,post_ai,2025,Social Sciences,40,9.5,0.1,4.149518590806533,0.1,0.976375695359492,0.275,1.0134834160175317,0.9073203533887864,0.075,openalex_education_1000
W4416839199,post_ai,2025,Social Sciences,18,5.5,0.2777777777777778,4.609550938822378,0.0555555555555555,0.7933898162905797,0.2777777777777778,0.9608919796672832,0.8524757027626038,0.0555555555555555,openalex_education_1000
W4416842026,post_ai,2025,Social Sciences,50,10.0,0.1,3.81716861781416,0.22,0.8426313785224676,0.26,0.9120645547588804,0.8952792286872864,0.22,openalex_education_1000
W4416872707,post_ai,2025,Social Sciences,41,8.0,0.1707317073170731,4.976733742420574,0.1219512195121951,0.8362615243159961,0.0975609756097561,0.374552563439902,0.8759610405782374,0.1219512195121951,openalex_education_1000
W4417050542,post_ai,2025,Social Sciences,47,8.0,0.1914893617021276,3.6375861597263857,0.2127659574468085,0.7180269246949937,0.1914893617021276,0.6508896177506781,0.8661318776455331,0.2127659574468085,openalex_education_1000
W4417129269,post_ai,2025,Social Sciences,21,5.0,0.3333333333333333,2.70805020110221,0.3333333333333333,0.9574733997635536,0.4761904761904761,1.2483379411064277,0.859654310203734,0.3333333333333333,openalex_education_1000
W4417154680,post_ai,2025,Social Sciences,17,6.0,0.3529411764705882,3.610917912644224,0.2352941176470588,0.9722483242498278,0.4705882352941176,1.476104046289728,0.8595011865391451,0.2352941176470588,openalex_education_1000
W4417251230,post_ai,2025,Social Sciences,32,6.0,0.34375,2.984353779992683,0.34375,0.7654708520179372,0.09375,0.4141240568744845,0.8727270383387804,0.34375,openalex_education_1000
W7107881473,post_ai,2025,Social Sciences,27,2.0,0.6296296296296297,2.772588722239781,0.4444444444444444,0.6078431372549019,0.037037037037037,0.1584105701317908,0.9022592725577178,0.4074074074074074,openalex_education_1000
W7108325506,post_ai,2025,Social Sciences,71,10.0,0.1408450704225352,4.653960350157523,0.056338028169014,0.4959399606299212,0.2394366197183098,0.9166525076461616,0.9022151760652032,0.056338028169014,openalex_education_1000
W7109759671,post_ai,2025,Social Sciences,29,9.0,0.2068965517241379,4.060443010546419,0.2068965517241379,0.6646588002310422,0.0344827586206896,0.149994923610415,0.8823746237261542,0.1724137931034483,openalex_education_1000
W7109988933,post_ai,2025,Social Sciences,56,3.0,0.8214285714285714,2.138333059508028,0.5535714285714286,0.9315006759801712,0.4642857142857143,1.5778484654099805,0.8288857564330101,0.4821428571428571,openalex_education_1000
W7114782107,post_ai,2025,Social Sciences,41,3.0,0.6341463414634146,3.4339872044851463,0.3658536585365853,0.5676241771394375,0.5609756097560976,1.6480261732684856,0.8378866198586254,0.3170731707317073,openalex_education_1000
W7116837811,post_ai,2025,Social Sciences,15,5.0,0.4,3.1354942159291497,0.2,0.8790849673202614,0.8,1.235144651532666,0.8638130942980449,0.2,openalex_education_1000
W7117113859,post_ai,2025,Social Sciences,17,3.0,0.5294117647058824,4.04305126783455,0.2352941176470588,0.7092142002393299,0.1764705882352941,0.5783252866601273,0.8843084924361285,0.1764705882352941,openalex_education_1000
W7117296924,post_ai,2025,Social Sciences,73,5.0,0.3698630136986301,5.313205979041787,0.136986301369863,0.810447947984365,0.7534246575342466,2.093124385176925,0.8269730471584895,0.0684931506849315,openalex_education_1000
W7117309361,post_ai,2025,Social Sciences,31,4.0,0.3870967741935484,2.6390573296152584,0.4516129032258064,0.9155798991479742,0.5483870967741935,1.1013788220158176,0.8524488595224196,0.4516129032258064,openalex_education_1000
W7118697109,post_ai,2026,Social Sciences,42,5.5,0.1666666666666666,4.831344532991599,0.0476190476190476,0.931368162794054,0.5952380952380952,1.219509198730946,0.8756881611687797,0.0476190476190476,openalex_education_1000
W7118926842,post_ai,2026,Social Sciences,18,12.0,0.0555555555555555,4.96739620118227,0.2222222222222222,0.4880763116057233,0.2222222222222222,0.760755259244303,0.888861788643731,0.2222222222222222,openalex_education_1000
W7119655050,post_ai,2026,Social Sciences,22,7.0,0.0909090909090909,3.777690972120136,0.0454545454545454,0.92041147807255,0.3181818181818182,0.9295776887159248,0.8919627422636206,0.0454545454545454,openalex_education_1000
W7120075263,post_ai,2026,Social Sciences,35,4.0,0.3714285714285714,3.332204510175204,0.3428571428571428,0.979593856711592,0.9428571428571428,1.2933135408286631,0.8296102728162493,0.2,openalex_education_1000
W7122564364,post_ai,2025,Social Sciences,11,6.0,0.2727272727272727,3.4011973816621555,0.2727272727272727,0.695194206714944,0.1818181818181818,0.4741393130578373,0.9001623066988859,0.2727272727272727,openalex_education_1000
W7122772860,post_ai,2026,Social Sciences,42,10.5,0.0714285714285714,4.059103524702891,0.1904761904761904,0.633417864187095,0.0952380952380952,0.4135132270756885,0.8479372021697816,0.1904761904761904,openalex_education_1000
W7123362788,post_ai,2026,Social Sciences,18,4.0,0.4444444444444444,3.326431514676673,0.3333333333333333,0.5637949836423118,0.7222222222222222,1.4609707477218157,0.8900118801328871,0.2777777777777778,openalex_education_1000
W7123829873,post_ai,2026,Social Sciences,33,4.0,0.3636363636363636,3.951243718581428,0.2727272727272727,0.5693921022447976,0.3939393939393939,1.1450931950407954,0.844754240729592,0.2121212121212121,openalex_education_1000
W7125152709,post_ai,2026,Social Sciences,9,4.0,0.3333333333333333,1.0986122886681098,0.8888888888888888,0.916058394160584,1.0,0.8486855577264172,0.8902426428265042,0.8888888888888888,openalex_education_1000
W7125282372,post_ai,2026,Social Sciences,24,7.0,0.375,3.5964671106079,0.3333333333333333,0.5996932515337423,0.5833333333333334,1.6987829895138011,0.8947530041138331,0.25,openalex_education_1000
W7125413724,post_ai,2026,Social Sciences,40,6.0,0.325,4.763596410863872,0.15,0.8970892474177585,0.9,1.1738494937429222,0.8607236236333847,0.15,openalex_education_1000
W7125708886,post_ai,2026,Social Sciences,41,8.0,0.1951219512195122,5.278114659230517,0.1463414634146341,0.9351771788429536,0.5853658536585366,1.468940351392495,0.8655585472176714,0.1219512195121951,openalex_education_1000
W7125769897,post_ai,2025,Social Sciences,9,5.0,0.0,3.555348061489413,0.3333333333333333,0.7956674473067916,0.6666666666666666,0.936888307539016,0.8909000290764703,0.3333333333333333,openalex_education_1000
W7127305384,post_ai,2026,Social Sciences,25,6.0,0.24,4.31748811353631,0.24,0.8209738664284119,1.0,0.4433066914680871,0.8932279443740845,0.24,openalex_education_1000
W7128166070,post_ai,2026,Social Sciences,42,7.0,0.0476190476190476,2.858513850703111,0.4523809523809524,0.8401610644257703,0.5952380952380952,1.2892940576438092,0.8305953968138922,0.3333333333333333,openalex_education_1000
W7128504767,post_ai,2026,Social Sciences,30,6.5,0.1333333333333333,3.7012257604091214,0.2333333333333333,0.9087504501260352,0.0666666666666666,0.291139838831965,0.8661574840545654,0.2333333333333333,openalex_education_1000
W7128524905,post_ai,2026,Social Sciences,34,11.5,0.1470588235294117,5.162708193337479,0.1176470588235294,0.8257477528954135,0.088235294117647,0.3545988275526489,0.8631471448084888,0.088235294117647,openalex_education_1000
W7128696369,post_ai,2026,Social Sciences,59,5.0,0.3220338983050847,2.3978952727983707,0.5084745762711864,0.994686409791148,0.2711864406779661,0.9179725816950014,0.873056481450291,0.4745762711864407,openalex_education_1000
W7128699550,post_ai,2025,Social Sciences,22,8.5,0.1363636363636363,4.07739378638426,0.1363636363636363,0.8406963872396095,0.2727272727272727,1.01160091167848,0.8167092258279974,0.1363636363636363,openalex_education_1000
W7128726392,post_ai,2026,Social Sciences,20,3.0,0.65,2.585241997519076,0.5,0.5010438413361169,0.4,1.105889879024763,0.8876206368207932,0.5,openalex_education_1000
W7128904894,post_ai,2026,Social Sciences,16,2.0,0.625,0.8958797346140275,0.8125,0.98998159885504,0.4375,1.3633631023481716,0.8170690946280956,0.4375,openalex_education_1000
W7128929367,post_ai,2026,Social Sciences,30,8.0,0.1,3.392228531318822,0.2666666666666666,0.6359971959341044,0.1666666666666666,0.672591048901325,0.8842901825904846,0.2666666666666666,openalex_education_1000
W7130438108,post_ai,2026,Social Sciences,38,12.0,0.1052631578947368,5.3252062193882725,0.0263157894736842,0.521419626968958,0.7105263157894737,2.033715620399958,0.8325345688744595,0.0263157894736842,openalex_education_1000
W7130505909,post_ai,2026,Social Sciences,7,5.0,0.4285714285714285,2.6390573296152584,0.4285714285714285,0.6756756756756757,0.5714285714285714,1.0042424730540764,0.8525258728436061,0.2857142857142857,openalex_education_1000
W7131376850,post_ai,2026,Social Sciences,36,7.0,0.2222222222222222,2.5184763012068148,0.5,0.6356693157188564,0.3055555555555556,0.847582207448788,0.8549514595005248,0.4444444444444444,openalex_education_1000
W7131681379,post_ai,2026,Social Sciences,32,4.5,0.375,3.889942557535261,0.28125,0.986458195183873,0.5,1.5865513505522313,0.8658986892551184,0.25,openalex_education_1000
W7133931553,post_ai,2026,Social Sciences,58,9.5,0.0,3.091042453358316,0.2758620689655172,0.9675459395376408,0.3793103448275862,1.055105665234741,0.8644318971140631,0.2586206896551724,openalex_education_1000
W7133980822,post_ai,2026,Social Sciences,23,6.0,0.217391304347826,3.218875824868201,0.2608695652173913,0.9518481684070944,0.4347826086956521,1.4446455597778654,0.86390272171601,0.2608695652173913,openalex_education_1000
W7134035782,post_ai,2026,Social Sciences,36,11.5,0.1111111111111111,4.68213122712422,0.1388888888888889,0.912354661964504,0.3333333333333333,1.0361306059326865,0.8825413435697556,0.1388888888888889,openalex_education_1000
W7134218824,post_ai,2026,Social Sciences,39,9.0,0.282051282051282,3.4657359027997265,0.3333333333333333,0.8191756537154675,0.7435897435897436,1.4323467462252022,0.8738747819876059,0.3333333333333333,openalex_education_1000
W7134990128,post_ai,2026,Social Sciences,18,18.5,0.0555555555555555,5.339706079776821,0.0555555555555555,0.5620472708723007,0.2222222222222222,0.8377716126398524,0.8549477027522193,0.0555555555555555,openalex_education_1000
W7138895012,post_ai,2026,Social Sciences,16,3.5,0.5,3.977887890767093,0.1875,0.4559834938101788,0.75,1.320888343149322,0.8287624530494213,0.0625,openalex_education_1000
W7138996805,post_ai,2026,Social Sciences,31,12.0,0.0967741935483871,4.890349128221754,0.1290322580645161,0.9360094625563689,0.4838709677419355,0.9963551491815208,0.9138851300362618,0.1290322580645161,openalex_education_1000
W7139013017,post_ai,2026,Social Sciences,38,4.0,0.4210526315789473,3.725039784903749,0.2894736842105263,0.9197138975908624,0.5263157894736842,1.1502526939046978,0.8278506445257288,0.1578947368421052,openalex_education_1000
W7139122601,post_ai,2026,Social Sciences,42,8.5,0.1666666666666666,3.449861553642436,0.1666666666666666,0.4525177424805677,0.0,-0.0,0.8993789823282332,0.1666666666666666,openalex_education_1000
W7139122893,post_ai,2026,Social Sciences,33,5.0,0.3636363636363636,3.688879454113936,0.1818181818181818,0.7939439628093982,0.1212121212121212,0.4953598817474609,0.8935581662438132,0.1515151515151515,openalex_education_1000
W7140112097,post_ai,2026,Social Sciences,27,5.0,0.3703703703703703,3.8918202981106265,0.074074074074074,0.9756502593573908,0.7407407407407407,0.813082901314031,0.8953690595097012,0.074074074074074,openalex_education_1000
W7140273003,post_ai,2026,Social Sciences,22,8.0,0.0,2.6735537653587342,0.4545454545454545,0.9874430024552788,0.6363636363636364,1.5897019034007855,0.8373541533946991,0.3636363636363636,openalex_education_1000
W7147251879,post_ai,2026,Social Sciences,25,4.0,0.48,2.3978952727983707,0.52,0.9853175234760464,0.64,1.4150670314069405,0.8665348815917969,0.52,openalex_education_1000
W7148630194,post_ai,2026,Social Sciences,54,7.0,0.2222222222222222,4.50521247339059,0.1111111111111111,0.9782771130001624,0.2407407407407407,0.8836295506870675,0.836317468572546,0.0925925925925925,openalex_education_1000
W7151452921,post_ai,2026,Social Sciences,38,11.5,0.0263157894736842,3.963842522807889,0.1842105263157894,0.974053271070638,0.4736842105263157,1.358082515707827,0.8698499092930242,0.1578947368421052,openalex_education_1000
W7154448825,post_ai,2026,Social Sciences,5,13.0,0.4,2.302585092994046,0.6,0.5412844036697247,0.4,0.6730116670092565,0.9293701648712158,0.6,openalex_education_1000
W7154592744,post_ai,2026,Social Sciences,20,8.5,0.1,4.681101360642714,0.15,0.4274141283214517,0.4,0.9672604429127742,0.8339808225631714,0.15,openalex_education_1000
W7154708275,post_ai,2026,Social Sciences,5,3.0,0.8,2.9444389791664403,0.4,0.5751633986928104,0.0,-0.0,0.8579653859138489,0.4,openalex_education_1000
W7155180439,post_ai,2026,Social Sciences,20,4.5,0.3,3.846512874208944,0.3,0.5808219178082191,0.3,0.9142855814670988,0.8363389760255814,0.2,openalex_education_1000
W7155534320,post_ai,2026,Social Sciences,33,8.0,0.1515151515151515,3.7612001156935615,0.2727272727272727,0.9919369581741732,0.8181818181818182,1.2504386255369615,0.8872065652500499,0.2727272727272727,openalex_education_1000
W7159597386,post_ai,2026,Social Sciences,36,3.5,0.5,2.5619819897016294,0.4722222222222222,0.9210711768851304,0.4444444444444444,1.3806061200831887,0.8626512785752615,0.4444444444444444,openalex_education_1000
W7160144310,post_ai,2026,Social Sciences,90,6.0,0.3444444444444444,4.226167309533871,0.1444444444444444,0.8007282717718373,0.6222222222222222,1.3829526334127304,0.8472025798426734,0.1444444444444444,openalex_education_1000
W7160186815,post_ai,2026,Social Sciences,26,8.5,0.0,2.8995463272302637,0.4230769230769231,0.7116757664846703,0.6923076923076923,1.7581083771933788,0.8576245307922363,0.3846153846153846,openalex_education_1000
W7160529314,post_ai,2026,Social Sciences,51,6.0,0.2352941176470588,3.4011973816621555,0.2352941176470588,0.9728372010313862,0.5294117647058824,1.763728616696404,0.8358216507762086,0.196078431372549,openalex_education_1000
W7160635348,post_ai,2026,Social Sciences,25,15.0,0.12,4.762173934797756,0.12,0.7190239780289427,0.52,1.3742912625760448,0.899664225578308,0.12,openalex_education_1000
W7160694381,post_ai,2026,Social Sciences,8,10.0,0.0,3.794920756091329,0.125,0.8599928749554685,0.625,1.2554823251787537,0.8497268408536911,0.125,openalex_education_1000
W7160869810,post_ai,2026,Social Sciences,11,15.0,0.0,6.442540166468199,0.0,0.8605942551459472,0.1818181818181818,0.6001660731596457,0.8800742788748308,0.0,openalex_education_1000
W7161685428,post_ai,2026,Social Sciences,18,7.0,0.1111111111111111,4.1190041246092015,0.1666666666666666,0.6093327321911632,0.2222222222222222,0.6546695645285008,0.8618559605545468,0.1666666666666666,openalex_education_1000
W7161843227,post_ai,2026,Social Sciences,27,6.0,0.1851851851851851,2.5649493574615367,0.3703703703703703,0.7140195621797858,0.2222222222222222,0.6711537920120574,0.8817994086830704,0.3333333333333333,openalex_education_1000
W7162112463,post_ai,2026,Social Sciences,34,7.0,0.2058823529411764,4.03105879137737,0.1764705882352941,0.7590073720278268,0.7058823529411765,1.673863087421304,0.8339960399795981,0.1470588235294117,openalex_education_1000
W7162137571,post_ai,2026,Social Sciences,45,5.0,0.3777777777777777,3.9318256327243257,0.2444444444444444,0.6952410640066501,0.3555555555555555,0.9272490561065556,0.8622842139667934,0.1777777777777777,openalex_education_1000
W7162753377,post_ai,2026,Social Sciences,26,19.5,0.1923076923076923,6.158023749369373,0.1153846153846153,0.5429170578081943,0.6153846153846154,0.9514560170770946,0.8778940301675063,0.1153846153846153,openalex_education_1000
W7162806472,post_ai,2026,Social Sciences,26,4.0,0.4230769230769231,4.955603837775633,0.3076923076923077,0.831568222645253,0.8076923076923077,1.5379651698585868,0.8436053097248077,0.3076923076923077,openalex_education_1000
W7163036224,post_ai,2026,Social Sciences,27,2.0,0.8888888888888888,2.4849066497880004,0.4814814814814814,0.6258389261744967,0.8148148148148148,0.925780193177186,0.8631852114642108,0.4444444444444444,openalex_education_1000
W7163506308,post_ai,2026,Social Sciences,12,5.0,0.4166666666666667,3.2461199175102355,0.3333333333333333,0.6196692776327241,0.75,1.2650013752730702,0.8689073920249939,0.3333333333333333,openalex_education_1000
W7164205790,post_ai,2026,Social Sciences,20,10.0,0.2,4.97613885835278,0.25,0.3962425277540564,0.15,0.5181862130502128,0.9064056575298308,0.25,openalex_education_1000
W7164490002,post_ai,2026,Social Sciences,17,14.0,0.0,5.068904202220232,0.0,0.8985398163480355,0.2941176470588235,0.9976148641399868,0.8490545960033641,0.0,openalex_education_1000
W7165145916,post_ai,2026,Social Sciences,4,11.5,0.0,3.3910960280033957,0.0,0.8020565552699229,1.0,1.039720770839918,0.8399306535720825,0.0,openalex_education_1000
W7165189726,post_ai,2026,Social Sciences,24,4.0,0.4166666666666667,2.302585092994046,0.5833333333333334,0.6970633693972179,0.1666666666666666,0.5442837329694393,0.8859187290072441,0.4583333333333333,openalex_education_1000
W7165778524,post_ai,2026,Social Sciences,15,6.0,0.2,2.8903717578961645,0.3333333333333333,0.9642274654778732,0.1333333333333333,0.4850940913022115,0.8881280978520711,0.3333333333333333,openalex_education_1000
W7166435375,post_ai,2026,Social Sciences,10,10.0,0.1,4.621500577107865,0.1,0.3685946911226126,0.5,1.2206072645530173,0.8519071757793426,0.1,openalex_education_1000
W1575234228,pre_ai,2019,Social Sciences,7,15.0,0.0,6.104793232414985,0.1428571428571428,0.5447464368578058,0.4285714285714285,1.15374194270109,0.8361021876335144,0.0,openalex_education_1000
W197772474,pre_ai,2021,Social Sciences,10,14.5,0.0,4.55031855344211,0.1,0.333095577746077,0.6,1.4184836619456564,0.8071265161037445,0.0,openalex_education_1000
W2290621768,pre_ai,2019,Social Sciences,19,20.0,0.0526315789473684,6.113682179832232,0.0,0.4771566597653554,0.4736842105263157,1.4861241287946156,0.7806079042585272,0.0,openalex_education_1000
W2295123132,pre_ai,2019,Social Sciences,42,15.5,0.0,4.780146385077044,0.0238095238095238,0.9206773247957424,0.2619047619047619,0.7322261769722849,0.8969918830054147,0.0238095238095238,openalex_education_1000
W2408914641,pre_ai,2020,Social Sciences,3,14.0,0.0,6.818924065275521,0.0,0.7141585040071238,0.6666666666666666,0.6365141682948128,0.8558079600334167,0.0,openalex_education_1000
W2595678402,pre_ai,2020,Social Sciences,10,11.5,0.1,4.457313063913569,0.3,0.6957924452211319,0.5,1.2206072645530173,0.8653313636779785,0.3,openalex_education_1000
W2598602634,pre_ai,2020,Social Sciences,12,7.0,0.0833333333333333,3.688879454113936,0.3333333333333333,0.6470189701897019,0.0,-0.0,0.910726731022199,0.3333333333333333,openalex_education_1000
W2608084202,pre_ai,2021,Social Sciences,152,15.0,0.006578947368421,5.392375981243302,0.0789473684210526,0.7985602556690435,0.6776315789473685,1.6609670507506804,0.8370395079255104,0.0657894736842105,openalex_education_1000
W2625230685,pre_ai,2020,Social Sciences,125,19.0,0.0,5.225746673713202,0.088,0.7455531689548338,0.2,0.7366798639422645,0.8362670664787293,0.072,openalex_education_1000
W2895427651,pre_ai,2019,Social Sciences,9,38.0,0.0,3.1780538303479458,0.3333333333333333,0.9668205064238492,0.8888888888888888,1.002718264517516,0.913630697462294,0.2222222222222222,openalex_education_1000
W2906919777,pre_ai,2019,Social Sciences,52,12.0,0.1923076923076923,5.4114865876534015,0.0384615384615384,0.6998661286849718,0.4423076923076923,1.4063198692667789,0.8590167726461704,0.0384615384615384,openalex_education_1000
W2907378042,pre_ai,2019,Social Sciences,27,8.0,0.1851851851851851,4.219507705176107,0.2592592592592592,0.5550370573702992,0.3703703703703703,0.8444867347630605,0.8721118723904645,0.2592592592592592,openalex_education_1000
W2911107291,pre_ai,2019,Social Sciences,24,12.0,0.1666666666666666,4.303973777342351,0.25,0.7752150117279124,0.4583333333333333,1.0377968161163391,0.8644328316052755,0.2083333333333333,openalex_education_1000
W2911230677,pre_ai,2019,Social Sciences,10,9.0,0.4,3.4028612767084927,0.2,0.901297532438311,0.5,0.9433483923290392,0.8420299232006073,0.2,openalex_education_1000
W2911603206,pre_ai,2019,Social Sciences,24,18.0,0.0833333333333333,5.904544484093652,0.125,0.8367908309455587,0.2916666666666667,0.97610557717795,0.8812067086497942,0.125,openalex_education_1000
W2911784597,pre_ai,2019,Social Sciences,14,13.0,0.0714285714285714,3.939267098070181,0.0714285714285714,0.8521497919556172,0.3571428571428571,0.6517565611726531,0.8774519690445491,0.0714285714285714,openalex_education_1000
W2912249172,pre_ai,2019,Social Sciences,46,7.0,0.1739130434782608,5.315010576056854,0.1304347826086956,0.8375080450173077,0.217391304347826,0.9223628527598736,0.853031751902207,0.1304347826086956,openalex_education_1000
W2913392058,pre_ai,2019,Social Sciences,26,15.0,0.1538461538461538,3.9862330079872814,0.1923076923076923,0.8104970371266175,0.2307692307692307,0.8269241404413226,0.8768005118920252,0.1538461538461538,openalex_education_1000
W2913451053,pre_ai,2019,Social Sciences,14,19.0,0.0,4.872480322153946,0.0714285714285714,0.5167835671342685,1.0,-0.0,0.8337509546961103,0.0714285714285714,openalex_education_1000
W2914304354,pre_ai,2019,Social Sciences,36,8.0,0.0833333333333333,3.860674306308975,0.1388888888888889,0.5943152454780362,0.4722222222222222,1.1241909072378278,0.8809585124254227,0.1388888888888889,openalex_education_1000
W2914493885,pre_ai,2019,Social Sciences,14,12.0,0.0714285714285714,5.093731381528292,0.2857142857142857,0.7632525051633137,0.1428571428571428,0.509137344082687,0.8133065359933036,0.2142857142857142,openalex_education_1000
W2914498833,pre_ai,2019,Social Sciences,19,8.0,0.1578947368421052,4.158883083359672,0.1052631578947368,0.4882537196554424,0.2631578947368421,0.9269075593909928,0.834357804373691,0.1052631578947368,openalex_education_1000
W2915882689,pre_ai,2019,Social Sciences,13,6.0,0.2307692307692307,2.079441541679836,0.6153846153846154,0.8111888111888111,0.0769230769230769,0.2711893730418441,0.8842886778024527,0.6153846153846154,openalex_education_1000
W2916504463,pre_ai,2019,Social Sciences,38,10.0,0.1052631578947368,4.5897343541545474,0.1578947368421052,0.7281277728482698,0.0526315789473684,0.2426734811890184,0.8681664592341373,0.1578947368421052,openalex_education_1000
W2917222696,pre_ai,2019,Social Sciences,31,12.0,0.032258064516129,5.2574953720277815,0.1290322580645161,0.8426121645823565,0.3225806451612903,1.1142149694748098,0.8411351326973208,0.0967741935483871,openalex_education_1000
W2917424533,pre_ai,2019,Social Sciences,14,7.5,0.2142857142857142,5.0968083143154805,0.2142857142857142,0.8229665071770335,0.5,0.8982053397041498,0.8340720278876168,0.2142857142857142,openalex_education_1000
W2917633597,pre_ai,2019,Social Sciences,12,18.5,0.0,6.275359264777388,0.0,0.6737835153922542,0.25,0.8369882167858358,0.8830645978450775,0.0,openalex_education_1000
W2917829552,pre_ai,2019,Social Sciences,25,8.0,0.2,4.852030263919617,0.12,0.7627734213784565,0.2,0.7668382315802122,0.8911086320877075,0.12,openalex_education_1000
W2920885452,pre_ai,2019,Social Sciences,17,7.0,0.1764705882352941,3.8501476017100575,0.1176470588235294,0.4264524103831891,0.1176470588235294,0.362210557135449,0.8879962247960708,0.1176470588235294,openalex_education_1000
W2920923109,pre_ai,2019,Social Sciences,5,25.0,0.0,3.737669618283368,0.2,0.998065009891554,0.6,1.3321790402101223,0.8508279681205749,0.0,openalex_education_1000
W2921301408,pre_ai,2019,Social Sciences,1,1.0,1.0,1.0986122886681098,1.0,1.0,0.0,-0.0,0.948768138885498,1.0,openalex_education_1000
W2921364831,pre_ai,2019,Social Sciences,57,12.0,0.0175438596491228,5.081404364984463,0.0350877192982456,0.7429904007809535,0.631578947368421,1.4885156541592426,0.860326932187666,0.0350877192982456,openalex_education_1000
W2921528926,pre_ai,2019,Social Sciences,60,9.0,0.15,4.55365523582832,0.1,0.6703233729021695,0.2,0.8325919101955715,0.9239098717768988,0.1,openalex_education_1000
W2921831333,pre_ai,2019,Social Sciences,38,8.0,0.2105263157894736,4.489582324482354,0.2631578947368421,0.56059973561539,0.2105263157894736,0.8065046098752221,0.882706797436664,0.2368421052631578,openalex_education_1000
W2921837882,pre_ai,2019,Social Sciences,8,8.5,0.375,5.053418238261079,0.375,0.6969465648854962,0.875,1.3862943611198906,0.8476545065641403,0.25,openalex_education_1000
W2922082415,pre_ai,2019,Social Sciences,20,6.0,0.35,4.386692298388324,0.2,0.4420336787564767,0.4,1.175204597080758,0.8635439872741699,0.2,openalex_education_1000
W2922121409,pre_ai,2019,Social Sciences,5,17.0,0.2,4.204692619390966,0.2,0.8306138306138307,0.2,0.5004024235381879,0.8994095206260682,0.2,openalex_education_1000
W2922404470,pre_ai,2019,Social Sciences,25,7.0,0.16,3.218875824868201,0.32,0.5422974176313446,0.36,0.9906979855077476,0.8760388851165771,0.32,openalex_education_1000
W2922845315,pre_ai,2019,Social Sciences,4,18.5,0.0,5.487758137610608,0.25,0.4621380846325167,1.0,0.5623351446188083,0.7057787477970123,0.0,openalex_education_1000
W2923422175,pre_ai,2019,Social Sciences,3,8.0,0.0,3.7612001156935615,0.0,0.8038585209003215,0.6666666666666666,0.6365141682948128,0.8431264162063599,0.0,openalex_education_1000
W2923646821,pre_ai,2019,Social Sciences,40,11.0,0.025,4.935482180415284,0.125,0.8429728507676882,0.45,1.3579317528640908,0.8628594011068345,0.125,openalex_education_1000
W2924541196,pre_ai,2019,Social Sciences,28,6.0,0.1428571428571428,2.908555579981602,0.3928571428571428,0.6062537343158734,0.1428571428571428,0.5586478569798259,0.85484308217253,0.3928571428571428,openalex_education_1000
W2925360763,pre_ai,2019,Social Sciences,29,10.0,0.2413793103448276,3.091042453358316,0.4137931034482758,0.9788102871317248,0.2413793103448276,0.6516582165640161,0.901483217190052,0.4137931034482758,openalex_education_1000
W2926692108,pre_ai,2019,Social Sciences,3,13.0,0.0,2.5649493574615367,0.3333333333333333,0.8048780487804879,0.6666666666666666,1.0986122886681096,0.8637994726498922,0.3333333333333333,openalex_education_1000
W2930368481,pre_ai,2019,Social Sciences,18,12.0,0.1666666666666666,3.257356345436265,0.3333333333333333,0.6684824902723735,0.5555555555555556,0.8675632284814613,0.8700649440288544,0.3333333333333333,openalex_education_1000
W2932478665,pre_ai,2019,Social Sciences,20,4.0,0.35,3.4011973816621555,0.45,0.8589862361037586,1.0,1.0126631103850336,0.8623928457498551,0.45,openalex_education_1000
W2933736894,pre_ai,2019,Social Sciences,24,5.0,0.125,2.19722457733622,0.5416666666666666,0.8840782122905028,0.2083333333333333,0.7892773734611849,0.8449344635009766,0.4166666666666667,openalex_education_1000
W2935807421,pre_ai,2019,Social Sciences,4,8.0,0.0,3.384246605824315,0.25,0.4416666666666666,0.0,-0.0,0.8528614640235901,0.25,openalex_education_1000
W2936093679,pre_ai,2019,Social Sciences,50,6.0,0.26,4.060294355870135,0.06,0.6019612993608265,0.42,1.320493957758019,0.8745200085639954,0.06,openalex_education_1000
W2936133949,pre_ai,2019,Social Sciences,4,22.5,0.0,5.152405380738479,0.0,0.9640572646969237,0.25,0.5623351446188083,0.7751541435718536,0.0,openalex_education_1000
W2936429810,pre_ai,2019,Social Sciences,25,7.0,0.28,4.23410650459726,0.28,0.8496135858569107,0.44,1.3319113734195045,0.8333900284767151,0.28,openalex_education_1000
W2937487723,pre_ai,2019,Social Sciences,36,8.5,0.1388888888888889,2.9444389791664403,0.3333333333333333,0.9428060176287362,0.4722222222222222,1.2198029015898812,0.8254348751571443,0.2777777777777778,openalex_education_1000
W2938577443,pre_ai,2019,Social Sciences,22,7.5,0.0909090909090909,3.7576722855902176,0.2727272727272727,0.964208013246308,0.3181818181818182,1.0318204422829809,0.890018102797595,0.2727272727272727,openalex_education_1000
W2938641539,pre_ai,2019,Social Sciences,20,7.5,0.15,5.149686797098649,0.2,0.3249415325354244,0.35,0.926155713095467,0.8646935492753982,0.2,openalex_education_1000
W2938843943,pre_ai,2019,Social Sciences,17,10.5,0.0,5.10594547390058,0.1176470588235294,0.8489252658150386,0.4117647058823529,1.3972047975232549,0.8225978122038,0.1176470588235294,openalex_education_1000
W2941392979,pre_ai,2019,Social Sciences,38,10.0,0.1052631578947368,4.375658123386728,0.1052631578947368,0.7971366173258918,0.131578947368421,0.5144128335580127,0.8883792365852156,0.0789473684210526,openalex_education_1000
W2942203991,pre_ai,2019,Social Sciences,1,1.0,1.0,2.833213344056216,0.0,1.0,1.0,-0.0,0.8362594246864319,0.0,openalex_education_1000
W2942536844,pre_ai,2019,Social Sciences,15,5.0,0.3333333333333333,3.5263605246161616,0.2666666666666666,0.9907693381493308,0.4,1.297295830625819,0.8598528663317363,0.2666666666666666,openalex_education_1000
W2942760597,pre_ai,2019,Social Sciences,29,8.0,0.1379310344827586,3.4011973816621555,0.2068965517241379,0.9636267298341852,0.3103448275862069,0.9964110099325528,0.8798628778293215,0.2068965517241379,openalex_education_1000
W2942858435,pre_ai,2019,Social Sciences,18,3.5,0.5,2.297559925067296,0.6111111111111112,0.9523218716767105,0.7222222222222222,1.2676770290452553,0.852674769030677,0.6111111111111112,openalex_education_1000
W2944089710,pre_ai,2019,Social Sciences,32,10.0,0.09375,4.342454297910415,0.15625,0.5759746146872167,0.71875,1.7753427105987123,0.8337626121938229,0.03125,openalex_education_1000
W2944425186,pre_ai,2019,Social Sciences,8,1.0,0.875,0.0,0.75,0.7222222222222222,0.875,1.2130075659799042,0.885476790368557,0.625,openalex_education_1000
W2944630063,pre_ai,2019,Social Sciences,25,17.0,0.0,5.53338948872752,0.04,0.6729003951831223,0.32,1.0150318786859958,0.8430327343940734,0.04,openalex_education_1000
W2944899776,pre_ai,2019,Social Sciences,9,16.0,0.0,4.04305126783455,0.1111111111111111,0.3938223938223938,0.3333333333333333,0.8486855577264172,0.8919113145934211,0.1111111111111111,openalex_education_1000
W2945236962,pre_ai,2019,Social Sciences,8,7.0,0.375,4.17804251551074,0.125,0.5948210205635949,0.25,0.7356219397587946,0.8343910425901413,0.125,openalex_education_1000
W2945426233,pre_ai,2019,Social Sciences,27,15.0,0.1851851851851851,4.672828834461906,0.2592592592592592,0.4559923603374184,0.2222222222222222,0.6298309121390556,0.8728352453973558,0.2592592592592592,openalex_education_1000
W2945471861,pre_ai,2019,Social Sciences,5,5.0,0.2,1.9459101490553128,0.6,0.9333333333333332,0.6,1.3321790402101223,0.741476833820343,0.0,openalex_education_1000
W2945691149,pre_ai,2019,Social Sciences,6,19.0,0.0,3.177185020398676,0.3333333333333333,0.2803738317757009,0.6666666666666666,1.0114042647073516,0.8705768287181854,0.3333333333333333,openalex_education_1000
W2946003968,pre_ai,2019,Social Sciences,12,4.5,0.3333333333333333,3.2059091338549486,0.3333333333333333,0.5598086124401914,0.1666666666666666,0.4505612088663046,0.8371452987194061,0.1666666666666666,openalex_education_1000
W2946312409,pre_ai,2019,Social Sciences,9,6.0,0.1111111111111111,3.091042453358316,0.2222222222222222,0.4065126050420168,0.1111111111111111,0.3488320958430319,0.8813809553782145,0.2222222222222222,openalex_education_1000
W2946425289,pre_ai,2019,Social Sciences,5,8.0,0.2,3.1354942159291497,0.4,0.424,0.4,0.9502705392332348,0.8136084794998169,0.0,openalex_education_1000
W2946440435,pre_ai,2019,Social Sciences,38,10.0,0.1578947368421052,6.852691571559383,0.0789473684210526,0.5131223276158647,0.5526315789473685,1.663179110936961,0.8774952276756889,0.0789473684210526,openalex_education_1000
W2946543050,pre_ai,2019,Social Sciences,8,8.0,0.375,2.985630919895231,0.5,0.7611561866125761,0.125,0.3767701612564367,0.8739123865962029,0.5,openalex_education_1000
W2946698095,pre_ai,2019,Social Sciences,29,13.0,0.0344827586206896,4.290459441148391,0.1379310344827586,0.553525976942656,0.1034482758620689,0.4462437614154901,0.8338615791550998,0.1379310344827586,openalex_education_1000
W2946772058,pre_ai,2019,Social Sciences,7,12.0,0.0,3.912023005428146,0.0,0.7542543071556917,0.8571428571428571,0.9556998911125344,0.7644970161574227,0.0,openalex_education_1000
W2947117906,pre_ai,2019,Social Sciences,4,1.0,0.75,1.2424533248940002,1.0,0.6,0.0,-0.0,0.9148197770118712,1.0,openalex_education_1000
W2947428735,pre_ai,2019,Social Sciences,31,7.0,0.1612903225806451,3.258096538021482,0.2258064516129032,0.8965163155092416,0.8387096774193549,1.7084271869032024,0.8844946161393197,0.2258064516129032,openalex_education_1000
W2947446504,pre_ai,2019,Social Sciences,7,7.0,0.4285714285714285,1.3862943611198906,0.5714285714285714,0.9923246509349228,0.0,-0.0,0.9255824514797756,0.5714285714285714,openalex_education_1000
W2947729013,pre_ai,2019,Social Sciences,58,3.0,0.5862068965517241,2.19722457733622,0.603448275862069,0.9354503355070408,0.2758620689655172,0.8422566513276628,0.8551432952798647,0.5344827586206896,openalex_education_1000
W2947826073,pre_ai,2019,Social Sciences,26,5.0,0.1538461538461538,2.943052015725078,0.3076923076923077,0.8750330950489806,0.4615384615384615,1.4437076423977355,0.8678530615109664,0.3076923076923077,openalex_education_1000
W2947896520,pre_ai,2019,Social Sciences,8,4.5,0.25,1.5890269151739729,0.625,0.5721231766612642,0.375,1.0735428464085233,0.8480397239327431,0.5,openalex_education_1000
W2948559198,pre_ai,2019,Social Sciences,26,6.5,0.1923076923076923,3.337280695907213,0.2692307692307692,0.9711603344579728,0.4615384615384615,0.8225715143524169,0.8654718078099765,0.2307692307692307,openalex_education_1000
W2949141230,pre_ai,2019,Social Sciences,14,9.0,0.2142857142857142,2.1910133173369406,0.6428571428571429,0.7071090047393365,0.1428571428571428,0.509137344082687,0.8920737760407584,0.6428571428571429,openalex_education_1000
W2950953025,pre_ai,2019,Social Sciences,4,9.5,0.25,1.629048269010741,0.5,0.59375,0.25,0.5623351446188083,0.8448011577129364,0.25,openalex_education_1000
W2951495333,pre_ai,2019,Social Sciences,27,5.0,0.3703703703703703,4.007333185232471,0.1481481481481481,0.961739999677539,0.2962962962962963,0.9283439512898506,0.8763475506393997,0.1481481481481481,openalex_education_1000
W2952912300,pre_ai,2019,Social Sciences,9,6.0,0.1111111111111111,4.867534450455582,0.0,0.6879676192812462,0.3333333333333333,1.002718264517516,0.8098933829201592,0.0,openalex_education_1000
W2953075993,pre_ai,2019,Social Sciences,7,11.5,0.1428571428571428,4.7535901911063645,0.2857142857142857,0.6742377736852875,0.1428571428571428,0.410116318288409,0.8616436549595424,0.2857142857142857,openalex_education_1000
W2953908322,pre_ai,2019,Social Sciences,26,10.5,0.1923076923076923,4.127004295282422,0.1538461538461538,0.670487106017192,0.5,1.161725107092796,0.8823971748352051,0.1538461538461538,openalex_education_1000
W2954029287,pre_ai,2019,Social Sciences,15,13.0,0.0666666666666666,3.951243718581428,0.0,0.8530913216108905,0.4666666666666667,0.6909233093138181,0.8403827865918477,0.0,openalex_education_1000
W2954127309,pre_ai,2019,Social Sciences,11,11.0,0.0,3.49650756146648,0.2727272727272727,0.8829749735636235,0.2727272727272727,0.7595473914748635,0.8984652920202776,0.2727272727272727,openalex_education_1000
W2954219314,pre_ai,2019,Social Sciences,30,9.0,0.1666666666666666,1.0986122886681098,0.6666666666666666,0.9424163545171736,0.5666666666666667,1.6343595735990168,0.83877006371816,0.6666666666666666,openalex_education_1000
W2954499114,pre_ai,2019,Social Sciences,65,9.0,0.1076923076923077,2.8903717578961645,0.3076923076923077,0.8280002729071434,0.1846153846153846,0.6768075879317296,0.8580470644510709,0.2769230769230769,openalex_education_1000
W2954726271,pre_ai,2019,Social Sciences,24,8.0,0.2083333333333333,2.596478425445105,0.4166666666666667,0.5830670926517572,0.2916666666666667,0.8358948132176883,0.8477424929539362,0.2916666666666667,openalex_education_1000
W2954921578,pre_ai,2019,Social Sciences,24,14.0,0.0833333333333333,4.56091848669239,0.125,0.8317627588070389,0.2083333333333333,0.7315151084145227,0.8805349146326383,0.125,openalex_education_1000
W2954939258,pre_ai,2019,Social Sciences,21,4.0,0.4761904761904761,2.3978952727983707,0.5238095238095238,0.657556270096463,0.1904761904761904,0.5940241655824705,0.8798788842700777,0.5238095238095238,openalex_education_1000
W2955047474,pre_ai,2019,Social Sciences,12,16.0,0.0833333333333333,4.894599203067,0.1666666666666666,0.5985434683659536,0.1666666666666666,0.5660857389596289,0.8612160036961237,0.1666666666666666,openalex_education_1000
W2955731061,pre_ai,2019,Social Sciences,11,8.0,0.1818181818181818,3.1780538303479458,0.2727272727272727,0.6666666666666666,0.0909090909090909,0.3046360973492381,0.8775546496564691,0.2727272727272727,openalex_education_1000
W2955758177,pre_ai,2019,Social Sciences,5,23.5,0.0,1.791759469228055,0.6,0.9579710144927536,0.4,0.6730116670092565,0.788387405872345,0.2,openalex_education_1000
W2956180627,pre_ai,2019,Social Sciences,5,23.0,0.0,2.833213344056216,0.4,0.8891454965357968,0.2,0.5004024235381879,0.8437976598739624,0.4,openalex_education_1000
W2956564987,pre_ai,2019,Social Sciences,18,10.0,0.0555555555555555,3.518952981723591,0.3888888888888889,0.4175824175824176,0.2777777777777778,0.9608919796672832,0.8124281300438775,0.1666666666666666,openalex_education_1000
W2956869801,pre_ai,2019,Social Sciences,34,7.0,0.1470588235294117,2.9944807084449314,0.3529411764705882,0.499798630688683,0.2647058823529412,0.8025738540810661,0.8614197776598089,0.3529411764705882,openalex_education_1000
W2957068976,pre_ai,2019,Social Sciences,30,13.0,0.1,5.758334225624532,0.0333333333333333,0.5854004731328152,0.2333333333333333,0.6389665889375297,0.8474732716878255,0.0,openalex_education_1000
W2957612885,pre_ai,2019,Social Sciences,21,11.0,0.0476190476190476,3.737669618283368,0.3809523809523809,0.6968754857764651,0.9523809523809524,1.062192254783526,0.8530253228687105,0.3809523809523809,openalex_education_1000
W2958553220,pre_ai,2019,Social Sciences,7,8.0,0.1428571428571428,3.258096538021482,0.2857142857142857,0.7616272795942592,0.7142857142857143,1.078992207877583,0.8805513041360038,0.2857142857142857,openalex_education_1000
W2958682747,pre_ai,2019,Social Sciences,3,3.0,0.6666666666666666,2.772588722239781,0.3333333333333333,0.9609756097560976,0.6666666666666666,0.6365141682948128,0.8392855127652487,0.3333333333333333,openalex_education_1000
W2959311816,pre_ai,2019,Social Sciences,11,6.0,0.3636363636363636,1.0986122886681098,0.7272727272727273,0.5714285714285714,0.1818181818181818,0.4741393130578373,0.8801043141971935,0.7272727272727273,openalex_education_1000
W2959860089,pre_ai,2019,Social Sciences,27,6.5,0.2222222222222222,2.995732273553991,0.2592592592592592,0.976178825187418,0.6666666666666666,1.7645273735671223,0.880244341161516,0.1851851851851851,openalex_education_1000
W2960460122,pre_ai,2019,Social Sciences,11,8.0,0.1818181818181818,3.4339872044851463,0.0,0.9413925530138588,0.1818181818181818,0.6001660731596457,0.8833242654800415,0.0,openalex_education_1000
W2961728359,pre_ai,2019,Social Sciences,10,9.0,0.2,5.49686579576686,0.1,0.4805939788445891,0.1,0.3250829733914482,0.8088789641857147,0.0,openalex_education_1000
W2962248502,pre_ai,2019,Social Sciences,20,8.5,0.15,3.8501476017100575,0.3,0.6222721037535852,0.6,1.6229667426615422,0.8699229151010514,0.2,openalex_education_1000
W2962992927,pre_ai,2019,Social Sciences,2,3.5,0.5,3.1883634739493134,0.0,0.7592592592592593,0.5,0.6931471805599453,0.673134982585907,0.0,openalex_education_1000
W2963530228,pre_ai,2019,Social Sciences,9,7.0,0.1111111111111111,5.3471075307174685,0.2222222222222222,0.4996466193248746,0.2222222222222222,0.5297061990576545,0.883115635977851,0.2222222222222222,openalex_education_1000
W2963744400,pre_ai,2019,Social Sciences,24,9.0,0.0416666666666666,4.0682591260576455,0.25,0.8330830994190221,0.1666666666666666,0.5442837329694393,0.8519929697116216,0.2083333333333333,openalex_education_1000
W2964271221,pre_ai,2019,Social Sciences,54,9.0,0.074074074074074,4.658430107676928,0.0555555555555555,0.5963778105243143,0.3518518518518518,1.0834929909094535,0.8769712260475865,0.0555555555555555,openalex_education_1000
W2964291112,pre_ai,2019,Social Sciences,22,6.5,0.3181818181818182,4.815839414620319,0.1818181818181818,0.6575972700405228,0.4545454545454545,1.2200467158296413,0.8242854394695975,0.1363636363636363,openalex_education_1000
W2964486535,pre_ai,2019,Social Sciences,45,13.0,0.0888888888888888,4.663439094112067,0.1333333333333333,0.8051600877999731,0.2,0.7302143629323119,0.8706796129544576,0.1333333333333333,openalex_education_1000
W2964845113,pre_ai,2019,Social Sciences,25,6.5,0.24,4.927253685157205,0.04,0.8255432836643072,0.24,0.7938169516167373,0.8325830531120301,0.04,openalex_education_1000
W2964966031,pre_ai,2019,Social Sciences,7,9.0,0.0,2.302585092994046,0.5714285714285714,0.6928635953026197,0.2857142857142857,0.7963116401738131,0.8183028016771589,0.2857142857142857,openalex_education_1000
W2964988188,pre_ai,2019,Social Sciences,28,11.0,0.1071428571428571,3.5926935077902087,0.2857142857142857,0.8828528769955208,0.6071428571428571,1.4591379295498057,0.8447040681328092,0.2142857142857142,openalex_education_1000
W2964989909,pre_ai,2019,Social Sciences,2,5.0,0.0,2.914472808805104,0.5,0.9655172413793104,0.5,0.6931471805599453,0.8658990263938904,0.5,openalex_education_1000
W2965166795,pre_ai,2019,Social Sciences,16,3.0,0.5625,1.4978661367769954,0.75,0.4552238805970149,0.5625,1.3686896376228386,0.8563072010874748,0.6875,openalex_education_1000
W2965608776,pre_ai,2019,Social Sciences,29,6.0,0.2413793103448276,2.772588722239781,0.3448275862068966,0.8044628099173554,0.0689655172413793,0.2509548043576197,0.8749554814963505,0.3448275862068966,openalex_education_1000
W2966563219,pre_ai,2019,Social Sciences,18,12.0,0.1111111111111111,4.247576030269679,0.1111111111111111,0.7268284268629255,0.4444444444444444,1.0139046609345654,0.8871214687824249,0.1111111111111111,openalex_education_1000
W2967240353,pre_ai,2020,Social Sciences,16,7.0,0.125,3.522452558564685,0.1875,0.8948910455960447,0.375,1.1274832349932322,0.9038387127220632,0.1875,openalex_education_1000
W2967917420,pre_ai,2019,Social Sciences,30,8.0,0.1,5.573835482261728,0.1,0.7472937871372671,0.5,1.486539534323969,0.7905634999275207,0.1,openalex_education_1000
W2968074176,pre_ai,2019,Social Sciences,31,16.0,0.0967741935483871,4.6443908991413725,0.0967741935483871,0.4767338658552048,0.5161290322580645,0.931807990577186,0.8776473749068475,0.0967741935483871,openalex_education_1000
W2968432339,pre_ai,2019,Social Sciences,32,6.0,0.125,4.4483624587489485,0.1875,0.7283529411764705,0.25,0.8925572304061389,0.8943678084760904,0.1875,openalex_education_1000
W2969268314,pre_ai,2019,Social Sciences,15,7.0,0.3333333333333333,2.9444389791664403,0.2666666666666666,0.568241469816273,0.6666666666666666,1.0625354080615974,0.8459516127904256,0.2666666666666666,openalex_education_1000
W2969292625,pre_ai,2019,Social Sciences,47,11.0,0.0638297872340425,4.382026634673881,0.1702127659574468,0.6429987551293282,0.4468085106382978,1.356214580989224,0.8320109768116728,0.1489361702127659,openalex_education_1000
W2969307314,pre_ai,2019,Social Sciences,30,10.0,0.1333333333333333,4.536801924201356,0.1,0.9209656841898656,0.4,1.2510860185884891,0.8529208342234293,0.0666666666666666,openalex_education_1000
W2969324154,pre_ai,2019,Social Sciences,6,12.0,0.1666666666666666,5.3726351161176105,0.0,0.6134949230265313,0.3333333333333333,0.8675632284814612,0.8402204314867655,0.0,openalex_education_1000
W2969530107,pre_ai,2019,Social Sciences,3,4.0,0.3333333333333333,1.0986122886681098,1.0,0.7272727272727273,0.6666666666666666,1.0986122886681096,0.8980239033699036,1.0,openalex_education_1000
W2969672372,pre_ai,2019,Social Sciences,4,4.0,0.5,1.9459101490553128,1.0,0.35,0.25,0.5623351446188083,0.7942621111869812,0.5,openalex_education_1000
W2969720600,pre_ai,2019,Social Sciences,29,9.0,0.2758620689655172,4.262679877041316,0.1034482758620689,0.5516378703776093,0.4827586206896552,1.2251624973219977,0.8473879119445538,0.0689655172413793,openalex_education_1000
W2969908306,pre_ai,2019,Social Sciences,47,10.0,0.1276595744680851,4.48863636973214,0.1489361702127659,0.6427190628696731,0.1702127659574468,0.7806752919190778,0.8777740546997558,0.1489361702127659,openalex_education_1000
W2970081166,pre_ai,2019,Social Sciences,29,7.0,0.3103448275862069,3.091042453358316,0.3103448275862069,0.6722063037249284,0.4137931034482758,1.0455311631994937,0.874837353311736,0.2758620689655172,openalex_education_1000
W2970129142,pre_ai,2019,Social Sciences,5,13.0,0.2,4.574710978503383,0.2,0.4772727272727273,0.0,-0.0,0.867816150188446,0.2,openalex_education_1000
W2970163143,pre_ai,2019,Social Sciences,15,19.0,0.0,3.49650756146648,0.2,0.8123887504449983,0.7333333333333333,1.2293362159076602,0.8271646102269491,0.1333333333333333,openalex_education_1000
W2970188389,pre_ai,2019,Social Sciences,25,4.0,0.36,2.833213344056216,0.28,0.4054054054054054,0.12,0.4987584659128827,0.8986667895317078,0.28,openalex_education_1000
W2970272333,pre_ai,2019,Social Sciences,21,7.0,0.1904761904761904,3.80666248977032,0.3809523809523809,0.9486152342120008,0.238095238095238,0.8660598702493093,0.8330320432072594,0.2857142857142857,openalex_education_1000
W2970781328,pre_ai,2019,Social Sciences,2,12.5,0.0,4.2270201882054845,0.5,1.0,0.5,0.6931471805599453,0.8498023152351379,0.5,openalex_education_1000
W2970811628,pre_ai,2019,Social Sciences,20,13.5,0.05,3.754393585317138,0.25,0.8826857571733734,0.85,1.5410184476447624,0.8065073370933533,0.05,openalex_education_1000
W2971144064,pre_ai,2019,Social Sciences,37,6.0,0.2702702702702703,3.49650756146648,0.2972972972972973,0.8443034966824471,0.1891891891891892,0.6891788035061495,0.8567839909244228,0.2972972972972973,openalex_education_1000
W2971378347,pre_ai,2019,Social Sciences,33,14.0,0.1212121212121212,5.384495062789089,0.1212121212121212,0.6260208076966104,0.6363636363636364,1.5397632474891492,0.8513650966413093,0.0909090909090909,openalex_education_1000
W2971392434,pre_ai,2019,Social Sciences,20,10.0,0.1,3.401197381662155,0.3,0.5435103244837758,0.45,0.9958213213455276,0.8590603917837143,0.3,openalex_education_1000
W2971523405,pre_ai,2019,Social Sciences,4,21.0,0.0,5.026836619650006,0.0,0.9028103044496488,0.25,0.5623351446188083,0.9164883494377136,0.0,openalex_education_1000
W2971825961,pre_ai,2019,Social Sciences,10,7.0,0.1,2.5649493574615367,0.4,0.9749873031995936,0.7,1.5047882836811908,0.8446578919887543,0.4,openalex_education_1000
W2972002648,pre_ai,2019,Social Sciences,8,8.5,0.375,2.8173948015846246,0.5,0.9237911025145068,0.5,0.6931471805599453,0.8233737424015999,0.25,openalex_education_1000
W2972074411,pre_ai,2019,Social Sciences,20,13.0,0.15,4.5553705033767145,0.15,0.781111719836487,0.7,0.6108643020548935,0.8416139662265778,0.15,openalex_education_1000
W2972362316,pre_ai,2019,Social Sciences,2,,0.0,6.709985018901837,0.0,0.5844858689116055,0.0,-0.0,0.8598150610923767,0.0,openalex_education_1000
W2972396318,pre_ai,2019,Social Sciences,24,8.5,0.2083333333333333,3.662903751297886,0.25,0.8030142220335386,0.125,0.4563344322932884,0.832631804049015,0.2083333333333333,openalex_education_1000
W2972416250,pre_ai,2019,Social Sciences,15,5.0,0.4,4.060443010546419,0.2666666666666666,0.8217372515125324,0.5333333333333333,1.430280301911093,0.8806669394175212,0.2666666666666666,openalex_education_1000
W2972556198,pre_ai,2019,Social Sciences,16,7.0,0.3125,2.138333059508028,0.5625,0.8852459016393442,0.375,0.98689944883853,0.8440328873693943,0.25,openalex_education_1000
W2972729348,pre_ai,2019,Social Sciences,1,67.0,0.0,5.762051382780177,0.0,1.0,1.0,-0.0,0.8908497095108032,0.0,openalex_education_1000
W2972888782,pre_ai,2019,Social Sciences,27,9.0,0.037037037037037,3.4011973816621555,0.1481481481481481,0.7583603020496225,0.5925925925925926,1.4147630403805358,0.8223905717885053,0.1111111111111111,openalex_education_1000
W2973684959,pre_ai,2019,Social Sciences,15,8.0,0.2,4.143134726391533,0.1333333333333333,0.9719489525241766,1.0,1.0625354080615974,0.8623573819796244,0.1333333333333333,openalex_education_1000
W2974011669,pre_ai,2019,Social Sciences,52,9.0,0.0576923076923076,4.704513641428201,0.0576923076923076,0.7865365731358251,0.2115384615384615,0.8164934964613323,0.8653441358071107,0.0576923076923076,openalex_education_1000
W2974157359,pre_ai,2019,Social Sciences,5,12.0,0.0,2.995732273553991,0.2,0.6144329896907217,0.8,1.3321790402101223,0.8741024732589722,0.2,openalex_education_1000
W2974216605,pre_ai,2019,Social Sciences,33,12.0,0.0303030303030303,4.634728988229636,0.0606060606060606,0.8064804691382567,0.1818181818181818,0.7579048419744566,0.8644453124566511,0.0606060606060606,openalex_education_1000
W2974217009,pre_ai,2019,Social Sciences,3,15.0,0.3333333333333333,1.0986122886681098,0.6666666666666666,0.9996387935705257,0.3333333333333333,0.6365141682948128,0.7968709270159403,0.3333333333333333,openalex_education_1000
W2974856205,pre_ai,2019,Social Sciences,16,12.5,0.0625,5.937908522759665,0.0625,0.4588869274365883,0.875,0.9507489270509152,0.8773943185806274,0.0625,openalex_education_1000
W2975172952,pre_ai,2019,Social Sciences,2,13.0,0.0,3.830763540679259,0.0,0.7777777777777778,1.0,0.6931471805599453,0.884245753288269,0.0,openalex_education_1000
W2975209304,pre_ai,2019,Social Sciences,30,5.0,0.2666666666666666,2.770631772579213,0.3666666666666666,0.819920091324201,0.3,0.9927728030317812,0.8774326920509339,0.3333333333333333,openalex_education_1000
W2975766245,pre_ai,2019,Social Sciences,12,11.5,0.3333333333333333,2.6287476860138907,0.4166666666666667,0.9605180037902716,0.6666666666666666,1.286057336874379,0.8307218501965205,0.25,openalex_education_1000
W2976428246,pre_ai,2019,Social Sciences,20,18.5,0.05,5.140687946437029,0.1,0.5340418465626038,0.8,1.3303162832349145,0.8468839287757873,0.1,openalex_education_1000
W2977693271,pre_ai,2019,Social Sciences,1,2.0,1.0,1.3862943611198906,1.0,1.0,0.0,-0.0,0.8510866761207581,1.0,openalex_education_1000
W2978448701,pre_ai,2019,Social Sciences,9,5.0,0.3333333333333333,0.0,0.8888888888888888,0.5789473684210527,0.1111111111111111,0.3488320958430319,0.8737973041004605,0.8888888888888888,openalex_education_1000
W2979514404,pre_ai,2019,Social Sciences,9,24.0,0.2222222222222222,7.502738210754851,0.2222222222222222,0.3383862865200722,0.7777777777777778,1.6769877743224175,0.8136936161253188,0.0,openalex_education_1000
W2979689898,pre_ai,2019,Social Sciences,21,5.0,0.3333333333333333,3.1780538303479458,0.2857142857142857,0.8045610905847879,0.9523809523809524,1.1102008655075588,0.8819177462941125,0.2857142857142857,openalex_education_1000
W2979854348,pre_ai,2019,Social Sciences,23,8.0,0.217391304347826,3.610917912644224,0.3043478260869565,0.9369351112552182,0.3043478260869565,1.0861895081867026,0.8239998091822085,0.3043478260869565,openalex_education_1000
W2980443351,pre_ai,2019,Social Sciences,20,4.5,0.5,2.297559925067296,0.55,0.8079877112135176,0.85,0.7999027794271169,0.8996837824583054,0.55,openalex_education_1000
W2980501728,pre_ai,2019,Social Sciences,5,6.0,0.0,3.912023005428146,0.0,0.849609375,0.2,0.5004024235381879,0.8859667301177978,0.0,openalex_education_1000
W2980527404,pre_ai,2019,Social Sciences,10,3.0,0.8,0.6931471805599453,1.0,0.5,0.4,1.0888999753452235,0.8786378622055053,1.0,openalex_education_1000
W2980807474,pre_ai,2019,Social Sciences,14,13.0,0.0714285714285714,4.754555370706692,0.0714285714285714,0.6964025784986484,0.0714285714285714,0.2573186405438316,0.8735349348613194,0.0714285714285714,openalex_education_1000
W2981370343,pre_ai,2019,Social Sciences,18,5.0,0.3888888888888889,2.6735537653587342,0.4444444444444444,0.641907514450867,0.1666666666666666,0.6336632569776564,0.8468242386976877,0.3333333333333333,openalex_education_1000
W2981469232,pre_ai,2019,Social Sciences,16,8.0,0.1875,4.508984239664363,0.0625,0.6238837596488572,0.1875,0.6885673693022827,0.88249371945858,0.0625,openalex_education_1000
W2981528569,pre_ai,2019,Social Sciences,11,3.0,0.6363636363636364,1.791759469228055,0.5454545454545454,0.9169719169719168,0.7272727272727273,1.6726254461503207,0.8359692746942694,0.3636363636363636,openalex_education_1000
W2981709748,pre_ai,2019,Social Sciences,5,12.0,0.0,4.158883083359672,0.4,0.9069037656903766,0.4,0.9502705392332348,0.8477316498756409,0.2,openalex_education_1000
W2981720760,pre_ai,2019,Social Sciences,33,6.5,0.3333333333333333,2.5649493574615367,0.4545454545454545,0.925217288998044,0.3333333333333333,1.1499494433703186,0.8671150604883829,0.4545454545454545,openalex_education_1000
W2981893963,pre_ai,2019,Social Sciences,1,5.0,0.0,0.0,1.0,,1.0,-0.0,0.8097115755081177,1.0,openalex_education_1000
W2982088812,pre_ai,2019,Social Sciences,5,19.0,0.2,3.912023005428146,0.2,0.9206601079022532,0.6,1.0549201679861442,0.7718891978263855,0.2,openalex_education_1000
W2982372790,pre_ai,2019,Social Sciences,19,12.0,0.0526315789473684,3.4339872044851463,0.2105263157894736,0.6634085213032581,0.1578947368421052,0.5366645624845252,0.8902375290268346,0.2105263157894736,openalex_education_1000
W2983429164,pre_ai,2019,Social Sciences,1,11.0,0.0,3.49650756146648,0.0,1.0,0.0,-0.0,0.892252504825592,0.0,openalex_education_1000
W2983452961,pre_ai,2019,Social Sciences,30,7.0,0.3,4.08931939429535,0.3333333333333333,0.6376449192998409,0.4333333333333333,1.29545430654673,0.8562210778395335,0.3,openalex_education_1000
W2983943807,pre_ai,2019,Social Sciences,10,3.0,0.6,1.868834809141684,0.9,0.3,0.5,1.4978661367769952,0.8148362457752227,0.5,openalex_education_1000
W2983965408,pre_ai,2019,Social Sciences,10,11.5,0.0,5.696817521889452,0.0,0.5304347826086957,0.0,-0.0,0.8784818410873413,0.0,openalex_education_1000
W2984833603,pre_ai,2019,Social Sciences,5,7.0,0.2,2.70805020110221,0.4,0.8921399885255307,1.0,0.6730116670092565,0.8460256576538085,0.4,openalex_education_1000
W2984975761,pre_ai,2019,Social Sciences,6,7.0,0.0,1.7005986908310775,0.6666666666666666,0.9855769230769232,0.8333333333333334,0.4505612088663046,0.8668270508448283,0.6666666666666666,openalex_education_1000
W2986025029,pre_ai,2019,Social Sciences,19,11.0,0.0,4.948759890378168,0.1052631578947368,0.5279975654290932,0.3684210526315789,1.2015591547737916,0.8633614245213961,0.1052631578947368,openalex_education_1000
W2986450718,pre_ai,2019,Social Sciences,41,6.0,0.3414634146341463,3.295836866004329,0.2195121951219512,0.8192135451812772,0.1951219512195122,0.4935651920254654,0.8764755318804485,0.2195121951219512,openalex_education_1000
W2986741687,pre_ai,2019,Social Sciences,16,10.0,0.125,3.9404021723374503,0.3125,0.7349742415569548,0.1875,0.6019239717322894,0.908965278416872,0.3125,openalex_education_1000
W2987014742,pre_ai,2019,Social Sciences,22,6.5,0.2272727272727272,2.5649493574615367,0.4090909090909091,0.9577958496915312,0.5909090909090909,1.2072432805590585,0.8862311027266763,0.4090909090909091,openalex_education_1000
W2987071029,pre_ai,2019,Social Sciences,3,4.0,0.3333333333333333,2.302585092994046,0.6666666666666666,0.8135593220338984,1.0,0.6365141682948128,0.8188910086949667,0.6666666666666666,openalex_education_1000
W2987318951,pre_ai,2019,Social Sciences,33,8.0,0.2121212121212121,3.828641396489095,0.3333333333333333,0.9199140541068463,0.2424242424242424,0.9160825054413518,0.8519481872067307,0.3333333333333333,openalex_education_1000
W2988543904,pre_ai,2019,Social Sciences,23,5.5,0.1304347826086956,2.70805020110221,0.2608695652173913,0.5580580580580581,0.217391304347826,0.7529168087825955,0.900822393272234,0.2608695652173913,openalex_education_1000
W2988919209,pre_ai,2019,Social Sciences,41,5.0,0.4146341463414634,2.70805020110221,0.4390243902439024,0.9280837769034944,0.0975609756097561,0.374552563439902,0.8612983691983107,0.3902439024390244,openalex_education_1000
W2989972968,pre_ai,2019,Social Sciences,4,2.5,0.5,1.9944920232821373,0.75,0.5,0.25,0.5623351446188083,0.8929990977048874,0.75,openalex_education_1000
W2989981939,pre_ai,2019,Social Sciences,34,4.0,0.4117647058823529,3.897823268167297,0.2647058823529412,0.7614375813394734,0.1764705882352941,0.6852557260599839,0.9070468334590688,0.2647058823529412,openalex_education_1000
W2990041251,pre_ai,2019,Social Sciences,13,15.0,0.1538461538461538,4.23410650459726,0.2307692307692307,0.799644128113879,0.5384615384615384,1.377819508039033,0.8327813102648809,0.1538461538461538,openalex_education_1000
W2990045208,pre_ai,2019,Social Sciences,7,1.0,0.7142857142857143,1.6094379124341005,0.8571428571428571,0.4489795918367347,0.4285714285714285,0.9556998911125344,0.9004014730453491,0.8571428571428571,openalex_education_1000
W2990135303,pre_ai,2019,Social Sciences,20,10.0,0.0,4.3845204054294005,0.05,0.7107582066427811,0.25,0.7305880613711224,0.8589083790779114,0.05,openalex_education_1000
W2990319656,pre_ai,2019,Social Sciences,8,15.0,0.0,3.383095857330175,0.0,0.4907192575406032,0.375,0.9002560512685369,0.8777540475130081,0.0,openalex_education_1000
W2990726354,pre_ai,2019,Social Sciences,26,33.0,0.0,4.648625871982739,0.0384615384615384,0.80583087960851,0.5,1.398403959117364,0.8259613766120031,0.0384615384615384,openalex_education_1000
W2990838707,pre_ai,2019,Social Sciences,27,10.0,0.1481481481481481,3.828641396489095,0.1481481481481481,0.8298169031162848,0.3703703703703703,1.2164814977789875,0.8224071043509024,0.037037037037037,openalex_education_1000
W2990915345,pre_ai,2019,Social Sciences,6,11.0,0.0,4.138705999474502,0.1666666666666666,0.7603971022269922,0.3333333333333333,0.8675632284814612,0.8240815003712972,0.0,openalex_education_1000
W2991750563,pre_ai,2019,Social Sciences,8,10.0,0.125,3.840318713780468,0.0,0.3794579172610556,0.0,-0.0,0.9249393567442894,0.0,openalex_education_1000
W2992377494,pre_ai,2019,Social Sciences,28,11.5,0.1428571428571428,3.94209996683802,0.2857142857142857,0.580359820089955,0.1428571428571428,0.5586478569798259,0.9103823474475315,0.25,openalex_education_1000
W2992428986,pre_ai,2019,Social Sciences,39,10.0,0.1794871794871795,3.4011973816621555,0.2564102564102564,0.9770677770780588,0.6153846153846154,1.6126040733498683,0.8435930166489038,0.1794871794871795,openalex_education_1000
W2993700533,pre_ai,2019,Social Sciences,7,5.0,0.4285714285714285,2.302585092994046,0.5714285714285714,0.7719364599092284,0.5714285714285714,1.277034259466139,0.7646897690636771,0.2857142857142857,openalex_education_1000
W2994266450,pre_ai,2019,Social Sciences,10,11.5,0.0,4.305341767251788,0.0,0.5492881600288341,0.2,0.639031859650177,0.883709055185318,0.0,openalex_education_1000
W2994352839,pre_ai,2019,Social Sciences,13,9.0,0.0769230769230769,5.598421958998375,0.0769230769230769,0.6077768385460693,0.9230769230769232,0.6870920273799715,0.8828202073390667,0.0769230769230769,openalex_education_1000
W2994798538,pre_ai,2019,Social Sciences,11,8.0,0.1818181818181818,5.342334251964811,0.2727272727272727,0.6733274227647821,0.3636363636363636,1.0335620542068176,0.8745902180671692,0.1818181818181818,openalex_education_1000
W2994894416,pre_ai,2019,Social Sciences,28,3.0,0.6071428571428571,3.524627420627918,0.2857142857142857,0.8424336973478939,0.1428571428571428,0.509137344082687,0.875641446028437,0.2857142857142857,openalex_education_1000
W2995058563,pre_ai,2019,Social Sciences,13,6.0,0.3846153846153846,2.995732273553991,0.3846153846153846,0.6870748299319728,0.3076923076923077,0.7902679680745903,0.843471843462724,0.3076923076923077,openalex_education_1000
W2995290699,pre_ai,2019,Social Sciences,4,12.0,0.25,1.7482537807332403,0.75,0.84,0.25,0.5623351446188083,0.8638655096292496,0.75,openalex_education_1000
W2995409427,pre_ai,2019,Social Sciences,21,8.0,0.1904761904761904,5.298317366548036,0.3333333333333333,0.8650200611035448,0.3333333333333333,1.1531228502542137,0.8754506480126154,0.2857142857142857,openalex_education_1000
W2995461170,pre_ai,2019,Social Sciences,27,14.0,0.1111111111111111,5.7745515455444085,0.074074074074074,0.8999388294893554,0.5185185185185185,1.5380606883223074,0.818428862977911,0.074074074074074,openalex_education_1000
W2995937089,pre_ai,2019,Social Sciences,13,3.0,0.5384615384615384,2.995732273553991,0.2307692307692307,0.7248703796621508,0.5384615384615384,1.118968866881627,0.8448839783668518,0.2307692307692307,openalex_education_1000
W2996324946,pre_ai,2019,Social Sciences,1,14.0,0.0,5.313205979041787,0.0,1.0,0.0,-0.0,0.956292450428009,0.0,openalex_education_1000
W2996552428,pre_ai,2019,Social Sciences,16,7.0,0.125,2.4849066497880004,0.4375,0.8620689655172413,0.1875,0.6885673693022827,0.8396032527089119,0.375,openalex_education_1000
W2996713414,pre_ai,2019,Social Sciences,62,11.0,0.1774193548387097,5.356408243692742,0.1290322580645161,0.6948796672278895,0.0967741935483871,0.4381741988003708,0.8819909730265217,0.1290322580645161,openalex_education_1000
W2996718791,pre_ai,2019,Social Sciences,15,5.0,0.4,1.9459101490553128,0.7333333333333333,0.7410586552217453,0.9333333333333332,0.4850940913022115,0.8222909371058146,0.6,openalex_education_1000
W2996778749,pre_ai,2019,Social Sciences,9,6.0,0.1111111111111111,2.079441541679836,0.6666666666666666,0.9843499911079496,0.5555555555555556,0.9649629230074276,0.9001769887076484,0.6666666666666666,openalex_education_1000
W2996859634,pre_ai,2019,Social Sciences,14,12.0,0.2857142857142857,4.625405152264948,0.3571428571428571,0.6028892387557976,0.3571428571428571,1.1275347898191257,0.8567664069788796,0.3571428571428571,openalex_education_1000
W2997129459,pre_ai,2019,Social Sciences,7,0.0,0.7142857142857143,0.0,0.7142857142857143,0.6388888888888888,0.5714285714285714,1.277034259466139,0.8195816619055611,0.5714285714285714,openalex_education_1000
W2997349281,pre_ai,2019,Social Sciences,32,4.0,0.375,2.9444389791664403,0.375,0.9829515015914032,0.25,0.7462406295585069,0.8710037097334862,0.34375,openalex_education_1000
W2997355119,pre_ai,2019,Social Sciences,7,3.0,0.7142857142857143,4.110873864173311,0.4285714285714285,0.7090222012281531,0.4285714285714285,1.15374194270109,0.8118683780942645,0.2857142857142857,openalex_education_1000
W2997514415,pre_ai,2019,Social Sciences,29,13.0,0.0689655172413793,4.290459441148391,0.1379310344827586,0.904394174675788,0.4827586206896552,1.3832282118511403,0.8782988766144062,0.1379310344827586,openalex_education_1000
W2997524210,pre_ai,2019,Social Sciences,15,11.0,0.1333333333333333,3.1354942159291497,0.3333333333333333,0.4720229555236729,0.0,-0.0,0.8632671316464742,0.3333333333333333,openalex_education_1000
W2997626810,pre_ai,2019,Social Sciences,1,0.0,1.0,0.0,1.0,,1.0,-0.0,0.8686320185661316,1.0,openalex_education_1000
W2997804855,pre_ai,2021,Social Sciences,6,19.5,0.0,5.388518892033699,0.0,0.4190774042220485,0.3333333333333333,0.8675632284814612,0.8648738165696462,0.0,openalex_education_1000
W2997851771,pre_ai,2019,Social Sciences,14,5.0,0.2857142857142857,2.12424762102468,0.5714285714285714,0.610989010989011,0.7142857142857143,1.0547209169068124,0.8433854494776044,0.3571428571428571,openalex_education_1000
W2997901337,pre_ai,2019,Social Sciences,46,16.5,0.0652173913043478,5.708042056760336,0.0652173913043478,0.7524980946735541,0.3260869565217391,1.1279053646241737,0.8533773370411085,0.0434782608695652,openalex_education_1000
W2997930880,pre_ai,2019,Social Sciences,11,19.0,0.0,4.189654742026425,0.1818181818181818,0.7471166168304143,0.1818181818181818,0.6001660731596457,0.8665656826712869,0.1818181818181818,openalex_education_1000
W2997967258,pre_ai,2019,Social Sciences,5,19.0,0.4,3.258096538021482,0.2,0.3575757575757576,0.8,1.0549201679861442,0.9018245577812196,0.2,openalex_education_1000
W2998002650,pre_ai,2019,Social Sciences,13,14.0,0.1538461538461538,5.442417710521793,0.1538461538461538,0.4343183511298734,0.3076923076923077,0.9371558530657008,0.8833896196805514,0.1538461538461538,openalex_education_1000
W2998294340,pre_ai,2019,Social Sciences,1,1.0,1.0,1.0986122886681098,1.0,1.0,0.0,-0.0,0.947884440422058,1.0,openalex_education_1000
W2998418367,pre_ai,2019,Social Sciences,25,5.0,0.44,2.8903717578961645,0.48,0.8459638111771383,0.84,0.7592951029225236,0.8118320918083191,0.24,openalex_education_1000
W2998581791,pre_ai,2019,Social Sciences,8,6.5,0.25,3.174569495689899,0.375,0.3246753246753247,1.0,0.7356219397587946,0.8745908737182617,0.375,openalex_education_1000
W2999221781,pre_ai,2020,Social Sciences,20,13.5,0.1,4.664195019374999,0.2,0.7857230542597594,0.5,1.094056456831614,0.837846377491951,0.2,openalex_education_1000
W2999227997,pre_ai,2019,Social Sciences,7,9.0,0.1428571428571428,2.6390573296152584,0.4285714285714285,0.3551401869158878,1.0,0.410116318288409,0.9001297099249703,0.4285714285714285,openalex_education_1000
W2999774332,pre_ai,2020,Social Sciences,21,6.0,0.1904761904761904,2.302585092994046,0.5714285714285714,0.639344262295082,0.3809523809523809,1.0767934024792074,0.9103039872078668,0.5238095238095238,openalex_education_1000
W3000849583,pre_ai,2020,Social Sciences,21,12.0,0.0,3.332204510175204,0.1904761904761904,0.802689756816507,0.5714285714285714,1.2608533988189583,0.8884648113023668,0.1904761904761904,openalex_education_1000
W3001165924,pre_ai,2020,Social Sciences,8,6.5,0.0,3.4978830781524253,0.125,0.7494780793319415,0.875,1.320888343149322,0.8482677415013313,0.125,openalex_education_1000
W3001335916,pre_ai,2020,Social Sciences,23,8.0,0.217391304347826,4.248495242049359,0.0869565217391304,0.8216945996275605,0.6521739130434783,1.3488557482513723,0.774868148824443,0.0869565217391304,openalex_education_1000
W3001344136,pre_ai,2020,Social Sciences,36,9.0,0.0277777777777777,4.5695295849856095,0.0833333333333333,0.7760538474701957,0.0833333333333333,0.3783870071118365,0.9068458047178056,0.0833333333333333,openalex_education_1000
W3001812602,pre_ai,2020,Social Sciences,14,19.0,0.0,4.934448053883255,0.0714285714285714,0.639547369290493,0.2142857142857142,0.7549967581308246,0.8772366898400443,0.0714285714285714,openalex_education_1000
W3002613241,pre_ai,2019,Social Sciences,5,2.0,1.0,0.6931471805599453,1.0,0.4444444444444444,0.0,-0.0,0.8220579266548157,0.6,openalex_education_1000
W3002878621,pre_ai,2020,Social Sciences,2,0.5,1.0,0.9729550745276566,1.0,1.0,0.0,-0.0,0.912201315164566,1.0,openalex_education_1000
W3003104265,pre_ai,2020,Social Sciences,54,11.0,0.0925925925925925,4.816036226274109,0.1296296296296296,0.7932336309282694,0.7962962962962963,1.741376668399825,0.8378716861760175,0.1296296296296296,openalex_education_1000
W3003314180,pre_ai,2019,Social Sciences,21,12.0,0.0952380952380952,5.318119993844216,0.0476190476190476,0.3074258497510284,0.3333333333333333,0.7732196077242826,0.8601252521787371,0.0476190476190476,openalex_education_1000
W3003597854,pre_ai,2020,Social Sciences,53,6.0,0.1509433962264151,5.1647859739235145,0.0188679245283018,0.6163709703866461,0.2075471698113207,0.6944870776777792,0.8475091569828537,0.0188679245283018,openalex_education_1000
W3003962981,pre_ai,2020,Social Sciences,31,11.0,0.0967741935483871,5.093750200806762,0.1290322580645161,0.8181502525252525,0.3548387096774194,1.1097453771442418,0.8744293720491471,0.1290322580645161,openalex_education_1000
W3004221102,pre_ai,2019,Social Sciences,4,14.0,0.0,2.736135336835737,0.5,0.9975301381946486,0.25,0.5623351446188083,0.8386310189962387,0.5,openalex_education_1000
W3004634903,pre_ai,2020,Social Sciences,25,11.0,0.12,4.330733340286331,0.12,0.7560727716231325,0.24,0.7174352514213597,0.8606999015808106,0.12,openalex_education_1000
W3004791784,pre_ai,2020,Social Sciences,12,5.0,0.25,2.884160497896886,0.3333333333333333,0.9590135463702676,0.1666666666666666,0.5660857389596289,0.8920978655417761,0.3333333333333333,openalex_education_1000
W3005199134,pre_ai,2019,Social Sciences,24,12.0,0.0416666666666666,4.778805617919811,0.0833333333333333,0.5825716789783398,0.2916666666666667,0.9401453181214776,0.8843004032969475,0.0833333333333333,openalex_education_1000
W3005462172,pre_ai,2020,Social Sciences,16,2.5,0.6875,1.9944920232821373,0.625,0.9789659917436604,0.5,0.8815322611881637,0.8540424555540085,0.625,openalex_education_1000
W3005570470,pre_ai,2020,Social Sciences,15,9.0,0.1333333333333333,4.663439094112067,0.1333333333333333,0.3416370106761566,0.2,0.7201248812718097,0.8874495148658752,0.1333333333333333,openalex_education_1000
W3005573711,pre_ai,2020,Social Sciences,5,17.0,0.0,3.8918202981106265,0.2,0.4926253687315634,0.4,0.9502705392332348,0.9424090385437012,0.2,openalex_education_1000
W3005612386,pre_ai,2020,Social Sciences,25,6.0,0.36,2.833213344056216,0.36,0.922636716956881,0.72,1.8457294278357823,0.8463128423690796,0.28,openalex_education_1000
W3005949694,pre_ai,2020,Social Sciences,49,10.0,0.1020408163265306,3.80666248977032,0.1632653061224489,0.9444324324324324,0.8979591836734694,1.1429783084356029,0.8718744187938924,0.1632653061224489,openalex_education_1000
W3005978308,pre_ai,2020,Social Sciences,22,12.5,0.0454545454545454,4.494223020031202,0.0909090909090909,0.922012316585728,0.2272727272727272,0.8387278529003357,0.8397728340192274,0.0909090909090909,openalex_education_1000
W3006335666,pre_ai,2019,Social Sciences,50,11.0,0.04,5.236045699010736,0.1,0.7634893386338996,0.28,1.0614264589875846,0.8367250263690948,0.06,openalex_education_1000
W3006962654,pre_ai,2020,Social Sciences,6,16.5,0.0,6.175657597041354,0.1666666666666666,0.658593619508936,0.8333333333333334,0.8675632284814612,0.831609457731247,0.1666666666666666,openalex_education_1000
W3006972967,pre_ai,2020,Social Sciences,29,4.0,0.3793103448275862,3.4011973816621555,0.3448275862068966,0.9219016393442624,0.6896551724137931,1.2368796722734043,0.8639043610671471,0.3103448275862069,openalex_education_1000
W3007024000,pre_ai,2019,Social Sciences,21,18.0,0.0,4.276666119016055,0.0476190476190476,0.6577777777777778,0.4761904761904761,1.0738313231858438,0.8483609699067616,0.0476190476190476,openalex_education_1000
W3007298734,pre_ai,2019,Social Sciences,9,11.0,0.0,4.02535169073515,0.0,0.7749948675836584,1.0,0.8486855577264172,0.8015878531667922,0.0,openalex_education_1000
W3007591107,pre_ai,2020,Social Sciences,24,6.0,0.25,3.982772786564996,0.2083333333333333,0.7516869095816464,0.3333333333333333,0.8817214815477444,0.8733296891053518,0.2083333333333333,openalex_education_1000
W3007673904,pre_ai,2020,Social Sciences,4,6.5,0.0,4.176159274113002,0.25,0.3665158371040724,0.0,-0.0,0.8538780957460403,0.25,openalex_education_1000
W3008089781,pre_ai,2020,Social Sciences,29,11.5,0.0,4.0943445622221,0.1724137931034483,0.4528053473769495,0.2758620689655172,1.1626416509453743,0.8510955387148363,0.1724137931034483,openalex_education_1000
W3008415405,pre_ai,2020,Social Sciences,37,13.0,0.054054054054054,4.04305126783455,0.3513513513513513,0.8081142031397105,0.2432432432432432,0.9627055474542262,0.8504804904396469,0.3513513513513513,openalex_education_1000
W3008490405,pre_ai,2020,Social Sciences,7,6.0,0.1428571428571428,3.9318256327243257,0.4285714285714285,0.398034398034398,0.4285714285714285,0.6829081047004717,0.8048189026968819,0.4285714285714285,openalex_education_1000
W3008784750,pre_ai,2020,Social Sciences,40,15.0,0.1,3.583132987066819,0.25,0.8110960495739736,0.325,0.9503684983363478,0.8707325324416161,0.25,openalex_education_1000
W3009352992,pre_ai,2020,Social Sciences,42,10.0,0.0952380952380952,3.80666248977032,0.119047619047619,0.631611854445417,0.1428571428571428,0.5340539223571892,0.8915012237571535,0.119047619047619,openalex_education_1000
W3009863432,pre_ai,2020,Social Sciences,21,18.5,0.0952380952380952,4.110873864173311,0.238095238095238,0.9628128502054538,0.2857142857142857,0.953256252840686,0.855416857060932,0.238095238095238,openalex_education_1000
W3009900287,pre_ai,2020,Social Sciences,6,2.0,0.5,2.255429753258425,0.5,0.7588726513569938,1.0,0.4505612088663046,0.7790118753910065,0.0,openalex_education_1000
W3010238768,pre_ai,2021,Social Sciences,19,8.0,0.1052631578947368,3.367295829986474,0.2631578947368421,0.4485458612975391,0.3157894736842105,0.9430456700020092,0.8978462313350878,0.2631578947368421,openalex_education_1000
W3010544037,pre_ai,2019,Social Sciences,11,10.0,0.2727272727272727,4.060443010546419,0.3636363636363636,0.695814648729447,0.9090909090909092,0.6001660731596457,0.8899621746756814,0.3636363636363636,openalex_education_1000
W3010718015,pre_ai,2020,Social Sciences,15,7.0,0.1333333333333333,3.6375861597263857,0.2666666666666666,0.9521379310344829,0.2666666666666666,0.5799151714181009,0.8915093382199605,0.2,openalex_education_1000
W3010966558,pre_ai,2020,Social Sciences,45,8.0,0.2,4.394449154672439,0.0666666666666666,0.6678941311852704,0.7111111111111111,1.285803007403676,0.8822260340054829,0.0444444444444444,openalex_education_1000
W3010981531,pre_ai,2020,Social Sciences,12,11.0,0.0,5.612321606223208,0.0,0.906961651917404,0.8333333333333334,1.3579778549873245,0.8193499743938446,0.0,openalex_education_1000
W3011496080,pre_ai,2020,Social Sciences,27,2.0,0.5925925925925926,2.3978952727983707,0.5555555555555556,0.6821782178217822,0.4074074074074074,1.0969818674730851,0.8562199672063192,0.5555555555555556,openalex_education_1000
W3012236160,pre_ai,2020,Social Sciences,56,8.5,0.1607142857142857,4.641423531381465,0.0892857142857142,0.6875555555555556,0.5892857142857143,1.5515024115372236,0.826278312930039,0.0535714285714285,openalex_education_1000
W3012309529,pre_ai,2020,Social Sciences,15,7.0,0.1333333333333333,3.951243718581428,0.0666666666666666,0.4981357196122297,0.2,0.6277052571971504,0.8609642346700033,0.0666666666666666,openalex_education_1000
W3012372030,pre_ai,2020,Social Sciences,2,1.5,1.0,0.5493061443340549,1.0,1.0,0.0,-0.0,0.9089954495429992,1.0,openalex_education_1000
W3012400436,pre_ai,2019,Social Sciences,31,13.0,0.0967741935483871,4.343805421853684,0.1290322580645161,0.8134625497708662,0.5161290322580645,1.4246545069983447,0.8475863164471041,0.0967741935483871,openalex_education_1000
W3012538708,pre_ai,2020,Social Sciences,34,8.0,0.1470588235294117,4.384753560015113,0.0588235294117647,0.8129247067726069,0.1176470588235294,0.362210557135449,0.8398035396547878,0.0588235294117647,openalex_education_1000
W3012772105,pre_ai,2020,Social Sciences,10,3.0,0.6,1.7776740307447068,0.6,0.4140625,0.4,1.0888999753452235,0.8217689633369446,0.5,openalex_education_1000
W3013070952,pre_ai,2019,Social Sciences,4,6.0,0.0,1.354025100551105,1.0,0.3333333333333333,0.0,-0.0,0.91685089468956,1.0,openalex_education_1000
W3013625442,pre_ai,2020,Social Sciences,2,5.0,0.5,2.6208735075298213,0.5,0.8125,1.0,0.6931471805599453,0.8900428414344788,0.5,openalex_education_1000
W3013744746,pre_ai,2020,Social Sciences,48,5.0,0.25,3.8127975360662263,0.1875,0.8923567870485679,0.6458333333333334,2.0067430932119006,0.8124683511753877,0.0833333333333333,openalex_education_1000
W3014358658,pre_ai,2020,Social Sciences,18,7.0,0.1111111111111111,3.5729922338571938,0.3333333333333333,0.6928994082840236,0.3333333333333333,0.9736489231972636,0.8514427045981089,0.2777777777777778,openalex_education_1000
W3015290999,pre_ai,2020,Social Sciences,23,6.0,0.1304347826086956,3.1780538303479458,0.391304347826087,0.5485021398002853,0.3043478260869565,0.9053685045623692,0.8651225074477817,0.3043478260869565,openalex_education_1000
W3016551897,pre_ai,2020,Social Sciences,22,8.5,0.0,3.479699256066988,0.3636363636363636,0.7034960422163589,0.6363636363636364,0.9794782655903752,0.8060728121887554,0.1818181818181818,openalex_education_1000
W3016934987,pre_ai,2020,Social Sciences,34,8.0,0.088235294117647,3.1345481418531307,0.3235294117647059,0.9718060932502944,0.4411764705882353,1.5473203177827142,0.8671335911049562,0.2941176470588235,openalex_education_1000
W3018011161,pre_ai,2020,Social Sciences,5,7.0,0.0,2.70805020110221,0.4,0.9408983451536644,0.6,0.6730116670092565,0.9194050073623656,0.4,openalex_education_1000
W3018456733,pre_ai,2020,Social Sciences,4,4.0,0.5,3.6632328069201607,0.25,0.9900091659028414,0.5,1.039720770839918,0.8125956058502197,0.25,openalex_education_1000
W3018494642,pre_ai,2019,Social Sciences,3,6.0,0.3333333333333333,2.9444389791664403,0.3333333333333333,0.8303571428571429,0.3333333333333333,0.6365141682948128,0.9001043836275736,0.3333333333333333,openalex_education_1000
W3018791250,pre_ai,2020,Social Sciences,7,16.0,0.0,4.624972813284271,0.1428571428571428,0.8166388425153033,0.1428571428571428,0.410116318288409,0.8434578010014125,0.1428571428571428,openalex_education_1000
W3019960949,pre_ai,2020,Social Sciences,8,5.0,0.375,3.198464827608073,0.25,0.3659574468085106,0.75,0.5623351446188083,0.9147685691714288,0.25,openalex_education_1000
W3022267073,pre_ai,2020,Social Sciences,8,4.5,0.375,3.7191917650221535,0.125,0.3854961832061068,0.125,0.3767701612564367,0.8909251913428307,0.125,openalex_education_1000
W3022401203,pre_ai,2020,Social Sciences,19,4.0,0.4736842105263157,3.1354942159291497,0.2105263157894736,0.918618535868467,0.7894736842105263,0.8976221848780437,0.805163214081212,0.1578947368421052,openalex_education_1000
W3022532505,pre_ai,2019,Social Sciences,7,6.0,0.1428571428571428,2.4849066497880004,0.4285714285714285,0.8817686638897789,0.4285714285714285,0.9556998911125344,0.8966982109206063,0.4285714285714285,openalex_education_1000
W3022817088,pre_ai,2020,Social Sciences,3,1.0,0.6666666666666666,1.0986122886681098,1.0,0.6666666666666666,1.0,0.6365141682948128,0.8372046152750651,0.6666666666666666,openalex_education_1000
W3023898095,pre_ai,2020,Social Sciences,26,7.0,0.3076923076923077,3.268345798795653,0.2692307692307692,0.9679172935980196,0.1538461538461538,0.589280063598296,0.9109249711036682,0.2692307692307692,openalex_education_1000
W3023963889,pre_ai,2020,Social Sciences,11,21.0,0.0,1.791759469228055,0.5454545454545454,0.9286770140428676,0.3636363636363636,0.6554817739013927,0.8963461518287659,0.5454545454545454,openalex_education_1000
W3024171536,pre_ai,2020,Social Sciences,21,11.0,0.0952380952380952,4.820281565605037,0.0952380952380952,0.5963461538461539,0.6666666666666666,1.2994166294697254,0.8773899447350275,0.0952380952380952,openalex_education_1000
W3024199829,pre_ai,2019,Social Sciences,8,12.5,0.0,4.492346845221928,0.125,0.3787703016241299,0.125,0.3767701612564367,0.805739052593708,0.125,openalex_education_1000
W3024358682,pre_ai,2020,Social Sciences,23,11.0,0.1739130434782608,3.9889840465642745,0.1739130434782608,0.3712349397590361,0.2608695652173913,0.8002853336058786,0.9019422375637552,0.1739130434782608,openalex_education_1000
W3024462944,pre_ai,2019,Social Sciences,12,2.5,0.5,1.039720770839918,0.8333333333333334,0.6041666666666666,0.1666666666666666,0.5660857389596289,0.9003234654664993,0.8333333333333334,openalex_education_1000
W3024604685,pre_ai,2020,Social Sciences,26,4.0,0.4615384615384615,3.5964671106079,0.1538461538461538,0.5017611271213577,0.0,-0.0,0.9158219718016112,0.1538461538461538,openalex_education_1000
W3025053316,pre_ai,2020,Social Sciences,13,15.0,0.0769230769230769,6.063785208687608,0.1538461538461538,0.6715321548741766,0.2307692307692307,0.6870920273799715,0.8459285268416772,0.1538461538461538,openalex_education_1000
W3025129382,pre_ai,2020,Social Sciences,9,11.0,0.1111111111111111,3.8918202981106265,0.0,0.9507048576816018,0.0,-0.0,0.8703623943858676,0.0,openalex_education_1000
W3025200695,pre_ai,2020,Social Sciences,23,22.0,0.0,5.384495062789089,0.1304347826086956,0.5192328412886542,0.6956521739130435,1.6311795841743972,0.8670193734376327,0.1304347826086956,openalex_education_1000
W3026786076,pre_ai,2020,Social Sciences,1,2.0,1.0,4.060443010546419,0.0,1.0,1.0,-0.0,0.9126970171928406,0.0,openalex_education_1000
W3027103335,pre_ai,2020,Social Sciences,14,7.5,0.2142857142857142,3.5964671106079,0.0714285714285714,0.7914532933074342,0.2857142857142857,0.7963116401738131,0.8575851023197174,0.0714285714285714,openalex_education_1000
W3027122017,pre_ai,2020,Social Sciences,39,15.0,0.0256410256410256,4.418840607796598,0.0769230769230769,0.5119990400767939,0.358974358974359,0.8355930456383382,0.9113367520845852,0.0769230769230769,openalex_education_1000
W3027303131,pre_ai,2020,Social Sciences,17,8.0,0.2941176470588235,2.5649493574615367,0.4705882352941176,0.906559405940594,0.4117647058823529,1.0053874327555714,0.852182900204378,0.4117647058823529,openalex_education_1000
W3027454461,pre_ai,2020,Social Sciences,17,19.0,0.0588235294117647,4.343805421853684,0.1764705882352941,0.7452895062577363,0.2941176470588235,0.7529746827658885,0.8088643130134133,0.1176470588235294,openalex_education_1000
W3027508475,pre_ai,2020,Social Sciences,24,6.5,0.2083333333333333,3.316659216640188,0.375,0.8949687429389169,0.4583333333333333,1.2583178955023333,0.8478241115808487,0.3333333333333333,openalex_education_1000
W3027702501,pre_ai,2020,Social Sciences,15,8.0,0.0,4.5217885770490405,0.2,0.879323451159255,0.1333333333333333,0.4850940913022115,0.8897726853688558,0.2,openalex_education_1000
W3029005172,pre_ai,2020,Social Sciences,18,7.0,0.0555555555555555,4.079973327789274,0.1111111111111111,0.6777172154608129,0.6666666666666666,1.6479184330021646,0.8551013701491885,0.1111111111111111,openalex_education_1000
W3029672399,pre_ai,2020,Social Sciences,15,14.0,0.0,2.19722457733622,0.6,0.9345238095238096,0.7333333333333333,0.8033149761408755,0.8957774400711059,0.6,openalex_education_1000
W3029844777,pre_ai,2020,Social Sciences,14,6.5,0.1428571428571428,3.5487744253073963,0.2142857142857142,0.6019736842105263,0.5,0.6931471805599453,0.8729903442519051,0.2142857142857142,openalex_education_1000
W3031708983,pre_ai,2020,Social Sciences,30,14.0,0.1333333333333333,3.836611560560854,0.3333333333333333,0.91349919610834,0.2333333333333333,0.841247441879,0.8692392766475677,0.3,openalex_education_1000
W3031829353,pre_ai,2021,Social Sciences,9,4.0,0.2222222222222222,4.653960350157523,0.2222222222222222,0.4176776429809358,0.1111111111111111,0.3488320958430319,0.8331695530149672,0.2222222222222222,openalex_education_1000
W3032971665,pre_ai,2020,Social Sciences,29,10.0,0.0344827586206896,4.248495242049359,0.1379310344827586,0.8469223332259104,0.0344827586206896,0.149994923610415,0.8701054392189815,0.1379310344827586,openalex_education_1000
W3033256784,pre_ai,2020,Social Sciences,13,3.0,0.5384615384615384,3.4011973816621555,0.2307692307692307,0.5349219391947412,0.5384615384615384,1.2309316230479224,0.7955505114335281,0.0769230769230769,openalex_education_1000
W3033492880,pre_ai,2020,Social Sciences,33,5.5,0.303030303030303,3.091042453358316,0.1515151515151515,0.6428408312400091,0.2727272727272727,0.6810886444425596,0.8688031037648519,0.1212121212121212,openalex_education_1000
W3033595969,pre_ai,2020,Social Sciences,24,6.0,0.4166666666666667,3.753295890035421,0.2916666666666667,0.7722339219180301,0.2916666666666667,0.8358948132176883,0.8460915858546892,0.25,openalex_education_1000
W3033656216,pre_ai,2020,Social Sciences,7,2.0,0.7142857142857143,1.0986122886681098,0.7142857142857143,0.5980951326208539,0.1428571428571428,0.410116318288409,0.8224581820624215,0.7142857142857143,openalex_education_1000
W3033953217,pre_ai,2020,Social Sciences,3,14.0,0.0,2.19722457733622,0.6666666666666666,0.995875073659399,0.3333333333333333,0.6365141682948128,0.7795766393343607,0.3333333333333333,openalex_education_1000
W3034112095,pre_ai,2020,Social Sciences,21,4.0,0.3333333333333333,3.295836866004329,0.3809523809523809,0.7670544685351666,0.238095238095238,0.8660598702493093,0.8974420428276062,0.3809523809523809,openalex_education_1000
W3034273343,pre_ai,2020,Social Sciences,8,5.0,0.25,3.7944149391539055,0.375,0.7370149253731343,0.25,0.7356219397587946,0.8447282612323761,0.375,openalex_education_1000
W3034581728,pre_ai,2020,Social Sciences,41,11.0,0.0975609756097561,4.007333185232471,0.1219512195121951,0.6013289036544851,0.3414634146341463,1.2005479432045627,0.8588531700576224,0.1219512195121951,openalex_education_1000
W3034651064,pre_ai,2020,Social Sciences,11,11.0,0.0909090909090909,5.375278407684165,0.1818181818181818,0.8363790504898266,0.4545454545454545,0.6890092384766586,0.867641958323392,0.1818181818181818,openalex_education_1000
W3035255450,pre_ai,2020,Social Sciences,8,6.5,0.375,2.5619819897016294,0.375,0.8138337012509198,0.25,0.7356219397587946,0.8533425331115723,0.375,openalex_education_1000
W3035627357,pre_ai,2020,Social Sciences,23,8.0,0.1304347826086956,3.258096538021482,0.1739130434782608,0.8879612173444654,0.2608695652173913,0.7400116657311008,0.930217937282894,0.1739130434782608,openalex_education_1000
W3035941651,pre_ai,2020,Social Sciences,21,7.0,0.1428571428571428,5.849324779946859,0.0476190476190476,0.9291401052250648,0.8095238095238095,1.1375610820539093,0.8537712664831252,0.0476190476190476,openalex_education_1000
W3036041309,pre_ai,2020,Social Sciences,30,6.0,0.1333333333333333,2.740319461670996,0.4333333333333333,0.8149263721552878,0.0333333333333333,0.1461447460085638,0.8765699942906697,0.4333333333333333,openalex_education_1000
W3036095997,pre_ai,2020,Social Sciences,5,1.0,1.0,2.5649493574615367,0.4,0.4406779661016949,0.4,0.9502705392332348,0.8650696158409119,0.4,openalex_education_1000
W3037393388,pre_ai,2020,Social Sciences,28,7.5,0.3214285714285714,2.297559925067296,0.5357142857142857,0.6244292237442922,0.7857142857142857,1.1135664156298537,0.8977905916316169,0.5,openalex_education_1000
W3037677048,pre_ai,2020,Social Sciences,45,6.0,0.3333333333333333,3.912023005428146,0.2,0.6977980258162491,0.0888888888888888,0.4231857178841727,0.8552658994992574,0.1777777777777777,openalex_education_1000
W3037753700,pre_ai,2020,Social Sciences,1,6.0,0.0,0.0,1.0,,0.0,-0.0,0.8750478029251099,1.0,openalex_education_1000
W3038237816,pre_ai,2019,Social Sciences,21,7.0,0.2857142857142857,3.295836866004329,0.4285714285714285,0.7355163727959698,0.5238095238095238,1.3007977740762553,0.8914798640069508,0.4285714285714285,openalex_education_1000
W3038440848,pre_ai,2020,Social Sciences,9,8.0,0.1111111111111111,4.727387818712341,0.2222222222222222,0.8281414070703536,0.7777777777777778,1.2730283365896258,0.8795136080847846,0.2222222222222222,openalex_education_1000
W3038457649,pre_ai,2020,Social Sciences,3,2.0,0.6666666666666666,2.19722457733622,0.6666666666666666,0.8513513513513513,0.6666666666666666,1.0986122886681096,0.8199835618336996,0.3333333333333333,openalex_education_1000
W3038745239,pre_ai,2020,Social Sciences,14,11.0,0.3571428571428571,1.039720770839918,0.7142857142857143,0.7449664429530202,0.3571428571428571,1.226555815613403,0.8983388543128967,0.7142857142857143,openalex_education_1000
W3039050886,pre_ai,2020,Social Sciences,53,10.0,0.0566037735849056,4.174387269895637,0.1509433962264151,0.907647353366852,0.3584905660377358,1.253565307519062,0.8310985059108374,0.1132075471698113,openalex_education_1000
W3039131658,pre_ai,2020,Social Sciences,23,6.0,0.391304347826087,1.9459101490553128,0.5652173913043478,0.9661159701976028,0.4347826086956521,1.1580510496905323,0.8817005623941836,0.5652173913043478,openalex_education_1000
W3039345399,pre_ai,2020,Social Sciences,14,4.0,0.4285714285714285,2.4337672252277915,0.5,0.4390243902439024,0.4285714285714285,1.2153881010836147,0.9077825546264648,0.5,openalex_education_1000
W3040300664,pre_ai,2020,Social Sciences,1,15.0,0.0,3.4011973816621555,0.0,1.0,1.0,-0.0,0.8644189834594727,0.0,openalex_education_1000
W3040493738,pre_ai,2020,Social Sciences,14,7.5,0.2857142857142857,2.418140953475739,0.5,0.6244444444444445,0.5714285714285714,1.6357434952314975,0.8771358685834068,0.5,openalex_education_1000
W3040584074,pre_ai,2020,Social Sciences,13,29.0,0.2307692307692307,6.665683717782408,0.3076923076923077,0.7247817244912002,0.4615384615384615,0.8981370031878679,0.8248862761717576,0.2307692307692307,openalex_education_1000
W3041048584,pre_ai,2020,Social Sciences,20,9.0,0.1,4.388237894673161,0.0,0.5401836969001148,0.6,1.105889879024763,0.8545311093330383,0.0,openalex_education_1000
W3041155793,pre_ai,2020,Social Sciences,26,13.5,0.1538461538461538,3.7954260618442905,0.1538461538461538,0.7779005524861878,0.3076923076923077,0.9904748669549276,0.8911654307292058,0.1538461538461538,openalex_education_1000
W3041356454,pre_ai,2020,Social Sciences,6,17.0,0.0,4.060145656984281,0.3333333333333333,0.9280347303389548,0.5,1.242453324894,0.8301296929518381,0.3333333333333333,openalex_education_1000
W3041844609,pre_ai,2020,Social Sciences,32,12.0,0.21875,3.743866880718222,0.25,0.6649835900025246,0.1875,0.6885673693022827,0.8985087554901838,0.25,openalex_education_1000
W3042927555,pre_ai,2020,Social Sciences,43,8.0,0.2558139534883721,3.332204510175204,0.3255813953488372,0.910902536897232,0.0930232558139534,0.3617875327851778,0.8654531365217164,0.3255813953488372,openalex_education_1000
W3043260395,pre_ai,2020,Social Sciences,31,7.0,0.2903225806451613,3.044522437723423,0.3548387096774194,0.6764589122667726,0.4193548387096774,1.0129374440957457,0.8451492940225909,0.2903225806451613,openalex_education_1000
W3043471080,pre_ai,2020,Social Sciences,13,3.0,0.5384615384615384,2.4849066497880004,0.3846153846153846,0.7570498915401301,0.6153846153846154,1.3322449224385329,0.8813035992475656,0.3076923076923077,openalex_education_1000
W3043482250,pre_ai,2020,Social Sciences,1,5.0,0.0,2.995732273553991,0.0,1.0,1.0,-0.0,0.765577495098114,0.0,openalex_education_1000
W3043875490,pre_ai,2020,Social Sciences,2,11.0,0.0,5.290151039237588,0.5,0.9996951219512196,0.5,0.6931471805599453,0.814531683921814,0.5,openalex_education_1000
W3044004355,pre_ai,2020,Social Sciences,21,9.0,0.0476190476190476,4.276666119016055,0.0476190476190476,0.6932558139534883,0.0476190476190476,0.1914440819577173,0.9021241778419132,0.0476190476190476,openalex_education_1000
W3044314464,pre_ai,2020,Social Sciences,6,3.5,0.5,1.5890269151739729,0.8333333333333334,0.9984285450175632,0.1666666666666666,0.4505612088663046,0.862797369559606,0.8333333333333334,openalex_education_1000
W3044363497,pre_ai,2020,Social Sciences,6,2.0,0.6666666666666666,2.827995905409926,0.3333333333333333,0.8583509513742071,0.1666666666666666,0.4505612088663046,0.8658802707990011,0.3333333333333333,openalex_education_1000
W3044538038,pre_ai,2020,Social Sciences,6,5.5,0.1666666666666666,2.84686606940135,0.5,0.9654714475431608,0.3333333333333333,0.8675632284814612,0.8878883322079977,0.5,openalex_education_1000
W3044622771,pre_ai,2020,Social Sciences,36,11.0,0.0833333333333333,3.9316333620047863,0.25,0.7761711972238288,0.3055555555555556,1.0331044370705589,0.8621003611220254,0.1944444444444444,openalex_education_1000
W3044768269,pre_ai,2020,Social Sciences,30,8.0,0.2333333333333333,4.101788868468976,0.1666666666666666,0.5110477548111191,0.1,0.4349442022582592,0.8623245815436046,0.1666666666666666,openalex_education_1000
W3045314376,pre_ai,2020,Social Sciences,20,9.0,0.25,3.554939731536136,0.25,0.5677540777917189,0.15,0.5875009311062073,0.8531851530075073,0.15,openalex_education_1000
W3045323383,pre_ai,2020,Social Sciences,6,3.5,0.5,2.5375869076169133,0.5,0.6470588235294118,0.1666666666666666,0.4505612088663046,0.8860905369122823,0.5,openalex_education_1000
W3045402021,pre_ai,2020,Social Sciences,5,6.0,0.2,2.995732273553991,0.4,0.880354505169867,0.2,0.5004024235381879,0.9006711006164551,0.4,openalex_education_1000
W3045535248,pre_ai,2020,Social Sciences,11,9.0,0.0,3.713572066704308,0.0909090909090909,0.8368080517613228,0.6363636363636364,1.294545165844896,0.8559437556700273,0.0909090909090909,openalex_education_1000
W3045909055,pre_ai,2020,Social Sciences,24,4.5,0.375,3.4478413488739337,0.3333333333333333,0.6750125187781673,0.4583333333333333,1.362568400406122,0.8597931017478307,0.2916666666666667,openalex_education_1000
W3046184201,pre_ai,2020,Social Sciences,18,5.0,0.2222222222222222,3.6635616461296463,0.0,0.5087336244541485,0.1666666666666666,0.6336632569776564,0.8810660375489129,0.0,openalex_education_1000
W3046336969,pre_ai,2020,Social Sciences,22,4.0,0.2727272727272727,3.4468281773013176,0.1363636363636363,0.7709507362297764,0.3636363636363636,0.8599672810355049,0.8823607428507372,0.1363636363636363,openalex_education_1000
W3046702553,pre_ai,2020,Social Sciences,8,9.0,0.0,4.2398494934943285,0.25,0.2661290322580645,0.0,-0.0,0.868685707449913,0.25,openalex_education_1000
W3046714474,pre_ai,2020,Social Sciences,29,14.0,0.0,4.77912349311153,0.0689655172413793,0.8698194325021497,0.4137931034482758,1.353780812036148,0.8662743383440478,0.0689655172413793,openalex_education_1000
W3046902054,pre_ai,2019,Social Sciences,27,6.0,0.074074074074074,2.995732273553991,0.4074074074074074,0.483370288248337,0.2222222222222222,0.7224980276090904,0.8529225345011111,0.4074074074074074,openalex_education_1000
W3047002192,pre_ai,2020,Social Sciences,1,1.0,1.0,0.6931471805599453,1.0,1.0,0.0,-0.0,0.9564300179481506,1.0,openalex_education_1000
W3047010502,pre_ai,2020,Social Sciences,25,11.0,0.12,5.198497031265826,0.12,0.9074476882770316,0.16,0.6060252027357298,0.8665480685234069,0.12,openalex_education_1000
W3047206208,pre_ai,2020,Social Sciences,40,11.0,0.15,5.049835461133777,0.15,0.7939262313725778,0.475,1.4836626154847283,0.8295971527695656,0.15,openalex_education_1000
W3047270858,pre_ai,2020,Social Sciences,10,1.0,0.9,1.1512925464970227,0.8,0.9880076315072228,0.0,-0.0,0.8919497787952423,0.8,openalex_education_1000
W3047272551,pre_ai,2020,Social Sciences,17,7.0,0.2352941176470588,4.30406509320417,0.3529411764705882,0.700343079522761,0.2941176470588235,0.8852888344409023,0.8443692396668827,0.3529411764705882,openalex_education_1000
W3047472748,pre_ai,2020,Social Sciences,23,8.0,0.2608695652173913,2.9444389791664403,0.4782608695652174,0.9226266691055424,0.7391304347826086,1.8765449298378163,0.8204301725263181,0.3043478260869565,openalex_education_1000
W3047803855,pre_ai,2020,Social Sciences,24,4.5,0.4166666666666667,2.93886789088982,0.4583333333333333,0.7559893522626442,0.0416666666666666,0.1732052067491771,0.8965388784805933,0.4583333333333333,openalex_education_1000
W3047839643,pre_ai,2020,Social Sciences,8,3.5,0.5,0.6931471805599453,0.875,0.58,0.375,0.6615632381579821,0.9011695384979248,0.875,openalex_education_1000
W3047904765,pre_ai,2020,Social Sciences,40,9.0,0.275,3.6622449896742655,0.35,0.6759730557876877,0.325,1.0543405754203397,0.8336035162210464,0.275,openalex_education_1000
W3047944342,pre_ai,2020,Social Sciences,14,14.0,0.0,4.635435435858108,0.0,0.6424095699230988,0.5714285714285714,0.8982053397041498,0.8595850339957646,0.0,openalex_education_1000
W3048109822,pre_ai,2020,Social Sciences,18,7.0,0.2222222222222222,4.947652079864055,0.2222222222222222,0.9237583227705174,0.3333333333333333,1.0797346179130656,0.8656488888793521,0.2222222222222222,openalex_education_1000
W3048385885,pre_ai,2020,Social Sciences,40,14.0,0.1,4.156926133699104,0.2,0.8039432748649629,0.1,0.4637124095034373,0.8199742168188096,0.1,openalex_education_1000
W3048836379,pre_ai,2020,Social Sciences,33,15.0,0.0909090909090909,3.4011973816621555,0.2121212121212121,0.771,0.3636363636363636,1.3152299628494384,0.8614920377731323,0.1515151515151515,openalex_education_1000
W3049184155,pre_ai,2020,Social Sciences,7,8.0,0.1428571428571428,1.6094379124341005,0.5714285714285714,0.8685897435897436,0.7142857142857143,0.5982695885852573,0.8318488597869873,0.2857142857142857,openalex_education_1000
W3049341674,pre_ai,2019,Social Sciences,13,3.0,0.5384615384615384,3.688879454113936,0.0,0.4590834697217676,0.4615384615384615,1.1569876443452742,0.7014278219296382,0.0,openalex_education_1000
W3049386544,pre_ai,2020,Social Sciences,18,4.0,0.3888888888888889,3.037673015544342,0.3333333333333333,0.9179524152847872,0.5555555555555556,1.1858203126288676,0.8365343279308743,0.3333333333333333,openalex_education_1000
W3074082496,pre_ai,2020,Social Sciences,13,4.0,0.4615384615384615,4.127134385045092,0.2307692307692307,0.8004722550177096,0.1538461538461538,0.5359610497090694,0.8713127099550687,0.2307692307692307,openalex_education_1000
W3076559495,pre_ai,2020,Social Sciences,40,5.0,0.325,4.248393190819288,0.2,0.6451488952929875,0.25,0.930037263699336,0.8453860327601432,0.175,openalex_education_1000
W3080110471,pre_ai,2020,Social Sciences,46,12.0,0.0,4.814327946031583,0.0652173913043478,0.6254617789144643,0.4347826086956521,1.638735578144365,0.846702525149221,0.0652173913043478,openalex_education_1000
W3080600378,pre_ai,2020,Social Sciences,9,11.0,0.1111111111111111,4.02535169073515,0.1111111111111111,0.4676923076923077,0.2222222222222222,0.6837389058487535,0.8319504525926378,0.0,openalex_education_1000
W3081110306,pre_ai,2020,Social Sciences,10,6.0,0.3,4.127914213640915,0.2,0.3293943870014771,0.1,0.3250829733914482,0.8419984996318817,0.1,openalex_education_1000
W3081612610,pre_ai,2020,Social Sciences,17,3.0,0.5882352941176471,2.833213344056216,0.4117647058823529,0.5607064017660044,0.8823529411764706,1.3945573191650285,0.7553910683183109,0.1764705882352941,openalex_education_1000
W3082261789,pre_ai,2020,Social Sciences,19,9.0,0.1052631578947368,4.30406509320417,0.1578947368421052,0.3210964268232991,0.2631578947368421,0.708018976056273,0.842122313223387,0.1052631578947368,openalex_education_1000
W3082324464,pre_ai,2020,Social Sciences,10,3.5,0.5,2.943052015725078,0.3,0.4135472370766488,0.3,0.9404479886553264,0.8507827162742615,0.3,openalex_education_1000
W3082364749,pre_ai,2019,Social Sciences,3,6.0,0.0,3.784189633918261,0.3333333333333333,0.9576354679802956,0.0,-0.0,0.8570720553398132,0.3333333333333333,openalex_education_1000
W3082406515,pre_ai,2020,Social Sciences,34,10.0,0.088235294117647,4.394372940969067,0.1764705882352941,0.8298040767860677,0.5882352941176471,1.273178587028139,0.8499787835513845,0.1176470588235294,openalex_education_1000
W3082563396,pre_ai,2020,Social Sciences,25,4.0,0.28,3.091042453358316,0.24,0.7079889807162535,0.96,1.5751684346046455,0.8047603273391724,0.2,openalex_education_1000
W3082692894,pre_ai,2020,Social Sciences,22,13.0,0.0909090909090909,5.381434625618549,0.0,0.7165117550574084,0.4545454545454545,1.1164855969563523,0.8313079313798384,0.0,openalex_education_1000
W3083036495,pre_ai,2020,Social Sciences,5,11.0,0.4,4.934473933130692,0.2,0.8498009410061528,0.2,0.5004024235381879,0.8079144954681396,0.2,openalex_education_1000
W3083350058,pre_ai,2020,Social Sciences,10,12.5,0.0,4.059848126478625,0.2,0.5137307434695244,0.2,0.639031859650177,0.8011415660381317,0.1,openalex_education_1000
W3083373142,pre_ai,2020,Social Sciences,5,13.0,0.2,3.737669618283368,0.0,0.6810810810810811,0.2,0.5004024235381879,0.8877032637596131,0.0,openalex_education_1000
W3083482852,pre_ai,2020,Social Sciences,20,7.0,0.25,3.688879454113936,0.2,0.7997502081598667,0.4,0.9376369622724492,0.8857301086187362,0.2,openalex_education_1000
W3083731301,pre_ai,2020,Social Sciences,16,7.0,0.25,4.006671590693336,0.25,0.5241345685031692,0.5625,1.249343231067561,0.8397013656795025,0.25,openalex_education_1000
W3085243583,pre_ai,2020,Social Sciences,9,7.0,0.2222222222222222,3.4339872044851463,0.3333333333333333,0.4202898550724637,0.4444444444444444,0.936888307539016,0.8306589921315511,0.3333333333333333,openalex_education_1000
W3085543570,pre_ai,2020,Social Sciences,4,24.0,0.25,2.271647391135002,0.5,0.7235294117647059,0.5,1.039720770839918,0.8081063032150269,0.25,openalex_education_1000
W3085839353,pre_ai,2020,Social Sciences,41,8.0,0.1951219512195122,4.532599493153256,0.1463414634146341,0.8356087735004476,0.2195121951219512,0.6425668400189827,0.8738129109871097,0.1463414634146341,openalex_education_1000
W3087219899,pre_ai,2020,Social Sciences,8,6.5,0.375,3.3485171238332425,0.25,0.7450292397660818,0.25,0.5623351446188083,0.855095349252224,0.25,openalex_education_1000
W3087724523,pre_ai,2020,Social Sciences,9,6.0,0.2222222222222222,4.7535901911063645,0.4444444444444444,0.42052067381317,0.2222222222222222,0.5297061990576545,0.8222662541601393,0.2222222222222222,openalex_education_1000
W3087820958,pre_ai,2020,Social Sciences,2,14.5,0.0,4.027578865909839,0.0,0.9451476793248944,0.5,0.6931471805599453,0.8855148553848267,0.0,openalex_education_1000
W3087887205,pre_ai,2020,Social Sciences,15,5.0,0.1333333333333333,2.8903717578961645,0.4,0.5862068965517241,0.4666666666666667,0.6909233093138181,0.8582034269968669,0.3333333333333333,openalex_education_1000
W3088287223,pre_ai,2020,Social Sciences,26,11.0,0.0,4.689830558296443,0.1923076923076923,0.8648576417346684,0.1923076923076923,0.6924211566971873,0.8775484080498035,0.1923076923076923,openalex_education_1000
W3089141233,pre_ai,2019,Social Sciences,3,4.0,0.3333333333333333,3.49650756146648,0.3333333333333333,0.9271070615034168,1.0,1.0986122886681096,0.8539459109306335,0.3333333333333333,openalex_education_1000
W3089974013,pre_ai,2020,Social Sciences,10,8.0,0.3,2.70805020110221,0.3,0.9947214494614453,0.6,1.193549604098133,0.9071096479892732,0.3,openalex_education_1000
W3090435912,pre_ai,2020,Social Sciences,42,5.0,0.3095238095238095,3.880233514606711,0.2142857142857142,0.8713217363030401,0.2142857142857142,0.7988139256508839,0.8554104921363649,0.2142857142857142,openalex_education_1000
W3091353872,pre_ai,2020,Social Sciences,15,4.0,0.4666666666666667,3.912023005428146,0.3333333333333333,0.8309818600633458,0.6,1.5519014979437442,0.886917793750763,0.3333333333333333,openalex_education_1000
W3091813906,pre_ai,2020,Social Sciences,11,6.0,0.3636363636363636,2.8903717578961645,0.3636363636363636,0.3870967741935484,0.8181818181818182,1.4681399390162089,0.83101055838845,0.1818181818181818,openalex_education_1000
W3091947885,pre_ai,2020,Social Sciences,31,5.0,0.4193548387096774,2.19722457733622,0.6451612903225806,0.7281795511221946,0.1935483870967742,0.7486812579062818,0.868158874973174,0.6129032258064516,openalex_education_1000
W3092019463,pre_ai,2020,Social Sciences,14,7.5,0.0714285714285714,4.434628761398644,0.2142857142857142,0.9171059250672556,0.5,1.0346012329101812,0.8266214430332184,0.0714285714285714,openalex_education_1000
W3092227672,pre_ai,2020,Social Sciences,32,6.5,0.3125,3.329646959841819,0.3125,0.7990489130434782,0.75,1.1737248027155431,0.8775784242898226,0.3125,openalex_education_1000
W3092965121,pre_ai,2020,Social Sciences,25,6.0,0.4,3.091042453358316,0.28,0.7759281678773204,0.28,1.026904610293371,0.8466131377220154,0.24,openalex_education_1000
W3092998629,pre_ai,2020,Social Sciences,38,4.0,0.4736842105263157,3.609088419201704,0.2631578947368421,0.9123422527098496,0.2631578947368421,0.9496193019529752,0.8641037721382944,0.2368421052631578,openalex_education_1000
W3093289084,pre_ai,2020,Social Sciences,9,7.0,0.1111111111111111,3.713572066704308,0.2222222222222222,0.8473047304730473,0.1111111111111111,0.3488320958430319,0.833901564280192,0.2222222222222222,openalex_education_1000
W3093857520,pre_ai,2020,Social Sciences,6,30.5,0.0,2.868286148739596,0.5,0.6131687242798354,0.1666666666666666,0.4505612088663046,0.9110602140426636,0.3333333333333333,openalex_education_1000
W3093862114,pre_ai,2020,Social Sciences,8,2.5,0.75,1.4451858789480825,0.875,0.5961538461538461,1.0,1.2130075659799042,0.8046517372131348,0.375,openalex_education_1000
W3094179515,pre_ai,2020,Social Sciences,8,11.5,0.0,3.2059091338549486,0.125,0.3270833333333333,0.375,1.0735428464085233,0.8753407672047615,0.125,openalex_education_1000
W3094224322,pre_ai,2020,Social Sciences,29,3.0,0.5862068965517241,2.5649493574615367,0.4482758620689655,0.7718687872763419,0.2758620689655172,1.0011888500100568,0.8724279588666456,0.4482758620689655,openalex_education_1000
W3094224546,pre_ai,2020,Social Sciences,39,7.0,0.1282051282051282,4.0943445622221,0.2564102564102564,0.8646976744186047,0.3333333333333333,1.1066853539997588,0.8454822974327283,0.1794871794871795,openalex_education_1000
W3094307003,pre_ai,2020,Social Sciences,11,6.0,0.2727272727272727,5.068904202220232,0.0909090909090909,0.6351785376912904,0.5454545454545454,1.0361987848192835,0.891489565372467,0.0909090909090909,openalex_education_1000
W3094830950,pre_ai,2020,Social Sciences,17,8.0,0.2941176470588235,3.8918202981106265,0.4117647058823529,0.6783608490566038,0.5294117647058824,1.1407201964134568,0.861282534459058,0.3529411764705882,openalex_education_1000
W3094903766,pre_ai,2020,Social Sciences,23,8.0,0.1739130434782608,4.04305126783455,0.3043478260869565,0.6895350861918857,0.391304347826087,1.242516983467311,0.8743940229001252,0.2608695652173913,openalex_education_1000
W3095380009,pre_ai,2020,Social Sciences,10,4.0,0.4,2.740319461670996,0.4,0.960344719915069,0.1,0.3250829733914482,0.886747145652771,0.4,openalex_education_1000
W3095677960,pre_ai,2020,Social Sciences,7,2.0,0.5714285714285714,3.1354942159291497,0.4285714285714285,0.3636363636363636,1.0,0.410116318288409,0.9358200430870056,0.4285714285714285,openalex_education_1000
W3095845404,pre_ai,2020,Social Sciences,2,2.0,1.0,3.583132987066819,0.0,0.5142857142857142,0.0,-0.0,0.854811429977417,0.0,openalex_education_1000
W3096134752,pre_ai,2020,Social Sciences,6,3.0,0.5,0.5493061443340549,1.0,0.4444444444444444,0.6666666666666666,1.0986122886681096,0.8935703337192535,1.0,openalex_education_1000
W3096195021,pre_ai,2020,Social Sciences,29,6.0,0.1724137931034483,4.3694478524670215,0.1724137931034483,0.5638858737788804,0.8620689655172413,1.1100605570361506,0.8700459455621654,0.1724137931034483,openalex_education_1000
W3096338788,pre_ai,2020,Social Sciences,24,8.0,0.25,3.632015071449765,0.2916666666666667,0.6091019910605445,0.125,0.4563344322932884,0.861839530368646,0.2083333333333333,openalex_education_1000
W3096362145,pre_ai,2020,Social Sciences,13,2.0,0.5384615384615384,2.079441541679836,0.5384615384615384,0.8332805071315372,0.6923076923076923,1.7782333057997075,0.8123707312804002,0.3076923076923077,openalex_education_1000
W3096784017,pre_ai,2020,Social Sciences,26,3.0,0.6538461538461539,2.4337672252277915,0.5,0.9411366711772666,0.1923076923076923,0.6722962280908585,0.8778635561466217,0.5,openalex_education_1000
W3096837363,pre_ai,2020,Social Sciences,6,23.0,0.0,7.926146370560301,0.0,0.5135135135135135,0.3333333333333333,0.6365141682948128,0.8182376027107239,0.0,openalex_education_1000
W3097169715,pre_ai,2020,Social Sciences,2,0.0,1.0,1.7482537807332403,1.0,0.8333333333333334,0.0,-0.0,0.850693017244339,0.5,openalex_education_1000
W3097460394,pre_ai,2020,Social Sciences,11,8.0,0.1818181818181818,2.833213344056216,0.3636363636363636,0.9878077792315928,0.7272727272727273,1.3667110520552042,0.8308987346562472,0.1818181818181818,openalex_education_1000
W3097499982,pre_ai,2020,Social Sciences,24,5.0,0.3333333333333333,2.70582302592752,0.4166666666666667,0.930626402774944,0.2083333333333333,0.7892773734611849,0.8610415707031885,0.4166666666666667,openalex_education_1000
W3097764498,pre_ai,2020,Social Sciences,19,7.0,0.2105263157894736,3.218875824868201,0.2105263157894736,0.9575234907967564,0.1578947368421052,0.6096274235960984,0.8936878160426491,0.2105263157894736,openalex_education_1000
W3100059845,pre_ai,2020,Social Sciences,5,2.0,0.6,2.4849066497880004,0.4,0.906367041198502,0.8,1.0549201679861442,0.8586844682693482,0.4,openalex_education_1000
W3100220906,pre_ai,2020,Social Sciences,18,4.0,0.3333333333333333,2.71467281447722,0.3888888888888889,0.9096451719213446,0.3888888888888889,1.347974960012722,0.8909977608256869,0.3888888888888889,openalex_education_1000
W3100859102,pre_ai,2020,Social Sciences,15,6.0,0.2,2.833213344056216,0.4,0.3624595469255663,0.8,1.5821699429252505,0.8726875384648641,0.4,openalex_education_1000
W3102888034,pre_ai,2020,Social Sciences,11,2.0,0.6363636363636364,0.6931471805599453,1.0,0.5,0.0,-0.0,0.8895484805107117,1.0,openalex_education_1000
W3103457542,pre_ai,2020,Social Sciences,6,11.0,0.0,1.5222612188617115,0.6666666666666666,0.936986301369863,0.8333333333333334,0.8675632284814612,0.8045539855957031,0.5,openalex_education_1000
W3103780150,pre_ai,2020,Social Sciences,27,8.0,0.074074074074074,5.2832037287379885,0.037037037037037,0.9085209349712964,0.6666666666666666,1.805850253440124,0.8693073568520723,0.037037037037037,openalex_education_1000
W3107051741,pre_ai,2020,Social Sciences,23,7.0,0.1739130434782608,2.6390573296152584,0.4347826086956521,0.92338876168312,0.6521739130434783,1.5186083384323958,0.8558005794234897,0.4347826086956521,openalex_education_1000
W3107125470,pre_ai,2020,Social Sciences,7,19.0,0.1428571428571428,3.713572066704308,0.2857142857142857,0.935261069017061,0.0,-0.0,0.8853171382631574,0.2857142857142857,openalex_education_1000
W3107245889,pre_ai,2020,Social Sciences,15,17.0,0.0666666666666666,5.181783550292085,0.2666666666666666,0.9504223359547288,0.6666666666666666,1.1710598699903711,0.8309528152147929,0.2,openalex_education_1000
W3107402922,pre_ai,2020,Social Sciences,1,13.0,0.0,0.6931471805599453,1.0,1.0,0.0,-0.0,0.8098306655883789,1.0,openalex_education_1000
W3108244393,pre_ai,2020,Social Sciences,37,9.0,0.1351351351351351,4.060443010546419,0.1081081081081081,0.8396281514650054,0.6486486486486487,0.9442798802033662,0.8902872591405302,0.1081081081081081,openalex_education_1000
W3108455696,pre_ai,2020,Social Sciences,17,13.0,0.1176470588235294,3.688879454113936,0.3529411764705882,0.5835880554902422,0.2352941176470588,0.7902347553432827,0.8604084218249601,0.2941176470588235,openalex_education_1000
W3108539130,pre_ai,2019,Social Sciences,5,14.0,0.0,4.68213122712422,0.2,0.5382803297997645,0.8,1.0549201679861442,0.8055873274803161,0.2,openalex_education_1000
W3108583001,pre_ai,2020,Social Sciences,54,8.0,0.074074074074074,4.051747139190485,0.0925925925925925,0.8910401002506265,0.2777777777777778,1.0059436583459682,0.8404100912588613,0.074074074074074,openalex_education_1000
W3109877203,pre_ai,2020,Social Sciences,22,6.0,0.1363636363636363,4.163500370120857,0.1818181818181818,0.90303212248574,0.0454545454545454,0.1849073991677756,0.8955694870515303,0.1818181818181818,openalex_education_1000
W3109962707,pre_ai,2020,Social Sciences,34,11.0,0.0588235294117647,4.653914996626719,0.1176470588235294,0.4982172569526978,0.8529411764705882,1.1938645992801276,0.8846468574860517,0.1176470588235294,openalex_education_1000
W3110755678,pre_ai,2020,Social Sciences,15,2.0,0.5333333333333333,1.791759469228055,0.6666666666666666,0.7693399574166075,0.0,-0.0,0.8716106216112772,0.6666666666666666,openalex_education_1000
W3110762185,pre_ai,2020,Social Sciences,23,5.0,0.1739130434782608,4.0943445622221,0.217391304347826,0.6890088043169554,0.1304347826086956,0.4702359623552492,0.8706494647523632,0.217391304347826,openalex_education_1000
W3110811115,pre_ai,2020,Social Sciences,2,0.5,1.0,1.3195286648076292,1.0,0.8571428571428571,1.0,0.6931471805599453,0.8016340434551239,0.5,openalex_education_1000
W3111036530,pre_ai,2020,Social Sciences,9,16.0,0.0,6.257667587882639,0.1111111111111111,0.3659316075423457,0.2222222222222222,0.6837389058487535,0.8610610564549764,0.1111111111111111,openalex_education_1000
W3111053236,pre_ai,2020,Social Sciences,5,0.0,0.8,1.9459101490553128,0.6,0.9302127659574468,0.2,0.5004024235381879,0.8613584876060486,0.6,openalex_education_1000
W3111080127,pre_ai,2020,Social Sciences,2,27.0,0.0,2.7567143730824912,0.5,0.953125,0.0,-0.0,0.8928117752075195,0.5,openalex_education_1000
W3111127135,pre_ai,2020,Social Sciences,1,19.0,0.0,0.0,1.0,,1.0,-0.0,0.8140689134597778,1.0,openalex_education_1000
W3111147721,pre_ai,2020,Social Sciences,22,6.5,0.2272727272727272,4.757660970753012,0.2272727272727272,0.7166488794023479,0.4090909090909091,1.2096092165778396,0.87123842401938,0.2272727272727272,openalex_education_1000
W3111305544,pre_ai,2020,Social Sciences,28,5.5,0.3571428571428571,3.758760425301515,0.2857142857142857,0.8487055948730953,0.4285714285714285,1.2118800473057902,0.822287067770958,0.25,openalex_education_1000
W3111378487,pre_ai,2020,Social Sciences,39,9.0,0.0256410256410256,5.075173815233827,0.1025641025641025,0.7909704203425013,0.4358974358974359,1.451319794651256,0.8615077061530871,0.0769230769230769,openalex_education_1000
W3111417882,pre_ai,2020,Social Sciences,14,13.5,0.0,4.656809360714842,0.0,0.5234486025580294,0.9285714285714286,1.450805020083924,0.8032199782984597,0.0,openalex_education_1000
W3111483872,pre_ai,2020,Social Sciences,50,8.5,0.22,4.579839228586978,0.14,0.6293990254466703,0.74,1.602331213349662,0.853965915441513,0.12,openalex_education_1000
W3111681120,pre_ai,2021,Social Sciences,40,8.0,0.175,3.760929626100815,0.125,0.8678946611023168,0.05,0.2331726023738698,0.9069603219628334,0.125,openalex_education_1000
W3111942614,pre_ai,2020,Social Sciences,11,9.0,0.0,4.51085950651685,0.0,0.4041878172588832,0.2727272727272727,0.8855741515766717,0.8704718730666421,0.0,openalex_education_1000
W3112054148,pre_ai,2020,Social Sciences,8,6.0,0.25,4.11608711819197,0.25,0.6072842438638163,0.5,1.3862943611198906,0.859061174094677,0.125,openalex_education_1000
W3112244402,pre_ai,2020,Social Sciences,25,1.0,0.92,1.791759469228055,0.64,0.4871060171919771,0.44,1.2419377502804954,0.8253696393966675,0.48,openalex_education_1000
W3112380098,pre_ai,2020,Social Sciences,4,14.0,0.25,2.582392986961757,0.5,0.6161616161616161,0.5,0.6931471805599453,0.8762218058109283,0.5,openalex_education_1000
W3112509978,pre_ai,2020,Social Sciences,5,7.0,0.0,3.4657359027997265,0.0,0.670487106017192,0.6,1.3321790402101223,0.8167275190353394,0.0,openalex_education_1000
W3112522711,pre_ai,2020,Social Sciences,14,3.0,0.5,1.7005986908310775,0.7142857142857143,0.9671094244149272,0.6428571428571429,1.4944032113796122,0.9041896675314222,0.7142857142857143,openalex_education_1000
W3112930344,pre_ai,2020,Social Sciences,7,3.0,0.8571428571428571,1.791759469228055,1.0,0.2727272727272727,0.7142857142857143,0.9556998911125344,0.8602933287620544,0.7142857142857143,openalex_education_1000
W3113044302,pre_ai,2020,Social Sciences,14,12.5,0.0714285714285714,3.51542873805806,0.1428571428571428,0.9648980328460568,0.4285714285714285,0.8760057656431737,0.9052472838333676,0.1428571428571428,openalex_education_1000
W3113137237,pre_ai,2020,Social Sciences,13,7.0,0.1538461538461538,1.6094379124341005,0.6153846153846154,0.9888677040408388,0.4615384615384615,1.4105135571148382,0.862365030325376,0.6153846153846154,openalex_education_1000
W3113267331,pre_ai,2020,Social Sciences,19,14.0,0.0,3.688879454113936,0.2105263157894736,0.9556056493536368,0.5263157894736842,1.3066469989453455,0.8411282300949097,0.2105263157894736,openalex_education_1000
W3113323255,pre_ai,2020,Social Sciences,36,6.0,0.1944444444444444,3.9269965436121215,0.1666666666666666,0.8781957436316284,0.1111111111111111,0.5028648026341309,0.8650706741544936,0.1388888888888889,openalex_education_1000
W3113398065,pre_ai,2020,Social Sciences,15,10.0,0.2666666666666666,4.394449154672439,0.4,0.9626684523311292,0.2,0.7201248812718097,0.8564482053120931,0.4,openalex_education_1000
W3113506077,pre_ai,2020,Social Sciences,26,10.5,0.1923076923076923,3.783155507386232,0.1923076923076923,0.9222420837589376,0.0384615384615384,0.1630236294943659,0.8832874756592971,0.1923076923076923,openalex_education_1000
W3113804993,pre_ai,2020,Social Sciences,10,11.0,0.0,4.198866875689455,0.2,0.4766888677450047,0.1,0.3250829733914482,0.8745340287685395,0.2,openalex_education_1000
W3113931969,pre_ai,2020,Social Sciences,10,9.5,0.1,5.246428149310449,0.2,0.3519830028328612,0.8,1.5047882836811908,0.8366783380508422,0.2,openalex_education_1000
W3114508627,pre_ai,2020,Social Sciences,12,5.0,0.3333333333333333,3.414356035820842,0.0,0.4805389221556886,0.75,1.3579778549873245,0.7579679042100906,0.0,openalex_education_1000
W3114646927,pre_ai,2020,Social Sciences,1,12.0,0.0,3.4339872044851463,0.0,1.0,1.0,-0.0,0.846226692199707,0.0,openalex_education_1000
W3115291622,pre_ai,2020,Social Sciences,23,12.0,0.0869565217391304,4.406719247264253,0.0869565217391304,0.9679058657561038,0.217391304347826,0.7301668894884847,0.8442420933557593,0.0869565217391304,openalex_education_1000
W3115480214,pre_ai,2019,Social Sciences,3,7.0,0.3333333333333333,2.5649493574615367,0.3333333333333333,0.7540983606557377,0.0,-0.0,0.8562394777933756,0.3333333333333333,openalex_education_1000
W3115896752,pre_ai,2020,Social Sciences,17,4.0,0.3529411764705882,1.9459101490553128,0.6470588235294118,0.733739837398374,0.8823529411764706,1.2181950724180413,0.8851035517804763,0.6470588235294118,openalex_education_1000
W3115960083,pre_ai,2020,Social Sciences,30,8.0,0.2666666666666666,4.487309019227556,0.2333333333333333,0.685455749282719,0.3,0.9291213862022998,0.8641355474789937,0.2333333333333333,openalex_education_1000
W3116501207,pre_ai,2020,Social Sciences,12,7.0,0.1666666666666666,3.613831249364328,0.25,0.9049895428742156,0.25,0.7214636866925115,0.886485700805982,0.25,openalex_education_1000
W3116546611,pre_ai,2020,Social Sciences,14,7.5,0.2857142857142857,3.794920756091329,0.1428571428571428,0.7023470839260313,0.2857142857142857,0.7589367727620595,0.8735580061163221,0.1428571428571428,openalex_education_1000
W3116675089,pre_ai,2020,Social Sciences,10,12.5,0.1,4.992533769764275,0.1,0.5325392715346108,0.5,1.2206072645530173,0.8479887783527374,0.1,openalex_education_1000
W3117467404,pre_ai,2020,Social Sciences,2,24.5,0.5,3.342305863833964,0.0,0.5636363636363636,0.5,0.6931471805599453,0.8111521601676941,0.0,openalex_education_1000
W3117789281,pre_ai,2020,Social Sciences,6,13.5,0.1666666666666666,3.597218425550168,0.1666666666666666,0.5201421800947867,0.1666666666666666,0.4505612088663046,0.7765171031157175,0.0,openalex_education_1000
W3117879170,pre_ai,2020,Social Sciences,2,1.5,1.0,2.165366670143165,0.5,0.8571428571428571,0.0,-0.0,0.8964923620223999,0.5,openalex_education_1000
W3118144943,pre_ai,2020,Social Sciences,31,10.0,0.1612903225806451,4.394449154672439,0.2903225806451613,0.5166194523135033,0.4516129032258064,0.80466564009948,0.8216904767097966,0.2258064516129032,openalex_education_1000
W3118265272,pre_ai,2021,Social Sciences,5,4.0,0.4,2.19722457733622,0.6,0.4025974025974026,0.0,-0.0,0.8811257123947144,0.4,openalex_education_1000
W3118376236,pre_ai,2020,Social Sciences,44,9.0,0.1818181818181818,5.458942275758305,0.1818181818181818,0.5955580704484368,0.3636363636363636,1.204308473456862,0.8552343195134943,0.1818181818181818,openalex_education_1000
W3118501463,pre_ai,2020,Social Sciences,5,3.0,0.6,1.6094379124341005,0.6,0.6069182389937107,0.2,0.5004024235381879,0.8870517373085022,0.4,openalex_education_1000
W3118711873,pre_ai,2020,Social Sciences,22,8.0,0.2727272727272727,2.888826161611328,0.3181818181818182,0.3577981651376147,0.9090909090909092,1.8224362127868807,0.8760536258870905,0.2727272727272727,openalex_education_1000
W3118822842,pre_ai,2020,Social Sciences,13,23.0,0.1538461538461538,6.095824562432225,0.0,0.7568430859323011,0.0769230769230769,0.2711893730418441,0.8705168824929458,0.0,openalex_education_1000
W3118865044,pre_ai,2020,Social Sciences,14,9.0,0.2857142857142857,2.4849066497880004,0.5,0.9470770593445528,0.2857142857142857,0.7589367727620595,0.840764024427959,0.5,openalex_education_1000
W3118944609,pre_ai,2021,Social Sciences,17,7.0,0.2941176470588235,2.995732273553991,0.4117647058823529,0.9876018548787427,0.1764705882352941,0.5783252866601273,0.8853288713623496,0.4117647058823529,openalex_education_1000
W3119083749,pre_ai,2021,Social Sciences,29,5.0,0.4482758620689655,3.4657359027997265,0.1724137931034483,0.9772066307983132,0.1724137931034483,0.6235327681121628,0.8457273697030956,0.1724137931034483,openalex_education_1000
W3119185999,pre_ai,2020,Social Sciences,12,5.5,0.3333333333333333,4.0943445622221,0.1666666666666666,0.7836440955184821,0.5833333333333334,1.308605387253449,0.8398100237051646,0.1666666666666666,openalex_education_1000
W3119355559,pre_ai,2021,Social Sciences,36,10.5,0.1388888888888889,4.846012752997878,0.0833333333333333,0.7838837241014206,0.5555555555555556,1.2324846882217784,0.8694290916124979,0.0833333333333333,openalex_education_1000
W3119596129,pre_ai,2021,Social Sciences,11,8.0,0.0,3.1780538303479458,0.0909090909090909,0.8823853463710233,0.7272727272727273,1.798652206252129,0.7917907725680958,0.0909090909090909,openalex_education_1000
W3119939623,pre_ai,2021,Social Sciences,35,6.0,0.2,4.394449154672439,0.0285714285714285,0.665710080941869,0.2857142857142857,0.9093838672553212,0.8548144715172904,0.0285714285714285,openalex_education_1000
W3120596061,pre_ai,2021,Social Sciences,31,9.0,0.032258064516129,2.995732273553991,0.2580645161290322,0.9589546801379512,0.1612903225806451,0.5225134163226269,0.8446067264003139,0.1612903225806451,openalex_education_1000
W3121046092,pre_ai,2020,Social Sciences,10,2.5,0.8,2.297559925067296,0.6,0.3919354838709677,1.0,1.3592367006650063,0.8310501575469971,0.5,openalex_education_1000
W3121060201,pre_ai,2021,Social Sciences,16,16.5,0.0,5.891430497467018,0.0,0.6309683383406517,0.125,0.46341355882643,0.8609365820884705,0.0,openalex_education_1000
W3122343734,pre_ai,2020,Social Sciences,8,2.5,0.625,1.354025100551105,0.75,0.6504065040650406,0.0,-0.0,0.8914838507771492,0.625,openalex_education_1000
W3122354387,pre_ai,2020,Social Sciences,12,14.0,0.0833333333333333,4.731793133553419,0.1666666666666666,0.6429170159262364,0.25,0.8369882167858358,0.8874387045701345,0.1666666666666666,openalex_education_1000
W3122645494,pre_ai,2021,Social Sciences,28,11.5,0.1071428571428571,4.946263856149892,0.1071428571428571,0.5619068255687975,0.25,0.8815937094853431,0.8362845629453659,0.1071428571428571,openalex_education_1000
W3123410686,pre_ai,2021,Social Sciences,20,10.0,0.35,3.974898608080926,0.45,0.6425127068943047,0.9,1.4354735656251965,0.8129137277603149,0.05,openalex_education_1000
W3123721586,pre_ai,2020,Social Sciences,15,3.0,0.6666666666666666,1.3862943611198906,0.6666666666666666,0.7997382198952879,0.0666666666666666,0.2449300267946353,0.8545631090799968,0.6,openalex_education_1000
W3124295395,pre_ai,2021,Social Sciences,9,8.0,0.3333333333333333,3.80666248977032,0.3333333333333333,0.6008403361344538,0.2222222222222222,0.5297061990576545,0.89031583070755,0.3333333333333333,openalex_education_1000
W3125207842,pre_ai,2021,Social Sciences,7,5.0,0.4285714285714285,3.258096538021482,0.1428571428571428,0.4153846153846154,0.1428571428571428,0.410116318288409,0.889824492590768,0.1428571428571428,openalex_education_1000
W3125492777,pre_ai,2020,Social Sciences,13,11.0,0.1538461538461538,4.30406509320417,0.1538461538461538,0.5797247398455858,0.3846153846153846,0.9251290835720823,0.877444877074315,0.0769230769230769,openalex_education_1000
W3125500244,pre_ai,2020,Social Sciences,53,5.0,0.1886792452830188,3.871201010907891,0.1886792452830188,0.874923723033849,0.5660377358490566,1.4817146145323143,0.8489748003347865,0.1698113207547169,openalex_education_1000
W3125770089,pre_ai,2021,Social Sciences,21,11.0,0.1428571428571428,5.351858133476067,0.0,0.8711639933078282,0.5714285714285714,1.65693750199607,0.8315257117861793,0.0,openalex_education_1000
W3126775645,pre_ai,2021,Social Sciences,6,3.5,0.5,3.438132305945383,0.1666666666666666,0.9111694152923538,0.1666666666666666,0.4505612088663046,0.8375604748725891,0.1666666666666666,openalex_education_1000
W3126871725,pre_ai,2021,Social Sciences,24,1.0,0.8333333333333334,4.104245875870191,0.25,0.484149855907781,0.6666666666666666,1.4099716642804905,0.7649177288015684,0.0833333333333333,openalex_education_1000
W3127068054,pre_ai,2021,Social Sciences,27,11.0,0.074074074074074,3.9889840465642745,0.1481481481481481,0.469359808284834,0.5555555555555556,0.9649629230074276,0.8953364623917474,0.1481481481481481,openalex_education_1000
W3127112860,pre_ai,2021,Social Sciences,20,7.0,0.1,3.0868930519509683,0.4,0.9279980340760158,0.5,1.0126631103850336,0.8517064779996872,0.3,openalex_education_1000
W3127146604,pre_ai,2021,Social Sciences,23,2.0,0.5652173913043478,3.951243718581428,0.1739130434782608,0.7750569476082004,0.391304347826087,1.4085641578050887,0.8355869909991389,0.1304347826086956,openalex_education_1000
W3127162995,pre_ai,2021,Social Sciences,51,11.0,0.0,4.3694478524670215,0.0980392156862745,0.6538304642245247,0.7058823529411765,1.562186948553019,0.8573203168663324,0.0980392156862745,openalex_education_1000
W3127176466,pre_ai,2020,Social Sciences,11,0.0,0.6363636363636364,2.4849066497880004,0.4545454545454545,0.9364161849710982,0.7272727272727273,1.4681399390162089,0.816275954246521,0.2727272727272727,openalex_education_1000
W3127303725,pre_ai,2021,Social Sciences,4,3.5,0.5,1.791759469228055,0.75,0.9456521739130436,0.25,0.5623351446188083,0.8666705340147018,0.75,openalex_education_1000
W3127434575,pre_ai,2021,Social Sciences,17,9.0,0.1176470588235294,4.672828834461906,0.2941176470588235,0.5183970002343566,0.7647058823529411,0.9554471413937666,0.8585944526335773,0.2941176470588235,openalex_education_1000
W3127553203,pre_ai,2019,Social Sciences,29,9.0,0.1724137931034483,4.605170185988092,0.2758620689655172,0.7909307731787579,0.2068965517241379,0.8327213014523247,0.8460781800335851,0.2758620689655172,openalex_education_1000
W3127590611,pre_ai,2021,Social Sciences,24,12.5,0.1666666666666666,5.791598758977781,0.0833333333333333,0.9386263475489864,0.7916666666666666,1.9799505618232047,0.8104911545912424,0.0833333333333333,openalex_education_1000
W3127708546,pre_ai,2021,Social Sciences,11,11.0,0.0909090909090909,3.8501476017100575,0.1818181818181818,0.9768698785378044,0.1818181818181818,0.6001660731596457,0.8849948915568265,0.1818181818181818,openalex_education_1000
W3127748570,pre_ai,2020,Social Sciences,11,14.0,0.0,4.406719247264253,0.0909090909090909,0.8334539140500651,0.1818181818181818,0.6001660731596457,0.8598660555752841,0.0909090909090909,openalex_education_1000
W3127906824,pre_ai,2020,Social Sciences,14,10.0,0.1428571428571428,4.615071499636181,0.1428571428571428,0.8130330945069942,0.1428571428571428,0.509137344082687,0.8529554009437561,0.1428571428571428,openalex_education_1000
W3127995137,pre_ai,2021,Social Sciences,5,13.0,0.4,2.8903717578961645,0.4,0.5217610062893082,0.2,0.5004024235381879,0.835792350769043,0.4,openalex_education_1000
W3128194289,pre_ai,2021,Social Sciences,20,12.5,0.0,4.4449986786424205,0.25,0.6980204032062182,0.3,0.8711332705993318,0.8556550323963166,0.25,openalex_education_1000
W3128335785,pre_ai,2021,Social Sciences,20,5.0,0.3,2.0126758453675744,0.75,0.3619631901840491,0.25,0.6874357505033553,0.8838848680257797,0.7,openalex_education_1000
W3128367078,pre_ai,2021,Social Sciences,15,7.0,0.1333333333333333,3.58351893845611,0.3333333333333333,0.815396399846802,0.1333333333333333,0.4850940913022115,0.8185550530751546,0.2666666666666666,openalex_education_1000
W3128416932,pre_ai,2021,Social Sciences,27,7.0,0.1481481481481481,4.158883083359672,0.074074074074074,0.8836777339215232,0.8148148148148148,1.7961160085526,0.809469668953507,0.0,openalex_education_1000
W3128725618,pre_ai,2020,Social Sciences,9,14.0,0.0,6.202535517187923,0.1111111111111111,0.8179241648781025,0.4444444444444444,0.936888307539016,0.8746889763408237,0.0,openalex_education_1000
W3128924694,pre_ai,2020,Social Sciences,19,6.0,0.2105263157894736,2.3978952727983707,0.5263157894736842,0.9810427593563872,0.5263157894736842,1.188260652709807,0.8768111592844913,0.4736842105263157,openalex_education_1000
W3129181453,pre_ai,2020,Social Sciences,21,4.0,0.3809523809523809,2.4849066497880004,0.4761904761904761,0.5149544863459038,0.1428571428571428,0.5670609309552819,0.8660060195695787,0.4285714285714285,openalex_education_1000
W3129714682,pre_ai,2021,Social Sciences,34,10.0,0.088235294117647,3.890986617217192,0.1470588235294117,0.9385863267670916,0.1470588235294117,0.4911618036135934,0.8671076841214124,0.1470588235294117,openalex_education_1000
W3130046935,pre_ai,2021,Social Sciences,18,11.5,0.0555555555555555,4.219399561994113,0.1111111111111111,0.5473726922296612,0.2222222222222222,0.6546695645285008,0.8451954623063406,0.1111111111111111,openalex_education_1000
W3130194319,pre_ai,2021,Social Sciences,36,7.0,0.1944444444444444,4.085092826439821,0.1111111111111111,0.948964902341392,0.25,0.943073911501638,0.859884058435758,0.0833333333333333,openalex_education_1000
W3130255943,pre_ai,2019,Social Sciences,13,16.0,0.0769230769230769,6.161207321695077,0.0,0.6914164606146238,0.8461538461538461,1.072016968563193,0.8296821530048664,0.0,openalex_education_1000
W3130342605,pre_ai,2021,Social Sciences,13,12.0,0.0769230769230769,3.8501476017100575,0.0769230769230769,0.6932935174816474,0.2307692307692307,0.7937300551584247,0.869985777598161,0.0769230769230769,openalex_education_1000
W3130710896,pre_ai,2021,Social Sciences,4,6.0,0.5,4.6625928818226114,0.5,0.8511873980667489,0.25,0.5623351446188083,0.7831963002681732,0.25,openalex_education_1000
W3130962299,pre_ai,2021,Social Sciences,39,7.0,0.2051282051282051,3.044522437723423,0.3333333333333333,0.9833760590918966,0.5641025641025641,1.1133688715042205,0.8622577144549444,0.3076923076923077,openalex_education_1000
W3131085993,pre_ai,2021,Social Sciences,24,7.0,0.125,3.8127975360662263,0.1666666666666666,0.8317688650493722,0.5,1.4847764102701837,0.8412588387727737,0.125,openalex_education_1000
W3131633160,pre_ai,2021,Social Sciences,6,2.5,0.6666666666666666,1.732867951399863,0.8333333333333334,0.6140350877192983,0.6666666666666666,1.329661348854758,0.8882286250591278,0.6666666666666666,openalex_education_1000
W3131804043,pre_ai,2021,Social Sciences,3,4.0,0.3333333333333333,2.4849066497880004,0.3333333333333333,0.4827586206896552,0.0,-0.0,0.896812895933787,0.3333333333333333,openalex_education_1000
W3132107164,pre_ai,2021,Social Sciences,44,26.0,0.0227272727272727,4.143008734202382,0.1136363636363636,0.9407948973836074,0.5,1.553243910169858,0.8751384521072562,0.0909090909090909,openalex_education_1000
W3132389729,pre_ai,2021,Social Sciences,9,4.0,0.3333333333333333,2.5649493574615367,0.3333333333333333,0.5170354759395855,0.2222222222222222,0.5297061990576545,0.8487632407082452,0.2222222222222222,openalex_education_1000
W3132485673,pre_ai,2021,Social Sciences,39,5.0,0.4358974358974359,3.784189633918261,0.3333333333333333,0.7110655737704918,0.0512820512820512,0.2378190110569207,0.874206237303905,0.3333333333333333,openalex_education_1000
W3132521811,pre_ai,2021,Social Sciences,6,18.0,0.0,4.756332360582417,0.0,0.7713690062543433,0.3333333333333333,0.8675632284814612,0.80629430214564,0.0,openalex_education_1000
W3133293177,pre_ai,2021,Social Sciences,44,7.0,0.1818181818181818,3.881510654509259,0.1590909090909091,0.7657854360911129,0.5909090909090909,1.0226705366727518,0.8292079757560383,0.1136363636363636,openalex_education_1000
W3133519374,pre_ai,2020,Social Sciences,2,8.0,0.0,3.735112067949983,0.0,0.7111111111111111,0.5,0.6931471805599453,0.8497329652309418,0.0,openalex_education_1000
W3133771533,pre_ai,2021,Social Sciences,21,9.0,0.1904761904761904,3.713572066704308,0.238095238095238,0.9541118194743844,0.238095238095238,0.8000458530531239,0.8246445400374276,0.1904761904761904,openalex_education_1000
W3133860655,pre_ai,2021,Social Sciences,10,6.0,0.4,2.8810256913900885,0.5,0.6894546912590217,0.3,0.9404479886553264,0.8622026979923249,0.5,openalex_education_1000
W3133887821,pre_ai,2021,Social Sciences,2,2.0,1.0,3.2307340881768587,0.0,0.62,0.5,0.6931471805599453,0.7677068114280701,0.0,openalex_education_1000
W3133912062,pre_ai,2021,Social Sciences,17,22.0,0.0588235294117647,5.583496308781699,0.0588235294117647,0.7360611134365843,0.5294117647058824,1.4469189829363258,0.8837890765246224,0.0588235294117647,openalex_education_1000
W3133978423,pre_ai,2021,Social Sciences,18,8.0,0.0555555555555555,3.60945485380953,0.1666666666666666,0.5483709273182957,0.1111111111111111,0.4258484492385814,0.9234057466189066,0.1666666666666666,openalex_education_1000
W3134242039,pre_ai,2021,Social Sciences,13,4.0,0.4615384615384615,2.4849066497880004,0.4615384615384615,0.9891776811851326,0.8461538461538461,1.1972375015579315,0.8231659302344689,0.3076923076923077,openalex_education_1000
W3134282866,pre_ai,2021,Social Sciences,21,18.0,0.1428571428571428,5.857933154483459,0.238095238095238,0.8108290947357871,0.0476190476190476,0.1914440819577173,0.8504370309057689,0.238095238095238,openalex_education_1000
W3134293639,pre_ai,2021,Social Sciences,4,1.5,0.75,3.733399737509301,0.25,0.6018518518518519,0.0,-0.0,0.8463042974472046,0.25,openalex_education_1000
W3134424757,pre_ai,2021,Social Sciences,5,10.0,0.2,3.7612001156935615,0.2,0.593065693430657,0.6,1.3321790402101223,0.8257563591003418,0.2,openalex_education_1000
W3134434703,pre_ai,2021,Social Sciences,43,10.0,0.1860465116279069,4.262679877041316,0.2093023255813953,0.857537829873183,0.1860465116279069,0.7061151399324244,0.8632400853689327,0.1860465116279069,openalex_education_1000
W3134967575,pre_ai,2021,Social Sciences,36,7.0,0.2222222222222222,4.6027141638075815,0.2777777777777778,0.7388314998658438,0.6666666666666666,1.4742552202683348,0.8409286008940803,0.25,openalex_education_1000
W3135014309,pre_ai,2021,Social Sciences,13,4.0,0.4615384615384615,2.302585092994046,0.5384615384615384,0.7581521739130435,0.7692307692307693,0.7902679680745903,0.8669595718383789,0.5384615384615384,openalex_education_1000
W3135026523,pre_ai,2021,Social Sciences,39,12.0,0.1282051282051282,3.6375861597263857,0.2564102564102564,0.6772031721210767,0.4358974358974359,1.1371895439430502,0.8337506223947574,0.1794871794871795,openalex_education_1000
W3135404554,pre_ai,2021,Social Sciences,23,10.0,0.0869565217391304,3.044522437723423,0.217391304347826,0.7438127090301003,0.1739130434782608,0.6428579130907905,0.8898028498110564,0.217391304347826,openalex_education_1000
W3135565677,pre_ai,2021,Social Sciences,27,6.0,0.1111111111111111,3.784189633918261,0.2592592592592592,0.3879565646594274,0.1851851851851851,0.6551416497122078,0.8542064207571524,0.2592592592592592,openalex_education_1000
W3135723356,pre_ai,2021,Social Sciences,6,5.0,0.3333333333333333,3.624962768358994,0.3333333333333333,0.71280276816609,1.0,1.0114042647073516,0.8189362585544586,0.3333333333333333,openalex_education_1000
W3135806680,pre_ai,2021,Social Sciences,23,9.0,0.0869565217391304,4.605170185988092,0.1739130434782608,0.6980818732873869,0.6956521739130435,1.1922589317770562,0.8970829974050107,0.1739130434782608,openalex_education_1000
W3136570565,pre_ai,2021,Social Sciences,8,15.5,0.0,3.568639218630193,0.125,0.3424242424242424,0.0,-0.0,0.9173270016908646,0.125,openalex_education_1000
W3136959627,pre_ai,2021,Social Sciences,28,7.0,0.2142857142857142,3.901513321816109,0.2142857142857142,0.8730480445898015,0.1071428571428571,0.4086977250743142,0.9025363389934812,0.2142857142857142,openalex_education_1000
W3137256451,pre_ai,2021,Social Sciences,20,10.0,0.15,4.735582495129041,0.05,0.8124952438931589,0.15,0.5875009311062073,0.832482984662056,0.05,openalex_education_1000
W3137426426,pre_ai,2021,Social Sciences,28,12.0,0.0714285714285714,3.916007090252735,0.1785714285714285,0.8554733151538761,0.4285714285714285,1.1967006673777378,0.8583623447588512,0.1428571428571428,openalex_education_1000
W3137714420,pre_ai,2021,Social Sciences,11,13.0,0.0909090909090909,3.218875824868201,0.2727272727272727,0.6735483870967742,0.9090909090909092,0.9164648855394713,0.8929315967993303,0.2727272727272727,openalex_education_1000
W3138261212,pre_ai,2020,Social Sciences,12,7.0,0.1666666666666666,3.434507225332853,0.1666666666666666,0.991586436056914,0.25,0.8369882167858358,0.8256726364294688,0.1666666666666666,openalex_education_1000
W3138322969,pre_ai,2020,Social Sciences,20,20.0,0.1,5.514208574760806,0.05,0.3936038464340351,0.7,1.1421200429883351,0.854617002606392,0.05,openalex_education_1000
W3138629363,pre_ai,2021,Social Sciences,44,5.0,0.2954545454545454,3.449861553642436,0.2727272727272727,0.8925891616489116,0.6590909090909091,1.1145373316250795,0.874081398953091,0.2727272727272727,openalex_education_1000
W3139380492,pre_ai,2021,Social Sciences,14,10.0,0.0,3.342305863833964,0.2857142857142857,0.6284935241990457,0.0,-0.0,0.8611286495413099,0.1428571428571428,openalex_education_1000
W3139709227,pre_ai,2021,Social Sciences,27,11.0,0.3333333333333333,3.091042453358316,0.3703703703703703,0.8487706298416975,0.4074074074074074,1.2327092369668726,0.8692768304436295,0.3703703703703703,openalex_education_1000
W3141302782,pre_ai,2021,Social Sciences,43,4.0,0.4883720930232558,3.044522437723423,0.3023255813953488,0.735303265940902,0.3488372093023256,0.7321645598907872,0.8526855485383854,0.2093023255813953,openalex_education_1000
W3142052246,pre_ai,2021,Social Sciences,10,5.5,0.1,4.541367123685518,0.2,0.4387299921280503,0.7,0.6108643020548935,0.830263352394104,0.1,openalex_education_1000
W3142978540,pre_ai,2021,Social Sciences,30,4.5,0.3666666666666666,2.6364997792818734,0.4666666666666667,0.6269515201314708,0.4,1.103067396611406,0.8790915310382843,0.4666666666666667,openalex_education_1000
W3144845416,pre_ai,2021,Social Sciences,8,3.5,0.5,1.7776740307447068,0.875,0.7720588235294118,0.375,1.0735428464085233,0.8837678506970406,0.875,openalex_education_1000
W3145487444,pre_ai,2021,Social Sciences,4,9.0,0.0,5.632334606420471,0.25,0.9493214843280894,0.75,1.3862943611198906,0.811019778251648,0.25,openalex_education_1000
W3145632163,pre_ai,2020,Social Sciences,5,2.0,0.6,1.9459101490553128,0.8,0.9798488664987406,0.0,-0.0,0.9113447070121764,0.8,openalex_education_1000
W3146175681,pre_ai,2021,Social Sciences,7,10.5,0.2857142857142857,3.367295829986474,0.4285714285714285,0.4556451612903225,0.4285714285714285,0.9556998911125344,0.9232622299875533,0.4285714285714285,openalex_education_1000
W3148143953,pre_ai,2021,Social Sciences,7,12.0,0.1428571428571428,4.624972813284271,0.2857142857142857,0.7206754086581642,0.4285714285714285,0.6829081047004717,0.89466278893607,0.2857142857142857,openalex_education_1000
W3148177058,pre_ai,2021,Social Sciences,53,7.0,0.2075471698113207,4.787491742782046,0.1132075471698113,0.7252692211369898,0.6226415094339622,1.286172647343555,0.8633875408262577,0.1132075471698113,openalex_education_1000
W3148393507,pre_ai,2019,Social Sciences,1,4.0,0.0,1.9459101490553128,1.0,1.0,0.0,-0.0,0.9159804582595824,1.0,openalex_education_1000
W3148844661,pre_ai,2020,Social Sciences,34,9.0,0.2352941176470588,3.92427174122834,0.1470588235294117,0.5942451071761417,0.5,0.9150258226900196,0.901899425422444,0.1470588235294117,openalex_education_1000
W3149159455,pre_ai,2021,Social Sciences,13,9.0,0.0,4.02535169073515,0.1538461538461538,0.4261523988711195,0.0,-0.0,0.9086940976289604,0.1538461538461538,openalex_education_1000
W3150094460,pre_ai,2020,Social Sciences,15,12.0,0.0,4.51085950651685,0.1333333333333333,0.5473044798785117,0.4,1.020036958401841,0.8589338858922323,0.1333333333333333,openalex_education_1000
W3151245544,pre_ai,2020,Social Sciences,10,11.0,0.0,4.693321928222288,0.0,0.4355971896955503,0.8,1.2798542258336674,0.838095235824585,0.0,openalex_education_1000
W3151999275,pre_ai,2021,Social Sciences,67,7.0,0.208955223880597,2.8903717578961645,0.373134328358209,0.8437637001315212,0.4328358208955223,1.1459488285844834,0.821082367825864,0.3283582089552239,openalex_education_1000
W3152697862,pre_ai,2021,Social Sciences,20,13.0,0.05,4.972122772504148,0.15,0.8182816634216964,0.05,0.1985152433458726,0.892950364947319,0.15,openalex_education_1000
W3152804896,pre_ai,2021,Social Sciences,23,9.0,0.2608695652173913,5.117993812416755,0.0869565217391304,0.913761236663026,0.6521739130434783,1.40912941612615,0.8464306281960529,0.0869565217391304,openalex_education_1000
W3153146461,pre_ai,2021,Social Sciences,6,14.0,0.1666666666666666,3.7494348669884654,0.1666666666666666,0.9851857597145738,0.3333333333333333,0.8675632284814612,0.8097150325775146,0.1666666666666666,openalex_education_1000
W3153600646,pre_ai,2021,Social Sciences,10,3.5,0.5,2.481422315129953,0.5,0.8176497073390365,0.7,0.8979457248567797,0.8230781495571137,0.4,openalex_education_1000
W3153844116,pre_ai,2021,Social Sciences,1,9.0,0.0,4.290459441148391,0.0,1.0,1.0,-0.0,0.7543137073516846,0.0,openalex_education_1000
W3154084389,pre_ai,2021,Social Sciences,16,7.0,0.1875,5.074861217536868,0.0,0.8000280901694439,0.375,0.98689944883853,0.8697688281536102,0.0,openalex_education_1000
W3154349497,pre_ai,2021,Social Sciences,4,0.0,1.0,1.039720770839918,1.0,0.4285714285714285,0.75,1.039720770839918,0.7922119796276093,0.5,openalex_education_1000
W3154370318,pre_ai,2021,Social Sciences,30,4.0,0.4666666666666667,3.1549591391132585,0.3333333333333333,0.7732430818236113,0.7666666666666667,1.166718813440887,0.8605509877204895,0.3333333333333333,openalex_education_1000
W3154807589,pre_ai,2020,Social Sciences,20,8.0,0.15,3.9316333620047863,0.25,0.6767857142857143,0.75,0.7460326647147848,0.93538478910923,0.25,openalex_education_1000
W3155376057,pre_ai,2021,Social Sciences,13,11.0,0.1538461538461538,3.6375861597263857,0.2307692307692307,0.5724557522123894,0.6923076923076923,1.925121190790818,0.8496482784931476,0.2307692307692307,openalex_education_1000
W3155492412,pre_ai,2021,Social Sciences,9,12.0,0.0,4.0943445622221,0.0,0.2677165354330709,0.3333333333333333,0.8486855577264172,0.8395805292659335,0.0,openalex_education_1000
W3155621278,pre_ai,2021,Social Sciences,29,17.0,0.0,4.8283137373023015,0.1724137931034483,0.4998860009119927,0.2413793103448276,0.8609142713310545,0.8682347289447127,0.1724137931034483,openalex_education_1000
W3155709327,pre_ai,2021,Social Sciences,6,10.0,0.0,4.362916028263783,0.0,0.8685373036649214,0.1666666666666666,0.4505612088663046,0.8344608644644419,0.0,openalex_education_1000
W3156016874,pre_ai,2021,Social Sciences,5,15.0,0.0,5.442417710521793,0.0,0.4933333333333333,0.0,-0.0,0.9004503846168518,0.0,openalex_education_1000
W3156066980,pre_ai,2020,Social Sciences,10,9.0,0.1,3.0677824455408693,0.5,0.3987341772151899,0.4,0.9502705392332348,0.8262320578098297,0.5,openalex_education_1000
W3156492028,pre_ai,2021,Social Sciences,13,4.0,0.4615384615384615,3.295836866004329,0.3846153846153846,0.4640522875816993,0.6923076923076923,1.5193826646423012,0.844775126530574,0.3846153846153846,openalex_education_1000
W3156667919,pre_ai,2021,Social Sciences,13,16.0,0.0769230769230769,4.430816798843313,0.3076923076923077,0.57009009009009,0.6923076923076923,1.5193826646423012,0.823058165036715,0.2307692307692307,openalex_education_1000
W3157925918,pre_ai,2021,Social Sciences,21,7.0,0.1904761904761904,4.30406509320417,0.0476190476190476,0.9295824486907288,0.9523809523809524,1.2994166294697254,0.8244100723947797,0.0476190476190476,openalex_education_1000
W3158284129,pre_ai,2021,Social Sciences,12,4.5,0.4166666666666667,3.2930858274273374,0.25,0.3403614457831325,0.5,1.126928794800676,0.8815278808275858,0.25,openalex_education_1000
W3158284657,pre_ai,2021,Social Sciences,7,16.0,0.1428571428571428,3.6375861597263857,0.1428571428571428,0.6524064171122995,0.4285714285714285,0.9556998911125344,0.9103488496371678,0.1428571428571428,openalex_education_1000
W3158349735,pre_ai,2021,Social Sciences,19,8.0,0.2631578947368421,4.290459441148391,0.1578947368421052,0.8237932122414027,0.4736842105263157,1.166733308360715,0.8302004149085597,0.1578947368421052,openalex_education_1000
W3158442660,pre_ai,2021,Social Sciences,9,6.0,0.4444444444444444,1.9459101490553128,0.6666666666666666,0.2698412698412698,0.7777777777777778,1.4270610433807247,0.7982504566510519,0.2222222222222222,openalex_education_1000
W3158609417,pre_ai,2021,Social Sciences,22,4.0,0.4545454545454545,2.736135336835737,0.3636363636363636,0.7564907872696818,0.7272727272727273,1.214854506687287,0.835256427526474,0.3181818181818182,openalex_education_1000
W3158824764,pre_ai,2021,Social Sciences,9,3.0,0.7777777777777778,2.3978952727983707,0.5555555555555556,0.3523809523809524,0.3333333333333333,0.6365141682948128,0.8665718370013766,0.5555555555555556,openalex_education_1000
W3159212895,pre_ai,2021,Social Sciences,25,13.5,0.12,4.04305126783455,0.12,0.803686261773303,0.08,0.2787693717685874,0.9123527932167054,0.12,openalex_education_1000
W3159488524,pre_ai,2021,Social Sciences,30,6.0,0.3666666666666666,2.740319461670996,0.4,0.9759466236029068,0.4666666666666667,1.3123666541172248,0.830059019724528,0.3,openalex_education_1000
W3159508252,pre_ai,2021,Social Sciences,45,9.0,0.0888888888888888,4.955827057601261,0.2,0.7794316644113667,0.3555555555555555,1.205733710660251,0.8820526745584276,0.1777777777777777,openalex_education_1000
W3159617411,pre_ai,2021,Social Sciences,17,14.0,0.2352941176470588,5.099866427824199,0.2352941176470588,0.5231230373965172,0.4705882352941176,0.9560443809671456,0.9065136664053972,0.2352941176470588,openalex_education_1000
W3159653591,pre_ai,2021,Social Sciences,18,3.0,0.5555555555555556,2.381086967398878,0.5,0.8274647887323944,0.7777777777777778,1.831020481113516,0.8452097276846567,0.4444444444444444,openalex_education_1000
W3159671877,pre_ai,2021,Social Sciences,19,5.0,0.4210526315789473,2.6390573296152584,0.4736842105263157,0.9172860682294643,0.2105263157894736,0.7335417487636489,0.8441362443723177,0.3684210526315789,openalex_education_1000
W3159777588,pre_ai,2021,Social Sciences,19,7.0,0.3157894736842105,2.6390573296152584,0.4736842105263157,0.6042553191489362,0.1578947368421052,0.5366645624845252,0.7901410585955569,0.2105263157894736,openalex_education_1000
W3159804487,pre_ai,2021,Social Sciences,22,11.0,0.0454545454545454,4.910867525331934,0.1363636363636363,0.6744166313109885,0.4545454545454545,1.420571925946704,0.8647274564612996,0.1363636363636363,openalex_education_1000
W3159891569,pre_ai,2021,Social Sciences,42,8.0,0.0714285714285714,3.465247382975813,0.1666666666666666,0.7139049311417148,0.3571428571428571,1.1443609377700374,0.8361233756655738,0.1428571428571428,openalex_education_1000
W3160938336,pre_ai,2021,Social Sciences,2,1.0,1.0,2.8173948015846246,0.0,0.59375,0.0,-0.0,0.8433340489864349,0.0,openalex_education_1000
W3160946330,pre_ai,2021,Social Sciences,60,4.0,0.3833333333333333,3.8393944990995768,0.1833333333333333,0.957566218464721,0.35,1.1986065574880789,0.825264056523641,0.1333333333333333,openalex_education_1000
W3161083703,pre_ai,2021,Social Sciences,17,16.0,0.0,4.553876891600541,0.2352941176470588,0.4606683136133143,0.6470588235294118,1.4520440731936837,0.8719094009960399,0.1764705882352941,openalex_education_1000
W3161503644,pre_ai,2021,Social Sciences,30,4.0,0.2333333333333333,4.31077660337024,0.0,0.4417401886218436,0.0333333333333333,0.1461447460085638,0.8296215931574503,0.0,openalex_education_1000
W3161862373,pre_ai,2021,Social Sciences,11,27.0,0.0,7.101675971619444,0.0,0.5030844501169964,0.8181818181818182,1.7201934592198251,0.7358278740536083,0.0,openalex_education_1000
W3163073179,pre_ai,2021,Social Sciences,3,7.0,0.3333333333333333,2.9444389791664403,0.3333333333333333,0.684931506849315,0.6666666666666666,1.0986122886681096,0.8537419040997823,0.3333333333333333,openalex_education_1000
W3163313905,pre_ai,2021,Social Sciences,41,5.0,0.2682926829268293,3.332204510175204,0.3414634146341463,0.8641532016756434,0.073170731707317,0.3421507479335112,0.8731250646637707,0.3170731707317073,openalex_education_1000
W3164001170,pre_ai,2021,Social Sciences,13,10.0,0.0,3.5263605246161616,0.3076923076923077,0.7798137578852509,0.0769230769230769,0.2711893730418441,0.916141532934629,0.3076923076923077,openalex_education_1000
W3164063703,pre_ai,2021,Social Sciences,15,8.0,0.0666666666666666,3.49650756146648,0.2,0.8794946550048591,0.6,0.8823109245150755,0.8451715509096781,0.1333333333333333,openalex_education_1000
W3164173203,pre_ai,2021,Social Sciences,4,12.5,0.5,6.784922642983887,0.0,0.5772060953705314,0.75,1.3862943611198906,0.8374121487140656,0.0,openalex_education_1000
W3164517257,pre_ai,2021,Social Sciences,18,7.5,0.1666666666666666,3.327720175183824,0.1666666666666666,0.9446672743846856,0.6666666666666666,1.3532737176317282,0.873579333225886,0.1666666666666666,openalex_education_1000
W3164546084,pre_ai,2021,Social Sciences,19,4.0,0.4736842105263157,2.302585092994046,0.5263157894736842,0.9169254658385092,0.9473684210526316,1.716784685943997,0.8304242303496913,0.4210526315789473,openalex_education_1000
W3164729745,pre_ai,2021,Social Sciences,6,4.0,0.3333333333333333,1.666102255087602,0.5,0.7542372881355932,0.1666666666666666,0.4505612088663046,0.8396429916222891,0.3333333333333333,openalex_education_1000
W3164798616,pre_ai,2021,Social Sciences,45,9.0,0.1777777777777777,4.276666119016055,0.1111111111111111,0.9098869648553912,0.2,0.8782342562889921,0.8671240886052449,0.1111111111111111,openalex_education_1000
W3164954771,pre_ai,2019,Social Sciences,3,12.0,0.3333333333333333,6.406879986069314,0.3333333333333333,0.7954927682475614,0.0,-0.0,0.8492346207300822,0.3333333333333333,openalex_education_1000
W3164979581,pre_ai,2020,Social Sciences,11,4.0,0.4545454545454545,3.295836866004329,0.2727272727272727,0.5354166666666667,0.3636363636363636,1.159588814308626,0.8621392141688954,0.2727272727272727,openalex_education_1000
W3165010802,pre_ai,2021,Social Sciences,14,2.5,0.5714285714285714,2.9174053685313024,0.2857142857142857,0.5857142857142857,0.1428571428571428,0.509137344082687,0.8969853222370148,0.2857142857142857,openalex_education_1000
W3165194292,pre_ai,2021,Social Sciences,34,7.5,0.2352941176470588,3.524627420627918,0.1764705882352941,0.5142231947483589,0.2058823529411764,0.7713685655208349,0.8442118045161752,0.1470588235294117,openalex_education_1000
W3165694723,pre_ai,2021,Social Sciences,4,3.0,0.75,1.9560115027140728,0.75,0.8333333333333334,0.25,0.5623351446188083,0.8687700033187866,0.75,openalex_education_1000
W3165851751,pre_ai,2021,Social Sciences,60,9.0,0.1,4.452654330594644,0.0833333333333333,0.8985867573933525,0.4,0.999086151327515,0.8181239614884058,0.0666666666666666,openalex_education_1000
W3166009695,pre_ai,2020,Social Sciences,17,11.0,0.1764705882352941,3.80666248977032,0.2352941176470588,0.8000880238642476,0.5882352941176471,1.3795824068593738,0.8502861471737132,0.1764705882352941,openalex_education_1000
W3166199177,pre_ai,2021,Social Sciences,6,11.5,0.0,2.967447097809794,0.3333333333333333,0.7121212121212122,0.6666666666666666,1.5607104090414063,0.8848639031251272,0.3333333333333333,openalex_education_1000
W3166279676,pre_ai,2021,Social Sciences,29,13.0,0.0689655172413793,5.4510384535657,0.1379310344827586,0.6591456310679612,0.2068965517241379,0.719071754348727,0.8516672746888523,0.1379310344827586,openalex_education_1000
W3166348913,pre_ai,2021,Social Sciences,4,19.0,0.25,4.262580680532707,0.25,0.8087141339001063,0.75,1.039720770839918,0.8355657905340195,0.25,openalex_education_1000
W3166680876,pre_ai,2021,Social Sciences,40,9.0,0.125,4.226167309533871,0.2,0.5760892009085278,0.175,0.7696033568760928,0.8631773561239242,0.2,openalex_education_1000
W3167109115,pre_ai,2021,Social Sciences,23,2.0,0.7391304347826086,2.079441541679836,0.6521739130434783,0.34765625,0.9130434782608696,1.6042828110914988,0.6915121285811715,0.0434782608695652,openalex_education_1000
W3167159376,pre_ai,2021,Social Sciences,11,13.0,0.1818181818181818,4.394449154672439,0.1818181818181818,0.7020785219399538,0.5454545454545454,1.666332585328325,0.7964372797445818,0.1818181818181818,openalex_education_1000
W3167318605,pre_ai,2021,Social Sciences,10,2.0,0.8,0.6931471805599453,0.7,0.3285714285714285,0.2,0.639031859650177,0.8822763204574585,0.7,openalex_education_1000
W3168291811,pre_ai,2020,Social Sciences,13,2.0,0.6923076923076923,2.5649493574615367,0.4615384615384615,0.961229409401366,0.8461538461538461,0.6870920273799715,0.8273285260567298,0.3076923076923077,openalex_education_1000
W3168625288,pre_ai,2021,Social Sciences,5,4.0,0.4,1.0986122886681098,0.6,0.6461538461538462,0.4,0.9502705392332348,0.8145693063735961,0.4,openalex_education_1000
W3168745661,pre_ai,2021,Social Sciences,15,7.0,0.0666666666666666,4.430816798843313,0.2666666666666666,0.3475562451512801,0.2666666666666666,0.857174043642079,0.794941782951355,0.2,openalex_education_1000
W3169129259,pre_ai,2021,Social Sciences,14,9.0,0.1428571428571428,4.667604677011026,0.0714285714285714,0.6444567320984241,0.5,1.0913030006468518,0.8468476150717054,0.0714285714285714,openalex_education_1000
W3169654056,pre_ai,2021,Social Sciences,9,14.0,0.0,3.970291913552122,0.0,0.4221272554605887,0.1111111111111111,0.3488320958430319,0.8665026889906989,0.0,openalex_education_1000
W3169655032,pre_ai,2021,Social Sciences,34,6.0,0.2647058823529412,3.624252036185305,0.1470588235294117,0.7093986316168527,0.0588235294117647,0.2644914396281835,0.8964729659697589,0.1470588235294117,openalex_education_1000
W3169892121,pre_ai,2021,Social Sciences,24,7.0,0.0833333333333333,2.736135336835737,0.375,0.8889905110323539,0.0,-0.0,0.9043586626648904,0.375,openalex_education_1000
W3169971815,pre_ai,2021,Social Sciences,2,4.0,0.5,2.481422315129953,0.5,0.5454545454545454,0.5,0.6931471805599453,0.9249114990234376,0.5,openalex_education_1000
W3170007133,pre_ai,2021,Social Sciences,26,6.5,0.1153846153846153,3.951243718581428,0.1538461538461538,0.8036780511105803,0.6538461538461539,1.825185204118141,0.8644120188859793,0.1538461538461538,openalex_education_1000
W3170078335,pre_ai,2021,Social Sciences,4,9.0,0.25,4.530339798710888,0.0,0.5296912114014252,0.75,1.039720770839918,0.8029252290725708,0.0,openalex_education_1000
W3170152591,pre_ai,2021,Social Sciences,7,22.0,0.2857142857142857,2.8903717578961645,0.4285714285714285,0.4841772151898734,1.0,0.410116318288409,0.856325626373291,0.2857142857142857,openalex_education_1000
W3170909041,pre_ai,2021,Social Sciences,20,3.0,0.5,1.9356005054539451,0.55,0.6158256880733946,0.45,1.3303162832349145,0.8284130156040191,0.4,openalex_education_1000
W3171343105,pre_ai,2020,Social Sciences,18,9.0,0.1666666666666666,4.422672598210866,0.1111111111111111,0.9152403948583198,0.3333333333333333,1.156750971308615,0.8527717325422499,0.1111111111111111,openalex_education_1000
W3171424377,pre_ai,2021,Social Sciences,10,11.0,0.2,3.2384861814448413,0.0,0.5205696202531646,0.3,0.8018185525433372,0.8642521381378174,0.0,openalex_education_1000
W3171455144,pre_ai,2021,Social Sciences,7,7.0,0.1428571428571428,4.68213122712422,0.2857142857142857,0.8699348519151688,0.2857142857142857,0.7963116401738131,0.8712238924843925,0.2857142857142857,openalex_education_1000
W3171474723,pre_ai,2021,Social Sciences,21,3.0,0.5714285714285714,2.5649493574615367,0.4285714285714285,0.5870253164556962,0.238095238095238,0.7751292747786217,0.9025758590017048,0.4285714285714285,openalex_education_1000
W3171699005,pre_ai,2021,Social Sciences,21,8.0,0.0476190476190476,3.737669618283368,0.0952380952380952,0.6588641596316194,0.1904761904761904,0.5940241655824705,0.8541666780199323,0.0952380952380952,openalex_education_1000
W3172000556,pre_ai,2019,Social Sciences,14,10.5,0.0714285714285714,4.313472027687679,0.2142857142857142,0.7724512849477548,0.1428571428571428,0.509137344082687,0.8461737249578748,0.2142857142857142,openalex_education_1000
W3172379743,pre_ai,2021,Social Sciences,10,10.0,0.0,4.669586621909575,0.0,0.2830937035200793,1.0,-0.0,0.912700867652893,0.0,openalex_education_1000
W3172558270,pre_ai,2021,Social Sciences,27,5.0,0.3333333333333333,4.672828834461906,0.037037037037037,0.9090750875021756,0.1851851851851851,0.6745212105923761,0.8721849278167442,0.0,openalex_education_1000
W3172858518,pre_ai,2021,Social Sciences,3,7.0,0.0,2.19722457733622,0.6666666666666666,0.6739130434782609,0.6666666666666666,0.6365141682948128,0.9239113728205364,0.6666666666666666,openalex_education_1000
W3172913660,pre_ai,2021,Social Sciences,20,4.0,0.4,3.1780538303479458,0.25,0.6510147234381217,0.6,1.4135723866567025,0.8153668761253356,0.2,openalex_education_1000
W3172970751,pre_ai,2021,Social Sciences,22,11.0,0.0909090909090909,3.2610463990850764,0.3181818181818182,0.6968297291622927,0.2727272727272727,1.01160091167848,0.8236186883666299,0.2727272727272727,openalex_education_1000
W3172972340,pre_ai,2021,Social Sciences,23,10.0,0.0869565217391304,4.442651256490317,0.0869565217391304,0.7300389935939096,0.5652173913043478,1.2745867321914788,0.8346922630849092,0.0869565217391304,openalex_education_1000
W3173105614,pre_ai,2021,Social Sciences,52,7.5,0.1538461538461538,4.08594100306391,0.0576923076923076,0.9168816725978648,0.173076923076923,0.6810635043209943,0.8914778587909845,0.0576923076923076,openalex_education_1000
W3173466417,pre_ai,2019,Social Sciences,6,4.0,0.3333333333333333,2.481422315129953,0.5,0.9068627450980392,0.8333333333333334,0.4505612088663046,0.8811142841974894,0.3333333333333333,openalex_education_1000
W3173765304,pre_ai,2021,Social Sciences,15,7.0,0.1333333333333333,5.442417710521793,0.0666666666666666,0.4537005858980403,0.5333333333333333,1.2634794940650305,0.811519189675649,0.0666666666666666,openalex_education_1000
W3176166525,pre_ai,2021,Social Sciences,1,4.0,0.0,7.164720378771857,0.0,1.0,0.0,-0.0,0.8438907861709595,0.0,openalex_education_1000
W3176178692,pre_ai,2021,Social Sciences,29,13.0,0.1379310344827586,4.836281906951478,0.1379310344827586,0.5073236402800215,0.2068965517241379,0.7668750081804474,0.8659847029324236,0.1034482758620689,openalex_education_1000
W3176578490,pre_ai,2021,Social Sciences,8,6.5,0.125,1.4978661367769954,0.875,0.9474940334128878,0.25,0.7356219397587946,0.8551787510514259,0.75,openalex_education_1000
W3176683013,pre_ai,2021,Social Sciences,43,6.0,0.3488372093023256,4.110873864173311,0.1860465116279069,0.9399699213327164,0.813953488372093,1.750909927267597,0.8312551420788432,0.1395348837209302,openalex_education_1000
W3176837354,pre_ai,2021,Social Sciences,15,6.0,0.3333333333333333,2.833213344056216,0.4,0.7902028698664028,0.0666666666666666,0.2449300267946353,0.8688766082127889,0.3333333333333333,openalex_education_1000
W3177475372,pre_ai,2021,Social Sciences,6,9.5,0.1666666666666666,3.696323760360812,0.3333333333333333,0.9431533188430028,0.6666666666666666,1.5607104090414063,0.7993571857611338,0.1666666666666666,openalex_education_1000
W3177622494,pre_ai,2021,Social Sciences,18,4.0,0.5,2.2499048351651325,0.5555555555555556,0.8375503162737206,0.3333333333333333,1.0506652765928128,0.8578679826524522,0.5,openalex_education_1000
W3177636211,pre_ai,2021,Social Sciences,5,6.0,0.4,1.9459101490553128,0.6,0.7478315097227733,0.4,0.6730116670092565,0.8568281650543212,0.6,openalex_education_1000
W3177669670,pre_ai,2021,Social Sciences,45,12.0,0.2666666666666666,3.7612001156935615,0.2888888888888888,0.8415850562205296,0.2222222222222222,0.8641035954312526,0.8046833978758918,0.2,openalex_education_1000
W3177989923,pre_ai,2021,Social Sciences,2,8.0,0.0,3.341054298724904,0.0,0.8115942028985508,0.0,-0.0,0.8081653416156769,0.0,openalex_education_1000
W3178408996,pre_ai,2021,Social Sciences,15,6.0,0.3333333333333333,1.3862943611198906,0.6,0.9421503700818076,0.5333333333333333,1.5226999259857523,0.8589020808537801,0.6,openalex_education_1000
W3178515504,pre_ai,2021,Social Sciences,6,2.0,0.6666666666666666,0.6931471805599453,0.8333333333333334,0.71875,0.0,-0.0,0.9030001958211265,0.8333333333333334,openalex_education_1000
W3178850768,pre_ai,2021,Social Sciences,28,3.0,0.5357142857142857,2.0126758453675744,0.6071428571428571,0.8326738270209157,0.6428571428571429,1.4501139460063874,0.8646606845515115,0.6071428571428571,openalex_education_1000
W3179378596,pre_ai,2021,Social Sciences,10,9.0,0.3,3.737386091198936,0.3,0.4241516966067864,0.3,0.8018185525433372,0.8277989506721497,0.2,openalex_education_1000
W3179477500,pre_ai,2021,Social Sciences,1,29.0,0.0,2.302585092994046,1.0,1.0,0.0,-0.0,0.7129272818565369,0.0,openalex_education_1000
W3179595762,pre_ai,2021,Social Sciences,16,5.0,0.3125,3.555348061489413,0.3125,0.9549419479035072,0.4375,1.3633631023481716,0.8679328598082066,0.3125,openalex_education_1000
W3180731950,pre_ai,2021,Social Sciences,5,6.0,0.0,2.19722457733622,0.6,0.375,0.8,0.5004024235381879,0.8365319490432739,0.6,openalex_education_1000
W3181008420,pre_ai,2021,Social Sciences,9,5.0,0.2222222222222222,3.871201010907891,0.3333333333333333,0.4013793103448276,0.2222222222222222,0.6837389058487535,0.8010924590958489,0.1111111111111111,openalex_education_1000
W3181142784,pre_ai,2021,Social Sciences,3,3.0,0.6666666666666666,0.0,0.6666666666666666,1.0,0.0,-0.0,0.8113195498784384,0.3333333333333333,openalex_education_1000
W3182235469,pre_ai,2021,Social Sciences,9,2.0,0.5555555555555556,2.772588722239781,0.2222222222222222,0.2887700534759358,0.2222222222222222,0.6837389058487535,0.9037589761945936,0.2222222222222222,openalex_education_1000
W3182518346,pre_ai,2021,Social Sciences,24,10.0,0.0833333333333333,3.880233514606711,0.125,0.6886025768087215,0.625,0.9647470452218644,0.8974561740954717,0.125,openalex_education_1000
W3183365308,pre_ai,2021,Social Sciences,8,5.5,0.5,4.517695784755821,0.0,0.4315151515151515,0.25,0.5623351446188083,0.8530545830726624,0.0,openalex_education_1000
W3183406604,pre_ai,2021,Social Sciences,7,3.0,0.7142857142857143,2.9444389791664403,0.2857142857142857,0.3875,0.5714285714285714,1.0042424730540764,0.8673714314188276,0.1428571428571428,openalex_education_1000
W3183727827,pre_ai,2021,Social Sciences,29,3.0,0.5517241379310345,2.19722457733622,0.5517241379310345,0.942997594393892,0.1724137931034483,0.6893790613840401,0.8956119294824272,0.5517241379310345,openalex_education_1000
W3184092837,pre_ai,2021,Social Sciences,47,3.0,0.5531914893617021,2.5649493574615367,0.4468085106382978,0.8796903460837887,0.3404255319148936,0.7209059771234057,0.8893289236312217,0.425531914893617,openalex_education_1000
W3184471844,pre_ai,2021,Social Sciences,19,6.0,0.3684210526315789,4.442651256490317,0.3157894736842105,0.8629046143250688,0.1052631578947368,0.4094586186950892,0.8848205271520113,0.3157894736842105,openalex_education_1000
W3184691644,pre_ai,2020,Social Sciences,7,2.0,0.5714285714285714,2.19722457733622,0.5714285714285714,0.8908518877057116,0.1428571428571428,0.410116318288409,0.8596378820283073,0.5714285714285714,openalex_education_1000
W3184991375,pre_ai,2021,Social Sciences,57,9.0,0.0175438596491228,3.737669618283368,0.2280701754385964,0.6609051626108711,0.4736842105263157,1.1176851901787563,0.8244672469925463,0.175438596491228,openalex_education_1000
W3185339034,pre_ai,2021,Social Sciences,7,9.0,0.2857142857142857,4.0943445622221,0.1428571428571428,0.3901808785529715,0.1428571428571428,0.410116318288409,0.8779253108160836,0.1428571428571428,openalex_education_1000
W3185495787,pre_ai,2021,Social Sciences,12,2.0,0.6666666666666666,2.3502401828962083,0.5833333333333334,0.7713787085514834,0.8333333333333334,1.4735023850806486,0.8724216123421987,0.5833333333333334,openalex_education_1000
W3186042386,pre_ai,2020,Social Sciences,12,7.5,0.25,4.9667173144520405,0.0833333333333333,0.8857497063813128,0.5833333333333334,0.9184277849930976,0.8557704836130142,0.0833333333333333,openalex_education_1000
W3186347689,pre_ai,2021,Social Sciences,29,2.0,0.8620689655172413,2.4849066497880004,0.4827586206896552,0.3005181347150259,0.6896551724137931,1.1338815757516432,0.8137047907401775,0.3448275862068966,openalex_education_1000
W3186507973,pre_ai,2020,Social Sciences,39,13.0,0.0256410256410256,6.222576268071369,0.0769230769230769,0.6769168939984411,0.3076923076923077,0.7914219971025351,0.8668202757835388,0.0769230769230769,openalex_education_1000
W3186760626,pre_ai,2021,Social Sciences,1,4.0,0.0,3.713572066704308,0.0,1.0,0.0,-0.0,0.9095466136932372,0.0,openalex_education_1000
W3188031492,pre_ai,2021,Social Sciences,26,13.0,0.0769230769230769,3.8501476017100575,0.1153846153846153,0.7810237849017581,0.5,1.1422156821538791,0.8701948615220877,0.1153846153846153,openalex_education_1000
W3188060303,pre_ai,2021,Social Sciences,35,11.0,0.2285714285714285,3.912023005428146,0.1714285714285714,0.8563745650110725,0.3714285714285714,1.1864230937005291,0.8296860592705863,0.1142857142857142,openalex_education_1000
W3188139882,pre_ai,2021,Social Sciences,5,6.0,0.4,2.19722457733622,0.8,0.5319148936170213,0.6,1.3321790402101223,0.8655030012130738,0.8,openalex_education_1000
W3188464462,pre_ai,2021,Social Sciences,25,5.0,0.28,3.367295829986474,0.16,0.8326261197548326,0.32,1.0495537273802094,0.8680169129371643,0.12,openalex_education_1000
W3188770727,pre_ai,2021,Social Sciences,55,6.0,0.3636363636363636,4.418840607796598,0.109090909090909,0.8316124068675089,0.2909090909090909,0.8673734762049763,0.8363241585818204,0.109090909090909,openalex_education_1000
W3189183461,pre_ai,2021,Social Sciences,4,3.0,0.75,2.543798167616192,0.5,0.5,1.0,-0.0,0.9195148795843124,0.5,openalex_education_1000
W3189203262,pre_ai,2021,Social Sciences,46,10.0,0.0217391304347826,4.336243037911136,0.0217391304347826,0.6661941294196131,0.5,1.4050988032662983,0.889039713403453,0.0217391304347826,openalex_education_1000
W3189658379,pre_ai,2021,Social Sciences,4,1.0,0.75,3.2461199175102355,0.5,0.5675675675675675,0.5,0.6931471805599453,0.8706110268831253,0.5,openalex_education_1000
W3189941189,pre_ai,2021,Social Sciences,25,7.0,0.44,2.995732273553991,0.4,0.605506778952398,0.6,0.9640681217905832,0.8615989995002746,0.28,openalex_education_1000
W3190208394,pre_ai,2021,Social Sciences,30,7.5,0.2,3.871201010907891,0.1333333333333333,0.6462406015037594,0.3333333333333333,1.063132243572702,0.889058256149292,0.1333333333333333,openalex_education_1000
W3190465279,pre_ai,2021,Social Sciences,10,14.5,0.2,5.98115907015592,0.2,0.3799246457531329,0.4,0.8979457248567797,0.8585239946842194,0.2,openalex_education_1000
W3191805068,pre_ai,2021,Social Sciences,20,3.0,0.6,3.913620450876405,0.3,0.5483681844830955,0.5,1.303450812836454,0.8647271066904068,0.3,openalex_education_1000
W3192035146,pre_ai,2021,Social Sciences,44,7.0,0.1818181818181818,3.688566856416977,0.1818181818181818,0.6304427369191364,0.25,0.9474116009254374,0.84564593705264,0.1818181818181818,openalex_education_1000
W3192228588,pre_ai,2021,Social Sciences,8,13.5,0.0,8.810173557533515,0.125,0.3724843020447593,0.5,0.9743147528693494,0.8439116030931473,0.125,openalex_education_1000
W3192797771,pre_ai,2021,Social Sciences,16,12.0,0.125,3.908812721526685,0.1875,0.9237033742842848,0.1875,0.6019239717322894,0.8235832005739212,0.1875,openalex_education_1000
W3193571219,pre_ai,2021,Social Sciences,11,1.0,1.0,1.6094379124341005,0.6363636363636364,0.9853598014888336,0.4545454545454545,1.120950392673583,0.8213096586140719,0.6363636363636364,openalex_education_1000
W3193738048,pre_ai,2020,Social Sciences,1,3.0,1.0,1.9459101490553128,1.0,1.0,0.0,-0.0,0.9277893304824828,1.0,openalex_education_1000
W3194505894,pre_ai,2021,Social Sciences,24,7.5,0.25,2.943052015725078,0.4166666666666667,0.9059995668182804,0.6666666666666666,1.0377968161163391,0.8096962148944536,0.2916666666666667,openalex_education_1000
W3194695411,pre_ai,2020,Social Sciences,6,15.0,0.0,0.0,0.8333333333333334,0.7058823529411765,0.3333333333333333,0.8675632284814612,0.8593101700146993,0.6666666666666666,openalex_education_1000
W3195370209,pre_ai,2021,Social Sciences,27,3.0,0.5185185185185185,2.9444389791664403,0.3333333333333333,0.9936732457379142,0.1111111111111111,0.4709001279172663,0.8724247526239466,0.2962962962962963,openalex_education_1000
W3196172835,pre_ai,2021,Social Sciences,12,1.5,0.75,4.82287627822615,0.1666666666666666,0.6920309905921417,0.4166666666666667,1.0751393240053737,0.8836307724316915,0.1666666666666666,openalex_education_1000
W3196178520,pre_ai,2019,Social Sciences,6,8.0,0.5,1.868834809141684,0.5,0.9050925925925926,0.8333333333333334,1.5607104090414063,0.8052392899990082,0.0,openalex_education_1000
W3196188084,pre_ai,2020,Social Sciences,7,11.0,0.1428571428571428,4.454347296253507,0.2857142857142857,0.2777777777777778,0.2857142857142857,0.7963116401738131,0.7780810935156686,0.0,openalex_education_1000
W3196209949,pre_ai,2021,Social Sciences,59,8.0,0.2203389830508474,4.04305126783455,0.2542372881355932,0.8817700611564122,0.6271186440677966,1.7688742019611432,0.847840927414975,0.1864406779661017,openalex_education_1000
W3196279011,pre_ai,2021,Social Sciences,9,13.0,0.2222222222222222,2.4849066497880004,0.4444444444444444,0.9935420743639922,0.2222222222222222,0.6837389058487535,0.8585696220397949,0.4444444444444444,openalex_education_1000
W3196334243,pre_ai,2021,Social Sciences,24,14.0,0.2083333333333333,4.509892505127562,0.2083333333333333,0.8828826549970911,0.125,0.4563344322932884,0.8698691253860792,0.2083333333333333,openalex_education_1000
W3196450034,pre_ai,2021,Social Sciences,4,8.0,0.25,4.510799123689653,0.25,0.4972602739726027,1.0,-0.0,0.8845794796943665,0.0,openalex_education_1000
W3196856656,pre_ai,2021,Social Sciences,8,5.0,0.125,2.255429753258425,0.5,0.3861386138613861,0.875,1.2130075659799042,0.8621388003230095,0.5,openalex_education_1000
W3197254023,pre_ai,2021,Social Sciences,7,6.0,0.1428571428571428,2.5649493574615367,0.4285714285714285,0.5520833333333334,0.0,-0.0,0.9097044467926024,0.4285714285714285,openalex_education_1000
W3197927643,pre_ai,2021,Social Sciences,13,4.0,0.4615384615384615,3.1354942159291497,0.3846153846153846,0.6877076411960132,0.3076923076923077,0.7902679680745903,0.8775908442643973,0.3846153846153846,openalex_education_1000
W3198180975,pre_ai,2020,Social Sciences,5,7.0,0.2,3.784189633918261,0.0,0.6659090909090909,0.6,0.6730116670092565,0.8318923711776733,0.0,openalex_education_1000
W3198382230,pre_ai,2020,Social Sciences,6,4.0,0.5,1.5890269151739729,1.0,0.3076923076923077,0.3333333333333333,0.6365141682948128,0.8503444095452627,0.8333333333333334,openalex_education_1000
W3198484342,pre_ai,2021,Social Sciences,32,5.5,0.25,3.970113882572851,0.125,0.924439520780274,0.28125,0.7864315899948003,0.8882170654833317,0.125,openalex_education_1000
W3198814897,pre_ai,2021,Social Sciences,8,3.0,0.625,4.045354358041998,0.125,0.9686680043216546,0.375,1.0735428464085233,0.8862294480204582,0.125,openalex_education_1000
W3198829642,pre_ai,2021,Social Sciences,57,2.0,0.631578947368421,2.833213344056216,0.3157894736842105,0.7058624195188072,0.3508771929824561,1.069520247597069,0.900721998591172,0.3157894736842105,openalex_education_1000
W3198976008,pre_ai,2021,Social Sciences,29,6.0,0.2068965517241379,3.871201010907891,0.1724137931034483,0.4849547720140299,0.1379310344827586,0.4967963698504464,0.8670178549043064,0.1724137931034483,openalex_education_1000
W3199027129,pre_ai,2021,Social Sciences,4,5.0,0.0,0.8958797346140275,1.0,0.5714285714285714,0.0,-0.0,0.8032406717538834,0.5,openalex_education_1000
W3199109479,pre_ai,2021,Social Sciences,23,13.0,0.0869565217391304,5.25227342804663,0.0869565217391304,0.803969651240778,0.4347826086956521,1.2153150884765296,0.8174049439637557,0.0,openalex_education_1000
W3199113322,pre_ai,2021,Social Sciences,59,8.0,0.3220338983050847,4.07753744390572,0.135593220338983,0.8197739467975796,0.4406779661016949,1.203235608526526,0.889080234503342,0.135593220338983,openalex_education_1000
W3199255379,pre_ai,2021,Social Sciences,2,3.0,0.5,1.4451858789480825,0.5,1.0,0.0,-0.0,0.9217669069766998,0.5,openalex_education_1000
W3199504988,pre_ai,2021,Social Sciences,9,3.0,0.6666666666666666,0.6931471805599453,0.5555555555555556,0.7385335413416537,0.6666666666666666,1.2148896539491203,0.8021466732025146,0.3333333333333333,openalex_education_1000
W3199549776,pre_ai,2021,Social Sciences,14,12.0,0.1428571428571428,3.40064151723581,0.2857142857142857,0.5845070422535211,0.4285714285714285,1.1163670752893369,0.9099010271685464,0.2142857142857142,openalex_education_1000
W3199988211,pre_ai,2021,Social Sciences,4,2.0,1.0,5.714418542293971,0.0,0.3643617021276595,0.25,0.5623351446188083,0.8336537480354309,0.0,openalex_education_1000
W3200065350,pre_ai,2021,Social Sciences,41,8.0,0.1463414634146341,4.189654742026425,0.1219512195121951,0.8512810559006211,0.0975609756097561,0.4211267708761079,0.8666736367272168,0.0975609756097561,openalex_education_1000
W3200232656,pre_ai,2021,Social Sciences,19,10.0,0.1578947368421052,3.8501476017100575,0.3157894736842105,0.4380368098159509,0.4736842105263157,1.0171643509248345,0.9090977969922518,0.3157894736842105,openalex_education_1000
W3200375065,pre_ai,2021,Social Sciences,42,2.0,0.6904761904761905,2.2499048351651325,0.5238095238095238,0.9005131793795195,0.8095238095238095,1.7084902686167474,0.8198235205241612,0.2857142857142857,openalex_education_1000
W3200478086,pre_ai,2021,Social Sciences,19,9.0,0.2631578947368421,2.4849066497880004,0.4736842105263157,0.3745519713261648,0.2105263157894736,0.7335417487636489,0.862695292422646,0.4736842105263157,openalex_education_1000
W3200479100,pre_ai,2021,Social Sciences,17,10.0,0.0588235294117647,2.70805020110221,0.4117647058823529,0.8826301615798923,0.1764705882352941,0.6598720137848266,0.9001995851011837,0.4117647058823529,openalex_education_1000
W3200925801,pre_ai,2021,Social Sciences,35,4.0,0.4,3.58351893845611,0.2285714285714285,0.4487496140784193,0.0857142857142857,0.3866752360725208,0.8702086465699332,0.2285714285714285,openalex_education_1000
W3201243990,pre_ai,2021,Social Sciences,63,6.0,0.2539682539682539,3.7612001156935615,0.1904761904761904,0.8153157536245986,0.0317460317460317,0.1627647944141995,0.8917612641576736,0.1904761904761904,openalex_education_1000
W3201524884,pre_ai,2021,Social Sciences,18,5.0,0.3333333333333333,2.8314802400679726,0.3333333333333333,0.6153284671532847,0.5555555555555556,1.2110440167801229,0.8888485464784834,0.3333333333333333,openalex_education_1000
W3201647692,pre_ai,2021,Social Sciences,23,13.0,0.0869565217391304,5.181783550292085,0.0,0.6230346291116041,0.217391304347826,0.7301668894884847,0.8733354470004207,0.0,openalex_education_1000
W3201904726,pre_ai,2021,Social Sciences,27,23.0,0.0,4.634728988229636,0.1111111111111111,0.7966745843230404,0.074074074074074,0.3153962874226617,0.8550311790572273,0.1111111111111111,openalex_education_1000
W3202098070,pre_ai,2021,Social Sciences,31,10.0,0.3225806451612903,3.713572066704308,0.2580645161290322,0.9214091445579105,0.5161290322580645,1.183335922564017,0.9012496259904677,0.2580645161290322,openalex_education_1000
W3202653390,pre_ai,2021,Social Sciences,22,22.5,0.0454545454545454,5.82802782075701,0.0454545454545454,0.7618996222342148,0.5909090909090909,1.1672864936177827,0.8754702372984453,0.0454545454545454,openalex_education_1000
W3202911266,pre_ai,2021,Social Sciences,6,0.0,0.8333333333333334,0.6931471805599453,0.6666666666666666,0.5714285714285714,0.0,-0.0,0.8297167122364044,0.5,openalex_education_1000
W3203048033,pre_ai,2021,Social Sciences,14,9.0,0.0714285714285714,2.984353779992683,0.2857142857142857,0.427304964539007,0.2142857142857142,0.6559757323365467,0.9063630827835628,0.2857142857142857,openalex_education_1000
W3203363876,pre_ai,2021,Social Sciences,4,10.5,0.0,2.0126758453675744,0.5,0.9688841201716738,0.75,1.3862943611198906,0.8430109471082687,0.5,openalex_education_1000
W3203414536,pre_ai,2021,Social Sciences,14,5.0,0.3571428571428571,3.255129170261575,0.3571428571428571,0.7737827715355805,0.7142857142857143,1.2720898688202853,0.9209599452359336,0.3571428571428571,openalex_education_1000
W3203545192,pre_ai,2021,Social Sciences,17,7.0,0.1176470588235294,2.772588722239781,0.4705882352941176,0.5435323383084577,1.0,1.1407201964134568,0.8586035721442279,0.4117647058823529,openalex_education_1000
W3203578064,pre_ai,2021,Social Sciences,3,2.0,1.0,0.0,0.6666666666666666,1.0,0.0,-0.0,0.8592819770177206,0.6666666666666666,openalex_education_1000
W3204034500,pre_ai,2021,Social Sciences,31,10.0,0.064516129032258,5.521460917862246,0.032258064516129,0.7505471081426744,0.0967741935483871,0.3795349255810947,0.8797780236890239,0.032258064516129,openalex_education_1000
W3204109844,pre_ai,2021,Social Sciences,19,7.0,0.2105263157894736,4.465908118654584,0.2631578947368421,0.972547309248625,0.2105263157894736,0.806504609875222,0.8482192566520289,0.2631578947368421,openalex_education_1000
W3204565113,pre_ai,2021,Social Sciences,28,5.0,0.25,2.943052015725078,0.25,0.8561502347417841,0.1071428571428571,0.3404997784712986,0.8824855365923473,0.25,openalex_education_1000
W3205369665,pre_ai,2021,Social Sciences,36,12.0,0.0833333333333333,5.079510423325995,0.1111111111111111,0.8145654528789268,0.5833333333333334,1.646184672582364,0.8392502069473267,0.1111111111111111,openalex_education_1000
W3205597404,pre_ai,2021,Social Sciences,17,2.0,0.7647058823529411,1.6094379124341005,0.7058823529411765,0.9759103641456582,0.3529411764705882,0.8082699580001821,0.8798293331090141,0.7058823529411765,openalex_education_1000
W3205860200,pre_ai,2021,Social Sciences,57,4.0,0.2631578947368421,3.4339872044851463,0.2456140350877192,0.6416903941255807,0.4385964912280701,1.130776749516193,0.8802072133934289,0.2456140350877192,openalex_education_1000
W3205907198,pre_ai,2021,Social Sciences,64,10.0,0.171875,3.540854293052788,0.3125,0.8459897041956737,0.234375,0.8194292468384036,0.8793013514950871,0.28125,openalex_education_1000
W3206007256,pre_ai,2021,Social Sciences,6,4.5,0.1666666666666666,2.799210979499187,0.3333333333333333,0.9311111111111112,0.0,-0.0,0.8531424204508463,0.3333333333333333,openalex_education_1000
W3206420345,pre_ai,2021,Social Sciences,29,12.0,0.0344827586206896,4.553876891600541,0.0689655172413793,0.9616149823085812,0.1724137931034483,0.6893790613840401,0.8773035612599603,0.0689655172413793,openalex_education_1000
W3206500579,pre_ai,2021,Social Sciences,15,3.0,0.6,2.5649493574615367,0.4666666666666667,0.9737551680747798,0.1333333333333333,0.4850940913022115,0.9031452894210816,0.4666666666666667,openalex_education_1000
W3206774025,pre_ai,2021,Social Sciences,1,37.0,0.0,7.020190708311925,0.0,1.0,1.0,-0.0,0.7054789662361145,0.0,openalex_education_1000
W3207160316,pre_ai,2021,Social Sciences,25,6.0,0.24,3.1354942159291497,0.28,0.7571331521739131,0.16,0.6060252027357298,0.8545341634750366,0.28,openalex_education_1000
W3207221140,pre_ai,2021,Social Sciences,42,11.0,0.0952380952380952,4.599133895370956,0.238095238095238,0.5208253725640046,0.4047619047619047,1.0277592071237256,0.8493705775056567,0.2142857142857142,openalex_education_1000
W3207427525,pre_ai,2021,Social Sciences,37,3.0,0.5675675675675675,3.258096538021482,0.2702702702702703,0.9616649487066216,0.8378378378378378,1.5552649430826264,0.8223469660088822,0.1891891891891892,openalex_education_1000
W3207573414,pre_ai,2021,Social Sciences,24,6.0,0.2916666666666667,4.101788868468976,0.125,0.8610950675753726,0.0416666666666666,0.1732052067491771,0.8998720472057661,0.125,openalex_education_1000
W3207765203,pre_ai,2021,Social Sciences,14,8.0,0.2857142857142857,4.667516407966751,0.2857142857142857,0.7969531340853587,0.4285714285714285,1.351783994289646,0.8706398350851876,0.2857142857142857,openalex_education_1000
W3207813834,pre_ai,2021,Social Sciences,16,16.5,0.0,5.80063755637129,0.0,0.8330673051343442,0.4375,1.2440166957928942,0.801208958029747,0.0,openalex_education_1000
W3207829333,pre_ai,2019,Social Sciences,21,5.0,0.2857142857142857,3.332204510175204,0.3333333333333333,0.9664069150677757,0.4285714285714285,1.4016171508386506,0.8568606206348964,0.3333333333333333,openalex_education_1000
W3207871051,pre_ai,2021,Social Sciences,6,18.5,0.0,2.3767950955531822,0.5,0.7353497164461248,0.8333333333333334,1.242453324894,0.815751185019811,0.3333333333333333,openalex_education_1000
W3208085458,pre_ai,2021,Social Sciences,3,4.0,0.3333333333333333,0.6931471805599453,0.6666666666666666,0.99645390070922,0.0,-0.0,0.8450354933738708,0.6666666666666666,openalex_education_1000
W3208301191,pre_ai,2021,Social Sciences,9,9.5,0.1111111111111111,2.079441541679836,0.5555555555555556,0.5124378109452736,0.1111111111111111,0.3488320958430319,0.8348415758874681,0.5555555555555556,openalex_education_1000
W3208745042,pre_ai,2021,Social Sciences,8,8.0,0.375,3.1172053628591856,0.375,0.4424320827943079,0.25,0.7356219397587946,0.8227799609303474,0.25,openalex_education_1000
W3208874263,pre_ai,2021,Social Sciences,4,3.5,0.5,1.4978661367769954,0.75,0.85,1.0,1.039720770839918,0.8134255409240723,0.25,openalex_education_1000
W3208966902,pre_ai,2021,Social Sciences,54,11.0,0.1296296296296296,4.777390389123286,0.1111111111111111,0.8444631920325185,0.3148148148148148,0.936962992371456,0.8337593078613281,0.1111111111111111,openalex_education_1000
W3209207831,pre_ai,2021,Social Sciences,7,8.0,0.2857142857142857,5.099866427824199,0.1428571428571428,0.6424037240795599,0.5714285714285714,1.0042424730540764,0.8347752605165754,0.1428571428571428,openalex_education_1000
W3209744193,pre_ai,2021,Social Sciences,21,5.0,0.1904761904761904,1.3862943611198906,0.7619047619047619,0.9432157800358636,0.3333333333333333,1.1282062719797112,0.8181822356723604,0.5238095238095238,openalex_education_1000
W3209751900,pre_ai,2021,Social Sciences,29,9.0,0.1034482758620689,4.330733340286331,0.1724137931034483,0.6261777727324327,0.2413793103448276,0.6970745231873933,0.8825822513678978,0.1379310344827586,openalex_education_1000
W3209870360,pre_ai,2021,Social Sciences,27,17.0,0.074074074074074,6.461468176353717,0.1111111111111111,0.7174940484525977,0.1851851851851851,0.6551416497122078,0.84572759381047,0.1111111111111111,openalex_education_1000
W3209978229,pre_ai,2021,Social Sciences,2,26.0,0.5,2.908555579981602,0.0,0.7105263157894737,0.0,-0.0,0.8465750217437744,0.0,openalex_education_1000
W3210324060,pre_ai,2021,Social Sciences,48,12.0,0.1041666666666666,3.783931302731941,0.2291666666666666,0.9113089350478074,0.1666666666666666,0.6995903985811894,0.85092161099116,0.2083333333333333,openalex_education_1000
W3210904500,pre_ai,2021,Social Sciences,12,3.5,0.5,2.138333059508028,0.5833333333333334,0.4049586776859504,0.1666666666666666,0.5660857389596289,0.8213900178670883,0.5,openalex_education_1000
W3211017851,pre_ai,2021,Social Sciences,6,1.0,0.8333333333333334,2.8995463272302637,0.5,0.5304347826086957,0.8333333333333334,1.5607104090414063,0.8153252899646759,0.5,openalex_education_1000
W3211217338,pre_ai,2021,Social Sciences,37,3.0,0.5945945945945946,2.995732273553991,0.3783783783783784,0.5287009063444109,0.3513513513513513,1.0922557548674077,0.878563721437712,0.3513513513513513,openalex_education_1000
W3211332178,pre_ai,2021,Social Sciences,18,0.5,0.7777777777777778,1.0986122886681098,1.0,0.3488372093023256,0.1666666666666666,0.6336632569776564,0.8684493800004324,0.8333333333333334,openalex_education_1000
W3211456223,pre_ai,2021,Social Sciences,26,1.0,0.8076923076923077,3.9874384502794378,0.1538461538461538,0.6984972677595629,0.3846153846153846,0.9746701933928829,0.8470425032652341,0.1538461538461538,openalex_education_1000
W3211611809,pre_ai,2021,Social Sciences,22,12.0,0.0909090909090909,4.283372485122743,0.1363636363636363,0.8826483072781861,0.0454545454545454,0.1849073991677756,0.8618121634830128,0.1363636363636363,openalex_education_1000
W3211800484,pre_ai,2021,Social Sciences,25,4.0,0.48,3.4339872044851463,0.32,0.8197545765439549,0.08,0.3342211462133829,0.8841221809387207,0.32,openalex_education_1000
W3211801836,pre_ai,2021,Social Sciences,15,6.0,0.4,2.5649493574615367,0.4,0.8821582257530619,0.4666666666666667,1.2293362159076602,0.8482437610626221,0.4,openalex_education_1000
W3212025381,pre_ai,2021,Social Sciences,5,19.0,0.0,4.406719247264253,0.4,0.5355086372360844,1.0,0.9502705392332348,0.6405200839042664,0.0,openalex_education_1000
W3212178383,pre_ai,2021,Social Sciences,25,3.0,0.56,2.8903717578961645,0.36,0.455159112825458,0.64,1.449588880101154,0.877095079421997,0.36,openalex_education_1000
W3212544990,pre_ai,2021,Social Sciences,16,16.0,0.0,4.810064725782201,0.0625,0.4846732215153267,0.25,0.8222653373287878,0.8590684421360493,0.0625,openalex_education_1000
W3212584763,pre_ai,2020,Social Sciences,21,8.0,0.2857142857142857,3.091042453358316,0.3809523809523809,0.8986952370849687,0.1428571428571428,0.5670609309552819,0.8479872402690706,0.3809523809523809,openalex_education_1000
W3212622637,pre_ai,2021,Social Sciences,3,18.0,0.3333333333333333,2.5649493574615367,0.3333333333333333,0.9726651480637812,0.3333333333333333,0.6365141682948128,0.848231037457784,0.3333333333333333,openalex_education_1000
W3212811390,pre_ai,2021,Social Sciences,19,18.0,0.0,3.258096538021482,0.2105263157894736,0.6915776986951364,0.8421052631578947,1.4861241287946156,0.8567103743553162,0.1578947368421052,openalex_education_1000
W3212988978,pre_ai,2021,Social Sciences,2,3.5,0.5,1.8317808230648231,0.5,0.8571428571428571,0.0,-0.0,0.8408072292804718,0.5,openalex_education_1000
W3213233521,pre_ai,2021,Social Sciences,5,1.0,0.6,1.0986122886681098,0.6,0.5249154653852999,0.4,0.9502705392332348,0.8147366404533386,0.6,openalex_education_1000
W3213771387,pre_ai,2021,Social Sciences,25,6.0,0.36,2.833213344056216,0.36,0.4659400544959128,0.16,0.6060252027357298,0.8911523222923279,0.36,openalex_education_1000
W3214171737,pre_ai,2021,Social Sciences,17,4.0,0.4117647058823529,3.555348061489413,0.3529411764705882,0.6066911464708282,0.1176470588235294,0.4437572842601484,0.8533900415196138,0.3529411764705882,openalex_education_1000
W3214752811,pre_ai,2021,Social Sciences,50,16.5,0.18,5.444987881699767,0.16,0.7262417733187557,0.94,1.6173886758957463,0.8209702920913696,0.04,openalex_education_1000
W3215174630,pre_ai,2021,Social Sciences,10,3.5,0.5,1.5890269151739729,0.9,0.908284023668639,0.6,1.3321790402101223,0.7824581265449524,0.5,openalex_education_1000
W3215303318,pre_ai,2021,Social Sciences,38,13.0,0.131578947368421,5.298817116714579,0.131578947368421,0.6763993511543674,0.3947368421052631,1.3749727234745608,0.8611115468175787,0.131578947368421,openalex_education_1000
W3215473666,pre_ai,2021,Social Sciences,35,7.0,0.1714285714285714,3.80666248977032,0.3428571428571428,0.7388646288209607,0.4571428571428571,1.434809808976938,0.8675196647644043,0.3428571428571428,openalex_education_1000
W3215628016,pre_ai,2021,Social Sciences,16,10.5,0.0,5.117706878654712,0.0,0.4408458244111349,0.0625,0.2337916587064593,0.8721209168434143,0.0,openalex_education_1000
W3215675239,pre_ai,2021,Social Sciences,14,7.0,0.2857142857142857,2.138333059508028,0.5714285714285714,0.9884935561447864,0.2857142857142857,0.8953326659680909,0.8416158642087664,0.5714285714285714,openalex_education_1000
W3216110520,pre_ai,2021,Social Sciences,10,10.5,0.1,3.993082430166364,0.3,0.5531013615733736,0.5,1.1682824501765623,0.8132626116275787,0.2,openalex_education_1000
W3216683893,pre_ai,2021,Social Sciences,12,7.5,0.0833333333333333,3.6632328069201607,0.1666666666666666,0.6316939890710382,0.5,1.126928794800676,0.8539780875047048,0.1666666666666666,openalex_education_1000
W3217078140,pre_ai,2021,Social Sciences,19,11.0,0.2105263157894736,2.19722457733622,0.631578947368421,0.6992238033635187,0.4210526315789473,1.3097558619082146,0.8862255811691284,0.631578947368421,openalex_education_1000
W3217189407,pre_ai,2021,Social Sciences,6,3.5,0.5,1.3862943611198906,0.8333333333333334,0.6153846153846154,0.6666666666666666,1.0114042647073516,0.897373209396998,0.8333333333333334,openalex_education_1000
W3217408259,pre_ai,2021,Social Sciences,2,1.5,1.0,0.8047189562170501,1.0,1.0,0.5,0.6931471805599453,0.977999359369278,1.0,openalex_education_1000
W3217479230,pre_ai,2021,Social Sciences,41,8.0,0.2195121951219512,4.07753744390572,0.2439024390243902,0.4221967963386727,0.2926829268292683,0.8495086455912902,0.8860723434424982,0.2439024390243902,openalex_education_1000
W3217539441,pre_ai,2021,Social Sciences,19,8.0,0.2105263157894736,4.060443010546419,0.3157894736842105,0.4634477648802173,0.5263157894736842,1.4383318472448687,0.8272930195457057,0.3157894736842105,openalex_education_1000
W3217729362,pre_ai,2021,Social Sciences,9,16.0,0.2222222222222222,4.127134385045092,0.3333333333333333,0.4675052410901467,0.6666666666666666,1.2148896539491203,0.8230117294523451,0.3333333333333333,openalex_education_1000
W4200071564,pre_ai,2021,Social Sciences,8,19.0,0.125,4.500241582493853,0.0,0.3966635773864689,0.625,0.9743147528693494,0.901228815317154,0.0,openalex_education_1000
W4200077631,pre_ai,2021,Social Sciences,38,16.5,0.1052631578947368,5.09545979686635,0.0789473684210526,0.6448731124990118,0.7105263157894737,1.0306937070477216,0.868451399238486,0.0526315789473684,openalex_education_1000
W4200153011,pre_ai,2021,Social Sciences,10,4.0,0.5,3.87250140175792,0.3,0.8803821313240043,0.2,0.639031859650177,0.8413985788822174,0.3,openalex_education_1000
W4200197087,pre_ai,2021,Social Sciences,8,7.0,0.25,3.774804582577266,0.375,0.3782991202346041,0.0,-0.0,0.882883295416832,0.375,openalex_education_1000
W4200209133,pre_ai,2021,Social Sciences,47,11.0,0.0212765957446808,4.356708826689592,0.1914893617021276,0.7022006754548425,0.1702127659574468,0.5814356652329407,0.873468003374465,0.1702127659574468,openalex_education_1000
W4200228785,pre_ai,2021,Social Sciences,17,5.0,0.2941176470588235,2.8903717578961645,0.4705882352941176,0.8312743823146944,0.1764705882352941,0.6598720137848266,0.8563550640554989,0.4705882352941176,openalex_education_1000
W4200277307,pre_ai,2021,Social Sciences,6,20.5,0.0,3.521143085969872,0.0,0.9894891738490644,0.1666666666666666,0.4505612088663046,0.8485977053642273,0.0,openalex_education_1000
W4200300299,pre_ai,2021,Social Sciences,15,1.0,0.5333333333333333,3.688879454113936,0.2,0.8689708023603341,0.3333333333333333,0.9881542242901942,0.8317772587140401,0.2,openalex_education_1000
W4200316340,pre_ai,2021,Social Sciences,5,3.0,0.6,3.737669618283368,0.2,0.4232558139534884,0.0,-0.0,0.8774273753166199,0.2,openalex_education_1000
W4200395509,pre_ai,2021,Social Sciences,23,13.0,0.0434782608695652,4.02535169073515,0.1304347826086956,0.5718071012188659,0.3043478260869565,0.7393213302245918,0.8758179234421771,0.1304347826086956,openalex_education_1000
W4200403878,pre_ai,2021,Social Sciences,35,6.0,0.2571428571428571,2.8903717578961645,0.3428571428571428,0.9566650087043024,0.1142857142857142,0.355382896246011,0.8651756814547947,0.3428571428571428,openalex_education_1000
W4200420447,pre_ai,2021,Social Sciences,4,0.5,0.75,1.7776740307447068,0.75,0.8764044943820225,0.0,-0.0,0.9362610876560212,0.75,openalex_education_1000
W4200435529,pre_ai,2021,Social Sciences,6,3.0,0.5,2.8518912373281005,0.3333333333333333,0.4077669902912621,0.1666666666666666,0.4505612088663046,0.949196090300878,0.3333333333333333,openalex_education_1000
W4200447103,pre_ai,2021,Social Sciences,11,5.0,0.0909090909090909,2.6390573296152584,0.3636363636363636,0.6578366445916115,0.9090909090909092,2.1458417525947544,0.6572341377084906,0.0,openalex_education_1000
W4200507641,pre_ai,2021,Social Sciences,10,14.0,0.2,5.101240208066888,0.2,0.9252901353965184,0.1,0.3250829733914482,0.9142043888568878,0.2,openalex_education_1000
W4200518062,pre_ai,2021,Social Sciences,41,15.0,0.024390243902439,5.916202062607435,0.073170731707317,0.7298748358571168,0.4634146341463415,1.3581095704042354,0.8504898446362193,0.073170731707317,openalex_education_1000
W4200521409,pre_ai,2021,Social Sciences,10,14.0,0.3,4.534733906547384,0.1,0.4228546020453534,0.1,0.3250829733914482,0.9010992884635926,0.1,openalex_education_1000
W4200523499,pre_ai,2021,Social Sciences,18,1.5,0.8333333333333334,2.2386684072391034,0.5555555555555556,0.5302593659942363,0.5,1.4066777022503074,0.8624019788371192,0.4444444444444444,openalex_education_1000
W4200585520,pre_ai,2021,Social Sciences,33,7.0,0.1818181818181818,3.5263605246161616,0.2727272727272727,0.7610334827313472,0.7272727272727273,1.7040297859921891,0.8588295886010835,0.2121212121212121,openalex_education_1000
W4200618749,pre_ai,2021,Social Sciences,25,10.0,0.12,4.700480365792417,0.16,0.5925198337740839,0.16,0.5296435025403523,0.8919505214691162,0.16,openalex_education_1000
W4205914979,pre_ai,2021,Social Sciences,8,12.5,0.0,5.331971426426078,0.25,0.6751164388791326,0.625,0.9743147528693494,0.8795302957296371,0.25,openalex_education_1000
W4205952849,pre_ai,2021,Social Sciences,12,5.0,0.0833333333333333,3.5516610312630563,0.0833333333333333,0.5578378378378378,0.1666666666666666,0.4505612088663046,0.8646615197261175,0.0833333333333333,openalex_education_1000
W4206016703,pre_ai,2021,Social Sciences,29,9.0,0.1724137931034483,3.6635616461296463,0.2068965517241379,0.8568228807718815,0.1034482758620689,0.4462437614154901,0.9183028217019706,0.2068965517241379,openalex_education_1000
W4206105669,pre_ai,2021,Social Sciences,10,1.5,0.6,2.911522947741509,0.4,0.908106680749934,0.3,0.9404479886553264,0.842608779668808,0.4,openalex_education_1000
W4206305201,pre_ai,2021,Social Sciences,15,0.0,0.9333333333333332,2.19722457733622,0.6,0.837573385518591,0.5333333333333333,0.891867395317251,0.8527202049891154,0.6,openalex_education_1000
W4206697910,pre_ai,2021,Social Sciences,7,10.0,0.0,4.6443908991413725,0.0,0.3512437810945273,0.2857142857142857,0.7963116401738131,0.8694532683917454,0.0,openalex_education_1000
W4206935555,pre_ai,2021,Social Sciences,1,,0.0,7.256297239690681,0.0,1.0,0.0,-0.0,0.8643569946289062,0.0,openalex_education_1000
W4206936847,pre_ai,2021,Social Sciences,9,16.0,0.0,5.811140992976701,0.0,0.7511127006835161,0.4444444444444444,0.6869615765973234,0.8393135269482931,0.0,openalex_education_1000
W4206970560,pre_ai,2021,Social Sciences,4,22.0,0.25,5.770100053552554,0.25,0.6726840855106888,0.5,1.039720770839918,0.8732036799192429,0.25,openalex_education_1000
W4210243150,pre_ai,2021,Social Sciences,17,7.0,0.4117647058823529,3.610917912644224,0.4705882352941176,0.6513761467889908,0.2941176470588235,0.9160681370152876,0.865068190238055,0.4705882352941176,openalex_education_1000
W4210261066,pre_ai,2021,Social Sciences,1,2.0,1.0,0.0,1.0,,0.0,-0.0,0.8945577144622803,1.0,openalex_education_1000
W4210281122,pre_ai,2021,Social Sciences,5,13.0,0.0,4.276666119016055,0.0,0.4379746835443038,0.6,1.0549201679861442,0.8455783367156983,0.0,openalex_education_1000
W4210317166,pre_ai,2020,Social Sciences,10,8.0,0.1,3.262514828921731,0.3,0.994180407371484,0.7,1.6434177197931796,0.8412442564964294,0.3,openalex_education_1000
W4210366481,pre_ai,2021,Social Sciences,5,14.0,0.0,2.3978952727983707,0.6,0.5409836065573771,0.0,-0.0,0.9276415586471558,0.6,openalex_education_1000
W4210544987,pre_ai,2021,Social Sciences,16,8.0,0.1875,4.519063774665258,0.25,0.6597546728971962,0.0,-0.0,0.8658369928598404,0.25,openalex_education_1000
W4210772036,pre_ai,2020,Social Sciences,3,3.0,0.6666666666666666,2.6390573296152584,0.3333333333333333,0.9965817808921552,1.0,-0.0,0.8429918090502421,0.3333333333333333,openalex_education_1000
W4211148155,pre_ai,2021,Social Sciences,24,7.5,0.0,3.7923865388061,0.25,0.7104026159820152,0.2916666666666667,1.1134321132614635,0.8922819271683693,0.25,openalex_education_1000
W4212990491,pre_ai,2020,Social Sciences,9,7.0,0.2222222222222222,2.302585092994046,0.5555555555555556,0.41875,0.1111111111111111,0.3488320958430319,0.8371016846762763,0.5555555555555556,openalex_education_1000
W4213163414,pre_ai,2021,Social Sciences,26,5.5,0.3461538461538461,3.9047706623267056,0.1923076923076923,0.8114570186509606,0.9230769230769232,1.615457918742697,0.8550236889949212,0.1923076923076923,openalex_education_1000
W4213306736,pre_ai,2021,Social Sciences,4,4.5,0.0,3.4811217321331034,0.25,0.9966261278932916,0.5,1.039720770839918,0.8830471932888031,0.25,openalex_education_1000
W4213333064,pre_ai,2021,Social Sciences,6,3.0,0.5,1.7005986908310775,0.8333333333333334,0.8974358974358975,0.3333333333333333,0.8675632284814612,0.824390709400177,0.5,openalex_education_1000
W4213413140,pre_ai,2021,Social Sciences,7,1.0,0.8571428571428571,2.19722457733622,0.5714285714285714,0.3660714285714285,0.5714285714285714,1.078992207877583,0.8389564752578735,0.4285714285714285,openalex_education_1000
W4214634983,pre_ai,2021,Social Sciences,4,3.0,0.75,0.8958797346140275,1.0,0.7,0.75,1.039720770839918,0.9115738570690156,1.0,openalex_education_1000
W4214922211,pre_ai,2021,Social Sciences,31,17.0,0.0,4.59511985013459,0.1290322580645161,0.7968847676599291,0.2903225806451613,0.7037140977973515,0.8536625350675275,0.0967741935483871,openalex_education_1000
W4226156635,pre_ai,2021,Social Sciences,8,2.0,0.75,0.6931471805599453,0.875,0.9623430962343096,0.0,-0.0,0.8938494920730591,0.875,openalex_education_1000
W4226379283,pre_ai,2021,Social Sciences,6,2.5,0.8333333333333334,3.5975936600893546,0.0,0.6776232616940582,0.1666666666666666,0.4505612088663046,0.8578601181507111,0.0,openalex_education_1000
W4226383399,pre_ai,2021,Social Sciences,8,2.0,0.875,1.2424533248940002,0.875,0.6190476190476191,0.75,0.9002560512685369,0.8980956077575684,0.875,openalex_education_1000
W4226399579,pre_ai,2021,Social Sciences,3,1.0,1.0,1.791759469228055,0.6666666666666666,0.6111111111111112,0.6666666666666666,0.6365141682948128,0.9166660308837892,0.6666666666666666,openalex_education_1000
W4226502432,pre_ai,2021,Social Sciences,16,18.5,0.0,4.469397040716903,0.125,0.7881419374157808,0.3125,1.1240357221909014,0.8360024578869343,0.125,openalex_education_1000
W4230590468,pre_ai,2020,Social Sciences,72,9.5,0.1666666666666666,5.261601727505095,0.0694444444444444,0.729456776934448,0.6805555555555556,2.054564530916434,0.8231267440650198,0.0694444444444444,openalex_education_1000
W4230883464,pre_ai,2020,Social Sciences,32,1.0,1.0,0.8958797346140275,0.9375,0.4698795180722891,0.96875,1.459868491688124,0.7469460871070623,0.1875,openalex_education_1000
W4236206753,pre_ai,2020,Social Sciences,14,18.0,0.0,3.525927811477947,0.2857142857142857,0.6482471776589424,0.2142857142857142,0.6559757323365467,0.860870612519128,0.2857142857142857,openalex_education_1000
W4238331022,pre_ai,2019,Social Sciences,6,15.0,0.0,5.836449579050138,0.0,0.7922342692984895,0.3333333333333333,0.8675632284814612,0.8003451327482859,0.0,openalex_education_1000
W4238392954,pre_ai,2019,Social Sciences,20,14.0,0.15,3.777167411862874,0.25,0.852195716996476,0.1,0.3943976914474427,0.8301277011632919,0.15,openalex_education_1000
W4241103159,pre_ai,2021,Social Sciences,19,3.0,0.5263157894736842,3.6635616461296463,0.1052631578947368,0.7270992366412213,0.2631578947368421,0.708018976056273,0.8832698746731407,0.1052631578947368,openalex_education_1000
W4241283763,pre_ai,2019,Social Sciences,18,16.5,0.0,5.568271658876864,0.0,0.4898836621143146,0.5555555555555556,0.9649629230074276,0.8735507494873471,0.0,openalex_education_1000
W4244741942,pre_ai,2021,Social Sciences,6,17.0,0.1666666666666666,4.910243153016361,0.3333333333333333,0.4916201117318435,0.3333333333333333,0.8675632284814612,0.8800464272499084,0.3333333333333333,openalex_education_1000
W4244978324,pre_ai,2021,Social Sciences,5,17.0,0.0,3.6635616461296463,0.2,0.4684210526315789,0.0,-0.0,0.8638413786888123,0.2,openalex_education_1000
W4246409953,pre_ai,2021,Social Sciences,5,1.0,1.0,3.912023005428146,0.4,0.8911877394636015,0.6,1.0549201679861442,0.777160918712616,0.0,openalex_education_1000
W4250074281,pre_ai,2020,Social Sciences,14,10.0,0.2142857142857142,4.676960550226854,0.2857142857142857,0.9300040382285636,0.3571428571428571,0.8304717124362917,0.8781590035983494,0.2857142857142857,openalex_education_1000
W4250153455,pre_ai,2021,Social Sciences,11,3.0,0.5454545454545454,3.218875824868201,0.3636363636363636,0.752895752895753,0.0,-0.0,0.826094621961767,0.1818181818181818,openalex_education_1000
W4250679532,pre_ai,2019,Social Sciences,16,8.0,0.1875,3.790349876112282,0.1875,0.8424282270436116,0.1875,0.6885673693022827,0.8252298980951309,0.1875,openalex_education_1000
W4252436706,pre_ai,2020,Social Sciences,43,14.0,0.0930232558139534,4.941642422609304,0.0930232558139534,0.7863627234384415,0.1395348837209302,0.5251735991280772,0.8602381653563921,0.0930232558139534,openalex_education_1000
W4252515348,pre_ai,2020,Social Sciences,14,10.0,0.1428571428571428,3.7647032289185054,0.1428571428571428,0.5368888888888889,0.2857142857142857,0.5982695885852573,0.8892860753195626,0.1428571428571428,openalex_education_1000
W4252686017,pre_ai,2021,Social Sciences,5,7.0,0.4,1.6094379124341005,0.8,0.5476190476190477,0.2,0.5004024235381879,0.9007222175598144,0.8,openalex_education_1000
W4254347017,pre_ai,2020,Social Sciences,7,18.0,0.0,4.553876891600541,0.1428571428571428,0.5701242708597515,0.8571428571428571,0.410116318288409,0.84306629214968,0.1428571428571428,openalex_education_1000
W4255360948,pre_ai,2019,Social Sciences,5,6.0,0.4,1.0986122886681098,0.8,0.9589552238805972,0.4,0.9502705392332348,0.8158949494361878,0.6,openalex_education_1000
W4285315381,pre_ai,2021,Social Sciences,3,5.0,0.3333333333333333,1.9459101490553128,0.6666666666666666,0.9806451612903224,0.0,-0.0,0.828674832979838,0.6666666666666666,openalex_education_1000
W4285319662,pre_ai,2021,Social Sciences,3,1.0,1.0,0.6931471805599453,0.6666666666666666,0.9722222222222222,0.6666666666666666,1.0986122886681096,0.8524306416511536,0.6666666666666666,openalex_education_1000
W4285321204,pre_ai,2021,Social Sciences,6,15.0,0.1666666666666666,1.9356005054539451,0.6666666666666666,0.9361702127659576,0.1666666666666666,0.4505612088663046,0.8981116513411204,0.6666666666666666,openalex_education_1000
W4285340151,pre_ai,2021,Social Sciences,10,3.5,0.5,3.613831249364328,0.2,0.4261168384879725,0.5,1.0296530140645737,0.8886859655380249,0.2,openalex_education_1000
W4285466586,pre_ai,2021,Social Sciences,7,20.0,0.0,5.056245805348308,0.0,0.7706073752711496,1.0,0.7963116401738131,0.8779396329607282,0.0,openalex_education_1000
W4285480494,pre_ai,2021,Social Sciences,15,8.0,0.3333333333333333,2.3978952727983707,0.5333333333333333,0.7344454463480613,0.4,1.0775733728921972,0.8315571745236715,0.4666666666666667,openalex_education_1000
W4285557325,pre_ai,2021,Social Sciences,16,1.0,0.6875,1.7005986908310775,0.625,0.9440096327513546,0.5625,1.834609634458089,0.7936154752969742,0.125,openalex_education_1000
W4285576928,pre_ai,2020,Social Sciences,1,5.0,0.0,1.3862943611198906,1.0,1.0,1.0,-0.0,0.8508739471435547,1.0,openalex_education_1000
W4285709653,pre_ai,2020,Social Sciences,13,13.0,0.0769230769230769,5.25227342804663,0.2307692307692307,0.5234899328859061,0.2307692307692307,0.5402041423888608,0.8649334953381465,0.2307692307692307,openalex_education_1000
W4285766819,pre_ai,2019,Social Sciences,58,7.0,0.1034482758620689,2.995732273553991,0.3793103448275862,0.9634401600074424,0.3793103448275862,1.416484293194034,0.8469469393121785,0.3448275862068966,openalex_education_1000
W4290034964,pre_ai,2019,Social Sciences,16,3.0,0.625,3.3140206880897667,0.3125,0.8450578806767587,0.125,0.3767701612564367,0.8901956342160702,0.3125,openalex_education_1000
W4292642101,pre_ai,2021,Social Sciences,7,7.0,0.4285714285714285,4.3694478524670215,0.2857142857142857,0.3737244897959184,0.5714285714285714,1.277034259466139,0.8619404860905239,0.2857142857142857,openalex_education_1000
W4295063517,pre_ai,2021,Social Sciences,10,7.5,0.3,3.0677824455408693,0.4,0.3034682080924855,0.7,0.6108643020548935,0.8525725781917572,0.4,openalex_education_1000
W4300768417,pre_ai,2021,Social Sciences,2,3.0,0.5,1.7005986908310775,1.0,0.5555555555555556,1.0,0.6931471805599453,0.8676179349422455,0.5,openalex_education_1000
W4310973701,pre_ai,2021,Social Sciences,31,5.0,0.3870967741935484,2.4849066497880004,0.4838709677419355,0.8908958219303047,0.2903225806451613,0.8744400947413469,0.8181617529161515,0.2258064516129032,openalex_education_1000
W4312337829,pre_ai,2021,Social Sciences,10,8.5,0.2,3.0868930519509683,0.3,0.5448598130841121,0.2,0.5004024235381879,0.9004796326160431,0.3,openalex_education_1000
W4312658519,pre_ai,2021,Social Sciences,5,37.0,0.2,5.497168225293202,0.0,0.4639618138424821,0.8,1.6094379124341005,0.7516235113143921,0.0,openalex_education_1000
W4312743544,pre_ai,2019,Social Sciences,21,16.0,0.0,5.568344503761097,0.0,0.3305134189031505,0.238095238095238,0.8000458530531239,0.8926460913249424,0.0,openalex_education_1000
W4312753730,pre_ai,2021,Social Sciences,15,2.0,0.7333333333333333,2.772588722239781,0.4666666666666667,0.8120854826823877,1.0,0.9495936677167384,0.8546885967254638,0.3333333333333333,openalex_education_1000
W4312759855,pre_ai,2021,Social Sciences,12,2.0,0.6666666666666666,1.2424533248940002,0.6666666666666666,0.5194805194805194,0.0,-0.0,0.9085111320018768,0.6666666666666666,openalex_education_1000
W4312930077,pre_ai,2021,Social Sciences,8,2.5,0.75,3.784705896225356,0.375,0.9827894501564596,0.25,0.7356219397587946,0.8830108344554901,0.375,openalex_education_1000
W4313154272,pre_ai,2021,Social Sciences,4,2.5,0.75,3.414356035820842,0.0,0.3135593220338983,0.0,-0.0,0.8569226861000061,0.0,openalex_education_1000
W4313220111,pre_ai,2021,Social Sciences,1,7.0,0.0,3.555348061489413,0.0,1.0,0.0,-0.0,0.8063689470291138,0.0,openalex_education_1000
W4313221777,pre_ai,2019,Social Sciences,1,34.0,0.0,6.714170529909472,0.0,1.0,1.0,-0.0,0.8045351505279541,0.0,openalex_education_1000
W4313229912,pre_ai,2021,Social Sciences,13,4.0,0.4615384615384615,3.970291913552122,0.2307692307692307,0.5604705882352942,0.7692307692307693,1.5857708352080968,0.831239980000716,0.2307692307692307,openalex_education_1000
W4313230040,pre_ai,2021,Social Sciences,6,2.0,0.8333333333333334,2.3221954495706862,0.5,0.4857142857142857,0.6666666666666666,1.0114042647073516,0.8870900571346283,0.5,openalex_education_1000
W4313230288,pre_ai,2020,Social Sciences,6,7.5,0.1666666666666666,5.655985698014136,0.0,0.545578231292517,0.5,1.0114042647073516,0.8167528410752615,0.0,openalex_education_1000
W4318327434,pre_ai,2021,Social Sciences,1,2.0,1.0,2.079441541679836,1.0,1.0,0.0,-0.0,0.8957404494285583,1.0,openalex_education_1000
W4322752336,pre_ai,2021,Social Sciences,1,,0.0,7.256297239690681,0.0,1.0,0.0,-0.0,0.8629593849182129,0.0,openalex_education_1000
W4360590477,pre_ai,2021,Social Sciences,6,3.5,0.5,1.1512925464970227,0.6666666666666666,0.7275362318840579,0.3333333333333333,0.8675632284814612,0.8844127257664999,0.6666666666666666,openalex_education_1000
W4362168339,pre_ai,2019,Social Sciences,12,3.0,0.75,0.6931471805599453,0.8333333333333334,0.8247422680412371,0.0,-0.0,0.8875297009944916,0.8333333333333334,openalex_education_1000
W4365399651,pre_ai,2020,Social Sciences,6,8.0,0.1666666666666666,3.4923581600591325,0.3333333333333333,0.71760391198044,0.6666666666666666,1.329661348854758,0.8004315197467804,0.1666666666666666,openalex_education_1000
W4366962308,pre_ai,2021,Social Sciences,6,26.0,0.0,6.525242459019445,0.0,0.4264072478835586,0.6666666666666666,1.5607104090414063,0.8074198166529337,0.0,openalex_education_1000
W4378575849,pre_ai,2020,Social Sciences,3,5.0,0.3333333333333333,2.5649493574615367,0.0,0.9976673427991888,0.3333333333333333,0.6365141682948128,0.8524288733800253,0.0,openalex_education_1000
W4378966631,pre_ai,2021,Social Sciences,7,1.0,0.5714285714285714,1.791759469228055,0.7142857142857143,0.5871743486973948,0.2857142857142857,0.7963116401738131,0.8091374039649963,0.5714285714285714,openalex_education_1000
W4380627018,pre_ai,2021,Social Sciences,6,1.5,0.8333333333333334,1.7005986908310775,0.6666666666666666,0.8418604651162791,0.5,1.242453324894,0.8104656934738159,0.5,openalex_education_1000
W4381126302,pre_ai,2021,Social Sciences,20,14.0,0.05,5.5451469259700765,0.0,0.8217974786498576,0.1,0.3943976914474427,0.8357746958732605,0.0,openalex_education_1000
W4381126878,pre_ai,2019,Social Sciences,12,7.5,0.1666666666666666,1.5890269151739729,0.6666666666666666,0.6244343891402715,0.4166666666666667,1.0751393240053737,0.8642157713572184,0.5833333333333334,openalex_education_1000
W4383116220,pre_ai,2021,Social Sciences,7,14.0,0.0,4.532599493153256,0.4285714285714285,0.8959267563527653,0.4285714285714285,0.9556998911125344,0.8569470643997192,0.2857142857142857,openalex_education_1000
W4383116501,pre_ai,2021,Social Sciences,6,2.0,0.8333333333333334,1.791759469228055,0.6666666666666666,0.6974248927038627,0.5,0.6931471805599453,0.8243316411972046,0.6666666666666666,openalex_education_1000
W4386500591,pre_ai,2021,Social Sciences,2,2.5,0.5,2.255429753258425,0.5,0.6666666666666666,0.5,0.6931471805599453,0.9006581902503967,0.5,openalex_education_1000
W4386572934,pre_ai,2021,Social Sciences,16,2.5,0.625,2.9944807084449314,0.4375,0.9185628258497353,0.25,0.8222653373287878,0.8780698664486408,0.4375,openalex_education_1000
W4386718499,pre_ai,2019,Social Sciences,14,2.0,0.8571428571428571,2.6735537653587342,0.4285714285714285,0.567741935483871,0.5714285714285714,1.2396593920543857,0.7982662916183472,0.1428571428571428,openalex_education_1000
W4388731768,pre_ai,2021,Social Sciences,9,7.0,0.3333333333333333,2.995732273553991,0.2222222222222222,0.672077922077922,0.4444444444444444,0.9950269901795212,0.8550547560056051,0.2222222222222222,openalex_education_1000
W4389117169,pre_ai,2020,Social Sciences,10,9.0,0.0,3.113268334643733,0.2,0.6483050847457628,0.0,-0.0,0.8670369327068329,0.2,openalex_education_1000
W4389153200,pre_ai,2019,Social Sciences,32,12.0,0.0625,4.472405552082767,0.0625,0.6550799150553258,0.1875,0.5670577918394442,0.8735818974673748,0.0625,openalex_education_1000
W4390943569,pre_ai,2020,Social Sciences,6,8.0,0.3333333333333333,4.228084244789232,0.0,0.6237234878240377,0.5,1.0114042647073516,0.8396188318729401,0.0,openalex_education_1000
W4392512357,pre_ai,2019,Social Sciences,9,7.0,0.0,4.174387269895637,0.1111111111111111,0.4196286472148541,0.2222222222222222,0.5297061990576545,0.9090212252404954,0.1111111111111111,openalex_education_1000
W4392885867,pre_ai,2019,Social Sciences,11,10.0,0.0,4.564348191467836,0.0909090909090909,0.606737458806298,0.4545454545454545,0.9949236325717752,0.8547207604755055,0.0909090909090909,openalex_education_1000
W4392947114,pre_ai,2021,Social Sciences,19,2.0,0.5789473684210527,1.791759469228055,0.5789473684210527,0.8471153846153846,0.0526315789473684,0.2061920506332318,0.9056284678609748,0.5789473684210527,openalex_education_1000
W4400159056,pre_ai,2021,Social Sciences,5,15.0,0.0,4.948759890378168,0.0,0.5846538782318599,0.2,0.5004024235381879,0.8521606206893921,0.0,openalex_education_1000
W4400369796,pre_ai,2021,Social Sciences,1,6.0,0.0,4.61512051684126,0.0,1.0,0.0,-0.0,0.8747392892837524,0.0,openalex_education_1000
W621237442,pre_ai,2020,Social Sciences,37,9.0,0.0,4.74493212836325,0.081081081081081,0.6925013412570674,0.081081081081081,0.3330110964801871,0.8969849299740147,0.081081081081081,openalex_education_1000
W1723255003,post_ai,2023,Mathematics,20,21.0,0.0,3.781859834207183,0.2,0.5159642401021711,0.05,0.1985152433458726,0.9307006180286408,0.2,openalex_pure_math_1000
W1910723461,post_ai,2024,Mathematics,17,21.0,0.0,4.812184355372417,0.0588235294117647,0.3995475113122172,0.0,-0.0,0.9113260963383842,0.0588235294117647,openalex_pure_math_1000
W2575802826,post_ai,2023,Mathematics,31,15.0,0.1935483870967742,3.610917912644224,0.1612903225806451,0.5950953678474115,0.032258064516129,0.1425058673927378,0.904165671717736,0.1612903225806451,openalex_pure_math_1000
W2755707679,post_ai,2024,Mathematics,11,26.0,0.0,2.3978952727983707,0.0909090909090909,0.6509863429438544,0.2727272727272727,0.7595473914748635,0.8963519172234968,0.0909090909090909,openalex_pure_math_1000
W2763535726,post_ai,2025,Mathematics,22,19.0,0.0,4.633029430366263,0.0909090909090909,0.8449940708114518,0.0454545454545454,0.1849073991677756,0.9080462970516898,0.0909090909090909,openalex_pure_math_1000
W2765389474,post_ai,2023,Mathematics,12,8.5,0.3333333333333333,3.5819733421712736,0.0833333333333333,0.5045317220543807,0.0833333333333333,0.2868359830561607,0.919150228301684,0.0833333333333333,openalex_pure_math_1000
W2794865611,post_ai,2024,Mathematics,5,25.0,0.0,4.955827057601261,0.0,0.6625727213962508,0.0,-0.0,0.9128476262092592,0.0,openalex_pure_math_1000
W2859116039,post_ai,2023,Mathematics,13,17.0,0.0,5.973809611869261,0.0,0.4209160305343511,0.1538461538461538,0.4293230219306162,0.8630614509949317,0.0,openalex_pure_math_1000
W2899218935,post_ai,2023,Mathematics,14,18.0,0.0,4.345741288256464,0.2142857142857142,0.6244292237442922,0.2142857142857142,0.7549967581308246,0.8887625506946019,0.2142857142857142,openalex_pure_math_1000
W2900975845,post_ai,2023,Mathematics,21,11.0,0.0476190476190476,3.1780538303479458,0.1428571428571428,0.754978354978355,0.1904761904761904,0.5940241655824705,0.8912231978915987,0.1428571428571428,openalex_pure_math_1000
W2939049363,post_ai,2026,Mathematics,22,15.0,0.1363636363636363,3.881510654509259,0.1363636363636363,0.7573799126637555,0.0454545454545454,0.1849073991677756,0.8944256684996865,0.1363636363636363,openalex_pure_math_1000
W2951383280,post_ai,2023,Mathematics,7,42.0,0.0,6.963189985870238,0.1428571428571428,0.4980412793077238,0.8571428571428571,1.15374194270109,0.8575442263058254,0.0,openalex_pure_math_1000
W2952884231,post_ai,2023,Mathematics,20,19.0,0.0,3.675579113215347,0.15,0.8002645502645502,0.35,0.7909873504355756,0.8779676139354706,0.15,openalex_pure_math_1000
W2972594504,post_ai,2024,Mathematics,9,12.0,0.0,3.4011973816621555,0.3333333333333333,0.8326039387308534,0.2222222222222222,0.5297061990576545,0.9101373884412978,0.3333333333333333,openalex_pure_math_1000
W2980426475,post_ai,2023,Mathematics,21,25.0,0.0952380952380952,4.31748811353631,0.1428571428571428,0.6242696629213483,0.1428571428571428,0.5670609309552819,0.8748313103403363,0.1428571428571428,openalex_pure_math_1000
W2982570320,post_ai,2023,Mathematics,10,9.5,0.3,2.452637389219215,0.3,0.6810897435897436,0.0,-0.0,0.8657428979873657,0.3,openalex_pure_math_1000
W2989169773,post_ai,2024,Mathematics,22,20.5,0.0454545454545454,3.522452558564685,0.1818181818181818,0.5583380762663631,0.0,-0.0,0.9010157856074248,0.1818181818181818,openalex_pure_math_1000
W2997231012,post_ai,2023,Mathematics,30,14.0,0.0333333333333333,3.090008326826286,0.2333333333333333,0.5941329372447085,0.0,-0.0,0.8608345488707224,0.2333333333333333,openalex_pure_math_1000
W2997558856,post_ai,2023,Mathematics,29,10.0,0.0,3.9889840465642745,0.0689655172413793,0.512379842703175,0.0344827586206896,0.149994923610415,0.9271233184584255,0.0689655172413793,openalex_pure_math_1000
W2999674244,post_ai,2023,Mathematics,51,9.0,0.0588235294117647,2.6390573296152584,0.2941176470588235,0.9055573401863154,0.0980392156862745,0.3698122663914251,0.8733267573749318,0.2549019607843137,openalex_pure_math_1000
W3001230795,post_ai,2023,Mathematics,24,9.0,0.0416666666666666,2.93886789088982,0.2916666666666667,0.4631016042780748,0.0,-0.0,0.8776362960537275,0.2083333333333333,openalex_pure_math_1000
W3005291986,post_ai,2023,Mathematics,19,24.0,0.1578947368421052,4.204692619390966,0.1578947368421052,0.4803092968890487,0.0526315789473684,0.2061920506332318,0.9138125683131972,0.1578947368421052,openalex_pure_math_1000
W3007559582,post_ai,2023,Mathematics,19,14.0,0.0,2.3978952727983707,0.2631578947368421,0.8257236037505096,0.1578947368421052,0.6096274235960984,0.8735277746853075,0.2631578947368421,openalex_pure_math_1000
W3009415485,post_ai,2024,Mathematics,12,9.5,0.1666666666666666,4.066059386477904,0.0,0.4545454545454545,0.25,0.7214636866925115,0.8677229235569636,0.0,openalex_pure_math_1000
W3015910719,post_ai,2025,Mathematics,28,11.5,0.0357142857142857,3.7012257604091214,0.1428571428571428,0.5777594274704101,0.2142857142857142,0.6161286696018664,0.9152544736862184,0.1428571428571428,openalex_pure_math_1000
W3016040847,post_ai,2023,Mathematics,10,19.5,0.1,4.168554564781237,0.3,0.6976744186046512,0.0,-0.0,0.8838000297546387,0.3,openalex_pure_math_1000
W3021151519,post_ai,2023,Mathematics,8,7.5,0.125,3.828405045740189,0.0,0.8972875947347427,0.0,-0.0,0.900215245783329,0.0,openalex_pure_math_1000
W3034994700,post_ai,2023,Mathematics,6,13.5,0.0,3.928740393471265,0.1666666666666666,0.3537604456824512,0.5,1.0114042647073516,0.8089806437492371,0.1666666666666666,openalex_pure_math_1000
W3035111015,post_ai,2023,Mathematics,9,22.0,0.0,4.605170185988092,0.1111111111111111,0.601528384279476,0.0,-0.0,0.9084905518425836,0.1111111111111111,openalex_pure_math_1000
W3039695391,post_ai,2024,Mathematics,6,17.0,0.0,4.003183783825123,0.0,0.9082745349583066,0.1666666666666666,0.4505612088663046,0.9111424287160238,0.0,openalex_pure_math_1000
W3044091655,post_ai,2023,Mathematics,16,11.5,0.3125,3.1780538303479458,0.3125,0.4236526946107784,0.125,0.3767701612564367,0.909372430294752,0.3125,openalex_pure_math_1000
W3044553035,post_ai,2023,Mathematics,8,15.0,0.0,2.70805020110221,0.125,0.9737282063529974,0.0,-0.0,0.8697322756052017,0.125,openalex_pure_math_1000
W3081778768,post_ai,2024,Mathematics,13,9.0,0.1538461538461538,2.079441541679836,0.5384615384615384,0.6402777777777777,0.0,-0.0,0.8926255290324872,0.4615384615384615,openalex_pure_math_1000
W3088704635,post_ai,2023,Mathematics,13,7.0,0.0769230769230769,3.218875824868201,0.3076923076923077,0.7693069306930693,0.3076923076923077,0.8305178252872478,0.9080128348790684,0.3076923076923077,openalex_pure_math_1000
W3092467927,post_ai,2023,Mathematics,32,8.0,0.125,3.043387363456153,0.3125,0.6853932584269663,0.09375,0.3708023580894878,0.911035493016243,0.3125,openalex_pure_math_1000
W3096765493,post_ai,2023,Mathematics,10,9.0,0.1,2.393745871391024,0.3,0.4970414201183432,0.1,0.3250829733914482,0.918676334619522,0.3,openalex_pure_math_1000
W3109189020,post_ai,2024,Mathematics,26,13.0,0.1153846153846153,4.689830558296443,0.0769230769230769,0.5422885572139303,0.1153846153846153,0.431071102348777,0.9116120659388028,0.0769230769230769,openalex_pure_math_1000
W3111171122,post_ai,2024,Mathematics,20,16.0,0.05,2.93886789088982,0.35,0.7433580579905597,0.45,1.347306186914454,0.8661240041255951,0.3,openalex_pure_math_1000
W3113010852,post_ai,2024,Mathematics,7,7.0,0.1428571428571428,3.80666248977032,0.0,0.5251798561151079,0.0,-0.0,0.8919651678630284,0.0,openalex_pure_math_1000
W3114936781,post_ai,2025,Mathematics,7,22.0,0.0,3.970291913552122,0.0,0.9372803935347856,0.0,-0.0,0.8903534497533526,0.0,openalex_pure_math_1000
W3117844417,post_ai,2023,Mathematics,14,11.5,0.2142857142857142,4.127004295282422,0.1428571428571428,0.5786701777485188,0.0,-0.0,0.879410411630358,0.1428571428571428,openalex_pure_math_1000
W3127305505,post_ai,2023,Mathematics,6,9.5,0.3333333333333333,1.354025100551105,0.6666666666666666,0.6590909090909091,0.0,-0.0,0.9249501427014668,0.6666666666666666,openalex_pure_math_1000
W3132525013,post_ai,2024,Mathematics,9,17.0,0.0,5.765191102784844,0.1111111111111111,0.3842682140554481,0.2222222222222222,0.6837389058487535,0.8364614446957906,0.1111111111111111,openalex_pure_math_1000
W3137732421,post_ai,2023,Mathematics,35,10.0,0.1142857142857142,4.143134726391533,0.1428571428571428,0.4751270878721859,0.0285714285714285,0.1297406947194283,0.9054683702332632,0.1428571428571428,openalex_pure_math_1000
W3148931045,post_ai,2023,Mathematics,23,7.0,0.2608695652173913,3.218875824868201,0.217391304347826,0.6872599231754162,0.3043478260869565,0.8223449173934805,0.8755604391512664,0.217391304347826,openalex_pure_math_1000
W3153291444,post_ai,2023,Mathematics,9,16.0,0.1111111111111111,4.653960350157523,0.2222222222222222,0.5066751430387794,0.1111111111111111,0.3488320958430319,0.9234289526939392,0.2222222222222222,openalex_pure_math_1000
W3154486866,post_ai,2023,Mathematics,26,9.0,0.1538461538461538,4.033888097889445,0.1153846153846153,0.9611857271724968,0.2307692307692307,0.7404110412691982,0.8980818941042974,0.1153846153846153,openalex_pure_math_1000
W3155882411,post_ai,2023,Mathematics,2,6.5,0.0,4.30806656963557,0.5,0.996386630532972,0.0,-0.0,0.9218665659427644,0.5,openalex_pure_math_1000
W3156906867,post_ai,2023,Mathematics,6,12.5,0.1666666666666666,3.005633587202081,0.1666666666666666,0.5459770114942529,0.0,-0.0,0.8933602571487427,0.1666666666666666,openalex_pure_math_1000
W3162637405,post_ai,2024,Mathematics,7,10.0,0.0,2.8903717578961645,0.2857142857142857,0.7382875605815832,0.0,-0.0,0.897766479424068,0.2857142857142857,openalex_pure_math_1000
W3164573538,post_ai,2023,Mathematics,32,7.5,0.15625,2.6390573296152584,0.375,0.7807991120976693,0.03125,0.1390607984547411,0.8904443718492985,0.375,openalex_pure_math_1000
W3164629848,post_ai,2023,Mathematics,9,15.0,0.1111111111111111,4.48863636973214,0.3333333333333333,0.3176823176823177,0.4444444444444444,0.936888307539016,0.8645778298377991,0.3333333333333333,openalex_pure_math_1000
W3167370718,post_ai,2025,Mathematics,14,12.0,0.0714285714285714,3.1892130918257933,0.2142857142857142,0.4183006535947712,0.1428571428571428,0.509137344082687,0.865738992180143,0.2142857142857142,openalex_pure_math_1000
W3176649404,post_ai,2025,Mathematics,17,19.0,0.0,3.258096538021482,0.2352941176470588,0.4162962962962963,0.0,-0.0,0.9055744935484492,0.1764705882352941,openalex_pure_math_1000
W3179008328,post_ai,2024,Mathematics,10,12.5,0.0,3.5487744253073963,0.2,0.3598191214470284,0.0,-0.0,0.862436830997467,0.2,openalex_pure_math_1000
W3187190024,post_ai,2023,Mathematics,17,10.0,0.0588235294117647,3.7612001156935615,0.2352941176470588,0.7629420084865629,0.1764705882352941,0.5783252866601273,0.8918510219630074,0.2352941176470588,openalex_pure_math_1000
W3190392545,post_ai,2023,Mathematics,16,7.0,0.0625,2.2924837393352857,0.5,0.765261914139425,0.0,-0.0,0.8964175991714001,0.5,openalex_pure_math_1000
W3191351270,post_ai,2023,Mathematics,15,17.0,0.0666666666666666,4.007333185232471,0.1333333333333333,0.6032452237634127,0.0666666666666666,0.2449300267946353,0.9276720643043518,0.1333333333333333,openalex_pure_math_1000
W3192535356,post_ai,2023,Mathematics,6,24.5,0.1666666666666666,3.3649120352447377,0.1666666666666666,0.8002915451895044,0.0,-0.0,0.9019606610139212,0.1666666666666666,openalex_pure_math_1000
W3195307981,post_ai,2023,Mathematics,21,17.0,0.0,3.828641396489095,0.238095238095238,0.7935838680109991,0.1428571428571428,0.5010469137590966,0.9019130156153724,0.238095238095238,openalex_pure_math_1000
W3196549561,post_ai,2025,Mathematics,25,18.0,0.04,3.58351893845611,0.2,0.5675345809601302,0.04,0.167944147734173,0.8562163662910461,0.2,openalex_pure_math_1000
W3197808372,post_ai,2023,Mathematics,3,5.0,0.3333333333333333,3.367295829986474,0.0,0.7615894039735099,0.0,-0.0,0.9170706868171692,0.0,openalex_pure_math_1000
W3198467323,post_ai,2024,Mathematics,23,8.0,0.2608695652173913,2.4849066497880004,0.3043478260869565,0.5618131868131868,0.1304347826086956,0.3872123751863606,0.8846743210502293,0.3043478260869565,openalex_pure_math_1000
W3199588482,post_ai,2023,Mathematics,10,4.0,0.3,1.4978661367769954,0.6,0.6571428571428571,0.0,-0.0,0.90615394115448,0.6,openalex_pure_math_1000
W3200974601,post_ai,2023,Mathematics,23,18.0,0.0869565217391304,3.871201010907891,0.1304347826086956,0.7577238610577762,0.0434782608695652,0.1788449127168475,0.8887160187182219,0.1304347826086956,openalex_pure_math_1000
W3201466562,post_ai,2023,Mathematics,12,6.5,0.25,1.791759469228055,0.5,0.6346153846153846,0.0833333333333333,0.2868359830561607,0.8932046542565028,0.5,openalex_pure_math_1000
W3204102964,post_ai,2023,Mathematics,7,25.0,0.4285714285714285,2.5649493574615367,0.2857142857142857,0.4502923976608187,0.1428571428571428,0.410116318288409,0.902782542364938,0.2857142857142857,openalex_pure_math_1000
W3205031881,post_ai,2023,Mathematics,26,12.0,0.1538461538461538,3.40064151723581,0.1538461538461538,0.6549737549609524,0.7307692307692307,0.9746701933928829,0.8825066914925208,0.1153846153846153,openalex_pure_math_1000
W3205311113,post_ai,2023,Mathematics,14,4.0,0.5,1.6094379124341005,0.5714285714285714,0.7885532591414944,0.0714285714285714,0.2573186405438316,0.9185713231563568,0.5714285714285714,openalex_pure_math_1000
W3205353575,post_ai,2023,Mathematics,45,8.0,0.1777777777777777,3.1354942159291497,0.1555555555555555,0.4070729872084274,0.0222222222222222,0.1065659588280199,0.8753697315851847,0.1555555555555555,openalex_pure_math_1000
W3205723485,post_ai,2026,Mathematics,22,9.5,0.0,3.2769667020129054,0.3181818181818182,0.4238310708898944,0.0,-0.0,0.9240682721138,0.3181818181818182,openalex_pure_math_1000
W3208113684,post_ai,2025,Mathematics,4,26.5,0.0,5.339567977303909,0.0,0.6902377972465582,0.0,-0.0,0.8978260308504105,0.0,openalex_pure_math_1000
W3208119615,post_ai,2024,Mathematics,4,26.5,0.0,5.003315305726498,0.0,0.9064748201438848,0.25,0.5623351446188083,0.8722237646579742,0.0,openalex_pure_math_1000
W3210187118,post_ai,2023,Mathematics,20,11.5,0.15,2.5529727369502906,0.15,0.6053254437869823,0.1,0.3250829733914482,0.8845678746700287,0.15,openalex_pure_math_1000
W3214445743,post_ai,2025,Mathematics,5,15.0,0.0,4.919980925828125,0.0,0.5080459770114942,0.0,-0.0,0.9197498440742492,0.0,openalex_pure_math_1000
W3215721063,post_ai,2024,Mathematics,7,3.5,0.4285714285714285,2.302585092994046,0.4285714285714285,0.4930555555555556,0.1428571428571428,0.410116318288409,0.9030281560761588,0.2857142857142857,openalex_pure_math_1000
W3215995513,post_ai,2023,Mathematics,12,23.0,0.0833333333333333,3.4657359027997265,0.1666666666666666,0.6557823129251701,0.0,-0.0,0.9021352678537368,0.1666666666666666,openalex_pure_math_1000
W4226264330,post_ai,2024,Mathematics,7,11.0,0.1428571428571428,2.772588722239781,0.4285714285714285,0.6551724137931034,0.5714285714285714,0.6829081047004717,0.8999018243380955,0.4285714285714285,openalex_pure_math_1000
W4226334441,post_ai,2023,Mathematics,11,18.0,0.2727272727272727,3.258096538021482,0.1818181818181818,0.6746781115879829,0.1818181818181818,0.4741393130578373,0.933360674164512,0.1818181818181818,openalex_pure_math_1000
W4226407670,post_ai,2023,Mathematics,5,4.0,0.4,1.3862943611198906,1.0,0.25,0.0,-0.0,0.9685001015663148,1.0,openalex_pure_math_1000
W4288102721,post_ai,2023,Mathematics,10,10.5,0.3,4.056713319971827,0.3,0.2638297872340425,0.0,-0.0,0.9125118553638458,0.3,openalex_pure_math_1000
W4294973575,post_ai,2023,Mathematics,8,19.5,0.25,2.4849066497880004,0.25,0.4766146993318486,0.0,-0.0,0.918140470981598,0.25,openalex_pure_math_1000
W4295682225,post_ai,2026,Mathematics,9,15.0,0.0,3.1780538303479458,0.2222222222222222,0.6903178122690318,0.4444444444444444,0.936888307539016,0.8788784874810113,0.2222222222222222,openalex_pure_math_1000
W4307766911,post_ai,2025,Mathematics,3,12.0,0.0,2.302585092994046,0.3333333333333333,0.9912790697674418,0.3333333333333333,0.6365141682948128,0.8870583375295004,0.3333333333333333,openalex_pure_math_1000
W4309671503,post_ai,2023,Mathematics,10,5.5,0.2,3.1354942159291497,0.1,0.4486486486486487,0.1,0.3250829733914482,0.8795337736606598,0.1,openalex_pure_math_1000
W4313511858,post_ai,2023,Mathematics,18,8.0,0.2777777777777778,3.101267758593961,0.1666666666666666,0.6050531914893617,0.0,-0.0,0.8995561930868361,0.1666666666666666,openalex_pure_math_1000
W4313646249,post_ai,2023,Mathematics,15,12.0,0.1333333333333333,3.332204510175204,0.3333333333333333,0.8002005515166708,0.0,-0.0,0.9103659868240356,0.3333333333333333,openalex_pure_math_1000
W4313855695,post_ai,2023,Mathematics,7,3.0,0.5714285714285714,1.6094379124341005,0.5714285714285714,0.3137254901960784,1.0,1.078992207877583,0.8098343781062535,0.4285714285714285,openalex_pure_math_1000
W4315433398,post_ai,2023,Mathematics,7,39.0,0.1428571428571428,4.0943445622221,0.2857142857142857,0.3983516483516483,0.7142857142857143,1.351783994289646,0.8511829631669181,0.2857142857142857,openalex_pure_math_1000
W4315705101,post_ai,2023,Mathematics,23,9.0,0.2608695652173913,4.709530201312334,0.0434782608695652,0.5884815242494227,0.0434782608695652,0.1788449127168475,0.826794015324634,0.0434782608695652,openalex_pure_math_1000
W4315767549,post_ai,2023,Mathematics,27,7.0,0.2962962962962963,4.564348191467836,0.074074074074074,0.8939993810494413,0.7777777777777778,1.6560482355798325,0.8207786061145641,0.037037037037037,openalex_pure_math_1000
W4317206833,post_ai,2023,Mathematics,5,8.0,0.2,5.220355825078324,0.0,0.3293736501079913,0.0,-0.0,0.9132178544998169,0.0,openalex_pure_math_1000
W4317399713,post_ai,2023,Mathematics,8,17.0,0.0,3.4782727215757845,0.25,0.4223300970873786,0.125,0.3767701612564367,0.9152505472302436,0.25,openalex_pure_math_1000
W4317433300,post_ai,2023,Mathematics,10,8.0,0.2,3.6857446476071383,0.1,0.5825214899713467,0.2,0.5004024235381879,0.9189156889915466,0.1,openalex_pure_math_1000
W4317600488,post_ai,2023,Mathematics,3,9.0,0.3333333333333333,3.4011973816621555,0.0,0.5811965811965812,0.3333333333333333,0.6365141682948128,0.8054553071657816,0.0,openalex_pure_math_1000
W4317838038,post_ai,2023,Mathematics,5,1.0,0.6,0.0,1.0,0.5,0.6,0.6730116670092565,0.8871763348579407,1.0,openalex_pure_math_1000
W4318195620,post_ai,2023,Mathematics,2,8.5,0.0,2.178354413344796,0.5,0.7058823529411765,0.0,-0.0,0.9395413994789124,0.5,openalex_pure_math_1000
W4318261670,post_ai,2023,Mathematics,52,15.0,0.0384615384615384,4.219507705176107,0.0769230769230769,0.6538605276926527,0.903846153846154,1.85220992345882,0.8946632548020437,0.0769230769230769,openalex_pure_math_1000
W4318479547,post_ai,2023,Mathematics,9,17.0,0.1111111111111111,2.19722457733622,0.4444444444444444,0.3694444444444444,0.3333333333333333,0.6365141682948128,0.879718197716607,0.4444444444444444,openalex_pure_math_1000
W4318485174,post_ai,2023,Mathematics,14,3.0,0.5,3.061246404757193,0.3571428571428571,0.9469945355191256,0.5,1.0913030006468518,0.8509554096630642,0.2857142857142857,openalex_pure_math_1000
W4318753230,post_ai,2023,Mathematics,11,42.0,0.1818181818181818,3.1780538303479458,0.0909090909090909,0.4355828220858895,0.4545454545454545,0.9164648855394713,0.8510840318419717,0.0909090909090909,openalex_pure_math_1000
W4318761543,post_ai,2023,Mathematics,6,10.5,0.0,3.0677824455408693,0.0,0.7796257796257796,0.6666666666666666,0.6365141682948128,0.9230635861555736,0.0,openalex_pure_math_1000
W4318778683,post_ai,2023,Mathematics,53,6.0,0.320754716981132,3.688879454113936,0.1509433962264151,0.7859220163722533,0.8301886792452831,0.635251438761038,0.8690864095148051,0.1509433962264151,openalex_pure_math_1000
W4318833578,post_ai,2023,Mathematics,6,22.0,0.0,2.6735537653587342,0.3333333333333333,0.8982118294360385,0.1666666666666666,0.4505612088663046,0.9163280328114828,0.3333333333333333,openalex_pure_math_1000
W4319001488,post_ai,2023,Mathematics,9,8.0,0.2222222222222222,2.5649493574615367,0.3333333333333333,0.2330827067669172,0.5555555555555556,0.6869615765973234,0.8618186049991183,0.2222222222222222,openalex_pure_math_1000
W4319073271,post_ai,2023,Mathematics,13,21.0,0.0,3.367295829986474,0.3076923076923077,0.48729792147806,0.0,-0.0,0.9200022770808294,0.3076923076923077,openalex_pure_math_1000
W4319081267,post_ai,2023,Mathematics,5,11.0,0.2,4.189654742026425,0.2,0.8402777777777778,0.2,0.5004024235381879,0.8845370173454284,0.2,openalex_pure_math_1000
W4319083946,post_ai,2023,Mathematics,13,2.0,0.9230769230769232,2.995732273553991,0.0769230769230769,0.293040293040293,0.0,-0.0,0.8987125204159663,0.0769230769230769,openalex_pure_math_1000
W4319213287,post_ai,2023,Mathematics,20,12.0,0.0,4.648625871982739,0.15,0.447867298578199,0.1,0.3250829733914482,0.913201954960823,0.15,openalex_pure_math_1000
W4319299589,post_ai,2023,Mathematics,20,7.0,0.4,3.321894866573836,0.15,0.625834826518977,0.75,0.926155713095467,0.9073400676250458,0.15,openalex_pure_math_1000
W4319438951,post_ai,2023,Mathematics,13,5.0,0.2307692307692307,2.833213344056216,0.3076923076923077,0.5148247978436657,0.0,-0.0,0.9181922536629896,0.3076923076923077,openalex_pure_math_1000
W4319738587,post_ai,2023,Mathematics,8,16.0,0.25,3.6231840400512314,0.375,0.6358645928636779,0.25,0.7356219397587946,0.8513827845454216,0.375,openalex_pure_math_1000
W4319832119,post_ai,2023,Mathematics,14,6.0,0.2857142857142857,2.4414009612931853,0.2857142857142857,0.5360501567398119,0.0714285714285714,0.2573186405438316,0.8835213354655674,0.2857142857142857,openalex_pure_math_1000
W4319841804,post_ai,2023,Mathematics,17,20.0,0.0,4.90527477843843,0.0588235294117647,0.4395604395604395,0.4117647058823529,1.0710178890244566,0.8500689022681293,0.0,openalex_pure_math_1000
W4319996818,post_ai,2023,Mathematics,7,10.0,0.2857142857142857,2.302585092994046,0.4285714285714285,0.6187290969899666,0.1428571428571428,0.410116318288409,0.8809287888663155,0.4285714285714285,openalex_pure_math_1000
W4320502327,post_ai,2023,Mathematics,18,4.0,0.4444444444444444,3.251395022957812,0.1666666666666666,0.6745362563237775,0.0555555555555555,0.2145591551764051,0.9202594028578864,0.1666666666666666,openalex_pure_math_1000
W4320879668,post_ai,2023,Mathematics,7,10.0,0.1428571428571428,2.8903717578961645,0.2857142857142857,0.6876080691642651,0.4285714285714285,0.6829081047004717,0.90790342433112,0.2857142857142857,openalex_pure_math_1000
W4320916251,post_ai,2023,Mathematics,16,16.5,0.125,4.158394563535758,0.0,0.4117161716171617,0.0625,0.2337916587064593,0.9145476073026656,0.0,openalex_pure_math_1000
W4321117803,post_ai,2023,Mathematics,6,10.5,0.3333333333333333,5.539144489780892,0.1666666666666666,0.2837489251934652,0.3333333333333333,0.8675632284814612,0.9046620428562164,0.1666666666666666,openalex_pure_math_1000
W4321274597,post_ai,2023,Mathematics,41,8.0,0.2682926829268293,3.610917912644224,0.1951219512195122,0.7370398920793987,0.4634146341463415,1.4191342562015754,0.8623026987401451,0.1951219512195122,openalex_pure_math_1000
W4321328704,post_ai,2023,Mathematics,4,10.0,0.0,3.610552549091248,0.25,0.7051886792452831,0.0,-0.0,0.9120768904685974,0.25,openalex_pure_math_1000
W4321454926,post_ai,2023,Mathematics,2,6.0,0.0,3.061246404757193,0.5,0.9375,0.0,-0.0,0.913594514131546,0.5,openalex_pure_math_1000
W4321747542,post_ai,2023,Mathematics,5,7.0,0.4,1.791759469228055,0.6,0.8363636363636363,0.0,-0.0,0.9056873321533204,0.6,openalex_pure_math_1000
W4321790950,post_ai,2023,Mathematics,3,13.0,0.0,5.313205979041787,0.0,0.4754098360655737,0.0,-0.0,0.9030069708824158,0.0,openalex_pure_math_1000
W4322485926,post_ai,2023,Mathematics,5,4.0,0.4,1.3862943611198906,0.6,0.4193548387096774,0.0,-0.0,0.931502890586853,0.6,openalex_pure_math_1000
W4322577039,post_ai,2023,Mathematics,10,14.5,0.0,1.9944920232821373,0.5,0.359090909090909,0.2,0.639031859650177,0.9248424470424652,0.5,openalex_pure_math_1000
W4322719320,post_ai,2023,Mathematics,24,15.0,0.0833333333333333,5.751801068754672,0.0833333333333333,0.4835053947062019,0.5,1.600300940363508,0.8477558791637421,0.0416666666666666,openalex_pure_math_1000
W4322734001,post_ai,2023,Mathematics,6,21.0,0.0,4.739801929451973,0.0,0.4259259259259259,0.1666666666666666,0.4505612088663046,0.908426155646642,0.0,openalex_pure_math_1000
W4322755399,post_ai,2023,Mathematics,13,16.0,0.0,5.680172609017068,0.0769230769230769,0.5906288532675709,0.1538461538461538,0.5359610497090694,0.8451098662156326,0.0,openalex_pure_math_1000
W4323255000,post_ai,2023,Mathematics,6,11.5,0.0,3.222859909692789,0.5,0.4412238325281803,0.0,-0.0,0.8975668450196584,0.5,openalex_pure_math_1000
W4323266818,post_ai,2023,Mathematics,4,4.0,0.5,2.4414009612931853,0.25,0.6575342465753424,0.0,-0.0,0.9263222366571426,0.25,openalex_pure_math_1000
W4323314395,post_ai,2023,Mathematics,4,4.5,0.25,1.3862943611198906,0.75,0.5263157894736842,0.25,0.5623351446188083,0.9540166854858398,0.75,openalex_pure_math_1000
W4323655601,post_ai,2023,Mathematics,10,20.0,0.0,3.648545502580209,0.1,0.4333250558728582,0.0,-0.0,0.874372798204422,0.1,openalex_pure_math_1000
W4323822093,post_ai,2023,Mathematics,4,13.5,0.0,1.629048269010741,0.5,0.6388888888888888,0.0,-0.0,0.9445324540138244,0.5,openalex_pure_math_1000
W4323854618,post_ai,2023,Mathematics,17,10.0,0.0,4.262679877041316,0.1176470588235294,0.3586150041220115,0.0,-0.0,0.9133943845244016,0.1176470588235294,openalex_pure_math_1000
W4324128250,post_ai,2023,Mathematics,8,15.0,0.0,2.984353779992683,0.125,0.8809666466946275,0.0,-0.0,0.9005100056529045,0.125,openalex_pure_math_1000
W4324149092,post_ai,2023,Mathematics,58,13.0,0.1034482758620689,3.959678095330308,0.1034482758620689,0.7062851029687082,0.7413793103448276,1.0509576168211632,0.8929783537470061,0.1034482758620689,openalex_pure_math_1000
W4324279136,post_ai,2023,Mathematics,31,20.0,0.1612903225806451,3.367295829986474,0.2580645161290322,0.6426512968299711,0.032258064516129,0.1425058673927378,0.886582737968814,0.2580645161290322,openalex_pure_math_1000
W4324281441,post_ai,2023,Mathematics,16,20.5,0.0,2.740319461670996,0.3125,0.5943970767356882,0.0,-0.0,0.9378047212958336,0.3125,openalex_pure_math_1000
W4327740830,post_ai,2023,Mathematics,7,12.0,0.1428571428571428,3.784189633918261,0.1428571428571428,0.3825214899713467,0.0,-0.0,0.9296318207468304,0.1428571428571428,openalex_pure_math_1000
W4327814756,post_ai,2023,Mathematics,1,30.0,0.0,6.825460036255307,0.0,1.0,0.0,-0.0,0.9499101638793944,0.0,openalex_pure_math_1000
W4327948856,post_ai,2023,Mathematics,27,4.0,0.4074074074074074,3.713572066704308,0.1111111111111111,0.5824742268041238,0.0,-0.0,0.9005101632188868,0.1111111111111111,openalex_pure_math_1000
W4328053922,post_ai,2023,Mathematics,3,12.0,0.0,1.3862943611198906,0.6666666666666666,0.8421052631578947,0.0,-0.0,0.9336760640144348,0.6666666666666666,openalex_pure_math_1000
W4328131174,post_ai,2023,Mathematics,4,17.0,0.0,6.338999712168879,0.0,0.7286920503425203,0.75,0.5623351446188083,0.8842652440071106,0.0,openalex_pure_math_1000
W4360615822,post_ai,2023,Mathematics,40,8.0,0.125,3.020127355638707,0.275,0.4875896304467733,0.525,0.7924048022328816,0.8983092099428177,0.25,openalex_pure_math_1000
W4360869952,post_ai,2023,Mathematics,6,12.5,0.1666666666666666,3.026044584462208,0.3333333333333333,0.8995943204868154,0.0,-0.0,0.9458186527093252,0.3333333333333333,openalex_pure_math_1000
W4360872574,post_ai,2023,Mathematics,15,4.0,0.4,2.995732273553991,0.2666666666666666,0.5483870967741935,0.0,-0.0,0.8859093983968099,0.2666666666666666,openalex_pure_math_1000
W4361771459,post_ai,2023,Mathematics,6,13.5,0.1666666666666666,2.488366871210287,0.5,0.44,0.1666666666666666,0.4505612088663046,0.9010558823744456,0.5,openalex_pure_math_1000
W4362450028,post_ai,2023,Mathematics,20,15.0,0.05,4.0286887442789965,0.1,0.522277765703108,0.85,1.2353468116280646,0.8987865507602691,0.1,openalex_pure_math_1000
W4362510956,post_ai,2023,Mathematics,5,17.0,0.0,4.553876891600541,0.0,0.2991452991452991,0.0,-0.0,0.9199511170387268,0.0,openalex_pure_math_1000
W4362608317,post_ai,2023,Mathematics,8,49.5,0.0,3.4608290920755644,0.125,0.3090379008746355,1.0,0.3767701612564367,0.8522573783993721,0.125,openalex_pure_math_1000
W4362608521,post_ai,2023,Mathematics,12,10.0,0.0833333333333333,3.545038417888046,0.4166666666666667,0.4876957494407158,0.0,-0.0,0.9184868186712264,0.4166666666666667,openalex_pure_math_1000
W4364374503,post_ai,2023,Mathematics,4,7.5,0.0,1.2424533248940002,0.75,0.65,0.0,-0.0,0.9124755561351776,0.75,openalex_pure_math_1000
W4365452096,post_ai,2023,Mathematics,8,17.0,0.25,3.407819995037165,0.25,0.2510121457489878,0.0,-0.0,0.9261665418744088,0.25,openalex_pure_math_1000
W4365514870,post_ai,2023,Mathematics,14,9.0,0.1428571428571428,3.1354942159291497,0.1428571428571428,0.7901069518716578,0.6428571428571429,1.2963611597910565,0.8466688862868718,0.0714285714285714,openalex_pure_math_1000
W4366417623,post_ai,2023,Mathematics,19,4.0,0.4210526315789473,2.302585092994046,0.3684210526315789,0.6707246376811594,0.3157894736842105,1.0160085311135825,0.8511027568265012,0.2105263157894736,openalex_pure_math_1000
W4366549595,post_ai,2023,Mathematics,20,5.5,0.3,1.791759469228055,0.65,0.8949704142011834,0.15,0.5181862130502128,0.8867563754320145,0.65,openalex_pure_math_1000
W4366572244,post_ai,2023,Mathematics,5,6.0,0.4,1.6094379124341005,0.6,0.5362318840579711,0.0,-0.0,0.879105019569397,0.6,openalex_pure_math_1000
W4366602769,post_ai,2023,Mathematics,73,9.0,0.136986301369863,4.543294782270004,0.0547945205479452,0.7500499900019996,0.9041095890410958,1.6803288113776609,0.8820441332581925,0.0547945205479452,openalex_pure_math_1000
W4366772688,post_ai,2023,Mathematics,27,6.0,0.2222222222222222,3.044522437723423,0.3333333333333333,0.6746675316250406,0.1481481481481481,0.5221718405002467,0.8770546427479496,0.3333333333333333,openalex_pure_math_1000
W4366813486,post_ai,2023,Mathematics,16,7.0,0.4375,3.392228531318822,0.1875,0.9013954914890354,0.0,-0.0,0.8838418014347553,0.1875,openalex_pure_math_1000
W4366817505,post_ai,2023,Mathematics,5,16.0,0.2,2.4849066497880004,0.4,0.7855530474040632,0.4,0.6730116670092565,0.9158362865447998,0.4,openalex_pure_math_1000
W4366991545,post_ai,2023,Mathematics,9,8.0,0.0,2.833213344056216,0.2222222222222222,0.4122807017543859,0.1111111111111111,0.3488320958430319,0.9020240108172098,0.2222222222222222,openalex_pure_math_1000
W4367043503,post_ai,2023,Mathematics,15,4.0,0.4666666666666667,2.5649493574615367,0.3333333333333333,0.850625,0.4666666666666667,1.5065950881316383,0.8525173147519429,0.3333333333333333,openalex_pure_math_1000
W4367059517,post_ai,2023,Mathematics,17,6.0,0.4117647058823529,3.6635616461296463,0.1764705882352941,0.518348623853211,0.0,-0.0,0.9179721860324636,0.1764705882352941,openalex_pure_math_1000
W4367164298,post_ai,2023,Mathematics,11,9.0,0.1818181818181818,2.772588722239781,0.4545454545454545,0.6445012787723785,0.1818181818181818,0.4741393130578373,0.9257162538441744,0.4545454545454545,openalex_pure_math_1000
W4367189050,post_ai,2023,Mathematics,12,7.0,0.0,3.955662009481676,0.0833333333333333,0.6649484536082474,0.0,-0.0,0.9069540003935496,0.0833333333333333,openalex_pure_math_1000
W4367298281,post_ai,2023,Mathematics,4,5.5,0.5,4.4688719684712215,0.0,0.923251417769376,0.0,-0.0,0.884485512971878,0.0,openalex_pure_math_1000
W4367316959,post_ai,2023,Mathematics,12,10.5,0.3333333333333333,3.5323795138959007,0.4166666666666667,0.6969072164948453,0.0,-0.0,0.9461371749639512,0.4166666666666667,openalex_pure_math_1000
W4367339122,post_ai,2023,Mathematics,4,6.0,0.25,2.0471722811110507,0.5,0.4,0.0,-0.0,0.9381736218929292,0.5,openalex_pure_math_1000
W4367547899,post_ai,2023,Mathematics,3,12.0,0.3333333333333333,2.6390573296152584,0.3333333333333333,0.4117647058823529,0.6666666666666666,0.6365141682948128,0.8854078849156698,0.3333333333333333,openalex_pure_math_1000
W4367549866,post_ai,2023,Mathematics,9,12.0,0.0,2.995732273553991,0.3333333333333333,0.6882175226586102,0.1111111111111111,0.3488320958430319,0.9113191233740912,0.3333333333333333,openalex_pure_math_1000
W4367694067,post_ai,2023,Mathematics,6,2.5,0.8333333333333334,3.257356345436265,0.0,0.3087248322147651,0.0,-0.0,0.920172800620397,0.0,openalex_pure_math_1000
W4367842049,post_ai,2023,Mathematics,2,31.5,0.0,5.080574232937949,0.0,0.8899803536345776,0.0,-0.0,0.8749139606952667,0.0,openalex_pure_math_1000
W4368374805,post_ai,2023,Mathematics,2,33.0,0.0,5.17045171093806,0.0,0.9912901469787696,0.5,0.6931471805599453,0.7967429757118225,0.0,openalex_pure_math_1000
W4368374841,post_ai,2023,Mathematics,24,4.0,0.375,2.888826161611328,0.2916666666666667,0.5152542372881356,0.0,-0.0,0.9154732624689738,0.2916666666666667,openalex_pure_math_1000
W4372319449,post_ai,2023,Mathematics,8,5.5,0.25,1.4978661367769954,0.625,0.7712765957446809,0.125,0.3767701612564367,0.9611572921276093,0.625,openalex_pure_math_1000
W4376269616,post_ai,2023,Mathematics,4,4.0,0.5,1.3862943611198906,1.0,0.3333333333333333,0.0,-0.0,0.9661355465650558,1.0,openalex_pure_math_1000
W4376279528,post_ai,2023,Mathematics,26,3.0,0.5384615384615384,3.196795376975316,0.0769230769230769,0.6854206584218777,0.6923076923076923,1.0798753311904068,0.8977549121930049,0.0769230769230769,openalex_pure_math_1000
W4376477493,post_ai,2023,Mathematics,12,16.0,0.1666666666666666,2.740319461670996,0.4166666666666667,0.6176470588235294,0.0833333333333333,0.2868359830561607,0.9300032705068588,0.4166666666666667,openalex_pure_math_1000
W4376504010,post_ai,2023,Mathematics,4,56.5,0.0,5.270190895772638,0.25,0.6859939759036144,0.25,0.5623351446188083,0.8842341601848602,0.25,openalex_pure_math_1000
W4376505466,post_ai,2023,Mathematics,6,7.5,0.1666666666666666,2.505317647048128,0.1666666666666666,0.514018691588785,0.1666666666666666,0.4505612088663046,0.91079314549764,0.1666666666666666,openalex_pure_math_1000
W4376565594,post_ai,2023,Mathematics,4,30.5,0.0,5.904834429681222,0.0,0.4710059171597633,0.5,0.6931471805599453,0.9261235296726228,0.0,openalex_pure_math_1000
W4376629388,post_ai,2023,Mathematics,10,9.5,0.2,2.302585092994045,0.5,0.5765957446808511,0.2,0.5004024235381879,0.920496779680252,0.5,openalex_pure_math_1000
W4376651376,post_ai,2023,Mathematics,33,10.0,0.0909090909090909,2.8903717578961645,0.3333333333333333,0.6493034524530588,0.0303030303030303,0.1357939587515938,0.8964488488255125,0.3333333333333333,openalex_pure_math_1000
W4376956827,post_ai,2023,Mathematics,7,4.0,0.4285714285714285,0.6931471805599453,1.0,0.5,0.0,-0.0,0.9228993228503636,1.0,openalex_pure_math_1000
W4377029831,post_ai,2023,Mathematics,8,9.0,0.125,3.637239779386936,0.125,0.2706766917293233,0.0,-0.0,0.9039909914135932,0.125,openalex_pure_math_1000
W4377099695,post_ai,2023,Mathematics,8,9.5,0.25,2.727660557678851,0.375,0.7570518653321201,0.125,0.3767701612564367,0.919978678226471,0.375,openalex_pure_math_1000
W4377103635,post_ai,2023,Mathematics,3,28.0,0.0,5.480638923341991,0.0,0.7252941176470589,1.0,-0.0,0.8366081118583679,0.0,openalex_pure_math_1000
W4377137004,post_ai,2023,Mathematics,24,29.5,0.0,4.862419620554235,0.0833333333333333,0.6289584951246872,0.2083333333333333,0.6159905783211985,0.8930035258332888,0.0833333333333333,openalex_pure_math_1000
W4377137247,post_ai,2023,Mathematics,4,33.0,0.25,4.163500370120857,0.0,0.6277533039647577,0.0,-0.0,0.8575845658779144,0.0,openalex_pure_math_1000
W4377158015,post_ai,2023,Mathematics,3,2.0,0.6666666666666666,0.0,1.0,1.0,0.6666666666666666,0.6365141682948128,0.856132964293162,0.6666666666666666,openalex_pure_math_1000
W4377245811,post_ai,2023,Mathematics,4,21.0,0.0,3.151309487872453,0.25,0.9465811965811964,0.25,0.5623351446188083,0.9510835856199265,0.25,openalex_pure_math_1000
W4377967711,post_ai,2023,Mathematics,2,9.5,0.0,2.2386684072391034,0.5,0.5882352941176471,0.5,0.6931471805599453,0.9347806572914124,0.5,openalex_pure_math_1000
W4377989600,post_ai,2023,Mathematics,7,8.0,0.0,2.995732273553991,0.2857142857142857,0.8370927318295739,0.1428571428571428,0.410116318288409,0.8822496788842338,0.2857142857142857,openalex_pure_math_1000
W4378077970,post_ai,2023,Mathematics,16,11.0,0.3125,3.255129170261575,0.25,0.3695324283559578,0.25,0.5623351446188083,0.8790469542145729,0.25,openalex_pure_math_1000
W4378529402,post_ai,2023,Mathematics,13,13.0,0.0769230769230769,3.7612001156935615,0.1538461538461538,0.6135521439915299,0.2307692307692307,0.5402041423888608,0.8928498029708862,0.1538461538461538,openalex_pure_math_1000
W4378627855,post_ai,2023,Mathematics,16,7.0,0.125,3.960767816066775,0.0625,0.7372685185185185,0.625,0.6615632381579821,0.9051911309361458,0.0625,openalex_pure_math_1000
W4379280549,post_ai,2023,Mathematics,3,7.0,0.0,1.9459101490553128,0.6666666666666666,0.9444444444444444,0.3333333333333333,0.6365141682948128,0.9335901737213136,0.6666666666666666,openalex_pure_math_1000
W4379932578,post_ai,2023,Mathematics,6,16.0,0.0,2.8518912373281005,0.5,0.7424684159378037,0.0,-0.0,0.944615085919698,0.5,openalex_pure_math_1000
W4380077457,post_ai,2023,Mathematics,3,29.0,0.0,7.187657164114956,0.3333333333333333,0.7350290406569197,0.3333333333333333,0.6365141682948128,0.884079118569692,0.3333333333333333,openalex_pure_math_1000
W4380154285,post_ai,2023,Mathematics,4,5.5,0.25,2.6287476860138907,0.5,0.8671586715867159,0.0,-0.0,0.9207358956336976,0.5,openalex_pure_math_1000
W4380272553,post_ai,2023,Mathematics,16,3.5,0.5,2.70582302592752,0.125,0.8805874840357599,0.0,-0.0,0.9359188079833984,0.125,openalex_pure_math_1000
W4380480023,post_ai,2023,Mathematics,3,3.0,0.6666666666666666,2.4849066497880004,0.3333333333333333,0.5769230769230769,0.0,-0.0,0.9134545723597208,0.3333333333333333,openalex_pure_math_1000
W4380627221,post_ai,2023,Mathematics,6,13.0,0.0,3.756854623919853,0.1666666666666666,0.4613003095975232,0.1666666666666666,0.4505612088663046,0.8592545588811239,0.1666666666666666,openalex_pure_math_1000
W4380741602,post_ai,2023,Mathematics,23,11.0,0.2608695652173913,3.091042453358316,0.217391304347826,0.793629278210776,0.0434782608695652,0.1788449127168475,0.8911076732303785,0.217391304347826,openalex_pure_math_1000
W4380792672,post_ai,2023,Mathematics,6,4.0,0.5,1.2424533248940002,0.6666666666666666,0.5813953488372093,0.1666666666666666,0.4505612088663046,0.9204012950261434,0.6666666666666666,openalex_pure_math_1000
W4380886126,post_ai,2023,Mathematics,2,9.0,0.0,1.9356005054539451,1.0,0.5833333333333334,0.0,-0.0,0.9329570233821868,1.0,openalex_pure_math_1000
W4381143995,post_ai,2023,Mathematics,16,3.0,0.5625,2.19722457733622,0.4375,0.5985130111524164,0.0,-0.0,0.9038548693060876,0.4375,openalex_pure_math_1000
W4381187735,post_ai,2023,Mathematics,5,46.0,0.2,2.302585092994046,0.4,0.7520325203252033,0.4,0.9502705392332348,0.9128855466842652,0.4,openalex_pure_math_1000
W4381196657,post_ai,2023,Mathematics,8,10.5,0.0,3.326431514676673,0.25,0.3307692307692307,0.0,-0.0,0.9054242447018624,0.25,openalex_pure_math_1000
W4381276222,post_ai,2023,Mathematics,7,4.0,0.4285714285714285,2.5649493574615367,0.4285714285714285,0.5945945945945946,0.8571428571428571,1.0042424730540764,0.8893261126109532,0.4285714285714285,openalex_pure_math_1000
W4381323000,post_ai,2023,Mathematics,4,18.0,0.25,2.9957322735539917,0.25,0.5294117647058824,0.0,-0.0,0.9245799332857132,0.25,openalex_pure_math_1000
W4381331246,post_ai,2023,Mathematics,1,54.0,0.0,2.995732273553991,0.0,1.0,1.0,-0.0,0.9140450954437256,0.0,openalex_pure_math_1000
W4381335312,post_ai,2023,Mathematics,2,21.5,0.0,4.375578990681015,0.0,0.906367041198502,0.5,0.6931471805599453,0.8742096126079559,0.0,openalex_pure_math_1000
W4381436239,post_ai,2023,Mathematics,8,31.5,0.0,4.317754709117139,0.0,0.5072302558398221,0.125,0.3767701612564367,0.8460552915930748,0.0,openalex_pure_math_1000
W4381512361,post_ai,2023,Mathematics,11,4.0,0.2727272727272727,1.9459101490553128,0.5454545454545454,0.4916666666666666,0.0909090909090909,0.3046360973492381,0.9282681887800044,0.5454545454545454,openalex_pure_math_1000
W4381616484,post_ai,2023,Mathematics,9,10.0,0.1111111111111111,2.19722457733622,0.4444444444444444,0.6367713004484304,0.0,-0.0,0.8893974290953742,0.4444444444444444,openalex_pure_math_1000
W4381803221,post_ai,2023,Mathematics,13,2.0,0.7692307692307693,2.3978952727983707,0.3846153846153846,0.3262411347517731,0.6153846153846154,0.8981370031878679,0.9047915385319636,0.3846153846153846,openalex_pure_math_1000
W4381889910,post_ai,2023,Mathematics,13,21.0,0.0,4.143134726391533,0.0,0.7217481789802289,0.0769230769230769,0.2711893730418441,0.8774018471057599,0.0,openalex_pure_math_1000
W4381996630,post_ai,2023,Mathematics,7,8.0,0.1428571428571428,2.70805020110221,0.1428571428571428,0.7960954446854663,0.1428571428571428,0.410116318288409,0.9137367180415562,0.1428571428571428,openalex_pure_math_1000
W4382140806,post_ai,2023,Mathematics,47,12.0,0.0425531914893617,5.6937321388027,0.0638297872340425,0.9292200172785064,0.7659574468085106,1.2481068530186028,0.8280501885617033,0.0638297872340425,openalex_pure_math_1000
W4382395537,post_ai,2023,Mathematics,21,3.0,0.5238095238095238,3.258096538021482,0.0952380952380952,0.4132231404958678,0.238095238095238,0.5488743844849944,0.8949166649863833,0.0952380952380952,openalex_pure_math_1000
W4382560862,post_ai,2023,Mathematics,13,21.0,0.0,3.784189633918261,0.1538461538461538,0.7792207792207793,0.0,-0.0,0.9068162991450384,0.1538461538461538,openalex_pure_math_1000
W4382582753,post_ai,2023,Mathematics,10,5.0,0.4,1.868834809141684,0.6,0.8418491484184915,0.4,1.0888999753452235,0.8508363544940949,0.5,openalex_pure_math_1000
W4382598251,post_ai,2023,Mathematics,7,28.0,0.0,3.713572066704308,0.1428571428571428,0.4470359572400388,0.0,-0.0,0.9201272896357944,0.1428571428571428,openalex_pure_math_1000
W4382598252,post_ai,2023,Mathematics,11,9.0,0.0909090909090909,4.07753744390572,0.0909090909090909,0.690566037735849,0.1818181818181818,0.4741393130578373,0.8962473815137689,0.0909090909090909,openalex_pure_math_1000
W4382599350,post_ai,2023,Mathematics,27,3.0,0.5185185185185185,2.833213344056216,0.2962962962962963,0.6521978021978022,0.037037037037037,0.1584105701317908,0.9030466278394064,0.2962962962962963,openalex_pure_math_1000
W4382645096,post_ai,2023,Mathematics,7,5.0,0.4285714285714285,1.9459101490553128,0.7142857142857143,0.8520710059171598,0.0,-0.0,0.9236041052000864,0.7142857142857143,openalex_pure_math_1000
W4382656820,post_ai,2023,Mathematics,6,4.5,0.5,1.4978661367769954,0.6666666666666666,0.7727272727272727,0.0,-0.0,0.9428117175896964,0.6666666666666666,openalex_pure_math_1000
W4382814761,post_ai,2023,Mathematics,2,37.5,0.0,3.329005522935374,0.0,0.6896551724137931,0.5,0.6931471805599453,0.9132100641727448,0.0,openalex_pure_math_1000
W4382939114,post_ai,2023,Mathematics,30,13.0,0.0666666666666666,4.709367850470742,0.1333333333333333,0.4426729986431479,0.0,-0.0,0.8998779614766439,0.1333333333333333,openalex_pure_math_1000
W4382981936,post_ai,2023,Mathematics,6,3.5,0.5,1.6094379124341005,0.8333333333333334,0.7301587301587301,0.3333333333333333,0.8675632284814612,0.901592493057251,0.8333333333333334,openalex_pure_math_1000
W4382986750,post_ai,2023,Mathematics,3,4.0,0.3333333333333333,2.079441541679836,0.6666666666666666,0.6666666666666666,0.0,-0.0,0.9492984215418496,0.6666666666666666,openalex_pure_math_1000
W4382986952,post_ai,2023,Mathematics,6,0.5,0.6666666666666666,1.4978661367769956,0.5,0.7265917602996255,0.0,-0.0,0.8989628851413727,0.5,openalex_pure_math_1000
W4383069915,post_ai,2023,Mathematics,6,8.5,0.1666666666666666,2.19722457733622,0.3333333333333333,0.9565846599131692,0.0,-0.0,0.8733552197615305,0.3333333333333333,openalex_pure_math_1000
W4383224201,post_ai,2023,Mathematics,3,8.0,0.0,3.1354942159291497,0.0,0.8394495412844036,0.0,-0.0,0.9035296440124512,0.0,openalex_pure_math_1000
W4383343205,post_ai,2023,Mathematics,11,12.0,0.0909090909090909,2.772588722239781,0.2727272727272727,0.7311557788944724,0.3636363636363636,1.0335620542068176,0.8334740562872454,0.2727272727272727,openalex_pure_math_1000
W4383852827,post_ai,2023,Mathematics,10,10.5,0.2,3.6009581587658137,0.1,0.6343234323432343,0.3,0.9404479886553264,0.8876708388328552,0.1,openalex_pure_math_1000
W4383876291,post_ai,2023,Mathematics,6,7.0,0.1666666666666666,2.505317647048128,0.3333333333333333,0.9821016166281756,0.3333333333333333,0.8675632284814612,0.935707797606786,0.3333333333333333,openalex_pure_math_1000
W4384027804,post_ai,2024,Mathematics,8,10.5,0.375,2.0126758453675744,0.625,0.5867781390308098,0.125,0.3767701612564367,0.9253902211785316,0.625,openalex_pure_math_1000
W4384131684,post_ai,2023,Mathematics,18,4.0,0.3888888888888889,2.481422315129953,0.4444444444444444,0.6811059907834102,0.1111111111111111,0.3488320958430319,0.9297212726540036,0.4444444444444444,openalex_pure_math_1000
W4384155643,post_ai,2023,Mathematics,6,8.0,0.3333333333333333,0.8958797346140275,0.8333333333333334,0.6190476190476191,0.0,-0.0,0.96167920033137,0.8333333333333334,openalex_pure_math_1000
W4384469629,post_ai,2023,Mathematics,6,27.5,0.1666666666666666,2.138333059508028,0.5,0.5298013245033113,0.1666666666666666,0.4505612088663046,0.8895197908083597,0.5,openalex_pure_math_1000
W4384492822,post_ai,2023,Mathematics,5,9.0,0.0,1.6094379124341005,0.6,0.9664634146341464,0.0,-0.0,0.9072985529899598,0.6,openalex_pure_math_1000
W4384695640,post_ai,2023,Mathematics,55,14.0,0.0909090909090909,4.158883083359672,0.109090909090909,0.9794130580692944,0.6545454545454545,1.288062947416288,0.8747223734855651,0.109090909090909,openalex_pure_math_1000
W4385060101,post_ai,2023,Mathematics,7,3.0,0.5714285714285714,1.0986122886681098,0.7142857142857143,0.8628571428571429,0.0,-0.0,0.9364110486848014,0.7142857142857143,openalex_pure_math_1000
W4385074770,post_ai,2023,Mathematics,22,19.0,0.0,3.258096538021482,0.2727272727272727,0.6142953472690492,0.0909090909090909,0.3676494774001422,0.9073331572792748,0.2727272727272727,openalex_pure_math_1000
W4385145314,post_ai,2023,Mathematics,1,23.0,0.0,5.513428746164983,0.0,1.0,0.0,-0.0,0.9076867699623108,0.0,openalex_pure_math_1000
W4385147716,post_ai,2023,Mathematics,7,17.0,0.0,2.8903717578961645,0.1428571428571428,0.6033182503770739,0.0,-0.0,0.9050380076680864,0.1428571428571428,openalex_pure_math_1000
W4385151311,post_ai,2023,Mathematics,7,11.0,0.1428571428571428,4.709530201312334,0.1428571428571428,0.4085365853658536,0.0,-0.0,0.9344670687402996,0.1428571428571428,openalex_pure_math_1000
W4385201693,post_ai,2023,Mathematics,4,10.5,0.25,4.562391241807268,0.25,0.6003490401396161,0.0,-0.0,0.8747319281101227,0.25,openalex_pure_math_1000
W4385270491,post_ai,2023,Mathematics,7,25.0,0.0,4.727387818712341,0.0,0.4891535516801361,0.7142857142857143,0.5982695885852573,0.8981582692691258,0.0,openalex_pure_math_1000
W4385361061,post_ai,2023,Mathematics,10,10.5,0.3,3.6149193890756255,0.1,0.600328272466147,0.5,0.6931471805599453,0.8917534828186036,0.1,openalex_pure_math_1000
W4385421191,post_ai,2023,Mathematics,8,31.5,0.25,2.596478425445105,0.5,0.5379002837454399,0.0,-0.0,0.9227172434329988,0.5,openalex_pure_math_1000
W4385423516,post_ai,2023,Mathematics,11,7.0,0.2727272727272727,3.332204510175204,0.1818181818181818,0.4172185430463576,0.0,-0.0,0.9133608774705366,0.1818181818181818,openalex_pure_math_1000
W4385445042,post_ai,2023,Mathematics,2,55.0,0.5,1.1512925464970227,1.0,0.8,0.0,-0.0,0.9282292127609252,1.0,openalex_pure_math_1000
W4385457099,post_ai,2023,Mathematics,2,27.5,0.0,4.216688352661564,0.0,0.9082969432314412,1.0,0.6931471805599453,0.8245110511779785,0.0,openalex_pure_math_1000
W4385481496,post_ai,2023,Mathematics,10,11.5,0.0,2.612873336856601,0.5,0.6591375770020534,0.0,-0.0,0.9411252021789552,0.5,openalex_pure_math_1000
W4385497941,post_ai,2023,Mathematics,9,9.0,0.3333333333333333,2.772588722239781,0.4444444444444444,0.4657762938230384,0.0,-0.0,0.9102742738193936,0.4444444444444444,openalex_pure_math_1000
W4385543230,post_ai,2023,Mathematics,19,5.0,0.3157894736842105,2.70805020110221,0.1578947368421052,0.8185799186737567,0.2105263157894736,0.7335417487636489,0.8921774061102616,0.1578947368421052,openalex_pure_math_1000
W4385552406,post_ai,2023,Mathematics,16,15.0,0.125,2.914472808805104,0.125,0.518651832460733,0.4375,1.1246702892376168,0.8474331609904766,0.0625,openalex_pure_math_1000
W4385578126,post_ai,2023,Mathematics,2,23.0,0.0,2.0126758453675744,1.0,0.5384615384615384,0.0,-0.0,0.8999554812908173,1.0,openalex_pure_math_1000
W4385584962,post_ai,2023,Mathematics,15,2.0,0.6666666666666666,2.3978952727983707,0.2666666666666666,0.773286467486819,0.0,-0.0,0.896782648563385,0.2666666666666666,openalex_pure_math_1000
W4385755413,post_ai,2023,Mathematics,13,7.0,0.4615384615384615,4.663439094112067,0.1538461538461538,0.5588343784581336,0.8461538461538461,0.9251290835720823,0.9123387520129864,0.1538461538461538,openalex_pure_math_1000
W4385876107,post_ai,2023,Mathematics,4,25.0,0.0,3.977537136631348,0.25,0.6566757493188011,1.0,0.5623351446188083,0.915100947022438,0.25,openalex_pure_math_1000
W4385953711,post_ai,2023,Mathematics,35,7.0,0.1428571428571428,4.356708826689592,0.1142857142857142,0.9910837778316882,0.3428571428571428,1.066089993750056,0.8933053340230669,0.1142857142857142,openalex_pure_math_1000
W4385997741,post_ai,2023,Mathematics,3,4.0,0.3333333333333333,3.091042453358316,0.3333333333333333,0.5862068965517241,0.0,-0.0,0.9189826250076294,0.3333333333333333,openalex_pure_math_1000
W4386000830,post_ai,2023,Mathematics,14,0.5,0.9285714285714286,1.791759469228055,0.6428571428571429,0.6751269035532995,0.4285714285714285,1.0547209169068124,0.8890555202960968,0.6428571428571429,openalex_pure_math_1000
W4386030844,post_ai,2023,Mathematics,5,8.0,0.0,2.995732273553991,0.2,0.4615384615384615,0.0,-0.0,0.9189063310623168,0.2,openalex_pure_math_1000
W4386067400,post_ai,2023,Mathematics,32,6.0,0.28125,3.737669618283368,0.09375,0.909766108541273,0.90625,0.3111291548118492,0.9039650280028582,0.09375,openalex_pure_math_1000
W4386072817,post_ai,2023,Mathematics,12,8.0,0.0833333333333333,3.676220550121792,0.0833333333333333,0.3961864406779661,0.0,-0.0,0.9356926381587982,0.0833333333333333,openalex_pure_math_1000
W4386097832,post_ai,2025,Mathematics,5,16.0,0.2,2.995732273553991,0.2,0.8317941952506597,0.0,-0.0,0.9127362489700316,0.2,openalex_pure_math_1000
W4386242088,post_ai,2023,Mathematics,11,19.0,0.1818181818181818,4.31748811353631,0.3636363636363636,0.8498854882365189,0.1818181818181818,0.6001660731596457,0.9019270810213956,0.3636363636363636,openalex_pure_math_1000
W4386251279,post_ai,2023,Mathematics,2,11.0,0.0,2.5499332139121,0.5,0.9878048780487804,0.0,-0.0,0.928168386220932,0.5,openalex_pure_math_1000
W4386286486,post_ai,2023,Mathematics,6,12.0,0.0,2.5184763012068148,0.3333333333333333,0.7056451612903226,0.0,-0.0,0.9282675584157308,0.3333333333333333,openalex_pure_math_1000
W4386310902,post_ai,2023,Mathematics,9,3.0,0.5555555555555556,2.772588722239781,0.3333333333333333,0.4359550561797752,0.0,-0.0,0.8818895750575595,0.3333333333333333,openalex_pure_math_1000
W4386418966,post_ai,2023,Mathematics,27,2.0,0.6296296296296297,2.8903717578961645,0.2962962962962963,0.9395403653506188,0.4814814814814814,0.6924611526112329,0.8939880066447787,0.2962962962962963,openalex_pure_math_1000
W4386422728,post_ai,2023,Mathematics,11,4.0,0.4545454545454545,1.3862943611198906,0.8181818181818182,0.9285714285714286,0.2727272727272727,0.5859526183035508,0.918185364116322,0.8181818181818182,openalex_pure_math_1000
W4386425835,post_ai,2023,Mathematics,15,10.5,0.1333333333333333,3.6375861597263857,0.2666666666666666,0.9940250129957496,0.8666666666666667,1.2048762065511598,0.8081583778063456,0.2,openalex_pure_math_1000
W4386475445,post_ai,2023,Mathematics,6,9.0,0.1666666666666666,1.7005986908310775,0.8333333333333334,0.8095238095238095,0.0,-0.0,0.9348819653193156,0.8333333333333334,openalex_pure_math_1000
W4386546718,post_ai,2023,Mathematics,18,7.0,0.3888888888888889,4.0354530443939085,0.2222222222222222,0.6234878094174576,0.3888888888888889,0.8277381569989198,0.8484972185558743,0.2222222222222222,openalex_pure_math_1000
W4386640106,post_ai,2023,Mathematics,5,9.0,0.4,1.3862943611198906,0.6,0.9954063935502016,0.2,0.5004024235381879,0.913198959827423,0.6,openalex_pure_math_1000
W4386698822,post_ai,2023,Mathematics,10,13.5,0.1,4.399227348032548,0.2,0.5840188014101058,0.0,-0.0,0.9172205090522766,0.2,openalex_pure_math_1000
W4386752833,post_ai,2023,Mathematics,18,6.5,0.0555555555555555,5.054600031060329,0.1111111111111111,0.988425904137998,0.8333333333333334,1.9559838465843624,0.7916182312700484,0.1111111111111111,openalex_pure_math_1000
W4386754686,post_ai,2023,Mathematics,13,25.0,0.2307692307692307,2.4849066497880004,0.3846153846153846,0.8057988523104802,0.0,-0.0,0.9076686134705176,0.3846153846153846,openalex_pure_math_1000
W4386772607,post_ai,2023,Mathematics,6,7.5,0.1666666666666666,2.70582302592752,0.1666666666666666,0.8190104166666666,0.5,1.242453324894,0.9068083862463632,0.1666666666666666,openalex_pure_math_1000
W4386921918,post_ai,2023,Mathematics,7,28.0,0.0,3.218875824868201,0.4285714285714285,0.5836516424751719,0.0,-0.0,0.946538133280618,0.4285714285714285,openalex_pure_math_1000
W4386951705,post_ai,2023,Mathematics,8,6.5,0.125,1.7776740307447068,0.625,0.6498054474708171,0.25,0.5623351446188083,0.9339346885681152,0.625,openalex_pure_math_1000
W4387019788,post_ai,2023,Mathematics,6,14.5,0.1666666666666666,4.827641285313273,0.1666666666666666,0.4493801652892562,0.1666666666666666,0.4505612088663046,0.9063946902751924,0.1666666666666666,openalex_pure_math_1000
W4387063240,post_ai,2023,Mathematics,4,22.5,0.0,3.1815140517702325,0.25,0.4732824427480916,0.0,-0.0,0.9148820489645004,0.25,openalex_pure_math_1000
W4387131427,post_ai,2023,Mathematics,12,15.5,0.0833333333333333,4.448499276371912,0.1666666666666666,0.7948506694129763,0.0833333333333333,0.2868359830561607,0.8390288750330607,0.1666666666666666,openalex_pure_math_1000
W4387164051,post_ai,2023,Mathematics,17,16.0,0.0,4.499809670330265,0.0588235294117647,0.8058807514293493,0.0588235294117647,0.2237180760658337,0.9168868695988376,0.0588235294117647,openalex_pure_math_1000
W4387259094,post_ai,2023,Mathematics,12,16.5,0.25,3.841241223267253,0.25,0.8393771331058021,0.1666666666666666,0.4505612088663046,0.8549669782320658,0.1666666666666666,openalex_pure_math_1000
W4387369852,post_ai,2023,Mathematics,6,9.5,0.0,3.301971912300236,0.1666666666666666,0.8611918604651163,0.0,-0.0,0.9088281691074372,0.0,openalex_pure_math_1000
W4387410130,post_ai,2023,Mathematics,8,9.5,0.125,3.50244099485643,0.0,0.3568904593639576,0.125,0.3767701612564367,0.9212165325880052,0.0,openalex_pure_math_1000
W4387457467,post_ai,2023,Mathematics,19,9.0,0.0526315789473684,3.258096538021482,0.2105263157894736,0.4387254901960784,0.0526315789473684,0.2061920506332318,0.8790304598055387,0.2105263157894736,openalex_pure_math_1000
W4387461635,post_ai,2023,Mathematics,3,14.0,0.0,3.332204510175204,0.0,0.6809815950920245,0.0,-0.0,0.9107754429181416,0.0,openalex_pure_math_1000
W4387476501,post_ai,2023,Mathematics,19,2.0,0.631578947368421,2.19722457733622,0.4736842105263157,0.6016949152542372,0.1052631578947368,0.4094586186950892,0.9132485170113412,0.4736842105263157,openalex_pure_math_1000
W4387529245,post_ai,2023,Mathematics,8,31.0,0.125,3.956028444089503,0.125,0.3850806451612903,0.0,-0.0,0.9444410726428032,0.125,openalex_pure_math_1000
W4387641547,post_ai,2023,Mathematics,4,10.5,0.25,4.357201680351971,0.25,0.5892857142857143,0.0,-0.0,0.93869349360466,0.25,openalex_pure_math_1000
W4387642017,post_ai,2023,Mathematics,6,14.5,0.3333333333333333,2.282174095733918,0.5,0.6369426751592356,0.1666666666666666,0.4505612088663046,0.9408908089001974,0.5,openalex_pure_math_1000
W4387642347,post_ai,2023,Mathematics,3,1.0,0.6666666666666666,1.3862943611198906,0.6666666666666666,0.9983370288248336,0.3333333333333333,0.6365141682948128,0.8079284032185873,0.3333333333333333,openalex_pure_math_1000
W4387654809,post_ai,2023,Mathematics,18,3.0,0.5,2.079441541679836,0.5555555555555556,0.7889182058047494,0.6111111111111112,1.1324163280102886,0.8628011246522268,0.4444444444444444,openalex_pure_math_1000
W4387656396,post_ai,2023,Mathematics,11,10.0,0.1818181818181818,3.1354942159291497,0.1818181818181818,0.6224299065420561,0.0909090909090909,0.3046360973492381,0.9019107926975596,0.1818181818181818,openalex_pure_math_1000
W4387695105,post_ai,2023,Mathematics,6,13.0,0.0,3.4165158663931003,0.0,0.7035398230088495,0.3333333333333333,0.6365141682948128,0.9113958477973938,0.0,openalex_pure_math_1000
W4387696134,post_ai,2023,Mathematics,18,7.0,0.4444444444444444,3.519391770694271,0.2222222222222222,0.3039796782387807,0.0,-0.0,0.9124712612893846,0.2222222222222222,openalex_pure_math_1000
W4387732149,post_ai,2023,Mathematics,5,5.0,0.4,2.4849066497880004,0.4,0.9844666896789782,0.2,0.5004024235381879,0.874221682548523,0.4,openalex_pure_math_1000
W4387740352,post_ai,2023,Mathematics,13,3.0,0.6153846153846154,1.6094379124341005,0.7692307692307693,0.6222222222222222,0.0,-0.0,0.9199674129486084,0.7692307692307693,openalex_pure_math_1000
W4387819838,post_ai,2023,Mathematics,12,3.0,0.5833333333333334,2.282174095733918,0.5,0.728421052631579,0.0,-0.0,0.9408900638421376,0.5,openalex_pure_math_1000
W4387831016,post_ai,2023,Mathematics,10,9.5,0.1,2.727660557678851,0.4,0.2925925925925925,0.2,0.639031859650177,0.8571966171264649,0.4,openalex_pure_math_1000
W4387906760,post_ai,2023,Mathematics,11,4.0,0.1818181818181818,2.4849066497880004,0.2727272727272727,0.8653846153846154,0.0,-0.0,0.912827031178908,0.2727272727272727,openalex_pure_math_1000
W4387906860,post_ai,2023,Mathematics,5,2.0,0.6,2.079441541679836,0.6,0.9033457249070632,0.0,-0.0,0.930021071434021,0.6,openalex_pure_math_1000
W4387957812,post_ai,2023,Mathematics,4,8.5,0.25,3.392228531318822,0.25,0.9463971880492092,0.25,0.5623351446188083,0.9309149533510208,0.25,openalex_pure_math_1000
W4387971098,post_ai,2023,Mathematics,8,6.0,0.375,3.1549591391132585,0.25,0.6184397163120567,0.125,0.3767701612564367,0.9151549786329268,0.25,openalex_pure_math_1000
W4388028136,post_ai,2023,Mathematics,12,19.5,0.0833333333333333,3.612012404142915,0.0833333333333333,0.4222222222222222,0.0,-0.0,0.922864019870758,0.0833333333333333,openalex_pure_math_1000
W4388210069,post_ai,2023,Mathematics,13,26.0,0.0769230769230769,3.6375861597263857,0.2307692307692307,0.7974874371859296,0.0,-0.0,0.9088158286534824,0.2307692307692307,openalex_pure_math_1000
W4388261475,post_ai,2023,Mathematics,6,12.0,0.0,1.8920948169591307,0.5,0.7711864406779662,0.0,-0.0,0.9176368713378906,0.5,openalex_pure_math_1000
W4388271160,post_ai,2023,Mathematics,7,15.0,0.2857142857142857,2.70805020110221,0.4285714285714285,0.906810035842294,0.0,-0.0,0.9287898966244288,0.4285714285714285,openalex_pure_math_1000
W4388516724,post_ai,2023,Mathematics,8,44.5,0.0,4.096008457268438,0.125,0.4979757085020243,0.25,0.7356219397587946,0.8983518779277802,0.125,openalex_pure_math_1000
W4388525058,post_ai,2023,Mathematics,18,7.0,0.2222222222222222,2.7647145437557112,0.3333333333333333,0.5485519591141397,0.0555555555555555,0.2145591551764051,0.9011826978789436,0.3333333333333333,openalex_pure_math_1000
W4388578771,post_ai,2023,Mathematics,15,2.0,0.5333333333333333,2.3978952727983707,0.4666666666666667,0.3736842105263158,0.6,1.1822230016451067,0.8435759902000427,0.3333333333333333,openalex_pure_math_1000
W4388585009,post_ai,2023,Mathematics,14,7.5,0.1428571428571428,3.044522437723423,0.3571428571428571,0.5726795096322241,0.0714285714285714,0.2573186405438316,0.9127370289393834,0.3571428571428571,openalex_pure_math_1000
W4388638506,post_ai,2023,Mathematics,5,22.0,0.2,5.365976015021851,0.4,0.5478750640040962,0.0,-0.0,0.8391007661819458,0.4,openalex_pure_math_1000
W4388641180,post_ai,2023,Mathematics,3,4.0,0.3333333333333333,1.0986122886681098,0.6666666666666666,0.961904761904762,0.6666666666666666,0.6365141682948128,0.93219925959905,0.6666666666666666,openalex_pure_math_1000
W4388665796,post_ai,2023,Mathematics,10,7.0,0.2,3.172818180414298,0.3,0.7547663551401869,0.6,0.6730116670092565,0.8800746202468872,0.3,openalex_pure_math_1000
W4388685760,post_ai,2026,Mathematics,13,21.0,0.0769230769230769,3.4339872044851463,0.3076923076923077,0.8906298965841429,0.0,-0.0,0.8959706471516535,0.2307692307692307,openalex_pure_math_1000
W4388770533,post_ai,2023,Mathematics,16,7.5,0.25,2.4849066497880004,0.375,0.880199075719872,0.0625,0.2337916587064593,0.9190577603876592,0.375,openalex_pure_math_1000
W4388797219,post_ai,2023,Mathematics,36,14.0,0.1388888888888889,4.350090596376676,0.1666666666666666,0.5757753932088784,0.4444444444444444,1.1950838904614185,0.8828184008598328,0.1666666666666666,openalex_pure_math_1000
W4388839473,post_ai,2023,Mathematics,4,10.0,0.0,0.6931471805599453,1.0,0.6,0.5,0.6931471805599453,0.8453881442546844,0.75,openalex_pure_math_1000
W4388896457,post_ai,2023,Mathematics,30,10.5,0.2666666666666666,2.740319461670996,0.3,0.6579357655129404,0.0,-0.0,0.9164070884386698,0.3,openalex_pure_math_1000
W4388945398,post_ai,2023,Mathematics,5,22.0,0.0,3.9889840465642745,0.0,0.3690773067331671,0.0,-0.0,0.9170467019081116,0.0,openalex_pure_math_1000
W4388965428,post_ai,2023,Mathematics,6,10.5,0.1666666666666666,3.546702312934383,0.3333333333333333,0.4411764705882353,0.0,-0.0,0.9322190880775452,0.3333333333333333,openalex_pure_math_1000
W4388982825,post_ai,2023,Mathematics,11,17.0,0.0909090909090909,2.70805020110221,0.1818181818181818,0.7075971731448764,0.1818181818181818,0.4741393130578373,0.9206849553368308,0.1818181818181818,openalex_pure_math_1000
W4389090181,post_ai,2023,Mathematics,16,5.5,0.4375,2.764714543755712,0.3125,0.7177974434611603,0.0,-0.0,0.914277207106352,0.3125,openalex_pure_math_1000
W4389096463,post_ai,2023,Mathematics,5,24.0,0.0,5.966146739123692,0.0,0.6527687296416939,0.6,1.0549201679861442,0.8960487008094787,0.0,openalex_pure_math_1000
W4389121804,post_ai,2023,Mathematics,4,28.5,0.25,6.889260916036591,0.25,0.7487094395280236,1.0,1.039720770839918,0.7580166012048721,0.0,openalex_pure_math_1000
W4389284385,post_ai,2023,Mathematics,4,35.5,0.0,3.2461199175102355,0.25,0.5683453237410072,0.5,1.039720770839918,0.8584839105606079,0.25,openalex_pure_math_1000
W4389284457,post_ai,2023,Mathematics,2,12.0,0.0,2.5184763012068148,0.0,0.5652173913043478,1.0,-0.0,0.867074191570282,0.0,openalex_pure_math_1000
W4389321475,post_ai,2023,Mathematics,9,10.0,0.2222222222222222,1.791759469228055,0.5555555555555556,0.2575757575757575,0.1111111111111111,0.3488320958430319,0.8995382785797119,0.5555555555555556,openalex_pure_math_1000
W4389379435,post_ai,2023,Mathematics,8,27.0,0.25,2.1910133173369406,0.5,0.5319148936170213,0.125,0.3767701612564367,0.9116782397031784,0.5,openalex_pure_math_1000
W4389381538,post_ai,2023,Mathematics,21,3.0,0.7142857142857143,1.791759469228055,0.6666666666666666,0.929549902152642,0.0,-0.0,0.9159120236124312,0.6666666666666666,openalex_pure_math_1000
W4389427812,post_ai,2023,Mathematics,6,14.5,0.1666666666666666,2.481422315129953,0.3333333333333333,0.4791666666666667,0.0,-0.0,0.9230722089608512,0.3333333333333333,openalex_pure_math_1000
W4389567635,post_ai,2023,Mathematics,9,44.0,0.0,5.288267030694535,0.0,0.2861773117254528,0.4444444444444444,1.1490596969706204,0.8860548933347067,0.0,openalex_pure_math_1000
W4389606579,post_ai,2023,Mathematics,14,5.0,0.3571428571428571,3.205087440983084,0.2857142857142857,0.7459703417150225,0.1428571428571428,0.410116318288409,0.9065778085163662,0.2857142857142857,openalex_pure_math_1000
W4389676044,post_ai,2023,Mathematics,3,21.0,0.0,1.6094379124341005,0.6666666666666666,0.9,0.0,-0.0,0.8578591545422872,0.6666666666666666,openalex_pure_math_1000
W4389786147,post_ai,2023,Mathematics,7,10.0,0.4285714285714285,6.257667587882639,0.2857142857142857,0.6330935251798561,0.5714285714285714,1.0042424730540764,0.8322209800992694,0.2857142857142857,openalex_pure_math_1000
W4389857056,post_ai,2023,Mathematics,5,6.0,0.2,3.610917912644224,0.2,0.2978723404255319,0.0,-0.0,0.9185240983963012,0.2,openalex_pure_math_1000
W4389857647,post_ai,2023,Mathematics,6,22.5,0.1666666666666666,5.107357619281462,0.3333333333333333,0.3094660194174757,0.0,-0.0,0.913548449675242,0.3333333333333333,openalex_pure_math_1000
W4389857737,post_ai,2023,Mathematics,22,5.0,0.3181818181818182,3.131699131295812,0.3181818181818182,0.7171717171717171,0.0909090909090909,0.3676494774001422,0.9116069078445436,0.3181818181818182,openalex_pure_math_1000
W4389916947,post_ai,2023,Mathematics,10,15.0,0.1,4.322001019139966,0.1,0.7091957034320147,0.0,-0.0,0.9231270849704742,0.1,openalex_pure_math_1000
W4389987049,post_ai,2023,Mathematics,4,6.5,0.5,3.00194353355327,0.25,0.7208121827411168,0.0,-0.0,0.9302801936864852,0.25,openalex_pure_math_1000
W4390061367,post_ai,2023,Mathematics,5,21.0,0.4,2.079441541679836,0.6,0.5271084337349398,0.2,0.5004024235381879,0.8978524565696716,0.6,openalex_pure_math_1000
W4390105609,post_ai,2023,Mathematics,24,16.5,0.3333333333333333,3.367295829986474,0.125,0.9316057271328836,0.7083333333333334,0.8602030628046026,0.8962846845388412,0.125,openalex_pure_math_1000
W4390105633,post_ai,2023,Mathematics,6,11.5,0.1666666666666666,4.365748897031621,0.1666666666666666,0.6612903225806451,0.3333333333333333,0.6365141682948128,0.9016539752483368,0.1666666666666666,openalex_pure_math_1000
W4390146418,post_ai,2023,Mathematics,6,28.5,0.1666666666666666,2.452637389219215,0.3333333333333333,0.8983050847457628,0.1666666666666666,0.4505612088663046,0.9241611460844676,0.3333333333333333,openalex_pure_math_1000
W4390269465,post_ai,2023,Mathematics,19,6.0,0.3157894736842105,3.1354942159291497,0.2105263157894736,0.6872800402212167,0.0,-0.0,0.9001956142877278,0.2105263157894736,openalex_pure_math_1000
W4390273895,post_ai,2023,Mathematics,5,12.0,0.0,1.3862943611198906,0.6,0.6461538461538462,0.0,-0.0,0.9248276233673096,0.6,openalex_pure_math_1000
W4390274873,post_ai,2023,Mathematics,10,12.5,0.0,3.713274536198652,0.1,0.2393509127789046,0.2,0.639031859650177,0.9256266117095948,0.1,openalex_pure_math_1000
W4390400429,post_ai,2023,Mathematics,10,6.0,0.1,2.3502401828962083,0.4,0.4206349206349206,0.6,1.4708084763221112,0.8387494504451751,0.4,openalex_pure_math_1000
W4390575873,post_ai,2024,Mathematics,173,8.0,0.2254335260115607,3.49650756146648,0.1676300578034682,0.7220060870715893,0.4566473988439306,0.7203840915199262,0.9091421696492014,0.1676300578034682,openalex_pure_math_1000
W4390608446,post_ai,2024,Mathematics,10,26.5,0.0,5.016160212189549,0.2,0.322296947749612,0.3,0.6108643020548935,0.8830889403820038,0.2,openalex_pure_math_1000
W4390616204,post_ai,2024,Mathematics,9,11.5,0.1111111111111111,2.6390573296152584,0.2222222222222222,0.6565656565656566,0.0,-0.0,0.9397294918696084,0.2222222222222222,openalex_pure_math_1000
W4390668258,post_ai,2024,Mathematics,13,13.0,0.2307692307692307,2.19722457733622,0.4615384615384615,0.8450867052023121,0.7692307692307693,0.7902679680745903,0.9085305378987238,0.4615384615384615,openalex_pure_math_1000
W4390681195,post_ai,2023,Mathematics,6,3.0,0.6666666666666666,1.354025100551105,0.8333333333333334,0.627906976744186,0.1666666666666666,0.4505612088663046,0.9018719792366028,0.8333333333333334,openalex_pure_math_1000
W4390684411,post_ai,2024,Mathematics,17,6.0,0.2352941176470588,3.1354942159291497,0.1764705882352941,0.7426059152677857,0.0,-0.0,0.9124893686350656,0.1764705882352941,openalex_pure_math_1000
W4390699994,post_ai,2024,Mathematics,2,7.5,0.5,2.505317647048128,0.5,0.8787878787878788,0.0,-0.0,0.9474331736564636,0.5,openalex_pure_math_1000
W4390701129,post_ai,2024,Mathematics,5,55.0,0.0,3.367295829986474,0.0,0.3945945945945946,0.0,-0.0,0.8971466660499573,0.0,openalex_pure_math_1000
W4390750705,post_ai,2024,Mathematics,11,2.0,0.9090909090909092,2.19722457733622,0.4545454545454545,0.6747404844290658,0.5454545454545454,1.162225544921092,0.8816196864301508,0.4545454545454545,openalex_pure_math_1000
W4390769218,post_ai,2024,Mathematics,13,21.0,0.2307692307692307,3.332204510175204,0.1538461538461538,0.6824978012313104,0.0,-0.0,0.914377836080698,0.1538461538461538,openalex_pure_math_1000
W4390876806,post_ai,2024,Mathematics,19,14.0,0.1052631578947368,2.995732273553991,0.2631578947368421,0.9230032822757112,0.1052631578947368,0.4094586186950892,0.9177343217950118,0.2631578947368421,openalex_pure_math_1000
W4390911928,post_ai,2024,Mathematics,6,15.0,0.1666666666666666,4.59710549502315,0.3333333333333333,0.4108416547788873,0.5,1.0114042647073516,0.8714186946551005,0.3333333333333333,openalex_pure_math_1000
W4390943425,post_ai,2024,Mathematics,3,19.0,0.0,3.9318256327243257,0.0,0.9298418972332017,0.0,-0.0,0.884951134522756,0.0,openalex_pure_math_1000
W4390950267,post_ai,2024,Mathematics,10,7.0,0.3,3.3972932904382493,0.2,0.4743208038704875,0.2,0.639031859650177,0.8733018159866333,0.2,openalex_pure_math_1000
W4390963618,post_ai,2024,Mathematics,5,4.0,0.4,2.4849066497880004,0.4,0.8953488372093024,0.0,-0.0,0.9176605343818665,0.4,openalex_pure_math_1000
W4390971814,post_ai,2024,Mathematics,13,5.0,0.3846153846153846,2.70805020110221,0.3846153846153846,0.8326732673267326,0.2307692307692307,0.5402041423888608,0.9295505652060876,0.3846153846153846,openalex_pure_math_1000
W4391024902,post_ai,2024,Mathematics,127,8.0,0.2598425196850393,2.70805020110221,0.3543307086614173,0.74,0.0078740157480314,0.0459861394043689,0.909916187834552,0.3543307086614173,openalex_pure_math_1000
W4391113092,post_ai,2024,Mathematics,3,5.0,0.0,3.1354942159291497,0.0,0.4,0.0,-0.0,0.9219987988471984,0.0,openalex_pure_math_1000
W4391126358,post_ai,2024,Mathematics,16,10.0,0.3125,3.480173864550654,0.1875,0.6867272268483472,0.375,1.2468296415485096,0.9055250398814678,0.1875,openalex_pure_math_1000
W4391127094,post_ai,2024,Mathematics,3,6.0,0.3333333333333333,1.0986122886681098,0.6666666666666666,0.9971988795518208,0.0,-0.0,0.932946801185608,0.6666666666666666,openalex_pure_math_1000
W4391247939,post_ai,2024,Mathematics,8,7.0,0.0,1.4978661367769954,0.75,0.7227722772277227,0.0,-0.0,0.913980968296528,0.75,openalex_pure_math_1000
W4391258063,post_ai,2024,Mathematics,4,31.0,0.0,3.617088589874924,0.0,0.5275590551181102,0.0,-0.0,0.9139617830514908,0.0,openalex_pure_math_1000
W4391258548,post_ai,2024,Mathematics,2,16.0,0.5,4.127914213640915,0.0,0.9770992366412212,0.0,-0.0,0.9066832661628724,0.0,openalex_pure_math_1000
W4391275239,post_ai,2024,Mathematics,4,11.5,0.25,2.255429753258425,0.5,0.8145161290322581,0.0,-0.0,0.9382024705410004,0.5,openalex_pure_math_1000
W4391321627,post_ai,2024,Mathematics,4,11.0,0.0,4.479462969347472,0.0,0.6365422396856582,0.0,-0.0,0.9428060948848724,0.0,openalex_pure_math_1000
W4391348852,post_ai,2024,Mathematics,13,5.0,0.3076923076923077,1.9459101490553128,0.5384615384615384,0.6927939317319848,0.0,-0.0,0.8898185583261343,0.5384615384615384,openalex_pure_math_1000
W4391351536,post_ai,2024,Mathematics,11,14.0,0.0909090909090909,3.6375861597263857,0.3636363636363636,0.6514598540145985,0.0909090909090909,0.3046360973492381,0.9374000809409402,0.3636363636363636,openalex_pure_math_1000
W4391450036,post_ai,2024,Mathematics,42,11.0,0.119047619047619,4.268791940531986,0.119047619047619,0.944305627005708,0.8571428571428571,1.4419932279337575,0.902308483918508,0.119047619047619,openalex_pure_math_1000
W4391522791,post_ai,2024,Mathematics,26,3.0,0.5384615384615384,2.5529727369502906,0.4230769230769231,0.6380466863429032,0.1923076923076923,0.4895518936229288,0.895461923800982,0.4230769230769231,openalex_pure_math_1000
W4391592741,post_ai,2024,Mathematics,9,12.0,0.0,4.07753744390572,0.0,0.7538161740824944,0.1111111111111111,0.3488320958430319,0.8673242264323764,0.0,openalex_pure_math_1000
W4391613826,post_ai,2024,Mathematics,17,18.0,0.0,3.610917912644224,0.1176470588235294,0.6865493587831792,0.8823529411764706,1.4976864074866398,0.8416861260638517,0.1176470588235294,openalex_pure_math_1000
W4391661982,post_ai,2023,Mathematics,6,2.5,0.8333333333333334,1.4978661367769954,0.8333333333333334,0.3636363636363636,1.0,1.5607104090414063,0.82655135790507,0.6666666666666666,openalex_pure_math_1000
W4391681882,post_ai,2024,Mathematics,6,8.5,0.1666666666666666,3.50334761341852,0.1666666666666666,0.5889145496535797,0.0,-0.0,0.9110623002052308,0.1666666666666666,openalex_pure_math_1000
W4391694397,post_ai,2024,Mathematics,3,2.0,0.6666666666666666,1.3862943611198906,1.0,0.6666666666666666,0.0,-0.0,0.9031763474146524,1.0,openalex_pure_math_1000
W4391696327,post_ai,2024,Mathematics,4,1.0,0.75,1.90333124488516,0.5,0.996352266805628,0.25,0.5623351446188083,0.8934581577777863,0.5,openalex_pure_math_1000
W4391696397,post_ai,2024,Mathematics,3,3.0,0.6666666666666666,2.19722457733622,0.3333333333333333,0.7352941176470589,0.0,-0.0,0.9701966047286988,0.3333333333333333,openalex_pure_math_1000
W4391746432,post_ai,2024,Mathematics,8,26.0,0.0,3.9869221879723433,0.125,0.3801261829652997,0.0,-0.0,0.90557199716568,0.125,openalex_pure_math_1000
W4391749790,post_ai,2024,Mathematics,22,9.5,0.3181818181818182,1.6094379124341005,0.5909090909090909,0.8931297709923665,0.0,-0.0,0.8620013106953014,0.5909090909090909,openalex_pure_math_1000
W4391761108,post_ai,2023,Mathematics,11,9.0,0.0,1.3862943611198906,0.8181818181818182,0.9704301075268816,0.0,-0.0,0.9389627359130166,0.8181818181818182,openalex_pure_math_1000
W4391786350,post_ai,2024,Mathematics,4,4.0,0.25,3.239254821104285,0.25,0.979124849458049,0.25,0.5623351446188083,0.916103094816208,0.25,openalex_pure_math_1000
W4391814498,post_ai,2024,Mathematics,20,5.5,0.3,3.4339872044851463,0.35,0.8328908065051444,0.55,1.465992299532178,0.8650487869977951,0.35,openalex_pure_math_1000
W4391815401,post_ai,2024,Mathematics,6,16.0,0.0,3.916403758262432,0.1666666666666666,0.4031563845050215,0.0,-0.0,0.9515269498030344,0.1666666666666666,openalex_pure_math_1000
W4391845778,post_ai,2024,Mathematics,5,7.0,0.2,2.079441541679836,0.6,0.6407766990291263,0.0,-0.0,0.8990661144256592,0.6,openalex_pure_math_1000
W4391871417,post_ai,2024,Mathematics,50,5.5,0.38,4.189654742026425,0.12,0.7139649555340318,1.0,0.6931471805599453,0.9116781902313232,0.12,openalex_pure_math_1000
W4391939953,post_ai,2024,Mathematics,7,8.0,0.0,3.218875824868201,0.0,0.2278481012658227,0.0,-0.0,0.9377480830465044,0.0,openalex_pure_math_1000
W4391961333,post_ai,2024,Mathematics,16,11.0,0.125,3.3784661946237766,0.3125,0.9458462001958272,0.375,1.1274832349932322,0.8517566323280334,0.25,openalex_pure_math_1000
W4392044784,post_ai,2024,Mathematics,7,11.0,0.0,3.80666248977032,0.0,0.908380373425966,0.0,-0.0,0.8842882513999939,0.0,openalex_pure_math_1000
W4392080704,post_ai,2024,Mathematics,8,20.5,0.125,3.9614929793555977,0.125,0.7981810307492421,0.0,-0.0,0.8741292357444763,0.125,openalex_pure_math_1000
W4392096251,post_ai,2024,Mathematics,4,11.5,0.25,3.751920373349476,0.25,0.9167063303188958,0.0,-0.0,0.8897068947553635,0.25,openalex_pure_math_1000
W4392180553,post_ai,2024,Mathematics,3,28.0,0.0,4.897839799950911,0.0,0.6869436201780416,0.0,-0.0,0.9077711900075276,0.0,openalex_pure_math_1000
W4392191465,post_ai,2024,Mathematics,12,10.0,0.0833333333333333,3.908812721526685,0.0833333333333333,0.9456497259965468,0.0833333333333333,0.2868359830561607,0.9126186668872832,0.0833333333333333,openalex_pure_math_1000
W4392288675,post_ai,2024,Mathematics,3,28.0,0.0,5.552959584921617,0.0,0.7793538219070134,0.3333333333333333,0.6365141682948128,0.8697094321250916,0.0,openalex_pure_math_1000
W4392306680,post_ai,2024,Mathematics,1,10.0,0.0,2.079441541679836,1.0,1.0,0.0,-0.0,0.945102035999298,1.0,openalex_pure_math_1000
W4392368887,post_ai,2024,Mathematics,11,25.0,0.0,2.833213344056216,0.1818181818181818,0.6508620689655172,0.0909090909090909,0.3046360973492381,0.9100482518022712,0.1818181818181818,openalex_pure_math_1000
W4392594071,post_ai,2024,Mathematics,9,16.0,0.1111111111111111,3.5263605246161616,0.1111111111111111,0.8539376262059681,0.2222222222222222,0.6837389058487535,0.888424793879191,0.1111111111111111,openalex_pure_math_1000
W4392635288,post_ai,2023,Mathematics,9,8.0,0.2222222222222222,1.6094379124341005,0.7777777777777778,0.3076923076923077,0.0,-0.0,0.9310228294796414,0.7777777777777778,openalex_pure_math_1000
W4392651574,post_ai,2024,Mathematics,4,14.0,0.0,2.12424762102468,0.5,0.8536585365853658,0.25,0.5623351446188083,0.9297745376825332,0.5,openalex_pure_math_1000
W4392757374,post_ai,2024,Mathematics,9,18.0,0.0,3.80666248977032,0.2222222222222222,0.5076804915514593,0.0,-0.0,0.9131098323398166,0.2222222222222222,openalex_pure_math_1000
W4392757513,post_ai,2024,Mathematics,12,8.0,0.1666666666666666,2.6364997792818734,0.25,0.839110686110447,0.0,-0.0,0.8946447819471359,0.25,openalex_pure_math_1000
W4392782079,post_ai,2024,Mathematics,7,18.0,0.0,3.1354942159291497,0.0,0.5913312693498453,0.1428571428571428,0.410116318288409,0.8940308179174151,0.0,openalex_pure_math_1000
W4392782098,post_ai,2024,Mathematics,5,23.0,0.0,4.02535169073515,0.0,0.4850498338870432,0.0,-0.0,0.8918296098709106,0.0,openalex_pure_math_1000
W4392787531,post_ai,2024,Mathematics,21,3.0,0.7619047619047619,2.70805020110221,0.3333333333333333,0.8362162162162162,0.1428571428571428,0.5010469137590966,0.9051454123996552,0.3333333333333333,openalex_pure_math_1000
W4392842595,post_ai,2024,Mathematics,1,2.0,1.0,0.6931471805599453,1.0,1.0,0.0,-0.0,0.9092062711715698,1.0,openalex_pure_math_1000
W4392842893,post_ai,2024,Mathematics,2,12.5,0.0,3.2610463990850764,0.0,0.6346153846153846,0.0,-0.0,0.932820439338684,0.0,openalex_pure_math_1000
W4392876997,post_ai,2023,Mathematics,10,15.0,0.2,3.0868930519509683,0.4,0.4305418719211822,0.2,0.5004024235381879,0.9333901822566986,0.4,openalex_pure_math_1000
W4392909168,post_ai,2024,Mathematics,88,7.0,0.2613636363636363,4.189539944643301,0.0795454545454545,0.5786758991026637,0.7386363636363636,0.712626181464906,0.8983813693577593,0.0795454545454545,openalex_pure_math_1000
W4392911992,post_ai,2024,Mathematics,8,8.0,0.375,3.330927370272656,0.125,0.4747039827771798,0.875,1.2554823251787537,0.8563073724508286,0.125,openalex_pure_math_1000
W4392918622,post_ai,2024,Mathematics,25,15.0,0.16,4.290459441148391,0.04,0.4688149688149688,0.2,0.6904565313848348,0.8774186348915101,0.04,openalex_pure_math_1000
W4393029199,post_ai,2024,Mathematics,6,18.0,0.0,4.422816628170093,0.0,0.3663522012578616,0.0,-0.0,0.8902632296085358,0.0,openalex_pure_math_1000
W4393034755,post_ai,2024,Mathematics,10,27.0,0.0,4.0829660686607925,0.0,0.6190269331016507,0.0,-0.0,0.8685328781604766,0.0,openalex_pure_math_1000
W4393045950,post_ai,2024,Mathematics,3,64.0,0.0,3.912023005428146,0.3333333333333333,0.9094076655052264,0.0,-0.0,0.8644167383511862,0.3333333333333333,openalex_pure_math_1000
W4393083844,post_ai,2024,Mathematics,23,22.0,0.0,4.31748811353631,0.0869565217391304,0.6664092664092665,0.0434782608695652,0.1788449127168475,0.8920104685037032,0.0869565217391304,openalex_pure_math_1000
W4393142770,post_ai,2024,Mathematics,17,5.0,0.2941176470588235,2.302585092994046,0.4705882352941176,0.863662960795787,0.0,-0.0,0.888268390122582,0.4705882352941176,openalex_pure_math_1000
W4393143435,post_ai,2023,Mathematics,14,21.0,0.2142857142857142,2.3502401828962083,0.5,0.5300448430493273,0.0714285714285714,0.2573186405438316,0.9207223185471126,0.5,openalex_pure_math_1000
W4393190058,post_ai,2024,Mathematics,23,4.0,0.4782608695652174,1.6094379124341005,0.7391304347826086,0.8322259136212624,0.0,-0.0,0.9506413236908292,0.7391304347826086,openalex_pure_math_1000
W4393227888,post_ai,2024,Mathematics,3,3.0,1.0,1.6094379124341005,0.6666666666666666,0.7,0.3333333333333333,0.6365141682948128,0.8272080620129904,0.3333333333333333,openalex_pure_math_1000
W4393256875,post_ai,2024,Mathematics,9,2.0,0.6666666666666666,1.791759469228055,0.6666666666666666,0.8014888337468983,0.0,-0.0,0.9211640026834276,0.6666666666666666,openalex_pure_math_1000
W4393374769,post_ai,2024,Mathematics,11,7.0,0.0909090909090909,2.995732273553991,0.2727272727272727,0.5377720870678617,0.1818181818181818,0.6001660731596457,0.9113240404562516,0.1818181818181818,openalex_pure_math_1000
W4393900741,post_ai,2024,Mathematics,9,12.0,0.1111111111111111,4.356708826689592,0.1111111111111111,0.3228228228228228,0.0,-0.0,0.8521349098947313,0.1111111111111111,openalex_pure_math_1000
W4393935277,post_ai,2024,Mathematics,15,6.0,0.4666666666666667,2.5649493574615367,0.3333333333333333,0.6134020618556701,0.2666666666666666,0.5799151714181009,0.9003359953562419,0.3333333333333333,openalex_pure_math_1000
W4393940845,post_ai,2024,Mathematics,9,8.0,0.0,3.1780538303479458,0.0,0.4904458598726114,0.0,-0.0,0.9144792026943632,0.0,openalex_pure_math_1000
W4393970919,post_ai,2024,Mathematics,16,9.0,0.0625,2.6020033435383976,0.3125,0.5264705882352941,0.1875,0.6019239717322894,0.9134544171392918,0.3125,openalex_pure_math_1000
W4393994914,post_ai,2024,Mathematics,8,12.0,0.25,3.389960953736126,0.125,0.6897058823529412,0.0,-0.0,0.9364765733480452,0.125,openalex_pure_math_1000
W4394006660,post_ai,2024,Mathematics,6,9.5,0.3333333333333333,2.178354413344796,0.5,0.5436241610738255,0.0,-0.0,0.9325706859429678,0.5,openalex_pure_math_1000
W4394578129,post_ai,2024,Mathematics,36,9.0,0.0555555555555555,4.032318237887111,0.0,0.9882512658065729,0.8055555555555556,1.4758697340916116,0.8786946137746176,0.0,openalex_pure_math_1000
W4394619382,post_ai,2024,Mathematics,4,7.0,0.0,2.393745871391024,0.25,0.8032786885245902,0.5,1.039720770839918,0.8817830234766006,0.25,openalex_pure_math_1000
W4394760823,post_ai,2024,Mathematics,17,14.0,0.1764705882352941,4.007333185232471,0.2352941176470588,0.4940334128878281,0.1176470588235294,0.4437572842601484,0.8900505058905658,0.2352941176470588,openalex_pure_math_1000
W4394785817,post_ai,2024,Mathematics,10,15.5,0.2,3.6495607313554,0.2,0.417910447761194,0.0,-0.0,0.9014681518077852,0.2,openalex_pure_math_1000
W4394795800,post_ai,2024,Mathematics,6,22.5,0.0,3.174569495689899,0.1666666666666666,0.9461221688400824,0.0,-0.0,0.9079709649086,0.1666666666666666,openalex_pure_math_1000
W4394819328,post_ai,2024,Mathematics,4,21.0,0.0,2.666359396632685,0.25,0.7551020408163265,0.0,-0.0,0.8981824219226837,0.25,openalex_pure_math_1000
W4394841357,post_ai,2024,Mathematics,10,10.5,0.0,1.7776740307447068,0.6,0.4105263157894737,0.0,-0.0,0.9335212171077728,0.6,openalex_pure_math_1000
W4394883923,post_ai,2024,Mathematics,7,3.0,0.5714285714285714,2.302585092994046,0.4285714285714285,0.4101382488479262,0.1428571428571428,0.410116318288409,0.8974354352269854,0.4285714285714285,openalex_pure_math_1000
W4394884272,post_ai,2024,Mathematics,8,18.5,0.125,2.452637389219215,0.375,0.5753846153846154,0.0,-0.0,0.9035833105444908,0.375,openalex_pure_math_1000
W4394898728,post_ai,2023,Mathematics,33,5.0,0.2727272727272727,2.8903717578961645,0.2121212121212121,0.6722151088348272,0.2424242424242424,0.6451964504030799,0.9210248174089374,0.2121212121212121,openalex_pure_math_1000
W4394909152,post_ai,2024,Mathematics,4,9.0,0.25,1.2424533248940002,1.0,0.5454545454545454,0.25,0.5623351446188083,0.9206734001636504,1.0,openalex_pure_math_1000
W4394922006,post_ai,2024,Mathematics,4,9.5,0.0,2.871501593904741,0.0,0.6198347107438017,0.0,-0.0,0.8711079508066177,0.0,openalex_pure_math_1000
W4394949102,post_ai,2024,Mathematics,14,2.0,0.7142857142857143,1.791759469228055,0.5714285714285714,0.7424892703862661,0.1428571428571428,0.410116318288409,0.8999650052615574,0.5714285714285714,openalex_pure_math_1000
W4394952412,post_ai,2024,Mathematics,8,7.0,0.125,2.2499048351651325,0.375,0.8351539225422046,0.25,0.5623351446188083,0.8737911581993103,0.375,openalex_pure_math_1000
W4395006069,post_ai,2024,Mathematics,2,7.5,0.0,2.484906649788,0.5,0.7083333333333334,0.0,-0.0,0.9654152393341064,0.5,openalex_pure_math_1000
W4395018159,post_ai,2024,Mathematics,8,2.0,1.0,1.9356005054539451,0.625,0.4,0.125,0.3767701612564367,0.9428732469677924,0.625,openalex_pure_math_1000
W4395026078,post_ai,2024,Mathematics,9,11.0,0.2222222222222222,3.58351893845611,0.1111111111111111,0.8198924731182796,0.4444444444444444,0.6869615765973234,0.8617940412627326,0.1111111111111111,openalex_pure_math_1000
W4395029519,post_ai,2024,Mathematics,7,6.0,0.4285714285714285,2.995732273553991,0.1428571428571428,0.4412864622288706,0.2857142857142857,0.7963116401738131,0.8841769439833504,0.1428571428571428,openalex_pure_math_1000
W4395467051,post_ai,2024,Mathematics,6,17.5,0.0,2.8995463272302637,0.1666666666666666,0.4813432835820895,0.0,-0.0,0.9046372175216676,0.1666666666666666,openalex_pure_math_1000
W4395663705,post_ai,2024,Mathematics,9,5.0,0.2222222222222222,1.6094379124341005,0.5555555555555556,0.7213375796178344,0.1111111111111111,0.3488320958430319,0.916331794526842,0.5555555555555556,openalex_pure_math_1000
W4395667230,post_ai,2024,Mathematics,7,11.0,0.2857142857142857,2.19722457733622,0.4285714285714285,0.3979893554109994,0.0,-0.0,0.9295516610145568,0.4285714285714285,openalex_pure_math_1000
W4395673270,post_ai,2024,Mathematics,8,13.5,0.0,4.123479016284088,0.0,0.2463295269168026,0.0,-0.0,0.9282931610941888,0.0,openalex_pure_math_1000
W4396228719,post_ai,2024,Mathematics,8,15.5,0.25,3.742745804015377,0.375,0.945010433288327,0.125,0.3767701612564367,0.9117929488420486,0.375,openalex_pure_math_1000
W4396241168,post_ai,2024,Mathematics,11,12.0,0.0,3.044522437723423,0.1818181818181818,0.7667016439314446,0.1818181818181818,0.6001660731596457,0.8664681423794139,0.1818181818181818,openalex_pure_math_1000
W4396496104,post_ai,2024,Mathematics,7,26.0,0.0,2.772588722239781,0.1428571428571428,0.8639705882352942,0.2857142857142857,0.5982695885852573,0.894691697188786,0.1428571428571428,openalex_pure_math_1000
W4396568092,post_ai,2024,Mathematics,7,2.0,0.7142857142857143,1.791759469228055,0.7142857142857143,0.7238962859145059,0.0,-0.0,0.8662534015519279,0.7142857142857143,openalex_pure_math_1000
W4396596389,post_ai,2024,Mathematics,17,8.0,0.2352941176470588,3.784189633918261,0.1764705882352941,0.8152231904677218,0.5882352941176471,1.2324052234657892,0.8892134077408734,0.1764705882352941,openalex_pure_math_1000
W4396608516,post_ai,2024,Mathematics,2,6.5,0.0,2.6735537653587342,0.5,0.8285714285714286,0.0,-0.0,0.899179607629776,0.5,openalex_pure_math_1000
W4396677384,post_ai,2024,Mathematics,6,22.5,0.0,2.5649493574615367,0.0,0.5042016806722689,0.0,-0.0,0.9083215196927388,0.0,openalex_pure_math_1000
W4396685621,post_ai,2024,Mathematics,21,14.0,0.1428571428571428,3.688879454113936,0.238095238095238,0.5761421319796954,0.0952380952380952,0.3144922012814106,0.8843495874177842,0.238095238095238,openalex_pure_math_1000
W4396701709,post_ai,2024,Mathematics,17,8.0,0.2352941176470588,3.367295829986474,0.1764705882352941,0.4471959213401311,0.1176470588235294,0.4437572842601484,0.8960137402310091,0.1176470588235294,openalex_pure_math_1000
W4396702206,post_ai,2024,Mathematics,10,20.5,0.1,3.00194353355327,0.2,0.6412652767792955,0.0,-0.0,0.8901180326938629,0.2,openalex_pure_math_1000
W4396854789,post_ai,2024,Mathematics,6,7.5,0.3333333333333333,2.19722457733622,0.3333333333333333,0.620253164556962,0.0,-0.0,0.9132225116093954,0.3333333333333333,openalex_pure_math_1000
W4396878876,post_ai,2023,Mathematics,10,4.0,0.4,1.3195286648076292,0.6,0.2933333333333333,0.1,0.3250829733914482,0.8915135264396667,0.6,openalex_pure_math_1000
W4396957637,post_ai,2024,Mathematics,10,4.0,0.3,1.9356005054539451,0.6,0.951706374758532,1.0,0.9404479886553264,0.7778400838375091,0.3,openalex_pure_math_1000
W4396975708,post_ai,2024,Mathematics,39,2.0,0.6153846153846154,3.367295829986474,0.1794871794871795,0.9871567282605772,0.3846153846153846,1.046337759449366,0.8558068672815958,0.1538461538461538,openalex_pure_math_1000
W4397002674,post_ai,2024,Mathematics,27,10.0,0.037037037037037,3.9318256327243257,0.1481481481481481,0.3887566924449732,0.0,-0.0,0.9262315145245305,0.1481481481481481,openalex_pure_math_1000
W4397011304,post_ai,2024,Mathematics,11,9.0,0.2727272727272727,2.833213344056216,0.2727272727272727,0.73502722323049,0.0,-0.0,0.8869632645086809,0.2727272727272727,openalex_pure_math_1000
W4398192383,post_ai,2025,Mathematics,4,10.5,0.25,3.451873628792299,0.5,0.8477865372953305,0.0,-0.0,0.9178930819034576,0.5,openalex_pure_math_1000
W4398224887,post_ai,2024,Mathematics,4,16.0,0.25,3.4923581600591325,0.25,0.9735764793449944,1.0,1.039720770839918,0.8916953206062317,0.25,openalex_pure_math_1000
W4398247511,post_ai,2024,Mathematics,5,7.0,0.2,4.23410650459726,0.2,0.7849604221635884,0.0,-0.0,0.9030452132225036,0.2,openalex_pure_math_1000
W4398255397,post_ai,2024,Mathematics,46,15.0,0.0,3.871201010907891,0.1521739130434782,0.466618979494516,0.0869565217391304,0.3443379000998386,0.9156170889087344,0.1521739130434782,openalex_pure_math_1000
W4398783749,post_ai,2024,Mathematics,6,16.0,0.0,4.257795955024632,0.0,0.6118363794604004,0.3333333333333333,0.8675632284814612,0.8928158283233643,0.0,openalex_pure_math_1000
W4398789714,post_ai,2023,Mathematics,6,13.5,0.0,3.908812721526685,0.0,0.4866412213740458,0.0,-0.0,0.9031903843084972,0.0,openalex_pure_math_1000
W4398789725,post_ai,2023,Mathematics,12,9.5,0.3333333333333333,3.0546237913821828,0.4166666666666667,0.831275720164609,0.0833333333333333,0.2868359830561607,0.9006778548161188,0.4166666666666667,openalex_pure_math_1000
W4399026204,post_ai,2025,Mathematics,7,16.0,0.1428571428571428,3.044522437723423,0.1428571428571428,0.4749536178107607,0.7142857142857143,1.078992207877583,0.8382038218634469,0.1428571428571428,openalex_pure_math_1000
W4399121994,post_ai,2024,Mathematics,3,13.0,0.0,5.883322388488279,0.0,0.5709342560553633,1.0,0.6365141682948128,0.9147152702013652,0.0,openalex_pure_math_1000
W4399147564,post_ai,2023,Mathematics,14,2.0,0.6428571428571429,0.8958797346140275,0.8571428571428571,0.6136363636363636,0.0714285714285714,0.2573186405438316,0.8981127185480935,0.8571428571428571,openalex_pure_math_1000
W4399153395,post_ai,2024,Mathematics,23,14.0,0.1304347826086956,4.158883083359672,0.217391304347826,0.7464469307529483,0.0434782608695652,0.1788449127168475,0.8849604959073274,0.217391304347826,openalex_pure_math_1000
W4399172262,post_ai,2024,Mathematics,10,12.0,0.0,3.849921203698493,0.0,0.3811881188118812,0.1,0.3250829733914482,0.8987973213195801,0.0,openalex_pure_math_1000
W4399215897,post_ai,2024,Mathematics,3,3.0,0.6666666666666666,1.3862943611198906,1.0,0.6,0.3333333333333333,0.6365141682948128,0.9197715918223064,1.0,openalex_pure_math_1000
W4399237876,post_ai,2024,Mathematics,4,2.0,1.0,2.2154083994216567,0.5,0.375,0.0,-0.0,0.9160087704658508,0.5,openalex_pure_math_1000
W4399243210,post_ai,2023,Mathematics,8,13.0,0.25,4.791434489919041,0.25,0.7967815143387662,0.5,0.9743147528693494,0.8441178947687149,0.25,openalex_pure_math_1000
W4399358989,post_ai,2024,Mathematics,4,18.5,0.0,3.727649242841645,0.5,0.7214912280701754,0.25,0.5623351446188083,0.8645970821380615,0.25,openalex_pure_math_1000
W4399381262,post_ai,2024,Mathematics,25,14.0,0.08,3.5263605246161616,0.2,0.4365841334007074,0.0,-0.0,0.9034340238571168,0.2,openalex_pure_math_1000
W4399385364,post_ai,2024,Mathematics,67,11.0,0.0597014925373134,3.912023005428146,0.0298507462686567,0.98468811363758,0.6268656716417911,1.7953296525673847,0.863176250635688,0.0149253731343283,openalex_pure_math_1000
W4399442018,post_ai,2024,Mathematics,11,11.0,0.2727272727272727,2.6390573296152584,0.2727272727272727,0.5038461538461538,0.0,-0.0,0.9316111857240852,0.2727272727272727,openalex_pure_math_1000
W4399492591,post_ai,2024,Mathematics,13,17.0,0.0,3.5263605246161616,0.0769230769230769,0.4867872044506258,0.0,-0.0,0.9279167973078214,0.0769230769230769,openalex_pure_math_1000
W4399551841,post_ai,2024,Mathematics,31,17.0,0.2258064516129032,2.9444389791664403,0.3870967741935484,0.6282617422721799,0.2903225806451613,0.9807574129995512,0.868620551401569,0.3870967741935484,openalex_pure_math_1000
W4399571141,post_ai,2024,Mathematics,54,11.0,0.1481481481481481,4.386692298388324,0.1666666666666666,0.8922091782283885,0.4259259259259259,1.5327461169920444,0.8494087369353683,0.1666666666666666,openalex_pure_math_1000
W4399576854,post_ai,2024,Mathematics,21,28.0,0.0,2.995732273553991,0.1904761904761904,0.8557710773958134,0.1428571428571428,0.5670609309552819,0.8695107102394104,0.1904761904761904,openalex_pure_math_1000
W4399671578,post_ai,2024,Mathematics,6,21.0,0.1666666666666666,2.9647945716949478,0.5,0.9073608617594257,0.0,-0.0,0.9058549205462136,0.5,openalex_pure_math_1000
W4399725632,post_ai,2024,Mathematics,5,25.0,0.0,3.912023005428146,0.2,0.5689119170984456,0.6,1.0549201679861442,0.8225106120109558,0.2,openalex_pure_math_1000
W4399731262,post_ai,2024,Mathematics,9,17.0,0.2222222222222222,3.7612001156935615,0.1111111111111111,0.1838790931989924,0.0,-0.0,0.9262147479587132,0.1111111111111111,openalex_pure_math_1000
W4399743632,post_ai,2024,Mathematics,3,20.0,0.0,1.0986122886681098,0.6666666666666666,0.8787878787878788,0.6666666666666666,0.6365141682948128,0.919879953066508,0.6666666666666666,openalex_pure_math_1000
W4399810176,post_ai,2024,Mathematics,6,18.5,0.0,6.665601760479545,0.0,0.354041651959054,0.3333333333333333,0.6365141682948128,0.9144381483395896,0.0,openalex_pure_math_1000
W4399846542,post_ai,2024,Mathematics,9,16.0,0.0,3.1780538303479458,0.2222222222222222,0.3341463414634146,0.3333333333333333,0.8486855577264172,0.8770422869258456,0.2222222222222222,openalex_pure_math_1000
W4399879498,post_ai,2024,Mathematics,7,1.0,1.0,2.19722457733622,0.4285714285714285,0.3866666666666666,0.1428571428571428,0.410116318288409,0.9358556696346828,0.4285714285714285,openalex_pure_math_1000
W4399890330,post_ai,2024,Mathematics,17,8.0,0.2941176470588235,2.302585092994046,0.4117647058823529,0.4517184942716857,0.1176470588235294,0.362210557135449,0.8952513126765981,0.4117647058823529,openalex_pure_math_1000
W4399908033,post_ai,2024,Mathematics,4,21.0,0.0,3.246119917510236,0.5,0.6541471048513302,0.25,0.5623351446188083,0.8850338757038116,0.5,openalex_pure_math_1000
W4399917531,post_ai,2024,Mathematics,3,17.0,0.0,5.017279836814924,0.0,0.5089514066496164,0.6666666666666666,1.0986122886681096,0.8949992458025614,0.0,openalex_pure_math_1000
W4399918483,post_ai,2024,Mathematics,4,9.0,0.0,2.178354413344796,0.5,0.4571428571428571,0.25,0.5623351446188083,0.9029788821935654,0.5,openalex_pure_math_1000
W4399922499,post_ai,2024,Mathematics,6,18.5,0.0,3.8007011672918662,0.3333333333333333,0.4659340659340659,0.1666666666666666,0.4505612088663046,0.8916555643081665,0.3333333333333333,openalex_pure_math_1000
W4399942982,post_ai,2024,Mathematics,58,9.0,0.2413793103448276,3.384246605824315,0.2068965517241379,0.9668929503916448,0.7068965517241379,1.5112395932139338,0.8553448596905018,0.2068965517241379,openalex_pure_math_1000
W4399982121,post_ai,2024,Mathematics,36,14.5,0.1944444444444444,3.60945485380953,0.1666666666666666,0.8033209918097162,0.1388888888888889,0.4964152005071168,0.8946265594826804,0.1666666666666666,openalex_pure_math_1000
W4399984989,post_ai,2024,Mathematics,4,4.0,0.5,2.7917481543908496,0.0,0.9099307159353348,0.25,0.5623351446188083,0.913110539317131,0.0,openalex_pure_math_1000
W4400003528,post_ai,2024,Mathematics,12,4.5,0.4166666666666667,1.3862943611198906,0.75,0.9441340782122905,0.0,-0.0,0.9215130656957626,0.75,openalex_pure_math_1000
W4400039714,post_ai,2024,Mathematics,46,9.5,0.1521739130434782,4.254378856297568,0.0869565217391304,0.7854434052660701,0.6304347826086957,1.435597986263537,0.8644931290460669,0.0869565217391304,openalex_pure_math_1000
W4400065328,post_ai,2024,Mathematics,5,15.0,0.0,1.6094379124341005,0.6,0.7899159663865546,0.4,0.9502705392332348,0.8964843869209289,0.6,openalex_pure_math_1000
W4400088323,post_ai,2024,Mathematics,5,11.0,0.2,2.70805020110221,0.2,0.8446601941747572,0.2,0.5004024235381879,0.8878867626190186,0.2,openalex_pure_math_1000
W4400089347,post_ai,2024,Mathematics,6,9.5,0.1666666666666666,3.5015327293932312,0.1666666666666666,0.5477568740955138,0.0,-0.0,0.8292843401432037,0.1666666666666666,openalex_pure_math_1000
W4400119737,post_ai,2024,Mathematics,6,10.5,0.0,2.1910133173369406,0.5,0.6517857142857143,0.0,-0.0,0.9401566584904988,0.5,openalex_pure_math_1000
W4400134061,post_ai,2024,Mathematics,6,8.0,0.3333333333333333,1.0986122886681098,0.8333333333333334,0.7096774193548387,0.5,1.0114042647073516,0.9205963015556335,0.8333333333333334,openalex_pure_math_1000
W4400173442,post_ai,2024,Mathematics,8,10.0,0.0,3.4396779022302195,0.25,0.6571834992887624,0.0,-0.0,0.8605154603719711,0.25,openalex_pure_math_1000
W4400205789,post_ai,2024,Mathematics,23,3.0,0.6521739130434783,2.302585092994046,0.4782608695652174,0.4851485148514851,0.0,-0.0,0.9202276908833048,0.4782608695652174,openalex_pure_math_1000
W4400205791,post_ai,2024,Mathematics,30,3.5,0.5,2.5649493574615367,0.3333333333333333,0.554337899543379,0.0666666666666666,0.2449300267946353,0.8960071365038554,0.3333333333333333,openalex_pure_math_1000
W4400271940,post_ai,2024,Mathematics,12,17.5,0.0,4.118210263632696,0.0833333333333333,0.7320366132723112,0.5,1.3143738430069454,0.8338261793057123,0.0,openalex_pure_math_1000
W4400291200,post_ai,2024,Mathematics,21,1.0,0.7619047619047619,1.3862943611198906,0.7142857142857143,0.9527439024390244,0.0476190476190476,0.1914440819577173,0.9092529841831752,0.7142857142857143,openalex_pure_math_1000
W4400306529,post_ai,2024,Mathematics,7,5.0,0.2857142857142857,2.8903717578961645,0.4285714285714285,0.6105769230769231,0.0,-0.0,0.9436443703515188,0.4285714285714285,openalex_pure_math_1000
W4400332015,post_ai,2024,Mathematics,10,2.5,0.6,1.9356005054539451,0.6,0.3670886075949367,0.2,0.639031859650177,0.950035399198532,0.6,openalex_pure_math_1000
W4400350044,post_ai,2024,Mathematics,25,21.0,0.04,3.5263605246161616,0.16,0.8747767414169478,0.76,1.4565207599982064,0.8871850562095642,0.16,openalex_pure_math_1000
W4400406672,post_ai,2024,Mathematics,5,20.0,0.0,6.054439346269371,0.0,0.29484425349087,0.6,1.0549201679861442,0.8840551018714905,0.0,openalex_pure_math_1000
W4400422252,post_ai,2024,Mathematics,9,7.0,0.2222222222222222,2.4849066497880004,0.3333333333333333,0.3370786516853932,0.8888888888888888,1.310783678099714,0.8738352126545377,0.3333333333333333,openalex_pure_math_1000
W4400445488,post_ai,2024,Mathematics,5,12.0,0.0,3.4339872044851463,0.2,0.8155339805825242,0.0,-0.0,0.9397167682647704,0.2,openalex_pure_math_1000
W4400450615,post_ai,2024,Mathematics,12,15.0,0.0833333333333333,2.888826161611328,0.25,0.9074778200253484,0.0,-0.0,0.8835960129896799,0.25,openalex_pure_math_1000
W4400509633,post_ai,2024,Mathematics,25,21.0,0.04,4.564348191467836,0.12,0.5293928686154834,0.0,-0.0,0.8954701232910156,0.12,openalex_pure_math_1000
W4400520348,post_ai,2024,Mathematics,6,7.5,0.0,2.094827371013213,0.5,0.5206611570247934,1.0,0.6365141682948128,0.869488517443339,0.5,openalex_pure_math_1000
W4400526150,post_ai,2024,Mathematics,15,8.0,0.3333333333333333,3.610917912644224,0.2,0.6725206611570248,0.1333333333333333,0.3926744672275521,0.9168349146842956,0.2,openalex_pure_math_1000
W4400558823,post_ai,2024,Mathematics,25,8.0,0.2,3.9889840465642745,0.24,0.5602955995969097,0.0,-0.0,0.9161431860923768,0.24,openalex_pure_math_1000
W4400581716,post_ai,2024,Mathematics,7,22.0,0.0,4.356708826689592,0.2857142857142857,0.6321167883211679,0.2857142857142857,0.5982695885852573,0.883050296987806,0.2857142857142857,openalex_pure_math_1000
W4400585789,post_ai,2024,Mathematics,12,11.0,0.1666666666666666,2.727660557678851,0.4166666666666667,0.9255068363979256,0.1666666666666666,0.5660857389596289,0.9272157847881316,0.4166666666666667,openalex_pure_math_1000
W4400589252,post_ai,2024,Mathematics,3,25.0,0.0,3.9889840465642745,0.0,0.3925925925925926,0.3333333333333333,0.6365141682948128,0.8900897105534872,0.0,openalex_pure_math_1000
W4400643782,post_ai,2024,Mathematics,10,6.0,0.3,3.239254821104285,0.2,0.6540608428691042,0.2,0.639031859650177,0.90085289478302,0.2,openalex_pure_math_1000
W4400659130,post_ai,2024,Mathematics,5,1.0,0.8,1.3862943611198906,0.8,0.859375,0.2,0.5004024235381879,0.9171264290809632,0.8,openalex_pure_math_1000
W4400664842,post_ai,2024,Mathematics,3,44.0,0.0,4.02535169073515,0.0,0.8562367864693446,0.6666666666666666,0.6365141682948128,0.8758197824160258,0.0,openalex_pure_math_1000
W4400688525,post_ai,2024,Mathematics,8,10.0,0.25,2.70805020110221,0.375,0.3837330552659019,0.125,0.3767701612564367,0.8117140531539917,0.25,openalex_pure_math_1000
W4400697971,post_ai,2024,Mathematics,6,6.5,0.3333333333333333,2.9753212762938634,0.3333333333333333,0.3076923076923077,0.0,-0.0,0.9318608343601228,0.3333333333333333,openalex_pure_math_1000
W4400738966,post_ai,2024,Mathematics,9,29.0,0.0,4.219507705176107,0.0,0.4807799442896936,0.0,-0.0,0.8921854760911729,0.0,openalex_pure_math_1000
W4400833546,post_ai,2024,Mathematics,6,4.0,0.5,1.1512925464970227,0.6666666666666666,0.7375,0.0,-0.0,0.9410458207130432,0.6666666666666666,openalex_pure_math_1000
W4400914590,post_ai,2024,Mathematics,49,11.0,0.0612244897959183,4.983606621708336,0.0,0.5408611311357232,1.0,-0.0,0.871818271218514,0.0,openalex_pure_math_1000
W4400917839,post_ai,2024,Mathematics,11,10.0,0.0,3.49650756146648,0.2727272727272727,0.5473684210526316,0.0,-0.0,0.946768110448664,0.2727272727272727,openalex_pure_math_1000
W4400929602,post_ai,2024,Mathematics,14,4.5,0.4285714285714285,2.34106561356211,0.4285714285714285,0.6915887850467289,0.0714285714285714,0.2573186405438316,0.899307838508061,0.4285714285714285,openalex_pure_math_1000
W4400944934,post_ai,2024,Mathematics,3,45.0,0.0,3.258096538021482,0.3333333333333333,0.582089552238806,0.0,-0.0,0.9348227977752686,0.3333333333333333,openalex_pure_math_1000
W4401005778,post_ai,2024,Mathematics,8,29.0,0.125,3.5773076784568314,0.25,0.6535904255319149,0.125,0.3767701612564367,0.8651165887713432,0.25,openalex_pure_math_1000
W4401100091,post_ai,2024,Mathematics,6,9.5,0.0,4.207026216248362,0.1666666666666666,0.8686960472512494,0.6666666666666666,1.329661348854758,0.7732918163140615,0.1666666666666666,openalex_pure_math_1000
W4401148161,post_ai,2024,Mathematics,17,23.0,0.0,2.833213344056216,0.2352941176470588,0.8801752464403066,0.2352941176470588,0.7902347553432827,0.8384703888612635,0.2352941176470588,openalex_pure_math_1000
W4401155166,post_ai,2024,Mathematics,3,8.0,0.0,3.871201010907891,0.0,0.6099290780141844,1.0,0.6365141682948128,0.8825852274894714,0.0,openalex_pure_math_1000
W4401192956,post_ai,2024,Mathematics,5,9.0,0.0,4.61512051684126,0.0,0.8206369426751592,0.2,0.5004024235381879,0.8748573303222656,0.0,openalex_pure_math_1000
W4401269229,post_ai,2024,Mathematics,5,9.0,0.2,2.6390573296152584,0.2,0.9423592493297588,0.4,0.6730116670092565,0.8458061814308167,0.2,openalex_pure_math_1000
W4401287958,post_ai,2024,Mathematics,22,14.5,0.0909090909090909,4.711716793718446,0.1363636363636363,0.4971762048192771,0.0454545454545454,0.1849073991677756,0.9057072455232794,0.1363636363636363,openalex_pure_math_1000
W4401308160,post_ai,2024,Mathematics,8,7.5,0.5,2.12424762102468,0.5,0.7147707979626485,0.25,0.7356219397587946,0.856703445315361,0.5,openalex_pure_math_1000
W4401315413,post_ai,2024,Mathematics,7,18.0,0.1428571428571428,4.61512051684126,0.1428571428571428,0.5346820809248555,0.1428571428571428,0.410116318288409,0.8989189948354449,0.1428571428571428,openalex_pure_math_1000
W4401350786,post_ai,2025,Mathematics,8,12.5,0.0,2.3502401828962083,0.375,0.78748370273794,0.0,-0.0,0.8715046644210815,0.375,openalex_pure_math_1000
W4401371685,post_ai,2024,Mathematics,5,1.0,0.6,0.6931471805599453,0.6,0.8554216867469879,0.2,0.5004024235381879,0.8825430631637573,0.6,openalex_pure_math_1000
W4401377066,post_ai,2024,Mathematics,10,3.5,0.5,2.19722457733622,0.4,0.3125,0.1,0.3250829733914482,0.8954567313194275,0.4,openalex_pure_math_1000
W4401480714,post_ai,2024,Mathematics,8,15.0,0.375,2.827995905409926,0.375,0.447653429602888,0.0,-0.0,0.9125484377145768,0.375,openalex_pure_math_1000
W4401551356,post_ai,2024,Mathematics,2,10.5,0.0,1.90333124488516,0.5,0.6666666666666666,0.5,0.6931471805599453,0.9012416303157806,0.5,openalex_pure_math_1000
W4401553680,post_ai,2024,Mathematics,29,9.0,0.1379310344827586,4.143134726391533,0.0689655172413793,0.7935010482180294,0.4827586206896552,1.3056647436278566,0.885764728332388,0.0689655172413793,openalex_pure_math_1000
W4401569054,post_ai,2024,Mathematics,5,7.0,0.0,1.9459101490553128,0.6,0.8220640569395018,0.0,-0.0,0.9391047596931458,0.6,openalex_pure_math_1000
W4401577639,post_ai,2024,Mathematics,18,12.0,0.1666666666666666,3.496048213707944,0.1111111111111111,0.5635093845482322,0.0,-0.0,0.8796589838133918,0.1111111111111111,openalex_pure_math_1000
W4401579607,post_ai,2024,Mathematics,13,15.0,0.0,3.5263605246161616,0.1538461538461538,0.7302192564346998,0.1538461538461538,0.5359610497090694,0.8999543648499709,0.1538461538461538,openalex_pure_math_1000
W4401717263,post_ai,2024,Mathematics,4,11.0,0.0,3.920746462230007,0.0,0.2777777777777778,0.0,-0.0,0.9251253604888916,0.0,openalex_pure_math_1000
W4401765906,post_ai,2024,Mathematics,3,52.0,0.0,1.6094379124341005,0.6666666666666666,0.9835728952772074,0.3333333333333333,0.6365141682948128,0.8875223199526469,0.6666666666666666,openalex_pure_math_1000
W4401823549,post_ai,2024,Mathematics,7,42.0,0.0,4.110873864173311,0.2857142857142857,0.645320197044335,0.0,-0.0,0.909621102469308,0.2857142857142857,openalex_pure_math_1000
W4401824937,post_ai,2024,Mathematics,7,7.0,0.4285714285714285,4.02535169073515,0.4285714285714285,0.3496503496503496,0.0,-0.0,0.924545007092612,0.4285714285714285,openalex_pure_math_1000
W4401825180,post_ai,2024,Mathematics,4,32.0,0.0,3.0044065927212973,0.25,0.8987341772151899,0.0,-0.0,0.8966585397720337,0.25,openalex_pure_math_1000
W4401831887,post_ai,2024,Mathematics,7,3.0,0.5714285714285714,1.3862943611198906,0.5714285714285714,0.5102040816326531,0.0,-0.0,0.93402213709695,0.5714285714285714,openalex_pure_math_1000
W4401916688,post_ai,2024,Mathematics,4,26.0,0.0,4.141494346371301,0.0,0.4296875,0.0,-0.0,0.8655865043401718,0.0,openalex_pure_math_1000
W4401925063,post_ai,2024,Mathematics,12,9.0,0.1666666666666666,3.174569495689899,0.25,0.8452380952380952,0.0833333333333333,0.2868359830561607,0.9183045774698256,0.25,openalex_pure_math_1000
W4401925552,post_ai,2024,Mathematics,8,9.5,0.0,3.610917912644224,0.0,0.3776758409785932,0.875,0.3767701612564367,0.923589713871479,0.0,openalex_pure_math_1000
W4401976075,post_ai,2024,Mathematics,2,30.5,0.0,2.70805020110221,0.5,0.9736842105263158,0.5,0.6931471805599453,0.9297739267349244,0.5,openalex_pure_math_1000
W4402006557,post_ai,2024,Mathematics,9,3.0,0.5555555555555556,2.302585092994046,0.4444444444444444,0.5130674002751031,0.1111111111111111,0.3488320958430319,0.8943565289179484,0.4444444444444444,openalex_pure_math_1000
W4402038536,post_ai,2024,Mathematics,7,3.0,0.7142857142857143,1.9459101490553128,0.5714285714285714,0.5178571428571429,0.0,-0.0,0.917843793119703,0.5714285714285714,openalex_pure_math_1000
W4402067975,post_ai,2024,Mathematics,8,14.0,0.125,2.138333059508028,0.5,0.6845289541918755,0.0,-0.0,0.9305300414562224,0.5,openalex_pure_math_1000
W4402141880,post_ai,2024,Mathematics,7,2.0,0.5714285714285714,1.9459101490553128,0.5714285714285714,0.7327044025157232,0.0,-0.0,0.903742628438132,0.5714285714285714,openalex_pure_math_1000
W4402284421,post_ai,2024,Mathematics,15,5.0,0.4,2.70805020110221,0.2,0.3291139240506329,0.0,-0.0,0.939320953687032,0.2,openalex_pure_math_1000
W4402346367,post_ai,2025,Mathematics,9,6.0,0.3333333333333333,3.332204510175204,0.2222222222222222,0.5333333333333333,0.2222222222222222,0.6837389058487535,0.9083764420615302,0.2222222222222222,openalex_pure_math_1000
W4402522544,post_ai,2024,Mathematics,20,12.5,0.1,3.535786682105766,0.1,0.5606907059421026,0.0,-0.0,0.8951592564582824,0.1,openalex_pure_math_1000
W4402540469,post_ai,2024,Mathematics,11,26.0,0.1818181818181818,4.955827057601261,0.2727272727272727,0.7200976403580146,0.2727272727272727,0.5859526183035508,0.900928096337752,0.2727272727272727,openalex_pure_math_1000
W4402610709,post_ai,2024,Mathematics,4,18.5,0.25,3.133600274270681,0.25,0.8075313807531381,0.0,-0.0,0.914100542664528,0.25,openalex_pure_math_1000
W4402648848,post_ai,2024,Mathematics,3,8.0,0.3333333333333333,2.6390573296152584,0.3333333333333333,0.98894620486367,0.0,-0.0,0.8733612100283304,0.3333333333333333,openalex_pure_math_1000
W4402650772,post_ai,2024,Mathematics,15,14.0,0.2,2.079441541679836,0.5333333333333333,0.7300813008130081,0.0666666666666666,0.2449300267946353,0.8988775809605917,0.5333333333333333,openalex_pure_math_1000
W4402705214,post_ai,2025,Mathematics,15,9.0,0.2666666666666666,3.688879454113936,0.2666666666666666,0.6846307385229541,0.0666666666666666,0.2449300267946353,0.8959941784540812,0.2,openalex_pure_math_1000
W4402795894,post_ai,2024,Mathematics,13,5.0,0.3846153846153846,2.3978952727983707,0.4615384615384615,0.4932432432432432,0.0,-0.0,0.8768614897361169,0.4615384615384615,openalex_pure_math_1000
W4402809777,post_ai,2024,Mathematics,9,20.0,0.0,4.553876891600541,0.1111111111111111,0.3235944021605696,0.1111111111111111,0.3488320958430319,0.9225084781646729,0.1111111111111111,openalex_pure_math_1000
W4402822759,post_ai,2024,Mathematics,22,15.0,0.1818181818181818,4.220803602229822,0.1818181818181818,0.545401116661769,0.0454545454545454,0.1849073991677756,0.9246423921801828,0.1818181818181818,openalex_pure_math_1000
W4402923251,post_ai,2024,Mathematics,4,12.5,0.25,2.7506291052723637,0.5,0.9590551181102362,0.25,0.5623351446188083,0.927019402384758,0.5,openalex_pure_math_1000
W4403002759,post_ai,2024,Mathematics,7,14.0,0.1428571428571428,3.091042453358316,0.1428571428571428,0.8690958164642375,0.0,-0.0,0.9304548416818892,0.1428571428571428,openalex_pure_math_1000
W4403026662,post_ai,2024,Mathematics,14,6.0,0.2857142857142857,2.6735537653587342,0.3571428571428571,0.6256544502617801,0.0,-0.0,0.9188215306827,0.3571428571428571,openalex_pure_math_1000
W4403065724,post_ai,2024,Mathematics,6,5.0,0.5,1.791759469228055,0.6666666666666666,0.6301369863013698,0.3333333333333333,0.6365141682948128,0.8606009185314178,0.6666666666666666,openalex_pure_math_1000
W4403066316,post_ai,2024,Mathematics,10,13.5,0.2,4.711353025059257,0.3,0.5381172499816568,1.0,0.6730116670092565,0.8549374759197235,0.3,openalex_pure_math_1000
W4403264321,post_ai,2024,Mathematics,13,7.0,0.3846153846153846,2.3978952727983707,0.3846153846153846,0.5785123966942148,0.1538461538461538,0.5359610497090694,0.9254642679141118,0.3846153846153846,openalex_pure_math_1000
W4403297290,post_ai,2024,Mathematics,13,25.0,0.0769230769230769,1.9459101490553128,0.5384615384615384,0.9135719108710332,0.0769230769230769,0.2711893730418441,0.9255975622397202,0.5384615384615384,openalex_pure_math_1000
W4403312716,post_ai,2024,Mathematics,8,13.5,0.25,4.7066406079864365,0.25,0.3371467025572005,0.125,0.3767701612564367,0.9209456220269204,0.25,openalex_pure_math_1000
W4403339005,post_ai,2024,Mathematics,29,11.0,0.2068965517241379,3.1780538303479458,0.1724137931034483,0.5390557939914163,0.1379310344827586,0.5924028775138872,0.8800096450180843,0.1724137931034483,openalex_pure_math_1000
W4403360065,post_ai,2024,Mathematics,8,33.5,0.0,5.334105465792648,0.25,0.3096026490066225,0.125,0.3767701612564367,0.8900038227438927,0.25,openalex_pure_math_1000
W4403364343,post_ai,2024,Mathematics,3,6.0,0.3333333333333333,1.9459101490553128,0.6666666666666666,0.9927835051546392,0.0,-0.0,0.8920540610949198,0.6666666666666666,openalex_pure_math_1000
W4403420698,post_ai,2024,Mathematics,5,4.0,0.4,1.791759469228055,0.6,0.53125,0.0,-0.0,0.891819429397583,0.6,openalex_pure_math_1000
W4403433287,post_ai,2024,Mathematics,7,3.0,0.7142857142857143,2.19722457733622,0.4285714285714285,0.8243727598566308,0.4285714285714285,0.9556998911125344,0.9243703654834202,0.4285714285714285,openalex_pure_math_1000
W4403467719,post_ai,2024,Mathematics,43,14.0,0.0232558139534883,4.02535169073515,0.0697674418604651,0.6560254846143418,0.5116279069767442,1.566425124084457,0.908361373945724,0.0697674418604651,openalex_pure_math_1000
W4403472212,post_ai,2024,Mathematics,43,32.0,0.0930232558139534,2.5649493574615367,0.3953488372093023,0.5059847660500544,0.1162790697674418,0.4699417218422371,0.858918214953223,0.3953488372093023,openalex_pure_math_1000
W4403498531,post_ai,2024,Mathematics,16,3.0,0.5625,2.740319461670996,0.3125,0.5383720930232558,0.3125,0.918045918065631,0.9091139286756516,0.3125,openalex_pure_math_1000
W4403587760,post_ai,2026,Mathematics,10,8.5,0.2,3.617088589874924,0.2,0.4757600657354149,0.0,-0.0,0.9308390736579896,0.2,openalex_pure_math_1000
W4403616465,post_ai,2024,Mathematics,32,15.5,0.1875,3.591176055942631,0.0625,0.5454779695954651,0.0,-0.0,0.9216146152466536,0.0625,openalex_pure_math_1000
W4403627025,post_ai,2024,Mathematics,6,20.5,0.0,3.263978958811275,0.1666666666666666,0.3452914798206278,0.0,-0.0,0.9142546157042184,0.1666666666666666,openalex_pure_math_1000
W4403633514,post_ai,2024,Mathematics,6,18.5,0.1666666666666666,1.9356005054539451,0.5,0.7516968325791855,0.5,1.242453324894,0.8847895463307699,0.5,openalex_pure_math_1000
W4403682818,post_ai,2024,Mathematics,15,13.0,0.3333333333333333,2.9444389791664403,0.3333333333333333,0.5986486486486486,1.0,-0.0,0.898891007900238,0.3333333333333333,openalex_pure_math_1000
W4403703894,post_ai,2024,Mathematics,8,27.5,0.125,3.546702312934383,0.125,0.790590405904059,0.0,-0.0,0.9318588599562644,0.125,openalex_pure_math_1000
W4403737061,post_ai,2024,Mathematics,8,4.5,0.5,2.3680992241972474,0.5,0.5229007633587787,0.125,0.3767701612564367,0.89522834867239,0.5,openalex_pure_math_1000
W4403748835,post_ai,2024,Mathematics,6,11.0,0.0,4.193769991594683,0.0,0.5705614567526556,0.0,-0.0,0.9214952687422434,0.0,openalex_pure_math_1000
W4403749117,post_ai,2024,Mathematics,11,12.0,0.1818181818181818,3.49650756146648,0.2727272727272727,0.8565891472868217,0.0,-0.0,0.9170234420082786,0.2727272727272727,openalex_pure_math_1000
W4403764337,post_ai,2024,Mathematics,6,21.5,0.1666666666666666,2.393745871391024,0.1666666666666666,0.6895833333333333,0.1666666666666666,0.4505612088663046,0.9106030762195588,0.1666666666666666,openalex_pure_math_1000
W4403897761,post_ai,2024,Mathematics,8,6.5,0.25,3.575742731952368,0.125,0.5380434782608695,0.125,0.3767701612564367,0.9117859676480292,0.125,openalex_pure_math_1000
W4403940016,post_ai,2024,Mathematics,14,13.5,0.2142857142857142,2.93886789088982,0.3571428571428571,0.9023923444976076,0.1428571428571428,0.410116318288409,0.9045014125960212,0.3571428571428571,openalex_pure_math_1000
W4403950896,post_ai,2024,Mathematics,18,1.5,0.7777777777777778,2.0126758453675744,0.5555555555555556,0.906437125748503,0.0555555555555555,0.2145591551764051,0.8744674689239926,0.5555555555555556,openalex_pure_math_1000
W4403987044,post_ai,2024,Mathematics,38,4.0,0.4473684210526316,3.1567740231385475,0.131578947368421,0.5866454689984102,0.6578947368421053,0.6424220210762541,0.8835943811818173,0.131578947368421,openalex_pure_math_1000
W4403992308,post_ai,2024,Mathematics,14,17.0,0.2142857142857142,3.465247382975813,0.2857142857142857,0.5253532834580216,0.5,0.6931471805599453,0.8853413079466138,0.2857142857142857,openalex_pure_math_1000
W4404006506,post_ai,2024,Mathematics,6,26.0,0.0,3.63965941770731,0.0,0.6681647940074906,0.0,-0.0,0.901687761147817,0.0,openalex_pure_math_1000
W4404059774,post_ai,2024,Mathematics,5,5.0,0.4,2.5649493574615367,0.2,0.8554216867469879,0.0,-0.0,0.9376853585243226,0.2,openalex_pure_math_1000
W4404082680,post_ai,2024,Mathematics,52,7.0,0.2884615384615384,4.811886824866762,0.0769230769230769,0.670238285622901,0.8461538461538461,0.7033208903445946,0.9056124240159988,0.0769230769230769,openalex_pure_math_1000
W4404239632,post_ai,2024,Mathematics,3,11.0,0.0,4.430816798843313,0.0,0.6271186440677966,0.3333333333333333,0.6365141682948128,0.8921919266382853,0.0,openalex_pure_math_1000
W4404288138,post_ai,2024,Mathematics,13,13.0,0.0769230769230769,2.19722457733622,0.3846153846153846,0.5845272206303725,0.1538461538461538,0.5359610497090694,0.9098736735490652,0.3846153846153846,openalex_pure_math_1000
W4404312209,post_ai,2026,Mathematics,16,11.0,0.1875,3.919368779799641,0.1875,0.9315573068357031,0.1875,0.6019239717322894,0.8636749051511288,0.1875,openalex_pure_math_1000
W4404380644,post_ai,2024,Mathematics,11,8.0,0.3636363636363636,3.218875824868201,0.2727272727272727,0.7934238741958541,0.0,-0.0,0.9523625428026372,0.2727272727272727,openalex_pure_math_1000
W4404418241,post_ai,2024,Mathematics,4,20.0,0.0,3.384246605824315,0.0,0.8186813186813187,0.25,0.5623351446188083,0.911782905459404,0.0,openalex_pure_math_1000
W4404485486,post_ai,2024,Mathematics,7,6.0,0.2857142857142857,1.791759469228055,0.5714285714285714,0.7545454545454545,0.1428571428571428,0.410116318288409,0.8782917431422642,0.5714285714285714,openalex_pure_math_1000
W4404574108,post_ai,2026,Mathematics,16,11.5,0.0,3.2896256060050506,0.0625,0.7696942310588945,1.0,-0.0,0.9009835831820964,0.0625,openalex_pure_math_1000
W4404593963,post_ai,2023,Mathematics,1,5.0,0.0,1.0986122886681098,1.0,1.0,1.0,-0.0,0.8782845139503479,1.0,openalex_pure_math_1000
W4404603768,post_ai,2024,Mathematics,9,9.0,0.1111111111111111,3.4339872044851463,0.2222222222222222,0.7614403600900225,0.0,-0.0,0.9360709918869866,0.2222222222222222,openalex_pure_math_1000
W4404704989,post_ai,2024,Mathematics,11,15.0,0.1818181818181818,3.9318256327243257,0.0909090909090909,0.6535181236673774,0.0909090909090909,0.3046360973492381,0.8965010155331005,0.0909090909090909,openalex_pure_math_1000
W4404753325,post_ai,2024,Mathematics,7,4.0,0.2857142857142857,2.302585092994046,0.4285714285714285,0.6825396825396826,0.0,-0.0,0.9445240327290126,0.4285714285714285,openalex_pure_math_1000
W4404758871,post_ai,2024,Mathematics,20,7.5,0.3,3.612012404142915,0.35,0.5553375196232339,0.15,0.4227090878059908,0.8489058196544648,0.25,openalex_pure_math_1000
W4404761412,post_ai,2024,Mathematics,10,14.0,0.3,3.3961722137354045,0.3,0.8495642288745737,0.2,0.639031859650177,0.8678310215473175,0.3,openalex_pure_math_1000
W4404826318,post_ai,2024,Mathematics,51,7.0,0.3333333333333333,2.302585092994046,0.392156862745098,0.8955727615644232,0.6274509803921569,1.8616224758629607,0.8984107246585921,0.392156862745098,openalex_pure_math_1000
W4404855976,post_ai,2024,Mathematics,15,5.0,0.2666666666666666,2.9444389791664403,0.2,0.5973763874873865,0.0,-0.0,0.9249374349912008,0.2,openalex_pure_math_1000
W4404861288,post_ai,2024,Mathematics,4,15.5,0.25,4.900173396808308,0.25,0.520042194092827,0.0,-0.0,0.9152001440525056,0.25,openalex_pure_math_1000
W4404919893,post_ai,2024,Mathematics,9,28.0,0.3333333333333333,2.772588722239781,0.4444444444444444,0.5171974522292994,0.3333333333333333,0.6365141682948128,0.915503614478641,0.4444444444444444,openalex_pure_math_1000
W4404922934,post_ai,2024,Mathematics,9,14.0,0.1111111111111111,1.6094379124341005,0.6666666666666666,0.9490616621983914,0.1111111111111111,0.3488320958430319,0.9195101459821066,0.6666666666666666,openalex_pure_math_1000
W4404985485,post_ai,2026,Mathematics,16,11.0,0.0625,2.80473589759248,0.375,0.5277777777777778,0.0,-0.0,0.9111956059932708,0.375,openalex_pure_math_1000
W4404993906,post_ai,2024,Mathematics,29,7.0,0.2413793103448276,3.5263605246161616,0.1034482758620689,0.327724358974359,0.8620689655172413,0.4011898621870057,0.9261351063333708,0.1034482758620689,openalex_pure_math_1000
W4405005823,post_ai,2024,Mathematics,7,13.0,0.1428571428571428,2.3978952727983707,0.2857142857142857,0.896457765667575,0.0,-0.0,0.8972117134502956,0.2857142857142857,openalex_pure_math_1000
W4405083602,post_ai,2024,Mathematics,6,19.5,0.1666666666666666,4.230840240742989,0.1666666666666666,0.7954545454545454,0.1666666666666666,0.4505612088663046,0.869468073050181,0.1666666666666666,openalex_pure_math_1000
W4405084761,post_ai,2024,Mathematics,12,13.5,0.25,3.461321945737944,0.1666666666666666,0.8054919908466819,0.0,-0.0,0.8983488827943802,0.1666666666666666,openalex_pure_math_1000
W4405089160,post_ai,2025,Mathematics,8,4.5,0.5,2.171902710926842,0.5,0.420911528150134,0.75,0.5623351446188083,0.8659660667181015,0.5,openalex_pure_math_1000
W4405099256,post_ai,2024,Mathematics,7,8.0,0.2857142857142857,2.772588722239781,0.4285714285714285,0.7533414337788579,0.1428571428571428,0.410116318288409,0.8508958305631366,0.4285714285714285,openalex_pure_math_1000
W4405151484,post_ai,2024,Mathematics,12,2.5,0.5833333333333334,2.7647145437557112,0.25,0.6680851063829787,0.75,0.5623351446188083,0.8862439195315043,0.25,openalex_pure_math_1000
W4405151561,post_ai,2024,Mathematics,5,16.0,0.2,2.5649493574615367,0.4,0.4512195121951219,0.2,0.5004024235381879,0.9093919396400452,0.4,openalex_pure_math_1000
W4405212214,post_ai,2024,Mathematics,9,15.0,0.3333333333333333,3.4339872044851463,0.3333333333333333,0.3852097130242826,0.0,-0.0,0.9066738353835212,0.3333333333333333,openalex_pure_math_1000
W4405222927,post_ai,2024,Mathematics,33,4.0,0.4848484848484848,3.5263605246161616,0.2424242424242424,0.8374830852503383,0.7575757575757576,1.521267045121281,0.88733125816692,0.2424242424242424,openalex_pure_math_1000
W4405281213,post_ai,2024,Mathematics,3,11.0,0.0,1.0986122886681098,0.6666666666666666,0.9782608695652174,1.0,-0.0,0.8631458679835001,0.6666666666666666,openalex_pure_math_1000
W4405283459,post_ai,2024,Mathematics,5,7.0,0.4,2.5649493574615367,0.2,0.984112676056338,0.2,0.5004024235381879,0.9085922598838806,0.2,openalex_pure_math_1000
W4405349601,post_ai,2024,Mathematics,18,11.0,0.1666666666666666,3.005633587202081,0.2222222222222222,0.5006711409395973,0.2222222222222222,0.6546695645285008,0.9060164027743868,0.2222222222222222,openalex_pure_math_1000
W4405433443,post_ai,2026,Mathematics,12,9.0,0.25,3.330927370272656,0.25,0.7807058823529411,0.0,-0.0,0.8871550559997559,0.25,openalex_pure_math_1000
W4405446035,post_ai,2024,Mathematics,11,1.0,0.6363636363636364,1.9459101490553128,0.6363636363636364,0.9584120982986768,0.0,-0.0,0.9057363759387624,0.5454545454545454,openalex_pure_math_1000
W4405511862,post_ai,2024,Mathematics,11,11.0,0.0,3.688879454113936,0.0909090909090909,0.8909714889123548,0.1818181818181818,0.6001660731596457,0.9074390855702488,0.0909090909090909,openalex_pure_math_1000
W4405637065,post_ai,2024,Mathematics,10,20.0,0.0,3.806168418583873,0.2,0.4107241569928137,0.0,-0.0,0.8935406088829041,0.1,openalex_pure_math_1000
W4405652386,post_ai,2024,Mathematics,35,8.0,0.1714285714285714,2.833213344056216,0.2571428571428571,0.9513441878076486,0.8571428571428571,1.26366215807761,0.8655035035950797,0.2285714285714285,openalex_pure_math_1000
W4405736501,post_ai,2024,Mathematics,14,9.0,0.2142857142857142,3.431901695726477,0.3571428571428571,0.5544217687074829,0.4285714285714285,0.6829081047004717,0.8702009149960109,0.3571428571428571,openalex_pure_math_1000
W4405737174,post_ai,2024,Mathematics,4,2.5,0.5,1.0986122886681098,0.75,0.9726027397260274,0.0,-0.0,0.921410709619522,0.75,openalex_pure_math_1000
W4405794759,post_ai,2024,Mathematics,13,19.0,0.2307692307692307,3.044522437723423,0.3076923076923077,0.8526383526383526,0.1538461538461538,0.5359610497090694,0.8698362112045288,0.3076923076923077,openalex_pure_math_1000
W4405795863,post_ai,2024,Mathematics,15,9.0,0.2,3.332204510175204,0.3333333333333333,0.5415094339622641,0.0666666666666666,0.2449300267946353,0.9183487693468728,0.3333333333333333,openalex_pure_math_1000
W4405820474,post_ai,2024,Mathematics,3,19.0,0.0,4.61512051684126,0.0,0.7393258426966293,0.6666666666666666,0.6365141682948128,0.9049733678499856,0.0,openalex_pure_math_1000
W4405828530,post_ai,2024,Mathematics,4,28.5,0.0,4.948533492366602,0.0,0.6875,0.0,-0.0,0.8730031400918961,0.0,openalex_pure_math_1000
W4405909949,post_ai,2024,Mathematics,14,19.5,0.0,3.960041599526617,0.0714285714285714,0.5755627009646302,0.0714285714285714,0.2573186405438316,0.9243390773023876,0.0714285714285714,openalex_pure_math_1000
W4405967105,post_ai,2025,Mathematics,7,9.0,0.1428571428571428,3.258096538021482,0.1428571428571428,0.6300294406280668,0.0,-0.0,0.888979937349047,0.1428571428571428,openalex_pure_math_1000
W4406000827,post_ai,2025,Mathematics,2,7.0,0.0,2.6590599969221085,0.0,0.5925925925925926,0.0,-0.0,0.8397166728973389,0.0,openalex_pure_math_1000
W4406101610,post_ai,2025,Mathematics,16,1.5,0.9375,2.393745871391024,0.3125,0.3905579399141631,0.0,-0.0,0.9264441654086112,0.3125,openalex_pure_math_1000
W4406131356,post_ai,2025,Mathematics,15,12.0,0.1333333333333333,3.6375861597263857,0.3333333333333333,0.5311327831957989,0.1333333333333333,0.3926744672275521,0.8906750082969666,0.3333333333333333,openalex_pure_math_1000
W4406132881,post_ai,2025,Mathematics,7,5.0,0.2857142857142857,1.9459101490553128,0.7142857142857143,0.6,0.1428571428571428,0.410116318288409,0.8967634950365339,0.7142857142857143,openalex_pure_math_1000
W4406188493,post_ai,2025,Mathematics,65,5.0,0.4307692307692308,2.833213344056216,0.3538461538461538,0.5839739110179362,0.4923076923076923,0.8969052914648432,0.9076669692993165,0.3538461538461538,openalex_pure_math_1000
W4406226360,post_ai,2025,Mathematics,13,11.0,0.0769230769230769,2.302585092994046,0.2307692307692307,0.5099337748344371,0.0,-0.0,0.9454613282130316,0.2307692307692307,openalex_pure_math_1000
W4406247669,post_ai,2025,Mathematics,63,6.0,0.238095238095238,4.624972813284271,0.0634920634920634,0.5543446070011254,0.8888888888888888,0.4284570084364042,0.8997515080467103,0.0634920634920634,openalex_pure_math_1000
W4406266784,post_ai,2025,Mathematics,4,10.5,0.0,3.7494348669884654,0.25,0.4161073825503356,0.0,-0.0,0.8912974447011948,0.25,openalex_pure_math_1000
W4406270317,post_ai,2025,Mathematics,19,6.0,0.3684210526315789,2.772588722239781,0.3157894736842105,0.8173314507589128,0.5263157894736842,1.0280940565630374,0.9269216311605352,0.3157894736842105,openalex_pure_math_1000
W4406274219,post_ai,2025,Mathematics,26,12.0,0.0,3.838931750339105,0.1153846153846153,0.5705183898059658,0.0384615384615384,0.1630236294943659,0.9283297589192024,0.0769230769230769,openalex_pure_math_1000
W4406279651,post_ai,2025,Mathematics,11,18.0,0.1818181818181818,4.189654742026425,0.0909090909090909,0.7666405638214565,0.0,-0.0,0.9185928160494023,0.0909090909090909,openalex_pure_math_1000
W4406295304,post_ai,2025,Mathematics,20,4.0,0.45,2.5649493574615367,0.25,0.6732673267326733,0.1,0.3943976914474427,0.9161097586154938,0.25,openalex_pure_math_1000
W4406346333,post_ai,2025,Mathematics,2,9.0,0.5,2.8366616335857464,0.5,1.0,0.0,-0.0,0.92375448346138,0.5,openalex_pure_math_1000
W4406405881,post_ai,2025,Mathematics,10,11.0,0.1,4.11608711819197,0.1,0.2835394862036156,0.6,0.9433483923290392,0.8774760603904724,0.1,openalex_pure_math_1000
W4406418670,post_ai,2025,Mathematics,5,12.0,0.2,4.8283137373023015,0.2,0.9895713509208812,1.0,1.0549201679861442,0.8320784449577332,0.2,openalex_pure_math_1000
W4406465139,post_ai,2025,Mathematics,9,13.0,0.3333333333333333,3.4339872044851463,0.3333333333333333,0.4979633401221996,0.0,-0.0,0.9035497970051236,0.3333333333333333,openalex_pure_math_1000
W4406595386,post_ai,2024,Mathematics,12,1.5,0.8333333333333334,1.9356005054539451,0.5833333333333334,0.7510729613733905,0.25,0.7214636866925115,0.8930793603261312,0.5,openalex_pure_math_1000
W4406609487,post_ai,2025,Mathematics,6,4.0,0.3333333333333333,1.354025100551105,1.0,0.2941176470588235,0.0,-0.0,0.9076387186845144,1.0,openalex_pure_math_1000
W4406623220,post_ai,2024,Mathematics,7,34.0,0.0,4.919980925828125,0.1428571428571428,0.3343108504398827,0.2857142857142857,0.7963116401738131,0.9113216314996992,0.1428571428571428,openalex_pure_math_1000
W4406624589,post_ai,2025,Mathematics,10,10.5,0.3,3.039966597547795,0.3,0.2661870503597122,0.1,0.3250829733914482,0.8490442156791687,0.3,openalex_pure_math_1000
W4406725321,post_ai,2025,Mathematics,3,12.0,0.0,2.5649493574615367,0.3333333333333333,0.5714285714285714,0.3333333333333333,0.6365141682948128,0.9050023357073466,0.3333333333333333,openalex_pure_math_1000
W4406748907,post_ai,2025,Mathematics,39,7.0,0.2307692307692307,4.430816798843313,0.1025641025641025,0.9605826071624116,0.9743589743589745,1.388329249673749,0.795311872775738,0.0,openalex_pure_math_1000
W4406756541,post_ai,2025,Mathematics,11,20.0,0.0,5.003946305945459,0.0909090909090909,0.6431516262024737,0.0,-0.0,0.899618002501401,0.0909090909090909,openalex_pure_math_1000
W4406808256,post_ai,2025,Mathematics,7,9.0,0.4285714285714285,2.3978952727983707,0.1428571428571428,0.483695652173913,0.0,-0.0,0.8957092251096453,0.1428571428571428,openalex_pure_math_1000
W4406848962,post_ai,2025,Mathematics,8,18.0,0.25,3.128833793941319,0.375,0.4862068965517241,0.125,0.3767701612564367,0.9043395593762398,0.375,openalex_pure_math_1000
W4406946731,post_ai,2025,Mathematics,3,10.0,0.0,3.044522437723423,0.3333333333333333,0.6623376623376623,0.0,-0.0,0.9426954388618468,0.3333333333333333,openalex_pure_math_1000
W4407226742,post_ai,2023,Mathematics,6,18.5,0.3333333333333333,2.302585092994046,0.3333333333333333,0.6615853658536586,0.5,0.6931471805599453,0.9022931655248008,0.3333333333333333,openalex_pure_math_1000
W4407263764,post_ai,2025,Mathematics,12,7.0,0.25,2.8762863194128165,0.25,0.7118959107806692,0.0,-0.0,0.935676172375679,0.25,openalex_pure_math_1000
W4407289908,post_ai,2025,Mathematics,32,8.5,0.25,3.677500960552628,0.15625,0.6673741661613098,0.78125,1.9049015275354395,0.8151242304593325,0.09375,openalex_pure_math_1000
W4407297314,post_ai,2025,Mathematics,7,12.0,0.0,3.332204510175204,0.0,0.8410104011887073,0.1428571428571428,0.410116318288409,0.9077409846442086,0.0,openalex_pure_math_1000
W4407341834,post_ai,2025,Mathematics,8,16.5,0.375,1.791759469228055,0.5,0.957137796670209,0.0,-0.0,0.9249342679977416,0.5,openalex_pure_math_1000
W4407392568,post_ai,2025,Mathematics,5,17.0,0.2,4.48863636973214,0.2,0.6518883415435139,0.2,0.5004024235381879,0.9162831664085388,0.2,openalex_pure_math_1000
W4407394371,post_ai,2025,Mathematics,8,24.0,0.0,5.184097968342465,0.25,0.3641975308641975,0.125,0.3767701612564367,0.9029117226600648,0.25,openalex_pure_math_1000
W4407555254,post_ai,2025,Mathematics,18,15.5,0.0,3.540433948345391,0.2777777777777778,0.7478118161925602,0.0555555555555555,0.2145591551764051,0.8872119386990865,0.2777777777777778,openalex_pure_math_1000
W4407664492,post_ai,2025,Mathematics,12,1.0,0.75,2.138333059508028,0.5,0.935201401050788,0.0833333333333333,0.2868359830561607,0.9450336545705796,0.5,openalex_pure_math_1000
W4407679641,post_ai,2025,Mathematics,18,7.0,0.1111111111111111,2.596478425445105,0.2777777777777778,0.7509803921568627,0.0,-0.0,0.9055812226401436,0.2777777777777778,openalex_pure_math_1000
W4407757626,post_ai,2025,Mathematics,17,13.0,0.1176470588235294,3.332204510175204,0.0588235294117647,0.9079152731326644,0.1764705882352941,0.5783252866601273,0.8700458197032704,0.0588235294117647,openalex_pure_math_1000
W4407767182,post_ai,2025,Mathematics,11,9.0,0.1818181818181818,3.4657359027997265,0.0,0.7338444687842278,0.3636363636363636,0.6554817739013927,0.895402810790322,0.0,openalex_pure_math_1000
W4407772295,post_ai,2025,Mathematics,11,6.0,0.3636363636363636,3.218875824868201,0.1818181818181818,0.3861003861003861,0.0,-0.0,0.938457272269509,0.1818181818181818,openalex_pure_math_1000
W4407843560,post_ai,2025,Mathematics,8,13.5,0.125,4.3400810098471885,0.125,0.3995381062355658,0.0,-0.0,0.8849368020892143,0.125,openalex_pure_math_1000
W4407907149,post_ai,2025,Mathematics,5,24.0,0.0,4.934473933130692,0.0,0.5242195909580194,0.0,-0.0,0.8963752508163452,0.0,openalex_pure_math_1000
W4407909476,post_ai,2025,Mathematics,17,11.0,0.1176470588235294,3.6375861597263857,0.0588235294117647,0.7869443331998398,0.0,-0.0,0.908013238626368,0.0588235294117647,openalex_pure_math_1000
W4407982348,post_ai,2025,Mathematics,4,3.0,0.5,2.0871936349478184,0.5,0.9735973597359736,0.0,-0.0,0.872838482260704,0.5,openalex_pure_math_1000
W4408074479,post_ai,2025,Mathematics,24,11.5,0.0,3.569433499972762,0.0416666666666666,0.4062727935813275,0.0,-0.0,0.8993399813771248,0.0416666666666666,openalex_pure_math_1000
W4408105861,post_ai,2025,Mathematics,9,9.0,0.1111111111111111,2.9444389791664403,0.4444444444444444,0.808316430020284,0.4444444444444444,0.936888307539016,0.9139958686298796,0.4444444444444444,openalex_pure_math_1000
W4408249433,post_ai,2024,Mathematics,2,15.0,0.5,1.2424533248940002,1.0,0.6,0.5,0.6931471805599453,0.8641645312309265,1.0,openalex_pure_math_1000
W4408277454,post_ai,2025,Mathematics,13,21.0,0.0769230769230769,2.833213344056216,0.1538461538461538,0.8223684210526315,0.0,-0.0,0.8937911299558786,0.1538461538461538,openalex_pure_math_1000
W4408378058,post_ai,2025,Mathematics,10,12.0,0.1,4.189539944643301,0.3,0.4476744186046512,0.6,0.9433483923290392,0.8712212383747101,0.2,openalex_pure_math_1000
W4408388190,post_ai,2025,Mathematics,23,10.0,0.1304347826086956,3.737669618283368,0.217391304347826,0.7560349255264509,0.2608695652173913,0.5739644913933235,0.8848135600919309,0.217391304347826,openalex_pure_math_1000
W4408427640,post_ai,2025,Mathematics,12,9.0,0.3333333333333333,3.308701488987239,0.4166666666666667,0.5747663551401869,0.0,-0.0,0.8988218853871027,0.3333333333333333,openalex_pure_math_1000
W4408522542,post_ai,2025,Mathematics,4,52.0,0.0,3.77847528600645,0.0,0.5042016806722689,0.0,-0.0,0.9564293175935744,0.0,openalex_pure_math_1000
W4408552159,post_ai,2025,Mathematics,19,15.0,0.0526315789473684,3.9889840465642745,0.0526315789473684,0.4069845533915379,0.1052631578947368,0.4094586186950892,0.8936992915053117,0.0526315789473684,openalex_pure_math_1000
W4408564224,post_ai,2025,Mathematics,58,8.0,0.1896551724137931,4.023914678728921,0.1206896551724138,0.7511168100595632,0.8620689655172413,1.3323042530208924,0.8468394084223385,0.1206896551724138,openalex_pure_math_1000
W4408591669,post_ai,2025,Mathematics,12,3.0,0.6666666666666666,1.4978661367769954,0.5833333333333334,0.5970149253731343,0.0833333333333333,0.2868359830561607,0.9206265012423196,0.5833333333333334,openalex_pure_math_1000
W4408647200,post_ai,2025,Mathematics,10,10.0,0.1,3.688566856416977,0.1,0.2162162162162162,0.0,-0.0,0.9104405343532562,0.1,openalex_pure_math_1000
W4408652153,post_ai,2025,Mathematics,9,1.0,0.8888888888888888,1.3862943611198906,1.0,0.28,0.1111111111111111,0.3488320958430319,0.8761584295166863,0.8888888888888888,openalex_pure_math_1000
W4408689483,post_ai,2025,Mathematics,14,6.5,0.2142857142857142,2.6287476860138907,0.4285714285714285,0.6067415730337079,0.0,-0.0,0.8980181430067334,0.4285714285714285,openalex_pure_math_1000
W4408701523,post_ai,2025,Mathematics,8,2.5,0.625,0.8958797346140275,0.875,0.4545454545454545,0.5,0.6931471805599453,0.8512241318821907,0.625,openalex_pure_math_1000
W4408730707,post_ai,2025,Mathematics,11,9.0,0.2727272727272727,3.367295829986474,0.2727272727272727,0.675,0.4545454545454545,0.9164648855394713,0.9102784341031854,0.2727272727272727,openalex_pure_math_1000
W4408763390,post_ai,2025,Mathematics,4,44.0,0.0,2.5184763012068148,0.5,0.8280254777070064,0.0,-0.0,0.8773844093084335,0.5,openalex_pure_math_1000
W4408775062,post_ai,2025,Mathematics,7,7.0,0.4285714285714285,3.610917912644224,0.1428571428571428,0.4191419141914191,0.5714285714285714,1.277034259466139,0.7979338679994855,0.1428571428571428,openalex_pure_math_1000
W4408844656,post_ai,2025,Mathematics,4,21.5,0.0,5.008631283397486,0.0,0.611957796014068,0.0,-0.0,0.8991791009902954,0.0,openalex_pure_math_1000
W4408859618,post_ai,2025,Mathematics,2,24.0,0.0,4.643650706556155,0.0,0.5721153846153846,0.5,0.6931471805599453,0.8617245852947235,0.0,openalex_pure_math_1000
W4408905364,post_ai,2025,Mathematics,12,17.0,0.1666666666666666,3.4376160436382888,0.3333333333333333,0.8611393692777213,0.0,-0.0,0.8896670689185461,0.3333333333333333,openalex_pure_math_1000
W4409052909,post_ai,2025,Mathematics,39,9.0,0.0769230769230769,4.02535169073515,0.0256410256410256,0.5816751503933364,1.0,0.9585549329440584,0.9202123284339904,0.0256410256410256,openalex_pure_math_1000
W4409058951,post_ai,2025,Mathematics,11,7.0,0.2727272727272727,3.1780538303479458,0.2727272727272727,0.8932419196865817,0.0,-0.0,0.905753493309021,0.2727272727272727,openalex_pure_math_1000
W4409058955,post_ai,2025,Mathematics,14,11.0,0.0714285714285714,3.337280695907213,0.0714285714285714,0.9148237979740332,0.2857142857142857,0.5982695885852573,0.8642290490014213,0.0714285714285714,openalex_pure_math_1000
W4409151190,post_ai,2025,Mathematics,5,46.0,0.0,6.958448393297656,0.0,0.4234407848633497,0.6,1.0549201679861442,0.8669095635414124,0.0,openalex_pure_math_1000
W4409213893,post_ai,2025,Mathematics,2,14.5,0.0,2.372466064181625,0.5,0.8461538461538461,0.0,-0.0,0.9650882482528688,0.5,openalex_pure_math_1000
W4409313278,post_ai,2025,Mathematics,14,11.0,0.2857142857142857,3.672359527074837,0.0714285714285714,0.5676691729323309,0.6428571428571429,1.1973401339967784,0.8642860906464713,0.0714285714285714,openalex_pure_math_1000
W4409359572,post_ai,2025,Mathematics,65,10.0,0.1076923076923077,4.406719247264253,0.0615384615384615,0.7326559826821689,1.0,0.4504607004401441,0.9151926196538483,0.0615384615384615,openalex_pure_math_1000
W4409504118,post_ai,2025,Mathematics,5,7.0,0.0,3.8501476017100575,0.4,0.6459016393442623,0.2,0.5004024235381879,0.8244112968444824,0.2,openalex_pure_math_1000
W4409515252,post_ai,2025,Mathematics,5,21.0,0.2,4.553876891600541,0.2,0.7349397590361446,0.4,0.6730116670092565,0.8698075890541077,0.2,openalex_pure_math_1000
W4409544835,post_ai,2024,Mathematics,9,12.0,0.1111111111111111,3.4339872044851463,0.0,0.3376,0.8888888888888888,0.3488320958430319,0.9154686530431112,0.0,openalex_pure_math_1000
W4409681885,post_ai,2025,Mathematics,5,2.0,0.8,3.555348061489413,0.2,0.5617529880478087,0.4,0.9502705392332348,0.88584223985672,0.2,openalex_pure_math_1000
W4409697622,post_ai,2025,Mathematics,13,16.0,0.0769230769230769,4.02535169073515,0.0769230769230769,0.7053701015965167,0.3076923076923077,0.7902679680745903,0.8751636926944439,0.0769230769230769,openalex_pure_math_1000
W4409727551,post_ai,2025,Mathematics,19,7.0,0.2631578947368421,4.74493212836325,0.0526315789473684,0.3943326271186441,0.2631578947368421,0.708018976056273,0.8753977104237205,0.0526315789473684,openalex_pure_math_1000
W4409772361,post_ai,2025,Mathematics,12,13.5,0.0833333333333333,3.349750170080839,0.3333333333333333,0.844743935309973,0.1666666666666666,0.5660857389596289,0.919469028711319,0.3333333333333333,openalex_pure_math_1000
W4409774091,post_ai,2024,Mathematics,7,8.0,0.1428571428571428,2.5649493574615367,0.4285714285714285,0.3476070528967254,0.0,-0.0,0.9198582683290754,0.4285714285714285,openalex_pure_math_1000
W4409908772,post_ai,2025,Mathematics,28,7.5,0.2142857142857142,3.039966597547795,0.25,0.7228652544223629,0.0,-0.0,0.9152833542653492,0.25,openalex_pure_math_1000
W4409994637,post_ai,2025,Mathematics,31,3.0,0.6774193548387096,2.995732273553991,0.1612903225806451,0.978600354033803,0.6774193548387096,1.6441425018022011,0.8479894476552163,0.1290322580645161,openalex_pure_math_1000
W4410003077,post_ai,2025,Mathematics,8,8.0,0.125,2.171902710926842,0.5,0.6575079872204472,0.0,-0.0,0.9399005249142648,0.5,openalex_pure_math_1000
W4410057402,post_ai,2025,Mathematics,4,46.5,0.0,4.214290266529817,0.25,0.7675675675675676,0.0,-0.0,0.925588309764862,0.25,openalex_pure_math_1000
W4410077854,post_ai,2025,Mathematics,24,6.0,0.25,3.767381328518769,0.0416666666666666,0.6772241992882563,0.7916666666666666,0.5117400734174093,0.9063258767127992,0.0416666666666666,openalex_pure_math_1000
W4410109100,post_ai,2025,Mathematics,49,11.0,0.1020408163265306,4.564348191467836,0.0408163265306122,0.5859812279342117,0.6122448979591837,1.2110744932833382,0.9132279656371292,0.0408163265306122,openalex_pure_math_1000
W4410124544,post_ai,2025,Mathematics,7,16.0,0.2857142857142857,4.477336814478207,0.2857142857142857,0.8041719880800341,0.0,-0.0,0.8959201404026577,0.2857142857142857,openalex_pure_math_1000
W4410159114,post_ai,2025,Mathematics,11,12.0,0.0909090909090909,3.4657359027997265,0.0909090909090909,0.4943639291465378,0.0909090909090909,0.3046360973492381,0.9062161120501432,0.0909090909090909,openalex_pure_math_1000
W4410178543,post_ai,2025,Mathematics,11,15.0,0.0,3.4011973816621555,0.3636363636363636,0.7118367346938775,0.0909090909090909,0.3046360973492381,0.9017329974607988,0.3636363636363636,openalex_pure_math_1000
W4410191719,post_ai,2025,Mathematics,8,20.5,0.125,4.216035468999701,0.25,0.8975602994177987,0.75,0.9002560512685369,0.9013614133000374,0.25,openalex_pure_math_1000
W4410193651,post_ai,2025,Mathematics,17,5.0,0.3529411764705882,2.6390573296152584,0.4117647058823529,0.8685276902296263,0.8235294117647058,1.8438614379613667,0.8547464959761676,0.3529411764705882,openalex_pure_math_1000
W4410198919,post_ai,2025,Mathematics,23,3.0,0.5217391304347826,3.295836866004329,0.1739130434782608,0.7169147063530165,0.4347826086956521,0.6846162778013047,0.8405128095460974,0.1739130434782608,openalex_pure_math_1000
W4410293558,post_ai,2025,Mathematics,7,9.0,0.2857142857142857,2.4849066497880004,0.2857142857142857,0.3378995433789954,0.0,-0.0,0.9314341970852444,0.2857142857142857,openalex_pure_math_1000
W4410304764,post_ai,2024,Mathematics,11,8.0,0.1818181818181818,3.332204510175204,0.2727272727272727,0.7449664429530202,0.4545454545454545,0.9949236325717752,0.8605175614356995,0.2727272727272727,openalex_pure_math_1000
W4410330964,post_ai,2025,Mathematics,3,11.0,0.0,3.4011973816621555,0.0,0.4324324324324324,0.3333333333333333,0.6365141682948128,0.8887747327486674,0.0,openalex_pure_math_1000
W4410333985,post_ai,2025,Mathematics,5,19.0,0.0,4.3694478524670215,0.2,0.9537931034482758,0.0,-0.0,0.926927387714386,0.2,openalex_pure_math_1000
W4410435858,post_ai,2025,Mathematics,14,10.0,0.1428571428571428,3.561433329299541,0.3571428571428571,0.5294797687861271,0.1428571428571428,0.509137344082687,0.9200498759746552,0.3571428571428571,openalex_pure_math_1000
W4410505389,post_ai,2025,Mathematics,13,15.0,0.2307692307692307,4.477336814478207,0.2307692307692307,0.5226027397260274,0.0769230769230769,0.2711893730418441,0.8985681121165936,0.2307692307692307,openalex_pure_math_1000
W4410505413,post_ai,2025,Mathematics,5,6.0,0.0,2.9444389791664403,0.0,0.6506024096385542,0.0,-0.0,0.9358673930168152,0.0,openalex_pure_math_1000
W4410506649,post_ai,2024,Mathematics,20,11.0,0.25,2.764714543755712,0.45,0.4290502793296089,0.0,-0.0,0.9277452200651168,0.45,openalex_pure_math_1000
W4410535144,post_ai,2025,Mathematics,3,37.0,0.0,3.295836866004329,0.3333333333333333,0.5517241379310345,0.3333333333333333,0.6365141682948128,0.906431217988332,0.3333333333333333,openalex_pure_math_1000
W4410539295,post_ai,2025,Mathematics,6,4.0,0.5,1.791759469228055,0.5,0.6037735849056604,0.0,-0.0,0.8968958655993143,0.5,openalex_pure_math_1000
W4410584584,post_ai,2025,Mathematics,20,13.0,0.2,3.6017027605415475,0.4,0.5378649635036497,0.1,0.3250829733914482,0.8870908856391907,0.4,openalex_pure_math_1000
W4410606532,post_ai,2024,Mathematics,6,23.0,0.0,4.733304586861109,0.1666666666666666,0.3770197486535009,0.3333333333333333,0.8675632284814612,0.8780836363633474,0.1666666666666666,openalex_pure_math_1000
W4410643226,post_ai,2025,Mathematics,7,9.0,0.1428571428571428,4.969813299576001,0.1428571428571428,0.7123931623931624,0.7142857142857143,0.9556998911125344,0.8519525272505624,0.1428571428571428,openalex_pure_math_1000
W4410705535,post_ai,2025,Mathematics,25,12.0,0.12,4.30406509320417,0.08,0.8193092458516645,0.6,1.712287255903416,0.8555990076065063,0.08,openalex_pure_math_1000
W4410774175,post_ai,2025,Mathematics,29,20.0,0.1034482758620689,5.659482215759621,0.1034482758620689,0.7857515874877958,0.9310344827586208,0.719071754348727,0.8362887542823265,0.1034482758620689,openalex_pure_math_1000
W4410800031,post_ai,2025,Mathematics,18,7.5,0.2222222222222222,3.433466642230941,0.1666666666666666,0.6597454789015406,0.6111111111111112,1.035016633484322,0.8298813998699188,0.1666666666666666,openalex_pure_math_1000
W4410875486,post_ai,2025,Mathematics,23,19.0,0.0434782608695652,4.962844630259907,0.0869565217391304,0.5784883720930233,0.3478260869565217,0.9019590058464766,0.882721255654874,0.0869565217391304,openalex_pure_math_1000
W4410902982,post_ai,2025,Mathematics,12,4.0,0.4166666666666667,1.9944920232821373,0.5,0.9051512673753066,0.0833333333333333,0.2868359830561607,0.9200246085723242,0.5,openalex_pure_math_1000
W4411040263,post_ai,2025,Mathematics,15,8.0,0.2666666666666666,3.5263605246161616,0.0,0.3926218708827404,0.0,-0.0,0.9272067666053772,0.0,openalex_pure_math_1000
W4411053920,post_ai,2025,Mathematics,34,18.0,0.1470588235294117,4.050838873727286,0.2058823529411764,0.4579329739864073,0.088235294117647,0.3545988275526489,0.9109452454482808,0.2058823529411764,openalex_pure_math_1000
W4411081223,post_ai,2025,Mathematics,13,27.0,0.2307692307692307,2.8903717578961645,0.2307692307692307,0.7973462002412546,0.7692307692307693,1.5857708352080968,0.8450040633861835,0.2307692307692307,openalex_pure_math_1000
W4411090208,post_ai,2025,Mathematics,17,18.0,0.2352941176470588,3.737669618283368,0.2941176470588235,0.5018018018018018,0.0,-0.0,0.9022237062454224,0.2941176470588235,openalex_pure_math_1000
W4411149956,post_ai,2025,Mathematics,5,22.0,0.0,4.6443908991413725,0.0,0.4322916666666667,0.6,1.3321790402101223,0.8953022360801697,0.0,openalex_pure_math_1000
W4411263344,post_ai,2025,Mathematics,8,5.0,0.25,2.6020033435383976,0.375,0.4180327868852459,0.25,0.7356219397587946,0.7799391970038414,0.25,openalex_pure_math_1000
W4411497800,post_ai,2025,Mathematics,5,6.0,0.4,1.6094379124341005,0.8,0.9887869520897044,0.2,0.5004024235381879,0.9559024214744568,0.8,openalex_pure_math_1000
W4411501969,post_ai,2025,Mathematics,2,22.5,0.0,3.1345481418531307,0.0,0.8245614035087719,0.0,-0.0,0.9181122481822968,0.0,openalex_pure_math_1000
W4411625091,post_ai,2025,Mathematics,16,18.0,0.125,3.802696182407467,0.1875,0.4191033138401559,0.0,-0.0,0.8870038092136383,0.1875,openalex_pure_math_1000
W4411644109,post_ai,2025,Mathematics,8,6.0,0.375,1.1512925464970227,0.875,0.9210526315789472,0.0,-0.0,0.9143115729093552,0.875,openalex_pure_math_1000
W4411718369,post_ai,2025,Mathematics,9,16.0,0.0,2.6390573296152584,0.4444444444444444,0.3345724907063197,0.8888888888888888,1.2148896539491203,0.8574128217167325,0.4444444444444444,openalex_pure_math_1000
W4411768557,post_ai,2025,Mathematics,6,8.0,0.3333333333333333,3.4858343023628957,0.0,0.4454545454545454,0.0,-0.0,0.9001612563927969,0.0,openalex_pure_math_1000
W4411964060,post_ai,2025,Mathematics,12,14.0,0.0,6.445561064026252,0.0,0.5983400593923703,0.5833333333333334,1.236684869140504,0.8551739056905111,0.0,openalex_pure_math_1000
W4412024114,post_ai,2025,Mathematics,2,9.5,0.0,1.545521226679158,0.5,0.9090909090909092,0.0,-0.0,0.9250882267951964,0.5,openalex_pure_math_1000
W4412086732,post_ai,2025,Mathematics,13,11.0,0.1538461538461538,2.70805020110221,0.3846153846153846,0.9179734620024126,0.1538461538461538,0.4293230219306162,0.8823213210472693,0.3846153846153846,openalex_pure_math_1000
W4412153781,post_ai,2025,Mathematics,8,4.5,0.25,1.868834809141684,0.75,0.3623188405797101,1.0,0.3767701612564367,0.8878940716385841,0.75,openalex_pure_math_1000
W4412172606,post_ai,2025,Mathematics,18,4.0,0.4444444444444444,1.791759469228055,0.7222222222222222,0.6918604651162791,0.7777777777777778,0.8486855577264172,0.9120148022969564,0.7222222222222222,openalex_pure_math_1000
W4412178402,post_ai,2025,Mathematics,15,6.0,0.2666666666666666,1.791759469228055,0.6666666666666666,0.375,0.2,0.6277052571971504,0.9509308139483134,0.6666666666666666,openalex_pure_math_1000
W4412475992,post_ai,2025,Mathematics,12,16.5,0.1666666666666666,4.113420445204289,0.1666666666666666,0.8244631185807656,0.6666666666666666,1.4735023850806486,0.8402331421772639,0.1666666666666666,openalex_pure_math_1000
W4412553912,post_ai,2025,Mathematics,6,6.0,0.1666666666666666,1.3862943611198906,1.0,0.25,0.0,-0.0,0.9182040592034658,1.0,openalex_pure_math_1000
W4412653221,post_ai,2025,Mathematics,69,18.0,0.072463768115942,3.610917912644224,0.144927536231884,0.962007391289331,0.5797101449275363,1.605646892558524,0.8638777318208114,0.144927536231884,openalex_pure_math_1000
W4412700875,post_ai,2025,Mathematics,14,15.0,0.2857142857142857,3.194280702772815,0.3571428571428571,0.6939371804236669,0.0714285714285714,0.2573186405438316,0.8920954465866089,0.3571428571428571,openalex_pure_math_1000
W4412757615,post_ai,2025,Mathematics,14,10.0,0.3571428571428571,2.0715673631957663,0.5,0.6342412451361867,0.1428571428571428,0.410116318288409,0.9272790891783578,0.5,openalex_pure_math_1000
W4412882468,post_ai,2025,Mathematics,5,35.0,0.0,3.4339872044851463,0.4,0.9207011686143572,0.0,-0.0,0.8763518452644348,0.4,openalex_pure_math_1000
W4413083557,post_ai,2025,Mathematics,13,5.0,0.2307692307692307,3.091042453358316,0.2307692307692307,0.3620689655172414,0.0,-0.0,0.9417261985632088,0.2307692307692307,openalex_pure_math_1000
W4413097235,post_ai,2025,Mathematics,9,4.0,0.4444444444444444,1.791759469228055,0.6666666666666666,0.6545768566493955,0.3333333333333333,1.002718264517516,0.9139170712894864,0.6666666666666666,openalex_pure_math_1000
W4413104979,post_ai,2025,Mathematics,5,3.0,0.6,2.3978952727983707,0.2,0.98406015037594,0.0,-0.0,0.9230896949768066,0.2,openalex_pure_math_1000
W4413122996,post_ai,2025,Mathematics,1,23.0,0.0,0.0,1.0,,0.0,-0.0,0.9463945627212524,1.0,openalex_pure_math_1000
W4413154982,post_ai,2026,Mathematics,23,18.0,0.1304347826086956,3.555348061489413,0.2608695652173913,0.6011703110563598,0.0,-0.0,0.8942818641662598,0.2608695652173913,openalex_pure_math_1000
W4413186295,post_ai,2025,Mathematics,16,6.5,0.375,2.6020033435383976,0.4375,0.8920254057868737,0.0625,0.2337916587064593,0.9130041934549809,0.4375,openalex_pure_math_1000
W4413251029,post_ai,2025,Mathematics,8,15.0,0.375,3.260310563779348,0.5,0.3717472118959107,0.0,-0.0,0.9262999445199966,0.5,openalex_pure_math_1000
W4413268795,post_ai,2025,Mathematics,11,3.0,0.5454545454545454,2.302585092994046,0.4545454545454545,0.9921636917718764,0.1818181818181818,0.6001660731596457,0.9100732749158684,0.4545454545454545,openalex_pure_math_1000
W4413270990,post_ai,2025,Mathematics,23,17.0,0.1304347826086956,4.709530201312334,0.0869565217391304,0.5088936321593739,0.0869565217391304,0.2954391918721161,0.8681655215180438,0.0869565217391304,openalex_pure_math_1000
W4413305460,post_ai,2025,Mathematics,4,11.5,0.0,2.780340815507764,0.0,0.9946828712495251,0.25,0.5623351446188083,0.915276437997818,0.0,openalex_pure_math_1000
W4413315731,post_ai,2025,Mathematics,7,9.0,0.1428571428571428,4.330733340286331,0.1428571428571428,0.6200542005420054,0.2857142857142857,0.5982695885852573,0.8773361359323774,0.1428571428571428,openalex_pure_math_1000
W4413414171,post_ai,2025,Mathematics,16,21.0,0.1875,4.97556710300174,0.1875,0.334516765285996,0.0625,0.2337916587064593,0.8966241776943207,0.1875,openalex_pure_math_1000
W4413445512,post_ai,2025,Mathematics,10,13.5,0.0,3.449861553642436,0.1,0.3297746144721233,0.1,0.3250829733914482,0.9039984703063964,0.1,openalex_pure_math_1000
W4413783865,post_ai,2025,Mathematics,3,13.0,0.0,2.3978952727983707,0.3333333333333333,0.6904761904761905,0.0,-0.0,0.8868687550226847,0.3333333333333333,openalex_pure_math_1000
W4413803102,post_ai,2025,Mathematics,17,4.0,0.2352941176470588,2.6390573296152584,0.2352941176470588,0.4917355371900826,0.0,-0.0,0.9269327275893268,0.2352941176470588,openalex_pure_math_1000
W4413803774,post_ai,2025,Mathematics,20,16.5,0.05,3.41759229307365,0.2,0.4440191387559808,0.15,0.5875009311062073,0.8951401114463806,0.2,openalex_pure_math_1000
W4413832443,post_ai,2025,Mathematics,12,4.0,0.4166666666666667,2.5375869076169133,0.25,0.5660847880299252,0.0,-0.0,0.8632083882888159,0.25,openalex_pure_math_1000
W4413898896,post_ai,2025,Mathematics,7,8.0,0.1428571428571428,4.143134726391533,0.0,0.8548934108527132,0.5714285714285714,1.277034259466139,0.8143213391304016,0.0,openalex_pure_math_1000
W4413922955,post_ai,2025,Mathematics,58,7.5,0.2586206896551724,4.051747139190485,0.0172413793103448,0.710767921201435,0.7931034482758621,1.6848991419754134,0.8963270536784468,0.0172413793103448,openalex_pure_math_1000
W4413965758,post_ai,2025,Mathematics,7,7.0,0.1428571428571428,1.9459101490553128,0.5714285714285714,0.486097794822627,0.4285714285714285,0.6829081047004717,0.8738729868616376,0.5714285714285714,openalex_pure_math_1000
W4413965761,post_ai,2023,Mathematics,6,23.0,0.0,2.0715673631957663,0.5,0.8706422018348624,0.5,0.6931471805599453,0.925080507993698,0.5,openalex_pure_math_1000
W4413972866,post_ai,2024,Mathematics,12,5.5,0.4166666666666667,3.133600274270681,0.4166666666666667,0.4305949008498583,0.0,-0.0,0.926560953259468,0.4166666666666667,openalex_pure_math_1000
W4413982564,post_ai,2025,Mathematics,19,13.0,0.2105263157894736,3.295836866004329,0.1578947368421052,0.7028788701792504,0.0,-0.0,0.9023810593705428,0.1578947368421052,openalex_pure_math_1000
W4413991540,post_ai,2025,Mathematics,4,10.5,0.25,3.1345481418531307,0.25,0.6564885496183206,0.0,-0.0,0.9126461446285248,0.25,openalex_pure_math_1000
W4414019180,post_ai,2025,Mathematics,8,19.0,0.25,2.799210979499187,0.25,0.6015761821366025,0.125,0.3767701612564367,0.9226701185107232,0.25,openalex_pure_math_1000
W4414065454,post_ai,2025,Mathematics,23,1.0,0.782608695652174,1.0986122886681098,0.7391304347826086,0.907514450867052,0.0,-0.0,0.917975788531096,0.7391304347826086,openalex_pure_math_1000
W4414071858,post_ai,2025,Mathematics,13,33.0,0.0,3.4657359027997265,0.2307692307692307,0.8602941176470589,0.3846153846153846,1.072016968563193,0.91928624189817,0.2307692307692307,openalex_pure_math_1000
W4414209454,post_ai,2025,Mathematics,21,14.0,0.238095238095238,2.6390573296152584,0.2857142857142857,0.6677248677248677,0.0952380952380952,0.3805062184775959,0.883897948832739,0.2857142857142857,openalex_pure_math_1000
W4414267606,post_ai,2025,Mathematics,21,12.0,0.0476190476190476,3.5263605246161616,0.0952380952380952,0.5393258426966292,0.0,-0.0,0.9155326939764477,0.0952380952380952,openalex_pure_math_1000
W4414362685,post_ai,2025,Mathematics,12,8.5,0.25,2.931815587799049,0.4166666666666667,0.5540540540540541,0.0,-0.0,0.9022885859012604,0.4166666666666667,openalex_pure_math_1000
W4414378445,post_ai,2025,Mathematics,3,26.0,0.3333333333333333,5.198497031265826,0.3333333333333333,0.6943972835314092,0.0,-0.0,0.8888043761253357,0.3333333333333333,openalex_pure_math_1000
W4414406722,post_ai,2025,Mathematics,17,3.0,0.5294117647058824,2.19722457733622,0.4705882352941176,0.6628090478695423,0.0588235294117647,0.2237180760658337,0.897525710218093,0.4705882352941176,openalex_pure_math_1000
W4414409496,post_ai,2025,Mathematics,35,10.0,0.1428571428571428,3.610917912644224,0.1714285714285714,0.6580402010050251,0.0571428571428571,0.2586409321067323,0.889234163079943,0.1714285714285714,openalex_pure_math_1000
W4414472334,post_ai,2025,Mathematics,7,4.0,0.4285714285714285,3.1780538303479458,0.2857142857142857,0.8880597014925373,1.0,1.078992207877583,0.7681038635117667,0.0,openalex_pure_math_1000
W4414559986,post_ai,2025,Mathematics,16,5.0,0.3125,2.756714373082491,0.5,0.5756331279945243,0.0625,0.2337916587064593,0.914912447333336,0.5,openalex_pure_math_1000
W4414596590,post_ai,2025,Mathematics,38,9.5,0.2105263157894736,2.9444389791664403,0.2368421052631578,0.3447712418300653,0.0526315789473684,0.2061920506332318,0.9192040421460804,0.2368421052631578,openalex_pure_math_1000
W4414652295,post_ai,2025,Mathematics,8,17.0,0.25,2.2499048351651325,0.375,0.970028818443804,0.0,-0.0,0.8921525627374649,0.375,openalex_pure_math_1000
W4414664212,post_ai,2025,Mathematics,9,3.0,0.5555555555555556,2.9444389791664403,0.2222222222222222,0.8854616895874263,0.4444444444444444,0.936888307539016,0.9181792736053468,0.2222222222222222,openalex_pure_math_1000
W4414676999,post_ai,2025,Mathematics,9,9.0,0.0,3.610917912644224,0.1111111111111111,0.4447108181000899,0.1111111111111111,0.3488320958430319,0.8580334848827786,0.1111111111111111,openalex_pure_math_1000
W4414704828,post_ai,2025,Mathematics,27,20.0,0.1481481481481481,4.442651256490317,0.1851851851851851,0.9159130722977132,0.8888888888888888,1.0812402882884384,0.9055638158762896,0.1851851851851851,openalex_pure_math_1000
W4414822182,post_ai,2025,Mathematics,10,13.0,0.3,2.0715673631957663,0.5,0.8075313807531381,0.0,-0.0,0.9253419697284698,0.5,openalex_pure_math_1000
W4414873664,post_ai,2025,Mathematics,6,11.5,0.0,3.332204510175204,0.3333333333333333,0.7880116959064327,0.3333333333333333,0.6365141682948128,0.8688628474871317,0.3333333333333333,openalex_pure_math_1000
W4414891876,post_ai,2025,Mathematics,4,26.0,0.0,3.990695790790035,0.25,0.7177615571776156,0.75,1.3862943611198906,0.8307016938924789,0.25,openalex_pure_math_1000
W4414962835,post_ai,2025,Mathematics,15,5.0,0.4,3.091042453358316,0.3333333333333333,0.4254032258064516,0.0666666666666666,0.2449300267946353,0.9147007981936136,0.3333333333333333,openalex_pure_math_1000
W4415043018,post_ai,2025,Mathematics,2,2.5,0.5,2.11705325229863,0.5,1.0,0.5,0.6931471805599453,0.9203051328659058,0.5,openalex_pure_math_1000
W4415047536,post_ai,2025,Mathematics,8,30.0,0.25,4.344226900425383,0.25,0.737137916126243,0.375,1.0735428464085233,0.884991742670536,0.25,openalex_pure_math_1000
W4415075643,post_ai,2025,Mathematics,7,10.0,0.0,3.58351893845611,0.1428571428571428,0.3938679245283019,0.0,-0.0,0.9175043446677073,0.1428571428571428,openalex_pure_math_1000
W4415115063,post_ai,2025,Mathematics,9,19.0,0.0,3.610917912644224,0.0,0.4609800362976406,0.2222222222222222,0.5297061990576545,0.8890735838148329,0.0,openalex_pure_math_1000
W4415142790,post_ai,2026,Mathematics,5,2.0,0.6,1.6094379124341005,0.6,0.6923076923076923,0.4,0.9502705392332348,0.879687762260437,0.6,openalex_pure_math_1000
W4415175663,post_ai,2025,Mathematics,28,8.0,0.25,3.889942557535261,0.2142857142857142,0.6920881971465629,0.5714285714285714,0.9477158526012888,0.9138783748660768,0.2142857142857142,openalex_pure_math_1000
W4415237520,post_ai,2025,Mathematics,2,9.0,0.5,3.65727641616204,0.5,0.9986684420772304,0.5,0.6931471805599453,0.9039330780506134,0.5,openalex_pure_math_1000
W4415248340,post_ai,2026,Mathematics,15,9.0,0.3333333333333333,3.6635616461296463,0.4,0.8577981651376146,0.4,0.9276173343271816,0.8865871667861939,0.4,openalex_pure_math_1000
W4415296821,post_ai,2025,Mathematics,5,7.0,0.2,2.9444389791664403,0.4,0.9700272479564032,1.0,0.6730116670092565,0.8692610263824463,0.4,openalex_pure_math_1000
W4415328465,post_ai,2026,Mathematics,9,15.0,0.1111111111111111,3.4657359027997265,0.3333333333333333,0.28,0.0,-0.0,0.917746020687951,0.3333333333333333,openalex_pure_math_1000
W4415402610,post_ai,2025,Mathematics,16,5.0,0.25,2.8903717578961645,0.125,0.5892547660311959,0.0625,0.2337916587064593,0.9257479310035706,0.125,openalex_pure_math_1000
W4415586730,post_ai,2025,Mathematics,19,7.0,0.1578947368421052,3.970291913552122,0.1052631578947368,0.5264253017062006,0.0526315789473684,0.2061920506332318,0.9040815140071669,0.1052631578947368,openalex_pure_math_1000
W4415615369,post_ai,2025,Mathematics,23,15.0,0.0869565217391304,1.9459101490553128,0.5652173913043478,0.5855614973262032,0.0434782608695652,0.1788449127168475,0.9189947377080504,0.5652173913043478,openalex_pure_math_1000
W4415634244,post_ai,2025,Mathematics,8,26.5,0.125,4.19103025871237,0.25,0.4248210023866348,0.75,0.9002560512685369,0.891111932694912,0.25,openalex_pure_math_1000
W4415641896,post_ai,2025,Mathematics,4,4.5,0.5,1.8920948169591307,0.5,0.5555555555555556,0.0,-0.0,0.9208344519138336,0.5,openalex_pure_math_1000
W4415688789,post_ai,2025,Mathematics,26,9.0,0.1153846153846153,3.2769667020129054,0.1153846153846153,0.6812847436689314,0.0384615384615384,0.1630236294943659,0.909343632367941,0.1153846153846153,openalex_pure_math_1000
W4415759018,post_ai,2025,Mathematics,7,22.0,0.0,3.6635616461296463,0.1428571428571428,0.7434944237918215,0.0,-0.0,0.8995989220482963,0.1428571428571428,openalex_pure_math_1000
W4416064733,post_ai,2025,Mathematics,6,21.5,0.1666666666666666,3.312696184003978,0.3333333333333333,0.8430273300630694,0.3333333333333333,0.8675632284814612,0.9080831408500672,0.3333333333333333,openalex_pure_math_1000
W4416225390,post_ai,2025,Mathematics,9,1.0,0.5555555555555556,1.9459101490553128,0.5555555555555556,0.598705501618123,0.2222222222222222,0.5297061990576545,0.9239457779460484,0.5555555555555556,openalex_pure_math_1000
W4416287018,post_ai,2025,Mathematics,12,2.0,0.8333333333333334,3.131699131295812,0.3333333333333333,0.9748803827751196,0.0,-0.0,0.8829152335723242,0.3333333333333333,openalex_pure_math_1000
W4416381081,post_ai,2025,Mathematics,8,2.5,0.625,2.2386684072391034,0.5,0.3663366336633663,0.0,-0.0,0.8645947873592377,0.5,openalex_pure_math_1000
W4416388671,post_ai,2025,Mathematics,41,2.0,0.7317073170731707,3.4011973816621555,0.1707317073170731,0.9862700773349196,0.5853658536585366,1.043680196432225,0.8715422066246591,0.1707317073170731,openalex_pure_math_1000
W4416460191,post_ai,2025,Mathematics,16,6.5,0.1875,2.666359396632685,0.375,0.7004437869822485,0.0,-0.0,0.8893095143139362,0.375,openalex_pure_math_1000
W4416466399,post_ai,2025,Mathematics,40,10.5,0.2,4.094205654039516,0.125,0.6894246575342465,0.8,1.3893078079386598,0.8847916692495346,0.125,openalex_pure_math_1000
W4416579688,post_ai,2025,Mathematics,4,7.0,0.5,2.8762863194128165,0.25,0.93,0.0,-0.0,0.937536120414734,0.25,openalex_pure_math_1000
W4416633604,post_ai,2025,Mathematics,9,12.0,0.1111111111111111,3.4657359027997265,0.0,0.5859106529209622,0.0,-0.0,0.889209508895874,0.0,openalex_pure_math_1000
W4416684711,post_ai,2025,Mathematics,17,9.0,0.2941176470588235,2.772588722239781,0.4117647058823529,0.5974338412189254,0.1176470588235294,0.4437572842601484,0.8808648270719192,0.4117647058823529,openalex_pure_math_1000
W4416702544,post_ai,2025,Mathematics,5,19.0,0.0,3.784189633918261,0.2,0.4472049689440994,0.6,0.6730116670092565,0.8896820664405822,0.2,openalex_pure_math_1000
W4416715511,post_ai,2025,Mathematics,10,11.5,0.3,4.002683533658331,0.3,0.5615124153498872,0.0,-0.0,0.8934857189655304,0.3,openalex_pure_math_1000
W4416758661,post_ai,2025,Mathematics,9,15.0,0.1111111111111111,3.8501476017100575,0.1111111111111111,0.7038784067085954,0.1111111111111111,0.3488320958430319,0.913438512219323,0.1111111111111111,openalex_pure_math_1000
W4416801259,post_ai,2025,Mathematics,3,12.0,0.3333333333333333,4.31748811353631,0.0,0.5414634146341464,0.0,-0.0,0.9330750703811646,0.0,openalex_pure_math_1000
W4416867265,post_ai,2025,Mathematics,11,10.0,0.1818181818181818,2.079441541679836,0.5454545454545454,0.8190184049079755,0.0,-0.0,0.9325177344408904,0.5454545454545454,openalex_pure_math_1000
W4416907084,post_ai,2025,Mathematics,19,4.0,0.4736842105263157,3.044522437723423,0.2631578947368421,0.5985130111524164,0.9473684210526316,0.2061920506332318,0.8820874377300865,0.2631578947368421,openalex_pure_math_1000
W4416915540,post_ai,2025,Mathematics,23,32.0,0.0869565217391304,3.4339872044851463,0.217391304347826,0.7589498806682577,0.7391304347826086,0.9772300460661988,0.9039272432741912,0.217391304347826,openalex_pure_math_1000
W4417042300,post_ai,2025,Mathematics,12,22.0,0.25,2.8995463272302637,0.1666666666666666,0.9165284687672748,0.3333333333333333,0.6365141682948128,0.8766683290402094,0.0833333333333333,openalex_pure_math_1000
W4417164679,post_ai,2025,Mathematics,8,10.0,0.125,3.951243718581428,0.25,0.897585103287751,0.5,0.9743147528693494,0.8387447968125343,0.25,openalex_pure_math_1000
W4417183160,post_ai,2026,Mathematics,9,8.0,0.4444444444444444,4.31748811353631,0.3333333333333333,0.4072164948453608,0.4444444444444444,0.9950269901795212,0.8517200615670946,0.2222222222222222,openalex_pure_math_1000
W4417246017,post_ai,2025,Mathematics,11,16.0,0.0,3.7612001156935615,0.0909090909090909,0.572,0.0,-0.0,0.9137653274969622,0.0909090909090909,openalex_pure_math_1000
W4417275860,post_ai,2025,Mathematics,13,8.0,0.3846153846153846,2.4849066497880004,0.3846153846153846,0.8410446921085218,0.1538461538461538,0.4293230219306162,0.8647244893587552,0.3846153846153846,openalex_pure_math_1000
W4417299808,post_ai,2025,Mathematics,9,14.0,0.2222222222222222,4.418840607796598,0.3333333333333333,0.5447368421052632,0.0,-0.0,0.9004795087708367,0.3333333333333333,openalex_pure_math_1000
W4417315472,post_ai,2025,Mathematics,25,1.0,0.84,1.791759469228055,0.72,0.9119359534206696,0.32,1.105005501825005,0.8738377356529236,0.44,openalex_pure_math_1000
W4417429711,post_ai,2025,Mathematics,21,9.0,0.1904761904761904,4.68213122712422,0.0,0.705739299610895,0.4761904761904761,1.339268536577115,0.8348081424122765,0.0,openalex_pure_math_1000
W4417434740,post_ai,2025,Mathematics,11,10.0,0.2727272727272727,3.1354942159291497,0.3636363636363636,0.7912218268090154,0.2727272727272727,0.5859526183035508,0.8883906602859497,0.3636363636363636,openalex_pure_math_1000
W4417453900,post_ai,2025,Mathematics,9,9.5,0.2222222222222222,6.754604099487962,0.3333333333333333,0.3391525731951263,0.6666666666666666,0.936888307539016,0.805717753039466,0.2222222222222222,openalex_pure_math_1000
W4417502870,post_ai,2025,Mathematics,6,8.0,0.1666666666666666,2.109753852588053,0.5,0.5818181818181818,0.0,-0.0,0.9362921913464864,0.5,openalex_pure_math_1000
W4417516914,post_ai,2025,Mathematics,3,3.0,0.6666666666666666,1.3862943611198906,0.6666666666666666,0.9555555555555556,0.0,-0.0,0.8946065505345663,0.6666666666666666,openalex_pure_math_1000
W7106034990,post_ai,2025,Mathematics,14,8.5,0.2142857142857142,3.151309487872453,0.2142857142857142,0.6985815602836879,0.0714285714285714,0.2573186405438316,0.8921145115579877,0.2142857142857142,openalex_pure_math_1000
W7116834605,post_ai,2025,Mathematics,6,16.5,0.1666666666666666,1.90333124488516,0.5,0.5416666666666666,0.1666666666666666,0.4505612088663046,0.9176566004753112,0.5,openalex_pure_math_1000
W7116896467,post_ai,2025,Mathematics,9,19.0,0.4444444444444444,3.5263605246161616,0.4444444444444444,0.5397448478900884,0.0,-0.0,0.9110023975372314,0.4444444444444444,openalex_pure_math_1000
W7117471699,post_ai,2025,Mathematics,5,20.0,0.0,1.791759469228055,0.8,0.7073170731707317,0.2,0.5004024235381879,0.9192317962646483,0.8,openalex_pure_math_1000
W7117712725,post_ai,2025,Mathematics,11,15.0,0.1818181818181818,2.70805020110221,0.1818181818181818,0.7792869269949066,0.1818181818181818,0.6001660731596457,0.928666667504744,0.1818181818181818,openalex_pure_math_1000
W7120070192,post_ai,2026,Mathematics,11,4.0,0.4545454545454545,1.3862943611198906,0.5454545454545454,0.8484848484848485,0.0909090909090909,0.3046360973492381,0.933268048546531,0.5454545454545454,openalex_pure_math_1000
W7122365029,post_ai,2026,Mathematics,8,29.0,0.0,2.7647145437557112,0.25,0.2547169811320754,0.0,-0.0,0.9167820140719414,0.25,openalex_pure_math_1000
W7122670834,post_ai,2026,Mathematics,25,6.0,0.4,2.70805020110221,0.36,0.633399209486166,0.92,1.0531198827025503,0.9200499773025512,0.36,openalex_pure_math_1000
W7123363375,post_ai,2026,Mathematics,5,38.0,0.2,3.9889840465642745,0.0,0.7178378378378378,0.4,0.9502705392332348,0.8973883032798767,0.0,openalex_pure_math_1000
W7124465309,post_ai,2026,Mathematics,11,9.0,0.3636363636363636,2.833213344056216,0.3636363636363636,0.7304347826086957,0.0909090909090909,0.3046360973492381,0.9359090653332796,0.3636363636363636,openalex_pure_math_1000
W7124794638,post_ai,2025,Mathematics,14,22.0,0.1428571428571428,2.6735537653587342,0.2857142857142857,0.8310991957104558,0.1428571428571428,0.410116318288409,0.9128971014704024,0.2857142857142857,openalex_pure_math_1000
W7125137014,post_ai,2026,Mathematics,4,25.0,0.0,5.236385372936844,0.25,0.9502533394748964,0.25,0.5623351446188083,0.8450876921415329,0.25,openalex_pure_math_1000
W7125285502,post_ai,2026,Mathematics,22,18.5,0.0454545454545454,4.099869480315394,0.2272727272727272,0.6417452830188679,0.0454545454545454,0.1849073991677756,0.9070684882727535,0.2272727272727272,openalex_pure_math_1000
W7125395462,post_ai,2026,Mathematics,8,30.5,0.375,3.319937916913268,0.375,0.7027758970886933,0.125,0.3767701612564367,0.8670691698789597,0.375,openalex_pure_math_1000
W7125592903,post_ai,2026,Mathematics,19,3.0,0.5263157894736842,2.302585092994046,0.4210526315789473,0.5967246673490276,0.0,-0.0,0.9124190995567724,0.4210526315789473,openalex_pure_math_1000
W7125943761,post_ai,2025,Mathematics,10,19.0,0.1,2.84686606940135,0.2,0.5746268656716418,1.0,0.3250829733914482,0.8563735067844391,0.2,openalex_pure_math_1000
W7126030011,post_ai,2026,Mathematics,5,22.0,0.2,2.19722457733622,0.4,0.9550379198266522,0.0,-0.0,0.905674159526825,0.4,openalex_pure_math_1000
W7126202420,post_ai,2026,Mathematics,5,11.0,0.0,1.3862943611198906,0.8,0.7368421052631579,0.0,-0.0,0.9038065314292908,0.8,openalex_pure_math_1000
W7126234501,post_ai,2026,Mathematics,12,16.5,0.1666666666666666,3.80443531459563,0.1666666666666666,0.5261958997722096,0.0833333333333333,0.2868359830561607,0.8852263490358988,0.1666666666666666,openalex_pure_math_1000
W7126276777,post_ai,2026,Mathematics,10,15.0,0.0,3.475407384221292,0.2,0.4632390745501285,0.0,-0.0,0.8894602298736572,0.2,openalex_pure_math_1000
W7127382196,post_ai,2026,Mathematics,4,20.5,0.25,2.368099224197248,0.5,0.6039603960396039,0.0,-0.0,0.9337952584028244,0.5,openalex_pure_math_1000
W7127630621,post_ai,2026,Mathematics,4,10.5,0.0,3.236945348176137,0.25,0.8027210884353742,0.25,0.5623351446188083,0.9147578328847884,0.25,openalex_pure_math_1000
W7127983928,post_ai,2026,Mathematics,13,7.0,0.3076923076923077,3.332204510175204,0.3076923076923077,0.7029657089898054,0.3076923076923077,0.9371558530657008,0.8795075691663302,0.3076923076923077,openalex_pure_math_1000
W7128161315,post_ai,2026,Mathematics,32,3.5,0.5,3.043387363456153,0.21875,0.4695121951219512,1.0,0.1390607984547411,0.906810289248824,0.21875,openalex_pure_math_1000
W7128592981,post_ai,2025,Mathematics,9,6.0,0.0,2.70805020110221,0.1111111111111111,0.898700134468848,0.0,-0.0,0.9253246055708992,0.1111111111111111,openalex_pure_math_1000
W7128622138,post_ai,2026,Mathematics,29,10.0,0.2413793103448276,3.367295829986474,0.3103448275862069,0.6169993117687543,0.6551724137931034,1.2036667863039272,0.8980874994705463,0.3103448275862069,openalex_pure_math_1000
W7128628811,post_ai,2026,Mathematics,17,7.0,0.2941176470588235,4.143134726391533,0.0588235294117647,0.5172586293146574,0.6470588235294118,0.8463658296262874,0.9337694855297312,0.0588235294117647,openalex_pure_math_1000
W7128726386,post_ai,2025,Mathematics,13,17.0,0.0,3.044522437723423,0.1538461538461538,0.9056678557273088,0.2307692307692307,0.6870920273799715,0.8526009963108943,0.0769230769230769,openalex_pure_math_1000
W7128740415,post_ai,2025,Mathematics,18,3.0,0.5555555555555556,3.449861553642436,0.2222222222222222,0.731606827545615,0.0,-0.0,0.9261469907230802,0.2222222222222222,openalex_pure_math_1000
W7128743913,post_ai,2026,Mathematics,8,30.5,0.0,4.506614998854395,0.0,0.7915690866510539,0.125,0.3767701612564367,0.9049048647284508,0.0,openalex_pure_math_1000
W7128787643,post_ai,2026,Mathematics,7,15.0,0.0,2.4849066497880004,0.4285714285714285,0.8864406779661017,0.1428571428571428,0.410116318288409,0.9056559715952192,0.4285714285714285,openalex_pure_math_1000
W7130309568,post_ai,2026,Mathematics,18,13.5,0.2222222222222222,3.525927811477947,0.2777777777777778,0.7671140939597315,0.0555555555555555,0.2145591551764051,0.9105843901634216,0.2777777777777778,openalex_pure_math_1000
W7130350276,post_ai,2026,Mathematics,9,26.0,0.0,4.23410650459726,0.1111111111111111,0.2941927249521378,0.0,-0.0,0.9150138828489516,0.1111111111111111,openalex_pure_math_1000
W7130389179,post_ai,2026,Mathematics,12,16.5,0.1666666666666666,4.574019672889401,0.25,0.808921551871475,0.1666666666666666,0.5660857389596289,0.9260233789682388,0.25,openalex_pure_math_1000
W7130644250,post_ai,2026,Mathematics,6,16.5,0.0,3.222859909692789,0.3333333333333333,0.7209302325581395,0.1666666666666666,0.4505612088663046,0.9280628363291422,0.3333333333333333,openalex_pure_math_1000
W7131065592,post_ai,2026,Mathematics,6,7.5,0.0,2.2154083994216567,0.5,0.638095238095238,0.5,0.6931471805599453,0.9106939435005188,0.5,openalex_pure_math_1000
W7131620299,post_ai,2026,Mathematics,5,24.0,0.0,5.241747015059643,0.0,0.6555697823303457,0.6,1.0549201679861442,0.8418962359428406,0.0,openalex_pure_math_1000
W7131782729,post_ai,2026,Mathematics,10,19.0,0.1,2.1910133173369406,0.5,0.3414634146341463,0.1,0.3250829733914482,0.9376272976398468,0.5,openalex_pure_math_1000
W7131789900,post_ai,2026,Mathematics,5,24.0,0.2,3.1780538303479458,0.2,0.5276769509981851,0.0,-0.0,0.9169535756111143,0.2,openalex_pure_math_1000
W7133241908,post_ai,2026,Mathematics,12,7.0,0.3333333333333333,1.90333124488516,0.5,0.4608695652173913,0.1666666666666666,0.5660857389596289,0.8937140007813772,0.5,openalex_pure_math_1000
W7133293194,post_ai,2026,Mathematics,40,9.0,0.225,3.51054198214457,0.15,0.5413563308506468,1.0,-0.0,0.8712952628731727,0.15,openalex_pure_math_1000
W7133308730,post_ai,2026,Mathematics,11,9.0,0.2727272727272727,4.060443010546419,0.2727272727272727,0.4385692068429238,0.0,-0.0,0.900617079301314,0.2727272727272727,openalex_pure_math_1000
W7134125103,post_ai,2026,Mathematics,36,8.0,0.1666666666666666,3.9316333620047863,0.1666666666666666,0.4807207207207207,0.6666666666666666,0.6365141682948128,0.9001418567366071,0.1666666666666666,openalex_pure_math_1000
W7134189454,post_ai,2026,Mathematics,18,5.0,0.3333333333333333,3.017740716262378,0.3333333333333333,0.8651345630480798,0.5,1.3485390196098022,0.9004419379764133,0.3333333333333333,openalex_pure_math_1000
W7134272669,post_ai,2026,Mathematics,7,10.0,0.0,3.784189633918261,0.0,0.9655355249204666,0.4285714285714285,0.9556998911125344,0.8634313259805951,0.0,openalex_pure_math_1000
W7134948674,post_ai,2026,Mathematics,6,53.5,0.0,5.204519646899705,0.0,0.2904468412942989,0.1666666666666666,0.4505612088663046,0.910756915807724,0.0,openalex_pure_math_1000
W7134949854,post_ai,2026,Mathematics,14,6.0,0.2857142857142857,1.5222612188617115,0.6428571428571429,0.7482014388489209,0.1428571428571428,0.509137344082687,0.9122911436217171,0.6428571428571429,openalex_pure_math_1000
W7135026262,post_ai,2026,Mathematics,6,39.0,0.0,4.9558518536537335,0.0,0.5508720930232558,0.1666666666666666,0.4505612088663046,0.8797568082809448,0.0,openalex_pure_math_1000
W7135187666,post_ai,2026,Mathematics,14,9.5,0.0714285714285714,3.5979686132377844,0.4285714285714285,0.6652930402930403,0.1428571428571428,0.509137344082687,0.91885649732181,0.4285714285714285,openalex_pure_math_1000
W7136408160,post_ai,2026,Mathematics,16,25.5,0.0,4.306978429924273,0.1875,0.4363546310054482,0.0625,0.2337916587064593,0.9033380337059498,0.1875,openalex_pure_math_1000
W7137946312,post_ai,2026,Mathematics,28,6.0,0.3571428571428571,3.5524827241349213,0.1785714285714285,0.7465441021682689,0.9285714285714286,1.037129268358,0.8763048563684736,0.1428571428571428,openalex_pure_math_1000
W7138104607,post_ai,2026,Mathematics,16,16.5,0.1875,3.607619989365049,0.25,0.4814814814814814,0.0625,0.2337916587064593,0.9210989028215408,0.25,openalex_pure_math_1000
W7138893448,post_ai,2026,Mathematics,6,9.5,0.1666666666666666,1.9459101490553128,0.6666666666666666,0.5377358490566038,0.0,-0.0,0.8508984843889872,0.5,openalex_pure_math_1000
W7138934062,post_ai,2026,Mathematics,5,1.0,0.6,2.4849066497880004,0.4,0.9617563739376772,0.2,0.5004024235381879,0.8564429879188538,0.2,openalex_pure_math_1000
W7138949426,post_ai,2026,Mathematics,5,6.0,0.0,2.3978952727983707,0.0,0.7707317073170732,0.0,-0.0,0.9194344639778136,0.0,openalex_pure_math_1000
W7139130225,post_ai,2026,Mathematics,22,16.0,0.1363636363636363,3.233849363052177,0.2272727272727272,0.7248046071575484,0.1818181818181818,0.5763820666248933,0.855093086307699,0.2272727272727272,openalex_pure_math_1000
W7139966004,post_ai,2026,Mathematics,35,11.0,0.2857142857142857,2.995732273553991,0.4,0.7101284958427816,0.0285714285714285,0.1297406947194283,0.9158174651009696,0.4,openalex_pure_math_1000
W7139989804,post_ai,2026,Mathematics,13,11.0,0.3846153846153846,1.791759469228055,0.5384615384615384,0.8845252051582649,0.0,-0.0,0.928037955210759,0.5384615384615384,openalex_pure_math_1000
W7140126341,post_ai,2026,Mathematics,9,11.0,0.2222222222222222,3.258096538021482,0.2222222222222222,0.7383399209486166,0.2222222222222222,0.5297061990576545,0.8509182996220059,0.2222222222222222,openalex_pure_math_1000
W7140673404,post_ai,2026,Mathematics,7,49.0,0.0,5.010635294096256,0.0,0.502258064516129,0.8571428571428571,1.277034259466139,0.8380329949515206,0.0,openalex_pure_math_1000
W7143408659,post_ai,2026,Mathematics,18,6.0,0.2777777777777778,2.481422315129953,0.3333333333333333,0.5181940700808625,0.0,-0.0,0.916988879442215,0.3333333333333333,openalex_pure_math_1000
W7144316079,post_ai,2026,Mathematics,17,14.0,0.0,3.4339872044851463,0.1176470588235294,0.3751412429378531,0.0,-0.0,0.8931972910376156,0.1176470588235294,openalex_pure_math_1000
W7150843314,post_ai,2026,Mathematics,14,4.5,0.2142857142857142,2.505317647048128,0.4285714285714285,0.9623352165725048,0.0714285714285714,0.2573186405438316,0.8889921605587006,0.4285714285714285,openalex_pure_math_1000
W7151746699,post_ai,2026,Mathematics,10,8.5,0.3,2.6155543084272934,0.3,0.4583333333333333,0.1,0.3250829733914482,0.9186824321746826,0.3,openalex_pure_math_1000
W7154711550,post_ai,2026,Mathematics,10,19.5,0.1,3.592693507790208,0.1,0.5828125,0.0,-0.0,0.8818758010864258,0.1,openalex_pure_math_1000
W7154745856,post_ai,2026,Mathematics,10,28.0,0.1,4.747157791248318,0.1,0.7140319715808171,0.8,1.2206072645530173,0.8891818046569824,0.1,openalex_pure_math_1000
W7154775250,post_ai,2026,Mathematics,12,9.0,0.25,2.302585092994046,0.3333333333333333,0.8545389563974267,0.1666666666666666,0.4505612088663046,0.9259232232968012,0.3333333333333333,openalex_pure_math_1000
W7155088455,post_ai,2026,Mathematics,5,10.0,0.2,0.6931471805599453,0.6,0.6071428571428571,0.2,0.5004024235381879,0.915413749217987,0.6,openalex_pure_math_1000
W7155538703,post_ai,2026,Mathematics,2,26.5,0.5,1.3195286648076292,0.5,1.0,0.0,-0.0,0.8783271312713623,0.5,openalex_pure_math_1000
W7155651583,post_ai,2026,Mathematics,9,18.0,0.0,3.091042453358316,0.2222222222222222,0.6646341463414634,0.0,-0.0,0.9188387327724032,0.2222222222222222,openalex_pure_math_1000
W7159789278,post_ai,2026,Mathematics,2,14.5,0.5,0.3465735902799726,1.0,1.0,0.5,0.6931471805599453,0.9185344874858856,1.0,openalex_pure_math_1000
W7160155891,post_ai,2026,Mathematics,12,15.5,0.0833333333333333,2.34106561356211,0.5,0.7167019027484144,0.0,-0.0,0.9244913707176844,0.5,openalex_pure_math_1000
W7160311977,post_ai,2026,Mathematics,4,28.5,0.0,3.613468009246645,0.0,0.6557971014492754,0.0,-0.0,0.8463582098484039,0.0,openalex_pure_math_1000
W7160427411,post_ai,2026,Mathematics,7,2.0,0.7142857142857143,2.302585092994046,0.4285714285714285,0.8947368421052632,0.5714285714285714,1.0042424730540764,0.9150325059890748,0.4285714285714285,openalex_pure_math_1000
W7160840747,post_ai,2026,Mathematics,22,20.0,0.0,4.209900422703795,0.0909090909090909,0.5418118466898955,0.4090909090909091,1.0597984499412791,0.8840912715955214,0.0909090909090909,openalex_pure_math_1000
W7160857981,post_ai,2026,Mathematics,17,3.0,0.5294117647058824,2.70805020110221,0.4705882352941176,0.5136612021857924,0.1176470588235294,0.4437572842601484,0.9089790126856636,0.4705882352941176,openalex_pure_math_1000
W7160985548,post_ai,2026,Mathematics,12,9.5,0.25,1.8444397270569683,0.5,0.720125786163522,0.0,-0.0,0.925140713651975,0.5,openalex_pure_math_1000
W7161636272,post_ai,2026,Mathematics,5,23.0,0.0,7.343426229147367,0.0,0.4560953530476765,0.4,0.9502705392332348,0.7853288173675537,0.0,openalex_pure_math_1000
W7161708362,post_ai,2026,Mathematics,16,5.5,0.4375,3.8512780566342912,0.1875,0.3952380952380952,0.8125,0.482577565177012,0.9125463888049126,0.1875,openalex_pure_math_1000
W7162304738,post_ai,2026,Mathematics,14,5.0,0.4285714285714285,2.0471722811110507,0.5,0.8728246318607764,0.9285714285714286,1.4894588207337585,0.8327612067971911,0.5,openalex_pure_math_1000
W7162321229,post_ai,2026,Mathematics,14,15.0,0.1428571428571428,3.4667115128653574,0.2142857142857142,0.4833110814419226,0.1428571428571428,0.509137344082687,0.9196242136614664,0.2142857142857142,openalex_pure_math_1000
W7162323013,post_ai,2026,Mathematics,7,25.0,0.1428571428571428,5.298317366548036,0.1428571428571428,0.3050221565731167,0.0,-0.0,0.8931748526436942,0.1428571428571428,openalex_pure_math_1000
W7162435074,post_ai,2026,Mathematics,11,7.0,0.3636363636363636,2.4849066497880004,0.4545454545454545,0.7640086206896551,0.0909090909090909,0.3046360973492381,0.9353290904651989,0.4545454545454545,openalex_pure_math_1000
W7162441521,post_ai,2026,Mathematics,55,21.0,0.2,4.852030263919617,0.2,0.6681856310503526,0.6727272727272727,1.82560194259344,0.8280472094362432,0.109090909090909,openalex_pure_math_1000
W7162578352,post_ai,2026,Mathematics,3,15.0,0.0,1.6094379124341005,0.6666666666666666,0.9534883720930232,0.0,-0.0,0.9623208045959472,0.6666666666666666,openalex_pure_math_1000
W7163201356,post_ai,2026,Mathematics,12,7.0,0.3333333333333333,3.1815140517702325,0.25,0.6423173803526449,0.0,-0.0,0.8692818681399027,0.25,openalex_pure_math_1000
W7163223196,post_ai,2026,Mathematics,11,5.0,0.2727272727272727,2.19722457733622,0.4545454545454545,0.7619047619047619,0.0909090909090909,0.3046360973492381,0.9360308213667436,0.4545454545454545,openalex_pure_math_1000
W7163364943,post_ai,2026,Mathematics,7,18.0,0.0,4.060443010546419,0.1428571428571428,0.3233082706766917,0.0,-0.0,0.889713100024632,0.1428571428571428,openalex_pure_math_1000
W7164202039,post_ai,2026,Mathematics,7,8.0,0.1428571428571428,1.791759469228055,0.5714285714285714,0.7789115646258503,0.1428571428571428,0.410116318288409,0.9032973306519644,0.5714285714285714,openalex_pure_math_1000
W7164369001,post_ai,2026,Mathematics,6,2.0,0.8333333333333334,1.7005986908310775,0.8333333333333334,0.3928571428571428,0.5,1.242453324894,0.8792183597882589,0.6666666666666666,openalex_pure_math_1000
W7165187865,post_ai,2026,Mathematics,8,14.5,0.125,2.6876392038420827,0.25,0.4716981132075472,0.0,-0.0,0.8937990888953209,0.25,openalex_pure_math_1000
W7165491830,post_ai,2026,Mathematics,11,6.0,0.4545454545454545,2.3978952727983707,0.4545454545454545,0.7475083056478405,0.3636363636363636,0.6554817739013927,0.9090898849747396,0.4545454545454545,openalex_pure_math_1000
W7166199119,post_ai,2026,Mathematics,22,6.5,0.4090909090909091,1.9944920232821373,0.5,0.8169717138103162,0.0454545454545454,0.1849073991677756,0.9205278889699416,0.5,openalex_pure_math_1000
W1163235289,pre_ai,2019,Mathematics,19,13.0,0.0,2.70805020110221,0.2105263157894736,0.7914517317612381,0.3684210526315789,1.0102099474266797,0.8435814349274886,0.1578947368421052,openalex_pure_math_1000
W145132230,pre_ai,2020,Mathematics,6,8.0,0.3333333333333333,2.543798167616192,0.3333333333333333,0.8930390492359932,0.0,-0.0,0.9375166098276774,0.3333333333333333,openalex_pure_math_1000
W1516182722,pre_ai,2021,Mathematics,8,34.0,0.125,3.519391770694271,0.125,0.7748404740200547,0.25,0.7356219397587946,0.918329395353794,0.125,openalex_pure_math_1000
W1598964171,pre_ai,2019,Mathematics,13,16.0,0.0769230769230769,4.990432586778736,0.0,0.5162790697674419,0.1538461538461538,0.5359610497090694,0.9044722456198472,0.0,openalex_pure_math_1000
W1611988185,pre_ai,2019,Mathematics,8,15.5,0.0,3.0677824455408693,0.375,0.3932584269662921,0.375,0.9002560512685369,0.8975076302886009,0.375,openalex_pure_math_1000
W1798208008,pre_ai,2021,Mathematics,21,13.0,0.0952380952380952,3.610917912644224,0.1428571428571428,0.5879295408605255,0.0,-0.0,0.9168353307814824,0.1428571428571428,openalex_pure_math_1000
W1811674369,pre_ai,2020,Mathematics,10,27.0,0.0,4.101788868468976,0.2,0.5756097560975609,0.1,0.3250829733914482,0.8989606201648712,0.2,openalex_pure_math_1000
W2085330978,pre_ai,2021,Mathematics,21,14.0,0.0476190476190476,3.555348061489413,0.3333333333333333,0.7016351276869374,0.0476190476190476,0.1914440819577173,0.9326156377792358,0.3333333333333333,openalex_pure_math_1000
W2139639984,pre_ai,2019,Mathematics,11,22.0,0.0909090909090909,2.70805020110221,0.4545454545454545,0.5474006116207951,0.2727272727272727,0.7595473914748635,0.8974325656890869,0.4545454545454545,openalex_pure_math_1000
W2213792970,pre_ai,2019,Mathematics,29,14.0,0.0344827586206896,3.1780538303479458,0.2068965517241379,0.5322095123419627,0.0344827586206896,0.149994923610415,0.9148711336070092,0.2068965517241379,openalex_pure_math_1000
W2241937698,pre_ai,2020,Mathematics,3,13.0,0.0,3.044522437723423,0.3333333333333333,0.9387254901960784,0.0,-0.0,0.912307600180308,0.3333333333333333,openalex_pure_math_1000
W2275433236,pre_ai,2019,Mathematics,16,8.5,0.125,3.5773076784568314,0.25,0.3648148148148148,0.0,-0.0,0.9134970791637896,0.25,openalex_pure_math_1000
W2278837276,pre_ai,2019,Mathematics,25,20.0,0.12,3.258096538021482,0.08,0.553223388305847,0.0,-0.0,0.9111180233955384,0.08,openalex_pure_math_1000
W2291392553,pre_ai,2019,Mathematics,23,13.0,0.0,3.49650756146648,0.0434782608695652,0.7721088435374149,0.6086956521739131,0.9792376509951506,0.9380596824314285,0.0434782608695652,openalex_pure_math_1000
W2333248872,pre_ai,2020,Mathematics,20,6.0,0.2,2.6020033435383976,0.3,0.609846479618846,0.0,-0.0,0.908931627869606,0.3,openalex_pure_math_1000
W2335980011,pre_ai,2021,Mathematics,17,13.0,0.0,4.110873864173311,0.0588235294117647,0.4964047252182845,0.0,-0.0,0.8953859245075899,0.0588235294117647,openalex_pure_math_1000
W2336544223,pre_ai,2019,Mathematics,22,15.0,0.0454545454545454,3.908812721526685,0.2272727272727272,0.6421568627450981,0.0454545454545454,0.1849073991677756,0.9151274751533162,0.2272727272727272,openalex_pure_math_1000
W2341163736,pre_ai,2019,Mathematics,3,15.0,0.0,2.8903717578961645,0.0,0.490566037735849,0.0,-0.0,0.9210346142450968,0.0,openalex_pure_math_1000
W2412104271,pre_ai,2021,Mathematics,22,13.0,0.0454545454545454,3.511434043041321,0.1363636363636363,0.9064120399645884,0.0,-0.0,0.9108800454573198,0.1363636363636363,openalex_pure_math_1000
W2471328753,pre_ai,2021,Mathematics,11,12.0,0.0,4.890349128221754,0.1818181818181818,0.4537876042044219,0.5454545454545454,1.2406842919533958,0.8690012747591193,0.1818181818181818,openalex_pure_math_1000
W2491892376,pre_ai,2020,Mathematics,32,2.0,1.0,1.4978661367769954,0.9375,0.362962962962963,0.1875,0.7318890680872792,0.8376302774995565,0.90625,openalex_pure_math_1000
W2544385807,pre_ai,2019,Mathematics,20,7.0,0.1,2.9303931117329327,0.3,0.502283105022831,0.1,0.3250829733914482,0.8972997546195984,0.3,openalex_pure_math_1000
W2555585121,pre_ai,2019,Mathematics,7,7.0,0.2857142857142857,1.6094379124341005,0.7142857142857143,0.5422535211267606,0.1428571428571428,0.410116318288409,0.898641722542899,0.7142857142857143,openalex_pure_math_1000
W2561592333,pre_ai,2020,Mathematics,5,7.0,0.0,3.1780538303479458,0.2,0.6231884057971014,0.0,-0.0,0.91326824426651,0.2,openalex_pure_math_1000
W2562420446,pre_ai,2021,Mathematics,4,18.0,0.0,5.465793979731144,0.0,0.390547263681592,0.0,-0.0,0.925057664513588,0.0,openalex_pure_math_1000
W2565303350,pre_ai,2021,Mathematics,11,11.0,0.0909090909090909,4.59511985013459,0.0,0.5032715376226826,0.0,-0.0,0.8966718857938593,0.0,openalex_pure_math_1000
W2565642189,pre_ai,2019,Mathematics,16,12.0,0.1875,3.448347165811356,0.25,0.588929219600726,0.1875,0.6019239717322894,0.8708589673042297,0.25,openalex_pure_math_1000
W2566019243,pre_ai,2019,Mathematics,7,18.0,0.0,4.110873864173311,0.1428571428571428,0.3421985815602837,0.2857142857142857,0.7963116401738131,0.8877456188201904,0.1428571428571428,openalex_pure_math_1000
W2570365662,pre_ai,2020,Mathematics,16,11.5,0.0625,4.062815494238532,0.0625,0.4218241042345277,0.0,-0.0,0.8988369852304459,0.0625,openalex_pure_math_1000
W2574931970,pre_ai,2021,Mathematics,27,18.0,0.037037037037037,3.8918202981106265,0.074074074074074,0.9657505412557132,0.1481481481481481,0.6248603116943127,0.9025883188954106,0.074074074074074,openalex_pure_math_1000
W2582572620,pre_ai,2019,Mathematics,14,13.5,0.2142857142857142,3.2156655409667394,0.1428571428571428,0.6308767471410419,0.0714285714285714,0.2573186405438316,0.9015762976237706,0.1428571428571428,openalex_pure_math_1000
W2584438417,pre_ai,2020,Mathematics,13,13.0,0.2307692307692307,4.465908118654584,0.0769230769230769,0.5271407837445573,0.1538461538461538,0.5359610497090694,0.9159649839768044,0.0769230769230769,openalex_pure_math_1000
W2601863808,pre_ai,2019,Mathematics,20,9.5,0.25,3.6017027605415475,0.15,0.3570875290472502,0.0,-0.0,0.9147958159446716,0.15,openalex_pure_math_1000
W2608112541,pre_ai,2020,Mathematics,8,10.0,0.0,2.827995905409926,0.375,0.829126213592233,0.0,-0.0,0.9124623462557792,0.375,openalex_pure_math_1000
W2609849737,pre_ai,2019,Mathematics,14,9.0,0.2857142857142857,2.7546941683139883,0.3571428571428571,0.573208722741433,0.0,-0.0,0.9361076525279454,0.3571428571428571,openalex_pure_math_1000
W2610762754,pre_ai,2019,Mathematics,6,8.5,0.1666666666666666,3.632714861626976,0.0,0.8350111856823266,0.0,-0.0,0.8521484533945719,0.0,openalex_pure_math_1000
W2612742503,pre_ai,2019,Mathematics,7,11.0,0.0,2.772588722239781,0.2857142857142857,0.8478835978835979,0.1428571428571428,0.410116318288409,0.9328563213348388,0.2857142857142857,openalex_pure_math_1000
W2624969120,pre_ai,2019,Mathematics,15,6.0,0.1333333333333333,3.044522437723423,0.3333333333333333,0.6165884194053208,0.2666666666666666,0.7298712099831165,0.8635298689206441,0.3333333333333333,openalex_pure_math_1000
W2684719716,pre_ai,2019,Mathematics,9,3.0,0.5555555555555556,2.6390573296152584,0.1111111111111111,0.7343096234309623,0.0,-0.0,0.919054283036126,0.1111111111111111,openalex_pure_math_1000
W2735712479,pre_ai,2019,Mathematics,4,6.0,0.5,3.742745804015377,0.25,0.5865724381625441,0.25,0.5623351446188083,0.8768063485622406,0.25,openalex_pure_math_1000
W2746451277,pre_ai,2020,Mathematics,13,11.0,0.1538461538461538,3.688879454113936,0.2307692307692307,0.7312332439678284,0.0,-0.0,0.8952096333870521,0.1538461538461538,openalex_pure_math_1000
W2750321818,pre_ai,2019,Mathematics,30,7.0,0.1666666666666666,2.833213344056216,0.3666666666666666,0.4766063630692451,0.1333333333333333,0.3926744672275521,0.9073311944802602,0.3666666666666666,openalex_pure_math_1000
W2750826767,pre_ai,2020,Mathematics,5,7.5,0.0,1.9459101490553128,0.6,0.928395061728395,0.2,0.5004024235381879,0.9133883953094484,0.6,openalex_pure_math_1000
W2754199782,pre_ai,2020,Mathematics,11,12.0,0.0909090909090909,3.688879454113936,0.1818181818181818,0.5451436388508892,0.3636363636363636,0.8599672810355049,0.8829311782663519,0.1818181818181818,openalex_pure_math_1000
W2754455881,pre_ai,2019,Mathematics,14,23.5,0.0,3.0031765798008663,0.1428571428571428,0.8165791447861965,0.2142857142857142,0.6559757323365467,0.8817472032138279,0.1428571428571428,openalex_pure_math_1000
W2756036892,pre_ai,2019,Mathematics,9,14.0,0.0,4.553876891600541,0.2222222222222222,0.3882657463330457,0.0,-0.0,0.927948706679874,0.2222222222222222,openalex_pure_math_1000
W2757366831,pre_ai,2019,Mathematics,12,17.0,0.0,3.97224608196608,0.0,0.544,0.25,0.5623351446188083,0.8939766337474188,0.0,openalex_pure_math_1000
W2758460124,pre_ai,2020,Mathematics,11,17.0,0.0909090909090909,3.912023005428146,0.1818181818181818,0.9212487411883182,0.1818181818181818,0.4741393130578373,0.874855409968983,0.1818181818181818,openalex_pure_math_1000
W2761037033,pre_ai,2021,Mathematics,4,23.5,0.0,3.039966597547795,0.25,0.8991228070175439,0.5,0.6931471805599453,0.8988510370254517,0.25,openalex_pure_math_1000
W2761107770,pre_ai,2019,Mathematics,16,11.0,0.125,2.8617925509761903,0.375,0.7123473541383989,0.375,0.6615632381579821,0.8736120574176311,0.375,openalex_pure_math_1000
W2762833824,pre_ai,2020,Mathematics,8,11.0,0.125,3.676220550121792,0.0,0.2456140350877192,0.125,0.3767701612564367,0.9120702221989632,0.0,openalex_pure_math_1000
W2764342390,pre_ai,2020,Mathematics,15,7.0,0.4,2.3978952727983707,0.4,0.9277058944341754,0.0666666666666666,0.2449300267946353,0.8907243251800537,0.4,openalex_pure_math_1000
W2766058144,pre_ai,2019,Mathematics,11,14.0,0.3636363636363636,3.6635616461296463,0.2727272727272727,0.6061068702290077,0.0,-0.0,0.9367454864762046,0.2727272727272727,openalex_pure_math_1000
W2766809506,pre_ai,2019,Mathematics,13,10.5,0.0769230769230769,2.3978952727983707,0.4615384615384615,0.3263888888888889,0.0,-0.0,0.9296314487090478,0.4615384615384615,openalex_pure_math_1000
W2767393736,pre_ai,2019,Mathematics,6,7.5,0.1666666666666666,3.803690712819896,0.0,0.3665594855305466,0.0,-0.0,0.9188313484191896,0.0,openalex_pure_math_1000
W2767482044,pre_ai,2019,Mathematics,5,13.0,0.2,5.303304908059076,0.2,0.3596757852077001,0.0,-0.0,0.8929967999458313,0.2,openalex_pure_math_1000
W2769129257,pre_ai,2019,Mathematics,7,10.0,0.0,3.4339872044851463,0.0,0.7203389830508474,0.0,-0.0,0.8909077984946114,0.0,openalex_pure_math_1000
W2769597913,pre_ai,2019,Mathematics,11,10.0,0.0,4.007333185232471,0.0909090909090909,0.4790174002047083,0.0,-0.0,0.8952655467120084,0.0909090909090909,openalex_pure_math_1000
W2770184684,pre_ai,2021,Mathematics,5,8.0,0.0,1.9459101490553128,0.6,0.6666666666666666,0.0,-0.0,0.909929382801056,0.6,openalex_pure_math_1000
W2771254611,pre_ai,2019,Mathematics,6,24.0,0.0,6.294139681030568,0.0,0.5996867847247319,0.3333333333333333,0.6365141682948128,0.859762837489446,0.0,openalex_pure_math_1000
W2774449290,pre_ai,2019,Mathematics,9,17.0,0.0,3.332204510175204,0.3333333333333333,0.7186666666666667,0.2222222222222222,0.5297061990576545,0.9030926360024346,0.3333333333333333,openalex_pure_math_1000
W2774994331,pre_ai,2020,Mathematics,8,8.5,0.375,1.7005986908310775,0.75,0.5254237288135594,0.0,-0.0,0.8853311315178871,0.75,openalex_pure_math_1000
W2778013700,pre_ai,2020,Mathematics,16,14.5,0.0625,3.978588661729738,0.125,0.4390862944162436,0.0625,0.2337916587064593,0.9067272059619428,0.125,openalex_pure_math_1000
W2780893036,pre_ai,2020,Mathematics,8,32.0,0.25,4.10151512085743,0.375,0.2553648068669528,0.125,0.3767701612564367,0.8915989696979523,0.375,openalex_pure_math_1000
W2781189462,pre_ai,2020,Mathematics,13,6.0,0.3076923076923077,3.9318256327243257,0.0,0.7518053375196232,0.1538461538461538,0.5359610497090694,0.9055802409465497,0.0,openalex_pure_math_1000
W2781508001,pre_ai,2019,Mathematics,8,12.0,0.125,2.2386684072391034,0.5,0.4449093444909344,0.0,-0.0,0.9037701562047004,0.5,openalex_pure_math_1000
W2782111078,pre_ai,2019,Mathematics,19,8.0,0.1578947368421052,3.091042453358316,0.2631578947368421,0.4370257966616085,0.1052631578947368,0.336495757583516,0.8741027116775513,0.2631578947368421,openalex_pure_math_1000
W2785801688,pre_ai,2019,Mathematics,12,12.0,0.1666666666666666,2.914472808805104,0.1666666666666666,0.9211962971754094,0.0833333333333333,0.2868359830561607,0.8725978980461756,0.0833333333333333,openalex_pure_math_1000
W2786484244,pre_ai,2020,Mathematics,6,18.0,0.3333333333333333,3.0546237913821823,0.1666666666666666,0.7789934354485777,0.0,-0.0,0.8922480841477712,0.1666666666666666,openalex_pure_math_1000
W2786684781,pre_ai,2019,Mathematics,4,4.5,0.0,3.901921651769386,0.0,0.9775694676933376,0.5,1.039720770839918,0.8369523882865906,0.0,openalex_pure_math_1000
W2786815256,pre_ai,2020,Mathematics,7,9.0,0.0,3.1780538303479458,0.1428571428571428,0.5164179104477612,0.0,-0.0,0.9004570671490261,0.1428571428571428,openalex_pure_math_1000
W2787418347,pre_ai,2019,Mathematics,15,11.0,0.0666666666666666,4.290459441148391,0.2,0.4661100196463654,0.0,-0.0,0.911549961566925,0.2,openalex_pure_math_1000
W2787895853,pre_ai,2020,Mathematics,3,19.0,0.0,4.934473933130692,0.0,0.4774346793349168,0.3333333333333333,0.6365141682948128,0.8365762631098429,0.0,openalex_pure_math_1000
W2788108715,pre_ai,2019,Mathematics,3,28.0,0.0,3.8918202981106265,0.3333333333333333,0.7969924812030075,0.3333333333333333,0.6365141682948128,0.8132253289222717,0.0,openalex_pure_math_1000
W2788774287,pre_ai,2020,Mathematics,7,32.0,0.1428571428571428,3.332204510175204,0.1428571428571428,0.5107858243451464,0.1428571428571428,0.410116318288409,0.9097941773278372,0.1428571428571428,openalex_pure_math_1000
W2790033514,pre_ai,2020,Mathematics,4,11.5,0.25,5.730099782973575,0.25,0.6237513873473918,0.0,-0.0,0.9183110594749452,0.25,openalex_pure_math_1000
W2791983059,pre_ai,2021,Mathematics,2,51.5,0.0,6.840806692082129,0.0,0.5259219668626403,0.0,-0.0,0.8611683249473572,0.0,openalex_pure_math_1000
W2794404060,pre_ai,2020,Mathematics,28,8.0,0.25,3.3140206880897667,0.1785714285714285,0.5429169574319609,0.0357142857142857,0.1540761036710294,0.9102131639208112,0.1785714285714285,openalex_pure_math_1000
W2794494130,pre_ai,2020,Mathematics,10,8.0,0.1,2.8762863194128165,0.4,0.3404710920770878,0.0,-0.0,0.9100108683109284,0.4,openalex_pure_math_1000
W2794872446,pre_ai,2020,Mathematics,5,3.0,0.6,1.0986122886681098,0.6,0.9734513274336284,0.0,-0.0,0.8832126379013061,0.6,openalex_pure_math_1000
W2795578374,pre_ai,2020,Mathematics,17,6.0,0.1176470588235294,3.258096538021482,0.1176470588235294,0.35375,0.0,-0.0,0.9009698629379272,0.1176470588235294,openalex_pure_math_1000
W2796527172,pre_ai,2021,Mathematics,4,25.5,0.25,5.250006847245824,0.25,0.7409438026238496,0.25,0.5623351446188083,0.8657349795103073,0.25,openalex_pure_math_1000
W2798647499,pre_ai,2019,Mathematics,6,6.5,0.3333333333333333,1.7005986908310775,0.6666666666666666,0.5698701298701299,0.0,-0.0,0.9413936833540598,0.6666666666666666,openalex_pure_math_1000
W2801293213,pre_ai,2019,Mathematics,11,15.0,0.0909090909090909,4.356708826689592,0.0909090909090909,0.7490872884168602,0.5454545454545454,0.6890092384766586,0.8672488277608698,0.0909090909090909,openalex_pure_math_1000
W2804295175,pre_ai,2019,Mathematics,15,6.0,0.2666666666666666,2.8903717578961645,0.3333333333333333,0.8298631766805473,0.0666666666666666,0.2449300267946353,0.9210393349329632,0.3333333333333333,openalex_pure_math_1000
W2804609999,pre_ai,2020,Mathematics,11,11.0,0.0,2.70805020110221,0.3636363636363636,0.9041884816753928,0.0,-0.0,0.9082823395729064,0.3636363636363636,openalex_pure_math_1000
W2804833298,pre_ai,2019,Mathematics,23,6.0,0.391304347826087,3.5263605246161616,0.2608695652173913,0.7860592611930557,0.2608695652173913,0.9208326693554344,0.8941334278687186,0.2608695652173913,openalex_pure_math_1000
W2805287420,pre_ai,2020,Mathematics,6,6.0,0.3333333333333333,2.770631772579213,0.1666666666666666,0.6714975845410628,0.0,-0.0,0.8472216626008352,0.1666666666666666,openalex_pure_math_1000
W2806487798,pre_ai,2019,Mathematics,17,8.5,0.1176470588235294,3.912023005428146,0.1764705882352941,0.8352721528076978,0.1764705882352941,0.4659992569610426,0.9008362468551186,0.1764705882352941,openalex_pure_math_1000
W2807205674,pre_ai,2020,Mathematics,13,17.0,0.0,2.70805020110221,0.3076923076923077,0.8067796610169492,0.0769230769230769,0.2711893730418441,0.9144675777508662,0.3076923076923077,openalex_pure_math_1000
W2807781627,pre_ai,2020,Mathematics,11,12.5,0.2727272727272727,3.044522437723423,0.4545454545454545,0.9162462159434914,0.0,-0.0,0.9139271107586948,0.4545454545454545,openalex_pure_math_1000
W2808562804,pre_ai,2019,Mathematics,23,6.0,0.1739130434782608,2.8903717578961645,0.3478260869565217,0.6302083333333334,0.2608695652173913,0.6915021980540986,0.9215936531191288,0.3478260869565217,openalex_pure_math_1000
W2809692119,pre_ai,2020,Mathematics,16,24.0,0.0625,4.269966339192864,0.0625,0.7261917400997983,0.125,0.3767701612564367,0.9001656174659729,0.0625,openalex_pure_math_1000
W2809764981,pre_ai,2019,Mathematics,6,21.5,0.1666666666666666,3.352207177482053,0.1666666666666666,0.9473191046330036,0.3333333333333333,0.8675632284814612,0.8869597812493643,0.1666666666666666,openalex_pure_math_1000
W2809846745,pre_ai,2019,Mathematics,6,10.0,0.3333333333333333,3.015342630130632,0.1666666666666666,0.5777777777777777,0.1666666666666666,0.4505612088663046,0.9029409885406494,0.1666666666666666,openalex_pure_math_1000
W2809991798,pre_ai,2019,Mathematics,9,11.0,0.2222222222222222,3.5263605246161616,0.2222222222222222,0.6427255985267035,0.1111111111111111,0.3488320958430319,0.8903891974025302,0.2222222222222222,openalex_pure_math_1000
W2811281537,pre_ai,2020,Mathematics,18,11.5,0.1111111111111111,3.931056105831374,0.1666666666666666,0.6582320078869537,0.0555555555555555,0.2145591551764051,0.892287919918696,0.1666666666666666,openalex_pure_math_1000
W2811354873,pre_ai,2020,Mathematics,15,16.0,0.0666666666666666,3.555348061489413,0.2666666666666666,0.6836706404214028,0.7333333333333333,1.1369165918330009,0.8591624736785889,0.2666666666666666,openalex_pure_math_1000
W2827646652,pre_ai,2019,Mathematics,1,19.0,0.0,3.4011973816621555,0.0,1.0,0.0,-0.0,0.892568826675415,0.0,openalex_pure_math_1000
W2883166170,pre_ai,2020,Mathematics,3,16.0,0.0,4.6443908991413725,0.3333333333333333,0.7710583153347732,0.3333333333333333,0.6365141682948128,0.8941230972607931,0.3333333333333333,openalex_pure_math_1000
W2883502144,pre_ai,2019,Mathematics,8,6.0,0.25,3.090008326826286,0.125,0.3036437246963562,0.0,-0.0,0.9235735163092612,0.125,openalex_pure_math_1000
W2885357904,pre_ai,2020,Mathematics,14,5.5,0.2857142857142857,3.198464827608073,0.0714285714285714,0.7366336633663366,0.1428571428571428,0.410116318288409,0.8957585436957223,0.0714285714285714,openalex_pure_math_1000
W2885833191,pre_ai,2019,Mathematics,3,14.0,0.0,3.5263605246161616,0.3333333333333333,0.5348837209302325,0.0,-0.0,0.9255971511205038,0.3333333333333333,openalex_pure_math_1000
W2886563262,pre_ai,2020,Mathematics,12,10.0,0.0,2.827995905409926,0.1666666666666666,0.6898148148148148,0.1666666666666666,0.5660857389596289,0.902646948893865,0.1666666666666666,openalex_pure_math_1000
W2886891225,pre_ai,2021,Mathematics,14,16.0,0.0,3.0827089271157098,0.3571428571428571,0.7902659307576518,0.2142857142857142,0.7549967581308246,0.8730147778987885,0.2857142857142857,openalex_pure_math_1000
W2887068075,pre_ai,2020,Mathematics,8,8.0,0.125,4.354650024472495,0.25,0.3019108280254777,0.0,-0.0,0.8945424258708954,0.25,openalex_pure_math_1000
W2887679804,pre_ai,2020,Mathematics,10,22.5,0.1,3.780040232510913,0.2,0.328928046989721,1.0,0.3250829733914482,0.8923644781112671,0.2,openalex_pure_math_1000
W2888036582,pre_ai,2019,Mathematics,34,13.0,0.1764705882352941,4.060443010546419,0.1764705882352941,0.5289173504102461,0.0294117647058823,0.1326914208398717,0.9110546375022216,0.1764705882352941,openalex_pure_math_1000
W2888302616,pre_ai,2021,Mathematics,20,9.0,0.15,2.8029010331479984,0.35,0.709136109384711,0.1,0.3943976914474427,0.9003079891204834,0.35,openalex_pure_math_1000
W2888614394,pre_ai,2019,Mathematics,31,4.0,0.4838709677419355,3.4339872044851463,0.0,0.6271964856230032,0.3870967741935484,0.667431707658747,0.870622206118799,0.0,openalex_pure_math_1000
W2888673564,pre_ai,2020,Mathematics,9,13.0,0.0,3.4657359027997265,0.1111111111111111,0.2446483180428134,0.0,-0.0,0.89641715420617,0.1111111111111111,openalex_pure_math_1000
W2889641992,pre_ai,2019,Mathematics,6,14.0,0.1666666666666666,2.2154083994216567,0.5,0.4583333333333333,0.0,-0.0,0.9037310779094696,0.5,openalex_pure_math_1000
W2890497581,pre_ai,2020,Mathematics,9,8.0,0.2222222222222222,3.1354942159291497,0.1111111111111111,0.8539911752908143,0.2222222222222222,0.6837389058487535,0.8707379235161675,0.1111111111111111,openalex_pure_math_1000
W2891091164,pre_ai,2020,Mathematics,9,18.0,0.2222222222222222,2.995732273553991,0.3333333333333333,0.7715231788079471,0.0,-0.0,0.9166971776220534,0.3333333333333333,openalex_pure_math_1000
W2891437701,pre_ai,2019,Mathematics,41,8.0,0.2926829268292683,3.1354942159291497,0.2926829268292683,0.7592236740968485,0.073170731707317,0.3421507479335112,0.8830441178345099,0.2926829268292683,openalex_pure_math_1000
W2891566952,pre_ai,2020,Mathematics,13,7.0,0.2307692307692307,4.465908118654584,0.0769230769230769,0.555735056542811,0.0,-0.0,0.9210365414619446,0.0769230769230769,openalex_pure_math_1000
W2894742427,pre_ai,2021,Mathematics,9,32.0,0.0,3.258096538021482,0.1111111111111111,0.3198090692124105,0.2222222222222222,0.5297061990576545,0.9147657818264432,0.1111111111111111,openalex_pure_math_1000
W2895189036,pre_ai,2019,Mathematics,4,6.0,0.5,1.3862943611198906,0.5,0.7457627118644068,0.0,-0.0,0.8654863834381104,0.5,openalex_pure_math_1000
W2897447471,pre_ai,2021,Mathematics,8,26.0,0.125,2.19722457733622,0.375,0.7060301507537688,0.0,-0.0,0.9068328440189362,0.375,openalex_pure_math_1000
W2897566020,pre_ai,2021,Mathematics,15,8.0,0.3333333333333333,2.6390573296152584,0.4,0.6457191058625052,0.0,-0.0,0.9295228719711304,0.4,openalex_pure_math_1000
W2897644463,pre_ai,2019,Mathematics,12,7.5,0.25,3.21162348176676,0.25,0.5844444444444444,0.5,0.9184277849930976,0.9071195423603058,0.25,openalex_pure_math_1000
W2898030726,pre_ai,2021,Mathematics,6,17.5,0.0,3.3140206880897667,0.0,0.3833333333333333,0.5,1.0114042647073516,0.8816245396931967,0.0,openalex_pure_math_1000
W2898189479,pre_ai,2021,Mathematics,22,8.5,0.0454545454545454,2.5249280036247685,0.4090909090909091,0.619644723092999,0.1363636363636363,0.4851045003909404,0.8795233504338698,0.4090909090909091,openalex_pure_math_1000
W2898393198,pre_ai,2019,Mathematics,5,18.0,0.2,3.4657359027997265,0.0,0.7408088235294118,0.2,0.5004024235381879,0.9174040675163267,0.0,openalex_pure_math_1000
W2898501522,pre_ai,2019,Mathematics,23,3.0,0.5217391304347826,4.442651256490317,0.0434782608695652,0.5106968862529125,0.782608695652174,0.5235863374812598,0.8930652063825856,0.0434782608695652,openalex_pure_math_1000
W2898994548,pre_ai,2020,Mathematics,5,13.0,0.2,4.290459441148391,0.2,0.4830458060678168,0.6,1.0549201679861442,0.8927621603012085,0.2,openalex_pure_math_1000
W2899182049,pre_ai,2019,Mathematics,8,21.5,0.25,3.64989868337908,0.25,0.2923497267759563,0.0,-0.0,0.901422418653965,0.25,openalex_pure_math_1000
W2901480341,pre_ai,2021,Mathematics,5,28.0,0.2,3.5263605246161616,0.2,0.7718491260349586,0.0,-0.0,0.8813284516334534,0.2,openalex_pure_math_1000
W2901583595,pre_ai,2019,Mathematics,5,8.0,0.2,4.290459441148391,0.2,0.6687344913151365,0.2,0.5004024235381879,0.8793272852897644,0.2,openalex_pure_math_1000
W2901832352,pre_ai,2019,Mathematics,8,6.0,0.125,2.470821211304652,0.5,0.4150197628458498,0.0,-0.0,0.9270046278834344,0.5,openalex_pure_math_1000
W2902489114,pre_ai,2021,Mathematics,17,12.0,0.0,2.9444389791664403,0.1176470588235294,0.2469512195121951,0.0588235294117647,0.2237180760658337,0.8761150381144356,0.1176470588235294,openalex_pure_math_1000
W2903833151,pre_ai,2021,Mathematics,15,7.0,0.2,3.044522437723423,0.4666666666666667,0.9298507462686568,0.0666666666666666,0.2449300267946353,0.9113720178604126,0.4666666666666667,openalex_pure_math_1000
W2905314534,pre_ai,2019,Mathematics,7,24.0,0.1428571428571428,3.1780538303479458,0.4285714285714285,0.4146341463414634,0.7142857142857143,0.9556998911125344,0.900899316583361,0.4285714285714285,openalex_pure_math_1000
W2905515873,pre_ai,2019,Mathematics,8,3.0,0.75,1.844439727056968,0.625,0.2244897959183673,0.25,0.5623351446188083,0.8916017636656761,0.625,openalex_pure_math_1000
W2905663021,pre_ai,2020,Mathematics,11,9.0,0.2727272727272727,3.4011973816621555,0.1818181818181818,0.5290923196276183,0.0,-0.0,0.9026690775697882,0.1818181818181818,openalex_pure_math_1000
W2906741075,pre_ai,2020,Mathematics,13,9.0,0.0769230769230769,3.970291913552122,0.3076923076923077,0.7325581395348837,0.0,-0.0,0.8817336421746474,0.3076923076923077,openalex_pure_math_1000
W2906818351,pre_ai,2020,Mathematics,9,7.0,0.3333333333333333,2.4849066497880004,0.2222222222222222,0.3844897959183673,0.6666666666666666,1.310783678099714,0.8794842693540785,0.2222222222222222,openalex_pure_math_1000
W2907083254,pre_ai,2021,Mathematics,32,9.5,0.21875,3.64989868337908,0.28125,0.735723486474882,0.125,0.3767701612564367,0.908301716670394,0.28125,openalex_pure_math_1000
W2907652257,pre_ai,2020,Mathematics,17,14.0,0.1764705882352941,5.010635294096256,0.0588235294117647,0.4751280175566935,0.8235294117647058,0.4659992569610426,0.8935297973015729,0.0588235294117647,openalex_pure_math_1000
W2907735425,pre_ai,2019,Mathematics,11,15.0,0.1818181818181818,3.6635616461296463,0.2727272727272727,0.4504132231404958,0.2727272727272727,0.8855741515766717,0.8492634242231195,0.0909090909090909,openalex_pure_math_1000
W2908605925,pre_ai,2020,Mathematics,17,12.0,0.1764705882352941,3.610917912644224,0.1764705882352941,0.6166407465007776,0.0,-0.0,0.9313098928507636,0.1764705882352941,openalex_pure_math_1000
W2908618607,pre_ai,2019,Mathematics,4,11.0,0.0,2.5649493574615367,0.25,0.3333333333333333,0.25,0.5623351446188083,0.9105683267116548,0.25,openalex_pure_math_1000
W2908819577,pre_ai,2021,Mathematics,8,7.5,0.125,3.1917533174420027,0.25,0.649002849002849,0.5,0.9743147528693494,0.8726441785693169,0.25,openalex_pure_math_1000
W2909379461,pre_ai,2019,Mathematics,9,16.0,0.0,3.555348061489413,0.1111111111111111,0.943295924394566,0.2222222222222222,0.6837389058487535,0.9087611966662936,0.1111111111111111,openalex_pure_math_1000
W2909704116,pre_ai,2019,Mathematics,9,17.0,0.1111111111111111,2.833213344056216,0.2222222222222222,0.5147286821705427,0.0,-0.0,0.9505170716179742,0.2222222222222222,openalex_pure_math_1000
W2909895790,pre_ai,2019,Mathematics,8,12.0,0.0,3.4923581600591325,0.125,0.3816689466484268,0.0,-0.0,0.9361767172813416,0.125,openalex_pure_math_1000
W2910152375,pre_ai,2020,Mathematics,16,5.0,0.3125,2.0715673631957663,0.5,0.7348837209302326,0.0625,0.2337916587064593,0.9133453108370304,0.5,openalex_pure_math_1000
W2911009994,pre_ai,2019,Mathematics,28,7.0,0.0714285714285714,3.643780320154862,0.1428571428571428,0.7941605839416058,0.9642857142857144,1.280422778286167,0.8946202908243451,0.1428571428571428,openalex_pure_math_1000
W2911193902,pre_ai,2021,Mathematics,20,16.0,0.15,3.3140206880897667,0.4,0.5011019603294281,0.25,0.7999027794271169,0.885466456413269,0.4,openalex_pure_math_1000
W2911282727,pre_ai,2019,Mathematics,4,12.0,0.25,3.268345798795653,0.25,0.5555555555555556,0.0,-0.0,0.8831267803907394,0.25,openalex_pure_math_1000
W2911373161,pre_ai,2020,Mathematics,4,20.5,0.0,4.165672712422863,0.0,0.636,0.5,1.039720770839918,0.8656244874000549,0.0,openalex_pure_math_1000
W2911493095,pre_ai,2019,Mathematics,4,9.0,0.0,3.005633587202081,0.25,0.4375,0.5,0.6931471805599453,0.8595276474952698,0.25,openalex_pure_math_1000
W2911656451,pre_ai,2019,Mathematics,3,6.0,0.0,2.70805020110221,0.0,0.5,0.3333333333333333,0.6365141682948128,0.889761209487915,0.0,openalex_pure_math_1000
W2911660041,pre_ai,2019,Mathematics,8,37.5,0.0,6.253321897896077,0.0,0.294881588999236,1.0,0.3767701612564367,0.8897088915109634,0.0,openalex_pure_math_1000
W2912013006,pre_ai,2019,Mathematics,31,37.0,0.0,3.5263605246161616,0.1290322580645161,0.8747017624874933,0.4193548387096774,1.1374310712594131,0.9158836968483464,0.1290322580645161,openalex_pure_math_1000
W2912321878,pre_ai,2019,Mathematics,7,21.0,0.0,3.367295829986474,0.0,0.8471454880294659,0.1428571428571428,0.410116318288409,0.9145708169255938,0.0,openalex_pure_math_1000
W2912785194,pre_ai,2019,Mathematics,2,33.0,0.5,3.323195257423865,0.0,0.8941176470588236,0.0,-0.0,0.9158139526844024,0.0,openalex_pure_math_1000
W2912877298,pre_ai,2021,Mathematics,5,19.0,0.0,2.3978952727983707,0.4,0.3387096774193548,0.0,-0.0,0.90733243227005,0.4,openalex_pure_math_1000
W2912915681,pre_ai,2019,Mathematics,22,15.0,0.0,3.524627420627918,0.1363636363636363,0.8124430264357339,0.6363636363636364,1.225238924971996,0.8866461948914961,0.1363636363636363,openalex_pure_math_1000
W2912943704,pre_ai,2019,Mathematics,17,7.0,0.0588235294117647,3.1780538303479458,0.1176470588235294,0.7565492321589883,0.7058823529411765,1.4987396466238831,0.879981114583857,0.1176470588235294,openalex_pure_math_1000
W2912951779,pre_ai,2019,Mathematics,93,8.0,0.1720430107526881,4.07753744390572,0.053763440860215,0.7503982477100757,0.6129032258064516,1.5326938043810836,0.8449111394984747,0.032258064516129,openalex_pure_math_1000
W2913384644,pre_ai,2019,Mathematics,18,9.5,0.1111111111111111,2.2386684072391034,0.5,0.4447300771208226,0.0555555555555555,0.2145591551764051,0.9074631134668986,0.5,openalex_pure_math_1000
W2913400840,pre_ai,2020,Mathematics,6,20.0,0.1666666666666666,4.017477512251079,0.3333333333333333,0.3922413793103448,0.0,-0.0,0.8631334404150645,0.3333333333333333,openalex_pure_math_1000
W2913494836,pre_ai,2019,Mathematics,16,8.0,0.125,2.8995463272302637,0.3125,0.9096668230877524,0.125,0.46341355882643,0.9019349329173564,0.3125,openalex_pure_math_1000
W2913588552,pre_ai,2019,Mathematics,8,12.0,0.0,3.1549591391132585,0.0,0.3879310344827586,0.125,0.3767701612564367,0.8918542042374611,0.0,openalex_pure_math_1000
W2913598935,pre_ai,2019,Mathematics,11,6.0,0.3636363636363636,2.302585092994046,0.4545454545454545,0.7012987012987013,0.0,-0.0,0.8874056393449957,0.4545454545454545,openalex_pure_math_1000
W2913711723,pre_ai,2020,Mathematics,11,17.5,0.1818181818181818,3.258096538021482,0.2727272727272727,0.5515981735159817,0.0,-0.0,0.8992332382635637,0.2727272727272727,openalex_pure_math_1000
W2913988336,pre_ai,2019,Mathematics,7,40.0,0.0,1.3862943611198906,0.5714285714285714,0.6671664167916042,0.1428571428571428,0.410116318288409,0.9248592002051216,0.5714285714285714,openalex_pure_math_1000
W2914204117,pre_ai,2019,Mathematics,10,4.5,0.4,3.3702596798031115,0.3,0.3385753931544866,0.1,0.3250829733914482,0.8963882923126221,0.3,openalex_pure_math_1000
W2914543177,pre_ai,2020,Mathematics,9,9.0,0.0,3.332204510175204,0.2222222222222222,0.2482517482517482,0.0,-0.0,0.9185749226146274,0.2222222222222222,openalex_pure_math_1000
W2914571809,pre_ai,2019,Mathematics,6,2.0,0.6666666666666666,1.6094379124341005,0.6666666666666666,0.9788182831661092,0.3333333333333333,0.6365141682948128,0.9032075603803,0.6666666666666666,openalex_pure_math_1000
W2914895819,pre_ai,2019,Mathematics,8,7.5,0.25,2.8903717578961645,0.125,0.3864168618266979,0.5,0.9743147528693494,0.882365882396698,0.125,openalex_pure_math_1000
W2914937518,pre_ai,2019,Mathematics,20,16.5,0.15,3.713274536198652,0.2,0.7571709233791748,0.0,-0.0,0.9392424017190932,0.2,openalex_pure_math_1000
W2915627528,pre_ai,2019,Mathematics,10,8.5,0.4,2.649158683274018,0.5,0.6501766784452296,0.1,0.3250829733914482,0.9128770530223846,0.5,openalex_pure_math_1000
W2917210288,pre_ai,2019,Mathematics,5,10.0,0.2,3.332204510175204,0.2,0.7490494296577946,0.4,0.6730116670092565,0.9183655858039856,0.2,openalex_pure_math_1000
W2917288338,pre_ai,2019,Mathematics,3,10.0,0.3333333333333333,3.7612001156935615,0.3333333333333333,0.7103448275862069,0.3333333333333333,0.6365141682948128,0.8865989446640015,0.3333333333333333,openalex_pure_math_1000
W2917866716,pre_ai,2019,Mathematics,5,6.0,0.2,3.091042453358316,0.0,0.5,0.0,-0.0,0.91604483127594,0.0,openalex_pure_math_1000
W2918056951,pre_ai,2021,Mathematics,7,12.0,0.0,5.056245805348308,0.0,0.5614607107923052,0.0,-0.0,0.9056972435542516,0.0,openalex_pure_math_1000
W2918377240,pre_ai,2021,Mathematics,22,8.5,0.0909090909090909,3.151309487872453,0.1818181818181818,0.6148969889064976,0.0909090909090909,0.3676494774001422,0.8900792571631345,0.1818181818181818,openalex_pure_math_1000
W2920245451,pre_ai,2020,Mathematics,5,16.0,0.4,3.49650756146648,0.4,0.503834611537179,0.0,-0.0,0.9011056184768677,0.4,openalex_pure_math_1000
W2920398046,pre_ai,2021,Mathematics,8,9.0,0.125,2.34106561356211,0.25,0.8991935483870968,0.125,0.3767701612564367,0.8768767714500427,0.25,openalex_pure_math_1000
W2920655750,pre_ai,2020,Mathematics,2,39.0,0.0,4.357694048683241,0.0,0.7283236994219653,0.0,-0.0,0.8615460097789764,0.0,openalex_pure_math_1000
W2920694079,pre_ai,2019,Mathematics,5,6.0,0.0,2.70805020110221,0.2,0.5852272727272727,0.0,-0.0,0.891799521446228,0.2,openalex_pure_math_1000
W2920799022,pre_ai,2019,Mathematics,16,1.5,0.875,2.297559925067296,0.4375,0.5042372881355932,0.4375,0.9840865030829148,0.8601848408579826,0.4375,openalex_pure_math_1000
W2920908579,pre_ai,2019,Mathematics,9,12.0,0.1111111111111111,3.091042453358316,0.0,0.5502692998204668,0.0,-0.0,0.8891062272919549,0.0,openalex_pure_math_1000
W2921450000,pre_ai,2020,Mathematics,6,25.5,0.1666666666666666,3.849921203698493,0.1666666666666666,0.8381804623415362,0.1666666666666666,0.4505612088663046,0.8957614401976267,0.1666666666666666,openalex_pure_math_1000
W2921826762,pre_ai,2019,Mathematics,9,11.0,0.1111111111111111,3.951243718581428,0.1111111111111111,0.4891551332369345,0.1111111111111111,0.3488320958430319,0.8884109920925565,0.1111111111111111,openalex_pure_math_1000
W2922456304,pre_ai,2020,Mathematics,11,9.5,0.3636363636363636,1.9459101490553128,0.5454545454545454,0.7383177570093458,0.0,-0.0,0.9109193086624146,0.5454545454545454,openalex_pure_math_1000
W2924323571,pre_ai,2019,Mathematics,5,3.0,0.6,1.0986122886681098,0.6,0.6333333333333333,0.0,-0.0,0.9186692476272584,0.6,openalex_pure_math_1000
W2924786408,pre_ai,2019,Mathematics,10,11.0,0.0,1.791759469228055,0.7,0.9675834970530452,0.0,-0.0,0.9242700815200806,0.7,openalex_pure_math_1000
W2925219180,pre_ai,2019,Mathematics,7,20.5,0.1428571428571428,2.772588722239781,0.2857142857142857,0.973169923815833,0.2857142857142857,0.7963116401738131,0.8842630216053554,0.2857142857142857,openalex_pure_math_1000
W2925453803,pre_ai,2019,Mathematics,11,13.0,0.0,3.9318256327243257,0.1818181818181818,0.6296296296296297,0.1818181818181818,0.6001660731596457,0.8716153231534091,0.1818181818181818,openalex_pure_math_1000
W2925641417,pre_ai,2020,Mathematics,13,19.0,0.0769230769230769,1.3862943611198906,0.6153846153846154,0.7993079584775087,0.1538461538461538,0.4293230219306162,0.8755386334199172,0.6153846153846154,openalex_pure_math_1000
W2926185638,pre_ai,2019,Mathematics,3,35.0,0.0,3.091042453358316,0.0,0.5072463768115942,0.0,-0.0,0.9348266323407493,0.0,openalex_pure_math_1000
W2927651154,pre_ai,2021,Mathematics,17,15.0,0.0,3.1354942159291497,0.1176470588235294,0.5950323974082073,0.1176470588235294,0.362210557135449,0.8922482658835018,0.1176470588235294,openalex_pure_math_1000
W2929009199,pre_ai,2019,Mathematics,4,7.0,0.25,2.858513850703111,0.25,0.8371040723981901,0.75,1.039720770839918,0.9168868809938432,0.25,openalex_pure_math_1000
W2932051495,pre_ai,2019,Mathematics,9,18.0,0.1111111111111111,2.9444389791664403,0.2222222222222222,0.2845849802371542,0.7777777777777778,1.0608569471580214,0.8676176932122972,0.2222222222222222,openalex_pure_math_1000
W2935507029,pre_ai,2019,Mathematics,9,6.0,0.2222222222222222,3.555348061489413,0.3333333333333333,0.6246498599439776,0.2222222222222222,0.6837389058487535,0.8787145084804959,0.2222222222222222,openalex_pure_math_1000
W2936095799,pre_ai,2019,Mathematics,4,6.5,0.25,2.3221954495706862,0.5,0.6507936507936508,0.0,-0.0,0.9167517870664595,0.5,openalex_pure_math_1000
W2937267681,pre_ai,2021,Mathematics,7,10.0,0.0,3.218875824868201,0.1428571428571428,0.4891891891891892,0.1428571428571428,0.410116318288409,0.8966218403407505,0.1428571428571428,openalex_pure_math_1000
W2937456597,pre_ai,2020,Mathematics,9,4.0,0.3333333333333333,2.3978952727983707,0.4444444444444444,0.3464285714285714,0.0,-0.0,0.9332672092649672,0.4444444444444444,openalex_pure_math_1000
W2937651025,pre_ai,2019,Mathematics,8,15.0,0.375,3.838931750339105,0.25,0.7741935483870968,0.125,0.3767701612564367,0.906199797987938,0.25,openalex_pure_math_1000
W2937794741,pre_ai,2020,Mathematics,6,2.5,0.5,1.3862943611198906,0.6666666666666666,0.872255489021956,0.0,-0.0,0.917370210091273,0.6666666666666666,openalex_pure_math_1000
W2937834843,pre_ai,2020,Mathematics,6,8.0,0.3333333333333333,2.914472808805104,0.1666666666666666,0.4495412844036697,0.1666666666666666,0.4505612088663046,0.8777793049812317,0.1666666666666666,openalex_pure_math_1000
W2939892234,pre_ai,2019,Mathematics,8,18.5,0.0,3.377302049743981,0.125,0.2676579925650557,0.0,-0.0,0.8944897875189781,0.125,openalex_pure_math_1000
W2940114117,pre_ai,2021,Mathematics,26,10.5,0.2307692307692307,2.914472808805104,0.1923076923076923,0.7933690555927663,0.0,-0.0,0.8993776257221515,0.1923076923076923,openalex_pure_math_1000
W2940534438,pre_ai,2019,Mathematics,6,4.0,0.5,1.1512925464970227,0.6666666666666666,0.8,0.0,-0.0,0.9341283440589904,0.6666666666666666,openalex_pure_math_1000
W2940759125,pre_ai,2019,Mathematics,17,11.0,0.0588235294117647,3.258096538021482,0.1764705882352941,0.3951715374841169,0.8235294117647058,0.6779087256441981,0.9185856545672696,0.1764705882352941,openalex_pure_math_1000
W2940983148,pre_ai,2019,Mathematics,6,27.5,0.1666666666666666,3.2896256060050506,0.3333333333333333,0.7568181818181818,0.0,-0.0,0.8869179983933767,0.3333333333333333,openalex_pure_math_1000
W2941037045,pre_ai,2020,Mathematics,33,3.0,0.7272727272727273,3.7612001156935615,0.0909090909090909,0.773118447817243,0.9090909090909092,0.56930867810557,0.8528741417509137,0.0909090909090909,openalex_pure_math_1000
W2942069277,pre_ai,2019,Mathematics,9,8.0,0.1111111111111111,3.688879454113936,0.2222222222222222,0.6209193870752832,0.5555555555555556,1.0608569471580214,0.8653343651029799,0.2222222222222222,openalex_pure_math_1000
W2942644606,pre_ai,2019,Mathematics,4,3.0,0.75,2.6208735075298213,0.5,0.4931506849315068,0.0,-0.0,0.9373267740011216,0.5,openalex_pure_math_1000
W2942831656,pre_ai,2021,Mathematics,2,27.0,0.5,4.228190526009739,0.5,0.9957627118644068,0.0,-0.0,0.933234006166458,0.5,openalex_pure_math_1000
W2942933964,pre_ai,2020,Mathematics,4,29.0,0.0,5.809236981479135,0.0,0.52319309600863,0.25,0.5623351446188083,0.8802150785923004,0.0,openalex_pure_math_1000
W2943887530,pre_ai,2019,Mathematics,9,7.0,0.1111111111111111,4.406719247264253,0.1111111111111111,0.6594477531131565,0.5555555555555556,0.9649629230074276,0.8701158629523383,0.1111111111111111,openalex_pure_math_1000
W2943888694,pre_ai,2019,Mathematics,6,12.5,0.0,3.1383217446708223,0.1666666666666666,0.6606498194945848,0.0,-0.0,0.9364504416783652,0.1666666666666666,openalex_pure_math_1000
W2944674978,pre_ai,2021,Mathematics,27,4.0,0.3333333333333333,2.079441541679836,0.5185185185185185,0.671875,0.037037037037037,0.1584105701317908,0.9161002702183194,0.5185185185185185,openalex_pure_math_1000
W2944712286,pre_ai,2020,Mathematics,10,9.0,0.1,3.7810808156128255,0.1,0.4621212121212121,0.2,0.5004024235381879,0.8853169798851013,0.1,openalex_pure_math_1000
W2944779746,pre_ai,2020,Mathematics,9,14.0,0.2222222222222222,2.6390573296152584,0.3333333333333333,0.7848537005163512,0.0,-0.0,0.9065328372849358,0.3333333333333333,openalex_pure_math_1000
W2945143170,pre_ai,2019,Mathematics,8,8.0,0.0,3.990524879832978,0.25,0.8003888528839922,0.25,0.7356219397587946,0.8767406642436981,0.125,openalex_pure_math_1000
W2945279278,pre_ai,2019,Mathematics,11,22.0,0.2727272727272727,2.3978952727983707,0.3636363636363636,0.3391304347826087,0.1818181818181818,0.4741393130578373,0.9547277201305736,0.3636363636363636,openalex_pure_math_1000
W2945475975,pre_ai,2019,Mathematics,13,9.0,0.3846153846153846,1.791759469228055,0.6153846153846154,0.4923076923076923,0.0,-0.0,0.9265393110421988,0.6153846153846154,openalex_pure_math_1000
W2945554205,pre_ai,2021,Mathematics,13,7.0,0.2307692307692307,3.6635616461296463,0.2307692307692307,0.5842155919153031,0.0,-0.0,0.9263327213434072,0.2307692307692307,openalex_pure_math_1000
W2945570463,pre_ai,2021,Mathematics,14,13.0,0.0714285714285714,3.310036603265178,0.1428571428571428,0.9224606580829756,0.7142857142857143,0.8304717124362917,0.8711627892085484,0.1428571428571428,openalex_pure_math_1000
W2945570576,pre_ai,2020,Mathematics,12,11.0,0.0,4.143008734202382,0.0833333333333333,0.598019801980198,0.3333333333333333,0.8239592165010823,0.8789005329211553,0.0833333333333333,openalex_pure_math_1000
W2946119431,pre_ai,2019,Mathematics,21,3.0,0.6190476190476191,2.6390573296152584,0.3809523809523809,0.8899637243047158,0.0952380952380952,0.3144922012814106,0.905384693826948,0.3809523809523809,openalex_pure_math_1000
W2946415680,pre_ai,2019,Mathematics,6,25.0,0.0,5.303193512269376,0.1666666666666666,0.8092035398230089,0.1666666666666666,0.4505612088663046,0.8942306041717529,0.1666666666666666,openalex_pure_math_1000
W2947105427,pre_ai,2019,Mathematics,16,7.0,0.1875,3.020127355638707,0.0625,0.3696428571428571,0.0625,0.2337916587064593,0.9103111028671264,0.0625,openalex_pure_math_1000
W2947908336,pre_ai,2021,Mathematics,8,31.0,0.0,3.721539187174258,0.375,0.6033229491173416,0.0,-0.0,0.904904842376709,0.375,openalex_pure_math_1000
W2948446471,pre_ai,2019,Mathematics,5,15.0,0.2,3.218875824868201,0.2,0.4693877551020408,0.0,-0.0,0.9506624221801758,0.2,openalex_pure_math_1000
W2948527097,pre_ai,2020,Mathematics,2,33.5,0.0,4.834198965101759,0.0,0.8607242339832869,0.0,-0.0,0.8961011171340942,0.0,openalex_pure_math_1000
W2949363820,pre_ai,2020,Mathematics,11,11.0,0.1818181818181818,3.258096538021482,0.2727272727272727,0.4896551724137931,0.3636363636363636,0.6554817739013927,0.9151724576950072,0.2727272727272727,openalex_pure_math_1000
W2949450446,pre_ai,2019,Mathematics,13,7.0,0.3846153846153846,3.828641396489095,0.2307692307692307,0.38283378746594,0.8461538461538461,0.4293230219306162,0.9121107825866112,0.2307692307692307,openalex_pure_math_1000
W2949732429,pre_ai,2019,Mathematics,13,3.0,0.5384615384615384,2.079441541679836,0.5384615384615384,0.9205827067669172,0.0,-0.0,0.9161344583217914,0.5384615384615384,openalex_pure_math_1000
W2950100549,pre_ai,2019,Mathematics,5,3.0,0.6,3.367295829986474,0.2,0.4772727272727273,0.0,-0.0,0.934361469745636,0.2,openalex_pure_math_1000
W2950443378,pre_ai,2019,Mathematics,4,2.0,0.75,1.7776740307447068,0.75,0.5238095238095238,0.0,-0.0,0.8971708714962006,0.75,openalex_pure_math_1000
W2950600040,pre_ai,2019,Mathematics,4,21.5,0.0,3.401197381662155,0.0,0.9614842649131048,0.5,0.6931471805599453,0.8758443593978882,0.0,openalex_pure_math_1000
W2950639215,pre_ai,2019,Mathematics,9,3.0,0.5555555555555556,2.5649493574615367,0.1111111111111111,0.92828418230563,0.2222222222222222,0.6837389058487535,0.9480021397272744,0.1111111111111111,openalex_pure_math_1000
W2950773672,pre_ai,2019,Mathematics,43,2.0,0.8604651162790697,3.218875824868201,0.1627906976744186,0.4238532110091743,0.813953488372093,0.480439313703605,0.9322455996690796,0.1627906976744186,openalex_pure_math_1000
W2951140429,pre_ai,2019,Mathematics,12,13.5,0.25,2.736135336835737,0.3333333333333333,0.8760643330179754,0.0833333333333333,0.2868359830561607,0.9209420283635458,0.3333333333333333,openalex_pure_math_1000
W2951273472,pre_ai,2019,Mathematics,33,9.0,0.2121212121212121,2.9444389791664403,0.3333333333333333,0.6019672131147541,0.2121212121212121,0.6436592611074219,0.899644591591575,0.3333333333333333,openalex_pure_math_1000
W2951824225,pre_ai,2020,Mathematics,25,5.5,0.28,2.995732273553991,0.36,0.8397489539748954,0.04,0.167944147734173,0.922065634727478,0.32,openalex_pure_math_1000
W2951996733,pre_ai,2019,Mathematics,8,12.0,0.25,3.592693507790208,0.25,0.6231702216645755,0.125,0.3767701612564367,0.8914503306150436,0.25,openalex_pure_math_1000
W2952267155,pre_ai,2019,Mathematics,14,15.0,0.0714285714285714,3.479699256066988,0.2142857142857142,0.6165099268547545,0.1428571428571428,0.509137344082687,0.8645829217774528,0.2142857142857142,openalex_pure_math_1000
W2953421706,pre_ai,2019,Mathematics,21,5.0,0.4285714285714285,4.219507705176107,0.2857142857142857,0.6427190721649485,0.1428571428571428,0.410116318288409,0.9016716877619424,0.2857142857142857,openalex_pure_math_1000
W2953467186,pre_ai,2019,Mathematics,11,15.0,0.0909090909090909,2.4849066497880004,0.3636363636363636,0.7168141592920354,0.1818181818181818,0.6001660731596457,0.9013656106862156,0.3636363636363636,openalex_pure_math_1000
W2953798762,pre_ai,2021,Mathematics,21,8.0,0.3333333333333333,2.995732273553991,0.1428571428571428,0.8288879770209274,0.0476190476190476,0.1914440819577173,0.9173023360116142,0.1428571428571428,openalex_pure_math_1000
W2953817179,pre_ai,2019,Mathematics,9,5.0,0.3333333333333333,2.772588722239781,0.4444444444444444,0.7777777777777778,0.3333333333333333,0.8486855577264172,0.8421053489049276,0.4444444444444444,openalex_pure_math_1000
W2953997650,pre_ai,2020,Mathematics,11,7.0,0.1818181818181818,2.9444389791664403,0.2727272727272727,0.978072625698324,0.1818181818181818,0.6001660731596457,0.91814156553962,0.2727272727272727,openalex_pure_math_1000
W2954377127,pre_ai,2019,Mathematics,10,6.0,0.3,2.0471722811110507,0.5,0.5990701001430615,0.1,0.3250829733914482,0.8890426933765412,0.5,openalex_pure_math_1000
W2954396051,pre_ai,2019,Mathematics,4,4.0,0.5,3.4468281773013176,0.25,0.5220588235294118,0.0,-0.0,0.9351020455360411,0.25,openalex_pure_math_1000
W2954663995,pre_ai,2019,Mathematics,15,13.0,0.0666666666666666,4.189654742026425,0.0,0.6072538860103627,0.0,-0.0,0.9265957752863566,0.0,openalex_pure_math_1000
W2954767509,pre_ai,2019,Mathematics,5,34.0,0.0,5.783825182329737,0.2,0.4032154340836013,0.4,0.9502705392332348,0.8669948577880859,0.2,openalex_pure_math_1000
W2955064991,pre_ai,2019,Mathematics,8,16.0,0.0,5.304528626547315,0.0,0.5784758866118542,0.5,0.9743147528693494,0.7676956355571747,0.0,openalex_pure_math_1000
W2955227762,pre_ai,2020,Mathematics,17,10.0,0.1176470588235294,3.80666248977032,0.0588235294117647,0.5960341249711782,0.1176470588235294,0.4437572842601484,0.8854833210215849,0.0588235294117647,openalex_pure_math_1000
W2955545301,pre_ai,2019,Mathematics,7,7.0,0.1428571428571428,2.302585092994046,0.4285714285714285,0.373134328358209,0.0,-0.0,0.924236638205392,0.4285714285714285,openalex_pure_math_1000
W2955691788,pre_ai,2020,Mathematics,7,19.0,0.1428571428571428,3.6375861597263857,0.2857142857142857,0.4330218068535825,0.0,-0.0,0.8883369820458549,0.2857142857142857,openalex_pure_math_1000
W2955719908,pre_ai,2019,Mathematics,4,11.5,0.0,3.540433948345391,0.0,0.3407407407407407,1.0,-0.0,0.8956217616796494,0.0,openalex_pure_math_1000
W2955761294,pre_ai,2019,Mathematics,8,4.5,0.25,2.5249280036247685,0.375,0.4782608695652174,0.0,-0.0,0.9411485865712166,0.375,openalex_pure_math_1000
W2956207751,pre_ai,2019,Mathematics,8,18.0,0.375,3.1112881340356844,0.375,0.6038598273235145,0.25,0.5623351446188083,0.8910739347338676,0.375,openalex_pure_math_1000
W2956539625,pre_ai,2019,Mathematics,5,23.0,0.2,4.204692619390966,0.0,0.8819695872556119,0.4,0.6730116670092565,0.8556244134902954,0.0,openalex_pure_math_1000
W2956626483,pre_ai,2019,Mathematics,9,10.0,0.1111111111111111,3.688879454113936,0.1111111111111111,0.4651162790697674,0.2222222222222222,0.6837389058487535,0.8848920861879984,0.1111111111111111,openalex_pure_math_1000
W2957373341,pre_ai,2019,Mathematics,7,25.0,0.1428571428571428,3.912023005428146,0.1428571428571428,0.7566638005159071,0.4285714285714285,0.9556998911125344,0.8881888134138924,0.1428571428571428,openalex_pure_math_1000
W2958097891,pre_ai,2020,Mathematics,28,13.0,0.1071428571428571,3.431901695726477,0.2142857142857142,0.4310077519379845,0.1428571428571428,0.410116318288409,0.9056529360158104,0.2142857142857142,openalex_pure_math_1000
W2958796865,pre_ai,2019,Mathematics,18,18.0,0.0,2.6155543084272934,0.3333333333333333,0.8681225184344866,0.0555555555555555,0.2145591551764051,0.9043780134783852,0.3333333333333333,openalex_pure_math_1000
W2958921616,pre_ai,2020,Mathematics,20,5.0,0.3,3.687627889004877,0.15,0.4420471650777722,0.05,0.1985152433458726,0.900097781419754,0.15,openalex_pure_math_1000
W2958940704,pre_ai,2019,Mathematics,10,14.0,0.0,3.5193917706942703,0.4,0.4473684210526316,0.0,-0.0,0.9207592606544496,0.4,openalex_pure_math_1000
W2958981413,pre_ai,2019,Mathematics,8,9.5,0.125,2.80473589759248,0.25,0.8925361469323955,0.125,0.3767701612564367,0.8817305043339729,0.25,openalex_pure_math_1000
W2959544132,pre_ai,2019,Mathematics,14,2.0,0.6428571428571429,2.138333059508028,0.5,0.9631925610228592,0.0714285714285714,0.2573186405438316,0.8634775493826184,0.5,openalex_pure_math_1000
W2959745581,pre_ai,2020,Mathematics,15,14.0,0.2,4.007333185232471,0.2666666666666666,0.352127659574468,0.0666666666666666,0.2449300267946353,0.8955243190129598,0.2666666666666666,openalex_pure_math_1000
W2960494967,pre_ai,2019,Mathematics,15,10.0,0.0,4.48863636973214,0.2,0.7468992776339103,0.1333333333333333,0.4850940913022115,0.8779858748118082,0.2,openalex_pure_math_1000
W2962734855,pre_ai,2020,Mathematics,17,9.5,0.2352941176470588,3.295836866004329,0.2352941176470588,0.739938080495356,0.2941176470588235,0.8852888344409023,0.868799980948953,0.2352941176470588,openalex_pure_math_1000
W2962789694,pre_ai,2021,Mathematics,12,6.5,0.1666666666666666,4.111142536936359,0.1666666666666666,0.6868434217108554,0.0,-0.0,0.8949716538190842,0.1666666666666666,openalex_pure_math_1000
W2962801229,pre_ai,2019,Mathematics,17,9.0,0.1764705882352941,4.02535169073515,0.1176470588235294,0.3342723004694836,0.0588235294117647,0.2237180760658337,0.8787677673732534,0.1176470588235294,openalex_pure_math_1000
W2962987433,pre_ai,2019,Mathematics,22,7.0,0.0454545454545454,3.8916120081680186,0.0909090909090909,0.6766862170087976,0.0909090909090909,0.3676494774001422,0.8571910560131073,0.0909090909090909,openalex_pure_math_1000
W2963044556,pre_ai,2019,Mathematics,9,15.0,0.1111111111111111,3.49650756146648,0.1111111111111111,0.255591054313099,0.2222222222222222,0.5297061990576545,0.8607401781611972,0.1111111111111111,openalex_pure_math_1000
W2963111266,pre_ai,2019,Mathematics,4,14.5,0.0,4.902661651874448,0.25,0.4807339449541284,0.5,1.039720770839918,0.8293697685003281,0.25,openalex_pure_math_1000
W2963122553,pre_ai,2019,Mathematics,11,4.0,0.2727272727272727,2.079441541679836,0.5454545454545454,0.4186046511627907,0.0,-0.0,0.8473923802375793,0.5454545454545454,openalex_pure_math_1000
W2963257992,pre_ai,2019,Mathematics,13,16.0,0.0769230769230769,3.258096538021482,0.1538461538461538,0.7692307692307693,0.0,-0.0,0.9239603005922756,0.1538461538461538,openalex_pure_math_1000
W2963316073,pre_ai,2019,Mathematics,10,14.5,0.0,4.052653757752576,0.1,0.985739884828838,0.9,0.9404479886553264,0.8772559285163879,0.1,openalex_pure_math_1000
W2963408774,pre_ai,2019,Mathematics,23,10.0,0.1739130434782608,3.970291913552122,0.0434782608695652,0.7244834063869756,0.4347826086956521,0.8259567010149779,0.8967363912126293,0.0434782608695652,openalex_pure_math_1000
W2963478445,pre_ai,2019,Mathematics,12,9.5,0.25,1.9944920232821373,0.5,0.5586206896551724,0.1666666666666666,0.5660857389596289,0.8852178553740183,0.5,openalex_pure_math_1000
W2963497709,pre_ai,2019,Mathematics,3,13.0,0.0,3.555348061489413,0.0,0.475,0.3333333333333333,0.6365141682948128,0.8896735111872355,0.0,openalex_pure_math_1000
W2963518853,pre_ai,2019,Mathematics,17,6.5,0.2352941176470588,2.772588722239781,0.3529411764705882,0.9159087729117112,0.0588235294117647,0.2237180760658337,0.8953840031343347,0.3529411764705882,openalex_pure_math_1000
W2963543332,pre_ai,2019,Mathematics,7,10.0,0.1428571428571428,2.9444389791664403,0.2857142857142857,0.5552941176470588,0.0,-0.0,0.9180247357913426,0.2857142857142857,openalex_pure_math_1000
W2963568469,pre_ai,2019,Mathematics,6,4.0,0.3333333333333333,2.4849066497880004,0.1666666666666666,0.5299145299145299,0.0,-0.0,0.919750303030014,0.1666666666666666,openalex_pure_math_1000
W2963580152,pre_ai,2019,Mathematics,13,8.0,0.1538461538461538,3.295836866004329,0.2307692307692307,0.4644351464435146,0.0,-0.0,0.9225141727007352,0.2307692307692307,openalex_pure_math_1000
W2963698005,pre_ai,2019,Mathematics,6,15.0,0.3333333333333333,2.4563274428680257,0.5,0.4832214765100671,0.0,-0.0,0.8872619469960531,0.5,openalex_pure_math_1000
W2963741104,pre_ai,2019,Mathematics,4,19.5,0.0,2.8156058909106827,0.25,0.638095238095238,0.0,-0.0,0.8992403745651245,0.25,openalex_pure_math_1000
W2963866305,pre_ai,2019,Mathematics,20,19.5,0.1,3.394485871496085,0.3,0.6044146825396826,0.0,-0.0,0.9271375387907028,0.3,openalex_pure_math_1000
W2963927041,pre_ai,2019,Mathematics,8,7.5,0.125,2.3680992241972474,0.5,0.6424242424242425,0.125,0.3767701612564367,0.9321405068039894,0.5,openalex_pure_math_1000
W2963934373,pre_ai,2019,Mathematics,5,29.0,0.0,6.805722553416985,0.0,0.667115499700778,0.2,0.5004024235381879,0.9087281703948976,0.0,openalex_pure_math_1000
W2964008096,pre_ai,2019,Mathematics,6,26.0,0.0,6.11681958662399,0.0,0.6346886912325286,0.1666666666666666,0.4505612088663046,0.902870406707128,0.0,openalex_pure_math_1000
W2964009854,pre_ai,2019,Mathematics,6,9.0,0.3333333333333333,2.4849066497880004,0.3333333333333333,0.819718309859155,0.1666666666666666,0.4505612088663046,0.8915070096651713,0.3333333333333333,openalex_pure_math_1000
W2964052954,pre_ai,2019,Mathematics,8,10.5,0.125,4.658924289845734,0.125,0.4573643410852713,0.0,-0.0,0.8986513987183571,0.125,openalex_pure_math_1000
W2964083192,pre_ai,2019,Mathematics,8,6.5,0.5,3.760929626100815,0.0,0.8692899140660335,0.125,0.3767701612564367,0.9395948871970176,0.0,openalex_pure_math_1000
W2964110295,pre_ai,2019,Mathematics,15,11.0,0.2666666666666666,3.7612001156935615,0.2666666666666666,0.782749826107118,0.0666666666666666,0.2449300267946353,0.9117279569307964,0.2666666666666666,openalex_pure_math_1000
W2964321119,pre_ai,2019,Mathematics,9,12.0,0.2222222222222222,4.02535169073515,0.1111111111111111,0.4500941619585687,0.2222222222222222,0.5297061990576545,0.8856952918900384,0.1111111111111111,openalex_pure_math_1000
W2964907750,pre_ai,2021,Mathematics,26,18.5,0.0769230769230769,3.643780320154862,0.1538461538461538,0.7342719657815007,0.1153846153846153,0.4843901162380035,0.921864539384842,0.1538461538461538,openalex_pure_math_1000
W2965188044,pre_ai,2020,Mathematics,12,7.0,0.25,2.799210979499187,0.3333333333333333,0.5078864353312302,0.0,-0.0,0.892832284172376,0.3333333333333333,openalex_pure_math_1000
W2965262353,pre_ai,2019,Mathematics,5,6.0,0.4,5.062595033026967,0.2,0.4020486555697823,0.4,0.6730116670092565,0.89390549659729,0.2,openalex_pure_math_1000
W2965390464,pre_ai,2019,Mathematics,4,8.0,0.25,5.034140696230933,0.25,0.6779469825155104,1.0,-0.0,0.8793822228908539,0.25,openalex_pure_math_1000
W2965445938,pre_ai,2020,Mathematics,17,15.0,0.0,3.367295829986474,0.2941176470588235,0.7698535080956053,0.0,-0.0,0.8821380243581884,0.2941176470588235,openalex_pure_math_1000
W2965750414,pre_ai,2019,Mathematics,5,12.0,0.2,2.3978952727983707,0.2,0.4578313253012048,0.0,-0.0,0.922640573978424,0.2,openalex_pure_math_1000
W2965847108,pre_ai,2019,Mathematics,7,7.0,0.1428571428571428,3.044522437723423,0.4285714285714285,0.6281690140845071,0.0,-0.0,0.9495688165937152,0.4285714285714285,openalex_pure_math_1000
W2965955399,pre_ai,2019,Mathematics,9,15.0,0.2222222222222222,4.634728988229636,0.1111111111111111,0.4539188517018404,0.1111111111111111,0.3488320958430319,0.8924150599373711,0.1111111111111111,openalex_pure_math_1000
W2966653153,pre_ai,2020,Mathematics,4,18.0,0.0,3.475407384221292,0.25,0.5625,0.0,-0.0,0.905952885746956,0.25,openalex_pure_math_1000
W2966727096,pre_ai,2019,Mathematics,9,23.0,0.1111111111111111,2.995732273553991,0.3333333333333333,0.4363021420518602,0.3333333333333333,0.6365141682948128,0.9166482620769076,0.3333333333333333,openalex_pure_math_1000
W2967008906,pre_ai,2021,Mathematics,11,18.0,0.0909090909090909,3.49650756146648,0.2727272727272727,0.7757675438596491,0.0,-0.0,0.8996379158713601,0.2727272727272727,openalex_pure_math_1000
W2967505158,pre_ai,2019,Mathematics,8,3.0,0.5,1.9756218592907135,0.5,0.4044117647058823,1.0,0.7356219397587946,0.8992371112108231,0.5,openalex_pure_math_1000
W2968536707,pre_ai,2020,Mathematics,2,12.5,0.5,1.8317808230648231,0.5,1.0,0.0,-0.0,0.8905186355113983,0.5,openalex_pure_math_1000
W2968891301,pre_ai,2019,Mathematics,5,29.0,0.0,3.332204510175204,0.2,0.6201058201058202,0.0,-0.0,0.8904600143432617,0.2,openalex_pure_math_1000
W2968956406,pre_ai,2020,Mathematics,13,5.0,0.3076923076923077,2.6390573296152584,0.2307692307692307,0.8027950310559007,0.3846153846153846,0.8587409130062867,0.8638295989770156,0.2307692307692307,openalex_pure_math_1000
W2969046458,pre_ai,2020,Mathematics,35,3.0,0.6,3.49650756146648,0.0,0.4881278538812785,0.8571428571428571,0.5353832434386065,0.8770760008266993,0.0,openalex_pure_math_1000
W2969361245,pre_ai,2019,Mathematics,20,3.0,0.7,2.393745871391024,0.35,0.9128497152760584,0.35,1.051256318980014,0.8842789977788925,0.35,openalex_pure_math_1000
W2969557960,pre_ai,2019,Mathematics,3,22.0,0.0,5.402677381872279,0.0,0.4894067796610169,0.3333333333333333,0.6365141682948128,0.8308431704839071,0.0,openalex_pure_math_1000
W2969569725,pre_ai,2021,Mathematics,26,7.0,0.1153846153846153,3.448852471564318,0.1153846153846153,0.5541740674955595,0.0,-0.0,0.88719059412296,0.1153846153846153,openalex_pure_math_1000
W2969739199,pre_ai,2019,Mathematics,22,5.5,0.3181818181818182,2.914472808805104,0.3181818181818182,0.8937310414560162,0.1363636363636363,0.4851045003909404,0.889144545251673,0.3181818181818182,openalex_pure_math_1000
W2969941872,pre_ai,2019,Mathematics,9,11.0,0.0,2.70805020110221,0.2222222222222222,0.631578947368421,0.0,-0.0,0.8905229436026679,0.2222222222222222,openalex_pure_math_1000
W2970705163,pre_ai,2019,Mathematics,4,4.5,0.5,2.297559925067296,0.25,0.7428571428571429,0.0,-0.0,0.908606007695198,0.25,openalex_pure_math_1000
W2970770635,pre_ai,2019,Mathematics,14,11.0,0.1428571428571428,3.865965360974244,0.2142857142857142,0.9131685628350988,0.0,-0.0,0.9154671430587769,0.2142857142857142,openalex_pure_math_1000
W2970933185,pre_ai,2021,Mathematics,29,11.0,0.2413793103448276,3.218875824868201,0.3103448275862069,0.5175473981444131,0.0344827586206896,0.149994923610415,0.903166992910977,0.3103448275862069,openalex_pure_math_1000
W2971110920,pre_ai,2019,Mathematics,9,13.0,0.0,3.4011973816621555,0.3333333333333333,0.4106090373280943,0.0,-0.0,0.9263831973075868,0.3333333333333333,openalex_pure_math_1000
W2971404727,pre_ai,2020,Mathematics,1,9.0,0.0,2.6390573296152584,0.0,1.0,0.0,-0.0,0.8528231978416443,0.0,openalex_pure_math_1000
W2971526600,pre_ai,2021,Mathematics,7,14.0,0.2857142857142857,4.7535901911063645,0.4285714285714285,0.3803803803803803,0.0,-0.0,0.9291491253035408,0.4285714285714285,openalex_pure_math_1000
W2971751871,pre_ai,2021,Mathematics,8,7.5,0.25,4.112751548783459,0.125,0.8312403234130398,0.25,0.5623351446188083,0.8910850957036018,0.125,openalex_pure_math_1000
W2971754005,pre_ai,2021,Mathematics,6,14.5,0.0,5.244246287238186,0.0,0.3929398148148148,0.3333333333333333,0.6365141682948128,0.8733978271484375,0.0,openalex_pure_math_1000
W2971883878,pre_ai,2019,Mathematics,11,14.5,0.0909090909090909,2.5649493574615367,0.3636363636363636,0.5228215767634855,0.1818181818181818,0.6001660731596457,0.9242879965088584,0.3636363636363636,openalex_pure_math_1000
W2972041918,pre_ai,2019,Mathematics,8,22.5,0.0,4.82687165971237,0.0,0.3651771956856702,0.0,-0.0,0.8914991468191147,0.0,openalex_pure_math_1000
W2972100230,pre_ai,2019,Mathematics,8,4.0,0.5,3.208366141256163,0.375,0.4826839826839826,0.0,-0.0,0.9342780038714408,0.375,openalex_pure_math_1000
W2972277222,pre_ai,2019,Mathematics,10,4.0,0.4,2.736135336835737,0.0,0.5425038639876353,0.0,-0.0,0.9115876078605653,0.0,openalex_pure_math_1000
W2972709218,pre_ai,2020,Mathematics,27,7.5,0.2222222222222222,2.9444389791664403,0.2592592592592592,0.5156695156695157,0.037037037037037,0.1584105701317908,0.8819384265829016,0.2592592592592592,openalex_pure_math_1000
W2973061536,pre_ai,2019,Mathematics,7,5.0,0.2857142857142857,2.079441541679836,0.5714285714285714,0.5070422535211268,0.1428571428571428,0.410116318288409,0.8731082081794739,0.5714285714285714,openalex_pure_math_1000
W2974031129,pre_ai,2019,Mathematics,13,15.0,0.1538461538461538,2.3978952727983707,0.4615384615384615,0.7287234042553191,0.0,-0.0,0.9266645312309264,0.4615384615384615,openalex_pure_math_1000
W2974303059,pre_ai,2020,Mathematics,14,5.0,0.2857142857142857,2.4260151319598084,0.5,0.8596491228070176,0.0,-0.0,0.910778820514679,0.5,openalex_pure_math_1000
W2975071082,pre_ai,2020,Mathematics,17,7.0,0.3529411764705882,3.258096538021482,0.2352941176470588,0.3179487179487179,0.0,-0.0,0.90484015380635,0.2352941176470588,openalex_pure_math_1000
W2975657574,pre_ai,2019,Mathematics,17,8.0,0.2352941176470588,2.772588722239781,0.4117647058823529,0.3933933933933934,0.0588235294117647,0.2237180760658337,0.9117901605718276,0.4117647058823529,openalex_pure_math_1000
W2977608625,pre_ai,2019,Mathematics,5,11.0,0.0,0.0,0.8,0.9166666666666666,0.4,0.9502705392332348,0.9279786944389344,0.8,openalex_pure_math_1000
W2977750121,pre_ai,2019,Mathematics,12,14.5,0.1666666666666666,3.855326661750601,0.1666666666666666,0.661873459326212,0.4166666666666667,0.6791932659915256,0.8899137377738953,0.1666666666666666,openalex_pure_math_1000
W2978179076,pre_ai,2020,Mathematics,28,7.0,0.1785714285714285,3.1345481418531307,0.1785714285714285,0.5583596214511041,0.7857142857142857,0.5195798391305154,0.8902278797967094,0.1785714285714285,openalex_pure_math_1000
W2978294029,pre_ai,2019,Mathematics,4,8.0,0.0,1.3195286648076292,0.75,0.6521739130434783,0.25,0.5623351446188083,0.8718809336423874,0.75,openalex_pure_math_1000
W2978369641,pre_ai,2019,Mathematics,3,29.0,0.3333333333333333,4.634728988229636,0.3333333333333333,0.5275229357798165,0.6666666666666666,0.6365141682948128,0.9450310667355856,0.3333333333333333,openalex_pure_math_1000
W2978424282,pre_ai,2020,Mathematics,6,19.5,0.0,5.380268852183004,0.1666666666666666,0.3869479235332894,0.1666666666666666,0.4505612088663046,0.9017652769883474,0.1666666666666666,openalex_pure_math_1000
W2978835743,pre_ai,2019,Mathematics,3,26.0,0.0,3.1780538303479458,0.0,0.89171974522293,0.0,-0.0,0.9189785917599996,0.0,openalex_pure_math_1000
W2978890163,pre_ai,2019,Mathematics,5,3.0,0.6,2.302585092994046,0.4,0.4,0.0,-0.0,0.8919008612632752,0.4,openalex_pure_math_1000
W2979432852,pre_ai,2019,Mathematics,3,11.0,0.0,2.079441541679836,0.6666666666666666,0.6060606060606061,0.0,-0.0,0.8771778345108032,0.6666666666666666,openalex_pure_math_1000
W2979505165,pre_ai,2021,Mathematics,10,10.0,0.1,3.1639683918645973,0.3,0.2873239436619718,0.1,0.3250829733914482,0.8995843887329101,0.3,openalex_pure_math_1000
W2979692167,pre_ai,2020,Mathematics,13,11.0,0.1538461538461538,3.737669618283368,0.3846153846153846,0.7393258426966293,0.5384615384615384,0.9110175397125628,0.9095118596003606,0.3846153846153846,openalex_pure_math_1000
W2980510860,pre_ai,2019,Mathematics,17,26.0,0.1176470588235294,4.430816798843313,0.2352941176470588,0.4602988573102842,0.1176470588235294,0.4437572842601484,0.8921119816163007,0.2352941176470588,openalex_pure_math_1000
W2981019462,pre_ai,2019,Mathematics,57,16.0,0.087719298245614,4.31748811353631,0.0701754385964912,0.9651999068080752,0.6842105263157895,1.8654179802596509,0.8573932020287764,0.0701754385964912,openalex_pure_math_1000
W2981145439,pre_ai,2019,Mathematics,16,3.5,0.5,2.9907071056272403,0.25,0.5147286821705427,0.0,-0.0,0.8962116427719593,0.25,openalex_pure_math_1000
W2981512748,pre_ai,2019,Mathematics,11,5.0,0.3636363636363636,2.302585092994046,0.4545454545454545,0.5363128491620112,0.0,-0.0,0.9192239100282844,0.4545454545454545,openalex_pure_math_1000
W2981621657,pre_ai,2019,Mathematics,4,19.5,0.0,3.2896256060050506,0.25,0.7841191066997518,0.0,-0.0,0.9236874431371688,0.25,openalex_pure_math_1000
W2981837538,pre_ai,2019,Mathematics,46,8.0,0.2608695652173913,3.525927811477947,0.0869565217391304,0.9869462847766596,0.6956521739130435,1.5816917005823985,0.8918900075166122,0.0869565217391304,openalex_pure_math_1000
W2981883688,pre_ai,2020,Mathematics,9,9.0,0.2222222222222222,2.4849066497880004,0.4444444444444444,0.4829721362229102,0.2222222222222222,0.5297061990576545,0.9277999997138976,0.4444444444444444,openalex_pure_math_1000
W2981916677,pre_ai,2019,Mathematics,10,16.5,0.2,3.760929626100815,0.2,0.3585346843335931,0.2,0.639031859650177,0.9317632853984832,0.2,openalex_pure_math_1000
W2982518385,pre_ai,2020,Mathematics,25,4.0,0.44,3.737669618283368,0.08,0.5854961832061069,0.8,0.5004024235381879,0.9236818838119508,0.08,openalex_pure_math_1000
W2983124725,pre_ai,2020,Mathematics,14,13.5,0.0714285714285714,3.3546521701291496,0.0714285714285714,0.4583333333333333,0.0,-0.0,0.9111124064241136,0.0714285714285714,openalex_pure_math_1000
W2983344675,pre_ai,2020,Mathematics,11,12.0,0.0909090909090909,3.737669618283368,0.1818181818181818,0.8577680525164114,0.1818181818181818,0.6001660731596457,0.914975643157959,0.1818181818181818,openalex_pure_math_1000
W2983974591,pre_ai,2019,Mathematics,8,2.0,0.625,1.7005986908310775,0.625,0.4700854700854701,0.25,0.5623351446188083,0.9293134957551956,0.625,openalex_pure_math_1000
W2984198556,pre_ai,2019,Mathematics,15,3.0,0.5333333333333333,3.332204510175204,0.2,0.8667533311667208,0.4666666666666667,1.1369165918330009,0.851542321840922,0.0666666666666666,openalex_pure_math_1000
W2984271118,pre_ai,2020,Mathematics,28,13.0,0.0357142857142857,3.091042453358316,0.1785714285714285,0.8260766682442026,0.1071428571428571,0.3404997784712986,0.8742003611155919,0.1785714285714285,openalex_pure_math_1000
W2985456604,pre_ai,2019,Mathematics,8,6.5,0.125,3.700615632206508,0.125,0.4640883977900552,0.5,1.2130075659799042,0.8611904606223106,0.125,openalex_pure_math_1000
W2986157891,pre_ai,2019,Mathematics,7,17.0,0.0,4.983606621708336,0.0,0.4976335361730899,0.2857142857142857,0.7963116401738131,0.8664837053843907,0.0,openalex_pure_math_1000
W2987038571,pre_ai,2020,Mathematics,5,11.0,0.0,4.262679877041316,0.2,0.9655437624980772,0.0,-0.0,0.9419358730316162,0.2,openalex_pure_math_1000
W2987629143,pre_ai,2019,Mathematics,8,20.0,0.0,3.093104311950247,0.25,0.7014977359804946,0.125,0.3767701612564367,0.919724963605404,0.25,openalex_pure_math_1000
W2988206630,pre_ai,2020,Mathematics,5,2.0,0.8,1.3862943611198906,0.8,0.9625,0.2,0.5004024235381879,0.8984114408493042,0.6,openalex_pure_math_1000
W2988671353,pre_ai,2020,Mathematics,24,9.0,0.1666666666666666,3.50605764715319,0.1666666666666666,0.8457439349319871,0.2083333333333333,0.7097131024243333,0.8694975450634956,0.1666666666666666,openalex_pure_math_1000
W2988719957,pre_ai,2019,Mathematics,9,5.0,0.3333333333333333,3.091042453358316,0.2222222222222222,0.3492957746478873,0.0,-0.0,0.9078296489185758,0.2222222222222222,openalex_pure_math_1000
W2989293101,pre_ai,2019,Mathematics,19,3.0,0.5789473684210527,3.044522437723423,0.1578947368421052,0.844299674267101,0.4736842105263157,0.9426749615639384,0.8613956633367037,0.0526315789473684,openalex_pure_math_1000
W2990124220,pre_ai,2020,Mathematics,15,20.0,0.2666666666666666,5.318119993844216,0.0666666666666666,0.7990584207147443,0.6,0.8823109245150755,0.8797103484471639,0.0666666666666666,openalex_pure_math_1000
W2990297730,pre_ai,2021,Mathematics,15,8.0,0.1333333333333333,4.007333185232471,0.0,0.3463855421686747,0.5333333333333333,0.891867395317251,0.8761863072713216,0.0,openalex_pure_math_1000
W2990447821,pre_ai,2019,Mathematics,6,7.5,0.0,2.744468863078344,0.3333333333333333,0.6952789699570815,0.3333333333333333,0.8675632284814612,0.861849049727122,0.3333333333333333,openalex_pure_math_1000
W2990494008,pre_ai,2019,Mathematics,44,11.0,0.1818181818181818,2.772588722239781,0.2954545454545454,0.99505005013708,0.7272727272727273,1.2460744116391496,0.898899803107435,0.2954545454545454,openalex_pure_math_1000
W2990555433,pre_ai,2020,Mathematics,12,8.5,0.25,3.997147493207989,0.25,0.6523229246001523,0.0833333333333333,0.2868359830561607,0.9186611225207648,0.25,openalex_pure_math_1000
W2990582066,pre_ai,2019,Mathematics,18,7.0,0.4444444444444444,2.2499048351651325,0.4444444444444444,0.7881656804733728,0.2222222222222222,0.760755259244303,0.9030238224400414,0.4444444444444444,openalex_pure_math_1000
W2990725257,pre_ai,2021,Mathematics,13,21.0,0.1538461538461538,6.082218910376446,0.3076923076923077,0.6055604460093896,0.3076923076923077,0.7902679680745903,0.899327447781196,0.3076923076923077,openalex_pure_math_1000
W2991129734,pre_ai,2019,Mathematics,6,9.0,0.3333333333333333,1.732867951399863,0.6666666666666666,0.9818676337262012,0.0,-0.0,0.9193545381228128,0.6666666666666666,openalex_pure_math_1000
W2991208831,pre_ai,2019,Mathematics,10,14.0,0.1,5.114828448080722,0.0,0.4184470008216926,0.1,0.3250829733914482,0.9097156167030336,0.0,openalex_pure_math_1000
W2991222178,pre_ai,2019,Mathematics,10,25.0,0.1,2.7546941683139883,0.3,0.3252427184466019,0.9,0.3250829733914482,0.8916492640972138,0.3,openalex_pure_math_1000
W2991268634,pre_ai,2019,Mathematics,13,11.0,0.1538461538461538,2.995732273553991,0.2307692307692307,0.7815968492660222,0.1538461538461538,0.4293230219306162,0.8874183297157288,0.2307692307692307,openalex_pure_math_1000
W2991283916,pre_ai,2019,Mathematics,7,15.0,0.2857142857142857,2.302585092994046,0.4285714285714285,0.7294303797468354,0.0,-0.0,0.9250030432428632,0.4285714285714285,openalex_pure_math_1000
W2991355800,pre_ai,2020,Mathematics,9,5.0,0.2222222222222222,2.19722457733622,0.4444444444444444,0.6006711409395973,0.1111111111111111,0.3488320958430319,0.8998906281259325,0.4444444444444444,openalex_pure_math_1000
W2991655221,pre_ai,2020,Mathematics,8,19.0,0.125,2.4563274428680257,0.5,0.67421875,0.0,-0.0,0.9146989658474922,0.5,openalex_pure_math_1000
W2991681045,pre_ai,2019,Mathematics,5,16.0,0.0,2.8903717578961645,0.2,0.9532051282051284,0.4,0.6730116670092565,0.8923264026641846,0.2,openalex_pure_math_1000
W2992034912,pre_ai,2019,Mathematics,11,5.0,0.0909090909090909,3.091042453358316,0.4545454545454545,0.6077348066298343,0.0,-0.0,0.9282385273413224,0.4545454545454545,openalex_pure_math_1000
W2992186099,pre_ai,2020,Mathematics,14,20.5,0.0714285714285714,3.622113757801675,0.2857142857142857,0.6668124180148667,0.1428571428571428,0.509137344082687,0.9115978223936898,0.2857142857142857,openalex_pure_math_1000
W2992264513,pre_ai,2019,Mathematics,22,9.5,0.0454545454545454,2.381086967398878,0.4090909090909091,0.8023255813953488,0.5909090909090909,1.0843629508682475,0.90724993835796,0.4090909090909091,openalex_pure_math_1000
W2992399265,pre_ai,2020,Mathematics,7,10.0,0.4285714285714285,1.3862943611198906,0.5714285714285714,0.9044502617801048,0.2857142857142857,0.7963116401738131,0.8947280304772514,0.5714285714285714,openalex_pure_math_1000
W2993113096,pre_ai,2019,Mathematics,26,10.0,0.1153846153846153,3.0868930519509683,0.1923076923076923,0.653020892151327,0.4615384615384615,1.07047454517315,0.901525291112753,0.1923076923076923,openalex_pure_math_1000
W2993538439,pre_ai,2019,Mathematics,8,4.5,0.5,3.255129170261575,0.25,0.9748968363136176,0.0,-0.0,0.8964752554893494,0.25,openalex_pure_math_1000
W2993995911,pre_ai,2019,Mathematics,5,2.0,0.6,2.4849066497880004,0.4,0.7594718714121699,0.0,-0.0,0.9446489334106444,0.4,openalex_pure_math_1000
W2994257070,pre_ai,2019,Mathematics,5,14.0,0.0,3.80666248977032,0.2,0.4289693593314763,0.0,-0.0,0.8940800309181214,0.2,openalex_pure_math_1000
W2994271239,pre_ai,2019,Mathematics,23,3.0,0.5217391304347826,2.772588722239781,0.391304347826087,0.6854807318022577,0.0434782608695652,0.1788449127168475,0.8959062436352605,0.391304347826087,openalex_pure_math_1000
W2994467322,pre_ai,2021,Mathematics,2,31.0,0.0,5.371664556123438,0.0,0.9289156626506024,0.0,-0.0,0.9204698801040648,0.0,openalex_pure_math_1000
W2994665689,pre_ai,2020,Mathematics,10,4.0,0.2,0.8958797346140275,0.6,0.4025974025974026,0.1,0.3250829733914482,0.8955404341220856,0.6,openalex_pure_math_1000
W2995029806,pre_ai,2020,Mathematics,2,42.5,0.0,6.431443868421358,0.0,0.9472733838931022,0.0,-0.0,0.8847671151161194,0.0,openalex_pure_math_1000
W2995099250,pre_ai,2019,Mathematics,4,9.0,0.25,3.0868930519509687,0.25,0.8127090301003345,0.25,0.5623351446188083,0.9145209193229676,0.25,openalex_pure_math_1000
W2995191666,pre_ai,2019,Mathematics,33,2.0,0.5151515151515151,2.9444389791664403,0.1212121212121212,0.8715953307392996,0.5454545454545454,1.1519286336001588,0.8439003554257479,0.1212121212121212,openalex_pure_math_1000
W2995236145,pre_ai,2020,Mathematics,8,11.5,0.125,3.406722299755448,0.125,0.5222470792940591,0.0,-0.0,0.9113751277327538,0.125,openalex_pure_math_1000
W2996047482,pre_ai,2019,Mathematics,5,10.0,0.2,2.19722457733622,0.2,0.625,0.0,-0.0,0.9093745112419128,0.2,openalex_pure_math_1000
W2996167494,pre_ai,2019,Mathematics,5,19.0,0.0,3.9889840465642745,0.0,0.5204301075268817,0.6,1.3321790402101223,0.8762802243232727,0.0,openalex_pure_math_1000
W2996417889,pre_ai,2019,Mathematics,4,11.0,0.25,2.9303931117329327,0.25,0.9639222941720628,0.25,0.5623351446188083,0.8877257406711578,0.25,openalex_pure_math_1000
W2996487043,pre_ai,2019,Mathematics,9,3.0,0.5555555555555556,1.0986122886681098,0.5555555555555556,0.5359019264448336,0.1111111111111111,0.3488320958430319,0.8613124092419943,0.5555555555555556,openalex_pure_math_1000
W2996594086,pre_ai,2019,Mathematics,17,16.0,0.0588235294117647,4.189654742026425,0.0588235294117647,0.5257234726688103,0.0,-0.0,0.9139822300742654,0.0588235294117647,openalex_pure_math_1000
W2997586548,pre_ai,2021,Mathematics,6,18.0,0.1666666666666666,2.138333059508028,0.5,0.34,0.3333333333333333,0.8675632284814612,0.910812904437383,0.5,openalex_pure_math_1000
W2997614989,pre_ai,2020,Mathematics,1,3.0,1.0,4.48863636973214,0.0,1.0,0.0,-0.0,0.9203863143920898,0.0,openalex_pure_math_1000
W2997829635,pre_ai,2019,Mathematics,6,29.5,0.0,3.997821802143636,0.1666666666666666,0.9290142591444512,0.0,-0.0,0.8567586640516917,0.1666666666666666,openalex_pure_math_1000
W2997930635,pre_ai,2021,Mathematics,13,23.0,0.0,4.442651256490317,0.1538461538461538,0.5335365853658537,0.5384615384615384,0.9110175397125628,0.8688118045146649,0.1538461538461538,openalex_pure_math_1000
W2997971297,pre_ai,2021,Mathematics,29,18.0,0.0689655172413793,3.4657359027997265,0.1034482758620689,0.538285252089512,0.1034482758620689,0.3984405075837697,0.8885011200247139,0.1034482758620689,openalex_pure_math_1000
W2997984782,pre_ai,2019,Mathematics,7,23.5,0.0,3.951243718581428,0.1428571428571428,0.3098039215686274,0.0,-0.0,0.9144945655550276,0.1428571428571428,openalex_pure_math_1000
W2998016122,pre_ai,2020,Mathematics,11,6.0,0.1818181818181818,1.0986122886681098,0.6363636363636364,0.9694606887589344,0.0909090909090909,0.3046360973492381,0.852673200043765,0.6363636363636364,openalex_pure_math_1000
W2998045824,pre_ai,2019,Mathematics,23,6.0,0.3478260869565217,3.367295829986474,0.391304347826087,0.8997427416391033,0.9130434782608696,0.8131904766573733,0.8853498101234436,0.391304347826087,openalex_pure_math_1000
W2998358639,pre_ai,2021,Mathematics,18,12.5,0.2777777777777778,2.596478425445105,0.3888888888888889,0.5345345345345346,0.0,-0.0,0.885453955994712,0.3888888888888889,openalex_pure_math_1000
W2998415755,pre_ai,2019,Mathematics,13,5.0,0.3846153846153846,2.833213344056216,0.3076923076923077,0.6200317965023847,0.6923076923076923,0.9839614460010256,0.9003774844683133,0.3076923076923077,openalex_pure_math_1000
W2998654349,pre_ai,2019,Mathematics,10,3.0,0.6,2.3502401828962083,0.4,0.6142241379310345,0.7,1.5047882836811908,0.8955296754837037,0.4,openalex_pure_math_1000
W2999241944,pre_ai,2019,Mathematics,4,9.0,0.25,3.336648983883827,0.5,0.6573816155988857,0.0,-0.0,0.8650452345609665,0.5,openalex_pure_math_1000
W2999351057,pre_ai,2019,Mathematics,4,10.5,0.25,4.393762812766452,0.0,0.5717761557177615,0.75,0.5623351446188083,0.8410679548978806,0.0,openalex_pure_math_1000
W2999508244,pre_ai,2020,Mathematics,11,6.0,0.4545454545454545,2.302585092994046,0.3636363636363636,0.8496376811594203,0.0909090909090909,0.3046360973492381,0.9138618165796454,0.3636363636363636,openalex_pure_math_1000
W2999588711,pre_ai,2021,Mathematics,8,26.0,0.125,4.23316043052124,0.25,0.7252348420153715,0.25,0.7356219397587946,0.9089938998222352,0.25,openalex_pure_math_1000
W2999629773,pre_ai,2019,Mathematics,3,21.0,0.0,4.127134385045092,0.0,0.8578199052132701,0.6666666666666666,0.6365141682948128,0.868871827920278,0.0,openalex_pure_math_1000
W2999669067,pre_ai,2021,Mathematics,27,14.0,0.1851851851851851,4.574710978503383,0.1481481481481481,0.3405330882352941,0.037037037037037,0.1584105701317908,0.9093530398828013,0.1481481481481481,openalex_pure_math_1000
W2999782626,pre_ai,2020,Mathematics,18,2.0,0.7222222222222222,2.0126758453675744,0.5555555555555556,0.6283924843423799,0.0,-0.0,0.9182732568846808,0.5555555555555556,openalex_pure_math_1000
W3000049165,pre_ai,2019,Mathematics,6,26.5,0.0,6.539830224184328,0.0,0.4522783251231527,0.3333333333333333,0.8675632284814612,0.9028070072333018,0.0,openalex_pure_math_1000
W3000052755,pre_ai,2020,Mathematics,40,12.0,0.025,4.442305115943436,0.125,0.3300324090745408,0.25,0.6436058879666704,0.8966206803917884,0.1,openalex_pure_math_1000
W3000373331,pre_ai,2019,Mathematics,25,4.0,0.44,2.772588722239781,0.2,0.9330429497568882,0.32,1.0150318786859958,0.8657884430885315,0.2,openalex_pure_math_1000
W3000466217,pre_ai,2019,Mathematics,3,21.0,0.0,2.772588722239781,0.3333333333333333,0.8369565217391305,0.3333333333333333,0.6365141682948128,0.8226165572802225,0.3333333333333333,openalex_pure_math_1000
W3000800828,pre_ai,2020,Mathematics,7,6.0,0.0,3.367295829986474,0.1428571428571428,0.5438066465256798,0.0,-0.0,0.9106697865894864,0.1428571428571428,openalex_pure_math_1000
W3001139232,pre_ai,2020,Mathematics,12,14.0,0.1666666666666666,4.001347081141969,0.0833333333333333,0.3898305084745763,0.0833333333333333,0.2868359830561607,0.8913342307011286,0.0833333333333333,openalex_pure_math_1000
W3001327456,pre_ai,2019,Mathematics,18,10.0,0.1111111111111111,3.020127355638707,0.2777777777777778,0.6193353474320241,0.0555555555555555,0.2145591551764051,0.912277658780416,0.2777777777777778,openalex_pure_math_1000
W3001463643,pre_ai,2020,Mathematics,3,20.0,0.3333333333333333,2.079441541679836,0.6666666666666666,0.9802731411229136,0.0,-0.0,0.8794433871905009,0.6666666666666666,openalex_pure_math_1000
W3002131486,pre_ai,2020,Mathematics,81,12.0,0.0864197530864197,4.727387818712341,0.1481481481481481,0.6692080958931028,0.5679012345679012,1.5834139329653596,0.8848842882815703,0.1358024691358024,openalex_pure_math_1000
W3002741190,pre_ai,2019,Mathematics,8,7.0,0.125,2.6020033435383976,0.125,0.9227272727272728,0.375,1.0735428464085233,0.811066672205925,0.125,openalex_pure_math_1000
W3002988827,pre_ai,2020,Mathematics,9,7.0,0.0,2.4849066497880004,0.4444444444444444,0.5182072829131653,0.2222222222222222,0.6837389058487535,0.9230128195550706,0.4444444444444444,openalex_pure_math_1000
W3003573805,pre_ai,2020,Mathematics,10,20.5,0.1,3.4637789531391583,0.3,0.395017793594306,0.2,0.5004024235381879,0.9076617777347564,0.3,openalex_pure_math_1000
W3003604853,pre_ai,2020,Mathematics,8,6.0,0.125,2.540702182492232,0.5,0.6465336134453782,0.5,0.9743147528693494,0.9067931175231934,0.5,openalex_pure_math_1000
W3003824243,pre_ai,2020,Mathematics,11,6.0,0.1818181818181818,3.80666248977032,0.2727272727272727,0.7938534278959811,0.0909090909090909,0.3046360973492381,0.890620388767936,0.2727272727272727,openalex_pure_math_1000
W3004772289,pre_ai,2020,Mathematics,10,20.5,0.0,3.9743692274068056,0.1,0.4438419829589465,0.0,-0.0,0.9102398991584778,0.1,openalex_pure_math_1000
W3004997838,pre_ai,2020,Mathematics,19,9.0,0.3684210526315789,3.367295829986474,0.2105263157894736,0.7655055225148684,0.1578947368421052,0.4361623253853443,0.9065964033729152,0.2105263157894736,openalex_pure_math_1000
W3005048604,pre_ai,2020,Mathematics,7,15.0,0.1428571428571428,2.833213344056216,0.1428571428571428,0.8574040219378428,0.1428571428571428,0.410116318288409,0.8943161027772086,0.1428571428571428,openalex_pure_math_1000
W3005086059,pre_ai,2021,Mathematics,5,29.0,0.0,3.295836866004329,0.0,0.7167474421109317,0.2,0.5004024235381879,0.860567569732666,0.0,openalex_pure_math_1000
W3005091309,pre_ai,2020,Mathematics,9,11.0,0.2222222222222222,2.5649493574615367,0.4444444444444444,0.4804469273743016,0.4444444444444444,0.936888307539016,0.8729259371757507,0.4444444444444444,openalex_pure_math_1000
W3005097972,pre_ai,2021,Mathematics,12,7.5,0.3333333333333333,2.3502401828962083,0.3333333333333333,0.8958534233365477,0.1666666666666666,0.5660857389596289,0.877741073568662,0.3333333333333333,openalex_pure_math_1000
W3005210554,pre_ai,2019,Mathematics,38,7.5,0.2368421052631578,3.524627420627918,0.2631578947368421,0.8054702460526791,0.5789473684210527,1.505358669607521,0.8415177244889108,0.2368421052631578,openalex_pure_math_1000
W3005318199,pre_ai,2020,Mathematics,4,14.5,0.0,3.821980974501265,0.0,0.7217194570135747,0.0,-0.0,0.8967592716217041,0.0,openalex_pure_math_1000
W3005376633,pre_ai,2020,Mathematics,7,28.5,0.2857142857142857,3.6635616461296463,0.2857142857142857,0.8444576877234803,0.1428571428571428,0.410116318288409,0.8677597216197422,0.2857142857142857,openalex_pure_math_1000
W3005781990,pre_ai,2020,Mathematics,12,12.0,0.0,3.398970206487465,0.0833333333333333,0.3405275779376499,0.0,-0.0,0.926670178771019,0.0833333333333333,openalex_pure_math_1000
W3005951108,pre_ai,2021,Mathematics,12,10.0,0.1666666666666666,2.19722457733622,0.4166666666666667,0.7745302713987474,0.0833333333333333,0.2868359830561607,0.8736590991417567,0.4166666666666667,openalex_pure_math_1000
W3006229461,pre_ai,2020,Mathematics,19,11.5,0.0,2.19722457733622,0.4736842105263157,0.6336283185840708,0.0526315789473684,0.2061920506332318,0.8901606013900355,0.4736842105263157,openalex_pure_math_1000
W3006797905,pre_ai,2019,Mathematics,8,11.0,0.25,2.1910133173369406,0.5,0.8104575163398693,0.0,-0.0,0.924815572798252,0.5,openalex_pure_math_1000
W3006941672,pre_ai,2020,Mathematics,15,15.0,0.2,4.564348191467836,0.1333333333333333,0.6688699360341152,0.3333333333333333,0.6365141682948128,0.919312008221944,0.1333333333333333,openalex_pure_math_1000
W3007479533,pre_ai,2020,Mathematics,12,15.0,0.1666666666666666,3.36670094591868,0.25,0.4016393442622951,0.0,-0.0,0.89983402689298,0.25,openalex_pure_math_1000
W3007517304,pre_ai,2020,Mathematics,22,8.5,0.0454545454545454,4.189539944643301,0.0909090909090909,0.5297065139584825,0.0454545454545454,0.1849073991677756,0.9207011705095116,0.0454545454545454,openalex_pure_math_1000
W3007648541,pre_ai,2020,Mathematics,5,12.0,0.2,4.709530201312334,0.2,0.3408521303258145,0.0,-0.0,0.9322272658348084,0.2,openalex_pure_math_1000
W3007797430,pre_ai,2019,Mathematics,9,9.0,0.0,2.772588722239781,0.0,0.3187772925764192,0.1111111111111111,0.3488320958430319,0.8831673529413011,0.0,openalex_pure_math_1000
W3008143881,pre_ai,2021,Mathematics,23,16.5,0.1304347826086956,3.713572066704308,0.2608695652173913,0.6968354430379747,0.0434782608695652,0.1788449127168475,0.8972989916801453,0.2608695652173913,openalex_pure_math_1000
W3008376694,pre_ai,2020,Mathematics,6,11.5,0.0,2.7992109794991875,0.0,0.603595890410959,0.5,1.0114042647073516,0.8832156161467234,0.0,openalex_pure_math_1000
W3008393121,pre_ai,2020,Mathematics,17,3.0,0.5294117647058824,3.1780538303479458,0.2352941176470588,0.823193373321908,0.1176470588235294,0.362210557135449,0.8955744399743921,0.2352941176470588,openalex_pure_math_1000
W3008999818,pre_ai,2019,Mathematics,4,1.0,1.0,0.3465735902799726,1.0,0.8,0.0,-0.0,0.9213942438364028,1.0,openalex_pure_math_1000
W3009025310,pre_ai,2019,Mathematics,8,6.0,0.25,2.787974551573158,0.375,0.3141025641025641,0.25,0.5623351446188083,0.8745159581303596,0.375,openalex_pure_math_1000
W3009214402,pre_ai,2020,Mathematics,8,14.0,0.125,5.021646486113502,0.125,0.3476702508960573,0.0,-0.0,0.8778127580881119,0.125,openalex_pure_math_1000
W3009257753,pre_ai,2019,Mathematics,6,5.0,0.1666666666666666,1.039720770839918,1.0,0.3529411764705882,0.6666666666666666,0.6365141682948128,0.9487771391868592,1.0,openalex_pure_math_1000
W3009332521,pre_ai,2020,Mathematics,12,8.0,0.25,2.850221786695343,0.4166666666666667,0.6574468085106383,0.0,-0.0,0.9355911860863368,0.4166666666666667,openalex_pure_math_1000
W3009483130,pre_ai,2019,Mathematics,6,2.5,0.6666666666666666,1.354025100551105,0.6666666666666666,0.7634408602150538,0.0,-0.0,0.861378143231074,0.6666666666666666,openalex_pure_math_1000
W3010668526,pre_ai,2020,Mathematics,11,11.0,0.1818181818181818,3.295836866004329,0.2727272727272727,0.4012539184952978,0.0,-0.0,0.9061327522451228,0.2727272727272727,openalex_pure_math_1000
W3010720197,pre_ai,2020,Mathematics,22,5.0,0.3636363636363636,3.349750170080839,0.0454545454545454,0.4108967082860386,0.0,-0.0,0.921032266183333,0.0454545454545454,openalex_pure_math_1000
W3010922731,pre_ai,2021,Mathematics,7,5.0,0.2857142857142857,1.0986122886681098,0.7142857142857143,0.952922077922078,0.1428571428571428,0.410116318288409,0.9092653393745422,0.7142857142857143,openalex_pure_math_1000
W3010955522,pre_ai,2020,Mathematics,16,12.5,0.125,3.857115572424543,0.1875,0.4298921417565485,0.25,0.5623351446188083,0.8775968216359615,0.1875,openalex_pure_math_1000
W3011006690,pre_ai,2020,Mathematics,7,2.0,0.5714285714285714,2.833213344056216,0.2857142857142857,0.3291925465838509,0.0,-0.0,0.8837198955672128,0.2857142857142857,openalex_pure_math_1000
W3011026318,pre_ai,2020,Mathematics,13,8.0,0.1538461538461538,3.258096538021482,0.2307692307692307,0.3955431754874652,0.0,-0.0,0.887884795665741,0.2307692307692307,openalex_pure_math_1000
W3011086337,pre_ai,2020,Mathematics,7,8.0,0.0,2.3978952727983707,0.4285714285714285,0.6985815602836879,0.1428571428571428,0.410116318288409,0.8857525757380894,0.4285714285714285,openalex_pure_math_1000
W3011434157,pre_ai,2020,Mathematics,15,10.0,0.2666666666666666,4.127134385045092,0.0,0.7134107708553327,0.8,0.7298712099831165,0.874930989742279,0.0,openalex_pure_math_1000
W3011744157,pre_ai,2020,Mathematics,7,9.0,0.2857142857142857,3.218875824868201,0.1428571428571428,0.4359861591695502,0.0,-0.0,0.9584057586533684,0.1428571428571428,openalex_pure_math_1000
W3011860698,pre_ai,2020,Mathematics,8,2.5,0.625,2.34106561356211,0.375,0.6590909090909091,0.0,-0.0,0.9356555268168448,0.375,openalex_pure_math_1000
W3011875635,pre_ai,2021,Mathematics,5,2.0,0.6,2.772588722239781,0.4,0.430379746835443,0.2,0.5004024235381879,0.9009621262550354,0.4,openalex_pure_math_1000
W3012633103,pre_ai,2020,Mathematics,2,18.0,0.5,1.2824746787307684,0.5,1.0,0.5,0.6931471805599453,0.9278202652931212,0.5,openalex_pure_math_1000
W3012934647,pre_ai,2020,Mathematics,13,16.0,0.0769230769230769,4.48863636973214,0.1538461538461538,0.6190143306536177,0.0769230769230769,0.2711893730418441,0.8869763200099652,0.1538461538461538,openalex_pure_math_1000
W3013098840,pre_ai,2021,Mathematics,9,17.0,0.2222222222222222,3.4657359027997265,0.3333333333333333,0.6900420757363254,0.1111111111111111,0.3488320958430319,0.8999783065583971,0.3333333333333333,openalex_pure_math_1000
W3013138469,pre_ai,2020,Mathematics,19,10.0,0.3157894736842105,3.218875824868201,0.3157894736842105,0.9242693363474892,0.8421052631578947,0.4361623253853443,0.8670481317921689,0.3157894736842105,openalex_pure_math_1000
W3013560797,pre_ai,2020,Mathematics,3,18.0,0.0,5.181783550292085,0.0,0.6535859269282814,1.0,0.6365141682948128,0.8539048631985983,0.0,openalex_pure_math_1000
W3013765461,pre_ai,2019,Mathematics,13,7.0,0.3846153846153846,3.555348061489413,0.2307692307692307,0.8391518526451061,0.1538461538461538,0.4293230219306162,0.9325997875286982,0.2307692307692307,openalex_pure_math_1000
W3013902002,pre_ai,2020,Mathematics,19,8.0,0.3157894736842105,2.70805020110221,0.3684210526315789,0.5627996164908916,0.0,-0.0,0.9211596281904924,0.3684210526315789,openalex_pure_math_1000
W3014065338,pre_ai,2021,Mathematics,14,7.0,0.2142857142857142,3.9947802246669326,0.4285714285714285,0.5048118985126859,0.1428571428571428,0.410116318288409,0.8680122579847064,0.4285714285714285,openalex_pure_math_1000
W3014244055,pre_ai,2020,Mathematics,9,8.0,0.0,2.833213344056216,0.2222222222222222,0.3224043715846995,0.0,-0.0,0.9280131922827828,0.2222222222222222,openalex_pure_math_1000
W3014259847,pre_ai,2020,Mathematics,6,11.0,0.1666666666666666,2.3680992241972474,0.5,0.6747572815533981,0.0,-0.0,0.9161810775597892,0.5,openalex_pure_math_1000
W3014409821,pre_ai,2020,Mathematics,14,9.0,0.3571428571428571,4.590043664402581,0.2142857142857142,0.6989209476894206,0.5,0.8982053397041498,0.8462613480431693,0.2142857142857142,openalex_pure_math_1000
W3014535763,pre_ai,2020,Mathematics,8,14.0,0.125,3.5975936600893546,0.125,0.3811252268602541,0.0,-0.0,0.908045031130314,0.125,openalex_pure_math_1000
W3014991921,pre_ai,2020,Mathematics,5,6.0,0.2,1.9459101490553128,0.6,0.7358490566037735,0.0,-0.0,0.9143956184387207,0.6,openalex_pure_math_1000
W3015013266,pre_ai,2021,Mathematics,20,12.5,0.05,3.583132987066819,0.1,0.7945896377808345,0.0,-0.0,0.921383172273636,0.1,openalex_pure_math_1000
W3015086494,pre_ai,2020,Mathematics,4,6.0,0.5,3.034212794122056,0.25,0.688622754491018,0.75,1.039720770839918,0.7931736260652542,0.0,openalex_pure_math_1000
W3015605966,pre_ai,2020,Mathematics,11,8.0,0.2727272727272727,3.367295829986474,0.2727272727272727,0.8700892857142857,0.3636363636363636,0.6554817739013927,0.8343141566623341,0.1818181818181818,openalex_pure_math_1000
W3015736857,pre_ai,2020,Mathematics,49,15.0,0.0816326530612244,4.532599493153256,0.0408163265306122,0.7015416005440943,0.9591836734693876,1.125537035718298,0.9076034487510214,0.0408163265306122,openalex_pure_math_1000
W3015798963,pre_ai,2019,Mathematics,2,10.0,0.0,4.01634243798381,0.0,0.6608695652173913,0.0,-0.0,0.9463613927364348,0.0,openalex_pure_math_1000
W3015876167,pre_ai,2020,Mathematics,6,3.0,0.6666666666666666,2.381086967398878,0.3333333333333333,0.4409448818897638,0.0,-0.0,0.918450891971588,0.3333333333333333,openalex_pure_math_1000
W3015954656,pre_ai,2020,Mathematics,6,20.5,0.0,4.288861845578134,0.0,0.5530642750373692,0.8333333333333334,0.4505612088663046,0.8998841047286987,0.0,openalex_pure_math_1000
W3015957165,pre_ai,2021,Mathematics,34,5.0,0.2647058823529412,3.091042453358316,0.2352941176470588,0.9523123637496108,0.1764705882352941,0.619098650222477,0.8833185259033652,0.2058823529411764,openalex_pure_math_1000
W3015998705,pre_ai,2020,Mathematics,8,38.0,0.0,2.70582302592752,0.0,0.5130434782608696,0.0,-0.0,0.9173726141452788,0.0,openalex_pure_math_1000
W3016317602,pre_ai,2020,Mathematics,4,9.0,0.25,2.9907071056272403,0.5,0.6079207920792079,0.25,0.5623351446188083,0.8571689128875732,0.5,openalex_pure_math_1000
W3016445463,pre_ai,2020,Mathematics,6,7.0,0.1666666666666666,2.9485769338183703,0.3333333333333333,0.4897025171624714,0.3333333333333333,0.8675632284814612,0.866278201341629,0.3333333333333333,openalex_pure_math_1000
W3016704122,pre_ai,2019,Mathematics,25,16.0,0.16,3.258096538021482,0.2,0.7111877772301627,0.0,-0.0,0.8956018733978272,0.2,openalex_pure_math_1000
W3016793835,pre_ai,2020,Mathematics,10,3.5,0.5,3.50334761341852,0.2,0.4865591397849462,0.4,1.0888999753452235,0.8853093028068543,0.2,openalex_pure_math_1000
W3016871829,pre_ai,2020,Mathematics,12,10.5,0.0833333333333333,2.5184763012068148,0.25,0.5846153846153846,0.1666666666666666,0.4505612088663046,0.9045244057973226,0.25,openalex_pure_math_1000
W3016892113,pre_ai,2020,Mathematics,17,13.0,0.2941176470588235,3.912023005428146,0.2352941176470588,0.7061095505617978,0.1176470588235294,0.362210557135449,0.8890910779728609,0.2352941176470588,openalex_pure_math_1000
W3016930868,pre_ai,2020,Mathematics,5,20.0,0.2,2.8903717578961645,0.2,0.9728206827974808,0.0,-0.0,0.91636825799942,0.2,openalex_pure_math_1000
W3017012611,pre_ai,2019,Mathematics,23,10.0,0.2608695652173913,2.6390573296152584,0.3478260869565217,0.891169853768279,0.0,-0.0,0.8891245463620061,0.3478260869565217,openalex_pure_math_1000
W3018303087,pre_ai,2020,Mathematics,46,7.0,0.108695652173913,4.350090596376676,0.0434782608695652,0.5749085206481965,0.8043478260869565,1.7688958163855344,0.8981711683065995,0.0434782608695652,openalex_pure_math_1000
W3018343855,pre_ai,2020,Mathematics,7,5.0,0.2857142857142857,1.791759469228055,0.7142857142857143,0.4210526315789473,0.0,-0.0,0.9563250967434476,0.7142857142857143,openalex_pure_math_1000
W3018499532,pre_ai,2020,Mathematics,6,18.5,0.1666666666666666,2.8617925509761903,0.1666666666666666,0.38,0.6666666666666666,0.6365141682948128,0.92362109820048,0.1666666666666666,openalex_pure_math_1000
W3018843592,pre_ai,2021,Mathematics,14,10.0,0.1428571428571428,3.860674306308975,0.0,0.7035256410256411,0.0714285714285714,0.2573186405438316,0.9110178010804312,0.0,openalex_pure_math_1000
W3019000221,pre_ai,2020,Mathematics,8,8.5,0.125,3.4376160436382888,0.0,0.2838283828382838,0.125,0.3767701612564367,0.919432133436203,0.0,openalex_pure_math_1000
W3019700698,pre_ai,2020,Mathematics,12,12.0,0.1666666666666666,2.70582302592752,0.4166666666666667,0.6708074534161491,0.0833333333333333,0.2868359830561607,0.9182077596584955,0.4166666666666667,openalex_pure_math_1000
W3019796901,pre_ai,2021,Mathematics,18,6.5,0.1111111111111111,2.4849066497880004,0.3333333333333333,0.6716101694915254,0.0555555555555555,0.2145591551764051,0.9201352298259736,0.3333333333333333,openalex_pure_math_1000
W3020633297,pre_ai,2020,Mathematics,2,7.5,0.0,2.723368685833155,0.5,0.8,0.5,0.6931471805599453,0.9593710601329803,0.5,openalex_pure_math_1000
W3020706407,pre_ai,2020,Mathematics,6,2.0,0.8333333333333334,1.4978661367769954,0.8333333333333334,0.4347826086956521,0.0,-0.0,0.8989735047022501,0.8333333333333334,openalex_pure_math_1000
W3020866720,pre_ai,2020,Mathematics,7,4.5,0.2857142857142857,1.3862943611198906,0.5714285714285714,0.7740384615384616,0.5714285714285714,0.6829081047004717,0.9126072100230626,0.5714285714285714,openalex_pure_math_1000
W3020927715,pre_ai,2020,Mathematics,19,2.0,0.6842105263157895,2.079441541679836,0.5263157894736842,0.4128440366972477,0.2105263157894736,0.6605788876520756,0.8850217492956864,0.5263157894736842,openalex_pure_math_1000
W3021416659,pre_ai,2021,Mathematics,13,4.0,0.2307692307692307,3.258096538021482,0.3076923076923077,0.7721088435374149,0.2307692307692307,0.5402041423888608,0.8690942938511188,0.3076923076923077,openalex_pure_math_1000
W3021729587,pre_ai,2020,Mathematics,5,29.0,0.0,3.970291913552122,0.2,0.6480804387568556,0.4,0.6730116670092565,0.9083524703979492,0.2,openalex_pure_math_1000
W3021971681,pre_ai,2020,Mathematics,1,7.0,0.0,3.970291913552122,0.0,1.0,0.0,-0.0,0.871735155582428,0.0,openalex_pure_math_1000
W3022224104,pre_ai,2020,Mathematics,9,4.0,0.4444444444444444,2.6390573296152584,0.3333333333333333,0.4879518072289157,0.0,-0.0,0.9179410603311328,0.3333333333333333,openalex_pure_math_1000
W3022283094,pre_ai,2020,Mathematics,9,20.0,0.0,5.700443573390687,0.0,0.6520881289049655,0.4444444444444444,0.936888307539016,0.8542864190207587,0.0,openalex_pure_math_1000
W3022789384,pre_ai,2021,Mathematics,10,12.0,0.2,2.80473589759248,0.4,0.7020262216924911,0.0,-0.0,0.9307005047798156,0.4,openalex_pure_math_1000
W3022981677,pre_ai,2020,Mathematics,19,18.0,0.2631578947368421,4.158883083359672,0.3157894736842105,0.9162308153991254,0.3157894736842105,0.8246593237664703,0.8830221420840213,0.3157894736842105,openalex_pure_math_1000
W3023110142,pre_ai,2020,Mathematics,7,9.0,0.1428571428571428,2.70805020110221,0.1428571428571428,0.8881691101261507,0.4285714285714285,0.9556998911125344,0.8660965647016253,0.1428571428571428,openalex_pure_math_1000
W3023152706,pre_ai,2020,Mathematics,3,22.0,0.0,5.313205979041787,0.0,0.8683068017366136,0.0,-0.0,0.9238319993019104,0.0,openalex_pure_math_1000
W3023211694,pre_ai,2020,Mathematics,8,13.0,0.375,2.0715673631957663,0.5,0.9641170915958452,0.25,0.5623351446188083,0.8778617456555367,0.5,openalex_pure_math_1000
W3023566392,pre_ai,2021,Mathematics,22,12.5,0.2272727272727272,3.60945485380953,0.1818181818181818,0.7839836776332568,0.5454545454545454,0.8454652292345644,0.842520759864287,0.1818181818181818,openalex_pure_math_1000
W3023787660,pre_ai,2021,Mathematics,5,8.0,0.2,3.737669618283368,0.2,0.6917491749174918,0.2,0.5004024235381879,0.8643427729606629,0.2,openalex_pure_math_1000
W3024582958,pre_ai,2020,Mathematics,4,9.0,0.25,2.649158683274018,0.5,0.9282868525896414,0.25,0.5623351446188083,0.9074818044900894,0.5,openalex_pure_math_1000
W3024635584,pre_ai,2020,Mathematics,7,20.0,0.0,5.673323267171493,0.1428571428571428,0.6766659524319691,0.1428571428571428,0.410116318288409,0.931526141507285,0.1428571428571428,openalex_pure_math_1000
W3024771704,pre_ai,2020,Mathematics,6,9.5,0.0,3.263978958811275,0.0,0.898635477582846,0.1666666666666666,0.4505612088663046,0.8810876111189524,0.0,openalex_pure_math_1000
W3024978296,pre_ai,2020,Mathematics,4,2.0,0.75,0.6931471805599453,1.0,0.5714285714285714,0.0,-0.0,0.905388817191124,1.0,openalex_pure_math_1000
W3025179474,pre_ai,2020,Mathematics,12,11.5,0.0,4.197173680708696,0.1666666666666666,0.5617597292724196,0.0,-0.0,0.9166739930709203,0.1666666666666666,openalex_pure_math_1000
W3025266871,pre_ai,2020,Mathematics,4,8.0,0.25,1.7776740307447068,0.75,0.6285714285714286,0.25,0.5623351446188083,0.8682414591312408,0.75,openalex_pure_math_1000
W3025491463,pre_ai,2020,Mathematics,16,18.0,0.0625,4.445618214758031,0.125,0.7437833037300178,0.0625,0.2337916587064593,0.862009733915329,0.125,openalex_pure_math_1000
W3025624853,pre_ai,2020,Mathematics,6,36.0,0.0,6.352938883006349,0.0,0.382580073427016,0.0,-0.0,0.8996873795986176,0.0,openalex_pure_math_1000
W3025781771,pre_ai,2020,Mathematics,7,6.0,0.1428571428571428,2.5649493574615367,0.4285714285714285,0.7025703794369645,0.1428571428571428,0.410116318288409,0.9214942114693778,0.4285714285714285,openalex_pure_math_1000
W3025796069,pre_ai,2021,Mathematics,14,13.0,0.2142857142857142,3.0645251050302726,0.2142857142857142,0.8088614116434827,0.1428571428571428,0.410116318288409,0.8685100674629211,0.2142857142857142,openalex_pure_math_1000
W3025893653,pre_ai,2020,Mathematics,12,8.5,0.3333333333333333,1.9356005054539451,0.5833333333333334,0.8215158924205379,0.0,-0.0,0.9037811160087584,0.5833333333333334,openalex_pure_math_1000
W3027406804,pre_ai,2020,Mathematics,6,4.5,0.3333333333333333,1.732867951399863,0.8333333333333334,0.6721311475409836,0.0,-0.0,0.8921237389246622,0.8333333333333334,openalex_pure_math_1000
W3028246390,pre_ai,2020,Mathematics,9,9.0,0.2222222222222222,4.02535169073515,0.4444444444444444,0.4902143522833178,0.1111111111111111,0.3488320958430319,0.9213783343633016,0.4444444444444444,openalex_pure_math_1000
W3029609032,pre_ai,2021,Mathematics,26,17.5,0.0,4.537603848992343,0.0384615384615384,0.7141167192429022,0.1153846153846153,0.4843901162380035,0.8725432547239157,0.0384615384615384,openalex_pure_math_1000
W3030545518,pre_ai,2020,Mathematics,8,4.0,0.375,2.1910133173369406,0.5,0.5605095541401274,0.25,0.7356219397587946,0.8988349959254265,0.5,openalex_pure_math_1000
W3030558830,pre_ai,2020,Mathematics,4,4.0,0.25,3.620324847127733,0.0,0.5337078651685393,0.0,-0.0,0.8529172986745834,0.0,openalex_pure_math_1000
W3031074073,pre_ai,2020,Mathematics,18,2.0,0.8333333333333334,1.791759469228055,0.6111111111111112,0.319672131147541,0.2222222222222222,0.760755259244303,0.7988879250155555,0.2777777777777778,openalex_pure_math_1000
W3031360600,pre_ai,2020,Mathematics,44,5.0,0.4090909090909091,3.020127355638707,0.3636363636363636,0.6433745206646783,0.2045454545454545,0.5066395578238191,0.9006657871333036,0.3636363636363636,openalex_pure_math_1000
W3031520878,pre_ai,2020,Mathematics,44,17.0,0.0227272727272727,2.943052015725078,0.3181818181818182,0.7173850159097483,0.6363636363636364,1.283974128432928,0.869411510500041,0.2954545454545454,openalex_pure_math_1000
W3032979695,pre_ai,2020,Mathematics,13,36.0,0.1538461538461538,2.772588722239781,0.3076923076923077,0.9345864661654136,0.6153846153846154,0.666278442414676,0.940915075632242,0.3076923076923077,openalex_pure_math_1000
W3033054056,pre_ai,2020,Mathematics,19,10.0,0.1052631578947368,3.4011973816621555,0.2105263157894736,0.733675506130596,0.631578947368421,1.4391741154213276,0.8689656602708917,0.2105263157894736,openalex_pure_math_1000
W3033275723,pre_ai,2021,Mathematics,9,10.0,0.1111111111111111,3.912023005428146,0.1111111111111111,0.3362521891418564,0.1111111111111111,0.3488320958430319,0.8857666320270963,0.1111111111111111,openalex_pure_math_1000
W3033553455,pre_ai,2020,Mathematics,7,8.0,0.4285714285714285,2.8903717578961645,0.2857142857142857,0.6648550724637681,0.1428571428571428,0.410116318288409,0.9181483558246069,0.2857142857142857,openalex_pure_math_1000
W3033603679,pre_ai,2021,Mathematics,10,26.5,0.1,4.07753744390572,0.2,0.3280293757649938,0.1,0.3250829733914482,0.9250514447689056,0.2,openalex_pure_math_1000
W3033962602,pre_ai,2020,Mathematics,10,22.5,0.0,2.770631772579213,0.2,0.7875383043922369,0.1,0.3250829733914482,0.9381741762161256,0.2,openalex_pure_math_1000
W3034328178,pre_ai,2020,Mathematics,2,73.0,0.0,5.513883793976408,0.0,0.915158371040724,0.0,-0.0,0.8284867405891418,0.0,openalex_pure_math_1000
W3034611257,pre_ai,2020,Mathematics,79,12.0,0.1012658227848101,4.04305126783455,0.0632911392405063,0.6253517753427938,0.9113924050632912,1.2836262317124638,0.901071700114238,0.0632911392405063,openalex_pure_math_1000
W3034668569,pre_ai,2020,Mathematics,2,32.5,0.0,5.843993700517462,0.0,0.8274725274725274,1.0,0.6931471805599453,0.8840945959091187,0.0,openalex_pure_math_1000
W3034679160,pre_ai,2020,Mathematics,15,1.0,0.6666666666666666,2.19722457733622,0.4666666666666667,0.8890020366598778,0.1333333333333333,0.3926744672275521,0.9077905972798666,0.4666666666666667,openalex_pure_math_1000
W3034685862,pre_ai,2020,Mathematics,10,9.0,0.2,2.470821211304652,0.4,0.6652892561983471,0.1,0.3250829733914482,0.8961046040058136,0.4,openalex_pure_math_1000
W3034724878,pre_ai,2020,Mathematics,10,4.0,0.4,1.3862943611198906,0.8,0.4705882352941176,0.1,0.3250829733914482,0.9454603791236876,0.8,openalex_pure_math_1000
W3034727763,pre_ai,2020,Mathematics,4,7.5,0.5,3.06561324474157,0.0,0.5192307692307693,0.0,-0.0,0.906613990664482,0.0,openalex_pure_math_1000
W3035028306,pre_ai,2020,Mathematics,9,12.0,0.1111111111111111,4.219507705176107,0.1111111111111111,0.5073813960154794,0.3333333333333333,0.8486855577264172,0.8879517316818237,0.1111111111111111,openalex_pure_math_1000
W3035199517,pre_ai,2021,Mathematics,4,16.5,0.25,3.7576722855902176,0.25,0.620253164556962,0.0,-0.0,0.9235776662826538,0.25,openalex_pure_math_1000
W3035223302,pre_ai,2020,Mathematics,6,14.5,0.0,4.284892820767704,0.0,0.3186003683241252,0.1666666666666666,0.4505612088663046,0.9138202965259552,0.0,openalex_pure_math_1000
W3035659971,pre_ai,2020,Mathematics,2,14.5,0.5,3.072092817062823,0.5,0.9957081545064378,0.0,-0.0,0.9119411408901216,0.5,openalex_pure_math_1000
W3035683969,pre_ai,2020,Mathematics,6,2.5,0.6666666666666666,1.7005986908310775,0.6666666666666666,0.4807692307692308,0.1666666666666666,0.4505612088663046,0.9222387274106344,0.6666666666666666,openalex_pure_math_1000
W3036261630,pre_ai,2021,Mathematics,7,9.0,0.0,2.302585092994046,0.4285714285714285,0.9913646877409408,0.0,-0.0,0.9272453274045672,0.4285714285714285,openalex_pure_math_1000
W3036290871,pre_ai,2020,Mathematics,4,20.0,0.25,2.3978952727983707,0.25,0.6229508196721312,0.25,0.5623351446188083,0.9110928773880004,0.25,openalex_pure_math_1000
W3036559078,pre_ai,2020,Mathematics,6,1.5,0.6666666666666666,0.3465735902799726,0.6666666666666666,0.8632911392405064,0.0,-0.0,0.9118082523345948,0.6666666666666666,openalex_pure_math_1000
W3037060609,pre_ai,2020,Mathematics,8,6.0,0.375,2.8762863194128165,0.0,0.292817679558011,0.0,-0.0,0.9096726328134536,0.0,openalex_pure_math_1000
W3037261445,pre_ai,2019,Mathematics,7,2.0,0.7142857142857143,1.3862943611198906,0.5714285714285714,0.4558823529411764,0.0,-0.0,0.9241336243493216,0.5714285714285714,openalex_pure_math_1000
W3037573425,pre_ai,2020,Mathematics,20,7.0,0.1,3.569433499972762,0.05,0.5389453313981616,0.0,-0.0,0.9307379215955734,0.05,openalex_pure_math_1000
W3037640829,pre_ai,2020,Mathematics,20,3.0,0.75,2.302585092994046,0.45,0.930366900858704,0.25,0.7999027794271169,0.8842874825000763,0.45,openalex_pure_math_1000
W3037654674,pre_ai,2020,Mathematics,58,16.0,0.0517241379310344,4.181787851375319,0.0689655172413793,0.7495062801169129,0.8448275862068966,1.3308992555771364,0.9004312455654144,0.0689655172413793,openalex_pure_math_1000
W3037703633,pre_ai,2020,Mathematics,7,8.0,0.1428571428571428,3.8918202981106265,0.2857142857142857,0.3225,0.0,-0.0,0.9137161884989056,0.2857142857142857,openalex_pure_math_1000
W3037818939,pre_ai,2020,Mathematics,9,11.0,0.0,3.1354942159291497,0.1111111111111111,0.185929648241206,0.2222222222222222,0.5297061990576545,0.8840191695425246,0.1111111111111111,openalex_pure_math_1000
W3038232509,pre_ai,2020,Mathematics,4,6.0,0.0,1.2424533248940002,0.5,0.56,0.25,0.5623351446188083,0.941311612725258,0.5,openalex_pure_math_1000
W3038697689,pre_ai,2020,Mathematics,20,2.0,0.75,2.543798167616192,0.3,0.3043478260869565,0.0,-0.0,0.935209745168686,0.3,openalex_pure_math_1000
W3039494381,pre_ai,2021,Mathematics,6,7.5,0.3333333333333333,2.5375869076169133,0.1666666666666666,0.4276729559748428,0.0,-0.0,0.8850097159544627,0.1666666666666666,openalex_pure_math_1000
W3040066920,pre_ai,2020,Mathematics,4,10.0,0.0,2.908555579981602,0.0,0.4523809523809524,1.0,0.5623351446188083,0.8863511085510254,0.0,openalex_pure_math_1000
W3040204083,pre_ai,2020,Mathematics,5,4.0,0.4,3.4657359027997265,0.4,0.7108753315649867,0.0,-0.0,0.8867962241172791,0.4,openalex_pure_math_1000
W3040402236,pre_ai,2021,Mathematics,3,3.0,0.6666666666666666,2.70805020110221,0.3333333333333333,0.765625,0.0,-0.0,0.91531902551651,0.3333333333333333,openalex_pure_math_1000
W3041073478,pre_ai,2020,Mathematics,38,9.5,0.2631578947368421,4.624972813284271,0.0789473684210526,0.5722155146392998,0.9736842105263158,0.1216924026780619,0.924029695360284,0.0789473684210526,openalex_pure_math_1000
W3041080890,pre_ai,2020,Mathematics,31,9.0,0.1612903225806451,3.091042453358316,0.1935483870967742,0.6914973664409331,0.032258064516129,0.1425058673927378,0.8982345788709579,0.1935483870967742,openalex_pure_math_1000
W3041143622,pre_ai,2020,Mathematics,10,34.5,0.2,3.80443531459563,0.2,0.5313511922284369,0.0,-0.0,0.9207116663455964,0.2,openalex_pure_math_1000
W3041246189,pre_ai,2020,Mathematics,29,6.0,0.3103448275862069,2.995732273553991,0.2068965517241379,0.7573666047252455,0.6896551724137931,1.777754140608172,0.8532610967241484,0.2068965517241379,openalex_pure_math_1000
W3041573800,pre_ai,2020,Mathematics,6,33.0,0.1666666666666666,4.651505353408746,0.0,0.3647711511789182,0.0,-0.0,0.9148008624712626,0.0,openalex_pure_math_1000
W3041606912,pre_ai,2021,Mathematics,4,11.5,0.25,2.6020033435383976,0.0,0.736,0.0,-0.0,0.8756767958402634,0.0,openalex_pure_math_1000
W3041849008,pre_ai,2021,Mathematics,7,29.0,0.0,4.143134726391533,0.0,0.5452261306532663,0.2857142857142857,0.5982695885852573,0.901395525251116,0.0,openalex_pure_math_1000
W3041918230,pre_ai,2020,Mathematics,58,10.0,0.1379310344827586,3.624252036185305,0.1034482758620689,0.9629069823363312,0.9310344827586208,1.5081253198005062,0.8573350289772297,0.0862068965517241,openalex_pure_math_1000
W3042665456,pre_ai,2020,Mathematics,16,1.0,0.625,2.4849066497880004,0.4375,0.3100436681222707,0.0,-0.0,0.8781768977642059,0.4375,openalex_pure_math_1000
W3042727717,pre_ai,2020,Mathematics,7,13.0,0.2857142857142857,2.4849066497880004,0.2857142857142857,0.7471264367816092,0.1428571428571428,0.410116318288409,0.8399673785482135,0.1428571428571428,openalex_pure_math_1000
W3043016492,pre_ai,2020,Mathematics,11,28.0,0.0909090909090909,2.3978952727983707,0.3636363636363636,0.5108695652173914,0.4545454545454545,0.6890092384766586,0.8850343064828352,0.3636363636363636,openalex_pure_math_1000
W3043134947,pre_ai,2021,Mathematics,14,3.0,0.4285714285714285,2.0126758453675744,0.5714285714285714,0.9405772495755518,0.1428571428571428,0.509137344082687,0.9118747796331134,0.5714285714285714,openalex_pure_math_1000
W3043504861,pre_ai,2020,Mathematics,10,6.0,0.0,2.297559925067296,0.4,0.8593848085373509,0.0,-0.0,0.9281599044799804,0.4,openalex_pure_math_1000
W3043633573,pre_ai,2020,Mathematics,11,19.0,0.0,4.770684624465665,0.1818181818181818,0.784366576819407,0.2727272727272727,0.7595473914748635,0.8969994566657327,0.1818181818181818,openalex_pure_math_1000
W3043660849,pre_ai,2020,Mathematics,7,4.0,0.4285714285714285,1.791759469228055,0.7142857142857143,0.4411764705882353,0.5714285714285714,0.6829081047004717,0.9007532596588136,0.7142857142857143,openalex_pure_math_1000
W3043661117,pre_ai,2020,Mathematics,17,2.0,0.8235294117647058,2.772588722239781,0.1176470588235294,0.6780905752753978,0.1764705882352941,0.4659992569610426,0.8740635233766892,0.0588235294117647,openalex_pure_math_1000
W3043767843,pre_ai,2020,Mathematics,7,26.0,0.0,5.068904202220232,0.0,0.3255004351610095,0.1428571428571428,0.410116318288409,0.8829775197165353,0.0,openalex_pure_math_1000
W3043998702,pre_ai,2020,Mathematics,6,25.0,0.0,5.639865788901259,0.0,0.4553982883475971,0.5,1.242453324894,0.87223020195961,0.0,openalex_pure_math_1000
W3044291500,pre_ai,2020,Mathematics,3,42.0,0.0,2.079441541679836,0.6666666666666666,0.4736842105263157,0.3333333333333333,0.6365141682948128,0.8906303246816,0.6666666666666666,openalex_pure_math_1000
W3044579804,pre_ai,2020,Mathematics,18,4.5,0.2777777777777778,2.57083177825133,0.4444444444444444,0.7391937833899952,0.0555555555555555,0.2145591551764051,0.9353960123327044,0.4444444444444444,openalex_pure_math_1000
W3045100321,pre_ai,2020,Mathematics,9,21.0,0.0,5.2832037287379885,0.0,0.3412300683371298,0.2222222222222222,0.6837389058487535,0.9065127703878616,0.0,openalex_pure_math_1000
W3045320188,pre_ai,2020,Mathematics,10,13.5,0.1,5.228815626507828,0.2,0.3184647302904564,0.0,-0.0,0.9056543111801147,0.2,openalex_pure_math_1000
W3045553426,pre_ai,2020,Mathematics,9,13.0,0.0,1.9459101490553128,0.5555555555555556,0.5986509274873525,0.6666666666666666,1.0608569471580214,0.8820447458161248,0.5555555555555556,openalex_pure_math_1000
W3045683791,pre_ai,2020,Mathematics,14,1.5,0.7857142857142857,1.6094379124341005,0.7142857142857143,0.6440677966101694,0.0,-0.0,0.9335910507610866,0.7142857142857143,openalex_pure_math_1000
W3046346236,pre_ai,2020,Mathematics,30,4.0,0.4,4.100967175597111,0.1,0.3590848806366047,0.8666666666666667,0.3926744672275521,0.9173129041989644,0.1,openalex_pure_math_1000
W3047006640,pre_ai,2020,Mathematics,8,14.5,0.0,2.4337672252277915,0.25,0.9659863945578232,0.0,-0.0,0.9318910241127014,0.25,openalex_pure_math_1000
W3047384296,pre_ai,2021,Mathematics,9,3.0,0.5555555555555556,3.4657359027997265,0.0,0.9110218140068886,0.0,-0.0,0.8847210870848762,0.0,openalex_pure_math_1000
W3047459999,pre_ai,2020,Mathematics,7,11.0,0.0,3.091042453358316,0.2857142857142857,0.4527363184079602,0.5714285714285714,0.6829081047004717,0.9314172863960266,0.2857142857142857,openalex_pure_math_1000
W3047518029,pre_ai,2020,Mathematics,38,20.0,0.1578947368421052,4.158760998143585,0.0789473684210526,0.6377932783766646,0.868421052631579,1.6215812682002606,0.8479391508980801,0.0789473684210526,openalex_pure_math_1000
W3047948945,pre_ai,2020,Mathematics,25,7.0,0.24,3.713572066704308,0.16,0.6291957648118945,0.6,1.3959373909399524,0.8712666249275207,0.16,openalex_pure_math_1000
W3048444042,pre_ai,2020,Mathematics,1,34.0,0.0,4.553876891600541,0.0,1.0,0.0,-0.0,0.9060980677604676,0.0,openalex_pure_math_1000
W3048471860,pre_ai,2020,Mathematics,4,23.5,0.25,5.9997701800105805,0.25,0.5074483421432003,0.25,0.5623351446188083,0.9150178134441376,0.25,openalex_pure_math_1000
W3048615414,pre_ai,2020,Mathematics,7,8.0,0.1428571428571428,3.218875824868201,0.1428571428571428,0.9350270720533111,0.1428571428571428,0.410116318288409,0.8875756859779358,0.1428571428571428,openalex_pure_math_1000
W3048828230,pre_ai,2020,Mathematics,3,11.0,0.0,2.4849066497880004,0.3333333333333333,0.998581560283688,0.3333333333333333,0.6365141682948128,0.8972622950871786,0.3333333333333333,openalex_pure_math_1000
W3049099621,pre_ai,2020,Mathematics,12,4.0,0.4166666666666667,2.138333059508028,0.5,0.5294117647058824,0.0,-0.0,0.9050796180963516,0.5,openalex_pure_math_1000
W3049119438,pre_ai,2021,Mathematics,10,4.5,0.4,1.6479184330021646,0.5,0.9735713297357133,0.1,0.3250829733914482,0.9122338473796844,0.5,openalex_pure_math_1000
W3049619156,pre_ai,2021,Mathematics,5,7.0,0.2,1.6094379124341005,0.8,0.6052631578947368,0.2,0.5004024235381879,0.9427858233451843,0.8,openalex_pure_math_1000
W3049693238,pre_ai,2020,Mathematics,6,27.5,0.1666666666666666,4.252661509422875,0.1666666666666666,0.6726825266611977,0.0,-0.0,0.9116002917289734,0.1666666666666666,openalex_pure_math_1000
W3056530620,pre_ai,2020,Mathematics,33,6.0,0.3636363636363636,3.4657359027997265,0.1212121212121212,0.4307133121308496,0.9090909090909092,1.6472938052230894,0.8865626653035482,0.1212121212121212,openalex_pure_math_1000
W3065210268,pre_ai,2020,Mathematics,5,24.0,0.2,5.068904202220232,0.0,0.6530612244897959,0.4,0.9502705392332348,0.8892761111259461,0.0,openalex_pure_math_1000
W3080928605,pre_ai,2021,Mathematics,4,36.5,0.0,6.3647685311011735,0.25,0.5651497471800856,0.0,-0.0,0.8916530460119247,0.25,openalex_pure_math_1000
W3080972442,pre_ai,2021,Mathematics,12,13.0,0.3333333333333333,2.8314802400679726,0.3333333333333333,0.7876200640341515,0.0833333333333333,0.2868359830561607,0.9112765789031982,0.3333333333333333,openalex_pure_math_1000
W3081065211,pre_ai,2020,Mathematics,16,7.5,0.125,2.6390573296152584,0.375,0.5589622641509434,0.0625,0.2337916587064593,0.908474761992693,0.375,openalex_pure_math_1000
W3081104705,pre_ai,2020,Mathematics,7,8.0,0.0,1.9459101490553128,0.7142857142857143,0.6336633663366337,1.0,-0.0,0.921052609171186,0.7142857142857143,openalex_pure_math_1000
W3081114044,pre_ai,2020,Mathematics,2,26.0,0.0,4.571244852534004,0.0,0.6971153846153846,0.0,-0.0,0.8734802901744843,0.0,openalex_pure_math_1000
W3081216057,pre_ai,2020,Mathematics,4,21.0,0.0,4.118210263632696,0.0,0.6698113207547169,0.0,-0.0,0.9035904556512832,0.0,openalex_pure_math_1000
W3081532534,pre_ai,2021,Mathematics,3,27.0,0.3333333333333333,5.918893854273146,0.0,0.5153452685421995,0.3333333333333333,0.6365141682948128,0.8777925769488016,0.0,openalex_pure_math_1000
W3081549870,pre_ai,2020,Mathematics,10,5.0,0.3,2.4260151319598084,0.5,0.4338624338624338,0.0,-0.0,0.8977248311042786,0.5,openalex_pure_math_1000
W3081810534,pre_ai,2020,Mathematics,8,6.5,0.25,2.596478425445105,0.375,0.7818181818181819,0.625,1.2554823251787537,0.8393235877156258,0.125,openalex_pure_math_1000
W3082109664,pre_ai,2020,Mathematics,13,6.0,0.3076923076923077,2.70805020110221,0.3846153846153846,0.4767726161369193,0.0769230769230769,0.2711893730418441,0.8839509441302373,0.3846153846153846,openalex_pure_math_1000
W3082259423,pre_ai,2020,Mathematics,25,10.0,0.08,2.995732273553991,0.32,0.5450367647058824,0.08,0.2787693717685874,0.8879327797889709,0.32,openalex_pure_math_1000
W3082897769,pre_ai,2020,Mathematics,9,12.0,0.0,3.5263605246161616,0.0,0.292817679558011,0.0,-0.0,0.9318068888452318,0.0,openalex_pure_math_1000
W3083025274,pre_ai,2020,Mathematics,2,59.5,0.0,6.972637432009776,0.0,0.5527052238805971,1.0,0.6931471805599453,0.8135623037815094,0.0,openalex_pure_math_1000
W3083264899,pre_ai,2020,Mathematics,14,3.0,0.5714285714285714,4.3143672830745725,0.0,0.7718609865470852,0.5,1.0913030006468518,0.8190499033246722,0.0,openalex_pure_math_1000
W3083597109,pre_ai,2020,Mathematics,8,4.0,0.5,2.19722457733622,0.375,0.5785714285714286,0.0,-0.0,0.9349894747138024,0.375,openalex_pure_math_1000
W3083870369,pre_ai,2020,Mathematics,5,30.0,0.0,6.639875833826536,0.2,0.6481541450777202,0.6,1.0549201679861442,0.8938259482383728,0.2,openalex_pure_math_1000
W3083905377,pre_ai,2021,Mathematics,11,6.5,0.2727272727272727,2.9444389791664403,0.3636363636363636,0.6993642143505904,0.0,-0.0,0.9298257827758788,0.3636363636363636,openalex_pure_math_1000
W3084261025,pre_ai,2020,Mathematics,14,9.0,0.2142857142857142,3.70335536508882,0.2142857142857142,0.8033629145259225,0.0,-0.0,0.8912229537963867,0.2142857142857142,openalex_pure_math_1000
W3085108322,pre_ai,2021,Mathematics,9,8.0,0.0,2.772588722239781,0.4444444444444444,0.3641456582633053,0.0,-0.0,0.8865384260813395,0.4444444444444444,openalex_pure_math_1000
W3086663642,pre_ai,2020,Mathematics,1,2.0,1.0,0.0,1.0,,0.0,-0.0,0.9559106826782228,1.0,openalex_pure_math_1000
W3087678021,pre_ai,2021,Mathematics,18,10.5,0.2777777777777778,2.914472808805104,0.3888888888888889,0.660377358490566,0.0,-0.0,0.9085117975870768,0.3888888888888889,openalex_pure_math_1000
W3088103891,pre_ai,2021,Mathematics,11,6.0,0.2727272727272727,3.6375861597263857,0.1818181818181818,0.7986111111111112,0.1818181818181818,0.6001660731596457,0.90422954342582,0.1818181818181818,openalex_pure_math_1000
W3088151810,pre_ai,2020,Mathematics,15,8.0,0.0666666666666666,3.4011973816621555,0.1333333333333333,0.692090395480226,0.5333333333333333,1.615119550060412,0.8534426212310791,0.1333333333333333,openalex_pure_math_1000
W3088472702,pre_ai,2021,Mathematics,18,7.0,0.2777777777777778,3.7939086099967136,0.1111111111111111,0.6938502673796791,0.0,-0.0,0.9103382031122844,0.1111111111111111,openalex_pure_math_1000
W3088710493,pre_ai,2020,Mathematics,9,7.0,0.2222222222222222,2.3978952727983707,0.4444444444444444,0.4783715012722646,0.7777777777777778,0.8486855577264172,0.8949317932128906,0.4444444444444444,openalex_pure_math_1000
W3088774087,pre_ai,2020,Mathematics,5,3.0,0.6,2.3978952727983707,0.4,0.3783783783783784,0.2,0.5004024235381879,0.895409631729126,0.4,openalex_pure_math_1000
W3089082802,pre_ai,2020,Mathematics,4,11.5,0.25,4.946718608341314,0.25,0.8567335243553008,0.0,-0.0,0.9156842827796936,0.25,openalex_pure_math_1000
W3089990020,pre_ai,2020,Mathematics,16,4.0,0.4375,2.3502401828962083,0.4375,0.5306122448979592,0.0625,0.2337916587064593,0.9164007790386676,0.4375,openalex_pure_math_1000
W3091419094,pre_ai,2020,Mathematics,4,37.0,0.0,4.366555348819354,0.0,0.4634920634920635,0.0,-0.0,0.8704757690429688,0.0,openalex_pure_math_1000
W3091843749,pre_ai,2020,Mathematics,6,13.0,0.1666666666666666,2.359249435647547,0.5,0.6266471449487555,0.0,-0.0,0.9024950663248698,0.5,openalex_pure_math_1000
W3091854887,pre_ai,2020,Mathematics,5,10.0,0.0,3.1354942159291497,0.0,0.3941605839416058,0.2,0.5004024235381879,0.903887677192688,0.0,openalex_pure_math_1000
W3092329298,pre_ai,2020,Mathematics,6,17.5,0.0,3.449861553642436,0.1666666666666666,0.583011583011583,0.1666666666666666,0.4505612088663046,0.9171150028705596,0.1666666666666666,openalex_pure_math_1000
W3092748453,pre_ai,2021,Mathematics,12,13.0,0.1666666666666666,3.75329589003542,0.1666666666666666,0.8060144006776789,0.1666666666666666,0.4505612088663046,0.8343366980552673,0.1666666666666666,openalex_pure_math_1000
W3092811512,pre_ai,2020,Mathematics,15,14.0,0.2,4.060443010546419,0.2,0.6519908116385911,0.0666666666666666,0.2449300267946353,0.923590115706126,0.2,openalex_pure_math_1000
W3093137129,pre_ai,2021,Mathematics,12,18.5,0.0833333333333333,2.888826161611328,0.4166666666666667,0.6029055690072639,0.75,0.5623351446188083,0.9085335234800974,0.4166666666666667,openalex_pure_math_1000
W3093365803,pre_ai,2021,Mathematics,8,5.5,0.125,2.770631772579213,0.25,0.9889817629179332,0.0,-0.0,0.9003592357039452,0.25,openalex_pure_math_1000
W3093575473,pre_ai,2020,Mathematics,7,12.0,0.1428571428571428,3.1780538303479458,0.1428571428571428,0.4475308641975308,0.8571428571428571,0.410116318288409,0.9442593285015652,0.1428571428571428,openalex_pure_math_1000
W3093611361,pre_ai,2020,Mathematics,6,13.0,0.1666666666666666,2.2924837393352857,0.5,0.4951456310679611,0.0,-0.0,0.9065671364466348,0.5,openalex_pure_math_1000
W3094096802,pre_ai,2021,Mathematics,4,6.5,0.0,2.6390573296152584,0.5,0.5352112676056338,1.0,0.5623351446188083,0.9133021980524064,0.5,openalex_pure_math_1000
W3094517061,pre_ai,2020,Mathematics,5,10.0,0.4,3.044522437723423,0.4,0.9031620553359684,0.2,0.5004024235381879,0.8726123690605163,0.4,openalex_pure_math_1000
W3094573947,pre_ai,2020,Mathematics,31,6.0,0.3870967741935484,3.1780538303479458,0.3225806451612903,0.8169194865810968,0.7419354838709677,1.765309366716585,0.8560837103474525,0.2258064516129032,openalex_pure_math_1000
W3094618651,pre_ai,2020,Mathematics,3,18.0,0.0,3.970291913552122,0.0,0.5586592178770949,0.0,-0.0,0.9112407167752584,0.0,openalex_pure_math_1000
W3094767322,pre_ai,2020,Mathematics,9,19.0,0.2222222222222222,2.3978952727983707,0.4444444444444444,0.9495798319327732,0.1111111111111111,0.3488320958430319,0.9010805288950602,0.4444444444444444,openalex_pure_math_1000
W3094787914,pre_ai,2020,Mathematics,6,41.0,0.0,4.878652521179023,0.1666666666666666,0.6196358907672301,0.1666666666666666,0.4505612088663046,0.9042799174785614,0.1666666666666666,openalex_pure_math_1000
W3095003746,pre_ai,2020,Mathematics,16,11.0,0.125,3.093104311950247,0.1875,0.6106870229007634,0.0,-0.0,0.9319320991635324,0.1875,openalex_pure_math_1000
W3095213479,pre_ai,2020,Mathematics,10,1.0,0.6,1.4978661367769954,0.7,0.6906885479843026,0.3,0.8018185525433372,0.8949271738529205,0.7,openalex_pure_math_1000
W3095281973,pre_ai,2020,Mathematics,51,9.0,0.196078431372549,4.477336814478207,0.1176470588235294,0.6013882265670535,0.8431372549019608,2.0613387055845687,0.8656570350422579,0.1176470588235294,openalex_pure_math_1000
W3095425088,pre_ai,2021,Mathematics,9,2.0,0.5555555555555556,1.791759469228055,0.6666666666666666,0.6163793103448276,0.1111111111111111,0.3488320958430319,0.9068598681026034,0.6666666666666666,openalex_pure_math_1000
W3095678557,pre_ai,2020,Mathematics,9,8.0,0.3333333333333333,2.079441541679836,0.5555555555555556,0.4545454545454545,0.2222222222222222,0.5297061990576545,0.9078409671783448,0.5555555555555556,openalex_pure_math_1000
W3095911558,pre_ai,2021,Mathematics,4,39.5,0.0,4.624780542564732,0.25,0.4987593052109181,0.0,-0.0,0.9154460728168488,0.25,openalex_pure_math_1000
W3096183713,pre_ai,2020,Mathematics,14,0.0,0.6428571428571429,2.079441541679836,0.7142857142857143,0.9623708010335916,0.2857142857142857,0.7963116401738131,0.8863366203648704,0.7142857142857143,openalex_pure_math_1000
W3096411793,pre_ai,2020,Mathematics,2,10.5,0.0,3.772166054026844,0.0,0.6091954022988506,0.0,-0.0,0.897937148809433,0.0,openalex_pure_math_1000
W3096417826,pre_ai,2020,Mathematics,5,41.0,0.4,3.555348061489413,0.4,0.8364485981308412,0.2,0.5004024235381879,0.9141473889350892,0.4,openalex_pure_math_1000
W3096539296,pre_ai,2020,Mathematics,12,3.0,0.5833333333333334,2.481422315129953,0.25,0.6875,1.0,0.2868359830561607,0.9387335131565728,0.25,openalex_pure_math_1000
W3097729861,pre_ai,2020,Mathematics,3,10.0,0.0,1.791759469228055,0.6666666666666666,0.9868073878627968,0.0,-0.0,0.91153750816981,0.6666666666666666,openalex_pure_math_1000
W3098880965,pre_ai,2020,Mathematics,23,10.0,0.1304347826086956,3.4011973816621555,0.1739130434782608,0.6662786185487001,0.0,-0.0,0.8913951956707499,0.1739130434782608,openalex_pure_math_1000
W3099706370,pre_ai,2020,Mathematics,8,5.0,0.125,2.780340815507764,0.375,0.6806192660550459,0.0,-0.0,0.8943008258938789,0.375,openalex_pure_math_1000
W3100182772,pre_ai,2020,Mathematics,6,2.0,0.6666666666666666,1.4978661367769954,0.6666666666666666,0.9889935322818564,0.1666666666666666,0.4505612088663046,0.9067105054855348,0.6666666666666666,openalex_pure_math_1000
W3100868007,pre_ai,2019,Mathematics,4,33.5,0.0,3.901513321816109,0.0,0.6270833333333333,0.25,0.5623351446188083,0.9139181673526764,0.0,openalex_pure_math_1000
W3101786363,pre_ai,2020,Mathematics,17,16.0,0.0,3.1780538303479458,0.2941176470588235,0.4569892473118279,0.0588235294117647,0.2237180760658337,0.836307168006897,0.2352941176470588,openalex_pure_math_1000
W3102300031,pre_ai,2020,Mathematics,14,12.0,0.0714285714285714,3.0879336350528805,0.3571428571428571,0.6500868466761408,0.2857142857142857,0.5982695885852573,0.8594697543552944,0.3571428571428571,openalex_pure_math_1000
W3102687766,pre_ai,2019,Mathematics,13,5.0,0.3846153846153846,2.9444389791664403,0.3076923076923077,0.6184738955823293,0.0769230769230769,0.2711893730418441,0.924791482778696,0.3076923076923077,openalex_pure_math_1000
W3103818600,pre_ai,2020,Mathematics,14,10.0,0.1428571428571428,4.253268305613855,0.0,0.6658343736995422,0.0,-0.0,0.8847418682915824,0.0,openalex_pure_math_1000
W3105040970,pre_ai,2020,Mathematics,5,13.0,0.2,4.5217885770490405,0.0,0.7869774919614148,0.2,0.5004024235381879,0.8832274794578552,0.0,openalex_pure_math_1000
W3105223877,pre_ai,2020,Mathematics,12,17.5,0.0833333333333333,4.885349370636332,0.25,0.4676375404530744,0.4166666666666667,0.6791932659915256,0.9180479546387992,0.25,openalex_pure_math_1000
W3105308366,pre_ai,2021,Mathematics,21,19.0,0.0476190476190476,3.49650756146648,0.0476190476190476,0.5472851492268967,0.0,-0.0,0.9193052904946464,0.0476190476190476,openalex_pure_math_1000
W3106226696,pre_ai,2020,Mathematics,15,5.0,0.2666666666666666,2.70805020110221,0.3333333333333333,0.7390939597315436,0.0,-0.0,0.9253980278968812,0.3333333333333333,openalex_pure_math_1000
W3106704039,pre_ai,2020,Mathematics,8,10.0,0.0,2.8417898836693407,0.25,0.7903871829105474,0.125,0.3767701612564367,0.9319099709391594,0.25,openalex_pure_math_1000
W3106986098,pre_ai,2021,Mathematics,3,23.0,0.0,2.70805020110221,0.3333333333333333,0.7538461538461538,0.3333333333333333,0.6365141682948128,0.8864962259928385,0.3333333333333333,openalex_pure_math_1000
W3107443602,pre_ai,2020,Mathematics,9,7.0,0.1111111111111111,3.9318256327243257,0.3333333333333333,0.3156146179401993,0.0,-0.0,0.9002002742555406,0.3333333333333333,openalex_pure_math_1000
W3107821991,pre_ai,2020,Mathematics,4,11.5,0.0,4.153236080050292,0.0,0.460431654676259,0.5,0.6931471805599453,0.8940728902816772,0.0,openalex_pure_math_1000
W3107825492,pre_ai,2020,Mathematics,30,13.0,0.1,3.93355275015837,0.1666666666666666,0.9848165291283896,0.4,1.3435056426631486,0.8428053617477417,0.1333333333333333,openalex_pure_math_1000
W3107962279,pre_ai,2019,Mathematics,2,8.5,0.0,2.817394801584625,0.5,0.9322033898305084,0.0,-0.0,0.8909778296947479,0.5,openalex_pure_math_1000
W3108831692,pre_ai,2020,Mathematics,12,7.0,0.0833333333333333,3.7012257604091214,0.25,0.6749332740213523,0.6666666666666666,1.6326309271543518,0.8263357927401861,0.25,openalex_pure_math_1000
W3108905730,pre_ai,2020,Mathematics,3,11.0,0.0,2.19722457733622,0.3333333333333333,0.9404761904761904,0.0,-0.0,0.9412513971328736,0.3333333333333333,openalex_pure_math_1000
W3109332076,pre_ai,2021,Mathematics,12,16.5,0.0,4.794251398778169,0.1666666666666666,0.45522949586155,0.0,-0.0,0.9103982200225196,0.1666666666666666,openalex_pure_math_1000
W3109511522,pre_ai,2020,Mathematics,11,16.0,0.0,4.189654742026425,0.0,0.8243276585245497,0.0,-0.0,0.888982583176006,0.0,openalex_pure_math_1000
W3109936568,pre_ai,2020,Mathematics,6,43.5,0.0,3.704265283447313,0.0,0.6845827439886846,0.3333333333333333,0.8675632284814612,0.8590301076571146,0.0,openalex_pure_math_1000
W3110214264,pre_ai,2021,Mathematics,3,12.0,0.3333333333333333,1.3862943611198906,0.6666666666666666,0.9090909090909092,0.0,-0.0,0.896621565024058,0.6666666666666666,openalex_pure_math_1000
W3110319148,pre_ai,2021,Mathematics,3,15.0,0.3333333333333333,3.332204510175204,0.3333333333333333,0.9505494505494504,0.0,-0.0,0.8925441900889078,0.3333333333333333,openalex_pure_math_1000
W3110388526,pre_ai,2020,Mathematics,9,3.0,0.5555555555555556,1.9459101490553128,0.6666666666666666,0.288135593220339,0.1111111111111111,0.3488320958430319,0.911449326409234,0.6666666666666666,openalex_pure_math_1000
W3110684717,pre_ai,2020,Mathematics,4,3.5,0.5,1.9356005054539451,0.75,0.9964349376114082,0.25,0.5623351446188083,0.8646087944507599,0.75,openalex_pure_math_1000
W3110697669,pre_ai,2020,Mathematics,35,10.0,0.2,4.48863636973214,0.1428571428571428,0.6735537190082644,0.7428571428571429,1.2840277516663272,0.8685446790286473,0.1428571428571428,openalex_pure_math_1000
W3110874510,pre_ai,2020,Mathematics,10,11.5,0.0,3.1639683918645973,0.2,0.2531017369727047,0.0,-0.0,0.9033342063426972,0.2,openalex_pure_math_1000
W3110932448,pre_ai,2020,Mathematics,40,9.0,0.225,3.7305327571771416,0.175,0.7266811279826464,0.85,1.5767287917298909,0.8410255208611488,0.125,openalex_pure_math_1000
W3110945907,pre_ai,2020,Mathematics,14,18.5,0.1428571428571428,3.4637789531391583,0.2142857142857142,0.6397896581945661,0.0,-0.0,0.9090872492109028,0.2142857142857142,openalex_pure_math_1000
W3111033616,pre_ai,2020,Mathematics,4,11.5,0.25,2.0126758453675744,0.75,0.9941413401684364,0.25,0.5623351446188083,0.8819741308689117,0.75,openalex_pure_math_1000
W3111054536,pre_ai,2020,Mathematics,9,15.0,0.3333333333333333,2.6390573296152584,0.3333333333333333,0.9629117714812256,0.1111111111111111,0.3488320958430319,0.9075341622034708,0.3333333333333333,openalex_pure_math_1000
W3111172209,pre_ai,2020,Mathematics,9,7.0,0.0,3.258096538021482,0.1111111111111111,0.2591093117408907,0.0,-0.0,0.9196915494071112,0.1111111111111111,openalex_pure_math_1000
W3111217843,pre_ai,2020,Mathematics,11,5.0,0.3636363636363636,2.302585092994046,0.4545454545454545,0.7288655278142795,0.1818181818181818,0.6001660731596457,0.8785945827310736,0.4545454545454545,openalex_pure_math_1000
W3111326342,pre_ai,2020,Mathematics,5,11.0,0.0,4.6443908991413725,0.0,0.4169381107491857,0.4,0.6730116670092565,0.9058466553688048,0.0,openalex_pure_math_1000
W3111934585,pre_ai,2020,Mathematics,5,14.0,0.0,6.018593214496234,0.0,0.5655685977533762,0.6,1.0549201679861442,0.8661856293678284,0.0,openalex_pure_math_1000
W3111939404,pre_ai,2020,Mathematics,26,10.5,0.1538461538461538,2.6287476860138907,0.3846153846153846,0.92972361561916,0.6923076923076923,1.7326587201992074,0.8726808726787567,0.3846153846153846,openalex_pure_math_1000
W3111948028,pre_ai,2020,Mathematics,45,12.0,0.0888888888888888,3.4657359027997265,0.0666666666666666,0.4248067463106114,1.0,0.9916394896442178,0.8968651519881354,0.0666666666666666,openalex_pure_math_1000
W3112050701,pre_ai,2020,Mathematics,4,14.0,0.0,5.149383817792963,0.25,0.6409290646578782,0.25,0.5623351446188083,0.8946530371904373,0.25,openalex_pure_math_1000
W3112739213,pre_ai,2020,Mathematics,12,20.5,0.1666666666666666,2.9553983220202635,0.4166666666666667,0.8237051792828686,0.1666666666666666,0.5660857389596289,0.8961435159047445,0.4166666666666667,openalex_pure_math_1000
W3112779997,pre_ai,2021,Mathematics,9,19.0,0.0,3.688879454113936,0.2222222222222222,0.5589374654122855,0.2222222222222222,0.5297061990576545,0.8627129197120667,0.2222222222222222,openalex_pure_math_1000
W3112838951,pre_ai,2020,Mathematics,16,20.0,0.0,2.34106561356211,0.4375,0.9694570135746606,0.25,0.7029189307735104,0.8936059735715389,0.4375,openalex_pure_math_1000
W3113041047,pre_ai,2021,Mathematics,8,32.0,0.0,4.848969154811435,0.0,0.8405208457770875,0.25,0.7356219397587946,0.8066565543413162,0.0,openalex_pure_math_1000
W3113906845,pre_ai,2020,Mathematics,11,17.0,0.0,3.1354942159291497,0.1818181818181818,0.6169244767970883,0.1818181818181818,0.4741393130578373,0.9031461097977378,0.1818181818181818,openalex_pure_math_1000
W3114494778,pre_ai,2020,Mathematics,16,23.0,0.0,3.1780538303479458,0.0625,0.4856230031948881,0.0625,0.2337916587064593,0.8883781507611275,0.0625,openalex_pure_math_1000
W3115968530,pre_ai,2020,Mathematics,9,12.0,0.2222222222222222,4.143134726391533,0.2222222222222222,0.4286616161616162,0.0,-0.0,0.9018822047445508,0.2222222222222222,openalex_pure_math_1000
W3116203220,pre_ai,2021,Mathematics,5,2.0,0.8,1.6094379124341005,0.6,0.5121951219512195,0.0,-0.0,0.910469400882721,0.6,openalex_pure_math_1000
W3116301966,pre_ai,2020,Mathematics,19,11.0,0.1578947368421052,3.044522437723423,0.1052631578947368,0.7662981319100267,0.0,-0.0,0.9088332715787386,0.1052631578947368,openalex_pure_math_1000
W3116673117,pre_ai,2020,Mathematics,1,16.0,0.0,4.060443010546419,0.0,1.0,0.0,-0.0,0.965286374092102,0.0,openalex_pure_math_1000
W3117215614,pre_ai,2020,Mathematics,2,6.5,0.5,1.0986122886681098,0.5,1.0,0.5,0.6931471805599453,0.8885946869850159,0.5,openalex_pure_math_1000
W3117226141,pre_ai,2020,Mathematics,6,4.5,0.5,4.336243037911136,0.0,0.7750107342206956,0.0,-0.0,0.927988827228546,0.0,openalex_pure_math_1000
W3118845370,pre_ai,2020,Mathematics,7,5.0,0.1428571428571428,2.70805020110221,0.2857142857142857,0.4099378881987577,0.1428571428571428,0.410116318288409,0.9648661358015878,0.2857142857142857,openalex_pure_math_1000
W3118938925,pre_ai,2021,Mathematics,9,11.0,0.2222222222222222,3.80666248977032,0.1111111111111111,0.5380405035577449,0.2222222222222222,0.6837389058487535,0.9207446840074328,0.1111111111111111,openalex_pure_math_1000
W3119042712,pre_ai,2021,Mathematics,5,11.0,0.0,2.772588722239781,0.4,0.6838235294117647,0.0,-0.0,0.9063010811805724,0.4,openalex_pure_math_1000
W3119390110,pre_ai,2021,Mathematics,7,7.0,0.2857142857142857,2.4849066497880004,0.2857142857142857,0.5486725663716814,0.0,-0.0,0.9276764222553798,0.2857142857142857,openalex_pure_math_1000
W3119493159,pre_ai,2021,Mathematics,21,11.0,0.0,4.997212273764115,0.0,0.420116126615471,0.2857142857142857,0.8461447967228176,0.8914526786123004,0.0,openalex_pure_math_1000
W3119868491,pre_ai,2021,Mathematics,2,27.5,0.0,2.34106561356211,0.5,0.9814814814814816,0.5,0.6931471805599453,0.8644976913928986,0.5,openalex_pure_math_1000
W3119935102,pre_ai,2020,Mathematics,2,26.5,0.0,2.596478425445105,0.5,1.0,0.0,-0.0,0.9080199599266052,0.5,openalex_pure_math_1000
W3120309857,pre_ai,2021,Mathematics,23,2.0,0.6086956521739131,2.772588722239781,0.1739130434782608,0.7105831533477321,0.3043478260869565,0.6145033203107282,0.8496933760850326,0.1739130434782608,openalex_pure_math_1000
W3120564056,pre_ai,2021,Mathematics,11,17.0,0.0,3.6375861597263857,0.0909090909090909,0.7085643869377696,0.0909090909090909,0.3046360973492381,0.8949159546331926,0.0909090909090909,openalex_pure_math_1000
W3120932464,pre_ai,2020,Mathematics,3,10.0,0.3333333333333333,1.6094379124341005,0.6666666666666666,0.8333333333333334,0.0,-0.0,0.9202805757522584,0.6666666666666666,openalex_pure_math_1000
W3120958970,pre_ai,2020,Mathematics,5,6.0,0.0,2.3978952727983707,0.4,0.9509632224168126,0.6,1.0549201679861442,0.8664180874824524,0.4,openalex_pure_math_1000
W3121050801,pre_ai,2020,Mathematics,14,9.0,0.3571428571428571,3.349750170080839,0.2857142857142857,0.49860529986053,0.0714285714285714,0.2573186405438316,0.902206437928336,0.2857142857142857,openalex_pure_math_1000
W3121461622,pre_ai,2021,Mathematics,7,12.0,0.2857142857142857,2.8903717578961645,0.2857142857142857,0.7997179125528914,0.2857142857142857,0.5982695885852573,0.8656005263328552,0.2857142857142857,openalex_pure_math_1000
W3122256695,pre_ai,2020,Mathematics,9,7.0,0.2222222222222222,1.791759469228055,0.5555555555555556,0.3497757847533632,0.0,-0.0,0.9161056213908724,0.5555555555555556,openalex_pure_math_1000
W3122512839,pre_ai,2021,Mathematics,2,42.0,0.0,7.1931382612104695,0.0,0.7262663535726266,0.0,-0.0,0.948348432779312,0.0,openalex_pure_math_1000
W3122641440,pre_ai,2021,Mathematics,2,16.0,0.5,2.094827371013213,0.5,0.9130434782608696,0.5,0.6931471805599453,0.896322637796402,0.5,openalex_pure_math_1000
W3122755852,pre_ai,2021,Mathematics,4,23.0,0.0,5.577882344374194,0.0,0.471285323609845,0.0,-0.0,0.8876819312572479,0.0,openalex_pure_math_1000
W3123407745,pre_ai,2021,Mathematics,18,9.0,0.0,3.939267098070181,0.1111111111111111,0.6837887067395264,0.7222222222222222,1.0870753771611177,0.869186004002889,0.1111111111111111,openalex_pure_math_1000
W3123447750,pre_ai,2021,Mathematics,29,2.0,0.6206896551724138,3.5263605246161616,0.1379310344827586,0.5219298245614035,0.0344827586206896,0.149994923610415,0.894768252454955,0.1379310344827586,openalex_pure_math_1000
W3123847324,pre_ai,2021,Mathematics,7,4.0,0.4285714285714285,1.6094379124341005,0.5714285714285714,0.9348230912476724,0.0,-0.0,0.934526026248932,0.5714285714285714,openalex_pure_math_1000
W3123977138,pre_ai,2021,Mathematics,9,21.0,0.0,4.454347296253507,0.1111111111111111,0.3905240488155061,0.0,-0.0,0.902517682976193,0.1111111111111111,openalex_pure_math_1000
W3125607841,pre_ai,2020,Mathematics,6,9.0,0.1666666666666666,3.420807738238796,0.3333333333333333,0.8445092322643343,0.6666666666666666,0.6365141682948128,0.8498123188813528,0.3333333333333333,openalex_pure_math_1000
W3126310256,pre_ai,2021,Mathematics,3,10.0,0.0,2.6390573296152584,0.0,0.5357142857142857,0.0,-0.0,0.9193368355433146,0.0,openalex_pure_math_1000
W3126555833,pre_ai,2020,Mathematics,9,8.0,0.0,3.091042453358316,0.4444444444444444,0.7901878914405011,0.2222222222222222,0.5297061990576545,0.9148006637891134,0.4444444444444444,openalex_pure_math_1000
W3126594931,pre_ai,2021,Mathematics,32,13.5,0.03125,3.174569495689899,0.28125,0.8143105446118193,0.0625,0.2337916587064593,0.8931585773825645,0.28125,openalex_pure_math_1000
W3126851031,pre_ai,2021,Mathematics,14,16.0,0.2857142857142857,2.719039654461598,0.4285714285714285,0.8545747249798765,0.2142857142857142,0.6559757323365467,0.9084506162575312,0.4285714285714285,openalex_pure_math_1000
W3127004881,pre_ai,2021,Mathematics,12,9.0,0.1666666666666666,3.202614229015421,0.4166666666666667,0.8253549440884533,0.4166666666666667,0.9596147939120492,0.8625838160514832,0.4166666666666667,openalex_pure_math_1000
W3127211161,pre_ai,2021,Mathematics,15,11.0,0.2,2.19722457733622,0.4666666666666667,0.8990364474235442,0.0,-0.0,0.909500761826833,0.4666666666666667,openalex_pure_math_1000
W3127275891,pre_ai,2021,Mathematics,8,9.0,0.0,4.528361441655291,0.375,0.544870900209351,0.5,1.3862943611198906,0.8421162143349648,0.375,openalex_pure_math_1000
W3128001088,pre_ai,2021,Mathematics,12,39.5,0.0833333333333333,4.27512052273122,0.0833333333333333,0.8853201564751905,0.1666666666666666,0.5660857389596289,0.8790477414925894,0.0833333333333333,openalex_pure_math_1000
W3128001496,pre_ai,2021,Mathematics,11,7.0,0.3636363636363636,2.772588722239781,0.0909090909090909,0.6579572446555819,0.0,-0.0,0.9184881340373646,0.0909090909090909,openalex_pure_math_1000
W3128194587,pre_ai,2021,Mathematics,30,20.5,0.0666666666666666,4.02535169073515,0.0666666666666666,0.9167694896242288,0.2333333333333333,0.7662694225964922,0.906970504919688,0.0666666666666666,openalex_pure_math_1000
W3128361046,pre_ai,2019,Mathematics,3,61.0,0.0,5.43372200355424,0.0,0.94018018018018,0.3333333333333333,0.6365141682948128,0.8870616356531779,0.0,openalex_pure_math_1000
W3128375742,pre_ai,2021,Mathematics,7,25.0,0.0,2.8903717578961645,0.2857142857142857,0.3227513227513227,0.5714285714285714,1.078992207877583,0.8756511892591204,0.2857142857142857,openalex_pure_math_1000
W3129010457,pre_ai,2021,Mathematics,5,8.0,0.0,0.6931471805599453,1.0,0.4444444444444444,0.0,-0.0,0.8644949913024902,1.0,openalex_pure_math_1000
W3131274792,pre_ai,2021,Mathematics,2,25.5,0.5,4.107503216380787,0.5,0.9967602591792656,0.5,0.6931471805599453,0.8610254526138306,0.5,openalex_pure_math_1000
W3131421945,pre_ai,2021,Mathematics,5,4.0,0.4,1.791759469228055,0.6,0.985897435897436,0.4,0.6730116670092565,0.8974806547164917,0.6,openalex_pure_math_1000
W3131688176,pre_ai,2021,Mathematics,5,19.0,0.0,4.02535169073515,0.2,0.6570796460176991,0.0,-0.0,0.8756420493125916,0.2,openalex_pure_math_1000
W3132211039,pre_ai,2021,Mathematics,7,21.0,0.0,2.9444389791664403,0.0,0.4617834394904458,0.1428571428571428,0.410116318288409,0.925964287349156,0.0,openalex_pure_math_1000
W3132698176,pre_ai,2021,Mathematics,5,30.0,0.2,2.9444389791664403,0.4,0.8218181818181818,0.2,0.5004024235381879,0.9356391429901124,0.4,openalex_pure_math_1000
W3132724867,pre_ai,2021,Mathematics,9,4.0,0.3333333333333333,2.70805020110221,0.3333333333333333,0.761023622047244,0.0,-0.0,0.9454992877112496,0.3333333333333333,openalex_pure_math_1000
W3133485984,pre_ai,2021,Mathematics,3,14.0,0.0,2.70805020110221,0.3333333333333333,0.4838709677419355,0.3333333333333333,0.6365141682948128,0.8767503897349039,0.3333333333333333,openalex_pure_math_1000
W3133683854,pre_ai,2021,Mathematics,17,10.0,0.1176470588235294,3.555348061489413,0.2941176470588235,0.7923442581936452,0.0588235294117647,0.2237180760658337,0.8885778013397666,0.2941176470588235,openalex_pure_math_1000
W3133985041,pre_ai,2021,Mathematics,4,12.0,0.25,3.401197381662155,0.25,0.6114285714285714,0.75,1.039720770839918,0.8412493765354156,0.25,openalex_pure_math_1000
W3134086184,pre_ai,2021,Mathematics,5,51.0,0.0,3.6375861597263857,0.0,0.4197952218430034,0.0,-0.0,0.9488236427307128,0.0,openalex_pure_math_1000
W3134856457,pre_ai,2021,Mathematics,2,5.5,0.0,1.2424533248940002,1.0,0.6,0.0,-0.0,0.9279963374137878,1.0,openalex_pure_math_1000
W3135076099,pre_ai,2021,Mathematics,3,8.0,0.3333333333333333,2.302585092994046,0.3333333333333333,0.725,1.0,0.6365141682948128,0.910859763622284,0.3333333333333333,openalex_pure_math_1000
W3135214006,pre_ai,2021,Mathematics,8,26.5,0.0,2.6990813507588767,0.25,0.5961793579198726,0.875,0.7356219397587946,0.8858707770705223,0.25,openalex_pure_math_1000
W3135519511,pre_ai,2021,Mathematics,3,28.0,0.0,3.951243718581428,0.3333333333333333,0.8506666666666667,0.0,-0.0,0.89778600136439,0.3333333333333333,openalex_pure_math_1000
W3135872760,pre_ai,2020,Mathematics,7,5.0,0.4285714285714285,1.9459101490553128,0.5714285714285714,0.358974358974359,0.2857142857142857,0.5982695885852573,0.9393421922411236,0.5714285714285714,openalex_pure_math_1000
W3135998089,pre_ai,2021,Mathematics,35,18.0,0.0571428571428571,3.044522437723423,0.4,0.8276748971193416,0.2571428571428571,0.6597468522894931,0.8850347689219884,0.4,openalex_pure_math_1000
W3136571763,pre_ai,2021,Mathematics,7,6.0,0.1428571428571428,4.127134385045092,0.0,0.9142857142857144,0.2857142857142857,0.7963116401738131,0.8752233471189227,0.0,openalex_pure_math_1000
W3136840586,pre_ai,2021,Mathematics,19,2.0,0.6842105263157895,3.8501476017100575,0.0526315789473684,0.5567494963062458,0.0526315789473684,0.2061920506332318,0.9135137796401978,0.0526315789473684,openalex_pure_math_1000
W3136955703,pre_ai,2021,Mathematics,5,15.0,0.0,1.3862943611198906,0.6,0.9649122807017544,0.2,0.5004024235381879,0.9111714482307434,0.6,openalex_pure_math_1000
W3137751888,pre_ai,2021,Mathematics,4,4.0,0.25,3.222859909692789,0.0,0.9159001314060446,0.0,-0.0,0.854352205991745,0.0,openalex_pure_math_1000
W3137890959,pre_ai,2021,Mathematics,7,26.0,0.2857142857142857,4.897839799950911,0.4285714285714285,0.3405612244897959,0.1428571428571428,0.410116318288409,0.8970952459744045,0.4285714285714285,openalex_pure_math_1000
W3137973502,pre_ai,2021,Mathematics,16,5.0,0.25,2.34106561356211,0.4375,0.7145322747670003,0.4375,1.1246702892376168,0.8573223948478699,0.4375,openalex_pure_math_1000
W3138413721,pre_ai,2021,Mathematics,7,25.0,0.1428571428571428,4.127134385045092,0.0,0.6542056074766355,0.4285714285714285,1.15374194270109,0.8730637005397252,0.0,openalex_pure_math_1000
W3138472971,pre_ai,2021,Mathematics,8,22.0,0.125,2.666359396632685,0.375,0.4436090225563909,0.25,0.5623351446188083,0.9228979647159576,0.375,openalex_pure_math_1000
W3139191343,pre_ai,2021,Mathematics,61,11.5,0.0655737704918032,4.934473933130692,0.0163934426229508,0.9462747689674224,0.8688524590163934,1.6001040146206524,0.850187066148539,0.0163934426229508,openalex_pure_math_1000
W3139448475,pre_ai,2021,Mathematics,5,20.0,0.2,3.6635616461296463,0.4,0.4735449735449735,0.0,-0.0,0.8719119191169739,0.4,openalex_pure_math_1000
W3140709861,pre_ai,2021,Mathematics,7,4.0,0.4285714285714285,1.9459101490553128,0.7142857142857143,0.8771428571428571,0.1428571428571428,0.410116318288409,0.8989020756312779,0.7142857142857143,openalex_pure_math_1000
W3142811732,pre_ai,2021,Mathematics,10,12.5,0.1,3.205087440983084,0.2,0.7526080476900149,0.1,0.3250829733914482,0.906964910030365,0.2,openalex_pure_math_1000
W3143236721,pre_ai,2021,Mathematics,9,8.0,0.1111111111111111,3.9318256327243257,0.2222222222222222,0.7244755244755244,0.3333333333333333,0.6365141682948128,0.9006364146868387,0.2222222222222222,openalex_pure_math_1000
W3143864503,pre_ai,2021,Mathematics,19,2.0,0.631578947368421,3.4339872044851463,0.0526315789473684,0.86793953858393,0.0,-0.0,0.9110889968119168,0.0526315789473684,openalex_pure_math_1000
W3144587776,pre_ai,2021,Mathematics,1,30.0,0.0,9.017847259860732,0.0,1.0,1.0,-0.0,0.8149019479751587,0.0,openalex_pure_math_1000
W3145805749,pre_ai,2020,Mathematics,6,7.5,0.1666666666666666,3.1345481418531307,0.3333333333333333,0.9231464737793852,0.0,-0.0,0.9548053244749704,0.3333333333333333,openalex_pure_math_1000
W3145858431,pre_ai,2021,Mathematics,11,4.0,0.4545454545454545,2.3978952727983707,0.4545454545454545,0.8295819935691319,0.5454545454545454,1.0670895187820832,0.897611059925773,0.4545454545454545,openalex_pure_math_1000
W3146315547,pre_ai,2021,Mathematics,7,5.0,0.2857142857142857,0.6931471805599453,0.7142857142857143,0.7014925373134329,0.4285714285714285,0.6829081047004717,0.9231473633221218,0.7142857142857143,openalex_pure_math_1000
W3147445466,pre_ai,2021,Mathematics,12,4.5,0.5,3.655943082038582,0.0,0.5892028679881907,0.0,-0.0,0.9383621960878372,0.0,openalex_pure_math_1000
W3148479104,pre_ai,2021,Mathematics,6,30.0,0.1666666666666666,4.809566635088511,0.1666666666666666,0.5916149068322981,0.1666666666666666,0.4505612088663046,0.8764881491661072,0.1666666666666666,openalex_pure_math_1000
W3150277047,pre_ai,2020,Mathematics,15,10.0,0.1333333333333333,2.833213344056216,0.3333333333333333,0.9847304696537365,0.0,-0.0,0.9234695911407472,0.3333333333333333,openalex_pure_math_1000
W3150604086,pre_ai,2021,Mathematics,8,13.0,0.125,3.00194353355327,0.25,0.5257731958762887,0.0,-0.0,0.8657986298203468,0.25,openalex_pure_math_1000
W3150605528,pre_ai,2021,Mathematics,5,21.0,0.2,4.343805421853684,0.2,0.3701149425287356,0.0,-0.0,0.9333333373069764,0.2,openalex_pure_math_1000
W3152813666,pre_ai,2021,Mathematics,5,4.0,0.4,3.6635616461296463,0.2,0.945369406867846,0.0,-0.0,0.906635880470276,0.2,openalex_pure_math_1000
W3153716811,pre_ai,2021,Mathematics,2,2.0,0.5,2.7954934902554283,0.5,0.9925373134328358,0.0,-0.0,0.9464626610279084,0.5,openalex_pure_math_1000
W3153887295,pre_ai,2021,Mathematics,12,25.5,0.0833333333333333,3.993082430166363,0.1666666666666666,0.8359558085035153,0.1666666666666666,0.5660857389596289,0.8802415281534195,0.1666666666666666,openalex_pure_math_1000
W3154366894,pre_ai,2021,Mathematics,67,14.0,0.1194029850746268,4.394449154672439,0.1044776119402985,0.5550102791962331,0.5671641791044776,1.4943919763424154,0.8782229076570539,0.1044776119402985,openalex_pure_math_1000
W3154537531,pre_ai,2021,Mathematics,5,26.0,0.0,3.091042453358316,0.2,0.4661016949152542,0.2,0.5004024235381879,0.9342675805091858,0.2,openalex_pure_math_1000
W3154744240,pre_ai,2021,Mathematics,4,14.0,0.0,3.310036603265178,0.0,0.67,0.0,-0.0,0.90631902217865,0.0,openalex_pure_math_1000
W3155023640,pre_ai,2021,Mathematics,13,19.0,0.0,4.189654742026425,0.0,0.9025386996904023,0.0769230769230769,0.2711893730418441,0.908496265227978,0.0,openalex_pure_math_1000
W3155486158,pre_ai,2021,Mathematics,6,8.5,0.0,2.26089428852452,0.5,0.4981412639405204,0.0,-0.0,0.912145753701528,0.5,openalex_pure_math_1000
W3155535511,pre_ai,2021,Mathematics,7,39.0,0.1428571428571428,2.9444389791664403,0.2857142857142857,0.8166666666666667,0.4285714285714285,0.6829081047004717,0.8950022969927106,0.2857142857142857,openalex_pure_math_1000
W3155695687,pre_ai,2021,Mathematics,3,26.0,0.0,4.04305126783455,0.3333333333333333,0.90527950310559,0.6666666666666666,0.6365141682948128,0.9140409032503763,0.3333333333333333,openalex_pure_math_1000
W3155830209,pre_ai,2021,Mathematics,8,14.0,0.25,2.393745871391024,0.375,0.3253012048192771,0.125,0.3767701612564367,0.8744020536541939,0.375,openalex_pure_math_1000
W3156059769,pre_ai,2021,Mathematics,18,1.0,0.9444444444444444,2.0126758453675744,0.5555555555555556,0.3298969072164948,0.2777777777777778,0.8838756262717337,0.8876346614625719,0.5555555555555556,openalex_pure_math_1000
W3157412090,pre_ai,2021,Mathematics,18,12.0,0.1666666666666666,2.6968137731761805,0.4444444444444444,0.5814447592067988,0.0555555555555555,0.2145591551764051,0.8664631214406755,0.4444444444444444,openalex_pure_math_1000
W3157707490,pre_ai,2021,Mathematics,6,18.0,0.0,3.5127691573192603,0.1666666666666666,0.7615526802218114,0.0,-0.0,0.9131062130133312,0.1666666666666666,openalex_pure_math_1000
W3158202357,pre_ai,2021,Mathematics,21,11.5,0.0952380952380952,3.784189633918261,0.1428571428571428,0.7319502074688796,0.0476190476190476,0.1914440819577173,0.9055940423692976,0.1428571428571428,openalex_pure_math_1000
W3158553874,pre_ai,2021,Mathematics,4,15.5,0.0,2.9159412386417585,0.25,0.8851174934725848,0.0,-0.0,0.9284085631370544,0.25,openalex_pure_math_1000
W3159178652,pre_ai,2021,Mathematics,10,7.5,0.2,2.2386684072391034,0.5,0.9704827586206896,0.4,0.6730116670092565,0.8975608050823212,0.5,openalex_pure_math_1000
W3159871748,pre_ai,2021,Mathematics,7,15.0,0.1428571428571428,4.07753744390572,0.2857142857142857,0.4758522727272727,0.5714285714285714,0.6829081047004717,0.8603529589516776,0.1428571428571428,openalex_pure_math_1000
W3160169476,pre_ai,2021,Mathematics,6,32.0,0.1666666666666666,1.5890269151739729,0.5,0.8407494145199064,0.3333333333333333,0.8675632284814612,0.8383212983608246,0.5,openalex_pure_math_1000
W3160193211,pre_ai,2021,Mathematics,9,18.0,0.0,5.342334251964811,0.1111111111111111,0.4291633466135458,0.5555555555555556,0.6869615765973234,0.8784497115347121,0.1111111111111111,openalex_pure_math_1000
W3160811695,pre_ai,2021,Mathematics,86,18.0,0.0697674418604651,4.510617931442698,0.0697674418604651,0.9636844948676392,0.7093023255813954,2.0123104946516777,0.8519145326558933,0.0697674418604651,openalex_pure_math_1000
W3161385626,pre_ai,2021,Mathematics,28,13.0,0.2142857142857142,4.150760827470364,0.1071428571428571,0.6280014124293786,0.75,0.7982042955798663,0.9086473562887736,0.1071428571428571,openalex_pure_math_1000
W3161433305,pre_ai,2021,Mathematics,4,9.5,0.5,2.719039654461598,0.5,0.9188311688311688,0.0,-0.0,0.8736151158809662,0.5,openalex_pure_math_1000
W3161973400,pre_ai,2021,Mathematics,7,21.0,0.1428571428571428,3.688879454113936,0.1428571428571428,0.4946695095948827,0.0,-0.0,0.883571914264134,0.1428571428571428,openalex_pure_math_1000
W3162252834,pre_ai,2020,Mathematics,2,4.0,0.5,3.1549591391132585,0.5,0.9963636363636365,0.0,-0.0,0.9134580194950104,0.5,openalex_pure_math_1000
W3162423970,pre_ai,2021,Mathematics,5,7.0,0.2,2.995732273553991,0.2,0.8236514522821576,0.0,-0.0,0.9067312717437744,0.2,openalex_pure_math_1000
W3162491887,pre_ai,2021,Mathematics,37,6.0,0.2432432432432432,2.995732273553991,0.2162162162162162,0.3998569384835479,0.027027027027027,0.1242508373896308,0.9181112775931488,0.2162162162162162,openalex_pure_math_1000
W3162726081,pre_ai,2021,Mathematics,8,14.0,0.0,5.056286373299649,0.125,0.3470588235294117,0.0,-0.0,0.8797733709216118,0.125,openalex_pure_math_1000
W3163863941,pre_ai,2021,Mathematics,17,14.0,0.2941176470588235,4.48863636973214,0.2352941176470588,0.5149219467401286,0.5294117647058824,0.6914160776171183,0.9152865094297072,0.2352941176470588,openalex_pure_math_1000
W3164183348,pre_ai,2021,Mathematics,7,7.0,0.2857142857142857,3.367295829986474,0.4285714285714285,0.7626728110599078,0.0,-0.0,0.917888343334198,0.4285714285714285,openalex_pure_math_1000
W3165029486,pre_ai,2021,Mathematics,21,1.5,0.7142857142857143,2.9444389791664403,0.1904761904761904,0.973656394828848,0.0,-0.0,0.9067205815088182,0.1904761904761904,openalex_pure_math_1000
W3165087788,pre_ai,2021,Mathematics,20,10.0,0.1,3.7954260618442905,0.2,0.9965152886702824,0.85,1.5827205566756732,0.8803372204303741,0.15,openalex_pure_math_1000
W3165168553,pre_ai,2021,Mathematics,4,13.5,0.25,3.185805923615928,0.25,0.951651893634166,0.5,1.039720770839918,0.8913174271583557,0.25,openalex_pure_math_1000
W3165618805,pre_ai,2021,Mathematics,47,7.0,0.2765957446808511,2.995732273553991,0.3617021276595745,0.5254589539314167,0.0425531914893617,0.2054707498023055,0.9085911918193736,0.3617021276595745,openalex_pure_math_1000
W3166179101,pre_ai,2021,Mathematics,5,12.0,0.4,4.290459441148391,0.0,0.9298245614035088,0.0,-0.0,0.8963621139526368,0.0,openalex_pure_math_1000
W3166661921,pre_ai,2021,Mathematics,74,2.0,0.5540540540540541,3.3160008886978147,0.1351351351351351,0.629508542501582,0.6216216216216216,0.7283686293586279,0.8925623241308573,0.1351351351351351,openalex_pure_math_1000
W3167613750,pre_ai,2021,Mathematics,10,3.5,0.5,3.614919389075625,0.4,0.7550571679859279,0.0,-0.0,0.9141990780830384,0.4,openalex_pure_math_1000
W3167675330,pre_ai,2021,Mathematics,1,11.0,0.0,3.970291913552122,0.0,1.0,0.0,-0.0,0.8692003488540649,0.0,openalex_pure_math_1000
W3168088352,pre_ai,2021,Mathematics,5,3.0,0.6,2.5649493574615367,0.2,0.796875,0.2,0.5004024235381879,0.9105589032173156,0.2,openalex_pure_math_1000
W3168294825,pre_ai,2021,Mathematics,5,14.0,0.2,4.276666119016055,0.2,0.3950892857142857,0.0,-0.0,0.9130522847175598,0.2,openalex_pure_math_1000
W3168451542,pre_ai,2021,Mathematics,8,9.5,0.0,2.381086967398878,0.375,0.601063829787234,0.0,-0.0,0.9259404838085176,0.375,openalex_pure_math_1000
W3169173977,pre_ai,2021,Mathematics,7,5.0,0.2857142857142857,1.9459101490553128,0.5714285714285714,0.373134328358209,0.1428571428571428,0.410116318288409,0.9424520986420768,0.5714285714285714,openalex_pure_math_1000
W3171830449,pre_ai,2021,Mathematics,102,6.0,0.3235294117647059,3.881510654509259,0.0784313725490196,0.5076099682221107,0.6568627450980392,0.9040773249632328,0.8934435920388091,0.0784313725490196,openalex_pure_math_1000
W3172640448,pre_ai,2021,Mathematics,11,5.0,0.1818181818181818,2.70805020110221,0.3636363636363636,0.9029850746268656,0.0,-0.0,0.9316381541165438,0.3636363636363636,openalex_pure_math_1000
W3173870095,pre_ai,2021,Mathematics,6,46.5,0.1666666666666666,6.475260560222835,0.1666666666666666,0.4140625,0.1666666666666666,0.4505612088663046,0.8792974650859833,0.1666666666666666,openalex_pure_math_1000
W3174447108,pre_ai,2021,Mathematics,8,14.5,0.25,3.329005522935374,0.25,0.553072625698324,0.0,-0.0,0.9024355188012124,0.25,openalex_pure_math_1000
W3175020219,pre_ai,2021,Mathematics,31,2.0,0.6451612903225806,3.784189633918261,0.3225806451612903,0.5595703125,0.1290322580645161,0.4571022932554297,0.8888826581739611,0.3225806451612903,openalex_pure_math_1000
W3175164636,pre_ai,2021,Mathematics,13,18.0,0.1538461538461538,2.3978952727983707,0.2307692307692307,0.8912365286443562,0.6923076923076923,0.8587409130062867,0.9024119606384864,0.2307692307692307,openalex_pure_math_1000
W3175707672,pre_ai,2021,Mathematics,7,8.0,0.2857142857142857,3.218875824868201,0.1428571428571428,0.4293103448275862,0.4285714285714285,0.6829081047004717,0.9232032724789212,0.1428571428571428,openalex_pure_math_1000
W3175829632,pre_ai,2021,Mathematics,4,8.5,0.0,2.596478425445105,0.5,0.7701863354037267,0.0,-0.0,0.9431326538324356,0.5,openalex_pure_math_1000
W3176225185,pre_ai,2021,Mathematics,8,13.5,0.125,3.6605942783697394,0.0,0.6011275546159267,0.0,-0.0,0.8921254202723503,0.0,openalex_pure_math_1000
W3176466408,pre_ai,2021,Mathematics,22,7.0,0.1363636363636363,3.856221917137495,0.1363636363636363,0.6196013289036545,0.0454545454545454,0.1849073991677756,0.9177694618701936,0.1363636363636363,openalex_pure_math_1000
W3176587462,pre_ai,2021,Mathematics,8,13.0,0.0,3.386540187827768,0.125,0.3763066202090592,0.75,1.039720770839918,0.8910278007388115,0.0,openalex_pure_math_1000
W3176718297,pre_ai,2021,Mathematics,6,20.5,0.1666666666666666,3.5400132499612957,0.3333333333333333,0.9706387630798065,0.1666666666666666,0.4505612088663046,0.8604049682617188,0.3333333333333333,openalex_pure_math_1000
W3177128887,pre_ai,2021,Mathematics,4,28.5,0.25,3.660924856894178,0.25,0.9869033047735618,0.5,1.039720770839918,0.8604885041713715,0.25,openalex_pure_math_1000
W3177456890,pre_ai,2021,Mathematics,5,18.0,0.0,4.174387269895637,0.2,0.6786516853932584,0.0,-0.0,0.8977124452590942,0.2,openalex_pure_math_1000
W3178264151,pre_ai,2021,Mathematics,3,6.0,0.0,2.079441541679836,0.6666666666666666,0.7631578947368421,0.0,-0.0,0.924743950366974,0.6666666666666666,openalex_pure_math_1000
W3178305001,pre_ai,2021,Mathematics,9,4.0,0.3333333333333333,2.6390573296152584,0.2222222222222222,0.2076923076923077,0.0,-0.0,0.9121186667018466,0.2222222222222222,openalex_pure_math_1000
W3178755730,pre_ai,2021,Mathematics,16,10.0,0.1875,4.037480179557929,0.1875,0.6128010139416984,0.0625,0.2337916587064593,0.9305116645991802,0.1875,openalex_pure_math_1000
W3180858439,pre_ai,2021,Mathematics,15,10.0,0.1333333333333333,2.302585092994046,0.4,0.6321757618710134,0.1333333333333333,0.4850940913022115,0.9052959322929384,0.4,openalex_pure_math_1000
W3181136734,pre_ai,2021,Mathematics,5,16.0,0.0,4.0943445622221,0.0,0.6686626746506986,0.2,0.5004024235381879,0.915102469921112,0.0,openalex_pure_math_1000
W3181258830,pre_ai,2021,Mathematics,5,7.0,0.4,4.418840607796598,0.2,0.4526854219948849,0.0,-0.0,0.9400076150894164,0.2,openalex_pure_math_1000
W3181772324,pre_ai,2021,Mathematics,14,30.0,0.1428571428571428,5.63542695188525,0.1428571428571428,0.3705017739483021,0.2142857142857142,0.6559757323365467,0.9126926958560944,0.1428571428571428,openalex_pure_math_1000
W3182582530,pre_ai,2021,Mathematics,12,5.0,0.3333333333333333,3.2059091338549486,0.25,0.7128825947921426,0.5833333333333334,0.9184277849930976,0.935825988650322,0.25,openalex_pure_math_1000
W3182839482,pre_ai,2021,Mathematics,26,2.5,0.6538461538461539,2.6155543084272934,0.3846153846153846,0.7187293183322303,0.0769230769230769,0.3245083869310706,0.889221402314993,0.3846153846153846,openalex_pure_math_1000
W3183367496,pre_ai,2021,Mathematics,4,18.5,0.25,4.254177121374516,0.25,0.3869565217391304,0.25,0.5623351446188083,0.9149110913276672,0.25,openalex_pure_math_1000
W3184174070,pre_ai,2021,Mathematics,14,21.0,0.1428571428571428,3.9695794089783982,0.1428571428571428,0.3995568685376662,0.2857142857142857,0.5982695885852573,0.918402693101338,0.1428571428571428,openalex_pure_math_1000
W3184839516,pre_ai,2021,Mathematics,9,53.0,0.0,3.713572066704308,0.2222222222222222,0.3676470588235294,0.1111111111111111,0.3488320958430319,0.8917471634017097,0.2222222222222222,openalex_pure_math_1000
W3184884279,pre_ai,2021,Mathematics,4,4.0,0.5,1.666102255087602,0.75,0.9682539682539684,0.25,0.5623351446188083,0.9163759648799896,0.75,openalex_pure_math_1000
W3185017165,pre_ai,2021,Mathematics,8,21.0,0.125,2.959446927136573,0.25,0.5608974358974359,0.125,0.3767701612564367,0.9248718470335008,0.25,openalex_pure_math_1000
W3185488452,pre_ai,2021,Mathematics,6,16.5,0.0,2.484906649788,0.5,0.4534883720930232,0.0,-0.0,0.9104716877142588,0.5,openalex_pure_math_1000
W3185898477,pre_ai,2021,Mathematics,5,13.0,0.0,4.382026634673881,0.0,0.4466403162055335,0.0,-0.0,0.9247265100479126,0.0,openalex_pure_math_1000
W3186092333,pre_ai,2021,Mathematics,5,34.0,0.4,4.672828834461906,0.0,0.918758930393958,0.6,0.6730116670092565,0.8628511428833008,0.0,openalex_pure_math_1000
W3186317500,pre_ai,2021,Mathematics,2,9.5,0.5,2.491803310854168,0.5,0.9863013698630136,0.0,-0.0,0.92063170671463,0.5,openalex_pure_math_1000
W3186565521,pre_ai,2021,Mathematics,7,18.0,0.0,3.4657359027997265,0.0,0.64376130198915,0.0,-0.0,0.9085403169904436,0.0,openalex_pure_math_1000
W3187045647,pre_ai,2021,Mathematics,25,5.0,0.28,1.791759469228055,0.56,0.6359945872801083,0.04,0.167944147734173,0.9180691313743592,0.48,openalex_pure_math_1000
W3187807205,pre_ai,2021,Mathematics,11,15.0,0.0909090909090909,3.6375861597263857,0.2727272727272727,0.8870686650400836,0.0,-0.0,0.9485532533038746,0.2727272727272727,openalex_pure_math_1000
W3188525739,pre_ai,2021,Mathematics,10,9.5,0.2,3.40064151723581,0.1,0.4055080721747388,0.0,-0.0,0.9285937190055849,0.1,openalex_pure_math_1000
W3188607744,pre_ai,2021,Mathematics,15,1.0,0.7333333333333333,3.044522437723423,0.2666666666666666,0.4159544159544159,0.0666666666666666,0.2449300267946353,0.9060776154200236,0.2666666666666666,openalex_pure_math_1000
W3188839503,pre_ai,2021,Mathematics,7,45.0,0.2857142857142857,2.5649493574615367,0.2857142857142857,0.5285037444597279,0.2857142857142857,0.7963116401738131,0.9029710292816162,0.2857142857142857,openalex_pure_math_1000
W3190070905,pre_ai,2021,Mathematics,5,14.0,0.4,4.02535169073515,0.2,0.5594900849858357,0.2,0.5004024235381879,0.849987804889679,0.2,openalex_pure_math_1000
W3191134132,pre_ai,2021,Mathematics,6,7.5,0.3333333333333333,1.975621859290713,0.5,0.5792079207920792,0.0,-0.0,0.9053418735663096,0.5,openalex_pure_math_1000
W3194019390,pre_ai,2021,Mathematics,9,2.0,0.5555555555555556,1.3862943611198906,0.7777777777777778,0.5921052631578947,0.0,-0.0,0.9111195272869534,0.7777777777777778,openalex_pure_math_1000
W3194256870,pre_ai,2021,Mathematics,6,13.0,0.3333333333333333,3.916007090252735,0.3333333333333333,0.9193611219322166,0.0,-0.0,0.866839200258255,0.3333333333333333,openalex_pure_math_1000
W3195431608,pre_ai,2021,Mathematics,17,7.0,0.2941176470588235,3.091042453358316,0.1176470588235294,0.767812026275897,0.1176470588235294,0.4437572842601484,0.9050048379337088,0.1176470588235294,openalex_pure_math_1000
W3195613243,pre_ai,2020,Mathematics,13,2.0,0.9230769230769232,1.791759469228055,0.6153846153846154,0.6842105263157895,0.0769230769230769,0.2711893730418441,0.872883310684791,0.5384615384615384,openalex_pure_math_1000
W3195632953,pre_ai,2021,Mathematics,15,7.0,0.2666666666666666,3.295836866004329,0.1333333333333333,0.7917547568710359,0.0,-0.0,0.9375548919041952,0.1333333333333333,openalex_pure_math_1000
W3197207566,pre_ai,2021,Mathematics,3,11.0,0.0,3.5263605246161616,0.0,0.6470588235294118,0.3333333333333333,0.6365141682948128,0.9142659306526184,0.0,openalex_pure_math_1000
W3197732642,pre_ai,2021,Mathematics,6,17.5,0.0,3.9230994077487127,0.1666666666666666,0.5181086519114688,0.3333333333333333,0.8675632284814612,0.9047865271568298,0.1666666666666666,openalex_pure_math_1000
W3198119099,pre_ai,2021,Mathematics,14,19.5,0.0714285714285714,2.1910133173369406,0.5,0.5442477876106194,0.0,-0.0,0.9555988609790802,0.5,openalex_pure_math_1000
W3198254035,pre_ai,2021,Mathematics,5,14.0,0.0,3.044522437723423,0.2,0.3714285714285714,0.0,-0.0,0.9330962896347046,0.2,openalex_pure_math_1000
W3198314929,pre_ai,2021,Mathematics,6,36.5,0.1666666666666666,3.170179651863876,0.1666666666666666,0.8039647577092511,0.3333333333333333,0.8675632284814612,0.8887607057889303,0.1666666666666666,openalex_pure_math_1000
W3198464873,pre_ai,2021,Mathematics,8,3.0,0.625,2.962127898707266,0.25,0.2716049382716049,1.0,1.0735428464085233,0.8231295794248581,0.125,openalex_pure_math_1000
W3198660199,pre_ai,2021,Mathematics,4,13.5,0.0,5.813359164122128,0.0,0.5517879161528977,0.0,-0.0,0.9270186871290208,0.0,openalex_pure_math_1000
W3199351936,pre_ai,2021,Mathematics,16,9.0,0.3125,4.308066569635571,0.3125,0.898893978326444,0.1875,0.6885673693022827,0.886202123016119,0.3125,openalex_pure_math_1000
W3199369332,pre_ai,2021,Mathematics,5,10.0,0.2,1.791759469228055,0.6,0.4166666666666667,0.2,0.5004024235381879,0.9444489002227784,0.6,openalex_pure_math_1000
W3199716165,pre_ai,2021,Mathematics,17,22.0,0.0,3.713572066704308,0.0588235294117647,0.6494213750850919,0.1764705882352941,0.4659992569610426,0.8850615410243764,0.0588235294117647,openalex_pure_math_1000
W3199993785,pre_ai,2021,Mathematics,9,14.0,0.1111111111111111,1.3862943611198906,0.5555555555555556,0.5064599483204134,0.3333333333333333,0.8486855577264172,0.8839253650771247,0.4444444444444444,openalex_pure_math_1000
W3200280775,pre_ai,2021,Mathematics,9,5.0,0.2222222222222222,2.6390573296152584,0.3333333333333333,0.8973845297718419,0.3333333333333333,0.8486855577264172,0.8827816115485297,0.3333333333333333,openalex_pure_math_1000
W3200941480,pre_ai,2021,Mathematics,16,5.5,0.4375,2.6990813507588767,0.1875,0.553875236294896,0.0,-0.0,0.9295750185847282,0.1875,openalex_pure_math_1000
W3201156852,pre_ai,2021,Mathematics,6,11.5,0.1666666666666666,2.8262445901343254,0.1666666666666666,0.6308243727598566,0.0,-0.0,0.9210951328277588,0.1666666666666666,openalex_pure_math_1000
W3201667970,pre_ai,2021,Mathematics,9,8.0,0.1111111111111111,2.302585092994046,0.4444444444444444,0.5518394648829431,0.0,-0.0,0.8912890354792277,0.4444444444444444,openalex_pure_math_1000
W3201996957,pre_ai,2021,Mathematics,34,11.0,0.088235294117647,4.569422185135556,0.0294117647058823,0.9793452673418352,0.8235294117647058,1.6194373783451297,0.884624207721037,0.0294117647058823,openalex_pure_math_1000
W3202694594,pre_ai,2021,Mathematics,6,10.0,0.0,3.149474623427971,0.1666666666666666,0.5860927152317881,0.0,-0.0,0.9204616645971934,0.1666666666666666,openalex_pure_math_1000
W3202820329,pre_ai,2021,Mathematics,11,10.0,0.0909090909090909,2.3978952727983707,0.4545454545454545,0.8579970104633782,0.0,-0.0,0.9404578425667502,0.4545454545454545,openalex_pure_math_1000
W3203226152,pre_ai,2021,Mathematics,12,2.5,0.5833333333333334,2.8029010331479984,0.3333333333333333,0.9181701030927836,0.1666666666666666,0.4505612088663046,0.8877572466929754,0.3333333333333333,openalex_pure_math_1000
W3203726743,pre_ai,2021,Mathematics,11,13.0,0.0,3.912023005428146,0.0909090909090909,0.5795170691090757,0.8181818181818182,1.1685184057430875,0.9044246998700228,0.0909090909090909,openalex_pure_math_1000
W3204291119,pre_ai,2021,Mathematics,9,4.0,0.4444444444444444,2.3978952727983707,0.3333333333333333,0.3570143884892086,0.1111111111111111,0.3488320958430319,0.8799375030729506,0.3333333333333333,openalex_pure_math_1000
W3204291831,pre_ai,2021,Mathematics,17,5.0,0.4705882352941176,2.19722457733622,0.4705882352941176,0.3593314763231198,0.1176470588235294,0.4437572842601484,0.9181245039491092,0.4705882352941176,openalex_pure_math_1000
W3205149941,pre_ai,2021,Mathematics,4,7.0,0.0,1.9944920232821373,0.5,0.9113300492610836,0.25,0.5623351446188083,0.9351243674755096,0.5,openalex_pure_math_1000
W3205192483,pre_ai,2021,Mathematics,6,11.0,0.1666666666666666,2.5184763012068148,0.5,0.9902557856272838,0.1666666666666666,0.4505612088663046,0.8715344071388245,0.5,openalex_pure_math_1000
W3205306803,pre_ai,2021,Mathematics,11,3.0,0.8181818181818182,2.079441541679836,0.5454545454545454,0.94874022589053,0.1818181818181818,0.6001660731596457,0.8840057416395708,0.4545454545454545,openalex_pure_math_1000
W3205587759,pre_ai,2021,Mathematics,29,2.0,0.6551724137931034,2.772588722239781,0.2758620689655172,0.6096563011456628,0.0344827586206896,0.149994923610415,0.8442047731629734,0.2758620689655172,openalex_pure_math_1000
W3206424245,pre_ai,2021,Mathematics,4,16.5,0.25,3.632714861626976,0.25,0.665871121718377,1.0,-0.0,0.9119937568902968,0.25,openalex_pure_math_1000
W3206783145,pre_ai,2021,Mathematics,5,1.0,0.6,1.6094379124341005,0.8,0.8636363636363636,0.0,-0.0,0.9424544215202332,0.8,openalex_pure_math_1000
W3206976835,pre_ai,2021,Mathematics,8,19.5,0.0,2.914472808805104,0.125,0.4967105263157895,0.25,0.7356219397587946,0.8660988956689835,0.125,openalex_pure_math_1000
W3207437842,pre_ai,2021,Mathematics,6,8.5,0.0,3.828641396489095,0.1666666666666666,0.3254237288135593,0.0,-0.0,0.85938228170077,0.1666666666666666,openalex_pure_math_1000
W3208213839,pre_ai,2021,Mathematics,4,10.0,0.5,1.9356005054539451,0.5,0.9923146473779384,0.0,-0.0,0.8997216522693634,0.5,openalex_pure_math_1000
W3208893363,pre_ai,2021,Mathematics,4,3.5,0.5,2.11705325229863,0.5,0.5806451612903226,0.0,-0.0,0.9090919494628906,0.5,openalex_pure_math_1000
W3210303987,pre_ai,2021,Mathematics,10,16.0,0.2,2.740319461670996,0.3,0.3092783505154639,0.0,-0.0,0.9017093479633332,0.3,openalex_pure_math_1000
W3210579204,pre_ai,2021,Mathematics,12,10.0,0.1666666666666666,2.5649493574615367,0.1666666666666666,0.8650875386199794,0.25,0.7214636866925115,0.8888951589663824,0.0833333333333333,openalex_pure_math_1000
W3211050432,pre_ai,2021,Mathematics,7,10.0,0.1428571428571428,3.6375861597263857,0.1428571428571428,0.3417721518987341,0.8571428571428571,1.5498260458782016,0.8272428512573242,0.0,openalex_pure_math_1000
W3211554225,pre_ai,2021,Mathematics,3,28.0,0.0,3.5263605246161616,0.3333333333333333,0.6421052631578947,0.0,-0.0,0.9156246781349182,0.3333333333333333,openalex_pure_math_1000
W3211694458,pre_ai,2021,Mathematics,19,3.5,0.4736842105263157,1.3862943611198906,0.5789473684210527,0.5347222222222222,0.1052631578947368,0.4094586186950892,0.923786229208896,0.5789473684210527,openalex_pure_math_1000
W3212122060,pre_ai,2021,Mathematics,8,23.0,0.125,3.0827089271157098,0.375,0.8483235763704098,0.125,0.3767701612564367,0.8967500925064087,0.375,openalex_pure_math_1000
W3212358277,pre_ai,2021,Mathematics,8,14.5,0.25,3.4923581600591325,0.125,0.4391061452513966,0.0,-0.0,0.8575883731245995,0.125,openalex_pure_math_1000
W3212503079,pre_ai,2021,Mathematics,2,6.5,0.5,1.4451858789480825,0.5,0.8888888888888888,0.0,-0.0,0.9576647281646729,0.5,openalex_pure_math_1000
W3213353046,pre_ai,2021,Mathematics,21,11.0,0.3809523809523809,3.258096538021482,0.3333333333333333,0.7606691703653123,0.0476190476190476,0.1914440819577173,0.9081940849622092,0.3333333333333333,openalex_pure_math_1000
W3214193450,pre_ai,2021,Mathematics,9,22.0,0.1111111111111111,2.5649493574615367,0.4444444444444444,0.3769230769230769,0.0,-0.0,0.9008775817023384,0.4444444444444444,openalex_pure_math_1000
W3214727669,pre_ai,2021,Mathematics,5,6.0,0.2,3.044522437723423,0.0,0.5921985815602837,0.2,0.5004024235381879,0.8958857417106628,0.0,openalex_pure_math_1000
W3214803791,pre_ai,2021,Mathematics,14,8.0,0.2142857142857142,2.928966577241729,0.3571428571428571,0.7976524623628477,0.7142857142857143,1.7478680974667578,0.8133311569690704,0.2142857142857142,openalex_pure_math_1000
W3214899200,pre_ai,2021,Mathematics,4,13.0,0.0,3.784705896225356,0.0,0.9580034423407916,0.75,1.3862943611198906,0.7643737196922302,0.0,openalex_pure_math_1000
W3215414250,pre_ai,2021,Mathematics,11,11.0,0.2727272727272727,2.3978952727983707,0.4545454545454545,0.5157232704402516,0.0909090909090909,0.3046360973492381,0.9272297729145396,0.4545454545454545,openalex_pure_math_1000
W3215429657,pre_ai,2021,Mathematics,5,8.0,0.0,2.079441541679836,0.6,0.3684210526315789,0.0,-0.0,0.9471635222434998,0.6,openalex_pure_math_1000
W3215668475,pre_ai,2021,Mathematics,14,6.0,0.3571428571428571,3.7224166369460967,0.2142857142857142,0.5880361173814899,0.2857142857142857,0.5982695885852573,0.8772595737661634,0.2142857142857142,openalex_pure_math_1000
W3215744144,pre_ai,2021,Mathematics,9,23.0,0.1111111111111111,2.833213344056216,0.3333333333333333,0.3766937669376693,0.4444444444444444,0.936888307539016,0.8954723079999288,0.3333333333333333,openalex_pure_math_1000
W3215869494,pre_ai,2021,Mathematics,7,15.0,0.1428571428571428,3.367295829986474,0.1428571428571428,0.7398622800306044,0.4285714285714285,0.6829081047004717,0.821451587336404,0.1428571428571428,openalex_pure_math_1000
W3215900509,pre_ai,2021,Mathematics,13,4.0,0.4615384615384615,3.9889840465642745,0.2307692307692307,0.3803009575923393,0.0,-0.0,0.904408619954036,0.2307692307692307,openalex_pure_math_1000
W3216172748,pre_ai,2021,Mathematics,30,7.0,0.2666666666666666,3.592693507790208,0.2,0.7245729813664596,0.7333333333333333,0.9729524235099932,0.8936539510885875,0.2,openalex_pure_math_1000
W3216408827,pre_ai,2021,Mathematics,28,2.0,0.7142857142857143,2.0715673631957663,0.5,0.5201535508637236,0.0714285714285714,0.2573186405438316,0.9326268498386656,0.5,openalex_pure_math_1000
W3216571554,pre_ai,2021,Mathematics,5,20.0,0.2,4.564348191467836,0.4,0.4730021598272138,0.4,0.6730116670092565,0.9373749256134032,0.4,openalex_pure_math_1000
W3216739492,pre_ai,2021,Mathematics,11,5.0,0.2727272727272727,2.19722457733622,0.4545454545454545,0.7049441786283892,0.2727272727272727,0.5859526183035508,0.9162766499952836,0.4545454545454545,openalex_pure_math_1000
W3216824200,pre_ai,2019,Mathematics,9,8.0,0.1111111111111111,4.0943445622221,0.1111111111111111,0.4787775891341256,0.0,-0.0,0.9157817761103312,0.1111111111111111,openalex_pure_math_1000
W3217477947,pre_ai,2021,Mathematics,57,7.0,0.4035087719298245,2.079441541679836,0.5087719298245614,0.936817730731062,0.4210526315789473,1.409043687269817,0.899503605407581,0.4736842105263157,openalex_pure_math_1000
W3217503971,pre_ai,2021,Mathematics,5,13.0,0.0,3.6635616461296463,0.2,0.8094453596924767,0.0,-0.0,0.8652111768722535,0.2,openalex_pure_math_1000
W4200051375,pre_ai,2021,Mathematics,3,17.0,0.0,4.127134385045092,0.3333333333333333,0.6965174129353234,0.3333333333333333,0.6365141682948128,0.9343473315238952,0.3333333333333333,openalex_pure_math_1000
W4200057965,pre_ai,2021,Mathematics,9,12.0,0.2222222222222222,2.6390573296152584,0.4444444444444444,0.8709256844850065,1.0,0.3488320958430319,0.8736880222956339,0.4444444444444444,openalex_pure_math_1000
W4200061470,pre_ai,2021,Mathematics,65,7.0,0.2615384615384615,4.564348191467836,0.0461538461538461,0.9723131271537244,0.7230769230769231,1.4802976189016497,0.8693433303099413,0.0461538461538461,openalex_pure_math_1000
W4200266433,pre_ai,2021,Mathematics,2,27.5,0.0,4.439666587393014,0.0,0.6457142857142857,0.0,-0.0,0.8953052461147308,0.0,openalex_pure_math_1000
W4200282424,pre_ai,2021,Mathematics,14,4.0,0.5,2.4260151319598084,0.5,0.5067567567567568,0.2142857142857142,0.6559757323365467,0.9337414630821772,0.5,openalex_pure_math_1000
W4200305568,pre_ai,2021,Mathematics,4,11.5,0.25,3.92524659043557,0.25,0.6991150442477876,0.75,0.5623351446188083,0.900309219956398,0.25,openalex_pure_math_1000
W4200376525,pre_ai,2021,Mathematics,5,18.0,0.0,5.135798437050262,0.0,0.4390779363336992,0.2,0.5004024235381879,0.890017306804657,0.0,openalex_pure_math_1000
W4200490792,pre_ai,2021,Mathematics,13,6.0,0.3846153846153846,2.70805020110221,0.3076923076923077,0.5138282387190685,0.0,-0.0,0.9294428596129783,0.3076923076923077,openalex_pure_math_1000
W4200495809,pre_ai,2021,Mathematics,11,18.0,0.0909090909090909,3.7612001156935615,0.3636363636363636,0.743509272467903,0.0,-0.0,0.9286895990371704,0.3636363636363636,openalex_pure_math_1000
W4200499465,pre_ai,2021,Mathematics,8,13.0,0.125,4.003517006096704,0.25,0.4163370593293207,0.25,0.7356219397587946,0.844073973596096,0.25,openalex_pure_math_1000
W4200553647,pre_ai,2021,Mathematics,8,9.5,0.0,2.83494046149026,0.375,0.335740072202166,0.0,-0.0,0.8980176448822021,0.375,openalex_pure_math_1000
W4200626951,pre_ai,2021,Mathematics,5,11.0,0.4,3.80666248977032,0.4,0.5057235104197241,0.2,0.5004024235381879,0.9053683400154112,0.4,openalex_pure_math_1000
W4205214348,pre_ai,2021,Mathematics,14,14.0,0.0,5.081385075233105,0.0714285714285714,0.5273041759327898,0.0,-0.0,0.9029943815299444,0.0714285714285714,openalex_pure_math_1000
W4205657779,pre_ai,2021,Mathematics,9,8.0,0.1111111111111111,3.218875824868201,0.2222222222222222,0.6161806208842897,0.0,-0.0,0.9511444237497118,0.2222222222222222,openalex_pure_math_1000
W4205965831,pre_ai,2021,Mathematics,20,2.5,0.7,3.177185020398676,0.25,0.478125,0.0,-0.0,0.9085685074329376,0.25,openalex_pure_math_1000
W4206065856,pre_ai,2021,Mathematics,14,2.5,0.5714285714285714,2.470821211304652,0.4285714285714285,0.4880514705882353,0.4285714285714285,0.8760057656431737,0.8967993770326886,0.4285714285714285,openalex_pure_math_1000
W4206182950,pre_ai,2021,Mathematics,6,11.0,0.1666666666666666,1.6094379124341005,0.6666666666666666,0.4923076923076923,0.0,-0.0,0.9097433785597484,0.6666666666666666,openalex_pure_math_1000
W4206198034,pre_ai,2021,Mathematics,5,9.0,0.4,1.6094379124341005,0.6,0.9677018633540372,0.0,-0.0,0.926426076889038,0.6,openalex_pure_math_1000
W4206321912,pre_ai,2021,Mathematics,8,0.0,1.0,1.5890269151739729,1.0,0.2058823529411764,0.625,1.320888343149322,0.9479128643870354,1.0,openalex_pure_math_1000
W4210532447,pre_ai,2021,Mathematics,27,2.0,0.6666666666666666,3.044522437723423,0.1851851851851851,0.6523809523809524,0.074074074074074,0.2640520518256287,0.9157618968575088,0.1851851851851851,openalex_pure_math_1000
W4210854661,pre_ai,2021,Mathematics,10,5.0,0.2,2.543798167616192,0.4,0.870682019486271,0.0,-0.0,0.927061092853546,0.4,openalex_pure_math_1000
W4210866643,pre_ai,2021,Mathematics,8,16.5,0.125,4.425903279276225,0.25,0.3795811518324607,0.0,-0.0,0.9091839492321014,0.25,openalex_pure_math_1000
W4212932976,pre_ai,2021,Mathematics,21,11.0,0.1428571428571428,3.044522437723423,0.3333333333333333,0.5570236439499304,0.0,-0.0,0.9211598833401998,0.3333333333333333,openalex_pure_math_1000
W4214574181,pre_ai,2021,Mathematics,4,11.5,0.0,3.8863763582343696,0.0,0.9617551141417136,0.0,-0.0,0.921781212091446,0.0,openalex_pure_math_1000
W4225343841,pre_ai,2021,Mathematics,4,10.5,0.25,2.967447097809794,0.25,0.6486486486486487,0.0,-0.0,0.9184572696685792,0.25,openalex_pure_math_1000
W4225487027,pre_ai,2021,Mathematics,10,45.5,0.0,4.63881255939089,0.2,0.2447945976364659,0.0,-0.0,0.8884058952331543,0.2,openalex_pure_math_1000
W4226174426,pre_ai,2021,Mathematics,4,0.5,0.75,0.6931471805599453,1.0,0.7142857142857143,0.75,1.039720770839918,0.8939213901758194,0.75,openalex_pure_math_1000
W4231234913,pre_ai,2020,Mathematics,3,9.0,0.3333333333333333,2.19722457733622,0.3333333333333333,0.8775510204081632,0.0,-0.0,0.959374209245046,0.3333333333333333,openalex_pure_math_1000
W4235307161,pre_ai,2020,Mathematics,6,0.0,0.6666666666666666,2.19722457733622,0.3333333333333333,0.9659413434247872,0.6666666666666666,0.6365141682948128,0.8032037317752838,0.1666666666666666,openalex_pure_math_1000
W4235508892,pre_ai,2020,Mathematics,5,11.0,0.4,6.126869184114185,0.4,0.5684647302904564,0.2,0.5004024235381879,0.9239625573158264,0.4,openalex_pure_math_1000
W4238098811,pre_ai,2020,Mathematics,10,16.5,0.0,2.418140953475739,0.4,0.2966507177033493,0.0,-0.0,0.8848738312721253,0.4,openalex_pure_math_1000
W4246814627,pre_ai,2021,Mathematics,7,28.0,0.0,3.218875824868201,0.4285714285714285,0.2945736434108527,0.0,-0.0,0.9184154527527946,0.4285714285714285,openalex_pure_math_1000
W4248034644,pre_ai,2021,Mathematics,3,4.0,0.3333333333333333,0.6931471805599453,0.6666666666666666,0.9931506849315068,0.3333333333333333,0.6365141682948128,0.9175735314687092,0.6666666666666666,openalex_pure_math_1000
W4248363385,pre_ai,2021,Mathematics,7,11.0,0.2857142857142857,1.3862943611198906,0.7142857142857143,0.902834008097166,0.1428571428571428,0.410116318288409,0.8815327712467739,0.7142857142857143,openalex_pure_math_1000
W4250200899,pre_ai,2020,Mathematics,12,7.5,0.0833333333333333,2.8029010331479984,0.4166666666666667,0.7368421052631579,0.0,-0.0,0.902469033996264,0.4166666666666667,openalex_pure_math_1000
W4253944704,pre_ai,2021,Mathematics,2,11.5,0.5,1.975621859290713,0.5,0.8,0.0,-0.0,0.8904595673084259,0.5,openalex_pure_math_1000
W4286928689,pre_ai,2021,Mathematics,6,18.0,0.0,2.5529727369502906,0.3333333333333333,0.6071428571428571,0.3333333333333333,0.6365141682948128,0.7749315599600474,0.0,openalex_pure_math_1000
W4297785547,pre_ai,2021,Mathematics,6,28.0,0.0,4.341014716934586,0.1666666666666666,0.2982005141388175,0.3333333333333333,0.6365141682948128,0.8735691606998444,0.1666666666666666,openalex_pure_math_1000
W4313905157,pre_ai,2020,Mathematics,13,15.5,0.0769230769230769,3.218875824868201,0.3846153846153846,0.451063829787234,0.0,-0.0,0.8939966055063101,0.3846153846153846,openalex_pure_math_1000
W4313905164,pre_ai,2020,Mathematics,13,9.0,0.0769230769230769,3.218875824868201,0.2307692307692307,0.5766666666666667,0.1538461538461538,0.5359610497090694,0.8957845385258014,0.2307692307692307,openalex_pure_math_1000
W4318472093,pre_ai,2021,Mathematics,12,10.5,0.0,3.673005104956646,0.1666666666666666,0.6312226204699323,0.0833333333333333,0.2868359830561607,0.8985454440116882,0.1666666666666666,openalex_pure_math_1000
W4318537256,pre_ai,2021,Mathematics,6,10.0,0.0,3.585059771724814,0.1666666666666666,0.6227824463118581,0.0,-0.0,0.9352770646413168,0.1666666666666666,openalex_pure_math_1000
W4320162391,pre_ai,2021,Mathematics,11,8.0,0.1818181818181818,2.8903717578961645,0.4545454545454545,0.925653594771242,0.0909090909090909,0.3046360973492381,0.9250624179840088,0.4545454545454545,openalex_pure_math_1000
W4365597450,pre_ai,2021,Mathematics,14,13.5,0.2857142857142857,4.394144230131809,0.2142857142857142,0.5887372013651877,1.0,0.991138896613094,0.879768933568682,0.2142857142857142,openalex_pure_math_1000
W4399748832,pre_ai,2019,Mathematics,5,9.0,0.0,2.079441541679836,0.6,0.9993777400650544,0.6,0.6730116670092565,0.8712299227714538,0.6,openalex_pure_math_1000
W4402765363,pre_ai,2020,Mathematics,3,5.0,0.3333333333333333,0.0,1.0,1.0,0.3333333333333333,0.6365141682948128,0.8742936253547668,1.0,openalex_pure_math_1000
W791451184,pre_ai,2020,Mathematics,12,13.5,0.0,5.003382950994816,0.0833333333333333,0.7916232548447594,0.0,-0.0,0.8734154651562372,0.0833333333333333,openalex_pure_math_1000
