paper_id,title,abstract,year,publication_date,work_type,venue,field,is_oa,openalex_current_cited_by_count,source_dataset
W1031578623,GROMACS: High performance molecular simulations through multi-level parallelism from laptops to supercomputers,"GROMACS is one of the most widely used open-source and free software codes in chemistry, used primarily for dynamical simulations of biomolecules. It provides a rich set of calculation types, preparation and analysis tools. Several advanced techniques for free-energy calculations are supported. In version 5, it reaches new performance heights, through several new and enhanced parallelization algorithms. These work on every level; SIMD registers inside cores, multithreading, heterogeneous CPU-GPU acceleration, state-of-the-art 3D domain decomposition, and ensemble-level parallelization through built-in replica exchange and the separate Copernicus framework. The latest best-in-class compressed trajectory storage format is supported.",2015,2015-07-16,article,SoftwareX,Chemistry,True,26647,openalex_toy
W118549185,Finding What Works in Health Care: Standards for Systematic Reviews,"Healthcare decision makers in search of reliable information that compares health interventions increasingly turn to systematic reviews for the best summary of the evidence. Systematic reviews identify, select, assess, and synthesize the findings of similar but separate studies, and can help clarify what is known and not known about the potential benefits and harms of drugs, devices, and other healthcare services. Systematic reviews can be helpful for clinicians who want to integrate research findings into their daily practices, for patients to make well-informed choices about their own care, for professional medical societies and other organizations that develop clinical practice guidelines. Too often systematic reviews are of uncertain or poor quality. There are no universally accepted standards for developing systematic reviews leading to variability in how conflicts of interest and biases are handled, how evidence is appraised, and the overall scientific rigor of the process. In Finding What Works in Health Care the Institute of Medicine (IOM) recommends 21 standards for developing high-quality systematic reviews of comparative effectiveness research. The standards address the entire systematic review process from the initial steps of formulating the topic and building the review team to producing a detailed final report that synthesizes what the evidence shows and where knowledge gaps remain. Finding What Works in Health Care also proposes a framework for improving the quality of the science underpinning systematic reviews. This book will serve as a vital resource for both sponsors and producers of systematic reviews of comparative effectiveness research.",2013,2013-03-19,book,unknown,Medicine,False,957,openalex_toy
W127402029,A randomized clinical trial of the efficacy of radiofrequency catheter ablation and amiodarone in the treatment of symptomatic atrial fibrillation.,"The limited efficacy and proarrhythmic risks of antiarrhythmia agents have resulted in alternative therapeutic approaches. Radiofrequency ablation has been reported to be an effective treatment of patients with atrial fibrillation. However, there is no randomized clinical trial comparing drug and radiofrequency ablation. The authors randomized 30 patients with chronic atrial fibrillation refractory to medication into amiodarone and radiofrequency ablation. The primary objective of this study was to compare the efficacy of amiodarone and radiofrequency ablation in the maintenance of sinus rhythm at 1 year after randomization. Pulmonary vein isolation and linear ablation of right atrium was the technique used for radiofrequency ablation. There were no significant differences in baseline patient characteristics between the 2 groups. The results of this study showed that the probability of free from atrial fibrillation was better in the radiofrequency ablation group compared to amiodarone (78.6% in the ablation group and 40% in the amiodarone group, p = 0.018). Radiofrequency ablation results in a significant reduction in symptoms relating to atrial fibrillation and a significant improvement in quality of life, whereas amiodarone had no significant effect on symptoms and quality of life. There was an ischemic stroke as a major complication related to radiofrequency ablation. Amiodarone was associated with adverse effects in 46.7 per cent of patients and needed discontinuation in 1 patient. In conclusion, radiofrequency ablation is an effective alternative treatment in patients with atrial fibrillation refractory to medication.",2003,2003-05-01,article,PubMed,Medicine,False,132,openalex_toy
W147998453,Trust Region Methods,"This is the first comprehensive reference on trust-region methods, a class of algorithms for the solution of nonlinear nonconvex optimization problems. It is a unified treatment that covers both unconstrained and constrained problems, including many specialised topics and reviews of the literature not easily obtained elsewhere. Written primarily for post-graduates and researchers, the book features an extensive commented bibliography, which contains 972 references by 745 authors. The book also contains several practical comments and an entire chapter devoted to software and implementation issues. Its many illustrations, including nearly 100 figures, helps to make the formal and in-depth treatment of the presented topics more accessible.",2000,2000-01-01,book,Society for Industrial and Applied Mathematics eBooks,Mathematics,False,2957,openalex_toy
W1482511714,EQUATOR: reporting guidelines for health research.,"Despite the effort of researchers, editors and peer reviewers, the quality of health-research reporting in journal articles is unsatisfactory.1-6 Guidelines that specify a minimum set of items for reporting can improve the accuracy and transparency of publications, thus facilitating easier and more reliable appraisal of quality and relevance. During the past 10 years several internationally respected guidelines for the reporting of health research have been developed.7-10 However, those guidelines are still not widely supported by medical journals11, 12 or adhered to by researchers, and thus their potential impact is lessened.

To remedy this situation the UK National Knowledge Service provided funding to start the EQUATOR project (Enhancing the QUAlity and Transparency Of health Research). This initiative seeks to improve the reliability of medical publications by promoting transparent and accurate reporting of health research. This movement grew out of the work of CONSORT9 and other groups.

EQUATOR is an umbrella for all areas of health-research reporting. The network aims to become a global centre that provides resources and training, and which assists in the development, dissemination, and implementation of robust reporting guidelines. EQUATOR's strategic plan reflects the needs of its major stakeholders: developers of reporting guidelines, researchers, journal editors, peer-reviewers, and research-funding bodies.

One of the first activities was to identify existing reporting guidelines to see how they were developed. The development methods of most guidelines were broadly similar, but with wide variation in important details. Development usually took a long time and only half the groups had strategies for dissemination and implementation of their guidelines. The difficulty of securing sufficient funding to develop, assess, and disseminate guidelines was widely acknowledged as a major problem.

The initial survey and discussions with the main stakeholders helped us to prioritise future activities. First, we developed an internet-based resource centre, which can be freely accessed on our website.13 At present, it provides a collection of available reporting guidelines. In the future, the website will also host other resources for authors of research articles, editors, peer-reviewers, and developers of guidelines, including a comprehensive digital library for health-research reporting, guidance for the development of robust reporting guidelines, tools to facilitate their use, and educational materials.

The availability of good reporting guidelines is not sufficient for the improvement of the quality of reporting. Our second priority will be active promotion of such guidelines and their use, by developing and running training for editors, peer-reviewers, and authors. The courses will concentrate on the important factors of research reporting and the efficient use of reporting guidelines.



Figure 1

EQUATOR Network logo



Poor reporting reflects a collective failure of those involved. Collaboration with and the support of influential medical journals are vital for the success of this project. Benefits will be equally split between both communities—users will benefit from improved reliability of scientific information and journals will benefit from increased loyalty of their readers attracted by improved accuracy and reliability of reports. The EQUATOR network will regularly monitor how journals implement reporting guidelines. We will annually audit the quality of reporting across the health-research literature and hope to document gradual improvements.

Sufficient funding is a necessary requirement for the development and implementation of robust reporting guidelines and widespread promotion of good reporting of research. In view of how much money funding agencies spend on health research, their lack of interest in ensuring that this research is reported accurately is deeply disappointing. Good reporting is not an optional extra; it is an essential component of research. Funding bodies should recognise this and support initiatives such as EQUATOR that aim to improve the current situation.

The EQUATOR Network will hold its official launch meeting on June 26, 2008, in London, UK. The meeting will focus on better understanding of problems associated with health-research reporting and use of reporting guidelines, and on finding potential solutions to improve the health-research literature.",2008,2008-01-01,article,PubMed,Decision Sciences,True,228,openalex_toy
W1483549997,Direct simulation Monte Carlo investigation of the Richtmyer-Meshkov instability,"The Richtmyer-Meshkov instability (RMI) is investigated using the Direct Simulation Monte Carlo (DSMC) method of molecular gas dynamics. Due to the inherent statistical noise and the significant computational requirements, DSMC is hardly ever applied to hydrodynamic flows. Here, DSMC RMI simulations are performed to quantify the shock-driven growth of a single-mode perturbation on the interface between two atmospheric-pressure monatomic gases prior to re-shocking as a function of the Atwood and Mach numbers. The DSMC results qualitatively reproduce all features of the RMI and are in reasonable quantitative agreement with existing theoretical and empirical models. Consistent with previous work in this field, the DSMC simulations indicate that RMI growth follows a universal behavior.",2015,2015-08-01,article,Physics of Fluids,Mathematics,True,68,openalex_toy
W1506690472,ARPACK Users' Guide,"List of figures List of tables Preface 1. Introduction to ARPACK. Important features Getting started Reverse communication interface Availability Installation Documentation Dependence on LAPACK and BLAS Expected performance P_ARPACK Contributed additions Trouble shooting and problems 2. Getting started with ARPACK. Directory structure and contents Getting started An example for a symmetric Eigenvalue problem 3. General use of ARPACK. Naming conventions, Precisions, and types Shift and invert spectral transformation mode Reverse communication structure for shift-Invert Using the computational modes Computational modes for real symmetric problems Postprocessing for Eigenvectors using dseupd Computational modes for real nonsymmetric problems Postprocessing for Eigenvectors Using dneupd Computational modes for complex problems Postprocessing for Eigenvectors Using zneupd 4. The implicitly restarted Arnoldi method: structure of the Eigenvalue problem Krylov subspaces and projection methods The Arnoldi factorization Restarting the Arnoldi method The generalized Eigenvalue problem Stopping Criterion 5. Computational routines. ARPACK subroutines LAPACK routines used by ARPACK BLAS routines used by ARPACK Appendix A. Templates and driver routines Symmetric drivers Real Nonsymmetric drivers Complex drivers Band drivers The singular value decomposition Appendix B. Tracking the progress of ARPACK. Obtaining trace output Check-pointing ARPACK Appendix C. The XYaupd ARPACK Routines. DSAUPD DNAUPD ZNAUPD Bibliography Index.",1998,1998-01-01,book,Society for Industrial and Applied Mathematics eBooks,Computer Science,False,2916,openalex_toy
W1607307044,End-to-End Text Recognition with Convolutional Neural Networks,"Full end-to-end text recognition in natural images is a challenging problem that has received much attention recently. Traditional systems in this area have relied on elaborate models incorporating carefully handengineered features or large amounts of prior knowledge. In this paper, we take a different route and combine the representational power of large, multilayer neural networks together with recent developments in unsupervised feature learning, which allows us to use a common framework to train highly-accurate text detector and character recognizer modules. Then, using only simple off-the-shelf methods, we integrate these two modules into a full end-to-end, lexicon-driven, scene text recognition system that achieves state-of-the-art performance on standard benchmarks, namely Street View Text and ICDAR 2003. 1",2012,2012-12-05,article,unknown,Computer Science,False,844,openalex_toy
W1617328014,The PRISMA Extension Statement for Reporting of Systematic Reviews Incorporating Network Meta-analyses of Health Care Interventions: Checklist and Explanations,"The PRISMA statement is a reporting guideline designed to improve the completeness of reporting of systematic reviews and meta-analyses. Authors have used this guideline worldwide to prepare their reviews for publication. In the past, these reports typically compared 2 treatment alternatives. With the evolution of systematic reviews that compare multiple treatments, some of them only indirectly, authors face novel challenges for conducting and reporting their reviews. This extension of the PRISMA (Preferred Reporting Items for Systematic Reviews and Meta-analyses) statement was developed specifically to improve the reporting of systematic reviews incorporating network meta-analyses. A group of experts participated in a systematic review, Delphi survey, and face-to-face discussion and consensus meeting to establish new checklist items for this extension statement. Current PRISMA items were also clarified. A modified, 32-item PRISMA extension checklist was developed to address what the group considered to be immediately relevant to the reporting of network meta-analyses. This document presents the extension and provides examples of good reporting, as well as elaborations regarding the rationale for new checklist items and the modification of previously existing items from the PRISMA statement. It also highlights educational information related to key considerations in the practice of network meta-analysis. The target audience includes authors and readers of network meta-analyses, as well as journal editors and peer reviewers.",2015,2015-06-02,article,Annals of Internal Medicine,Decision Sciences,False,8086,openalex_toy
W1629765770,Automating data extraction in systematic reviews: a systematic review,"BACKGROUND: Automation of the parts of systematic review process, specifically the data extraction step, may be an important strategy to reduce the time necessary to complete a systematic review. However, the state of the science of automatically extracting data elements from full texts has not been well described. This paper performs a systematic review of published and unpublished methods to automate data extraction for systematic reviews. METHODS: We systematically searched PubMed, IEEEXplore, and ACM Digital Library to identify potentially relevant articles. We included reports that met the following criteria: 1) methods or results section described what entities were or need to be extracted, and 2) at least one entity was automatically extracted with evaluation results that were presented for that entity. We also reviewed the citations from included reports. RESULTS: Out of a total of 1190 unique citations that met our search criteria, we found 26 published reports describing automatic extraction of at least one of more than 52 potential data elements used in systematic reviews. For 25 (48 %) of the data elements used in systematic reviews, there were attempts from various researchers to extract information automatically from the publication text. Out of these, 14 (27 %) data elements were completely extracted, but the highest number of data elements extracted automatically by a single study was 7. Most of the data elements were extracted with F-scores (a mean of sensitivity and positive predictive value) of over 70 %. CONCLUSIONS: We found no unified information extraction framework tailored to the systematic review process, and published reports focused on a limited (1-7) number of data elements. Biomedical natural language processing techniques have not been fully utilized to fully or even partially automate the data extraction step of systematic reviews.",2015,2015-06-05,review,Systematic Reviews,"Biochemistry, Genetics and Molecular Biology",True,290,openalex_toy
W1702536112,EuroSCORE II,"OBJECTIVES: To update the European System for Cardiac Operative Risk Evaluation (EuroSCORE) risk model. METHODS: A dedicated website collected prospective risk and outcome data on 22,381 consecutive patients undergoing major cardiac surgery in 154 hospitals in 43 countries over a 12-week period (May-July 2010). Completeness and accuracy were validated during data collection using mandatory field entry, error and range checks and after data collection using summary feedback confirmation by responsible officers and multiple logic checks. Information was obtained on existing EuroSCORE risk factors and additional factors proven to influence risk from research conducted since the original model. The primary outcome was mortality at the base hospital. Secondary outcomes were mortality at 30 and 90 days. The data set was divided into a developmental subset for logistic regression modelling and a validation subset for model testing. A logistic risk model (EuroSCORE II) was then constructed and tested. RESULTS: Compared with the original 1995 EuroSCORE database (in brackets), the mean age was up at 64.7 (62.5) with 31% females (28%). More patients had New York Heart Association class IV, extracardiac arteriopathy, renal and pulmonary dysfunction. Overall mortality was 3.9% (4.6%). When applied to the current data, the old risk models overpredicted mortality (actual: 3.9%; additive predicted: 5.8%; logistic predicted: 7.57%). EuroSCORE II was well calibrated on testing in the validation data subset of 5553 patients (actual mortality: 4.18%; predicted: 3.95%). Very good discrimination was maintained with an area under the receiver operating characteristic curve of 0.8095. CONCLUSIONS: Cardiac surgical mortality has significantly reduced in the last 15 years despite older and sicker patients. EuroSCORE II is better calibrated than the original model yet preserves powerful discrimination. It is proposed for the future assessment of cardiac surgical risk.",2012,2012-02-29,article,European Journal of Cardio-Thoracic Surgery,Medicine,True,2858,openalex_toy
W173148493,User guide for MINPACK-1. [In FORTRAN],"MINPACK-1 is a pack of FORTRAN subprograms for the numerical solution of nonlinear equations and nonlinear least-squares problems. This report provides an overview of the algorithms and software in the package, and includes the documentation and program listings.",1980,1980-08-01,report,unknown,Computer Science,True,588,openalex_toy
W1784175517,Methods to estimate the between‐study variance and its uncertainty in meta‐analysis,"Meta-analyses are typically used to estimate the overall/mean of an outcome of interest. However, inference about between-study variability, which is typically modelled using a between-study variance parameter, is usually an additional aim. The DerSimonian and Laird method, currently widely used by default to estimate the between-study variance, has been long challenged. Our aim is to identify known methods for estimation of the between-study variance and its corresponding uncertainty, and to summarise the simulation and empirical evidence that compares them. We identified 16 estimators for the between-study variance, seven methods to calculate confidence intervals, and several comparative studies. Simulation studies suggest that for both dichotomous and continuous data the estimator proposed by Paule and Mandel and for continuous data the restricted maximum likelihood estimator are better alternatives to estimate the between-study variance. Based on the scenarios and results presented in the published studies, we recommend the Q-profile method and the alternative approach based on a 'generalised Cochran between-study variance statistic' to compute corresponding confidence intervals around the resulting estimates. Our recommendations are based on a qualitative evaluation of the existing literature and expert consensus. Evidence-based recommendations require an extensive simulation study where all methods would be compared under the same scenarios.",2015,2015-09-02,article,Research Synthesis Methods,Decision Sciences,True,1602,openalex_toy
W1935434993,ChEBI in 2016: Improved services and an expanding collection of metabolites,"ChEBI is a database and ontology containing information about chemical entities of biological interest. It currently includes over 46,000 entries, each of which is classified within the ontology and assigned multiple annotations including (where relevant) a chemical structure, database cross-references, synonyms and literature citations. All content is freely available and can be accessed online at http://www.ebi.ac.uk/chebi. In this update paper, we describe recent improvements and additions to the ChEBI offering. We have substantially extended our collection of endogenous metabolites for several organisms including human, mouse, Escherichia coli and yeast. Our front-end has also been reworked and updated, improving the user experience, removing our dependency on Java applets in favour of embedded JavaScript components and moving from a monthly release update to a 'live' website. Programmatic access has been improved by the introduction of a library, libChEBI, in Java, Python and Matlab. Furthermore, we have added two new tools, namely an analysis tool, BiNChE, and a query tool for the ontology, OntoQuery.",2015,2015-10-13,article,Nucleic Acids Research,"Biochemistry, Genetics and Molecular Biology",True,1154,openalex_toy
W1964336313,The mzTab Data Exchange Format: Communicating Mass-spectrometry-based Proteomics and Metabolomics Experimental Results to a Wider Audience,"The HUPO Proteomics Standards Initiative has developed several standardized data formats to facilitate data sharing in mass spectrometry (MS)-based proteomics. These allow researchers to report their complete results in a unified way. However, at present, there is no format to describe the final qualitative and quantitative results for proteomics and metabolomics experiments in a simple tabular format. Many downstream analysis use cases are only concerned with the final results of an experiment and require an easily accessible format, compatible with tools such as Microsoft Excel or R. We developed the mzTab file format for MS-based proteomics and metabolomics results to meet this need. mzTab is intended as a lightweight supplement to the existing standard XML-based file formats (mzML, mzIdentML, mzQuantML), providing a comprehensive summary, similar in concept to the supplemental material of a scientific publication. mzTab files can contain protein, peptide, and small molecule identifications together with experimental metadata and basic quantitative information. The format is not intended to store the complete experimental evidence but provides mechanisms to report results at different levels of detail. These range from a simple summary of the final results to a representation of the results including the experimental design. This format is ideally suited to make MS-based proteomics and metabolomics results available to a wider biological community outside the field of MS. Several software tools for proteomics and metabolomics have already adapted the format as an output format. The comprehensive mzTab specification document and extensive additional documentation can be found online.",2014,2014-07-01,article,Molecular & Cellular Proteomics,"Biochemistry, Genetics and Molecular Biology",True,162,openalex_toy
W1964694986,Multi-property fitting and parameterization of a coarse grained model for aqueous surfactants,"A new systematic approach to build coarse-grained (CG) molecular models for surfactants/water systems is proposed. A step-by-step approach using several molecular systems for the parameterization makes the CG model versatile and transferable. The intramolecular bond potentials are determined to reproduce the bond and angle distributions obtained from all-atom (AA) molecular dynamics (MD) simulations. A careful choice of the potential function for nonbonded interactions is essential for better structural properties. Density and surface/interfacial tension data are used for parameter fitting, because these thermodynamic properties are of key importance in characterizing the self-organized surfactant structure. Solvation (hydration) and transfer free energies, which play an essential role in determining the partition of solute molecules, are also taken into account in the model.",2007,2007-01-01,article,Molecular Simulation,Chemistry,False,471,openalex_toy
W1965104586,Relation of completeness of reporting of health research to journals' endorsement of reporting guidelines: systematic review,"OBJECTIVE: To assess whether the completeness of reporting of health research is related to journals' endorsement of reporting guidelines. DESIGN: Systematic review. DATA SOURCES: Reporting guidelines from a published systematic review and the EQUATOR Network (October 2011). Studies assessing the completeness of reporting by using an included reporting guideline (termed ""evaluations"") (1990 to October 2011; addendum searches in January 2012) from searches of either Medline, Embase, and the Cochrane Methodology Register or Scopus, depending on reporting guideline name. STUDY SELECTION: English language reporting guidelines that provided explicit guidance for reporting, described the guidance development process, and indicated use of a consensus development process were included. The CONSORT statement was excluded, as evaluations of adherence to CONSORT had previously been reviewed. English or French language evaluations of included reporting guidelines were eligible if they assessed the completeness of reporting of studies as a primary intent and those included studies enabled the comparisons of interest (that is, after versus before journal endorsement and/or endorsing versus non-endorsing journals). DATA EXTRACTION: Potentially eligible evaluations of included guidelines were screened initially by title and abstract and then as full text reports. If eligibility was unclear, authors of evaluations were contacted; journals' websites were consulted for endorsement information where needed. The completeness of reporting of reporting guidelines was analyzed in relation to endorsement by item and, where consistent with the authors' analysis, a mean summed score. RESULTS: 101 reporting guidelines were included. Of 15,249 records retrieved from the search for evaluations, 26 evaluations that assessed completeness of reporting in relation to endorsement for nine reporting guidelines were identified. Of those, 13 evaluations assessing seven reporting guidelines (BMJ economic checklist, CONSORT for harms, PRISMA, QUOROM, STARD, STRICTA, and STROBE) could be analyzed. Reporting guideline items were assessed by few evaluations. CONCLUSIONS: The completeness of reporting of only nine of 101 health research reporting guidelines (excluding CONSORT) has been evaluated in relation to journals' endorsement. Items from seven reporting guidelines were quantitatively analyzed, by few evaluations each. Insufficient evidence exists to determine the relation between journals' endorsement of reporting guidelines and the completeness of reporting of published health research reports. Journal editors and researchers should consider collaborative prospectively designed, controlled studies to provide more robust evidence. SYSTEMATIC REVIEW REGISTRATION: Not registered; no known register currently accepts protocols for methodology systematic reviews.",2014,2014-06-25,review,BMJ,Decision Sciences,True,241,openalex_toy
W1967801857,Viscoplasticity using peridynamics,"Abstract Peridynamics is a continuum reformulation of the standard theory of solid mechanics. Unlike the partial differential equations of the standard theory, the basic equations of peridynamics are applicable even when cracks and other singularities appear in the deformation field. The assumptions in the original peridynamic theory resulted in severe restrictions on the types of material response that could be modeled, including a limitation on the Poisson ratio. Recent theoretical developments have shown promise for overcoming these limitations, but have not previously incorporated rate dependence and have not been demonstrated in realistic applications. In this paper, a new method for implementing a rate‐dependent plastic material within a peridynamic numerical model is proposed and demonstrated. The resulting material model implementation is fitted to rate‐dependent test data on 6061‐T6 aluminum alloy. It is shown that with this material model, the peridynamic method accurately reproduces the experimental results for Taylor impact tests over a wide range of impact velocities. The resulting model retains the advantages of the peridynamic formulation regarding discontinuities while allowing greater generality in material response than was previously possible. Copyright © 2009 John Wiley &amp; Sons, Ltd.",2009,2009-08-17,article,International Journal for Numerical Methods in Engineering,Engineering,False,298,openalex_toy
W1969761972,R: A Language for Data Analysis and Graphics,"Abstract In this article we discuss our experience designing and implementing a statistical computing language. In developing this new language, we sought to combine what we felt were useful features from two existing computer languages. We feel that the new language provides advantages in the areas of portability, computational efficiency, memory management, and scoping.",1996,1996-09-01,article,Journal of Computational and Graphical Statistics,Computer Science,False,10418,openalex_toy
W1972247888,How to submit MS proteomics data to ProteomeXchange via the PRIDE database,"The ProteomeXchange (PX) consortium has been established to standardize and facilitate submission and dissemination of MS-based proteomics data in the public domain. In the consortium, the PRIDE database at the European Bioinformatics Institute, acts as the initial submission point of MS/MS data sets. In this manuscript, we explain step by step the submission process of MS/MS data sets to PX via PRIDE. We describe in detail the two available workflows: 'complete' and 'partial' submissions, together with the available tools to streamline the process. Throughout the manuscript, we will use one example data set containing identification and quantification data, which has been deposited in PRIDE/ProteomeXchange with the accession number PXD000764 (http://proteomecentral.proteomexchange.org/dataset/PXD000764).",2014,2014-07-21,article,PROTEOMICS,Chemistry,True,56,openalex_toy
W1972295667,Electrostatic potentials for metal-oxide surfaces and interfaces,"As most technologically important metals will form oxides readily, any complete study of adhesion at real metal surfaces must include the metal-oxide interface. The role of this ubiquitous oxide layer cannot be overlooked, as the adhesive properties of the oxide or oxide-metal system can be expected to differ profoundly from the adhesive properties of a bare metal surface. We report on the development of a computational method for molecular-dynamics simulations, which explicitly includes variable charge transfer between anions and cations. This method is found to be capable of describing the elastic properties, surface energies, and surface relaxation of crystalline metal oxides accurately. We discuss in detail results using this method for \ensuremath{\alpha}-alumina and several of its low-index faces.",1994,1994-10-15,article,"Physical review. B, Condensed matter",Materials Science,False,395,openalex_toy
W1973914781,Interpretation of random effects meta-analyses,"Summary estimates of treatment effect from random effects meta-analysis give only the average effect across all studies. Inclusion of prediction intervals, which estimate the likely effect in an individual setting, could make it easier to apply the results to clinical practice",2011,2011-02-10,article,BMJ,Decision Sciences,False,2817,openalex_toy
W1974035668,Unidirectional transfer of microRNA-loaded exosomes from T cells to antigen-presenting cells,"The immune synapse is an exquisitely evolved means of communication between T cells and antigen-presenting cells (APCs) during antigen recognition. Recent evidence points to the transfer of RNA via exosomes as a novel mode of intercellular communication. Here we show that exosomes of T, B and dendritic immune cells contain microRNA (miRNA) repertoires that differ from those of their parent cells. We investigate whether miRNAs are exchanged during cognate immune interactions, and demonstrate the existence of antigen-driven unidirectional transfer of miRNAs from the T cell to the APC, mediated by the delivery of CD63+ exosomes on immune synapse formation. Inhibition of exosome production by targeting neutral sphingomyelinase-2 impairs transfer of miRNAs to APCs. Moreover, miRNAs transferred during immune synapsis are able to modulate gene expression in recipient cells. Thus, our results support a mechanism of cellular communication involving antigen-dependent, unidirectional intercellular transfer of miRNAs by exosomes during immune synapsis. Exosomes released from cells can transfer RNA to recipient cells. In this study, the authors demonstrate that microRNAs in exosomes from T cells can be transferred to antigen-presenting cells during immune synapsis, and that this can alter gene expression, suggesting a new form of cellular communication.",2011,2011-04-19,article,Nature Communications,"Biochemistry, Genetics and Molecular Biology",True,1760,openalex_toy
W1978338723,Google Street View: Capturing the World at Street Level,"Street View serves millions of Google users daily with panoramic imagery captured in hundreds of cities in 20 countries across four continents. A team of Google researchers describes the technical challenges involved in capturing, processing, and serving street-level imagery on a global scale.",2010,2010-06-01,article,Computer,Computer Science,False,771,openalex_toy
W1979762151,Identification of direct residue contacts in protein–protein interaction by message passing,"Understanding the molecular determinants of specificity in protein-protein interaction is an outstanding challenge of postgenome biology. The availability of large protein databases generated from sequences of hundreds of bacterial genomes enables various statistical approaches to this problem. In this context covariance-based methods have been used to identify correlation between amino acid positions in interacting proteins. However, these methods have an important shortcoming, in that they cannot distinguish between directly and indirectly correlated residues. We developed a method that combines covariance analysis with global inference analysis, adopted from use in statistical physics. Applied to a set of >2,500 representatives of the bacterial two-component signal transduction system, the combination of covariance with global inference successfully and robustly identified residue pairs that are proximal in space without resorting to ad hoc tuning parameters, both for heterointeractions between sensor kinase (SK) and response regulator (RR) proteins and for homointeractions between RR proteins. The spectacular success of this approach illustrates the effectiveness of the global inference approach in identifying direct interaction based on sequence information alone. We expect this method to be applicable soon to interaction surfaces between proteins present in only 1 copy per genome as the number of sequenced genomes continues to expand. Use of this method could significantly increase the potential targets for therapeutic intervention, shed light on the mechanism of protein-protein interaction, and establish the foundation for the accurate prediction of interacting protein partners.",2008,2008-12-30,article,Proceedings of the National Academy of Sciences,"Biochemistry, Genetics and Molecular Biology",True,1122,openalex_toy
W1981410769,Mesoscopic model for solvent dynamics,"Complex fluids such as polymers in solution or multispecies reacting systems in fluid flows often can be studied only by employing a simplified description of the solvent motions. A stochastic model utilizing a synchronous, discrete-time dynamics with continuous velocities and local multiparticle collisions is developed for this purpose. An H theorem is established for the model and the hydrodynamic equations and transport coefficients are derived. The results of simulations are presented which verify the properties of the model and demonstrate its utility as a hydrodynamics medium for the study of complex fluids.",1999,1999-05-01,article,The Journal of Chemical Physics,Engineering,False,1020,openalex_toy
W1983006766,Large-scale simulation of the spin-lattice dynamics in ferromagnetic iron,"We develop a dynamical simulation model for magnetic iron where atoms are treated as classical particles with intrinsic spins. The atoms interact via scalar many-body forces as well as via spin orientation dependent forces of the Heisenberg form. The coupling between the lattice and spin degrees of freedom is described by a coordinate-dependent exchange function where the spin orientation dependent forces are proportional to the gradient of this function. The spin-lattice dynamics simulation approach extends the existing magnetic potential treatment to the case where the energy of interaction between the atoms depends on the relative noncollinear orientations of spins. An algorithm for integrating the linked spin-coordinate equations of motion is based on the second-order Suzuki-Trotter decomposition for noncommuting operators of evolution for coordinate and spin variables. The notions of the spin thermostat and the spin temperature are introduced through the combined application of the Langevin spin dynamics and the fluctuation-dissipation theorem. We investigate several applications of the method, performing microcanonical ensemble simulations of adiabatic spin-lattice relaxation of periodic arrays of $180\ifmmode^\circ\else\textdegree\fi{}$ domain walls, and isothermal-isobaric ensemble dynamical simulations of thermally equilibrated homogeneous systems at various temperatures. The predicted isothermal magnetization curve agrees well with the experimental data for a broad range of temperatures. The equilibrium as well as time-correlation functions of spin orientations exhibit the presence of short-range magnetic order above the Curie temperature. Furthermore, short-range order spin fluctuations are shown to contribute to the thermal expansion of the material. Our analysis illustrates the significant part played by the spin degrees of freedom in the dynamics of motion of atoms in magnetic iron and iron-based alloys. It also shows that the spin-lattice dynamics algorithm developed in this paper offers a viable way of performing large-scale dynamical atomistic simulations of magnetic materials.",2008,2008-07-25,article,Physical Review B,Physics and Astronomy,True,176,openalex_toy
W1983157164,Model-driven Level 3 BLAS Performance Optimization on Loongson 3A Processor,"Every mainstream processor vendor provides an optimized BLAS implementation for its CPU, as BLAS is a fundamental math library in scientific computing. The Loongson 3A CPU is a general-purpose 64-bit MIPS64 quad-core processor, developed by the Institute of Computing Technology, Chinese Academy of Sciences. To date, there has not been a sufficiently optimized BLAS on the Loongson 3A CPU. The purpose of this research is to optimize level 3 BLAS performance on the Loongson 3A CPU. We analyzed the Loongson 3A architecture and built a performance model to highlight the key point, L1 data cache misses, which is different from level 3 BLAS optimization on the mainstream x86 CPU. Therefore, we employed a variety of methods to avoid L1 cache misses in single thread optimization, including cache and register blocking, the Loongson 3A 128-bit memory accessing extension instructions, software prefetching, and single precision floating-point SIMD instructions. Furthermore, we improved parallel performance by reducing bank conflicts among multiple threads in the shared L2 cache. We created an open source BLAS project, OpenBLAS, to demonstrate the performance improvement on the Loongson 3A quad-core processor.",2012,2012-12-01,article,unknown,Computer Science,False,184,openalex_toy
W1988054515,Python for Scientists and Engineers,"Python has arguably become the de facto standard for exploratory, interactive, and computation-driven scientific research. This issue discusses Python's advantages for scientific research and presents several of the core Python libraries and tools used in scientific research.",2011,2011-03-01,article,Computing in Science & Engineering,Computer Science,False,1315,openalex_toy
W1990703786,Origins of the anomalous stress behavior in charged colloidal suspensions under shear,"Numerical simulations are conducted to determine microstructure and rheology of sheared suspensions of charged colloidal particles at a volume fraction of ϕ=0.33. Over broad ranges of repulsive force strength F0 and Péclet number Pe, dynamic simulations show coexistence of ordered and disordered stable states with the state dependent on the initial condition. In contrast to the common view, at low shear rates, the disordered phase exhibits a lower viscosity (μ(r)) than the ordered phase, while this behavior is reversed at higher shear rates. Analysis shows the stress reversal is associated with different shear induced microstructural distortions in the ordered and disordered systems. Viscosity vs shear rate data over a wide range of F0 and Pe collapses well upon rescaling with the long-time self-diffusivity. Shear thinning viscosity in the ordered phase scaled as μ(r)∼Pe(-0.81) at low shear rates. The microstructural dynamics revealed in these studies explains the anomalous behavior and hysteresis loops in stress data reported in the literature.",2010,2010-11-03,article,Physical Review E,Materials Science,False,44,openalex_toy
W1992436488,"ms-data-core-api: an open-source, metadata-oriented library for computational proteomics","UNLABELLED: The ms-data-core-api is a free, open-source library for developing computational proteomics tools and pipelines. The Application Programming Interface, written in Java, enables rapid tool creation by providing a robust, pluggable programming interface and common data model. The data model is based on controlled vocabularies/ontologies and captures the whole range of data types included in common proteomics experimental workflows, going from spectra to peptide/protein identifications to quantitative results. The library contains readers for three of the most used Proteomics Standards Initiative standard file formats: mzML, mzIdentML, and mzTab. In addition to mzML, it also supports other common mass spectra data formats: dta, ms2, mgf, pkl, apl (text-based), mzXML and mzData (XML-based). Also, it can be used to read PRIDE XML, the original format used by the PRIDE database, one of the world-leading proteomics resources. Finally, we present a set of algorithms and tools whose implementation illustrates the simplicity of developing applications using the library. AVAILABILITY AND IMPLEMENTATION: The software is freely available at https://github.com/PRIDE-Utilities/ms-data-core-api. SUPPLEMENTARY INFORMATION: Supplementary data are available at Bioinformatics online CONTACT: juan@ebi.ac.uk.",2015,2015-04-24,article,Bioinformatics,Chemistry,True,33,openalex_toy
W1992566665,Estimating divergence times in large molecular phylogenies,"Molecular dating of species divergences has become an important means to add a temporal dimension to the Tree of Life. Increasingly larger datasets encompassing greater taxonomic diversity are becoming available to generate molecular timetrees by using sophisticated methods that model rate variation among lineages. However, the practical application of these methods is challenging because of the exorbitant calculation times required by current methods for contemporary data sizes, the difficulty in correctly modeling the rate heterogeneity in highly diverse taxonomic groups, and the lack of reliable clock calibrations and their uncertainty distributions for most groups of species. Here, we present a method that estimates relative times of divergences for all branching points (nodes) in very large phylogenetic trees without assuming a specific model for lineage rate variation or specifying any clock calibrations. The method (RelTime) performed better than existing methods when applied to very large computer simulated datasets where evolutionary rates were varied extensively among lineages by following autocorrelated and uncorrelated models. On average, RelTime completed calculations 1,000 times faster than the fastest Bayesian method, with even greater speed difference for larger number of sequences. This speed and accuracy will enable molecular dating analysis of very large datasets. Relative time estimates will be useful for determining the relative ordering and spacing of speciation events, identifying lineages with significantly slower or faster evolutionary rates, diagnosing the effect of selected calibrations on absolute divergence times, and estimating absolute times of divergence when highly reliable calibration points are available.",2012,2012-11-05,article,Proceedings of the National Academy of Sciences,"Biochemistry, Genetics and Molecular Biology",True,708,openalex_toy
W1994682257,Transparent Reporting of a multivariable prediction model for Individual Prognosis Or Diagnosis (TRIPOD): Explanation and Elaboration,"The TRIPOD (Transparent Reporting of a multivariable prediction model for Individual Prognosis Or Diagnosis) Statement includes a 22-item checklist, which aims to improve the reporting of studies developing, validating, or updating a prediction model, whether for diagnostic or prognostic purposes. The TRIPOD Statement aims to improve the transparency of the reporting of a prediction model study regardless of the study methods used. This explanation and elaboration document describes the rationale; clarifies the meaning of each item; and discusses why transparent reporting is important, with a view to assessing risk of bias and clinical usefulness of the prediction model. Each checklist item of the TRIPOD Statement is explained in detail and accompanied by published examples of good reporting. The document also provides a valuable reference of issues to consider when designing, conducting, and analyzing prediction model studies. To aid the editorial process and help peer reviewers and, ultimately, readers and systematic reviewers of prediction model studies, it is recommended that authors include a completed checklist in their submission. The TRIPOD checklist can also be downloaded from www.tripod-statement.org.",2015,2015-01-05,article,Annals of Internal Medicine,Decision Sciences,True,5158,openalex_toy
W2005011886,Python: An Ecosystem for Scientific Computing,"As the relationship between research and computing evolves, new tools are required to not only treat numerical problems, but also to solve various problems that involve large datasets in different formats, new algorithms, and computational systems such as databases and Internet servers. Python can help develop these computational research tools by providing a balance of clarity and flexibility without sacrificing performance.",2010,2010-09-29,article,Computing in Science & Engineering,Computer Science,False,245,openalex_toy
W2005411772,On the Convergence of a Sequential Quadratic Programming Method with an Augmented Lagrangian Line Search Function,"Sequential quadratic programming (SQP) methods are widely used for solving practical optimization problems, especially in structural mechanics. The general structure of SQP methods is briefly introduced and it is shown how these methods can be adapted to distributed computing. However, SQP methods are sensitive subject to errors in function and gradient evaluations. Typically they break down with an error message reporting that the line search cannot be terminated successfully. In these cases, a new non-monotone line search is activated. In case of noisy function values, a drastic improvement of the performance is achieved compared to the version with monotone line search. Numerical results are presented for a set of more than 300 standard test examples.",1983,1983-01-01,article,Mathematische Operationsforschung und Statistik Series Optimization,Mathematics,False,239,openalex_toy
W2010889152,Coarse-grained simulations of lipid bilayers,"A minimal model of lipid molecules consisting of bead-spring representation is developed. The basic interactions are hydrophobic and polar interactions. Essential physical features of lipid bilayers are maintained using this model, and relatively long times can be simulated in comparison to atomistic models. Self-assembly from a random starting configuration to a bilayer can readily be followed using molecular dynamics simulations. The diffusion of lipid molecules well beyond their nearest neighbors is attained. As a basis for description of the model, the area per lipid, the bending modulus, and the area compressibility as a function of temperature and tail length are calculated. A liquid to gel transition is observed and quantitatively characterized. Both saturated and unsaturated lipids are treated.",2004,2004-11-30,article,The Journal of Chemical Physics,"Biochemistry, Genetics and Molecular Biology",False,150,openalex_toy
W2014337316,"A brief history of macromolecular crystallography, illustrated by a family tree and its <scp>N</scp>obel fruits","As a contribution to the celebration of the year 2014, declared by the United Nations to be 'The International Year of Crystallography', the FEBS Journal is dedicating this issue to papers showcasing the intimate union between macromolecular crystallography and structural biology, both in historical perspective and in current research. Instead of a formal editorial piece, by way of introduction, this review discusses the most important, often iconic, achievements of crystallographers that led to major advances in our understanding of the structure and function of biological macromolecules. We identified at least 42 scientists who received Nobel Prizes in Physics, Chemistry or Medicine for their contributions that included the use of X-rays or neutrons and crystallography, including 24 who made seminal discoveries in macromolecular sciences. Our spotlight is mostly, but not only, on the recipients of this most prestigious scientific honor, presented in approximately chronological order. As a summary of the review, we attempt to construct a genealogy tree of the principal lineages of protein crystallography, leading from the founding members to the present generation.",2014,2014-04-03,review,FEBS Journal,Materials Science,True,111,openalex_toy
W2020863352,Single‐step isolation of extracellular vesicles by size‐exclusion chromatography,"BACKGROUND: Isolation of extracellular vesicles from plasma is a challenge due to the presence of proteins and lipoproteins. Isolation of vesicles using differential centrifugation or density-gradient ultracentrifugation results in co-isolation of contaminants such as protein aggregates and incomplete separation of vesicles from lipoproteins, respectively. AIM: To develop a single-step protocol to isolate vesicles from human body fluids. METHODS: Platelet-free supernatant, derived from platelet concentrates, was loaded on a sepharose CL-2B column to perform size-exclusion chromatography (SEC; n=3). Fractions were collected and analysed by nanoparticle tracking analysis, resistive pulse sensing, flow cytometry and transmission electron microscopy. The concentrations of high-density lipoprotein cholesterol (HDL) and protein were measured in each fraction. RESULTS: Fractions 9-12 contained the highest concentrations of particles larger than 70 nm and platelet-derived vesicles (46%±6 and 61%±2 of totals present in all collected fractions, respectively), but less than 5% of HDL and less than 1% of protein (4.8%±1 and 0.65%±0.3, respectively). HDL was present mainly in fractions 18-20 (32%±2 of total), and protein in fractions 19-21 (36%±2 of total). Compared to the starting material, recovery of platelet-derived vesicles was 43%±23 in fractions 9-12, with an 8-fold and 70-fold enrichment compared to HDL and protein. CONCLUSIONS: SEC efficiently isolates extracellular vesicles with a diameter larger than 70 nm from platelet-free supernatant of platelet concentrates. Application SEC will improve studies on the dimensional, structural and functional properties of extracellular vesicles.",2014,2014-01-01,article,Journal of Extracellular Vesicles,"Biochemistry, Genetics and Molecular Biology",True,1197,openalex_toy
W2025883589,Monte Carlo simulation of multicomponent equilibria in a semigrand canonical ensemble,"A general formalism and methodology are presented for the Monte Carlo simulation of equilibria in multicomponent systems, and are applied to the study of phase equilibrium in a model binary mixture, and to phase and chemical equilibrium in the ternary mixture Br2−Cl2−BrCl. Very good agreement with available experimental data is obtained. The formalism is based upon an ensemble in which the ratios of all fugacities to a reference fugacity are imposed. Simulations of mixtures performed in this ensemble fluctuate in composition while keeping constant the total number of particles. The reference fugacity is computed by integration of simulation averages of the composition for varying values of the fugacity ratios. Several features of the approach are: (1) it can be readily applied to mixtures of any number of components, even to polydisperse systems, with little additional computational effort; (2) the chemical potential of only one species at one state need be evaluated by conventional techniques, regardless of the number of components; (3) because equilibrium is established by changes in species identity rather than by particle insertion, convergence of the composition is extremely fast, even when close to a first-order phase transition; (4) certain chemically reacting systems can be simulated as easily as nonreacting mixtures.",1988,1988-08-20,article,Molecular Physics,Engineering,False,284,openalex_toy
W2033806446,Can three-dimensional contacts in protein structures be predicted by analysis of correlated mutations?,"A method has been developed to detect pairs of positions with correlated mutations in protein multiple sequence alignments. The method is based on reconstruction of the phylogenetic tree for a set of sequences and statistical analysis of the distribution of mutations in the branches of the tree. The database of homology-derived protein structures (HSSP) is used as the source of multiple sequence alignments for proteins of known three-dimensional structure. We analyse pairs of positions with correlated mutations in 67 protein families and show quantitatively that the presence of such positions is a typical feature of protein families. A significant but weak tendency is observed for correlated residue pairs to be close in the three-dimensional structure. With further improvements, methods of this type may be useful for the prediction of residue--residue contacts and subsequent prediction of protein structure using distance geometry algorithms. In conclusion, we suggest a new experimental approach to protein structure determination in which selection of functional mutants after random mutagenesis and analysis of correlated mutations provide sufficient proximity constraints for calculation of the protein fold.",1994,1994-01-01,article,Protein Engineering Design and Selection,"Biochemistry, Genetics and Molecular Biology",False,303,openalex_toy
W2076014259,Text Detection and Character Recognition in Scene Images with Unsupervised Feature Learning,"Reading text from photographs is a challenging problem that has received a significant amount of attention. Two key components of most systems are (i) text detection from images and (ii) character recognition, and many recent methods have been proposed to design better feature representations and models for both. In this paper, we apply methods recently developed in machine learning -- specifically, large-scale algorithms for learning the features automatically from unlabeled data -- and show that they allow us to construct highly effective classifiers for both detection and recognition to be used in a high accuracy end-to-end system.",2011,2011-09-01,article,unknown,Computer Science,False,380,openalex_toy
W2083927153,The Cancer Imaging Archive (TCIA): Maintaining and Operating a Public Information Repository,"The National Institutes of Health have placed significant emphasis on sharing of research data to support secondary research. Investigators have been encouraged to publish their clinical and imaging data as part of fulfilling their grant obligations. Realizing it was not sufficient to merely ask investigators to publish their collection of imaging and clinical data, the National Cancer Institute (NCI) created the open source National Biomedical Image Archive software package as a mechanism for centralized hosting of cancer related imaging. NCI has contracted with Washington University in Saint Louis to create The Cancer Imaging Archive (TCIA)-an open-source, open-access information resource to support research, development, and educational initiatives utilizing advanced medical imaging of cancer. In its first year of operation, TCIA accumulated 23 collections (3.3 million images). Operating and maintaining a high-availability image archive is a complex challenge involving varied archive-specific resources and driven by the needs of both image submitters and image consumers. Quality archives of any type (traditional library, PubMed, refereed journals) require management and customer service. This paper describes the management tasks and user support model for TCIA.",2013,2013-07-24,article,Journal of Digital Imaging,Medicine,True,4594,openalex_toy
W2084159208,Selective reporting of outcomes in randomised controlled trials in systematic reviews of cystic fibrosis,"BACKGROUND: Outcome reporting bias (ORB) in randomised trials has been identified as a threat to the validity of systematic reviews. Previous work highlighting this problem is limited to considering a single primary review outcome. The aim of this study was to assess ORB across all efficacy outcomes in the Cochrane systematic reviews of cystic fibrosis. METHODS: Systematic reviews of interventions for cystic fibrosis published on the Cochrane Library by the Cochrane Cystic Fibrosis and Genetic Disorders Group before 2010 were assessed for discrepancies in outcomes between review protocol and full review. ORB in eligible trials was also assessed for all efficacy review outcomes. Two authors independently classified each outcome using a nine-point classification system developed by the Outcome Reporting Bias In Trials study. These classifications were used to inform the assessment of the risk of bias for selective outcome reporting for each trial. RESULTS: -46 Cochrane cystic fibrosis systematic reviews were included. The median number of primary outcomes, number of trials and participants per trial in the reviews were 3 (IQR 2, 3), 4 (IQR 2, 8) and 21 (IQR 14, 41), respectively. 18 reviews (39%, 18/46) had a discrepancy in outcomes between protocol and full review. 37 reviews were eligible to be included in the ORB assessment. When considering review primary outcomes and all review outcomes, ORB was suspected in at least one trial in 86% and 100%, respectively. CONCLUSIONS: Assessment of ORB within a systematic review of a single primary outcome underestimates the risk of ORB in comparison to the assessment of multiple primary and secondary outcomes. ORB in trials is highly prevalent within systematic reviews of cystic fibrosis when assessed across all outcomes. This could be reduced by the development of a core outcome set for trials and systematic reviews in cystic fibrosis.",2013,2013-05-01,article,BMJ Open,Social Sciences,True,54,openalex_toy
W2089497633,Random projection in dimensionality reduction,"Random projections have recently emerged as a powerful method for dimensionality reduction. Theoretical results indicate that the method preserves distances quite nicely; however, empirical results are sparse. We present experimental results on using random projection as a dimensionality reduction tool in a number of cases, where the high dimensionality of the data would otherwise lead to burden-some computations. Our application areas are the processing of both noisy and noiseless images, and information retrieval in text documents. We show that projecting the data onto a random lower-dimensional subspace yields results comparable to conventional dimensionality reduction methods such as principal component analysis: the similarity of data vectors is preserved well under random projection. However, using random projections is computationally significantly less expensive than using, e.g., principal component analysis. We also show experimentally that using a sparse random matrix gives additional computational savings in random projection.",2001,2001-08-26,article,unknown,Computer Science,False,1295,openalex_toy
W2097403532,MEGA: Molecular Evolutionary Genetics Analysis software for microcomputers,"A computer program package called MEGA has been developed for estimating evolutionary distances, reconstructing phylogenetic trees and computing basic statistical quantities from molecular data. It is written in C++ and is intended to be used on IBM and IBM-compatible personal computers. In this program, various methods for estimating evolutionary distances from nucleotide and amino acid sequence data, three different methods of phylogenetic inference (UPGMA, neighborjoining and maximum parsimony) and two statistical tests of topological differences are included. For the maximum parsimony method, new algorithms of branch-and-bound and heuristic searches are implemented. In addition, MEGA computes statistical quantities such as nucleotide and amino acid frequencies, transition/transversion biases, codon frequencies (codon usage tables), and the number of variable sites in specified segments in nucleotide and amino acid sequences. Advanced on-screen sequence data and phylogenetictree editors facilitate publication-quality outputs with a wide range of printers. Integrated and interactive designs, on-line context-sensitive helps, and a text-file editor make MEGA easy to use.",1994,1994-01-01,article,Computer applications in the biosciences,"Biochemistry, Genetics and Molecular Biology",False,1165,openalex_toy
W2109801072,Critical assessment of methods of protein structure prediction (CASP) — round x,"This article is an introduction to the special issue of the journal PROTEINS, dedicated to the tenth Critical Assessment of Structure Prediction (CASP) experiment to assess the state of the art in protein structure modeling. The article describes the conduct of the experiment, the categories of prediction included, and outlines the evaluation and assessment procedures. The 10 CASP experiments span almost 20 years of progress in the field of protein structure modeling, and there have been enormous advances in methods and model accuracy in that period. Notable in this round is the first sustained improvement of models with refinement methods, using molecular dynamics. For the first time, we tested the ability of modeling methods to make use of sparse experimental three-dimensional contact information, such as may be obtained from new experimental techniques, with encouraging results. On the other hand, new contact prediction methods, though holding considerable promise, have yet to make an impact in CASP testing. The nature of CASP targets has been changing in recent CASPs, reflecting shifts in experimental structural biology, with more irregular structures, more multi-domain and multi-subunit structures, and less standard versions of known folds. When allowance is made for these factors, we continue to see steady progress in the overall accuracy of models, particularly resulting from improvement of non-template regions.",2013,2013-10-29,article,Proteins Structure Function and Bioinformatics,"Biochemistry, Genetics and Molecular Biology",True,691,openalex_toy
W2110483430,LGA: a method for finding 3D similarities in protein structures,"We present the LGA (Local-Global Alignment) method, designed to facilitate the comparison of protein structures or fragments of protein structures in sequence dependent and sequence independent modes. The LGA structure alignment program is available as an online service at http://PredictionCenter.llnl.gov/local/lga. Data generated by LGA can be successfully used in a scoring function to rank the level of similarity between two structures and to allow structure classification when many proteins are being analyzed. LGA also allows the clustering of similar fragments of protein structures.",2003,2003-06-24,article,Nucleic Acids Research,Materials Science,True,1109,openalex_toy
W21200892,In Vitro Dissection of Protein Translocation into the Mammalian Endoplasmic Reticulum,"In eukaryotic cells, roughly one-fourth of all mRNAs code for secretory and membrane proteins. This class of proteins must first be segregated to the endoplasmic reticulum, where they are either translocated into the lumen or inserted into the lipid bilayer. The study of these processes has long relied on their successful reconstitution in cell-free systems. The high manipulability of such in vitro systems has allowed the identification of key machinery, elucidation of their functional roles in translocation, and dissection of their mechanisms of action. Here, we provide the basic methodology for (i) setting up robust mammalian-based in vitro translation and translocation systems, (ii) assays for protein translocation, insertion, and topology, and (iii) methods to solubilize, fractionate, and reconstitute ER membranes. Variations of these methods should be applicable not only to forward protein translocation systems but also for dissecting other poorly understood membrane-associated processes such as retrotranslocation.",2010,2010-01-01,article,Methods in molecular biology,"Biochemistry, Genetics and Molecular Biology",True,129,openalex_toy
W2121552166,MEGA-CC: computing core of molecular evolutionary genetics analysis program for automated and iterative data analysis,"UNLABELLED: There is a growing need in the research community to apply the molecular evolutionary genetics analysis (MEGA) software tool for batch processing a large number of datasets and to integrate it into analysis workflows. Therefore, we now make available the computing core of the MEGA software as a stand-alone executable (MEGA-CC), along with an analysis prototyper (MEGA-Proto). MEGA-CC provides users with access to all the computational analyses available through MEGA's graphical user interface version. This includes methods for multiple sequence alignment, substitution model selection, evolutionary distance estimation, phylogeny inference, substitution rate and pattern estimation, tests of natural selection and ancestral sequence inference. Additionally, we have upgraded the source code for phylogenetic analysis using the maximum likelihood methods for parallel execution on multiple processors and cores. Here, we describe MEGA-CC and outline the steps for using MEGA-CC in tandem with MEGA-Proto for iterative and automated data analysis. AVAILABILITY: http://www.megasoftware.net/.",2012,2012-08-24,article,Bioinformatics,"Biochemistry, Genetics and Molecular Biology",True,376,openalex_toy
W2123864036,Speaker independent emotion recognition by early fusion of acoustic and linguistic features within ensembles,"Herein we present a comparison of novel concepts for a robust fusion of prosodic and verbal cues in speech emotion recognition. Thereby 276 acoustic features are extracted out of a spoken phrase. For linguistic content analysis we use the Bag-of-Words text representation. This allows for integration of acoustic and linguistic features within one vector prior to a final classification. Extensive feature selection by filter- and wrapper based methods is fulfilled. Likewise optimal sets via SVM-SFFS and single feature relevance by information gain ratio calculation are presented. Overall classification is realised by diverse ensemble approaches. Among base classifiers Kernel Machines, Decision Trees, Bayesian classifiers, and memory-based learners are found. Acoustics only tests ran on a database comprising 39 speakers for speaker independent accuracy analysis. Additionally the public Berlin Emotional Speech database is used. A further database of 4,221 movie related phrases forms the basis of acoustic and linguistic information analysis evaluation. Overall remarkable performance in the discrimination of seven discrete emotions could be observed. 1.",2005,2005-09-04,article,unknown,Psychology,False,142,openalex_toy
W2130479394,The Protein Data Bank,"The Protein Data Bank (PDB; http://www.rcsb.org/pdb/ ) is the single worldwide archive of structural data of biological macromolecules. This paper describes the goals of the PDB, the systems in place for data deposition and access, how to obtain further information, and near-term plans for the future development of the resource.",2000,2000-01-01,article,Nucleic Acids Research,"Biochemistry, Genetics and Molecular Biology",False,39748,openalex_toy
W2132632499,"MEGA5: Molecular Evolutionary Genetics Analysis Using Maximum Likelihood, Evolutionary Distance, and Maximum Parsimony Methods","Comparative analysis of molecular sequence data is essential for reconstructing the evolutionary histories of species and inferring the nature and extent of selective forces shaping the evolution of genes and species. Here, we announce the release of Molecular Evolutionary Genetics Analysis version 5 (MEGA5), which is a user-friendly software for mining online databases, building sequence alignments and phylogenetic trees, and using methods of evolutionary bioinformatics in basic biology, biomedicine, and evolution. The newest addition in MEGA5 is a collection of maximum likelihood (ML) analyses for inferring evolutionary trees, selecting best-fit substitution models (nucleotide or amino acid), inferring ancestral states and sequences (along with probabilities), and estimating evolutionary rates site-by-site. In computer simulation analyses, ML tree inference algorithms in MEGA5 compared favorably with other software packages in terms of computational efficiency and the accuracy of the estimates of phylogenetic trees, substitution parameters, and rate variation among sites. The MEGA user interface has now been enhanced to be activity driven to make it easier for the use of both beginners and experienced scientists. This version of MEGA is intended for the Windows platform, and it has been configured for effective use on Mac OS X and Linux desktops. It is available free of charge from http://www.megasoftware.net.",2011,2011-05-04,article,Molecular Biology and Evolution,"Biochemistry, Genetics and Molecular Biology",True,40305,openalex_toy
W2134967712,"AutoDock Vina: Improving the speed and accuracy of docking with a new scoring function, efficient optimization, and multithreading","AutoDock Vina, a new program for molecular docking and virtual screening, is presented. AutoDock Vina achieves an approximately two orders of magnitude speed-up compared with the molecular docking software previously developed in our lab (AutoDock 4), while also significantly improving the accuracy of the binding mode predictions, judging by our tests on the training set used in AutoDock 4 development. Further speed-up is achieved from parallelism, by using multithreading on multicore machines. AutoDock Vina automatically calculates the grid maps and clusters the results in a way transparent to the user.",2009,2009-06-04,article,Journal of Computational Chemistry,Computer Science,True,36874,openalex_toy
W2144288821,Comparison of multiple Amber force fields and development of improved protein backbone parameters,"The ff94 force field that is commonly associated with the Amber simulation package is one of the most widely used parameter sets for biomolecular simulation. After a decade of extensive use and testing, limitations in this force field, such as over-stabilization of alpha-helices, were reported by us and other researchers. This led to a number of attempts to improve these parameters, resulting in a variety of ""Amber"" force fields and significant difficulty in determining which should be used for a particular application. We show that several of these continue to suffer from inadequate balance between different secondary structure elements. In addition, the approach used in most of these studies neglected to account for the existence in Amber of two sets of backbone phi/psi dihedral terms. This led to parameter sets that provide unreasonable conformational preferences for glycine. We report here an effort to improve the phi/psi dihedral terms in the ff99 energy function. Dihedral term parameters are based on fitting the energies of multiple conformations of glycine and alanine tetrapeptides from high level ab initio quantum mechanical calculations. The new parameters for backbone dihedrals replace those in the existing ff99 force field. This parameter set, which we denote ff99SB, achieves a better balance of secondary structure elements as judged by improved distribution of backbone dihedrals for glycine and alanine with respect to PDB survey data. It also accomplishes improved agreement with published experimental data for conformational preferences of short alanine peptides and better accord with experimental NMR relaxation data of test protein systems.",2006,2006-09-15,article,Proteins Structure Function and Bioinformatics,"Biochemistry, Genetics and Molecular Biology",True,7071,openalex_toy
W2145094598,Stacked Denoising Autoencoders: Learning Useful Representations in a Deep Network with a Local Denoising Criterion,"We explore an original strategy for building deep networks, based on stacking layers of denoising autoencoders which are trained locally to denoise corrupted versions of their inputs. The resulting algorithm is a straightforward variation on the stacking of ordinary autoencoders. It is however shown on a benchmark of classification problems to yield significantly lower classification error, thus bridging the performance gap with deep belief networks (DBN), and in several cases surpassing it. Higher level representations learnt in this purely unsupervised fashion also help boost the performance of subsequent SVM classifiers. Qualitative experiments show that, contrary to ordinary autoencoders, denoising autoencoders are able to learn Gabor-like edge detectors from natural image patches and larger stroke detectors from digit images. This work clearly establishes the value of using a denoising criterion as a tractable unsupervised objective to guide the learning of useful higher level representations.",2010,2010-01-01,article,unknown,Computer Science,False,5024,openalex_toy
W2152207030,MEGA6: Molecular Evolutionary Genetics Analysis Version 6.0,"The Molecular Evolutionary Genetics Analysis (MEGA) software has matured to contain a large collection of methods and tools of computational molecular evolution. Here, we describe new additions that make MEGA a more comprehensive tool for building timetrees of species, pathogens, and gene families using rapid relaxed-clock methods. Methods for estimating divergence times and confidence intervals are implemented to use probability densities for calibration constraints for node-dating and sequence sampling dates for tip-dating analyses. They are supported by new options for tagging sequences with spatiotemporal sampling information, an expanded interactive Node Calibrations Editor, and an extended Tree Explorer to display timetrees. Also added is a Bayesian method for estimating neutral evolutionary probabilities of alleles in a species using multispecies sequence alignments and a machine learning method to test for the autocorrelation of evolutionary rates in phylogenies. The computer memory requirements for the maximum likelihood analysis are reduced significantly through reprogramming, and the graphical user interface has been made more responsive and interactive for very big data sets. These enhancements will improve the user experience, quality of results, and the pace of biological discovery. Natively compiled graphical user interface and command-line versions of MEGA11 are available for Microsoft Windows, Linux, and macOS from www.megasoftware.net.",2013,2013-10-16,article,Molecular Biology and Evolution,"Biochemistry, Genetics and Molecular Biology",True,47879,openalex_toy
W2156434383,MEGA2: molecular evolutionary genetics analysis software,"UNLABELLED: We have developed a new software package, Molecular Evolutionary Genetics Analysis version 2 (MEGA2), for exploring and analyzing aligned DNA or protein sequences from an evolutionary perspective. MEGA2 vastly extends the capabilities of MEGA version 1 by: (1) facilitating analyses of large datasets; (2) enabling creation and analyses of groups of sequences; (3) enabling specification of domains and genes; (4) expanding the repertoire of statistical methods for molecular evolutionary studies; and (5) adding new modules for visual representation of input data and output results on the Microsoft Windows platform. AVAILABILITY: http://www.megasoftware.net. CONTACT: s.kumar@asu.edu",2001,2001-12-01,article,Bioinformatics,"Biochemistry, Genetics and Molecular Biology",True,6126,openalex_toy
W2156775924,Bias due to selective inclusion and reporting of outcomes and analyses in systematic reviews of randomised trials of healthcare interventions,"BACKGROUND: Systematic reviews may be compromised by selective inclusion and reporting of outcomes and analyses. Selective inclusion occurs when there are multiple effect estimates in a trial report that could be included in a particular meta-analysis (e.g. from multiple measurement scales and time points) and the choice of effect estimate to include in the meta-analysis is based on the results (e.g. statistical significance, magnitude or direction of effect). Selective reporting occurs when the reporting of a subset of outcomes and analyses in the systematic review is based on the results (e.g. a protocol-defined outcome is omitted from the published systematic review). OBJECTIVES: To summarise the characteristics and synthesise the results of empirical studies that have investigated the prevalence of selective inclusion or reporting in systematic reviews of randomised controlled trials (RCTs), investigated the factors (e.g. statistical significance or direction of effect) associated with the prevalence and quantified the bias. SEARCH METHODS: We searched the Cochrane Methodology Register (to July 2012), Ovid MEDLINE, Ovid EMBASE, Ovid PsycINFO and ISI Web of Science (each up to May 2013), and the US Agency for Healthcare Research and Quality (AHRQ) Effective Healthcare Program's Scientific Resource Center (SRC) Methods Library (to June 2013). We also searched the abstract books of the 2011 and 2012 Cochrane Colloquia and the article alerts for methodological work in research synthesis published from 2009 to 2011 and compiled in Research Synthesis Methods. SELECTION CRITERIA: We included both published and unpublished empirical studies that investigated the prevalence and factors associated with selective inclusion or reporting, or both, in systematic reviews of RCTs of healthcare interventions. We included empirical studies assessing any type of selective inclusion or reporting, such as investigations of how frequently RCT outcome data is selectively included in systematic reviews based on the results, outcomes and analyses are discrepant between protocol and published review or non-significant outcomes are partially reported in the full text or summary within systematic reviews. DATA COLLECTION AND ANALYSIS: Two review authors independently selected empirical studies for inclusion, extracted the data and performed a risk of bias assessment. A third review author resolved any disagreements about inclusion or exclusion of empirical studies, data extraction and risk of bias. We contacted authors of included studies for additional unpublished data. Primary outcomes included overall prevalence of selective inclusion or reporting, association between selective inclusion or reporting and the statistical significance of the effect estimate, and association between selective inclusion or reporting and the direction of the effect estimate. We combined prevalence estimates and risk ratios (RRs) using a random-effects meta-analysis model. MAIN RESULTS: Seven studies met the inclusion criteria. No studies had investigated selective inclusion of results in systematic reviews, or discrepancies in outcomes and analyses between systematic review registry entries and published systematic reviews. Based on a meta-analysis of four studies (including 485 Cochrane Reviews), 38% (95% confidence interval (CI) 23% to 54%) of systematic reviews added, omitted, upgraded or downgraded at least one outcome between the protocol and published systematic review. The association between statistical significance and discrepant outcome reporting between protocol and published systematic review was uncertain. The meta-analytic estimate suggested an increased risk of adding or upgrading (i.e. changing a secondary outcome to primary) when the outcome was statistically significant, although the 95% CI included no association and a decreased risk as plausible estimates (RR 1.43, 95% CI 0.71 to 2.85; two studies, n = 552 meta-analyses). Also, the meta-analytic estimate suggested an increased risk of downgrading (i.e. changing a primary outcome to secondary) when the outcome was statistically significant, although the 95% CI included no association and a decreased risk as plausible estimates (RR 1.26, 95% CI 0.60 to 2.62; two studies, n = 484 meta-analyses). None of the included studies had investigated whether the association between statistical significance and adding, upgrading or downgrading of outcomes was modified by the type of comparison, direction of effect or type of outcome; or whether there is an association between direction of the effect estimate and discrepant outcome reporting.Several secondary outcomes were reported in the included studies. Two studies found that reasons for discrepant outcome reporting were infrequently reported in published systematic reviews (6% in one study and 22% in the other). One study (including 62 Cochrane Reviews) found that 32% (95% CI 21% to 45%) of systematic reviews did not report all primary outcomes in the abstract. Another study (including 64 Cochrane and 118 non-Cochrane reviews) found that statistically significant primary outcomes were more likely to be completely reported in the systematic review abstract than non-significant primary outcomes (RR 2.66, 95% CI 1.81 to 3.90). None of the studies included systematic reviews published after 2009 when reporting standards for systematic reviews (Preferred Reporting Items for Systematic reviews and Meta-Analyses (PRISMA) Statement, and Methodological Expectations of Cochrane Intervention Reviews (MECIR)) were disseminated, so the results might not be generalisable to more recent systematic reviews. AUTHORS' CONCLUSIONS: Discrepant outcome reporting between the protocol and published systematic review is fairly common, although the association between statistical significance and discrepant outcome reporting is uncertain. Complete reporting of outcomes in systematic review abstracts is associated with statistical significance of the results for those outcomes. Systematic review outcomes and analysis plans should be specified prior to seeing the results of included studies to minimise post-hoc decisions that may be based on the observed results. Modifications that occur once the review has commenced, along with their justification, should be clearly reported. Effect estimates and CIs should be reported for all systematic review outcomes regardless of the results. The lack of research on selective inclusion of results in systematic reviews needs to be addressed and studies that avoid the methodological weaknesses of existing research are also needed.",2014,2014-09-30,article,Cochrane Database of Systematic Reviews,Decision Sciences,True,284,openalex_toy
W2156819106,A Single Index of Mortality and Morbidity,"La Real Academia Nacional de Medicina de España, cuya historia comienza hacia mediados del siglo XVIII, posee una magnífica biblioteca con manuscritos e impresos, indispensables para el estudio e investigación de la historia de la medicina en España. Para dar la mayor visibilidad posible y hacerlo accesible a los estudiosos, investigadores y ciudadanos en general, se crea esta Biblioteca Digital de la Real Academia Nacional de Medicina de España.",1971,1971-01-01,article,HSMHA Health Reports,Health Professions,True,1457,openalex_toy
W2158543557,Disability weights for the Global Burden of Disease 2013 study,"BACKGROUND: The Global Burden of Disease (GBD) study assesses health losses from diseases, injuries, and risk factors using disability-adjusted life-years, which need a set of disability weights to quantify health levels associated with non-fatal outcomes. The objective of this study was to estimate disability weights for the GBD 2013 study. METHODS: We analysed data from new web-based surveys of participants aged 18-65 years, completed in four European countries (Hungary, Italy, the Netherlands, and Sweden) between Sept 23, 2013, and Nov 11, 2013, combined with data previously collected in the GBD 2010 disability weights measurement study. Surveys used paired comparison questions for which respondents considered two hypothetical individuals with different health states and specified which person they deemed healthier than the other. These surveys covered 183 health states pertinent to GBD 2013; of these states, 30 were presented with descriptions revised from previous versions and 18 were new to GBD 2013. We analysed paired comparison data using probit regression analysis and rescaled results to disability weight units between 0 (no loss of health) and 1 (loss equivalent to death). We compared results with previous estimates, and an additional analysis examined sensitivity of paired comparison responses to duration of hypothetical health states. FINDINGS: The total analysis sample consisted of 30 230 respondents from the GBD 2010 surveys and 30 660 from the new European surveys. For health states common to GBD 2010 and GBD 2013, results were highly correlated overall (Pearson's r 0·992 [95% uncertainty interval 0·989-0·994]). For health state descriptions that were revised for this study, resulting disability weights were substantially different for a subset of these weights, including those related to hearing loss (eg, complete hearing loss: GBD 2010 0·033 [0·020-0·052]; GBD 2013 0·215 [0·144-0·307]) and treated spinal cord lesions (below the neck: GBD 2010 0·047 [0·028-0·072]; GBD 2013 0·296 [0·198-0·414]; neck level: GBD 2010 0·369 [0·243-0·513]; GBD 2013 0·589 [0·415-0·748]). Survey responses to paired comparison questions were insensitive to whether the comparisons were framed in terms of temporary or chronic outcomes (Pearson's r 0·981 [0·973-0·987]). INTERPRETATION: This study substantially expands the empirical basis for assessment of non-fatal outcomes in the GBD study. Findings from this study substantiate the notion that disability weights are sensitive to particular details in descriptions of health states, but robust to duration of outcomes. FUNDING: European Centre for Disease Prevention and Control, Bill and Melinda Gates Foundation.",2015,2015-10-19,article,The Lancet Global Health,Medicine,True,1231,openalex_toy
W2194775991,Deep Residual Learning for Image Recognition,"Deeper neural networks are more difficult to train. We present a residual learning framework to ease the training of networks that are substantially deeper than those used previously. We explicitly reformulate the layers as learning residual functions with reference to the layer inputs, instead of learning unreferenced functions. We provide comprehensive empirical evidence showing that these residual networks are easier to optimize, and can gain accuracy from considerably increased depth. On the ImageNet dataset we evaluate residual nets with a depth of up to 152 layers - 8× deeper than VGG nets [40] but still having lower complexity. An ensemble of these residual nets achieves 3.57% error on the ImageNet test set. This result won the 1st place on the ILSVRC 2015 classification task. We also present analysis on CIFAR-10 with 100 and 1000 layers. The depth of representations is of central importance for many visual recognition tasks. Solely due to our extremely deep representations, we obtain a 28% relative improvement on the COCO object detection dataset. Deep residual nets are foundations of our submissions to ILSVRC & COCO 2015 competitions1, where we also won the 1st places on the tasks of ImageNet detection, ImageNet localization, COCO detection, and COCO segmentation.",2016,2016-06-01,article,unknown,Computer Science,True,221551,openalex_toy
W224880912,Directional cell movement through tissues is controlled by exosome secretion,Directional cell movement through tissues is critical for multiple biological processes and requires maintenance of polarity in the face of complex environmental cues. Here we use intravital imaging to demonstrate that secretion of exosomes from late endosomes is required for directionally persistent and efficient in vivo movement of cancer cells. Inhibiting exosome secretion or biogenesis leads to defective tumour cell migration associated with increased formation of unstable protrusions and excessive directional switching. In vitro rescue experiments with purified exosomes and matrix coating identify adhesion assembly as a critical exosome function that promotes efficient cell motility. Live-cell imaging reveals that exosome secretion directly precedes and promotes adhesion assembly. Fibronectin is found to be a critical motility-promoting cargo whose sorting into exosomes depends on binding to integrins. We propose that autocrine secretion of exosomes powerfully promotes directionally persistent and effective cell motility by reinforcing otherwise transient polarization states and promoting adhesion assembly.,2015,2015-05-13,article,Nature Communications,"Biochemistry, Genetics and Molecular Biology",True,615,openalex_toy
W2335728318,Reading digits in natural images with unsupervised feature learning,"Detecting and reading text from natural images is a hard computer vision task that is central to a variety of emerging applications. Related problems like document character recognition have been widely studied by computer vision and machine learning researchers and are virtually solved for practical applications like reading handwritten digits. Reliably recognizing characters in more complex scenes like photographs, however, is far more difficult: the best existing methods lag well behind human performance on the same tasks. In this paper we attack the problem of recognizing digits in a real application using unsupervised feature learning methods: reading house numbers from street level photos. To this end, we introduce a new benchmark dataset for research use containing over 600,000 labeled digits cropped from Street View images. We then demonstrate the difficulty of recognizing these digits when the problem is approached with hand-designed features. Finally, we employ variants of two recently proposed unsupervised feature learning methods and find that they are convincingly superior on our benchmarks. 1",2024,2024-01-01,article,unknown,Computer Science,True,4565,openalex_toy
W2342064264,Impact of the mandatory implementation of reporting guidelines on reporting quality in a surgical journal: A before and after study,"BACKGROUND: Journals are an important conduit for the publication of research. However, the reporting quality of research has been shown to be lacking. We sought to determine if reporting quality could be improved by mandating compliance with the relevant reporting guidelines during the submission process to a single surgical journal. METHODS: The policy above was implemented in the International Journal of Surgery (IJS) in March 2013. This involved requiring all authors submitting observational studies, randomised controlled trials (RCTs) and systematic reviews to submit completed STROBE, CONSORT and PRISMA Statement checklists respectively along with their paper, making them available to the editor and peer-reviewers. Articles were analysed in three distinct periods from 2012 to 2014, before and after guideline implementation by two independent teams. RESULTS: Our results show that overall STROBE compliance following implementation of the policy increased by a statistically significant 12% (68%-77%, p = 0.00018). Similarly CONSORT compliance increased (50%-70%) as did PRISMA compliance (48%-76%). The items that improved the most were those providing detail on study design, outcome definitions as well as measurement, how patients and quantitative variables were handled during the analyses and discussing limitations and detailing potential sources of bias. CONCLUSION: Implementing a policy mandating the submission of a completed reporting guideline checklist for observational studies, RCTs and systematic reviews can increase compliance. We advocate this measure for other journals and for other study types.",2016,2016-04-29,article,International Journal of Surgery,Decision Sciences,False,98,openalex_toy
W2342249984,Data Structures for Statistical Computing in Python,"In this paper we are concerned with the practical issues of working with data sets common to finance, statistics, and other related fields. pandas is a new library which aims to facilitate working with these data sets and to provide a set of fundamental building blocks for implementing statistical models. We will discuss specific design issues encountered in the course of developing pandas with relevant examples and some comparisons with the R language. We conclude by discussing possible future directions for statistical computing and data analysis using Python.",2010,2010-01-01,article,Proceedings of the Python in Science Conferences,Computer Science,True,11202,openalex_toy
W2462161029,Guidelines for Accurate and Transparent Health Estimates Reporting: the GATHER statement,"Measurements of health indicators are rarely available for every population and period of interest, and available data may not be comparable. The Guidelines for Accurate and Transparent Health Estimates Reporting (GATHER) define best reporting practices for studies that calculate health estimates for multiple populations (in time or space) using multiple information sources. Health estimates that fall within the scope of GATHER include all quantitative population-level estimates (including global, regional, national, or subnational estimates) of health indicators, including indicators of health status, incidence and prevalence of diseases, injuries, and disability and functioning; and indicators of health determinants, including health behaviours and health exposures. GATHER comprises a checklist of 18 items that are essential for best reporting practice. A more detailed explanation and elaboration document, describing the interpretation and rationale of each reporting item along with examples of good reporting, is available on the GATHER website.",2016,2016-06-28,review,The Lancet,"Economics, Econometrics and Finance",True,1627,openalex_toy
W246286872,The Effect of Riding as an Alternative Treatment for Children with Cerebral Palsy: A Systematic Review and Meta-Analysis,"&lt;b&gt;&lt;i&gt;Background and Objectives:&lt;/i&gt;&lt;/b&gt; There is a substantial body of evidence assessing the effects of equine-assisted therapy on physiological and psychological aspects of individuals with disabilities. This study aimed to evaluate the physiological benefits of this alternative therapy for children with cerebral palsy (CP) by means of a systematic review and meta-analysis. &lt;b&gt;&lt;i&gt;Methods:&lt;/i&gt;&lt;/b&gt; This systematic review included all randomized and nonrandomized clinical trials of hippotherapy (HT), therapeutic horse riding (THR), and artificial saddle (AS) for the treatment of children with CP by a systematic search in Medline, Embase, Cochrane Library, and other databases up to November 2012. Articles were assessed for inclusion eligibility and quality by two independent reviewers. Any discordant case was re-reviewed and consensus was obtained after sufficient discussion. A random effects model of meta-analysis was applied to provide summary statistics for each outcome. &lt;b&gt;&lt;i&gt;Results:&lt;/i&gt;&lt;/b&gt; Seven randomized controlled trials (RCTs), 4 non-RCTs, and 7 self-controlled studies were included for quality assessment. Ten studies assessed the effect of HT, 5 evaluated THR, and 3 evaluated AS. The sample size differed from 3 to 72, and the quality ranged from low to moderate. Six studies were included in the meta-analysis, and there was a significant improvement in the 66-item Gross Motor Function Measure (GMFM-66), the GMFM-66/88 total score, and the dimension E of the GMFM. Although the asymmetry score tended to be reduced, it failed to reach statistical significance. &lt;b&gt;&lt;i&gt;Conclusions:&lt;/i&gt;&lt;/b&gt; HT, THR, and AS seem to improve the total score of the gross motor function via improvement of the walking, running, and jumping dimension. However, they are not likely to be of benefit to the symmetry of postural muscle activity. Studies included in this review lack high-quality RCTs with a sufficient number of subjects, which thus warrants further evaluations of these modalities using large-scale well-designed RCTs.",2015,2015-04-02,review,Integrative Medicine International,Medicine,True,18696,openalex_toy
W2508425869,DockQ: A Quality Measure for Protein-Protein Docking Models,"The state-of-the-art to assess the structural quality of docking models is currently based on three related yet independent quality measures: Fnat, LRMS, and iRMS as proposed and standardized by CAPRI. These quality measures quantify different aspects of the quality of a particular docking model and need to be viewed together to reveal the true quality, e.g. a model with relatively poor LRMS (>10Å) might still qualify as 'acceptable' with a descent Fnat (>0.50) and iRMS (<3.0Å). This is also the reason why the so called CAPRI criteria for assessing the quality of docking models is defined by applying various ad-hoc cutoffs on these measures to classify a docking model into the four classes: Incorrect, Acceptable, Medium, or High quality. This classification has been useful in CAPRI, but since models are grouped in only four bins it is also rather limiting, making it difficult to rank models, correlate with scoring functions or use it as target function in machine learning algorithms. Here, we present DockQ, a continuous protein-protein docking model quality measure derived by combining Fnat, LRMS, and iRMS to a single score in the range [0, 1] that can be used to assess the quality of protein docking models. By using DockQ on CAPRI models it is possible to almost completely reproduce the original CAPRI classification into Incorrect, Acceptable, Medium and High quality. An average PPV of 94% at 90% Recall demonstrating that there is no need to apply predefined ad-hoc cutoffs to classify docking models. Since DockQ recapitulates the CAPRI classification almost perfectly, it can be viewed as a higher resolution version of the CAPRI classification, making it possible to estimate model quality in a more quantitative way using Z-scores or sum of top ranked models, which has been so valuable for the CASP community. The possibility to directly correlate a quality measure to a scoring function has been crucial for the development of scoring functions for protein structure prediction, and DockQ should be useful in a similar development in the protein docking field. DockQ is available at http://github.com/bjornwallner/DockQ/.",2016,2016-08-25,article,PLoS ONE,"Biochemistry, Genetics and Molecular Biology",True,494,openalex_toy
W2535166298,ITK-SNAP: An interactive tool for semi-automatic segmentation of multi-modality biomedical images,"Obtaining quantitative measures from biomedical images often requires segmentation, i.e., finding and outlining the structures of interest. Multi-modality imaging datasets, in which multiple imaging measures are available at each spatial location, are increasingly common, particularly in MRI. In applications where fully automatic segmentation algorithms are unavailable or fail to perform at desired levels of accuracy, semi-automatic segmentation can be a time-saving alternative to manual segmentation, allowing the human expert to guide segmentation, while minimizing the effort expended by the expert on repetitive tasks that can be automated. However, few existing 3D image analysis tools support semi-automatic segmentation of multi-modality imaging data. This paper describes new extensions to the ITK-SNAP interactive image visualization and segmentation tool that support semi-automatic segmentation of multi-modality imaging datasets in a way that utilizes information from all available modalities simultaneously. The approach combines Random Forest classifiers, trained by the user by placing several brushstrokes in the image, with the active contour segmentation algorithm. The new multi-modality semi-automatic segmentation approach is evaluated in the context of high-grade glioblastoma segmentation.",2016,2016-08-01,article,unknown,Computer Science,True,631,openalex_toy
W2559577985,WormBase ParaSite − a comprehensive resource for helminth genomics,"The number of publicly available parasitic worm genome sequences has increased dramatically in the past three years, and research interest in helminth functional genomics is now quickly gathering pace in response to the foundation that has been laid by these collective efforts. A systematic approach to the organisation, curation, analysis and presentation of these data is clearly vital for maximising the utility of these data to researchers. We have developed a portal called WormBase ParaSite (http://parasite.wormbase.org) for interrogating helminth genomes on a large scale. Data from over 100 nematode and platyhelminth species are integrated, adding value by way of systematic and consistent functional annotation (e.g. protein domains and Gene Ontology terms), gene expression analysis (e.g. alignment of life-stage specific transcriptome data sets), and comparative analysis (e.g. orthologues and paralogues). We provide several ways of exploring the data, including genome browsers, genome and gene summary pages, text search, sequence search, a query wizard, bulk downloads, and programmatic interfaces. In this review, we provide an overview of the back-end infrastructure and analysis behind WormBase ParaSite, and the displays and tools available to users for interrogating helminth genomic data.",2016,2016-11-27,article,Molecular and Biochemical Parasitology,"Biochemistry, Genetics and Molecular Biology",True,843,openalex_toy
W2567362164,Cochrane Handbook for Systematic Reviews of Interventions,"The revised edition of the Handbook offers the only guide on how to conduct, report and maintain a Cochrane Review The second edition of The Cochrane Handbook for Systematic Reviews of Interventions contains essential guidance for preparing and maintaining Cochrane Reviews of the effects of health interventions. Designed to be an accessible resource, the Handbook will also be of interest to anyone undertaking systematic reviews of interventions outside Cochrane, and many of the principles and methods presented are appropriate for systematic reviews addressing research questions other than effects of interventions. This fully updated edition contains extensive new material on systematic review methods addressing a wide-range of topics including network meta-analysis, equity, complex interventions, narrative synthesis, and automation. Also new to this edition, integrated throughout the Handbook, is the set of standards Cochrane expects its reviews to meet. Written for review authors, editors, trainers and others with an interest in Cochrane Reviews, the second edition of The Cochrane Handbook for Systematic Reviews of Interventions continues to offer an invaluable resource for understanding the role of systematic reviews, critically appraising health research studies and conducting reviews.",2019,2019-09-20,book,unknown,Decision Sciences,True,14359,openalex_toy
W2743074552,ComplexViewer: visualization of curated macromolecular complexes,"SUMMARY: Proteins frequently function as parts of complexes, assemblages of multiple proteins and other biomolecules, yet network visualizations usually only show proteins as parts of binary interactions. ComplexViewer visualizes interactions with more than two participants and thereby avoids the need to first expand these into multiple binary interactions. Furthermore, if binding regions between molecules are known then these can be displayed in the context of the larger complex. AVAILABILITY AND IMPLEMENTATION: freely available under Apache version 2 license; EMBL-EBI Complex Portal: http://www.ebi.ac.uk/complexportal; Source code: https://github.com/MICommunity/ComplexViewer; Package: https://www.npmjs.com/package/complexviewer; http://biojs.io/d/complexviewer. Language: JavaScript; Web technology: Scalable Vector Graphics; Libraries: D3.js. CONTACT: colin.combe@ed.ac.uk or juri.rappsilber@ed.ac.uk.",2017,2017-08-01,article,Bioinformatics,"Biochemistry, Genetics and Molecular Biology",True,16,openalex_toy
W2752872022,"Overviews of systematic reviews: great promise, greater challenge","The proliferation of systematic reviews and escalating demand from policy makers has driven a newer form of evidence synthesis-overviews of systematic reviews. Systematic Reviews are publishing a special thematic series on overviews and are encouraging submissions on the development and evaluation of methods for this review type. The authors' of this editorial introduce the series by considering challenges that arise when conducting an overview and what methods guidance is available. They emphasise the importance of evaluating overview methods to understand the trade-offs of using different approaches and propose that a more systematic and coordinated approach to methods development would be beneficial. Finally, they consider the potential for overviews to drive improvements in the conduct and reporting of systematic reviews.",2017,2017-09-08,editorial,Systematic Reviews,Decision Sciences,True,136,openalex_toy
W2912827267,Numerical Python,International audience,1996,1996-01-01,article,Computers in Physics,Computer Science,True,142,openalex_toy
W2919464470,Emotion Detection from Speech Signals using Voting Mechanism on Classified Frames,"Understanding human emotion is a complicated task for humans themselves, however, this did not stop the researchers from trying to make machines capable of understanding human emotions. Many approaches have been followed, using speech signals to detect emotions has been popular among these approaches. In this study, Mel Frequency Cepstrum Coefficient (MFCC) features were extracted from speech signals to detect the underlying emotion of the speech. Extracted features were used to classify different emotions using LMT classifier. For each frame of a speech signal, 13-dimensional feature vectors were extracted and Logistic Model Tree (LMT) models were trained using these features. For classifying an unknown speech signal, the 13-dimensional frame features are first extracted from the signal and each frame is classified using the trained model. Using a voting mechanism on the classified frames, the emotion of the speech signal is detected. Experimental results on two datasets- Berlin Database of Emotional Speech (Emo-DB) and Ryerson Audio-Visual Database of Emotional Speech and Song (RAVDESS) show that our approach works very well in classifying certain emotions while it struggles to discern the differences between some pairs of emotions. Among the trained models, the maximum accuracy achieved was 70% in detecting 7 different emotions. Considering the small dimension size of the feature vectors used, this approach provides an efficient solution to classifying different emotions using speech signals.",2019,2019-01-01,article,"2019 International Conference on Robotics,Electrical and Signal Processing Techniques (ICREST)",Psychology,False,82,openalex_toy
W2955147896,On estimating evolutionary probabilities of population variants,"BACKGROUND: The evolutionary probability (EP) of an allele in a DNA or protein sequence predicts evolutionarily permissible (ePerm; EP ≥ 0.05) and forbidden (eForb; EP < 0.05) variants. EP of an allele represents an independent evolutionary expectation of observing an allele in a population based solely on the long-term substitution patterns captured in a multiple sequence alignment. In the neutral theory, EP and population frequencies can be compared to identify neutral and non-neutral alleles. This approach has been used to discover candidate adaptive polymorphisms in humans, which are eForbs segregating with high frequencies. The original method to compute EP requires the evolutionary relationships and divergence times of species in the sequence alignment (a timetree), which are not known with certainty for most datasets. This requirement impedes a general use of the original EP formulation. Here, we present an approach in which the phylogeny and times are inferred from the sequence alignment itself prior to the EP calculation. We evaluate if the modified EP approach produces results that are similar to those from the original method. RESULTS: We compared EP estimates from the original and the modified approaches by using more than 18,000 protein sequence alignments containing orthologous sequences from 46 vertebrate species. For the original EP calculations, we used species relationships from UCSC and divergence times from TimeTree web resource, and the resulting EP estimates were considered to be the ground truth. We found that the modified approaches produced reasonable EP estimates for HGMD disease missense variant and 1000 Genomes Project missense variant datasets. Our results showed that reliable estimates of EP can be obtained without a priori knowledge of the sequence phylogeny and divergence times. We also found that, in order to obtain robust EP estimates, it is important to assemble a dataset with many sequences, sampling from a diversity of species groups. CONCLUSION: We conclude that the modified EP approach will be generally applicable for alignments and enable the detection of potentially neutral, deleterious, and adaptive alleles in populations.",2019,2019-06-25,article,BMC Evolutionary Biology,"Biochemistry, Genetics and Molecular Biology",True,5,openalex_toy
W2960944079,Application of Machine Learning in Transformer Health Index Prediction,"The presented paper aims to establish a strong basis for utilizing machine learning (ML) towards the prediction of the overall insulation health condition of medium voltage distribution transformers based on their oil test results. To validate the presented approach, the ML algorithms were tested on two databases of more than 1000 medium voltage transformer oil samples of ratings in the order of tens of MVA. The oil test results were acquired from in-service transformers (during oil sampling time) of two different utility companies in the gulf region. The illustrated procedure aimed to mimic a realistic scenario of how the utility would benefit from the use of different ML tools towards understanding the insulation health index of their transformers. This objective was achieved using two procedural steps. In the first step, three different data training and testing scenarios were used with several pattern recognition tools for classifying the transformer health condition based on the full set of input test features. In the second step, the same pattern recognition tools were used along with the three training/testing scenarios for a reduced number of test features. Also, a previously developed reduced model was the basis to reduce the needed number of tests for transformer health index calculations. It was found that reducing the number of tests did not influence the accuracy of the ML prediction models, which is considered as a significant advantage in terms of transformer asset management (TAM) cost reduction.",2019,2019-07-14,article,Energies,Engineering,True,74,openalex_toy
W2975161866,Research of Genetic Algorithms for Increasing the Efficiency of Data Routing,"The analysis of peculiarities of constructing genetic algorithms is carried out. The main types of genetic operators are considered. The developed genetic algorithm for determining the route of data transmission in networks with dynamically changing structure is presented. In order to determine the best data transmission path for the target function, it is proposed to use the following structure of genetic operators: selection operator, cross-operator, transcription operator, deletion operator, and reduction operator, the selected types of which together prevent the premature convergence of the genetic algorithm and provide an adaptive approach to population evolution based on the creation of a variety of solutions for “elite” elements and assess their feasibility.",2019,2019-07-01,article,unknown,Computer Science,False,15,openalex_toy
W3003257820,SciPy 1.0: fundamental algorithms for scientific computing in Python,"SciPy is an open-source scientific computing library for the Python programming language. Since its initial release in 2001, SciPy has become a de facto standard for leveraging scientific algorithms in Python, with over 600 unique code contributors, thousands of dependent packages, over 100,000 dependent repositories and millions of downloads per year. In this work, we provide an overview of the capabilities and development practices of SciPy 1.0 and highlight some recent technical developments.",2020,2020-02-03,article,Nature Methods,Computer Science,True,37623,openalex_toy
W3012413426,Calculating the sample size required for developing a clinical prediction model,"Clinical prediction models aim to predict outcomes in individuals, to inform diagnosis or prognosis in healthcare. Hundreds of prediction models are published in the medical literature each year, yet many are developed using a dataset that is too small for the total number of participants or outcome events. This leads to inaccurate predictions and consequently incorrect healthcare decisions for some individuals. In this article, the authors provide guidance on how to calculate the sample size required to develop a clinical prediction model.",2020,2020-03-18,article,BMJ,Decision Sciences,True,2495,openalex_toy
W3035965352,Array programming with NumPy,"Abstract Array programming provides a powerful, compact and expressive syntax for accessing, manipulating and operating on data in vectors, matrices and higher-dimensional arrays. NumPy is the primary array programming library for the Python language. It has an essential role in research analysis pipelines in fields as diverse as physics, chemistry, astronomy, geoscience, biology, psychology, materials science, engineering, finance and economics. For example, in astronomy, NumPy was an important part of the software stack used in the discovery of gravitational waves 1 and in the first imaging of a black hole 2 . Here we review how a few fundamental array concepts lead to a simple and powerful programming paradigm for organizing, exploring and analysing scientific data. NumPy is the foundation upon which the scientific Python ecosystem is constructed. It is so pervasive that several projects, targeting audiences with specialized needs, have developed their own NumPy-like interfaces and array objects. Owing to its central position in the ecosystem, NumPy increasingly acts as an interoperability layer between such array computation libraries and, together with its application programming interface (API), provides a flexible framework to support the next decade of scientific and industrial analysis.",2020,2020-09-16,article,Nature,Computer Science,True,22065,openalex_toy
W3082188176,2020 ESC Guidelines for the diagnosis and management of atrial fibrillation developed in collaboration with the European Association for Cardio-Thoracic Surgery (EACTS),"TEST 02 - Elsevier's Scopus, the largest abstract and citation database of peer-reviewed literature. Search and access research from the science, technology, medicine, social sciences and arts and humanities fields.",2020,2020-07-17,article,European Heart Journal,Medicine,True,9886,openalex_toy
W3092849554,"Global burden of 369 diseases and injuries in 204 countries and territories, 1990–2019: a systematic analysis for the Global Burden of Disease Study 2019","BACKGROUND: In an era of shifting global agendas and expanded emphasis on non-communicable diseases and injuries along with communicable diseases, sound evidence on trends by cause at the national level is essential. The Global Burden of Diseases, Injuries, and Risk Factors Study (GBD) provides a systematic scientific assessment of published, publicly available, and contributed data on incidence, prevalence, and mortality for a mutually exclusive and collectively exhaustive list of diseases and injuries. METHODS: GBD estimates incidence, prevalence, mortality, years of life lost (YLLs), years lived with disability (YLDs), and disability-adjusted life-years (DALYs) due to 369 diseases and injuries, for two sexes, and for 204 countries and territories. Input data were extracted from censuses, household surveys, civil registration and vital statistics, disease registries, health service use, air pollution monitors, satellite imaging, disease notifications, and other sources. Cause-specific death rates and cause fractions were calculated using the Cause of Death Ensemble model and spatiotemporal Gaussian process regression. Cause-specific deaths were adjusted to match the total all-cause deaths calculated as part of the GBD population, fertility, and mortality estimates. Deaths were multiplied by standard life expectancy at each age to calculate YLLs. A Bayesian meta-regression modelling tool, DisMod-MR 2.1, was used to ensure consistency between incidence, prevalence, remission, excess mortality, and cause-specific mortality for most causes. Prevalence estimates were multiplied by disability weights for mutually exclusive sequelae of diseases and injuries to calculate YLDs. We considered results in the context of the Socio-demographic Index (SDI), a composite indicator of income per capita, years of schooling, and fertility rate in females younger than 25 years. Uncertainty intervals (UIs) were generated for every metric using the 25th and 975th ordered 1000 draw values of the posterior distribution. FINDINGS: Global health has steadily improved over the past 30 years as measured by age-standardised DALY rates. After taking into account population growth and ageing, the absolute number of DALYs has remained stable. Since 2010, the pace of decline in global age-standardised DALY rates has accelerated in age groups younger than 50 years compared with the 1990-2010 time period, with the greatest annualised rate of decline occurring in the 0-9-year age group. Six infectious diseases were among the top ten causes of DALYs in children younger than 10 years in 2019: lower respiratory infections (ranked second), diarrhoeal diseases (third), malaria (fifth), meningitis (sixth), whooping cough (ninth), and sexually transmitted infections (which, in this age group, is fully accounted for by congenital syphilis; ranked tenth). In adolescents aged 10-24 years, three injury causes were among the top causes of DALYs: road injuries (ranked first), self-harm (third), and interpersonal violence (fifth). Five of the causes that were in the top ten for ages 10-24 years were also in the top ten in the 25-49-year age group: road injuries (ranked first), HIV/AIDS (second), low back pain (fourth), headache disorders (fifth), and depressive disorders (sixth). In 2019, ischaemic heart disease and stroke were the top-ranked causes of DALYs in both the 50-74-year and 75-years-and-older age groups. Since 1990, there has been a marked shift towards a greater proportion of burden due to YLDs from non-communicable diseases and injuries. In 2019, there were 11 countries where non-communicable disease and injury YLDs constituted more than half of all disease burden. Decreases in age-standardised DALY rates have accelerated over the past decade in countries at the lower end of the SDI range, while improvements have started to stagnate or even reverse in countries with higher SDI. INTERPRETATION: As disability becomes an increasingly large component of disease burden and a larger component of health expenditure, greater research and development investment is needed to identify new, more effective intervention strategies. With a rapidly ageing global population, the demands on health services to deal with disabling outcomes, which increase with age, will require policy makers to anticipate these changes. The mix of universal and more geographically specific influences on health reinforces the need for regular reporting on population health in detail and by underlying cause to help decision makers to identify success stories of disease control to emulate, as well as opportunities to improve. FUNDING: Bill & Melinda Gates Foundation.",2020,2020-10-01,article,The Lancet,Medicine,True,19114,openalex_toy
W3113178943,"Global Burden of Cardiovascular Diseases and Risk Factors, 1990–2019","Cardiovascular diseases (CVDs), principally ischemic heart disease (IHD) and stroke, are the leading cause of global mortality and a major contributor to disability. This paper reviews the magnitude of total CVD burden, including 13 underlying causes of cardiovascular death and 9 related risk factors, using estimates from the Global Burden of Disease (GBD) Study 2019. GBD, an ongoing multinational collaboration to provide comparable and consistent estimates of population health over time, used all available population-level data sources on incidence, prevalence, case fatality, mortality, and health risks to produce estimates for 204 countries and territories from 1990 to 2019. Prevalent cases of total CVD nearly doubled from 271 million (95% uncertainty interval [UI]: 257 to 285 million) in 1990 to 523 million (95% UI: 497 to 550 million) in 2019, and the number of CVD deaths steadily increased from 12.1 million (95% UI:11.4 to 12.6 million) in 1990, reaching 18.6 million (95% UI: 17.1 to 19.7 million) in 2019. The global trends for disability-adjusted life years (DALYs) and years of life lost also increased significantly, and years lived with disability doubled from 17.7 million (95% UI: 12.9 to 22.5 million) to 34.4 million (95% UI:24.9 to 43.6 million) over that period. The total number of DALYs due to IHD has risen steadily since 1990, reaching 182 million (95% UI: 170 to 194 million) DALYs, 9.14 million (95% UI: 8.40 to 9.74 million) deaths in the year 2019, and 197 million (95% UI: 178 to 220 million) prevalent cases of IHD in 2019. The total number of DALYs due to stroke has risen steadily since 1990, reaching 143 million (95% UI: 133 to 153 million) DALYs, 6.55 million (95% UI: 6.00 to 7.02 million) deaths in the year 2019, and 101 million (95% UI: 93.2 to 111 million) prevalent cases of stroke in 2019. Cardiovascular diseases remain the leading cause of disease burden in the world. CVD burden continues its decades-long rise for almost all countries outside high-income countries, and alarmingly, the age-standardized rate of CVD has begun to rise in some locations where it was previously declining in high-income countries. There is an urgent need to focus on implementing existing cost-effective policies and interventions if the world is to meet the targets for Sustainable Development Goal 3 and achieve a 30% reduction in premature mortality due to noncommunicable diseases.",2020,2020-12-01,review,Journal of the American College of Cardiology,Medicine,True,10991,openalex_toy
W3118615836,The PRISMA 2020 statement: an updated guideline for reporting systematic reviews,"The Preferred Reporting Items for Systematic reviews and Meta-Analyses (PRISMA) statement, published in 2009, was designed to help systematic reviewers transparently report why the review was done, what the authors did, and what they found. Over the past decade, advances in systematic review methodology and terminology have necessitated an update to the guideline. The PRISMA 2020 statement replaces the 2009 statement and includes new reporting guidance that reflects advances in methods to identify, select, appraise, and synthesise studies. The structure and presentation of the items have been modified to facilitate implementation. In this article, we present the PRISMA 2020 27-item checklist, an expanded checklist that details reporting recommendations for each item, the PRISMA 2020 abstract checklist, and the revised flow diagrams for original and updated reviews.",2021,2021-03-29,article,BMJ,Decision Sciences,True,93659,openalex_toy
W3123893780,PRISMA 2020 explanation and elaboration: updated guidance and exemplars for reporting systematic reviews,"The PRISMA 2020 statement includes a checklist of 27 items to guide reporting of systematic reviews In this article we explain why reporting of each item is recommended, present bullet points that detail the reporting recommendations, and present examples from published reviews We hope that uptake of the PRISMA 2020 statement will lead to more transparent, complete, and accurate reporting of systematic reviews, thus facilitating evidence based decision making on 1 September",2021,2021-03-29,article,BMJ,Decision Sciences,True,10870,openalex_toy
W3127157950,Clinician checklist for assessing suitability of machine learning applications in healthcare,"Machine learning algorithms are being used to screen and diagnose disease, prognosticate and predict therapeutic responses. Hundreds of new algorithms are being developed, but whether they improve clinical decision making and patient outcomes remains uncertain. If clinicians are to use algorithms, they need to be reassured that key issues relating to their validity, utility, feasibility, safety and ethical use have been addressed. We propose a checklist of 10 questions that clinicians can ask of those advocating for the use of a particular algorithm, but which do not expect clinicians, as non-experts, to demonstrate mastery over what can be highly complex statistical and computational concepts. The questions are: (1) What is the purpose and context of the algorithm? (2) How good were the data used to train the algorithm? (3) Were there sufficient data to train the algorithm? (4) How well does the algorithm perform? (5) Is the algorithm transferable to new clinical settings? (6) Are the outputs of the algorithm clinically intelligible? (7) How will this algorithm fit into and complement current workflows? (8) Has use of the algorithm been shown to improve patient care and outcomes? (9) Could the algorithm cause patient harm? and (10) Does use of the algorithm raise ethical, legal or social concerns? We provide examples where an algorithm may raise concerns and apply the checklist to a recent review of diagnostic imaging applications. This checklist aims to assist clinicians in assessing algorithm readiness for routine care and identify situations where further refinement and evaluation is required prior to large-scale use.",2021,2021-02-01,article,BMJ Health & Care Informatics,Medicine,True,141,openalex_toy
W3137936984,Machine learning prediction models in orthopedic surgery: A systematic review in transparent reporting,"Machine learning (ML) studies are becoming increasingly popular in orthopedics but lack a critically appraisal of their adherence to peer-reviewed guidelines. The objective of this review was to (1) evaluate quality and transparent reporting of ML prediction models in orthopedic surgery based on the transparent reporting of multivariable prediction models for individual prognosis or diagnosis (TRIPOD), and (2) assess risk of bias with the Prediction model Risk Of Bias ASsessment Tool. A systematic review was performed to identify all ML prediction studies published in orthopedic surgery through June 18th, 2020. After screening 7138 studies, 59 studies met the study criteria and were included. Two reviewers independently extracted data and discrepancies were resolved by discussion with at least two additional reviewers present. Across all studies, the overall median completeness for the TRIPOD checklist was 53% (interquartile range 47%-60%). The overall risk of bias was low in 44% (n = 26), high in 41% (n = 24), and unclear in 15% (n = 9). High overall risk of bias was driven by incomplete reporting of performance measures, inadequate handling of missing data, and use of small datasets with inadequate outcome numbers. Although the number of ML studies in orthopedic surgery is increasing rapidly, over 40% of the existing models are at high risk of bias. Furthermore, over half incompletely reported their methods and/or performance measures. Until these issues are adequately addressed to give patients and providers trust in ML models, a considerable gap remains between the development of ML prediction models and their implementation in orthopedic practice.",2021,2021-03-18,review,Journal of Orthopaedic Research®,Medicine,True,77,openalex_toy
W3144543375,The PRISMA 2020 statement: an updated guideline for reporting systematic reviews,"The Preferred Reporting Items for Systematic reviews and Meta-Analyses (PRISMA) statement, published in 2009, was designed to help systematic reviewers transparently report why the review was done, what the authors did, and what they found. Over the past decade, advances in systematic review methodology and terminology have necessitated an update to the guideline. The PRISMA 2020 statement replaces the 2009 statement and includes new reporting guidance that reflects advances in methods to identify, select, appraise, and synthesise studies. The structure and presentation of the items have been modified to facilitate implementation. In this article, we present the PRISMA 2020 27-item checklist, an expanded checklist that details reporting recommendations for each item, the PRISMA 2020 abstract checklist, and the revised flow diagrams for original and updated reviews.",2021,2021-03-29,article,Systematic Reviews,Decision Sciences,True,13432,openalex_toy
W3146142859,The PRISMA 2020 statement: An updated guideline for reporting systematic reviews,"The Preferred Reporting Items for Systematic reviews and Meta-Analyses (PRISMA) statement, published in 2009, was designed to help systematic reviewers transparently report why the review was done, what the authors did, and what they found. Over the past decade, advances in systematic review methodology and terminology have necessitated an update to the guideline. The PRISMA 2020 statement replaces the 2009 statement and includes new reporting guidance that reflects advances in methods to identify, select, appraise, and synthesise studies. The structure and presentation of the items have been modified to facilitate implementation. In this article, we present the PRISMA 2020 27-item checklist, an expanded checklist that details reporting recommendations for each item, the PRISMA 2020 abstract checklist, and the revised flow diagrams for original and updated reviews.",2021,2021-03-29,article,International Journal of Surgery,Decision Sciences,True,11425,openalex_toy
W3157518401,Equity in essence: a call for operationalising fairness in machine learning for healthcare,"Values are embedded throughout the MLHC pipeline, from the design of models, to the execution and reporting of trials, to the regulatory approval process. Guidelines hold significant power in defining what is worthy of emphasis. While fairness is essential to the impact and consequences of MLHC tools, the concept is often conspicuously absent or ineffectually vague in emerging guidelines. The field of machine MLHC has the opportunity at this juncture to render fairness integral to the identity field. We call on the MLHC community to commit to the project of operationalising fairness, and to emphasise fairness as a requirement in practice.",2021,2021-04-01,article,BMJ Health & Care Informatics,Medicine,True,107,openalex_toy
W3177828909,Highly accurate protein structure prediction with AlphaFold,"Abstract Proteins are essential to life, and understanding their structure can facilitate a mechanistic understanding of their function. Through an enormous experimental effort 1–4 , the structures of around 100,000 unique proteins have been determined 5 , but this represents a small fraction of the billions of known protein sequences 6,7 . Structural coverage is bottlenecked by the months to years of painstaking effort required to determine a single protein structure. Accurate computational approaches are needed to address this gap and to enable large-scale structural bioinformatics. Predicting the three-dimensional structure that a protein will adopt based solely on its amino acid sequence—the structure prediction component of the ‘protein folding problem’ 8 —has been an important open research problem for more than 50 years 9 . Despite recent progress 10–14 , existing methods fall far short of atomic accuracy, especially when no homologous structure is available. Here we provide the first computational method that can regularly predict protein structures with atomic accuracy even in cases in which no similar structure is known. We validated an entirely redesigned version of our neural network-based model, AlphaFold, in the challenging 14th Critical Assessment of protein Structure Prediction (CASP14) 15 , demonstrating accuracy competitive with experimental structures in a majority of cases and greatly outperforming other methods. Underpinning the latest version of AlphaFold is a novel machine learning approach that incorporates physical and biological knowledge about protein structure, leveraging multi-sequence alignments, into the design of the deep learning algorithm.",2021,2021-07-15,article,Nature,"Biochemistry, Genetics and Molecular Biology",True,44856,openalex_toy
W3195820203,Geometric deep learning of RNA structure,"RNA molecules adopt three-dimensional structures that are critical to their function and of interest in drug discovery. Few RNA structures are known, however, and predicting them computationally has proven challenging. We introduce a machine learning approach that enables identification of accurate structural models without assumptions about their defining characteristics, despite being trained with only 18 known RNA structures. The resulting scoring function, the Atomic Rotationally Equivariant Scorer (ARES), substantially outperforms previous methods and consistently produces the best results in community-wide blind RNA structure prediction challenges. By learning effectively even from a small amount of data, our approach overcomes a major limitation of standard deep neural networks. Because it uses only atomic coordinates as inputs and incorporates no RNA-specific information, this approach is applicable to diverse problems in structural biology, chemistry, materials science, and beyond.",2021,2021-08-26,article,Science,"Biochemistry, Genetics and Molecular Biology",True,443,openalex_toy
W3201073812,"LAMMPS - a flexible simulation tool for particle-based materials modeling at the atomic, meso, and continuum scales","Since the classical molecular dynamics simulator LAMMPS was released as an open source code in 2004, it has become a widely-used tool for particle-based modeling of materials at length scales ranging from atomic to mesoscale to continuum. Reasons for its popularity are that it provides a wide variety of particle interaction models for different materials, that it runs on any platform from a single CPU core to the largest supercomputers with accelerators, and that it gives users control over simulation details, either via the input script or by adding code for new interatomic potentials, constraints, diagnostics, or other features needed for their models. As a result, hundreds of people have contributed new capabilities to LAMMPS and it has grown from fifty thousand lines of code in 2004 to a million lines today. In this paper several of the fundamental algorithms used in LAMMPS are described along with the design strategies which have made it flexible for both users and developers. We also highlight some capabilities recently added to the code which were enabled by this flexibility, including dynamic load balancing, on-the-fly visualization, magnetic spin dynamics models, and quantum-accuracy machine learning interatomic potentials. Program Title: Large-scale Atomic/Molecular Massively Parallel Simulator (LAMMPS) CPC Library link to program files: https://doi.org/10.17632/cxbxs9btsv.1 Developer's repository link: https://github.com/lammps/lammps Licensing provisions: GPLv2 Programming language: C++, Python, C, Fortran Supplementary material: https://www.lammps.org Nature of problem: Many science applications in physics, chemistry, materials science, and related fields require parallel, scalable, and efficient generation of long, stable classical particle dynamics trajectories. Within this common problem definition, there lies a great diversity of use cases, distinguished by different particle interaction models, external constraints, as well as timescales and lengthscales ranging from atomic to mesoscale to macroscopic. Solution method: The LAMMPS code uses parallel spatial decomposition, distributed neighbor lists, and parallel FFTs for long-range Coulombic interactions [1]. The time integration algorithm is based on the Størmer-Verlet symplectic integrator [2], which provides better stability than higher-order non-symplectic methods. In addition, LAMMPS supports a wide range of interatomic potentials, constraints, diagnostics, software interfaces, and pre- and post-processing features. Additional comments including restrictions and unusual features: This paper serves as the definitive reference for the LAMMPS code. S. Plimpton, Fast parallel algorithms for short-range molecular dynamics. J. Comp. Phys. 117 (1995) 1–19. L. Verlet, Computer experiments on classical fluids: I. Thermodynamical properties of Lennard–Jones molecules, Phys. Rev. 159 (1967) 98–103.",2021,2021-09-22,article,Computer Physics Communications,Materials Science,True,11403,openalex_toy
W379390718,Coarse-Graining of Condensed Phase and Biomolecular Systems,"Exploring recent developments in the field, Coarse-Graining of Condensed Phase and Biomolecular Systems examines systematic ways of constructing coarse-grained representations for complex systems. It explains how this approach can be used in the simulation and modeling of condensed phase and biomolecular systems. Each chapter focuses on s",2008,2008-09-22,book,unknown,"Biochemistry, Genetics and Molecular Biology",True,697,openalex_toy
W4200139236,InteractionGraphNet: A Novel and Efficient Deep Graph Representation Learning Framework for Accurate Protein–Ligand Interaction Predictions,"Accurate quantification of protein-ligand interactions remains a key challenge to structure-based drug design. However, traditional machine learning (ML)-based methods based on handcrafted descriptors, one-dimensional protein sequences, and/or two-dimensional graph representations limit their capability to learn the generalized molecular interactions in 3D space. Here, we proposed a novel deep graph representation learning framework named InteractionGraphNet (IGN) to learn the protein-ligand interactions from the 3D structures of protein-ligand complexes. In IGN, two independent graph convolution modules were stacked to sequentially learn the intramolecular and intermolecular interactions, and the learned intermolecular interactions can be efficiently used for subsequent tasks. Extensive binding affinity prediction, large-scale structure-based virtual screening, and pose prediction experiments demonstrated that IGN achieved better or competitive performance against other state-of-the-art ML-based baselines and docking programs. More importantly, such state-of-the-art performance was proven from the successful learning of the key features in protein-ligand interactions instead of just memorizing certain biased patterns from data.",2021,2021-12-08,article,Journal of Medicinal Chemistry,Computer Science,False,246,openalex_toy
W4206665973,The Human Proteoform Atlas: a FAIR community resource for experimentally derived proteoforms,"The Human Proteoform Atlas (HPfA) is a web-based repository of experimentally verified human proteoforms on-line at http://human-proteoform-atlas.org and is a direct descendant of the Consortium of Top-Down Proteomics' (CTDP) Proteoform Atlas. Proteoforms are the specific forms of protein molecules expressed by our cells and include the unique combination of post-translational modifications (PTMs), alternative splicing and other sources of variation deriving from a specific gene. The HPfA uses a FAIR system to assign persistent identifiers to proteoforms which allows for redundancy calling and tracking from prior and future studies in the growing community of proteoform biology and measurement. The HPfA is organized around open ontologies and enables flexible classification of proteoforms. To achieve this, a public registry of experimentally verified proteoforms was also created. Submission of new proteoforms can be processed through email vianrtdphelp@northwestern.edu, and future iterations of these proteoform atlases will help to organize and assign function to proteoforms, their PTMs and their complexes in the years ahead.",2021,2021-11-15,article,Nucleic Acids Research,Chemistry,True,39,openalex_toy
W4210703933,Logistic regression analysis for studying the impact of home quarantine on psychological health during COVID-19 in Saudi Arabia,"During the Coronavirus disease (COVID-19) period, the world witnessed a complete closure of all aspects of social life, and people must go for home quarantine to limit the spread of Corona virus disease. This study aims to use multiple logistic regression model (MLR) to identify the impact of home quarantine on psychological stability of individuals and its relationship to various factors. Maximum likelihood is used to estimate the parameters of MLR. Hosmer-Lemeshow method and Wald statistic are calculated to assess the significance of MLR. Cross sectional study was carried out and MLR was fitted to the collected data. This study applied to 846 residents of Makkah region during the COVID-19 period. High percentage of respondents felt psychological stability during the period of home quarantine. Logistic regression model showed that education level and psychological disorders during home quarantine were the significant risk factors for psychological stability during COVID-19. In addition, the positive impact of the home quarantine that people became more attention to their health, more interested to self-development and the families become close to each other. On the other hand, people on private employee or unemployed had psychological disorders more than others due to home quarantine and decrease their income.",2022,2022-01-31,article,Alexandria Engineering Journal,Psychology,True,26,openalex_toy
W4251751280,MEGA11: Molecular Evolutionary Genetics Analysis Version 11,"Abstract The Molecular Evolutionary Genetics Analysis (MEGA) software has matured to contain a large collection of methods and tools of computational molecular evolution. Here, we describe new additions that make MEGA a more comprehensive tool for building timetrees of species, pathogens, and gene families using rapid relaxed-clock methods. Methods for estimating divergence times and confidence intervals are implemented to use probability densities for calibration constraints for node-dating and sequence sampling dates for tip-dating analyses. They are supported by new options for tagging sequences with spatiotemporal sampling information, an expanded interactive Node Calibrations Editor, and an extended Tree Explorer to display timetrees. Also added is a Bayesian method for estimating neutral evolutionary probabilities of alleles in a species using multispecies sequence alignments and a machine learning method to test for the autocorrelation of evolutionary rates in phylogenies. The computer memory requirements for the maximum likelihood analysis are reduced significantly through reprogramming, and the graphical user interface has been made more responsive and interactive for very big data sets. These enhancements will improve the user experience, quality of results, and the pace of biological discovery. Natively compiled graphical user interface and command-line versions of MEGA11 are available for Microsoft Windows, Linux, and macOS from www.megasoftware.net.",2021,2021-04-22,article,Molecular Biology and Evolution,"Biochemistry, Genetics and Molecular Biology",True,21948,openalex_toy
W4309674289,Survey of Hallucination in Natural Language Generation,"Natural Language Generation (NLG) has improved exponentially in recent years thanks to the development of sequence-to-sequence deep learning technologies such as Transformer-based language models. This advancement has led to more fluent and coherent NLG, leading to improved development in downstream tasks such as abstractive summarization, dialogue generation, and data-to-text generation. However, it is also apparent that deep learning based generation is prone to hallucinate unintended text, which degrades the system performance and fails to meet user expectations in many real-world scenarios. To address this issue, many studies have been presented in measuring and mitigating hallucinated texts, but these have never been reviewed in a comprehensive manner before. In this survey, we thus provide a broad overview of the research progress and challenges in the hallucination problem in NLG. The survey is organized into two parts: (1) a general overview of metrics, mitigation methods, and future directions, and (2) an overview of task-specific research progress on hallucinations in the following downstream tasks, namely abstractive summarization, dialogue generation, generative question answering, data-to-text generation, and machine translation. This survey serves to facilitate collaborative efforts among researchers in tackling the challenge of hallucinated texts in NLG.",2022,2022-11-17,review,ACM Computing Surveys,Computer Science,False,3460,openalex_toy
W4324143928,AlphaFold2 and its applications in the fields of biology and medicine,"AlphaFold2 (AF2) is an artificial intelligence (AI) system developed by DeepMind that can predict three-dimensional (3D) structures of proteins from amino acid sequences with atomic-level accuracy. Protein structure prediction is one of the most challenging problems in computational biology and chemistry, and has puzzled scientists for 50 years. The advent of AF2 presents an unprecedented progress in protein structure prediction and has attracted much attention. Subsequent release of structures of more than 200 million proteins predicted by AF2 further aroused great enthusiasm in the science community, especially in the fields of biology and medicine. AF2 is thought to have a significant impact on structural biology and research areas that need protein structure information, such as drug discovery, protein design, prediction of protein function, et al. Though the time is not long since AF2 was developed, there are already quite a few application studies of AF2 in the fields of biology and medicine, with many of them having preliminarily proved the potential of AF2. To better understand AF2 and promote its applications, we will in this article summarize the principle and system architecture of AF2 as well as the recipe of its success, and particularly focus on reviewing its applications in the fields of biology and medicine. Limitations of current AF2 prediction will also be discussed.",2023,2023-03-14,review,Signal Transduction and Targeted Therapy,"Biochemistry, Genetics and Molecular Biology",True,557,openalex_toy
W4327893407,Metal‐Mediated DNA Nanotechnology in 3D: Structural Library by Templated Diffraction,"ions between pyrimidine:pyrimidine pairs with the promise of nanoelectronics. Rational design of mmDNA nanomaterials has been impractical without a complete lexical and structural description. Here, we explore the programmability of structural DNA nanotechnology toward its founding mission of self-assembling a diffraction platform for biomolecular structure determination. We employed the tensegrity triangle to build a comprehensive structural library of mmDNA pairs via X-ray diffraction and elucidated generalized design rules for mmDNA construction. We uncovered two binding modes: N3-dominant, centrosymmetric pairs and major groove binders driven by 5-position ring modifications. Energy gap calculations showed additional levels in the lowest unoccupied molecular orbitals (LUMO) of mmDNA structures, rendering them attractive molecular electronic candidates. This article is protected by copyright. All rights reserved.",2023,2023-03-20,article,Advanced Materials,"Biochemistry, Genetics and Molecular Biology",False,5,openalex_toy
W4391109864,Segment anything in medical images,"Medical image segmentation is a critical component in clinical practice, facilitating accurate diagnosis, treatment planning, and disease monitoring. However, existing methods, often tailored to specific modalities or disease types, lack generalizability across the diverse spectrum of medical image segmentation tasks. Here we present MedSAM, a foundation model designed for bridging this gap by enabling universal medical image segmentation. The model is developed on a large-scale medical image dataset with 1,570,263 image-mask pairs, covering 10 imaging modalities and over 30 cancer types. We conduct a comprehensive evaluation on 86 internal validation tasks and 60 external validation tasks, demonstrating better accuracy and robustness than modality-wise specialist models. By delivering accurate and efficient segmentation across a wide spectrum of tasks, MedSAM holds significant potential to expedite the evolution of diagnostic tools and the personalization of treatment plans.",2024,2024-01-22,article,Nature Communications,Computer Science,True,2365,openalex_toy
W4391649568,Minimal information for studies of extracellular vesicles (MISEV2023): From basic to advanced approaches,"Extracellular vesicles (EVs), through their complex cargo, can reflect the state of their cell of origin and change the functions and phenotypes of other cells. These features indicate strong biomarker and therapeutic potential and have generated broad interest, as evidenced by the steady year-on-year increase in the numbers of scientific publications about EVs. Important advances have been made in EV metrology and in understanding and applying EV biology. However, hurdles remain to realising the potential of EVs in domains ranging from basic biology to clinical applications due to challenges in EV nomenclature, separation from non-vesicular extracellular particles, characterisation and functional studies. To address the challenges and opportunities in this rapidly evolving field, the International Society for Extracellular Vesicles (ISEV) updates its 'Minimal Information for Studies of Extracellular Vesicles', which was first published in 2014 and then in 2018 as MISEV2014 and MISEV2018, respectively. The goal of the current document, MISEV2023, is to provide researchers with an updated snapshot of available approaches and their advantages and limitations for production, separation and characterisation of EVs from multiple sources, including cell culture, body fluids and solid tissues. In addition to presenting the latest state of the art in basic principles of EV research, this document also covers advanced techniques and approaches that are currently expanding the boundaries of the field. MISEV2023 also includes new sections on EV release and uptake and a brief discussion of in vivo approaches to study EVs. Compiling feedback from ISEV expert task forces and more than 1000 researchers, this document conveys the current state of EV research to facilitate robust scientific discoveries and move the field forward even more rapidly.",2024,2024-02-01,article,Journal of Extracellular Vesicles,"Biochemistry, Genetics and Molecular Biology",True,3585,openalex_toy
W4392664198,Using Convolutional Neural Network to Design and Predict the Forces and Kinematic Performance and External Rotation Moment of the Hip Joint in the Pelvis,"In order to improve the dynamic and kinematic adaptability of the hip joint, this paper presented a control attitude and kinematics and torque of the hip joint with power based neural network control. The CNN neural network uses input data only from the limb designed by the medical software, and is trained by different natural and artificially altered step patterns of healthy individuals. This type of network has been used for deep learning to realize adaptive speed control, dynamic and motion attitude, as well as prediction of force and torque performance. Detailed movement and torque tests were performed using MIMICS and ANATOMY AND PHYSIOLOGY software, and the obtained data were checked and varied by a healthy person, and finally, the test results showed that the neural network control system was able to control the selection. It has a variable and high speed with proper adaptation in various conditions. Finally, MATLAB software was used to design and predict the data of the problem, and favorable results were obtained.",2024,2024-02-23,article,International Journal of Innovative Science and Research Technology (IJISRT),Medicine,True,511,openalex_toy
W4392984727,"The Ryerson Audio-Visual Database of Emotional Speech and Song (RAVDESS): A dynamic, multimodal set of facial and vocal expressions in North American English","&lt;p&gt;The RAVDESS is a validated multimodal database of emotional speech and song. The database is gender balanced consisting of 24 professional actors, vocalizing lexically-matched statements in a neutral North American accent. Speech includes calm, happy, sad, angry, fearful, surprise, and disgust expressions, and song contains calm, happy, sad, angry, and fearful emotions. Each expression is produced at two levels of emotional intensity, with an additional neutral expression. All conditions are available in face-and-voice, face-only, and voice-only formats. The set of 7356 recordings were each rated 10 times on emotional validity, intensity, and genuineness. Ratings were provided by 247 individuals who were characteristic of untrained research participants from North America. A further set of 72 participants provided test-retest data. High levels of emotional validity and test-retest intrarater reliability were reported. Corrected accuracy and composite ""goodness"" measures are presented to assist researchers in the selection of stimuli. All recordings are made freely available under a Creative Commons license and can be downloaded at &lt;a href=""https://doi.org/10.5281/zenodo.1188976"" target=""_blank""&gt;&lt;u&gt;https://doi.org/10.5281/zenodo.1188976&lt;/u&gt;&lt;/a&gt;.&lt;/p&gt;",2024,2024-03-20,preprint,unknown,Psychology,True,3,openalex_toy
W4393183306,Loss of Life Transformer Prediction Based on Stacking Ensemble Improved by Genetic Algorithm By IJISRT,"Prediction for loss of life transfomer is very important to ensure the reliability and efficiency of the power system. In this paper, an innovative model is proposed to improve the accuracy of lost of life transfomer prediction using stacking ensembles enhanced with genetic algorithm (GA). The aim is to develop a robust model to estimate the remaining life of a transformer in order to generally increase the reliability of the electrical energy distribution system. This approach involves integrating various machine learning models as a basic model, namely Support Vector Machines (SVM) and K-Nearest Neighbor (KNN). A stacking ensemble framework is then used to combine the predictions of these base models using a meta model namely Logistic Regression (LR). The results show a significant improvement in both transformers using stacking-GA, both TR-A and TR-B, with each prediction evaluation 99% and with a minimal error rate, namely approaching 0.the developed framework presents a promising solution for accurate and reliable transformer life prediction. By integrating a variety of basic models, applying improved stacking layouts using GA, these models offer valuable insights to improve maintenance strategies and system reliability in power grids.",2024,2024-03-26,article,International Journal of Innovative Science and Research Technology (IJISRT),Engineering,True,1320,openalex_toy
W4393278153,High Efficiency In vitro Whole Plant Regeneration via Desiccated Callus in Oryza sativa cv. MTU1010,"For most people across the planet, rice is also considered as most beneficial crops in terms of fulfilling every day's energy and nutritional needs. Worldwide food safety is seriously threatened since severe limitations on rice output caused by both abiotic and biotic variables. Even though rice features much more developed regeneration mechanism than other agricultural crops, majority of desi cultivars continue to stay as impervious to genetic alterations and regeneration. Therefore, among preliminary steps in the transgenic plant generation necessitates to improve tissue culture procedures to produce viable plants via embryogenic calli mediated regeneration. In this study, we reporting that enhanced rate of plant regeneration was observed from mature seed-derived embryogenic calli of the indica rice cultivar MTU1010 following partially desiccation procedure. We studied the effects of several plant growth regulators on the efficiency of inducing embryogenic callus and regeneration of whole plantlets. The MS-CIM medium with 2.0 mg-1 2,4, D showed the highest callus induction percentage. Maximum rate of shoot regeneration (92%) was observed from 48hr partially dehydrated calli, when enriched with high cytokinin (2 mg/l kinetin) and lower auxin (0.5 mg/l NAA) concentrations. Calli that had been moderately dehydrated showed significantly greater regeneration rates than undehydrated calli. Upon being transferred onto a rooting medium, the well-rooted plantlets were shifted to shaded glass house for hardening. Hence, this approach is rather simple to apply and can be employed in genetic modification studies alongside other biotechnological endeavours.",2024,2024-03-28,article,International Journal of Innovative Science and Research Technology (IJISRT),"Biochemistry, Genetics and Molecular Biology",True,407,openalex_toy
W4394013229,Power Generation from Footsteps by Using Piezoelectric Sensor,"Day by day the use of electricity has been increasing, hence it is necessary to generate electricity using a nonconventional system for conserving natural resources. Here we propose an advanced power generation system using footsteps. The system consists of piezoelectric sensors, Arduino UNO, LCD Display, PIC microcontroller, voltage boosters, battery, LDR and a socket for mobile charging. When the footstep pressure is applied on the piezoelectric sensor, it generates voltage, which in further generates electrical power. The sensors are placed in such an arrangement so as to generate maximum output of voltage. This is then provided to our monitoring circuit. By using this system, maximum voltage obtained is 22 Volt per step and minimum 1 Volt per step. By observing the footsteps at railway station, the power generated by piezoelectric sensor in 24 hours is approx. 78.4Volts.",2024,2024-04-06,article,International Journal of Innovative Science and Research Technology (IJISRT),Engineering,True,419,openalex_toy
W4394857110,TRIPOD+AI statement: updated guidance for reporting clinical prediction models that use regression or machine learning methods,"The TRIPOD (Transparent Reporting of a multivariable prediction model for Individual Prognosis Or Diagnosis) statement was published in 2015 to provide the minimum reporting recommendations for studies developing or evaluating the performance of a prediction model. Methodological advances in the field of prediction have since included the widespread use of artificial intelligence (AI) powered by machine learning methods to develop prediction models. An update to the TRIPOD statement is thus needed. TRIPOD+AI provides harmonised guidance for reporting prediction model studies, irrespective of whether regression modelling or machine learning methods have been used. The new checklist supersedes the TRIPOD 2015 checklist, which should no longer be used. This article describes the development of TRIPOD+AI and presents the expanded 27 item checklist with more detailed explanation of each reporting recommendation, and the TRIPOD+AI for Abstracts checklist. TRIPOD+AI aims to promote the complete, accurate, and transparent reporting of studies that develop a prediction model or evaluate its performance. Complete reporting will facilitate study appraisal, model evaluation, and model implementation.",2024,2024-04-16,article,BMJ,Medicine,True,2065,openalex_toy
W4394894573,"Global incidence, prevalence, years lived with disability (YLDs), disability-adjusted life-years (DALYs), and healthy life expectancy (HALE) for 371 diseases and injuries in 204 countries and territories and 811 subnational locations, 1990–2021: a systematic analysis for the Global Burden of Disease Study 2021","BACKGROUND: Detailed, comprehensive, and timely reporting on population health by underlying causes of disability and premature death is crucial to understanding and responding to complex patterns of disease and injury burden over time and across age groups, sexes, and locations. The availability of disease burden estimates can promote evidence-based interventions that enable public health researchers, policy makers, and other professionals to implement strategies that can mitigate diseases. It can also facilitate more rigorous monitoring of progress towards national and international health targets, such as the Sustainable Development Goals. For three decades, the Global Burden of Diseases, Injuries, and Risk Factors Study (GBD) has filled that need. A global network of collaborators contributed to the production of GBD 2021 by providing, reviewing, and analysing all available data. GBD estimates are updated routinely with additional data and refined analytical methods. GBD 2021 presents, for the first time, estimates of health loss due to the COVID-19 pandemic. METHODS: The GBD 2021 disease and injury burden analysis estimated years lived with disability (YLDs), years of life lost (YLLs), disability-adjusted life-years (DALYs), and healthy life expectancy (HALE) for 371 diseases and injuries using 100 983 data sources. Data were extracted from vital registration systems, verbal autopsies, censuses, household surveys, disease-specific registries, health service contact data, and other sources. YLDs were calculated by multiplying cause-age-sex-location-year-specific prevalence of sequelae by their respective disability weights, for each disease and injury. YLLs were calculated by multiplying cause-age-sex-location-year-specific deaths by the standard life expectancy at the age that death occurred. DALYs were calculated by summing YLDs and YLLs. HALE estimates were produced using YLDs per capita and age-specific mortality rates by location, age, sex, year, and cause. 95% uncertainty intervals (UIs) were generated for all final estimates as the 2·5th and 97·5th percentiles values of 500 draws. Uncertainty was propagated at each step of the estimation process. Counts and age-standardised rates were calculated globally, for seven super-regions, 21 regions, 204 countries and territories (including 21 countries with subnational locations), and 811 subnational locations, from 1990 to 2021. Here we report data for 2010 to 2021 to highlight trends in disease burden over the past decade and through the first 2 years of the COVID-19 pandemic. FINDINGS: Global DALYs increased from 2·63 billion (95% UI 2·44-2·85) in 2010 to 2·88 billion (2·64-3·15) in 2021 for all causes combined. Much of this increase in the number of DALYs was due to population growth and ageing, as indicated by a decrease in global age-standardised all-cause DALY rates of 14·2% (95% UI 10·7-17·3) between 2010 and 2019. Notably, however, this decrease in rates reversed during the first 2 years of the COVID-19 pandemic, with increases in global age-standardised all-cause DALY rates since 2019 of 4·1% (1·8-6·3) in 2020 and 7·2% (4·7-10·0) in 2021. In 2021, COVID-19 was the leading cause of DALYs globally (212·0 million [198·0-234·5] DALYs), followed by ischaemic heart disease (188·3 million [176·7-198·3]), neonatal disorders (186·3 million [162·3-214·9]), and stroke (160·4 million [148·0-171·7]). However, notable health gains were seen among other leading communicable, maternal, neonatal, and nutritional (CMNN) diseases. Globally between 2010 and 2021, the age-standardised DALY rates for HIV/AIDS decreased by 47·8% (43·3-51·7) and for diarrhoeal diseases decreased by 47·0% (39·9-52·9). Non-communicable diseases contributed 1·73 billion (95% UI 1·54-1·94) DALYs in 2021, with a decrease in age-standardised DALY rates since 2010 of 6·4% (95% UI 3·5-9·5). Between 2010 and 2021, among the 25 leading Level 3 causes, age-standardised DALY rates increased most substantially for anxiety disorders (16·7% [14·0-19·8]), depressive disorders (16·4% [11·9-21·3]), and diabetes (14·0% [10·0-17·4]). Age-standardised DALY rates due to injuries decreased globally by 24·0% (20·7-27·2) between 2010 and 2021, although improvements were not uniform across locations, ages, and sexes. Globally, HALE at birth improved slightly, from 61·3 years (58·6-63·6) in 2010 to 62·2 years (59·4-64·7) in 2021. However, despite this overall increase, HALE decreased by 2·2% (1·6-2·9) between 2019 and 2021. INTERPRETATION: Putting the COVID-19 pandemic in the context of a mutually exclusive and collectively exhaustive list of causes of health loss is crucial to understanding its impact and ensuring that health funding and policy address needs at both local and global levels through cost-effective and evidence-based interventions. A global epidemiological transition remains underway. Our findings suggest that prioritising non-communicable disease prevention and treatment policies, as well as strengthening health systems, continues to be crucially important. The progress on reducing the burden of CMNN diseases must not stall; although global trends are improving, the burden of CMNN diseases remains unacceptably high. Evidence-based interventions will help save the lives of young children and mothers and improve the overall health and economic conditions of societies across the world. Governments and multilateral organisations should prioritise pandemic preparedness planning alongside efforts to reduce the burden of diseases and injuries that will strain resources in the coming decades. FUNDING: Bill & Melinda Gates Foundation.",2024,2024-04-17,article,The Lancet,Medicine,True,4359,openalex_toy
W4395021297,Zambian Consumers and the Country-of-Origin Effect,"Since increase in exportsis highlybeneficial for the economic development and growth of a country, this research exposes the negative effects of a brand’s country-of-origin on consumer purchase intention in developing countries, it exposes how a brand’s country- of-origin in developing countries influences local consumers to purchase imported brands more than local brands. Through the use of a quantitative research method, this research is based on data collected from a sample size of 600 that was analyzed in SPSS. The findings shows that country-of-origin influences the purchase of local and imported FMCGs in Zambia, but its effects are much stronger towards the purchase of imported goods than local goods. Furthermore, the results also reveal that Zambians are prone to purchase imported goods because they trust them. These findings therefore provide empirical evidence of the importance of the need for more studies and usage of country-of-origin and brand trust in marketing research and practice in developing countries.",2024,2024-04-23,article,International Journal of Innovative Science and Research Technology (IJISRT),"Business, Management and Accounting",True,453,openalex_toy
W4395065686,"EnzChemRED, a rich enzyme chemistry relation extraction dataset","Expert curation is essential to capture knowledge of enzyme functions from the scientific literature in FAIR open knowledgebases but cannot keep pace with the rate of new discoveries and new publications. In this work we present EnzChemRED, for Enzyme Chemistry Relation Extraction Dataset, a new training and benchmarking dataset to support the development of Natural Language Processing (NLP) methods such as (large) language models that can assist enzyme curation. EnzChemRED consists of 1,210 expert curated PubMed abstracts in which enzymes and the chemical reactions they catalyze are annotated using identifiers from the UniProt Knowledgebase (UniProtKB) and the ontology of Chemical Entities of Biological Interest (ChEBI). We show that fine-tuning pre-trained language models with EnzChemRED can significantly boost their ability to identify mentions of proteins and chemicals in text (Named Entity Recognition, or NER) and to extract the chemical conversions in which they participate (Relation Extraction, or RE), with average F1 score of 86.30% for NER, 86.66% for RE for chemical conversion pairs, and 83.79% for RE for chemical conversion pairs and linked enzymes. We combine the best performing methods after fine-tuning using EnzChemRED to create an end-to-end pipeline for knowledge extraction from text and apply this to abstracts at PubMed scale to create a draft map of enzyme functions in literature to guide curation efforts in UniProtKB and the reaction knowledgebase Rhea. The EnzChemRED corpus is freely available at https://ftp.expasy.org/databases/rhea/nlp/.",2024,2024-09-09,article,Scientific Data,"Biochemistry, Genetics and Molecular Biology",True,10,openalex_toy
W4396583326,Enhancements in Immediate Speech Emotion Detection: Harnessing Prosodic and Spectral Characteristics,"Speech is essential to human communication for expressing and understanding feelings. Emotional speech processing has challenges with expert data sampling, dataset organization, and computational complexity in large-scale analysis. This study aims to reduce data redundancy and high dimensionality by introducing a new speech emotion recognition system. The system employs Diffusion Map to reduce dimensionality and includes Decision Trees and K-Nearest Neighbors(KNN)ensemble classifiers. These strategies are suggested to increase voice emotion recognition accuracy. Speech emotion recognition is gaining popularity in affective computing for usage in medical, industry, and academics. This project aims to provide an efficient and robust real-time emotion identification framework. In order to identify emotions using supervised machine learning models, this work makes use of paralinguistic factors such as intensity, pitch, and MFCC. In order to classify data, experimental analysis integrates prosodic and spectral information utilizing methods like Random Forest, Multilayer Perceptron, SVM, KNN, and Gaussian Naïve Bayes. Fast training times make these machine learning models excellent for real-time applications. SVM and MLP have the highest accuracy at 70.86% and 79.52%, respectively. Comparisons to benchmarks show significant improvements over earlier models.",2024,2024-05-02,article,International Journal of Innovative Science and Research Technology (IJISRT),Psychology,True,1663,openalex_toy
W4396721167,Accurate structure prediction of biomolecular interactions with AlphaFold 3,"Abstract The introduction of AlphaFold 2 1 has spurred a revolution in modelling the structure of proteins and their interactions, enabling a huge range of applications in protein modelling and design 2–6 . Here we describe our AlphaFold 3 model with a substantially updated diffusion-based architecture that is capable of predicting the joint structure of complexes including proteins, nucleic acids, small molecules, ions and modified residues. The new AlphaFold model demonstrates substantially improved accuracy over many previous specialized tools: far greater accuracy for protein–ligand interactions compared with state-of-the-art docking tools, much higher accuracy for protein–nucleic acid interactions compared with nucleic-acid-specific predictors and substantially higher antibody–antigen prediction accuracy compared with AlphaFold-Multimer v.2.3 7,8 . Together, these results show that high-accuracy modelling across biomolecular space is possible within a single unified deep-learning framework.",2024,2024-05-08,article,Nature,"Biochemistry, Genetics and Molecular Biology",True,13517,openalex_toy
W4404046121,The PRIDE database at 20 years: 2025 update,"The PRoteomics IDEntifications (PRIDE) database (https://www.ebi.ac.uk/pride/) is the world's leading mass spectrometry (MS)-based proteomics data repository and one of the founding members of the ProteomeXchange consortium. This manuscript summarizes the developments in PRIDE resources and related tools for the last three years. The number of submitted datasets to PRIDE Archive (the archival component of PRIDE) has reached on average around 534 datasets per month. This has been possible thanks to continuous improvements in infrastructure such as a new file transfer protocol for very large datasets (Globus), a new data resubmission pipeline and an automatic dataset validation process. Additionally, we will highlight novel activities such as the availability of the PRIDE chatbot (based on the use of open-source Large Language Models), and our work to improve support for MS crosslinking datasets. Furthermore, we will describe how we have increased our efforts to reuse, reanalyze and disseminate high-quality proteomics data into added-value resources such as UniProt, Ensembl and Expression Atlas.",2024,2024-11-04,article,Nucleic Acids Research,Computer Science,True,1628,openalex_toy
W4404458588,UniProt: the Universal Protein Knowledgebase in 2025,"The aim of the UniProt Knowledgebase (UniProtKB; https://www.uniprot.org/) is to provide users with a comprehensive, high-quality and freely accessible set of protein sequences annotated with functional information. In this publication, we describe ongoing changes to our production pipeline to limit the sequences available in UniProtKB to high-quality, non-redundant reference proteomes. We continue to manually curate the scientific literature to add the latest functional data and use machine learning techniques. We also encourage community curation to ensure key publications are not missed. We provide an update on the automatic annotation methods used by UniProtKB to predict information for unreviewed entries describing unstudied proteins. Finally, updates to the UniProt website are described, including a new tab linking protein to genomic information. In recognition of its value to the scientific community, the UniProt database has been awarded Global Core Biodata Resource status.",2024,2024-11-18,article,Nucleic Acids Research,"Biochemistry, Genetics and Molecular Biology",True,1883,openalex_toy
W45054581,"Clinical guideline for the evaluation, management and long-term care of obstructive sleep apnea in adults.","BACKGROUND: Obstructive sleep apnea (OSA) is a common chronic disorder that often requires lifelong care. Available practice parameters provide evidence-based recommendations for addressing aspects of care. OBJECTIVE: This guideline is designed to assist primary care providers as well as sleep medicine specialists, surgeons, and dentists who care for patients with OSA by providing a comprehensive strategy for the evaluation, management and long-term care of adult patients with OSA. METHODS: The Adult OSA Task Force of the American Academy of Sleep Medicine (AASM) was assembled to produce a clinical guideline from a review of existing practice parameters and available literature. All existing evidence-based AASM practice parameters relevant to the evaluation and management of OSA in adults were incorporated into this guideline. For areas not covered by the practice parameters, the task force performed a literature review and made consensus recommendations using a modified nominal group technique. RECOMMENDATIONS: Questions regarding OSA should be incorporated into routine health evaluations. Suspicion of OSA should trigger a comprehensive sleep evaluation. The diagnostic strategy includes a sleep-oriented history and physical examination, objective testing, and education of the patient. The presence or absence and severity of OSA must be determined before initiating treatment in order to identify those patients at risk of developing the complications of sleep apnea, guide selection of appropriate treatment, and to provide a baseline to establish the effectiveness of subsequent treatment. Once the diagnosis is established, the patient should be included in deciding an appropriate treatment strategy that may include positive airway pressure devices, oral appliances, behavioral treatments, surgery, and/or adjunctive treatments. OSA should be approached as a chronic disease requiring long-term, multidisciplinary management. For each treatment option, appropriate outcome measures and long-term follow-up are described.",2009,2009-06-15,article,PubMed,Medicine,False,2565,openalex_toy
W5531942,Measuring the Hydrodynamic Size of Nanoparticles in Aqueous Media Using Batch-Mode Dynamic Light Scattering,Particle size characterization is of particular importance to nanomedicine. The size similarity of nanoparticles to biological moieties is believed to impart many of their unique medical properties. Here we present a method for sample preparation and the determination of mean nanoparticle size (hydrodynamic diameter) using batch-mode dynamic light scattering (DLS) in dilute aqueous suspensions. We then demonstrate this method for 30 nm colloidal gold.,2010,2010-10-19,article,Methods in molecular biology,Materials Science,False,109,openalex_toy
W600840809,ROBIS: A new tool to assess risk of bias in systematic reviews was developed,"OBJECTIVE: To develop ROBIS, a new tool for assessing the risk of bias in systematic reviews (rather than in primary studies). STUDY DESIGN AND SETTING: We used four-stage approach to develop ROBIS: define the scope, review the evidence base, hold a face-to-face meeting, and refine the tool through piloting. RESULTS: ROBIS is currently aimed at four broad categories of reviews mainly within health care settings: interventions, diagnosis, prognosis, and etiology. The target audience of ROBIS is primarily guideline developers, authors of overviews of systematic reviews (""reviews of reviews""), and review authors who might want to assess or avoid risk of bias in their reviews. The tool is completed in three phases: (1) assess relevance (optional), (2) identify concerns with the review process, and (3) judge risk of bias. Phase 2 covers four domains through which bias may be introduced into a systematic review: study eligibility criteria; identification and selection of studies; data collection and study appraisal; and synthesis and findings. Phase 3 assesses the overall risk of bias in the interpretation of review findings and whether this considered limitations identified in any of the phase 2 domains. Signaling questions are included to help judge concerns with the review process (phase 2) and the overall risk of bias in the review (phase 3); these questions flag aspects of review design related to the potential for bias and aim to help assessors judge risk of bias in the review process, results, and conclusions. CONCLUSIONS: ROBIS is the first rigorously developed tool designed specifically to assess the risk of bias in systematic reviews.",2015,2015-06-16,article,Journal of Clinical Epidemiology,Decision Sciences,True,2194,openalex_toy
W60476463,Unified Detection and Recognition for Reading Text in Scene Images,"Although an automated reader for the blind first appeared nearly two-hundred years ago, computers can currently “read” document text about as well as a sevenyear-old. Scene text recognition brings many new challenges. A central limitation of current approaches is a feed-forward, bottom-up, pipelined architecture that isolates the many tasks and information involved in reading. The result is a system that commits errors from which it cannot recover and has components that lack access to relevant information. We propose a system for scene text reading that in its design, training, and operation is more integrated. First, we present a simple contextual model for text detection that is ignorant of any recognition. Through the use of special features and data context, this model performs well on the detection task, but limitations remain due to the lack of interpretation. We then introduce a recognition model that integrates several information sources, including font consistency and a lexicon, and compare it to approaches using pipelined architectures with similar information. Next we examine a more unified detection and recognition framework where features are selected based on the joint task of detection and recognition, rather than each task individually. This approach yields better results with fewer features. Finally, we demonstrate a model that incorporates segmentation and recognition at both the character and word levels. Text with difficult layouts and low resolution are more accurately recognized by this integrated approach. By more tightly coupling several aspects of detection and recognition, we hope to establish a new unified way of approaching the problem that will lead to improved performance. We would like computers to become accomplished grammar-school level readers.",2020,2020-09-24,article,Scholarworks (University of Massachusetts Amherst),Computer Science,True,12,openalex_toy
W786031425,Implementation and Comparison of Speech Emotion Recognition System Using Gaussian Mixture Model (GMM) and K- Nearest Neighbor (K-NN) Techniques,"The kinship between man and machines has become a new trend of technology such that machines now have to respond by considering the human emotional levels. The signal processing and machine learning technologies have boosted the machine intelligence that it gained the capability to understand human emotions. Incorporating the aspects of speech processing and pattern recognition algorithms an intelligent and emotions specific man-machine interaction can be achieved which can be harnessed to design a smart and secure automated home as well as commercial application. This paper emphasizes on implementation of speech emotion recognition system by utilizing the spectral components of Mel Frequency Cepstrum Coefficients (MFCC), wavelet features of speech and the pitch of vocal traces. The different machine learning algorithms used for the classification are Gaussian Mixture Model (GMM) and K- Nearest Neighbour (K-NN) models for the recognition of six emotional categories namely happy, angry, neutral, surprised, fearful and sad from the standard speech database Berlin emotion database (BES) followed by the comparison of the two algorithms for performance analysis which is supported by the confusion matrix.",2015,2015-01-01,article,Procedia Computer Science,Psychology,True,126,openalex_toy
W96439756,How can we best detect atrial fibrillation?,"Atrial fibrillation (AF) is an arrhythmia of increasing prevalence associated with a reducible risk of stroke. We conducted a systematic review to address five questions relating to how we can best detect AF: 1. Are there useful screening tests to determine who should have a 12-lead electrocardiogram (ECG)? Potential screening tests, all with acceptable sensitivity, include pulse palpation, single-lead ECG and newer technologies such as modified sphygmomanometers or a finger probe device. Pulse palpation has a high number of false positives, but is the cheapest method. 2. Is it more effective to offer 12-lead ECGs to the whole population (or specific sub-groups) or only to those who screen positive for AF? The cost-effectiveness of new devices, such as a modified blood pressure monitor, needs to be assessed. It is more cost-effective to opportunistically screen people rather than to offer a 12-lead ECG to everybody. 3. How accurate are different healthcare professionals and interpretative software at diagnosing AF on ECG? Definitive diagnosis of AF should be by 12-lead ECG, interpreted by someone with appropriate expertise. Computer software is not currently sensitive enough to be used alone to diagnose AF on ECG. Primary care practitioners may not accurately detect AF on ECG, but consistently high accuracy can be achieved by healthcare professionals with adequate training. 4. How best can we diagnose paroxysmal atrial fibrillation (PAF)? In patients in whom PAF is suspected, longer periods of monitoring will detect more cases of PAF. 5. What is the impact of the use of different ECG monitoring strategies (e.g. Holter monitoring, serial ECGs, continuous ECG) on AF detection rates post-stroke? In patients post-stroke, a single ECG will miss cases of PAF which can be detected by longer duration monitoring such as Holter monitoring, cardiac event recorders and serial ECGs. Further research into the cost-effectiveness of these methods, the duration of monitoring required and the clinical significance of the PAF detected is needed.",2012,2012-01-01,article,PubMed,Medicine,False,61,openalex_toy
