query_id,candidate_id,label,label_type,split,source_dataset
W3036724697,W73782397,1,actual_openalex_reference,test,openalex_math
W3036724697,W1486529311,1,actual_openalex_reference,test,openalex_math
W3036724697,W1975354331,1,actual_openalex_reference,test,openalex_math
W3036724697,W2010371218,1,actual_openalex_reference,test,openalex_math
W3036724697,W2035683810,1,actual_openalex_reference,test,openalex_math
W3036724697,W2975530471,1,actual_openalex_reference,test,openalex_math
W3036724697,W3015248935,1,actual_openalex_reference,test,openalex_math
W3036724697,W3021980204,1,actual_openalex_reference,test,openalex_math
W3036724697,W3038571999,1,actual_openalex_reference,test,openalex_math
W3036724697,W3039623124,1,actual_openalex_reference,test,openalex_math
W2002079232,W1577338488,1,actual_openalex_reference,test,openalex_math
W4231798971,W2319072386,1,actual_openalex_reference,test,openalex_math
W4231798971,W4245228555,1,actual_openalex_reference,test,openalex_math
W2380924508,W1582350828,1,actual_openalex_reference,test,openalex_math
W2380924508,W2029834907,1,actual_openalex_reference,test,openalex_math
W2380924508,W2040129466,1,actual_openalex_reference,test,openalex_math
W2380924508,W2066315387,1,actual_openalex_reference,test,openalex_math
W2047821742,W1582222774,1,actual_openalex_reference,test,openalex_math
W2047821742,W2907071770,1,actual_openalex_reference,test,openalex_math
W2047821742,W3043689882,1,actual_openalex_reference,test,openalex_math
W3213357432,W1988795185,1,actual_openalex_reference,test,openalex_math
W3213357432,W1993934464,1,actual_openalex_reference,test,openalex_math
W3213357432,W2014062301,1,actual_openalex_reference,test,openalex_math
W3213357432,W2099121193,1,actual_openalex_reference,test,openalex_math
W3213357432,W2183446018,1,actual_openalex_reference,test,openalex_math
W3213357432,W2735191928,1,actual_openalex_reference,test,openalex_math
W3213357432,W2946625394,1,actual_openalex_reference,test,openalex_math
W3213357432,W3013224006,1,actual_openalex_reference,test,openalex_math
W3213357432,W3025181812,1,actual_openalex_reference,test,openalex_math
W3213357432,W3087254422,1,actual_openalex_reference,test,openalex_math
W3213357432,W3119224837,1,actual_openalex_reference,test,openalex_math
W3169694855,W1594563152,1,actual_openalex_reference,test,openalex_math
W3169694855,W1996556795,1,actual_openalex_reference,test,openalex_math
W3169694855,W2015443352,1,actual_openalex_reference,test,openalex_math
W3169694855,W2081261462,1,actual_openalex_reference,test,openalex_math
W3169694855,W2168834368,1,actual_openalex_reference,test,openalex_math
W1966549141,W655903463,1,actual_openalex_reference,test,openalex_math
W1966549141,W1539945301,1,actual_openalex_reference,test,openalex_math
W1966549141,W1751167696,1,actual_openalex_reference,test,openalex_math
W1966549141,W1966549141,1,actual_openalex_reference,test,openalex_math
W1966549141,W1997727211,1,actual_openalex_reference,test,openalex_math
W1966549141,W2003889804,1,actual_openalex_reference,test,openalex_math
W1966549141,W2006609731,1,actual_openalex_reference,test,openalex_math
W1966549141,W2017641901,1,actual_openalex_reference,test,openalex_math
W1966549141,W2022308249,1,actual_openalex_reference,test,openalex_math
W1966549141,W2023794945,1,actual_openalex_reference,test,openalex_math
W1966549141,W2052906560,1,actual_openalex_reference,test,openalex_math
W1966549141,W2068980859,1,actual_openalex_reference,test,openalex_math
W1966549141,W2083154122,1,actual_openalex_reference,test,openalex_math
W1966549141,W2091859203,1,actual_openalex_reference,test,openalex_math
W1966549141,W2105433369,1,actual_openalex_reference,test,openalex_math
W1966549141,W2151135593,1,actual_openalex_reference,test,openalex_math
W1966549141,W2159241449,1,actual_openalex_reference,test,openalex_math
W1966549141,W2251549778,1,actual_openalex_reference,test,openalex_math
W1966549141,W2570659991,1,actual_openalex_reference,test,openalex_math
W1966549141,W3022952999,1,actual_openalex_reference,test,openalex_math
W3180684956,W1976742748,1,actual_openalex_reference,test,openalex_math
W3180684956,W2044653300,1,actual_openalex_reference,test,openalex_math
W3180684956,W2133891954,1,actual_openalex_reference,test,openalex_math
W3180684956,W2337864386,1,actual_openalex_reference,test,openalex_math
W3180684956,W2589309476,1,actual_openalex_reference,test,openalex_math
W3180684956,W2941203174,1,actual_openalex_reference,test,openalex_math
W3180684956,W2995175640,1,actual_openalex_reference,test,openalex_math
W3180684956,W3010817409,1,actual_openalex_reference,test,openalex_math
W3180684956,W3096835287,1,actual_openalex_reference,test,openalex_math
W2274729771,W1959492,1,actual_openalex_reference,test,openalex_math
W2274729771,W55848811,1,actual_openalex_reference,test,openalex_math
W2274729771,W1571907064,1,actual_openalex_reference,test,openalex_math
W2274729771,W1974669828,1,actual_openalex_reference,test,openalex_math
W2274729771,W1984548420,1,actual_openalex_reference,test,openalex_math
W2274729771,W1988572610,1,actual_openalex_reference,test,openalex_math
W2274729771,W2003077052,1,actual_openalex_reference,test,openalex_math
W2274729771,W2009435671,1,actual_openalex_reference,test,openalex_math
W2274729771,W2017137572,1,actual_openalex_reference,test,openalex_math
W2274729771,W2040709360,1,actual_openalex_reference,test,openalex_math
W2274729771,W2046977371,1,actual_openalex_reference,test,openalex_math
W2274729771,W2059686185,1,actual_openalex_reference,test,openalex_math
W2274729771,W2067838071,1,actual_openalex_reference,test,openalex_math
W2274729771,W2161364915,1,actual_openalex_reference,test,openalex_math
W2274729771,W2162801307,1,actual_openalex_reference,test,openalex_math
W2274729771,W2281369226,1,actual_openalex_reference,test,openalex_math
W2274729771,W2396477770,1,actual_openalex_reference,test,openalex_math
W2274729771,W2936537830,1,actual_openalex_reference,test,openalex_math
W2099768657,W1484020144,1,actual_openalex_reference,test,openalex_math
W2099768657,W1575570794,1,actual_openalex_reference,test,openalex_math
W2099768657,W1579913817,1,actual_openalex_reference,test,openalex_math
W2099768657,W1741418123,1,actual_openalex_reference,test,openalex_math
W2099768657,W1989138630,1,actual_openalex_reference,test,openalex_math
W2099768657,W1995789392,1,actual_openalex_reference,test,openalex_math
W2099768657,W2064247674,1,actual_openalex_reference,test,openalex_math
W2099768657,W2089630615,1,actual_openalex_reference,test,openalex_math
W2099768657,W2114490284,1,actual_openalex_reference,test,openalex_math
W2566555818,W1846713382,1,actual_openalex_reference,test,openalex_math
W2566555818,W1993532362,1,actual_openalex_reference,test,openalex_math
W2566555818,W2013869090,1,actual_openalex_reference,test,openalex_math
W2566555818,W2062694414,1,actual_openalex_reference,test,openalex_math
W2566555818,W2081601543,1,actual_openalex_reference,test,openalex_math
W2566555818,W2325492385,1,actual_openalex_reference,test,openalex_math
W2566555818,W2350437989,1,actual_openalex_reference,test,openalex_math
W2985668603,W1856929377,1,actual_openalex_reference,test,openalex_math
W2985668603,W2025256645,1,actual_openalex_reference,test,openalex_math
W2985668603,W2087377426,1,actual_openalex_reference,test,openalex_math
W2985668603,W2768785052,1,actual_openalex_reference,test,openalex_math
W2076321805,W1835280927,1,actual_openalex_reference,test,openalex_math
W2076321805,W1972054749,1,actual_openalex_reference,test,openalex_math
W2076321805,W2082188725,1,actual_openalex_reference,test,openalex_math
W2076321805,W2573899171,1,actual_openalex_reference,test,openalex_math
W2312937816,W145132230,1,actual_openalex_reference,test,openalex_math
W2312937816,W1536456344,1,actual_openalex_reference,test,openalex_math
W2312937816,W2013670783,1,actual_openalex_reference,test,openalex_math
W2312937816,W2068666235,1,actual_openalex_reference,test,openalex_math
W2312937816,W2093951788,1,actual_openalex_reference,test,openalex_math
W1545825835,W1981146190,1,actual_openalex_reference,test,openalex_math
W1545825835,W2041200300,1,actual_openalex_reference,test,openalex_math
W2613497261,W1499986090,1,actual_openalex_reference,test,openalex_math
W2613497261,W2034982638,1,actual_openalex_reference,test,openalex_math
W2613497261,W2061700871,1,actual_openalex_reference,test,openalex_math
W2613497261,W2075556648,1,actual_openalex_reference,test,openalex_math
W2613497261,W2130728229,1,actual_openalex_reference,test,openalex_math
W3102725346,W2106984915,1,actual_openalex_reference,test,openalex_math
W3102725346,W2223203044,1,actual_openalex_reference,test,openalex_math
W3102725346,W2595927859,1,actual_openalex_reference,test,openalex_math
W3102725346,W2622319036,1,actual_openalex_reference,test,openalex_math
W3102725346,W2791228196,1,actual_openalex_reference,test,openalex_math
W3102725346,W2793870294,1,actual_openalex_reference,test,openalex_math
W3102725346,W2896667234,1,actual_openalex_reference,test,openalex_math
W3102725346,W2916060039,1,actual_openalex_reference,test,openalex_math
W3102725346,W2945231778,1,actual_openalex_reference,test,openalex_math
W3102725346,W2949225890,1,actual_openalex_reference,test,openalex_math
W2099761144,W22143102,1,actual_openalex_reference,test,openalex_math
W2099761144,W157429075,1,actual_openalex_reference,test,openalex_math
W2099761144,W1865064320,1,actual_openalex_reference,test,openalex_math
W2099761144,W2128817474,1,actual_openalex_reference,test,openalex_math
W2128097376,W367681598,1,actual_openalex_reference,test,openalex_math
W2128097376,W1480413670,1,actual_openalex_reference,test,openalex_math
W2128097376,W1484712862,1,actual_openalex_reference,test,openalex_math
W2128097376,W1500470240,1,actual_openalex_reference,test,openalex_math
W2128097376,W1980092349,1,actual_openalex_reference,test,openalex_math
W2128097376,W1981903823,1,actual_openalex_reference,test,openalex_math
W2128097376,W2020925091,1,actual_openalex_reference,test,openalex_math
W2128097376,W2051726817,1,actual_openalex_reference,test,openalex_math
W2128097376,W2074477761,1,actual_openalex_reference,test,openalex_math
W2128097376,W2074682976,1,actual_openalex_reference,test,openalex_math
W2128097376,W2075651107,1,actual_openalex_reference,test,openalex_math
W2128097376,W2104499761,1,actual_openalex_reference,test,openalex_math
W2128097376,W2108076619,1,actual_openalex_reference,test,openalex_math
W2128097376,W2135046866,1,actual_openalex_reference,test,openalex_math
W2128097376,W2145816995,1,actual_openalex_reference,test,openalex_math
W2128097376,W2154560360,1,actual_openalex_reference,test,openalex_math
W2128097376,W2330042311,1,actual_openalex_reference,test,openalex_math
W2128097376,W3101391693,1,actual_openalex_reference,test,openalex_math
W2128097376,W4388319941,1,actual_openalex_reference,test,openalex_math
W2016342072,W135795571,1,actual_openalex_reference,test,openalex_math
W2016342072,W1976834773,1,actual_openalex_reference,test,openalex_math
W2016342072,W1978326938,1,actual_openalex_reference,test,openalex_math
W2016342072,W1985934881,1,actual_openalex_reference,test,openalex_math
W2016342072,W2011360182,1,actual_openalex_reference,test,openalex_math
W2016342072,W2013231393,1,actual_openalex_reference,test,openalex_math
W2016342072,W2021493583,1,actual_openalex_reference,test,openalex_math
W2016342072,W2024983310,1,actual_openalex_reference,test,openalex_math
W2016342072,W2027244596,1,actual_openalex_reference,test,openalex_math
W2016342072,W2035240057,1,actual_openalex_reference,test,openalex_math
W2016342072,W2041472063,1,actual_openalex_reference,test,openalex_math
W2016342072,W2057032881,1,actual_openalex_reference,test,openalex_math
W2016342072,W2063653500,1,actual_openalex_reference,test,openalex_math
W2016342072,W2068943352,1,actual_openalex_reference,test,openalex_math
W2016342072,W2069888879,1,actual_openalex_reference,test,openalex_math
W2016342072,W2076355464,1,actual_openalex_reference,test,openalex_math
W2016342072,W2087884045,1,actual_openalex_reference,test,openalex_math
W2016342072,W2092185780,1,actual_openalex_reference,test,openalex_math
W2016342072,W2093880742,1,actual_openalex_reference,test,openalex_math
W2016342072,W2129905273,1,actual_openalex_reference,test,openalex_math
W2016342072,W2166792296,1,actual_openalex_reference,test,openalex_math
W2016342072,W4229800237,1,actual_openalex_reference,test,openalex_math
W2016342072,W4245072902,1,actual_openalex_reference,test,openalex_math
W1967970434,W1519011338,1,actual_openalex_reference,test,openalex_math
W1967970434,W2060325401,1,actual_openalex_reference,test,openalex_math
W1967970434,W2065952840,1,actual_openalex_reference,test,openalex_math
W1967970434,W2093890854,1,actual_openalex_reference,test,openalex_math
W1967970434,W2094194366,1,actual_openalex_reference,test,openalex_math
W2903951583,W1498552788,1,actual_openalex_reference,test,openalex_math
W2903951583,W1539265701,1,actual_openalex_reference,test,openalex_math
W2903951583,W1552243442,1,actual_openalex_reference,test,openalex_math
W2903951583,W2109675355,1,actual_openalex_reference,test,openalex_math
W2903951583,W2109841741,1,actual_openalex_reference,test,openalex_math
W2903951583,W2160871514,1,actual_openalex_reference,test,openalex_math
W2903951583,W2285786022,1,actual_openalex_reference,test,openalex_math
W2903951583,W2408898666,1,actual_openalex_reference,test,openalex_math
W2903951583,W2469338786,1,actual_openalex_reference,test,openalex_math
W2903951583,W2740996186,1,actual_openalex_reference,test,openalex_math
W2903951583,W2752099845,1,actual_openalex_reference,test,openalex_math
W2903951583,W2966364122,1,actual_openalex_reference,test,openalex_math
W2903951583,W4292157289,1,actual_openalex_reference,test,openalex_math
W2903951583,W4298052160,1,actual_openalex_reference,test,openalex_math
W2332177865,W1488341329,1,actual_openalex_reference,test,openalex_math
W2933357700,W1969680751,1,actual_openalex_reference,test,openalex_math
W2933357700,W2034366042,1,actual_openalex_reference,test,openalex_math
W2933357700,W2121024005,1,actual_openalex_reference,test,openalex_math
W2933357700,W2332935808,1,actual_openalex_reference,test,openalex_math
W2016120060,W1578905924,1,actual_openalex_reference,test,openalex_math
W2016120060,W1963547452,1,actual_openalex_reference,test,openalex_math
W2016120060,W1973128036,1,actual_openalex_reference,test,openalex_math
W2016120060,W2039987131,1,actual_openalex_reference,test,openalex_math
W2016120060,W2042874561,1,actual_openalex_reference,test,openalex_math
W2016120060,W2074217557,1,actual_openalex_reference,test,openalex_math
W2016120060,W2081659888,1,actual_openalex_reference,test,openalex_math
W3175859410,W594409084,1,actual_openalex_reference,test,openalex_math
W3175859410,W1643316420,1,actual_openalex_reference,test,openalex_math
W3175859410,W2067884470,1,actual_openalex_reference,test,openalex_math
W3175859410,W2338932222,1,actual_openalex_reference,test,openalex_math
W3175859410,W4240810995,1,actual_openalex_reference,test,openalex_math
W2048243313,W1590255646,1,actual_openalex_reference,test,openalex_math
W2048243313,W2023505143,1,actual_openalex_reference,test,openalex_math
W2048243313,W2039343706,1,actual_openalex_reference,test,openalex_math
W2048243313,W2056317654,1,actual_openalex_reference,test,openalex_math
W2048243313,W2066511968,1,actual_openalex_reference,test,openalex_math
W2048243313,W2738220582,1,actual_openalex_reference,test,openalex_math
W1943045976,W21553128,1,actual_openalex_reference,test,openalex_math
W1943045976,W109941452,1,actual_openalex_reference,test,openalex_math
W1943045976,W989138132,1,actual_openalex_reference,test,openalex_math
W1943045976,W2036759374,1,actual_openalex_reference,test,openalex_math
W1943045976,W2078006894,1,actual_openalex_reference,test,openalex_math
W1943045976,W2104758288,1,actual_openalex_reference,test,openalex_math
W1943045976,W2126086411,1,actual_openalex_reference,test,openalex_math
W1943045976,W2134036320,1,actual_openalex_reference,test,openalex_math
W1943045976,W2171800842,1,actual_openalex_reference,test,openalex_math
W38354398,W285688193,1,actual_openalex_reference,test,openalex_math
W38354398,W621044030,1,actual_openalex_reference,test,openalex_math
W38354398,W1586903773,1,actual_openalex_reference,test,openalex_math
W38354398,W1607670740,1,actual_openalex_reference,test,openalex_math
W38354398,W1658908529,1,actual_openalex_reference,test,openalex_math
W38354398,W1780382453,1,actual_openalex_reference,test,openalex_math
W38354398,W1963516460,1,actual_openalex_reference,test,openalex_math
W38354398,W1980850924,1,actual_openalex_reference,test,openalex_math
W38354398,W1986464440,1,actual_openalex_reference,test,openalex_math
W38354398,W1999052699,1,actual_openalex_reference,test,openalex_math
W38354398,W2010021643,1,actual_openalex_reference,test,openalex_math
W38354398,W2011916275,1,actual_openalex_reference,test,openalex_math
W38354398,W2011934899,1,actual_openalex_reference,test,openalex_math
W38354398,W2014725891,1,actual_openalex_reference,test,openalex_math
W38354398,W2042137662,1,actual_openalex_reference,test,openalex_math
W38354398,W2046682842,1,actual_openalex_reference,test,openalex_math
W38354398,W2061616255,1,actual_openalex_reference,test,openalex_math
W38354398,W2102518549,1,actual_openalex_reference,test,openalex_math
W38354398,W2104279103,1,actual_openalex_reference,test,openalex_math
W38354398,W2116199508,1,actual_openalex_reference,test,openalex_math
W38354398,W2131601454,1,actual_openalex_reference,test,openalex_math
W38354398,W2135361344,1,actual_openalex_reference,test,openalex_math
W38354398,W2135503425,1,actual_openalex_reference,test,openalex_math
W38354398,W2164599981,1,actual_openalex_reference,test,openalex_math
W38354398,W2164942269,1,actual_openalex_reference,test,openalex_math
W38354398,W2175857708,1,actual_openalex_reference,test,openalex_math
W38354398,W2899573755,1,actual_openalex_reference,test,openalex_math
W2108958729,W1976727013,1,actual_openalex_reference,test,openalex_math
W2108958729,W1978130952,1,actual_openalex_reference,test,openalex_math
W2108958729,W1987005257,1,actual_openalex_reference,test,openalex_math
W2108958729,W2005624922,1,actual_openalex_reference,test,openalex_math
W2108958729,W2007480479,1,actual_openalex_reference,test,openalex_math
W2108958729,W2007641452,1,actual_openalex_reference,test,openalex_math
W2108958729,W2010961394,1,actual_openalex_reference,test,openalex_math
W2108958729,W2046339991,1,actual_openalex_reference,test,openalex_math
W2108958729,W2140941610,1,actual_openalex_reference,test,openalex_math
W2108958729,W2799002609,1,actual_openalex_reference,test,openalex_math
W2149930707,W83087771,1,actual_openalex_reference,test,openalex_math
W2149930707,W1976482336,1,actual_openalex_reference,test,openalex_math
W2149930707,W2038200431,1,actual_openalex_reference,test,openalex_math
W2149930707,W2040679101,1,actual_openalex_reference,test,openalex_math
W2149930707,W2086072301,1,actual_openalex_reference,test,openalex_math
W2149930707,W2107379278,1,actual_openalex_reference,test,openalex_math
W2149930707,W2167199897,1,actual_openalex_reference,test,openalex_math
W2149930707,W2167514055,1,actual_openalex_reference,test,openalex_math
W2149930707,W2172044457,1,actual_openalex_reference,test,openalex_math
W2149930707,W2186720816,1,actual_openalex_reference,test,openalex_math
W2149930707,W2474760586,1,actual_openalex_reference,test,openalex_math
W2996177821,W1493632016,1,actual_openalex_reference,test,openalex_math
W2996177821,W1502244514,1,actual_openalex_reference,test,openalex_math
W2996177821,W2057055543,1,actual_openalex_reference,test,openalex_math
W2996177821,W2117194133,1,actual_openalex_reference,test,openalex_math
W2996177821,W2159146002,1,actual_openalex_reference,test,openalex_math
W1988954436,W1972694657,1,actual_openalex_reference,test,openalex_math
W1988954436,W1991422207,1,actual_openalex_reference,test,openalex_math
W1988954436,W2001947543,1,actual_openalex_reference,test,openalex_math
W1988954436,W2002504153,1,actual_openalex_reference,test,openalex_math
W1988954436,W2049633694,1,actual_openalex_reference,test,openalex_math
W1988954436,W2112861806,1,actual_openalex_reference,test,openalex_math
W1988954436,W2151751811,1,actual_openalex_reference,test,openalex_math
W1988954436,W2152977846,1,actual_openalex_reference,test,openalex_math
W1988954436,W2171720857,1,actual_openalex_reference,test,openalex_math
W1988954436,W2283573682,1,actual_openalex_reference,test,openalex_math
W1988954436,W2319384619,1,actual_openalex_reference,test,openalex_math
W1988954436,W4233471163,1,actual_openalex_reference,test,openalex_math
W1988954436,W4245958676,1,actual_openalex_reference,test,openalex_math
W2161519096,W23086234,1,actual_openalex_reference,test,openalex_math
W2161519096,W1481646516,1,actual_openalex_reference,test,openalex_math
W2161519096,W1596443286,1,actual_openalex_reference,test,openalex_math
W2161519096,W2020997493,1,actual_openalex_reference,test,openalex_math
W2161519096,W2062024414,1,actual_openalex_reference,test,openalex_math
W2161519096,W2118799423,1,actual_openalex_reference,test,openalex_math
W2161519096,W2139356738,1,actual_openalex_reference,test,openalex_math
W2161519096,W2141572998,1,actual_openalex_reference,test,openalex_math
W1602065407,W6832490,1,actual_openalex_reference,test,openalex_math
W1602065407,W1964089057,1,actual_openalex_reference,test,openalex_math
W1602065407,W1974072845,1,actual_openalex_reference,test,openalex_math
W1602065407,W1986420282,1,actual_openalex_reference,test,openalex_math
W1602065407,W1994658674,1,actual_openalex_reference,test,openalex_math
W1602065407,W2001415817,1,actual_openalex_reference,test,openalex_math
W1602065407,W2003514224,1,actual_openalex_reference,test,openalex_math
W1602065407,W2084073621,1,actual_openalex_reference,test,openalex_math
W1602065407,W2107594894,1,actual_openalex_reference,test,openalex_math
W1602065407,W2132188286,1,actual_openalex_reference,test,openalex_math
W1602065407,W2139473257,1,actual_openalex_reference,test,openalex_math
W1602065407,W2148687592,1,actual_openalex_reference,test,openalex_math
W1602065407,W2254941755,1,actual_openalex_reference,test,openalex_math
W1602065407,W2962909528,1,actual_openalex_reference,test,openalex_math
W1602065407,W2963929196,1,actual_openalex_reference,test,openalex_math
W1602065407,W3037502759,1,actual_openalex_reference,test,openalex_math
W2064716935,W2009286941,1,actual_openalex_reference,test,openalex_math
W2064716935,W2012309149,1,actual_openalex_reference,test,openalex_math
W2064716935,W2012377765,1,actual_openalex_reference,test,openalex_math
W2064716935,W2019417630,1,actual_openalex_reference,test,openalex_math
W2064716935,W2034432063,1,actual_openalex_reference,test,openalex_math
W2064716935,W2063237661,1,actual_openalex_reference,test,openalex_math
W2064716935,W2073450136,1,actual_openalex_reference,test,openalex_math
W2064716935,W2090219513,1,actual_openalex_reference,test,openalex_math
W2064716935,W2101794305,1,actual_openalex_reference,test,openalex_math
W2064716935,W2103630323,1,actual_openalex_reference,test,openalex_math
W2064716935,W2107918548,1,actual_openalex_reference,test,openalex_math
W2064716935,W2110319355,1,actual_openalex_reference,test,openalex_math
W2064716935,W2137309444,1,actual_openalex_reference,test,openalex_math
W2064716935,W2146497736,1,actual_openalex_reference,test,openalex_math
W2064716935,W2157012564,1,actual_openalex_reference,test,openalex_math
W2064716935,W2159081727,1,actual_openalex_reference,test,openalex_math
W2064716935,W2159733978,1,actual_openalex_reference,test,openalex_math
W2064716935,W2161966254,1,actual_openalex_reference,test,openalex_math
W2064716935,W2260773413,1,actual_openalex_reference,test,openalex_math
W2064716935,W2525550428,1,actual_openalex_reference,test,openalex_math
W2159906399,W53687620,1,actual_openalex_reference,test,openalex_math
W2159906399,W131309915,1,actual_openalex_reference,test,openalex_math
W2159906399,W953353200,1,actual_openalex_reference,test,openalex_math
W2159906399,W1605510583,1,actual_openalex_reference,test,openalex_math
W2159906399,W1978941571,1,actual_openalex_reference,test,openalex_math
W2159906399,W1979868709,1,actual_openalex_reference,test,openalex_math
W2159906399,W1989537995,1,actual_openalex_reference,test,openalex_math
W2159906399,W1998643818,1,actual_openalex_reference,test,openalex_math
W2159906399,W2002934926,1,actual_openalex_reference,test,openalex_math
W2159906399,W2017137572,1,actual_openalex_reference,test,openalex_math
W2159906399,W2020297579,1,actual_openalex_reference,test,openalex_math
W2159906399,W2020696594,1,actual_openalex_reference,test,openalex_math
W2159906399,W2031999069,1,actual_openalex_reference,test,openalex_math
W2159906399,W2035983506,1,actual_openalex_reference,test,openalex_math
W2159906399,W2040490772,1,actual_openalex_reference,test,openalex_math
W2159906399,W2046076301,1,actual_openalex_reference,test,openalex_math
W2159906399,W2053380248,1,actual_openalex_reference,test,openalex_math
W2159906399,W2053651015,1,actual_openalex_reference,test,openalex_math
W2159906399,W2055325763,1,actual_openalex_reference,test,openalex_math
W2159906399,W2063408601,1,actual_openalex_reference,test,openalex_math
W2159906399,W2065603768,1,actual_openalex_reference,test,openalex_math
W2159906399,W2070047061,1,actual_openalex_reference,test,openalex_math
W2159906399,W2071349476,1,actual_openalex_reference,test,openalex_math
W2159906399,W2079923236,1,actual_openalex_reference,test,openalex_math
W2159906399,W2108075367,1,actual_openalex_reference,test,openalex_math
W2159906399,W2109495844,1,actual_openalex_reference,test,openalex_math
W2159906399,W2121154361,1,actual_openalex_reference,test,openalex_math
W2159906399,W2124758339,1,actual_openalex_reference,test,openalex_math
W2159906399,W2129074411,1,actual_openalex_reference,test,openalex_math
W2159906399,W2130695933,1,actual_openalex_reference,test,openalex_math
W2159906399,W2147478123,1,actual_openalex_reference,test,openalex_math
W2159906399,W2152081677,1,actual_openalex_reference,test,openalex_math
W2159906399,W2153086947,1,actual_openalex_reference,test,openalex_math
W2159906399,W2399991609,1,actual_openalex_reference,test,openalex_math
W2159906399,W2890553074,1,actual_openalex_reference,test,openalex_math
W2159906399,W2904250115,1,actual_openalex_reference,test,openalex_math
W2159906399,W3122632052,1,actual_openalex_reference,test,openalex_math
W2159906399,W3122896559,1,actual_openalex_reference,test,openalex_math
W2159906399,W4238688194,1,actual_openalex_reference,test,openalex_math
W2018491016,W1980624260,1,actual_openalex_reference,test,openalex_math
W2018491016,W2045463928,1,actual_openalex_reference,test,openalex_math
W2018491016,W2064975723,1,actual_openalex_reference,test,openalex_math
W2337130353,W1483679902,1,actual_openalex_reference,test,openalex_math
W2337130353,W1607742244,1,actual_openalex_reference,test,openalex_math
W2337130353,W1992635762,1,actual_openalex_reference,test,openalex_math
W2337130353,W2026334798,1,actual_openalex_reference,test,openalex_math
W2313027138,W1987283938,1,actual_openalex_reference,test,openalex_math
W2313027138,W2024210662,1,actual_openalex_reference,test,openalex_math
W2313027138,W2314816041,1,actual_openalex_reference,test,openalex_math
W2313027138,W2321509527,1,actual_openalex_reference,test,openalex_math
W2313027138,W2321679573,1,actual_openalex_reference,test,openalex_math
W2313027138,W2326342926,1,actual_openalex_reference,test,openalex_math
W2313027138,W2484424054,1,actual_openalex_reference,test,openalex_math
W2313027138,W4236542112,1,actual_openalex_reference,test,openalex_math
W2109385566,W1214703565,1,actual_openalex_reference,test,openalex_math
W2109385566,W1530054495,1,actual_openalex_reference,test,openalex_math
W2109385566,W1967229517,1,actual_openalex_reference,test,openalex_math
W2109385566,W1978479307,1,actual_openalex_reference,test,openalex_math
W2109385566,W1993049396,1,actual_openalex_reference,test,openalex_math
W2109385566,W2005187440,1,actual_openalex_reference,test,openalex_math
W2109385566,W2025068047,1,actual_openalex_reference,test,openalex_math
W2109385566,W2026039351,1,actual_openalex_reference,test,openalex_math
W2109385566,W2038929255,1,actual_openalex_reference,test,openalex_math
W2109385566,W2044817135,1,actual_openalex_reference,test,openalex_math
W2109385566,W2053324351,1,actual_openalex_reference,test,openalex_math
W2109385566,W2059912591,1,actual_openalex_reference,test,openalex_math
W2109385566,W2081184417,1,actual_openalex_reference,test,openalex_math
W2109385566,W2082446734,1,actual_openalex_reference,test,openalex_math
W2109385566,W2101614970,1,actual_openalex_reference,test,openalex_math
W2109385566,W2787959293,1,actual_openalex_reference,test,openalex_math
W2616467732,W1655928909,1,actual_openalex_reference,test,openalex_math
W2616467732,W1871058307,1,actual_openalex_reference,test,openalex_math
W2616467732,W1890576319,1,actual_openalex_reference,test,openalex_math
W2616467732,W2041026549,1,actual_openalex_reference,test,openalex_math
W2616467732,W2082435175,1,actual_openalex_reference,test,openalex_math
W2616467732,W2099298106,1,actual_openalex_reference,test,openalex_math
W2616467732,W2123565931,1,actual_openalex_reference,test,openalex_math
W2616467732,W2129511301,1,actual_openalex_reference,test,openalex_math
W2616467732,W2146012340,1,actual_openalex_reference,test,openalex_math
W2616467732,W2148816859,1,actual_openalex_reference,test,openalex_math
W2616467732,W2315421302,1,actual_openalex_reference,test,openalex_math
W2616467732,W2324728592,1,actual_openalex_reference,test,openalex_math
W2616467732,W2329451252,1,actual_openalex_reference,test,openalex_math
W2616467732,W2335063029,1,actual_openalex_reference,test,openalex_math
W2616467732,W2507742300,1,actual_openalex_reference,test,openalex_math
W2616467732,W2764769595,1,actual_openalex_reference,test,openalex_math
W2616467732,W2963319649,1,actual_openalex_reference,test,openalex_math
W2616467732,W4231123707,1,actual_openalex_reference,test,openalex_math
W2020613050,W181519832,1,actual_openalex_reference,test,openalex_math
W2020613050,W340634282,1,actual_openalex_reference,test,openalex_math
W2020613050,W1586581945,1,actual_openalex_reference,test,openalex_math
W2020613050,W1599500910,1,actual_openalex_reference,test,openalex_math
W2020613050,W1994223572,1,actual_openalex_reference,test,openalex_math
W2020613050,W2007767056,1,actual_openalex_reference,test,openalex_math
W2020613050,W2036445962,1,actual_openalex_reference,test,openalex_math
W2020613050,W2038205608,1,actual_openalex_reference,test,openalex_math
W2020613050,W2038631148,1,actual_openalex_reference,test,openalex_math
W2020613050,W2744499368,1,actual_openalex_reference,test,openalex_math
W2020613050,W4295022726,1,actual_openalex_reference,test,openalex_math
W2074515275,W1580809199,1,actual_openalex_reference,test,openalex_math
W2074515275,W2577719970,1,actual_openalex_reference,test,openalex_math
W2070603036,W1535631034,1,actual_openalex_reference,test,openalex_math
W2070603036,W1558653077,1,actual_openalex_reference,test,openalex_math
W2070603036,W1596655614,1,actual_openalex_reference,test,openalex_math
W2070603036,W1608353767,1,actual_openalex_reference,test,openalex_math
W2070603036,W2028714634,1,actual_openalex_reference,test,openalex_math
W2070603036,W2378970172,1,actual_openalex_reference,test,openalex_math
W2070603036,W4248427475,1,actual_openalex_reference,test,openalex_math
W2062705446,W128740895,1,actual_openalex_reference,test,openalex_math
W2062705446,W1969885119,1,actual_openalex_reference,test,openalex_math
W2062705446,W1990638774,1,actual_openalex_reference,test,openalex_math
W2062705446,W1991327072,1,actual_openalex_reference,test,openalex_math
W2062705446,W1994703820,1,actual_openalex_reference,test,openalex_math
W2062705446,W2016537926,1,actual_openalex_reference,test,openalex_math
W2062705446,W2026555063,1,actual_openalex_reference,test,openalex_math
W2062705446,W2043561051,1,actual_openalex_reference,test,openalex_math
W2062705446,W2054673836,1,actual_openalex_reference,test,openalex_math
W2062705446,W2092923243,1,actual_openalex_reference,test,openalex_math
W2062705446,W2156273867,1,actual_openalex_reference,test,openalex_math
W78726123,W129305155,1,actual_openalex_reference,test,openalex_math
W78726123,W1964934442,1,actual_openalex_reference,test,openalex_math
W78726123,W1990701202,1,actual_openalex_reference,test,openalex_math
W78726123,W2031377921,1,actual_openalex_reference,test,openalex_math
W78726123,W2060816262,1,actual_openalex_reference,test,openalex_math
W78726123,W2069353545,1,actual_openalex_reference,test,openalex_math
W78726123,W2903795409,1,actual_openalex_reference,test,openalex_math
W1515036375,W1963571964,1,actual_openalex_reference,test,openalex_math
W1515036375,W2037612300,1,actual_openalex_reference,test,openalex_math
W1515036375,W2327981788,1,actual_openalex_reference,test,openalex_math
W1515036375,W4248110954,1,actual_openalex_reference,test,openalex_math
W1987427496,W1981095488,1,actual_openalex_reference,test,openalex_math
W1987427496,W1997293856,1,actual_openalex_reference,test,openalex_math
W1987427496,W2058375219,1,actual_openalex_reference,test,openalex_math
W1987427496,W2068774711,1,actual_openalex_reference,test,openalex_math
W1987427496,W2317346699,1,actual_openalex_reference,test,openalex_math
W1987427496,W4248507539,1,actual_openalex_reference,test,openalex_math
W4213359824,W573026786,1,actual_openalex_reference,test,openalex_math
W4213359824,W2117352216,1,actual_openalex_reference,test,openalex_math
W4213359824,W2157220624,1,actual_openalex_reference,test,openalex_math
W4221157093,W1524433941,1,actual_openalex_reference,test,openalex_math
W4221157093,W1990745012,1,actual_openalex_reference,test,openalex_math
W4221157093,W2044027705,1,actual_openalex_reference,test,openalex_math
W4221157093,W2065357863,1,actual_openalex_reference,test,openalex_math
W4221157093,W2962718295,1,actual_openalex_reference,test,openalex_math
W4221157093,W2963582917,1,actual_openalex_reference,test,openalex_math
W4221157093,W2970889636,1,actual_openalex_reference,test,openalex_math
W4221157093,W3158148806,1,actual_openalex_reference,test,openalex_math
W4284974499,W1496871002,1,actual_openalex_reference,test,openalex_math
W4284974499,W1997518187,1,actual_openalex_reference,test,openalex_math
W4284974499,W2795287455,1,actual_openalex_reference,test,openalex_math
W4284974499,W2981568081,1,actual_openalex_reference,test,openalex_math
W4284974499,W3035447872,1,actual_openalex_reference,test,openalex_math
W4284974499,W3036605483,1,actual_openalex_reference,test,openalex_math
W4284974499,W3038070845,1,actual_openalex_reference,test,openalex_math
W4284974499,W4245044332,1,actual_openalex_reference,test,openalex_math
W4309099733,W835105322,1,actual_openalex_reference,test,openalex_math
W4309099733,W1551752519,1,actual_openalex_reference,test,openalex_math
W4309099733,W1990696036,1,actual_openalex_reference,test,openalex_math
W4309099733,W1994489091,1,actual_openalex_reference,test,openalex_math
W4309099733,W1998667995,1,actual_openalex_reference,test,openalex_math
W4309099733,W2004288298,1,actual_openalex_reference,test,openalex_math
W4309099733,W2008049885,1,actual_openalex_reference,test,openalex_math
W4309099733,W2009435671,1,actual_openalex_reference,test,openalex_math
W4309099733,W2014602125,1,actual_openalex_reference,test,openalex_math
W4309099733,W2019097437,1,actual_openalex_reference,test,openalex_math
W4309099733,W2024259619,1,actual_openalex_reference,test,openalex_math
W4309099733,W2025763283,1,actual_openalex_reference,test,openalex_math
W4309099733,W2029761439,1,actual_openalex_reference,test,openalex_math
W4309099733,W2034129988,1,actual_openalex_reference,test,openalex_math
W4309099733,W2048931622,1,actual_openalex_reference,test,openalex_math
W4309099733,W2050207700,1,actual_openalex_reference,test,openalex_math
W4309099733,W2050477027,1,actual_openalex_reference,test,openalex_math
W4309099733,W2062475458,1,actual_openalex_reference,test,openalex_math
W4309099733,W2083997653,1,actual_openalex_reference,test,openalex_math
W4309099733,W2094941901,1,actual_openalex_reference,test,openalex_math
W4309099733,W2108353030,1,actual_openalex_reference,test,openalex_math
W4309099733,W2110861991,1,actual_openalex_reference,test,openalex_math
W4309099733,W2141132827,1,actual_openalex_reference,test,openalex_math
W4309099733,W2141557714,1,actual_openalex_reference,test,openalex_math
W4309099733,W2142952677,1,actual_openalex_reference,test,openalex_math
W4309099733,W2165349741,1,actual_openalex_reference,test,openalex_math
W4309099733,W2167831223,1,actual_openalex_reference,test,openalex_math
W4309099733,W2167834874,1,actual_openalex_reference,test,openalex_math
W4309099733,W2168123107,1,actual_openalex_reference,test,openalex_math
W4309099733,W2322256252,1,actual_openalex_reference,test,openalex_math
W4309099733,W2334535890,1,actual_openalex_reference,test,openalex_math
W4309099733,W2406638554,1,actual_openalex_reference,test,openalex_math
W4309099733,W2735885447,1,actual_openalex_reference,test,openalex_math
W4309099733,W2802677150,1,actual_openalex_reference,test,openalex_math
W4309099733,W2904815814,1,actual_openalex_reference,test,openalex_math
W4309099733,W2936317493,1,actual_openalex_reference,test,openalex_math
W4309099733,W2962859847,1,actual_openalex_reference,test,openalex_math
W4309099733,W3023723741,1,actual_openalex_reference,test,openalex_math
W4309099733,W3133061416,1,actual_openalex_reference,test,openalex_math
W4309099733,W3195521540,1,actual_openalex_reference,test,openalex_math
W4309099733,W4200249392,1,actual_openalex_reference,test,openalex_math
W4309099733,W4232029634,1,actual_openalex_reference,test,openalex_math
W4280490547,W1591340849,1,actual_openalex_reference,test,openalex_math
W4285266287,W2465777822,1,actual_openalex_reference,test,openalex_math
W4285266287,W2611428787,1,actual_openalex_reference,test,openalex_math
W4285266287,W3004906315,1,actual_openalex_reference,test,openalex_math
W4285266287,W3005079553,1,actual_openalex_reference,test,openalex_math
W4285266287,W3008827533,1,actual_openalex_reference,test,openalex_math
W4285266287,W3010061930,1,actual_openalex_reference,test,openalex_math
W4285266287,W3014294089,1,actual_openalex_reference,test,openalex_math
W4285266287,W3016535995,1,actual_openalex_reference,test,openalex_math
W4285266287,W3019406601,1,actual_openalex_reference,test,openalex_math
W4285266287,W3034393029,1,actual_openalex_reference,test,openalex_math
W4285266287,W3039483477,1,actual_openalex_reference,test,openalex_math
W4285266287,W3044574658,1,actual_openalex_reference,test,openalex_math
W4285266287,W3046804168,1,actual_openalex_reference,test,openalex_math
W4285266287,W3082087988,1,actual_openalex_reference,test,openalex_math
W4285266287,W3092307218,1,actual_openalex_reference,test,openalex_math
W4285266287,W3096301242,1,actual_openalex_reference,test,openalex_math
W4285266287,W3102409480,1,actual_openalex_reference,test,openalex_math
W4285266287,W3116959229,1,actual_openalex_reference,test,openalex_math
W4285266287,W3125706830,1,actual_openalex_reference,test,openalex_math
W4285266287,W3211905197,1,actual_openalex_reference,test,openalex_math
W4206492858,W121355339,1,actual_openalex_reference,test,openalex_math
W4280533022,W1966304038,1,actual_openalex_reference,test,openalex_math
W4280533022,W1968783088,1,actual_openalex_reference,test,openalex_math
W4280533022,W1980615654,1,actual_openalex_reference,test,openalex_math
W4280533022,W1999050633,1,actual_openalex_reference,test,openalex_math
W4280533022,W2068200257,1,actual_openalex_reference,test,openalex_math
W4280533022,W2076983043,1,actual_openalex_reference,test,openalex_math
W4280533022,W2142635246,1,actual_openalex_reference,test,openalex_math
W4280533022,W2158460879,1,actual_openalex_reference,test,openalex_math
W4280533022,W2186598396,1,actual_openalex_reference,test,openalex_math
W4280533022,W2324853082,1,actual_openalex_reference,test,openalex_math
W4280533022,W2726651130,1,actual_openalex_reference,test,openalex_math
W4280533022,W2962930040,1,actual_openalex_reference,test,openalex_math
W4280533022,W3113036829,1,actual_openalex_reference,test,openalex_math
W4280533022,W4252860753,1,actual_openalex_reference,test,openalex_math
W4307468203,W571856966,1,actual_openalex_reference,test,openalex_math
W4307468203,W639275978,1,actual_openalex_reference,test,openalex_math
W4307468203,W2127908361,1,actual_openalex_reference,test,openalex_math
W4307468203,W2157118033,1,actual_openalex_reference,test,openalex_math
W4307468203,W2735897763,1,actual_openalex_reference,test,openalex_math
W4307468203,W2993518108,1,actual_openalex_reference,test,openalex_math
W4307468203,W3129725192,1,actual_openalex_reference,test,openalex_math
W4307468203,W3163099492,1,actual_openalex_reference,test,openalex_math
W3045271595,W1547213141,1,actual_openalex_reference,test,openalex_math
W3045271595,W1617948289,1,actual_openalex_reference,test,openalex_math
W3045271595,W1640079905,1,actual_openalex_reference,test,openalex_math
W3045271595,W1641073798,1,actual_openalex_reference,test,openalex_math
W3045271595,W1659381005,1,actual_openalex_reference,test,openalex_math
W3045271595,W2078033670,1,actual_openalex_reference,test,openalex_math
W3045271595,W2257987086,1,actual_openalex_reference,test,openalex_math
W3045271595,W2323672355,1,actual_openalex_reference,test,openalex_math
W3045271595,W2803712319,1,actual_openalex_reference,test,openalex_math
W3045271595,W2902836555,1,actual_openalex_reference,test,openalex_math
W3045271595,W2962721894,1,actual_openalex_reference,test,openalex_math
W3045271595,W3104400200,1,actual_openalex_reference,test,openalex_math
W3045271595,W3104899121,1,actual_openalex_reference,test,openalex_math
W4205105490,W76583795,1,actual_openalex_reference,test,openalex_math
W4205105490,W102469069,1,actual_openalex_reference,test,openalex_math
W4205105490,W219756053,1,actual_openalex_reference,test,openalex_math
W4205105490,W1579371164,1,actual_openalex_reference,test,openalex_math
W4205105490,W1590904419,1,actual_openalex_reference,test,openalex_math
W4205105490,W1967573895,1,actual_openalex_reference,test,openalex_math
W4205105490,W2899944544,1,actual_openalex_reference,test,openalex_math
W4205105490,W2968170494,1,actual_openalex_reference,test,openalex_math
W4205105490,W3166671146,1,actual_openalex_reference,test,openalex_math
W4205105490,W3206033292,1,actual_openalex_reference,test,openalex_math
W4312363026,W1511944115,1,actual_openalex_reference,test,openalex_math
W4312363026,W2001428199,1,actual_openalex_reference,test,openalex_math
W4312363026,W2007638845,1,actual_openalex_reference,test,openalex_math
W4312363026,W2024431131,1,actual_openalex_reference,test,openalex_math
W4312363026,W2034942263,1,actual_openalex_reference,test,openalex_math
W4312363026,W2037696230,1,actual_openalex_reference,test,openalex_math
W4312363026,W2058270372,1,actual_openalex_reference,test,openalex_math
W4312363026,W2072038568,1,actual_openalex_reference,test,openalex_math
W4312363026,W2090930259,1,actual_openalex_reference,test,openalex_math
W4312363026,W2148660036,1,actual_openalex_reference,test,openalex_math
W4312363026,W2603154707,1,actual_openalex_reference,test,openalex_math
W4312363026,W2980095992,1,actual_openalex_reference,test,openalex_math
W4312363026,W3000116174,1,actual_openalex_reference,test,openalex_math
W4302303837,W599494534,1,actual_openalex_reference,test,openalex_math
W4302303837,W1495330969,1,actual_openalex_reference,test,openalex_math
W4302303837,W1507308980,1,actual_openalex_reference,test,openalex_math
W4302303837,W1698081298,1,actual_openalex_reference,test,openalex_math
W4302303837,W1852328762,1,actual_openalex_reference,test,openalex_math
W4302303837,W1971964999,1,actual_openalex_reference,test,openalex_math
W4302303837,W2124843334,1,actual_openalex_reference,test,openalex_math
W4302303837,W2586962102,1,actual_openalex_reference,test,openalex_math
W4302303837,W2784800054,1,actual_openalex_reference,test,openalex_math
W4302303837,W2962971609,1,actual_openalex_reference,test,openalex_math
W4302303837,W3101247397,1,actual_openalex_reference,test,openalex_math
W4302303837,W3154509770,1,actual_openalex_reference,test,openalex_math
W4302303837,W4230058301,1,actual_openalex_reference,test,openalex_math
W4302303837,W4250349255,1,actual_openalex_reference,test,openalex_math
W4297998620,W2135319864,1,actual_openalex_reference,test,openalex_math
W4297998620,W2531393819,1,actual_openalex_reference,test,openalex_math
W4297998620,W2821370354,1,actual_openalex_reference,test,openalex_math
W4297998620,W2896142427,1,actual_openalex_reference,test,openalex_math
W4297998620,W2948334756,1,actual_openalex_reference,test,openalex_math
W4297998620,W2950652224,1,actual_openalex_reference,test,openalex_math
W4297998620,W2969094000,1,actual_openalex_reference,test,openalex_math
W4297998620,W3001428562,1,actual_openalex_reference,test,openalex_math
W4297998620,W3120890940,1,actual_openalex_reference,test,openalex_math
W4297998620,W3128026112,1,actual_openalex_reference,test,openalex_math
W4297998620,W3138555798,1,actual_openalex_reference,test,openalex_math
W4297998620,W3142760409,1,actual_openalex_reference,test,openalex_math
W4297998620,W3171214350,1,actual_openalex_reference,test,openalex_math
W4297998620,W3208363738,1,actual_openalex_reference,test,openalex_math
W4297998620,W3209564437,1,actual_openalex_reference,test,openalex_math
W3167991882,W608536718,1,actual_openalex_reference,test,openalex_math
W3167991882,W1507051877,1,actual_openalex_reference,test,openalex_math
W3167991882,W2007690447,1,actual_openalex_reference,test,openalex_math
W3167991882,W2215996609,1,actual_openalex_reference,test,openalex_math
W3167991882,W2592355791,1,actual_openalex_reference,test,openalex_math
W3167991882,W2963558784,1,actual_openalex_reference,test,openalex_math
W3167991882,W3040999455,1,actual_openalex_reference,test,openalex_math
W4307988439,W206706296,1,actual_openalex_reference,test,openalex_math
W4307988439,W1556290211,1,actual_openalex_reference,test,openalex_math
W4307988439,W1583277614,1,actual_openalex_reference,test,openalex_math
W4307988439,W1966394151,1,actual_openalex_reference,test,openalex_math
W4307988439,W1995119847,1,actual_openalex_reference,test,openalex_math
W4307988439,W2036144551,1,actual_openalex_reference,test,openalex_math
W4307988439,W2040669081,1,actual_openalex_reference,test,openalex_math
W4307988439,W2086244482,1,actual_openalex_reference,test,openalex_math
W4307988439,W2144354454,1,actual_openalex_reference,test,openalex_math
W4307988439,W2164720223,1,actual_openalex_reference,test,openalex_math
W4307988439,W2311276019,1,actual_openalex_reference,test,openalex_math
W4307988439,W2319181950,1,actual_openalex_reference,test,openalex_math
W4307988439,W3103643510,1,actual_openalex_reference,test,openalex_math
W4307988439,W4241897277,1,actual_openalex_reference,test,openalex_math
W4317928728,W2164154509,1,actual_openalex_reference,test,openalex_math
W4317928728,W2326458810,1,actual_openalex_reference,test,openalex_math
W4317928728,W2372477902,1,actual_openalex_reference,test,openalex_math
W4296986573,W73266745,1,actual_openalex_reference,test,openalex_math
W4296986573,W1986737305,1,actual_openalex_reference,test,openalex_math
W4296986573,W1996240038,1,actual_openalex_reference,test,openalex_math
W4296986573,W2004344075,1,actual_openalex_reference,test,openalex_math
W4296986573,W2062953194,1,actual_openalex_reference,test,openalex_math
W4296986573,W2195059120,1,actual_openalex_reference,test,openalex_math
W4296986573,W2282242445,1,actual_openalex_reference,test,openalex_math
W4296986573,W2330072023,1,actual_openalex_reference,test,openalex_math
W4296986573,W2754660485,1,actual_openalex_reference,test,openalex_math
W4220768525,W593898368,1,actual_openalex_reference,test,openalex_math
W4307409631,W2031521898,1,actual_openalex_reference,test,openalex_math
W4307409631,W2065986550,1,actual_openalex_reference,test,openalex_math
W4307409631,W2951836462,1,actual_openalex_reference,test,openalex_math
W4307409631,W4366730346,1,actual_openalex_reference,test,openalex_math
W4229031068,W1928911989,1,actual_openalex_reference,test,openalex_math
W4229031068,W1983762366,1,actual_openalex_reference,test,openalex_math
W4229031068,W2008557562,1,actual_openalex_reference,test,openalex_math
W4229031068,W2009187570,1,actual_openalex_reference,test,openalex_math
W4229031068,W2022450888,1,actual_openalex_reference,test,openalex_math
W4229031068,W2166689328,1,actual_openalex_reference,test,openalex_math
W4229031068,W2921722304,1,actual_openalex_reference,test,openalex_math
W4229031068,W4223429478,1,actual_openalex_reference,test,openalex_math
W4229031068,W4248112284,1,actual_openalex_reference,test,openalex_math
W4361853647,W191284434,1,actual_openalex_reference,test,openalex_math
W4361853647,W569646276,1,actual_openalex_reference,test,openalex_math
W4361853647,W586702236,1,actual_openalex_reference,test,openalex_math
W4361853647,W1542421775,1,actual_openalex_reference,test,openalex_math
W4361853647,W2006363103,1,actual_openalex_reference,test,openalex_math
W4361853647,W2171173601,1,actual_openalex_reference,test,openalex_math
W4361853647,W2621978635,1,actual_openalex_reference,test,openalex_math
W4361853647,W2909043374,1,actual_openalex_reference,test,openalex_math
W4361853647,W3006948401,1,actual_openalex_reference,test,openalex_math
W4361853647,W3008362410,1,actual_openalex_reference,test,openalex_math
W4361853647,W3195687226,1,actual_openalex_reference,test,openalex_math
W4361853647,W4313213382,1,actual_openalex_reference,test,openalex_math
W4225258829,W1525415266,1,actual_openalex_reference,test,openalex_math
W4225258829,W1541500649,1,actual_openalex_reference,test,openalex_math
W4225258829,W1971081516,1,actual_openalex_reference,test,openalex_math
W4225258829,W2026570372,1,actual_openalex_reference,test,openalex_math
W4225258829,W2052490530,1,actual_openalex_reference,test,openalex_math
W4225258829,W2076754425,1,actual_openalex_reference,test,openalex_math
W4225258829,W2080673463,1,actual_openalex_reference,test,openalex_math
W4225258829,W2088753711,1,actual_openalex_reference,test,openalex_math
W4225258829,W2781979321,1,actual_openalex_reference,test,openalex_math
W4225258829,W2887170085,1,actual_openalex_reference,test,openalex_math
W4225258829,W2911871281,1,actual_openalex_reference,test,openalex_math
W4225258829,W2999392993,1,actual_openalex_reference,test,openalex_math
W4225258829,W3032039486,1,actual_openalex_reference,test,openalex_math
W4293058239,W1780385472,1,actual_openalex_reference,test,openalex_math
W4226017373,W433794350,1,actual_openalex_reference,test,openalex_math
W4226017373,W2402511393,1,actual_openalex_reference,test,openalex_math
W4226017373,W2512437304,1,actual_openalex_reference,test,openalex_math
W4226017373,W2766622549,1,actual_openalex_reference,test,openalex_math
W4226017373,W2921858328,1,actual_openalex_reference,test,openalex_math
W4226017373,W3006918306,1,actual_openalex_reference,test,openalex_math
W4226017373,W3027423968,1,actual_openalex_reference,test,openalex_math
W4226017373,W3204701474,1,actual_openalex_reference,test,openalex_math
W4226017373,W4205505602,1,actual_openalex_reference,test,openalex_math
W4206649868,W2077076018,1,actual_openalex_reference,test,openalex_math
W4206649868,W2260950247,1,actual_openalex_reference,test,openalex_math
W4206649868,W2620153755,1,actual_openalex_reference,test,openalex_math
W4206649868,W2736014075,1,actual_openalex_reference,test,openalex_math
W4206649868,W2766558606,1,actual_openalex_reference,test,openalex_math
W4206649868,W2889246061,1,actual_openalex_reference,test,openalex_math
W4206649868,W2904092171,1,actual_openalex_reference,test,openalex_math
W4206649868,W2922014076,1,actual_openalex_reference,test,openalex_math
W4206649868,W2960545788,1,actual_openalex_reference,test,openalex_math
W4206649868,W3042436329,1,actual_openalex_reference,test,openalex_math
W4206649868,W3081723483,1,actual_openalex_reference,test,openalex_math
W4206649868,W3159521042,1,actual_openalex_reference,test,openalex_math
W4286484555,W1965717729,1,actual_openalex_reference,test,openalex_math
W4286484555,W1968346944,1,actual_openalex_reference,test,openalex_math
W4286484555,W2008197960,1,actual_openalex_reference,test,openalex_math
W4286484555,W2014581807,1,actual_openalex_reference,test,openalex_math
W4286484555,W2017966270,1,actual_openalex_reference,test,openalex_math
W4286484555,W2029974256,1,actual_openalex_reference,test,openalex_math
W4286484555,W2034465608,1,actual_openalex_reference,test,openalex_math
W4286484555,W2045274607,1,actual_openalex_reference,test,openalex_math
W4286484555,W2049633694,1,actual_openalex_reference,test,openalex_math
W4286484555,W2058512798,1,actual_openalex_reference,test,openalex_math
W4286484555,W2065016647,1,actual_openalex_reference,test,openalex_math
W4286484555,W2072172905,1,actual_openalex_reference,test,openalex_math
W4286484555,W2072221629,1,actual_openalex_reference,test,openalex_math
W4286484555,W2077192207,1,actual_openalex_reference,test,openalex_math
W4286484555,W2079360233,1,actual_openalex_reference,test,openalex_math
W4286484555,W2088200753,1,actual_openalex_reference,test,openalex_math
W4286484555,W2090692107,1,actual_openalex_reference,test,openalex_math
W4286484555,W2137954153,1,actual_openalex_reference,test,openalex_math
W4286484555,W2142045810,1,actual_openalex_reference,test,openalex_math
W4286484555,W2144673831,1,actual_openalex_reference,test,openalex_math
W4286484555,W2147098768,1,actual_openalex_reference,test,openalex_math
W4286484555,W2165418049,1,actual_openalex_reference,test,openalex_math
W4286484555,W2171835083,1,actual_openalex_reference,test,openalex_math
W4286484555,W2279294491,1,actual_openalex_reference,test,openalex_math
W4286484555,W2477689071,1,actual_openalex_reference,test,openalex_math
W4286484555,W2533329771,1,actual_openalex_reference,test,openalex_math
W4286484555,W2537229494,1,actual_openalex_reference,test,openalex_math
W4286484555,W2786707421,1,actual_openalex_reference,test,openalex_math
W4286484555,W2938580236,1,actual_openalex_reference,test,openalex_math
W4286484555,W3133584557,1,actual_openalex_reference,test,openalex_math
W4286484555,W3162275395,1,actual_openalex_reference,test,openalex_math
W4286484555,W3179929918,1,actual_openalex_reference,test,openalex_math
W4286484555,W4200580604,1,actual_openalex_reference,test,openalex_math
W4286484555,W4237032073,1,actual_openalex_reference,test,openalex_math
W4286484555,W4241635929,1,actual_openalex_reference,test,openalex_math
W4286484555,W4248978042,1,actual_openalex_reference,test,openalex_math
W4286484555,W4249303585,1,actual_openalex_reference,test,openalex_math
W3093056992,W1495403728,1,actual_openalex_reference,test,openalex_math
W3093056992,W1519801683,1,actual_openalex_reference,test,openalex_math
W3093056992,W1600109968,1,actual_openalex_reference,test,openalex_math
W3093056992,W1964006031,1,actual_openalex_reference,test,openalex_math
W3093056992,W2093778792,1,actual_openalex_reference,test,openalex_math
W3093056992,W2129870193,1,actual_openalex_reference,test,openalex_math
W3093056992,W3027523353,1,actual_openalex_reference,test,openalex_math
W4213197358,W1989330902,1,actual_openalex_reference,test,openalex_math
W4213197358,W2032516076,1,actual_openalex_reference,test,openalex_math
W4213197358,W2304095314,1,actual_openalex_reference,test,openalex_math
W4213197358,W2315817029,1,actual_openalex_reference,test,openalex_math
W4213197358,W2334828983,1,actual_openalex_reference,test,openalex_math
W4213197358,W2947508680,1,actual_openalex_reference,test,openalex_math
W4213197358,W3113810321,1,actual_openalex_reference,test,openalex_math
W4213197358,W3168417475,1,actual_openalex_reference,test,openalex_math
W4213197358,W4236982033,1,actual_openalex_reference,test,openalex_math
W4213197358,W4248720520,1,actual_openalex_reference,test,openalex_math
W4283262454,W841845957,1,actual_openalex_reference,test,openalex_math
W4283262454,W925338039,1,actual_openalex_reference,test,openalex_math
W4283262454,W1500952842,1,actual_openalex_reference,test,openalex_math
W4283262454,W1557857086,1,actual_openalex_reference,test,openalex_math
W4283262454,W1975548461,1,actual_openalex_reference,test,openalex_math
W4283262454,W1979758809,1,actual_openalex_reference,test,openalex_math
W4283262454,W1996152482,1,actual_openalex_reference,test,openalex_math
W4283262454,W2004449584,1,actual_openalex_reference,test,openalex_math
W4283262454,W2020256037,1,actual_openalex_reference,test,openalex_math
W4283262454,W2030433049,1,actual_openalex_reference,test,openalex_math
W4283262454,W2081520019,1,actual_openalex_reference,test,openalex_math
W4283262454,W2124827882,1,actual_openalex_reference,test,openalex_math
W4283262454,W2134240083,1,actual_openalex_reference,test,openalex_math
W4283262454,W2135773227,1,actual_openalex_reference,test,openalex_math
W4283262454,W2145952093,1,actual_openalex_reference,test,openalex_math
W4283262454,W2167829184,1,actual_openalex_reference,test,openalex_math
W4283262454,W2170729688,1,actual_openalex_reference,test,openalex_math
W4283262454,W2318282425,1,actual_openalex_reference,test,openalex_math
W4283262454,W2318865848,1,actual_openalex_reference,test,openalex_math
W4283262454,W2924236054,1,actual_openalex_reference,test,openalex_math
W4283262454,W4394669912,1,actual_openalex_reference,test,openalex_math
W4212960156,W3007298159,1,actual_openalex_reference,test,openalex_math
W4212960156,W3016053819,1,actual_openalex_reference,test,openalex_math
W4212960156,W3027223127,1,actual_openalex_reference,test,openalex_math
W4212960156,W3092342242,1,actual_openalex_reference,test,openalex_math
W4212960156,W3161410581,1,actual_openalex_reference,test,openalex_math
W4212960156,W3166719420,1,actual_openalex_reference,test,openalex_math
W4212960156,W3170347848,1,actual_openalex_reference,test,openalex_math
W4311874431,W1558528656,1,actual_openalex_reference,test,openalex_math
W4311874431,W1567388844,1,actual_openalex_reference,test,openalex_math
W4311874431,W1894480176,1,actual_openalex_reference,test,openalex_math
W4311874431,W1976986337,1,actual_openalex_reference,test,openalex_math
W4311874431,W1980604590,1,actual_openalex_reference,test,openalex_math
W4311874431,W1983369964,1,actual_openalex_reference,test,openalex_math
W4311874431,W1990910798,1,actual_openalex_reference,test,openalex_math
W4311874431,W2004152702,1,actual_openalex_reference,test,openalex_math
W4311874431,W2005028755,1,actual_openalex_reference,test,openalex_math
W4311874431,W2016428803,1,actual_openalex_reference,test,openalex_math
W4311874431,W2024258957,1,actual_openalex_reference,test,openalex_math
W4311874431,W2037812500,1,actual_openalex_reference,test,openalex_math
W4311874431,W2041650868,1,actual_openalex_reference,test,openalex_math
W4311874431,W2077528259,1,actual_openalex_reference,test,openalex_math
W4311874431,W2099773315,1,actual_openalex_reference,test,openalex_math
W4311874431,W2119836827,1,actual_openalex_reference,test,openalex_math
W4311874431,W2127058163,1,actual_openalex_reference,test,openalex_math
W4311874431,W2141244878,1,actual_openalex_reference,test,openalex_math
W4311874431,W2145607422,1,actual_openalex_reference,test,openalex_math
W4311874431,W2151642301,1,actual_openalex_reference,test,openalex_math
W4311874431,W2582925234,1,actual_openalex_reference,test,openalex_math
W4311874431,W2783893220,1,actual_openalex_reference,test,openalex_math
W4311874431,W2918026133,1,actual_openalex_reference,test,openalex_math
W4311874431,W3081408929,1,actual_openalex_reference,test,openalex_math
W4311874431,W3093614699,1,actual_openalex_reference,test,openalex_math
W4311874431,W3101541546,1,actual_openalex_reference,test,openalex_math
W4311874431,W3127595700,1,actual_openalex_reference,test,openalex_math
W4311874431,W3183705723,1,actual_openalex_reference,test,openalex_math
W4311874431,W3203267487,1,actual_openalex_reference,test,openalex_math
W4311874431,W3204553423,1,actual_openalex_reference,test,openalex_math
W4311420211,W2097446414,1,actual_openalex_reference,test,openalex_math
W4311420211,W2178225550,1,actual_openalex_reference,test,openalex_math
W4311420211,W2495491024,1,actual_openalex_reference,test,openalex_math
W4311420211,W2786228106,1,actual_openalex_reference,test,openalex_math
W4311420211,W3033744573,1,actual_openalex_reference,test,openalex_math
W4311420211,W3046956252,1,actual_openalex_reference,test,openalex_math
W4311420211,W3049025963,1,actual_openalex_reference,test,openalex_math
W4311420211,W3096132521,1,actual_openalex_reference,test,openalex_math
W4311420211,W3115689304,1,actual_openalex_reference,test,openalex_math
W4311420211,W3117790548,1,actual_openalex_reference,test,openalex_math
W4311420211,W3122204993,1,actual_openalex_reference,test,openalex_math
W4311420211,W3156066706,1,actual_openalex_reference,test,openalex_math
W4311420211,W3163373071,1,actual_openalex_reference,test,openalex_math
W4311420211,W3167374515,1,actual_openalex_reference,test,openalex_math
W4311420211,W3185659100,1,actual_openalex_reference,test,openalex_math
W4311420211,W3193780134,1,actual_openalex_reference,test,openalex_math
W4311420211,W3213121237,1,actual_openalex_reference,test,openalex_math
W4311420211,W4393923397,1,actual_openalex_reference,test,openalex_math
W2792912057,W1671098680,1,actual_openalex_reference,test,openalex_math
W2792912057,W1870973791,1,actual_openalex_reference,test,openalex_math
W2792912057,W2090898225,1,actual_openalex_reference,test,openalex_math
W2792912057,W2331165194,1,actual_openalex_reference,test,openalex_math
W2792912057,W2484400708,1,actual_openalex_reference,test,openalex_math
W2792912057,W2730755481,1,actual_openalex_reference,test,openalex_math
W2792912057,W4302539692,1,actual_openalex_reference,test,openalex_math
W4313142221,W3196911992,1,actual_openalex_reference,test,openalex_math
W4313142221,W3216041380,1,actual_openalex_reference,test,openalex_math
W4313142221,W3216460605,1,actual_openalex_reference,test,openalex_math
W4313142221,W3217803944,1,actual_openalex_reference,test,openalex_math
W4313142221,W4281671696,1,actual_openalex_reference,test,openalex_math
W4313142221,W4285328760,1,actual_openalex_reference,test,openalex_math
W4313142221,W4312696941,1,actual_openalex_reference,test,openalex_math
W4210730839,W68385830,1,actual_openalex_reference,test,openalex_math
W4210730839,W1642629289,1,actual_openalex_reference,test,openalex_math
W4210730839,W1963696426,1,actual_openalex_reference,test,openalex_math
W4210730839,W1965291455,1,actual_openalex_reference,test,openalex_math
W4210730839,W1973739053,1,actual_openalex_reference,test,openalex_math
W4210730839,W1979605396,1,actual_openalex_reference,test,openalex_math
W4210730839,W2004254641,1,actual_openalex_reference,test,openalex_math
W4210730839,W2007525461,1,actual_openalex_reference,test,openalex_math
W4210730839,W2018709096,1,actual_openalex_reference,test,openalex_math
W4210730839,W2028008307,1,actual_openalex_reference,test,openalex_math
W4210730839,W2040415121,1,actual_openalex_reference,test,openalex_math
W4210730839,W2051559159,1,actual_openalex_reference,test,openalex_math
W4210730839,W2052810501,1,actual_openalex_reference,test,openalex_math
W4210730839,W2053671895,1,actual_openalex_reference,test,openalex_math
W4210730839,W2056282802,1,actual_openalex_reference,test,openalex_math
W4210730839,W2066854251,1,actual_openalex_reference,test,openalex_math
W4210730839,W2077864489,1,actual_openalex_reference,test,openalex_math
W4210730839,W2086940259,1,actual_openalex_reference,test,openalex_math
W4210730839,W2087564223,1,actual_openalex_reference,test,openalex_math
W4210730839,W2091476351,1,actual_openalex_reference,test,openalex_math
W4210730839,W2098363741,1,actual_openalex_reference,test,openalex_math
W4210730839,W2103018629,1,actual_openalex_reference,test,openalex_math
W4210730839,W2116341229,1,actual_openalex_reference,test,openalex_math
W4210730839,W2148016544,1,actual_openalex_reference,test,openalex_math
W4210730839,W2160753910,1,actual_openalex_reference,test,openalex_math
W4210730839,W2593491450,1,actual_openalex_reference,test,openalex_math
W4210730839,W2617467014,1,actual_openalex_reference,test,openalex_math
W4210730839,W2806230351,1,actual_openalex_reference,test,openalex_math
W4210730839,W2963425074,1,actual_openalex_reference,test,openalex_math
W4210730839,W2963529199,1,actual_openalex_reference,test,openalex_math
W4210730839,W2964113298,1,actual_openalex_reference,test,openalex_math
W4210730839,W3010978165,1,actual_openalex_reference,test,openalex_math
W4210730839,W3101360385,1,actual_openalex_reference,test,openalex_math
W4210730839,W3104059867,1,actual_openalex_reference,test,openalex_math
W4312820253,W426966069,1,actual_openalex_reference,test,openalex_math
W4312820253,W1427740085,1,actual_openalex_reference,test,openalex_math
W4312820253,W2011474167,1,actual_openalex_reference,test,openalex_math
W4312820253,W2034416609,1,actual_openalex_reference,test,openalex_math
W4312820253,W2059869453,1,actual_openalex_reference,test,openalex_math
W4312820253,W2135273195,1,actual_openalex_reference,test,openalex_math
W4312820253,W2148024466,1,actual_openalex_reference,test,openalex_math
W4312820253,W2149965852,1,actual_openalex_reference,test,openalex_math
W4312820253,W2161995086,1,actual_openalex_reference,test,openalex_math
W4312820253,W2604420104,1,actual_openalex_reference,test,openalex_math
W4312820253,W2769193325,1,actual_openalex_reference,test,openalex_math
W4312820253,W2921587072,1,actual_openalex_reference,test,openalex_math
W4312820253,W2927061467,1,actual_openalex_reference,test,openalex_math
W4312820253,W3004693296,1,actual_openalex_reference,test,openalex_math
W4312820253,W3048441001,1,actual_openalex_reference,test,openalex_math
W4312820253,W3098928556,1,actual_openalex_reference,test,openalex_math
W4312820253,W3133217152,1,actual_openalex_reference,test,openalex_math
W4312820253,W3136881235,1,actual_openalex_reference,test,openalex_math
W4312820253,W3146109331,1,actual_openalex_reference,test,openalex_math
W4312820253,W3157378780,1,actual_openalex_reference,test,openalex_math
W4312820253,W3160704514,1,actual_openalex_reference,test,openalex_math
W4312820253,W3181987106,1,actual_openalex_reference,test,openalex_math
W4312820253,W4313166083,1,actual_openalex_reference,test,openalex_math
W3198896681,W122814957,1,actual_openalex_reference,test,openalex_math
W3198896681,W1491799158,1,actual_openalex_reference,test,openalex_math
W3198896681,W1498090724,1,actual_openalex_reference,test,openalex_math
W3198896681,W1588010908,1,actual_openalex_reference,test,openalex_math
W3198896681,W1703994914,1,actual_openalex_reference,test,openalex_math
W3198896681,W1968413948,1,actual_openalex_reference,test,openalex_math
W3198896681,W1994772612,1,actual_openalex_reference,test,openalex_math
W3198896681,W2007001260,1,actual_openalex_reference,test,openalex_math
W3198896681,W2065025740,1,actual_openalex_reference,test,openalex_math
W3198896681,W2103597054,1,actual_openalex_reference,test,openalex_math
W3198896681,W2165383569,1,actual_openalex_reference,test,openalex_math
W3198896681,W2269722188,1,actual_openalex_reference,test,openalex_math
W3198896681,W2742558668,1,actual_openalex_reference,test,openalex_math
W3198896681,W2752167844,1,actual_openalex_reference,test,openalex_math
W3198896681,W2783053943,1,actual_openalex_reference,test,openalex_math
W3198896681,W2891027304,1,actual_openalex_reference,test,openalex_math
W3198896681,W2897179403,1,actual_openalex_reference,test,openalex_math
W3198896681,W2909268792,1,actual_openalex_reference,test,openalex_math
W3198896681,W2963120506,1,actual_openalex_reference,test,openalex_math
W3198896681,W2963556770,1,actual_openalex_reference,test,openalex_math
W3198896681,W2963575904,1,actual_openalex_reference,test,openalex_math
W3198896681,W2977245801,1,actual_openalex_reference,test,openalex_math
W3198896681,W3012497254,1,actual_openalex_reference,test,openalex_math
W3198896681,W3042159002,1,actual_openalex_reference,test,openalex_math
W3198896681,W3098881765,1,actual_openalex_reference,test,openalex_math
W3198896681,W3149356242,1,actual_openalex_reference,test,openalex_math
W3198896681,W3157325166,1,actual_openalex_reference,test,openalex_math
W3198896681,W3177533348,1,actual_openalex_reference,test,openalex_math
W3198896681,W3195494388,1,actual_openalex_reference,test,openalex_math
W3198896681,W4245491353,1,actual_openalex_reference,test,openalex_math
W4223993915,W1913957972,1,actual_openalex_reference,test,openalex_math
W4223993915,W1971223956,1,actual_openalex_reference,test,openalex_math
W4223993915,W2003993603,1,actual_openalex_reference,test,openalex_math
W4223993915,W2014543370,1,actual_openalex_reference,test,openalex_math
W4223993915,W2018201949,1,actual_openalex_reference,test,openalex_math
W4223993915,W2031028430,1,actual_openalex_reference,test,openalex_math
W4223993915,W2034886023,1,actual_openalex_reference,test,openalex_math
W4223993915,W2048552865,1,actual_openalex_reference,test,openalex_math
W4223993915,W2052934174,1,actual_openalex_reference,test,openalex_math
W4223993915,W2071666535,1,actual_openalex_reference,test,openalex_math
W4223993915,W2095968500,1,actual_openalex_reference,test,openalex_math
W4223993915,W2127143236,1,actual_openalex_reference,test,openalex_math
W4223993915,W2129748849,1,actual_openalex_reference,test,openalex_math
W4223993915,W2134368355,1,actual_openalex_reference,test,openalex_math
W4223993915,W2149608872,1,actual_openalex_reference,test,openalex_math
W4223993915,W2327277685,1,actual_openalex_reference,test,openalex_math
W4223993915,W2582743722,1,actual_openalex_reference,test,openalex_math
W4214946372,W68436435,1,actual_openalex_reference,test,openalex_math
W4214946372,W1249696972,1,actual_openalex_reference,test,openalex_math
W4214946372,W1536497620,1,actual_openalex_reference,test,openalex_math
W4214946372,W1638753340,1,actual_openalex_reference,test,openalex_math
W4214946372,W1642956628,1,actual_openalex_reference,test,openalex_math
W4214946372,W1966359789,1,actual_openalex_reference,test,openalex_math
W4214946372,W1968208665,1,actual_openalex_reference,test,openalex_math
W4214946372,W1974234363,1,actual_openalex_reference,test,openalex_math
W4214946372,W1981244178,1,actual_openalex_reference,test,openalex_math
W4214946372,W1996467017,1,actual_openalex_reference,test,openalex_math
W4214946372,W2000439279,1,actual_openalex_reference,test,openalex_math
W4214946372,W2001994823,1,actual_openalex_reference,test,openalex_math
W4214946372,W2003344033,1,actual_openalex_reference,test,openalex_math
W4214946372,W2017436910,1,actual_openalex_reference,test,openalex_math
W4214946372,W2018220145,1,actual_openalex_reference,test,openalex_math
W4214946372,W2019837960,1,actual_openalex_reference,test,openalex_math
W4214946372,W2021196173,1,actual_openalex_reference,test,openalex_math
W4214946372,W2027255954,1,actual_openalex_reference,test,openalex_math
W4214946372,W2031520681,1,actual_openalex_reference,test,openalex_math
W4214946372,W2032113267,1,actual_openalex_reference,test,openalex_math
W4214946372,W2035062376,1,actual_openalex_reference,test,openalex_math
W4214946372,W2041511033,1,actual_openalex_reference,test,openalex_math
W4214946372,W2044147389,1,actual_openalex_reference,test,openalex_math
W4214946372,W2047897586,1,actual_openalex_reference,test,openalex_math
W4214946372,W2061340962,1,actual_openalex_reference,test,openalex_math
W4214946372,W2086573335,1,actual_openalex_reference,test,openalex_math
W4214946372,W2094081351,1,actual_openalex_reference,test,openalex_math
W4214946372,W2097137621,1,actual_openalex_reference,test,openalex_math
W4214946372,W2117897510,1,actual_openalex_reference,test,openalex_math
W4214946372,W2142499192,1,actual_openalex_reference,test,openalex_math
W4214946372,W2143834603,1,actual_openalex_reference,test,openalex_math
W4214946372,W2157409405,1,actual_openalex_reference,test,openalex_math
W4214946372,W2159401492,1,actual_openalex_reference,test,openalex_math
W4214946372,W2285678726,1,actual_openalex_reference,test,openalex_math
W4214946372,W2316175917,1,actual_openalex_reference,test,openalex_math
W4214946372,W2411488064,1,actual_openalex_reference,test,openalex_math
W4214946372,W2414830033,1,actual_openalex_reference,test,openalex_math
W4214946372,W2567520607,1,actual_openalex_reference,test,openalex_math
W4214946372,W2577537660,1,actual_openalex_reference,test,openalex_math
W4214946372,W2742569683,1,actual_openalex_reference,test,openalex_math
W4214946372,W2782670000,1,actual_openalex_reference,test,openalex_math
W4214946372,W2801776818,1,actual_openalex_reference,test,openalex_math
W4214946372,W2962909381,1,actual_openalex_reference,test,openalex_math
W4214946372,W4240665608,1,actual_openalex_reference,test,openalex_math
W4214946372,W4242428533,1,actual_openalex_reference,test,openalex_math
W4214946372,W4411217512,1,actual_openalex_reference,test,openalex_math
W2973027961,W1809529033,1,actual_openalex_reference,test,openalex_math
W2973027961,W1970929351,1,actual_openalex_reference,test,openalex_math
W2973027961,W1973522506,1,actual_openalex_reference,test,openalex_math
W2973027961,W1995226557,1,actual_openalex_reference,test,openalex_math
W2973027961,W2020532905,1,actual_openalex_reference,test,openalex_math
W2973027961,W2031558625,1,actual_openalex_reference,test,openalex_math
W2973027961,W2065598743,1,actual_openalex_reference,test,openalex_math
W2973027961,W2096010345,1,actual_openalex_reference,test,openalex_math
W2973027961,W2120076230,1,actual_openalex_reference,test,openalex_math
W2973027961,W2139067386,1,actual_openalex_reference,test,openalex_math
W2973027961,W2760496220,1,actual_openalex_reference,test,openalex_math
W2973027961,W2802739963,1,actual_openalex_reference,test,openalex_math
W2973027961,W2889711298,1,actual_openalex_reference,test,openalex_math
W2973027961,W2890204623,1,actual_openalex_reference,test,openalex_math
W2973027961,W2952053819,1,actual_openalex_reference,test,openalex_math
W2973027961,W2963859154,1,actual_openalex_reference,test,openalex_math
W4283078105,W1965809110,1,actual_openalex_reference,test,openalex_math
W4283078105,W1991196338,1,actual_openalex_reference,test,openalex_math
W4283078105,W1991222150,1,actual_openalex_reference,test,openalex_math
W4283078105,W1992734705,1,actual_openalex_reference,test,openalex_math
W4283078105,W2014174447,1,actual_openalex_reference,test,openalex_math
W4283078105,W2033274010,1,actual_openalex_reference,test,openalex_math
W4283078105,W2042321764,1,actual_openalex_reference,test,openalex_math
W4283078105,W2049835284,1,actual_openalex_reference,test,openalex_math
W4283078105,W2053526147,1,actual_openalex_reference,test,openalex_math
W4283078105,W2054178991,1,actual_openalex_reference,test,openalex_math
W4283078105,W2054338222,1,actual_openalex_reference,test,openalex_math
W4283078105,W2056855771,1,actual_openalex_reference,test,openalex_math
W4283078105,W2057353642,1,actual_openalex_reference,test,openalex_math
W4283078105,W2097330897,1,actual_openalex_reference,test,openalex_math
W4283078105,W2103080710,1,actual_openalex_reference,test,openalex_math
W4283078105,W2103921488,1,actual_openalex_reference,test,openalex_math
W4283078105,W2109685530,1,actual_openalex_reference,test,openalex_math
W4283078105,W2130504044,1,actual_openalex_reference,test,openalex_math
W4283078105,W2133306370,1,actual_openalex_reference,test,openalex_math
W4283078105,W2136603912,1,actual_openalex_reference,test,openalex_math
W4283078105,W2142584883,1,actual_openalex_reference,test,openalex_math
W4283078105,W2144971894,1,actual_openalex_reference,test,openalex_math
W4283078105,W2146066714,1,actual_openalex_reference,test,openalex_math
W4283078105,W2168409888,1,actual_openalex_reference,test,openalex_math
W4283078105,W2556785020,1,actual_openalex_reference,test,openalex_math
W4283078105,W2696367218,1,actual_openalex_reference,test,openalex_math
W4283078105,W2805764211,1,actual_openalex_reference,test,openalex_math
W4283078105,W3102873973,1,actual_openalex_reference,test,openalex_math
W4283078105,W4247468611,1,actual_openalex_reference,test,openalex_math
W4283078105,W4252689165,1,actual_openalex_reference,test,openalex_math
W4283078105,W4253935414,1,actual_openalex_reference,test,openalex_math
W3195538177,W1981606737,1,actual_openalex_reference,test,openalex_math
W3195538177,W1985514943,1,actual_openalex_reference,test,openalex_math
W3195538177,W1991428776,1,actual_openalex_reference,test,openalex_math
W3195538177,W1994427047,1,actual_openalex_reference,test,openalex_math
W3195538177,W2004292347,1,actual_openalex_reference,test,openalex_math
W3195538177,W2005388202,1,actual_openalex_reference,test,openalex_math
W3195538177,W2015057610,1,actual_openalex_reference,test,openalex_math
W3195538177,W2023166574,1,actual_openalex_reference,test,openalex_math
W3195538177,W2027390033,1,actual_openalex_reference,test,openalex_math
W3195538177,W2040886047,1,actual_openalex_reference,test,openalex_math
W3195538177,W2064039105,1,actual_openalex_reference,test,openalex_math
W3195538177,W2068276287,1,actual_openalex_reference,test,openalex_math
W3195538177,W2070803806,1,actual_openalex_reference,test,openalex_math
W3195538177,W2090441553,1,actual_openalex_reference,test,openalex_math
W3195538177,W2109841311,1,actual_openalex_reference,test,openalex_math
W3195538177,W2110064215,1,actual_openalex_reference,test,openalex_math
W3195538177,W2111527197,1,actual_openalex_reference,test,openalex_math
W3195538177,W2140057505,1,actual_openalex_reference,test,openalex_math
W3195538177,W2143891888,1,actual_openalex_reference,test,openalex_math
W3195538177,W2276180824,1,actual_openalex_reference,test,openalex_math
W3195538177,W2552949058,1,actual_openalex_reference,test,openalex_math
W3195538177,W2894268512,1,actual_openalex_reference,test,openalex_math
W3195538177,W2908623690,1,actual_openalex_reference,test,openalex_math
W3195538177,W2962717928,1,actual_openalex_reference,test,openalex_math
W3195538177,W2963180359,1,actual_openalex_reference,test,openalex_math
W3195538177,W2964281409,1,actual_openalex_reference,test,openalex_math
W3195538177,W2981677239,1,actual_openalex_reference,test,openalex_math
W3195538177,W3038263685,1,actual_openalex_reference,test,openalex_math
W3195538177,W3049541739,1,actual_openalex_reference,test,openalex_math
W3195538177,W3080357748,1,actual_openalex_reference,test,openalex_math
W3195538177,W3090264570,1,actual_openalex_reference,test,openalex_math
W3195538177,W3111233659,1,actual_openalex_reference,test,openalex_math
W3195538177,W3158878907,1,actual_openalex_reference,test,openalex_math
W3195538177,W3158963212,1,actual_openalex_reference,test,openalex_math
W3195538177,W3159380771,1,actual_openalex_reference,test,openalex_math
W3195538177,W3195056696,1,actual_openalex_reference,test,openalex_math
W3195538177,W4247899490,1,actual_openalex_reference,test,openalex_math
W4214904536,W1530054495,1,actual_openalex_reference,test,openalex_math
W4214904536,W1992619775,1,actual_openalex_reference,test,openalex_math
W4214904536,W2015882123,1,actual_openalex_reference,test,openalex_math
W4214904536,W2022499714,1,actual_openalex_reference,test,openalex_math
W4214904536,W2043465319,1,actual_openalex_reference,test,openalex_math
W4214904536,W2534104693,1,actual_openalex_reference,test,openalex_math
W4214904536,W2787959293,1,actual_openalex_reference,test,openalex_math
W4214904536,W2925180401,1,actual_openalex_reference,test,openalex_math
W4214904536,W3003913739,1,actual_openalex_reference,test,openalex_math
W4214904536,W3133658918,1,actual_openalex_reference,test,openalex_math
W4214904536,W3161869913,1,actual_openalex_reference,test,openalex_math
W4214904536,W3175274978,1,actual_openalex_reference,test,openalex_math
W4312804033,W1534068219,1,actual_openalex_reference,test,openalex_math
W4312804033,W1970088021,1,actual_openalex_reference,test,openalex_math
W4312804033,W1991581564,1,actual_openalex_reference,test,openalex_math
W4312804033,W2026614188,1,actual_openalex_reference,test,openalex_math
W4312804033,W2046948756,1,actual_openalex_reference,test,openalex_math
W4312804033,W2053224670,1,actual_openalex_reference,test,openalex_math
W4312804033,W2106226212,1,actual_openalex_reference,test,openalex_math
W4312804033,W2111280161,1,actual_openalex_reference,test,openalex_math
W4312804033,W2597032537,1,actual_openalex_reference,test,openalex_math
W4312804033,W2929379250,1,actual_openalex_reference,test,openalex_math
W4312804033,W2995812194,1,actual_openalex_reference,test,openalex_math
W4312804033,W3045639733,1,actual_openalex_reference,test,openalex_math
W4312804033,W3082024070,1,actual_openalex_reference,test,openalex_math
W4312804033,W3217578944,1,actual_openalex_reference,test,openalex_math
W4312804033,W4236937695,1,actual_openalex_reference,test,openalex_math
W4312804033,W4238188161,1,actual_openalex_reference,test,openalex_math
W4312804033,W4300136168,1,actual_openalex_reference,test,openalex_math
W4312804033,W4318832169,1,actual_openalex_reference,test,openalex_math
W4290793596,W145132230,1,actual_openalex_reference,test,openalex_math
W4290793596,W2061043245,1,actual_openalex_reference,test,openalex_math
W4290793596,W2076324945,1,actual_openalex_reference,test,openalex_math
W4290793596,W2101926311,1,actual_openalex_reference,test,openalex_math
W4290793596,W2103619609,1,actual_openalex_reference,test,openalex_math
W4290793596,W2105276379,1,actual_openalex_reference,test,openalex_math
W4290793596,W2107929732,1,actual_openalex_reference,test,openalex_math
W4290793596,W2124553726,1,actual_openalex_reference,test,openalex_math
W4290793596,W2129941846,1,actual_openalex_reference,test,openalex_math
W4290793596,W2153740423,1,actual_openalex_reference,test,openalex_math
W4290793596,W2736114761,1,actual_openalex_reference,test,openalex_math
W4290793596,W2793076801,1,actual_openalex_reference,test,openalex_math
W4290793596,W2794023831,1,actual_openalex_reference,test,openalex_math
W4290793596,W2908470519,1,actual_openalex_reference,test,openalex_math
W4290793596,W3042998632,1,actual_openalex_reference,test,openalex_math
W4290793596,W3146438176,1,actual_openalex_reference,test,openalex_math
W4290793596,W3165436536,1,actual_openalex_reference,test,openalex_math
W4226458547,W1993482030,1,actual_openalex_reference,test,openalex_math
W4226458547,W1999136078,1,actual_openalex_reference,test,openalex_math
W4226458547,W2024165284,1,actual_openalex_reference,test,openalex_math
W4226458547,W2091449379,1,actual_openalex_reference,test,openalex_math
W4226458547,W2145962650,1,actual_openalex_reference,test,openalex_math
W4226458547,W2149532724,1,actual_openalex_reference,test,openalex_math
W4226458547,W2161041254,1,actual_openalex_reference,test,openalex_math
W4226458547,W2412278696,1,actual_openalex_reference,test,openalex_math
W4226458547,W2910457605,1,actual_openalex_reference,test,openalex_math
W4226458547,W2936546798,1,actual_openalex_reference,test,openalex_math
W4226458547,W2963379633,1,actual_openalex_reference,test,openalex_math
W4226458547,W2963885538,1,actual_openalex_reference,test,openalex_math
W4226458547,W3035784087,1,actual_openalex_reference,test,openalex_math
W4285092912,W1982242314,1,actual_openalex_reference,test,openalex_math
W4285092912,W1984783141,1,actual_openalex_reference,test,openalex_math
W4285092912,W2122735658,1,actual_openalex_reference,test,openalex_math
W4285092912,W2143168132,1,actual_openalex_reference,test,openalex_math
W4285092912,W2998850455,1,actual_openalex_reference,test,openalex_math
W4285092912,W3106537204,1,actual_openalex_reference,test,openalex_math
W4285092912,W4285110383,1,actual_openalex_reference,test,openalex_math
W4302029042,W1965125844,1,actual_openalex_reference,test,openalex_math
W4302029042,W1972454289,1,actual_openalex_reference,test,openalex_math
W4302029042,W1975684011,1,actual_openalex_reference,test,openalex_math
W4302029042,W1981798552,1,actual_openalex_reference,test,openalex_math
W4302029042,W1984078429,1,actual_openalex_reference,test,openalex_math
W4302029042,W1986705681,1,actual_openalex_reference,test,openalex_math
W4302029042,W1998940730,1,actual_openalex_reference,test,openalex_math
W4302029042,W2000373737,1,actual_openalex_reference,test,openalex_math
W4302029042,W2011261394,1,actual_openalex_reference,test,openalex_math
W4302029042,W2012658469,1,actual_openalex_reference,test,openalex_math
W4302029042,W2013498625,1,actual_openalex_reference,test,openalex_math
W4302029042,W2027910983,1,actual_openalex_reference,test,openalex_math
W4302029042,W2035959221,1,actual_openalex_reference,test,openalex_math
W4302029042,W2047187111,1,actual_openalex_reference,test,openalex_math
W4302029042,W2058248640,1,actual_openalex_reference,test,openalex_math
W4302029042,W2065787672,1,actual_openalex_reference,test,openalex_math
W4302029042,W2066627012,1,actual_openalex_reference,test,openalex_math
W4302029042,W2067390747,1,actual_openalex_reference,test,openalex_math
W4302029042,W2074682976,1,actual_openalex_reference,test,openalex_math
W4302029042,W2079952799,1,actual_openalex_reference,test,openalex_math
W4302029042,W2096734231,1,actual_openalex_reference,test,openalex_math
W4302029042,W2097880821,1,actual_openalex_reference,test,openalex_math
W4302029042,W2098931866,1,actual_openalex_reference,test,openalex_math
W4302029042,W2102133987,1,actual_openalex_reference,test,openalex_math
W4302029042,W2106298710,1,actual_openalex_reference,test,openalex_math
W4302029042,W2110065044,1,actual_openalex_reference,test,openalex_math
W4302029042,W2117725786,1,actual_openalex_reference,test,openalex_math
W4302029042,W2118673550,1,actual_openalex_reference,test,openalex_math
W4302029042,W2129984443,1,actual_openalex_reference,test,openalex_math
W4302029042,W2130939988,1,actual_openalex_reference,test,openalex_math
W4302029042,W2135544586,1,actual_openalex_reference,test,openalex_math
W4302029042,W2140435154,1,actual_openalex_reference,test,openalex_math
W4302029042,W2141495777,1,actual_openalex_reference,test,openalex_math
W4302029042,W2141954357,1,actual_openalex_reference,test,openalex_math
W4302029042,W2149144946,1,actual_openalex_reference,test,openalex_math
W4302029042,W2149199519,1,actual_openalex_reference,test,openalex_math
W4302029042,W2164985671,1,actual_openalex_reference,test,openalex_math
W4302029042,W2167063649,1,actual_openalex_reference,test,openalex_math
W4302029042,W2169043705,1,actual_openalex_reference,test,openalex_math
W4302029042,W2236833089,1,actual_openalex_reference,test,openalex_math
W4302029042,W2257742059,1,actual_openalex_reference,test,openalex_math
W4302029042,W2305653947,1,actual_openalex_reference,test,openalex_math
W4302029042,W2305754340,1,actual_openalex_reference,test,openalex_math
W4302029042,W2314052258,1,actual_openalex_reference,test,openalex_math
W4302029042,W2360906891,1,actual_openalex_reference,test,openalex_math
W4302029042,W2476265589,1,actual_openalex_reference,test,openalex_math
W4302029042,W2550712619,1,actual_openalex_reference,test,openalex_math
W4302029042,W2592187169,1,actual_openalex_reference,test,openalex_math
W4302029042,W2593314860,1,actual_openalex_reference,test,openalex_math
W4302029042,W2765083428,1,actual_openalex_reference,test,openalex_math
W4302029042,W2788036298,1,actual_openalex_reference,test,openalex_math
W4302029042,W2792314523,1,actual_openalex_reference,test,openalex_math
W4302029042,W2924988089,1,actual_openalex_reference,test,openalex_math
W4302029042,W2944505189,1,actual_openalex_reference,test,openalex_math
W4302029042,W2963782844,1,actual_openalex_reference,test,openalex_math
W4302029042,W3007824980,1,actual_openalex_reference,test,openalex_math
W4302029042,W3025112866,1,actual_openalex_reference,test,openalex_math
W4302029042,W3092096127,1,actual_openalex_reference,test,openalex_math
W4302029042,W3101581381,1,actual_openalex_reference,test,openalex_math
W4302029042,W3147894994,1,actual_openalex_reference,test,openalex_math
W4302029042,W4205236456,1,actual_openalex_reference,test,openalex_math
W4302029042,W4246301410,1,actual_openalex_reference,test,openalex_math
W4302029042,W4294541781,1,actual_openalex_reference,test,openalex_math
W4406620442,W1553915646,1,actual_openalex_reference,test,openalex_math
W4406620442,W2013004700,1,actual_openalex_reference,test,openalex_math
W4406620442,W2028479162,1,actual_openalex_reference,test,openalex_math
W4406620442,W2074137416,1,actual_openalex_reference,test,openalex_math
W4406620442,W2091305559,1,actual_openalex_reference,test,openalex_math
W4406620442,W2152619933,1,actual_openalex_reference,test,openalex_math
W4406620442,W2223195010,1,actual_openalex_reference,test,openalex_math
W4406620442,W2234570989,1,actual_openalex_reference,test,openalex_math
W4406620442,W2577882051,1,actual_openalex_reference,test,openalex_math
W4406620442,W2966018605,1,actual_openalex_reference,test,openalex_math
W4406620442,W3157922807,1,actual_openalex_reference,test,openalex_math
W4406620442,W4220852546,1,actual_openalex_reference,test,openalex_math
W4406620442,W4237501463,1,actual_openalex_reference,test,openalex_math
W4383111528,W1608553670,1,actual_openalex_reference,test,openalex_math
W4383111528,W1871796395,1,actual_openalex_reference,test,openalex_math
W4383111528,W1979447633,1,actual_openalex_reference,test,openalex_math
W4383111528,W1980338416,1,actual_openalex_reference,test,openalex_math
W4383111528,W1989898472,1,actual_openalex_reference,test,openalex_math
W4383111528,W2046234722,1,actual_openalex_reference,test,openalex_math
W4383111528,W2048430744,1,actual_openalex_reference,test,openalex_math
W4383111528,W2080145983,1,actual_openalex_reference,test,openalex_math
W4383111528,W2103914594,1,actual_openalex_reference,test,openalex_math
W4383111528,W2113131123,1,actual_openalex_reference,test,openalex_math
W4383111528,W2135918514,1,actual_openalex_reference,test,openalex_math
W4383111528,W2324440847,1,actual_openalex_reference,test,openalex_math
W4383111528,W4233159976,1,actual_openalex_reference,test,openalex_math
W4402556931,W1040423921,1,actual_openalex_reference,test,openalex_math
W4402556931,W1504685514,1,actual_openalex_reference,test,openalex_math
W4402556931,W1649553227,1,actual_openalex_reference,test,openalex_math
W4402556931,W1965319603,1,actual_openalex_reference,test,openalex_math
W4402556931,W1988194564,1,actual_openalex_reference,test,openalex_math
W4402556931,W1997708779,1,actual_openalex_reference,test,openalex_math
W4402556931,W1998737367,1,actual_openalex_reference,test,openalex_math
W4402556931,W2000812965,1,actual_openalex_reference,test,openalex_math
W4402556931,W2029350379,1,actual_openalex_reference,test,openalex_math
W4402556931,W2052701395,1,actual_openalex_reference,test,openalex_math
W4402556931,W2065032802,1,actual_openalex_reference,test,openalex_math
W4402556931,W2072651582,1,actual_openalex_reference,test,openalex_math
W4402556931,W2084015721,1,actual_openalex_reference,test,openalex_math
W4402556931,W2087184281,1,actual_openalex_reference,test,openalex_math
W4402556931,W2090938461,1,actual_openalex_reference,test,openalex_math
W4402556931,W2091706150,1,actual_openalex_reference,test,openalex_math
W4402556931,W2112138997,1,actual_openalex_reference,test,openalex_math
W4402556931,W2117218580,1,actual_openalex_reference,test,openalex_math
W4402556931,W2243690352,1,actual_openalex_reference,test,openalex_math
W4402556931,W2320682340,1,actual_openalex_reference,test,openalex_math
W4402556931,W2586229828,1,actual_openalex_reference,test,openalex_math
W4402556931,W2586715583,1,actual_openalex_reference,test,openalex_math
W4402556931,W2791507745,1,actual_openalex_reference,test,openalex_math
W4402556931,W2992633789,1,actual_openalex_reference,test,openalex_math
W4402556931,W3158176640,1,actual_openalex_reference,test,openalex_math
W4402556931,W3171952250,1,actual_openalex_reference,test,openalex_math
W4402556931,W4247281639,1,actual_openalex_reference,test,openalex_math
W4402556931,W4299957141,1,actual_openalex_reference,test,openalex_math
W7153102395,W41049822,1,actual_openalex_reference,test,openalex_math
W7153102395,W1974239058,1,actual_openalex_reference,test,openalex_math
W7153102395,W2049924195,1,actual_openalex_reference,test,openalex_math
W7153102395,W2056760934,1,actual_openalex_reference,test,openalex_math
W7153102395,W2075423353,1,actual_openalex_reference,test,openalex_math
W7153102395,W2082804416,1,actual_openalex_reference,test,openalex_math
W7153102395,W2085377061,1,actual_openalex_reference,test,openalex_math
W7153102395,W2092878742,1,actual_openalex_reference,test,openalex_math
W7153102395,W2169010042,1,actual_openalex_reference,test,openalex_math
W7153102395,W2460039406,1,actual_openalex_reference,test,openalex_math
W7153102395,W2605411073,1,actual_openalex_reference,test,openalex_math
W7153102395,W2768791864,1,actual_openalex_reference,test,openalex_math
W7153102395,W2909706684,1,actual_openalex_reference,test,openalex_math
W7153102395,W3097923182,1,actual_openalex_reference,test,openalex_math
W7153102395,W3118298155,1,actual_openalex_reference,test,openalex_math
W7153102395,W3163610509,1,actual_openalex_reference,test,openalex_math
W7153102395,W3204008826,1,actual_openalex_reference,test,openalex_math
W7153102395,W3215212073,1,actual_openalex_reference,test,openalex_math
W7153102395,W4211142166,1,actual_openalex_reference,test,openalex_math
W7153102395,W4312010555,1,actual_openalex_reference,test,openalex_math
W7153102395,W4384560282,1,actual_openalex_reference,test,openalex_math
W7153102395,W4388482558,1,actual_openalex_reference,test,openalex_math
W7153102395,W4394839007,1,actual_openalex_reference,test,openalex_math
W7153102395,W4404960060,1,actual_openalex_reference,test,openalex_math
W7153102395,W4410383487,1,actual_openalex_reference,test,openalex_math
W7153102395,W4417105962,1,actual_openalex_reference,test,openalex_math
W7124453002,W2166667242,1,actual_openalex_reference,test,openalex_math
W7124453002,W2333080640,1,actual_openalex_reference,test,openalex_math
W7124453002,W2626064283,1,actual_openalex_reference,test,openalex_math
W7124453002,W2688701525,1,actual_openalex_reference,test,openalex_math
W7124453002,W3058603555,1,actual_openalex_reference,test,openalex_math
W7124453002,W3087741932,1,actual_openalex_reference,test,openalex_math
W7124453002,W3089261898,1,actual_openalex_reference,test,openalex_math
W7124453002,W3118392995,1,actual_openalex_reference,test,openalex_math
W7124453002,W3203600218,1,actual_openalex_reference,test,openalex_math
W7124453002,W4226066273,1,actual_openalex_reference,test,openalex_math
W7124453002,W4379536693,1,actual_openalex_reference,test,openalex_math
W7124453002,W4387341097,1,actual_openalex_reference,test,openalex_math
W7124453002,W4405862608,1,actual_openalex_reference,test,openalex_math
W7161940700,W2008171597,1,actual_openalex_reference,test,openalex_math
W7161940700,W2070277404,1,actual_openalex_reference,test,openalex_math
W7161940700,W2077136456,1,actual_openalex_reference,test,openalex_math
W7161940700,W2472971179,1,actual_openalex_reference,test,openalex_math
W7161940700,W4244689643,1,actual_openalex_reference,test,openalex_math
W7148797377,W1990449922,1,actual_openalex_reference,test,openalex_math
W7148797377,W2007395202,1,actual_openalex_reference,test,openalex_math
W7148797377,W2015569623,1,actual_openalex_reference,test,openalex_math
W7148797377,W2016513933,1,actual_openalex_reference,test,openalex_math
W7148797377,W2031261804,1,actual_openalex_reference,test,openalex_math
W7148797377,W2035679598,1,actual_openalex_reference,test,openalex_math
W7148797377,W2064782073,1,actual_openalex_reference,test,openalex_math
W7148797377,W2072240935,1,actual_openalex_reference,test,openalex_math
W7148797377,W2077666635,1,actual_openalex_reference,test,openalex_math
W7148797377,W2086573335,1,actual_openalex_reference,test,openalex_math
W7148797377,W2524491821,1,actual_openalex_reference,test,openalex_math
W7148797377,W2797333853,1,actual_openalex_reference,test,openalex_math
W7148797377,W4210688903,1,actual_openalex_reference,test,openalex_math
W7148797377,W4249335406,1,actual_openalex_reference,test,openalex_math
W7148797377,W4293483756,1,actual_openalex_reference,test,openalex_math
W7148797377,W4297563401,1,actual_openalex_reference,test,openalex_math
W7162004946,W1423766661,1,actual_openalex_reference,test,openalex_math
W7162004946,W1543240216,1,actual_openalex_reference,test,openalex_math
W7162004946,W1972388887,1,actual_openalex_reference,test,openalex_math
W7162004946,W2019447419,1,actual_openalex_reference,test,openalex_math
W7162004946,W2022119541,1,actual_openalex_reference,test,openalex_math
W7162004946,W2084007633,1,actual_openalex_reference,test,openalex_math
W7162004946,W2119318698,1,actual_openalex_reference,test,openalex_math
W7162004946,W2120996482,1,actual_openalex_reference,test,openalex_math
W7162004946,W2125283006,1,actual_openalex_reference,test,openalex_math
W7162004946,W2126096214,1,actual_openalex_reference,test,openalex_math
W7162004946,W2132917208,1,actual_openalex_reference,test,openalex_math
W7162004946,W2165612525,1,actual_openalex_reference,test,openalex_math
W7162004946,W2172151487,1,actual_openalex_reference,test,openalex_math
W7162004946,W2404401223,1,actual_openalex_reference,test,openalex_math
W7162004946,W2477604043,1,actual_openalex_reference,test,openalex_math
W7162004946,W2890654160,1,actual_openalex_reference,test,openalex_math
W7162004946,W2946668669,1,actual_openalex_reference,test,openalex_math
W7162004946,W3012066402,1,actual_openalex_reference,test,openalex_math
W7162004946,W3157304178,1,actual_openalex_reference,test,openalex_math
W7162004946,W4391889225,1,actual_openalex_reference,test,openalex_math
W4408379349,W26752199,1,actual_openalex_reference,test,openalex_math
W4408379349,W1842412249,1,actual_openalex_reference,test,openalex_math
W4408379349,W1992511794,1,actual_openalex_reference,test,openalex_math
W4408379349,W2612978016,1,actual_openalex_reference,test,openalex_math
W4408379349,W2990847091,1,actual_openalex_reference,test,openalex_math
W4408379349,W4254993802,1,actual_openalex_reference,test,openalex_math
W4408379349,W4382361638,1,actual_openalex_reference,test,openalex_math
W4409395786,W1862851964,1,actual_openalex_reference,test,openalex_math
W4409395786,W2006062300,1,actual_openalex_reference,test,openalex_math
W4409395786,W2018386240,1,actual_openalex_reference,test,openalex_math
W4409395786,W2028829385,1,actual_openalex_reference,test,openalex_math
W4409395786,W2088871076,1,actual_openalex_reference,test,openalex_math
W4409395786,W2090444608,1,actual_openalex_reference,test,openalex_math
W4409395786,W2104470097,1,actual_openalex_reference,test,openalex_math
W4409395786,W2157415009,1,actual_openalex_reference,test,openalex_math
W4409395786,W2171032518,1,actual_openalex_reference,test,openalex_math
W4409395786,W2583419491,1,actual_openalex_reference,test,openalex_math
W4409395786,W2617445378,1,actual_openalex_reference,test,openalex_math
W4409395786,W2777393993,1,actual_openalex_reference,test,openalex_math
W4409395786,W2796258693,1,actual_openalex_reference,test,openalex_math
W4409395786,W2886368623,1,actual_openalex_reference,test,openalex_math
W4409395786,W2923413722,1,actual_openalex_reference,test,openalex_math
W4409395786,W2976281835,1,actual_openalex_reference,test,openalex_math
W4409395786,W2979881179,1,actual_openalex_reference,test,openalex_math
W4409395786,W3181403444,1,actual_openalex_reference,test,openalex_math
W4409395786,W3189879141,1,actual_openalex_reference,test,openalex_math
W4409395786,W4200094736,1,actual_openalex_reference,test,openalex_math
W4409395786,W4224290022,1,actual_openalex_reference,test,openalex_math
W4409395786,W4225783347,1,actual_openalex_reference,test,openalex_math
W4409395786,W4281611423,1,actual_openalex_reference,test,openalex_math
W4409395786,W4293089772,1,actual_openalex_reference,test,openalex_math
W4409395786,W4361301875,1,actual_openalex_reference,test,openalex_math
W4409395786,W4387956100,1,actual_openalex_reference,test,openalex_math
W4409395786,W4389310122,1,actual_openalex_reference,test,openalex_math
W4409395786,W4390108686,1,actual_openalex_reference,test,openalex_math
W4409395786,W4392353962,1,actual_openalex_reference,test,openalex_math
W4409395786,W4393152145,1,actual_openalex_reference,test,openalex_math
W4407217200,W1986883647,1,actual_openalex_reference,test,openalex_math
W4407217200,W2014641041,1,actual_openalex_reference,test,openalex_math
W4407217200,W2200761462,1,actual_openalex_reference,test,openalex_math
W4407217200,W2285076289,1,actual_openalex_reference,test,openalex_math
W4407217200,W2621725983,1,actual_openalex_reference,test,openalex_math
W4407217200,W2768010379,1,actual_openalex_reference,test,openalex_math
W4407217200,W2957104403,1,actual_openalex_reference,test,openalex_math
W4407217200,W2967051234,1,actual_openalex_reference,test,openalex_math
W4407217200,W3011971369,1,actual_openalex_reference,test,openalex_math
W4407217200,W3016239243,1,actual_openalex_reference,test,openalex_math
W4407217200,W3082795004,1,actual_openalex_reference,test,openalex_math
W4407217200,W3101376403,1,actual_openalex_reference,test,openalex_math
W4407217200,W3111153114,1,actual_openalex_reference,test,openalex_math
W4407217200,W3133335722,1,actual_openalex_reference,test,openalex_math
W4407217200,W3155925612,1,actual_openalex_reference,test,openalex_math
W4407217200,W3164014073,1,actual_openalex_reference,test,openalex_math
W4407217200,W4308747581,1,actual_openalex_reference,test,openalex_math
W4407217200,W4385740014,1,actual_openalex_reference,test,openalex_math
W4407217200,W4387138494,1,actual_openalex_reference,test,openalex_math
W4407217200,W4388965466,1,actual_openalex_reference,test,openalex_math
W4407217200,W4390629892,1,actual_openalex_reference,test,openalex_math
W4400234701,W40890042,1,actual_openalex_reference,test,openalex_math
W4400234701,W1963826206,1,actual_openalex_reference,test,openalex_math
W4400234701,W2048695508,1,actual_openalex_reference,test,openalex_math
W4400234701,W2081297271,1,actual_openalex_reference,test,openalex_math
W4400234701,W2091449379,1,actual_openalex_reference,test,openalex_math
W4400234701,W2115829001,1,actual_openalex_reference,test,openalex_math
W4400234701,W2117368434,1,actual_openalex_reference,test,openalex_math
W4400234701,W2154965732,1,actual_openalex_reference,test,openalex_math
W4400234701,W2163907500,1,actual_openalex_reference,test,openalex_math
W4400234701,W2292124520,1,actual_openalex_reference,test,openalex_math
W4400234701,W2518642309,1,actual_openalex_reference,test,openalex_math
W4400234701,W2782904003,1,actual_openalex_reference,test,openalex_math
W4400234701,W2914231700,1,actual_openalex_reference,test,openalex_math
W4400234701,W2954397327,1,actual_openalex_reference,test,openalex_math
W4400234701,W2965446129,1,actual_openalex_reference,test,openalex_math
W4400234701,W3035382666,1,actual_openalex_reference,test,openalex_math
W4400234701,W3047551250,1,actual_openalex_reference,test,openalex_math
W4400234701,W3168356791,1,actual_openalex_reference,test,openalex_math
W4400234701,W4283214706,1,actual_openalex_reference,test,openalex_math
W4400234701,W4327778768,1,actual_openalex_reference,test,openalex_math
W4400234701,W4393360919,1,actual_openalex_reference,test,openalex_math
W4386135939,W612104938,1,actual_openalex_reference,test,openalex_math
W4386135939,W638631832,1,actual_openalex_reference,test,openalex_math
W4386135939,W1564263151,1,actual_openalex_reference,test,openalex_math
W4386135939,W1972241390,1,actual_openalex_reference,test,openalex_math
W4386135939,W2018416277,1,actual_openalex_reference,test,openalex_math
W4386135939,W2022977156,1,actual_openalex_reference,test,openalex_math
W4386135939,W2158257479,1,actual_openalex_reference,test,openalex_math
W4386135939,W2523744840,1,actual_openalex_reference,test,openalex_math
W4386135939,W3135659746,1,actual_openalex_reference,test,openalex_math
W4386135939,W4241481000,1,actual_openalex_reference,test,openalex_math
W4366829670,W2057715074,1,actual_openalex_reference,test,openalex_math
W4366829670,W2231439918,1,actual_openalex_reference,test,openalex_math
W4366829670,W2340348564,1,actual_openalex_reference,test,openalex_math
W4366829670,W2588604001,1,actual_openalex_reference,test,openalex_math
W4366829670,W2912215743,1,actual_openalex_reference,test,openalex_math
W4366829670,W3162464328,1,actual_openalex_reference,test,openalex_math
W4366829670,W3163873911,1,actual_openalex_reference,test,openalex_math
W4366829670,W4200284276,1,actual_openalex_reference,test,openalex_math
W4366829670,W4224286731,1,actual_openalex_reference,test,openalex_math
W4366829670,W4307944524,1,actual_openalex_reference,test,openalex_math
W4366829670,W4312256283,1,actual_openalex_reference,test,openalex_math
W4397037633,W2043332044,1,actual_openalex_reference,test,openalex_math
W4397037633,W2339748031,1,actual_openalex_reference,test,openalex_math
W4397037633,W2898847101,1,actual_openalex_reference,test,openalex_math
W4397037633,W2940632847,1,actual_openalex_reference,test,openalex_math
W4397037633,W3005279084,1,actual_openalex_reference,test,openalex_math
W4397037633,W3114357368,1,actual_openalex_reference,test,openalex_math
W4397037633,W3186076781,1,actual_openalex_reference,test,openalex_math
W4397037633,W4397038238,1,actual_openalex_reference,test,openalex_math
W4403392127,W2037235765,1,actual_openalex_reference,test,openalex_math
W4403392127,W2251275830,1,actual_openalex_reference,test,openalex_math
W4403392127,W2527274144,1,actual_openalex_reference,test,openalex_math
W4403392127,W3009085299,1,actual_openalex_reference,test,openalex_math
W4403392127,W3081648563,1,actual_openalex_reference,test,openalex_math
W4403392127,W4385413702,1,actual_openalex_reference,test,openalex_math
W7128904383,W1493822197,1,actual_openalex_reference,test,openalex_math
W7128904383,W2010609593,1,actual_openalex_reference,test,openalex_math
W7128904383,W2080824669,1,actual_openalex_reference,test,openalex_math
W7128904383,W2116706125,1,actual_openalex_reference,test,openalex_math
W7128904383,W2149043895,1,actual_openalex_reference,test,openalex_math
W7128904383,W2152925334,1,actual_openalex_reference,test,openalex_math
W7128904383,W2169609399,1,actual_openalex_reference,test,openalex_math
W7128904383,W4234504740,1,actual_openalex_reference,test,openalex_math
W4410872554,W2080946551,1,actual_openalex_reference,test,openalex_math
W4410872554,W3010267415,1,actual_openalex_reference,test,openalex_math
W4410872554,W3012226641,1,actual_openalex_reference,test,openalex_math
W4410872554,W3025422406,1,actual_openalex_reference,test,openalex_math
W4410872554,W3047738676,1,actual_openalex_reference,test,openalex_math
W4410872554,W3164866704,1,actual_openalex_reference,test,openalex_math
W4410872554,W3169686509,1,actual_openalex_reference,test,openalex_math
W4410872554,W3175459982,1,actual_openalex_reference,test,openalex_math
W4410872554,W3186170836,1,actual_openalex_reference,test,openalex_math
W4410872554,W3213946878,1,actual_openalex_reference,test,openalex_math
W4410872554,W4200051360,1,actual_openalex_reference,test,openalex_math
W4410872554,W4205919605,1,actual_openalex_reference,test,openalex_math
W4410872554,W4221007595,1,actual_openalex_reference,test,openalex_math
W4410872554,W4221136952,1,actual_openalex_reference,test,openalex_math
W4410872554,W4293776594,1,actual_openalex_reference,test,openalex_math
W4410872554,W4322710887,1,actual_openalex_reference,test,openalex_math
W4410872554,W4361802955,1,actual_openalex_reference,test,openalex_math
W4410872554,W4385230023,1,actual_openalex_reference,test,openalex_math
W4410872554,W4388201937,1,actual_openalex_reference,test,openalex_math
W4410872554,W4399141164,1,actual_openalex_reference,test,openalex_math
W4410872554,W4399975819,1,actual_openalex_reference,test,openalex_math
W4410872554,W4400277905,1,actual_openalex_reference,test,openalex_math
W4410872554,W4400332562,1,actual_openalex_reference,test,openalex_math
W4410872554,W4400607036,1,actual_openalex_reference,test,openalex_math
W4410872554,W4402564403,1,actual_openalex_reference,test,openalex_math
W4403074122,W308723487,1,actual_openalex_reference,test,openalex_math
W4403074122,W2803814250,1,actual_openalex_reference,test,openalex_math
W4403074122,W2975526637,1,actual_openalex_reference,test,openalex_math
W4399991340,W1589277929,1,actual_openalex_reference,test,openalex_math
W4399991340,W2129798477,1,actual_openalex_reference,test,openalex_math
W4399991340,W2132014700,1,actual_openalex_reference,test,openalex_math
W4399991340,W2144790955,1,actual_openalex_reference,test,openalex_math
W4399991340,W2149476451,1,actual_openalex_reference,test,openalex_math
W4399991340,W2540393806,1,actual_openalex_reference,test,openalex_math
W4399991340,W4297786672,1,actual_openalex_reference,test,openalex_math
W4399991340,W4394586125,1,actual_openalex_reference,test,openalex_math
W4400946761,W70030970,1,actual_openalex_reference,test,openalex_math
W4400946761,W1487248977,1,actual_openalex_reference,test,openalex_math
W4400946761,W1580798805,1,actual_openalex_reference,test,openalex_math
W4400946761,W2103785868,1,actual_openalex_reference,test,openalex_math
W4400946761,W2109780157,1,actual_openalex_reference,test,openalex_math
W4400946761,W2149416133,1,actual_openalex_reference,test,openalex_math
W4400946761,W2530671554,1,actual_openalex_reference,test,openalex_math
W4400946761,W2923512191,1,actual_openalex_reference,test,openalex_math
W4400946761,W2946441860,1,actual_openalex_reference,test,openalex_math
W4400946761,W2985179850,1,actual_openalex_reference,test,openalex_math
W4400946761,W3154723836,1,actual_openalex_reference,test,openalex_math
W4400946761,W3160356315,1,actual_openalex_reference,test,openalex_math
W4400946761,W3198006791,1,actual_openalex_reference,test,openalex_math
W4400946761,W3208736444,1,actual_openalex_reference,test,openalex_math
W4400946761,W3209566411,1,actual_openalex_reference,test,openalex_math
W4400946761,W4210409522,1,actual_openalex_reference,test,openalex_math
W4400946761,W4221042119,1,actual_openalex_reference,test,openalex_math
W4400946761,W4235779194,1,actual_openalex_reference,test,openalex_math
W4400946761,W4387914145,1,actual_openalex_reference,test,openalex_math
W4413005508,W2288653357,1,actual_openalex_reference,test,openalex_math
W4413005508,W2305660047,1,actual_openalex_reference,test,openalex_math
W4413005508,W2942980385,1,actual_openalex_reference,test,openalex_math
W4413005508,W2948124320,1,actual_openalex_reference,test,openalex_math
W4413005508,W3048400029,1,actual_openalex_reference,test,openalex_math
W4413005508,W4297180544,1,actual_openalex_reference,test,openalex_math
W4413005508,W4313033360,1,actual_openalex_reference,test,openalex_math
W4413005508,W4313479698,1,actual_openalex_reference,test,openalex_math
W4413005508,W4321503140,1,actual_openalex_reference,test,openalex_math
W4413005508,W4328126628,1,actual_openalex_reference,test,openalex_math
W4413005508,W4379467680,1,actual_openalex_reference,test,openalex_math
W4413005508,W4382602198,1,actual_openalex_reference,test,openalex_math
W4413005508,W4386616287,1,actual_openalex_reference,test,openalex_math
W4413005508,W4390449831,1,actual_openalex_reference,test,openalex_math
W4413005508,W4400205769,1,actual_openalex_reference,test,openalex_math
W4413005508,W4400231544,1,actual_openalex_reference,test,openalex_math
W4413005508,W4400568002,1,actual_openalex_reference,test,openalex_math
W4413005508,W4403103269,1,actual_openalex_reference,test,openalex_math
W4413005508,W4404062816,1,actual_openalex_reference,test,openalex_math
W4413005508,W4404692271,1,actual_openalex_reference,test,openalex_math
W4413005508,W4406400022,1,actual_openalex_reference,test,openalex_math
W4413005508,W4409709781,1,actual_openalex_reference,test,openalex_math
W4413005508,W4410029822,1,actual_openalex_reference,test,openalex_math
W4413781080,W1889138415,1,actual_openalex_reference,test,openalex_math
W4413781080,W2061837139,1,actual_openalex_reference,test,openalex_math
W4413781080,W2315559961,1,actual_openalex_reference,test,openalex_math
W4413781080,W3048137689,1,actual_openalex_reference,test,openalex_math
W4413781080,W3196718926,1,actual_openalex_reference,test,openalex_math
W4413781080,W4283819204,1,actual_openalex_reference,test,openalex_math
W4413781080,W4366987373,1,actual_openalex_reference,test,openalex_math
W4413781080,W4379881208,1,actual_openalex_reference,test,openalex_math
W4413781080,W4380537558,1,actual_openalex_reference,test,openalex_math
W4401556953,W3097527953,1,actual_openalex_reference,test,openalex_math
W4401556953,W4296095802,1,actual_openalex_reference,test,openalex_math
W4401556953,W4298080162,1,actual_openalex_reference,test,openalex_math
W4401556953,W4401556953,1,actual_openalex_reference,test,openalex_math
W4387316511,W1523918473,1,actual_openalex_reference,test,openalex_math
W4387316511,W1541617071,1,actual_openalex_reference,test,openalex_math
W4387316511,W1556043334,1,actual_openalex_reference,test,openalex_math
W4387316511,W1647207848,1,actual_openalex_reference,test,openalex_math
W4387316511,W1985289891,1,actual_openalex_reference,test,openalex_math
W4387316511,W2002359780,1,actual_openalex_reference,test,openalex_math
W4387316511,W2017851434,1,actual_openalex_reference,test,openalex_math
W4387316511,W2042532783,1,actual_openalex_reference,test,openalex_math
W4387316511,W2045377861,1,actual_openalex_reference,test,openalex_math
W4387316511,W2088101210,1,actual_openalex_reference,test,openalex_math
W4387316511,W2097636047,1,actual_openalex_reference,test,openalex_math
W4387316511,W2122308034,1,actual_openalex_reference,test,openalex_math
W4387316511,W2137524884,1,actual_openalex_reference,test,openalex_math
W4387316511,W2345472561,1,actual_openalex_reference,test,openalex_math
W4387316511,W2609517418,1,actual_openalex_reference,test,openalex_math
W4387316511,W2809514611,1,actual_openalex_reference,test,openalex_math
W4387316511,W4230561893,1,actual_openalex_reference,test,openalex_math
W4387316511,W4248580472,1,actual_openalex_reference,test,openalex_math
W4387316511,W4286977070,1,actual_openalex_reference,test,openalex_math
W4407896673,W1514501516,1,actual_openalex_reference,test,openalex_math
W4407896673,W2027655461,1,actual_openalex_reference,test,openalex_math
W4407896673,W2034459503,1,actual_openalex_reference,test,openalex_math
W4407896673,W2038845890,1,actual_openalex_reference,test,openalex_math
W4407896673,W2041442087,1,actual_openalex_reference,test,openalex_math
W4407896673,W2074682976,1,actual_openalex_reference,test,openalex_math
W4407896673,W2078309027,1,actual_openalex_reference,test,openalex_math
W4407896673,W2094607565,1,actual_openalex_reference,test,openalex_math
W4407896673,W2100497684,1,actual_openalex_reference,test,openalex_math
W4407896673,W2126012814,1,actual_openalex_reference,test,openalex_math
W4407896673,W2151704687,1,actual_openalex_reference,test,openalex_math
W4407896673,W2160455158,1,actual_openalex_reference,test,openalex_math
W4407896673,W2509991828,1,actual_openalex_reference,test,openalex_math
W4407896673,W2803497576,1,actual_openalex_reference,test,openalex_math
W4407896673,W2951493603,1,actual_openalex_reference,test,openalex_math
W4407896673,W4302414222,1,actual_openalex_reference,test,openalex_math
W4407896673,W4306407647,1,actual_openalex_reference,test,openalex_math
W4407896673,W4392165487,1,actual_openalex_reference,test,openalex_math
W4402610721,W16782913,1,actual_openalex_reference,test,openalex_math
W4402610721,W1545078593,1,actual_openalex_reference,test,openalex_math
W4402610721,W1990758880,1,actual_openalex_reference,test,openalex_math
W4402610721,W2018973097,1,actual_openalex_reference,test,openalex_math
W4402610721,W2035594416,1,actual_openalex_reference,test,openalex_math
W4402610721,W2037791881,1,actual_openalex_reference,test,openalex_math
W4402610721,W2089232104,1,actual_openalex_reference,test,openalex_math
W4402610721,W2183852072,1,actual_openalex_reference,test,openalex_math
W4402610721,W3036109078,1,actual_openalex_reference,test,openalex_math
W4402610721,W4238204885,1,actual_openalex_reference,test,openalex_math
W4399343118,W1841138133,1,actual_openalex_reference,test,openalex_math
W4399343118,W1972045164,1,actual_openalex_reference,test,openalex_math
W4399343118,W1985696049,1,actual_openalex_reference,test,openalex_math
W4399343118,W1995875735,1,actual_openalex_reference,test,openalex_math
W4399343118,W2001159911,1,actual_openalex_reference,test,openalex_math
W4399343118,W2142586058,1,actual_openalex_reference,test,openalex_math
W4399343118,W2169135475,1,actual_openalex_reference,test,openalex_math
W4399343118,W2171547964,1,actual_openalex_reference,test,openalex_math
W4399343118,W2514487384,1,actual_openalex_reference,test,openalex_math
W4399343118,W2772793040,1,actual_openalex_reference,test,openalex_math
W4399343118,W3004922660,1,actual_openalex_reference,test,openalex_math
W4399343118,W4309734257,1,actual_openalex_reference,test,openalex_math
W4399343118,W4317508778,1,actual_openalex_reference,test,openalex_math
W4399343118,W4387020673,1,actual_openalex_reference,test,openalex_math
W4399343118,W4388076502,1,actual_openalex_reference,test,openalex_math
W4399343118,W4388969403,1,actual_openalex_reference,test,openalex_math
W4399343118,W4391604724,1,actual_openalex_reference,test,openalex_math
W4413448126,W2019935404,1,actual_openalex_reference,test,openalex_math
W4413448126,W2095111771,1,actual_openalex_reference,test,openalex_math
W4413448126,W2124113125,1,actual_openalex_reference,test,openalex_math
W4413448126,W2171798635,1,actual_openalex_reference,test,openalex_math
W4413448126,W2595228535,1,actual_openalex_reference,test,openalex_math
W4413448126,W3000365899,1,actual_openalex_reference,test,openalex_math
W4413448126,W4243402645,1,actual_openalex_reference,test,openalex_math
W4413448126,W4313589773,1,actual_openalex_reference,test,openalex_math
W4413448126,W4394850489,1,actual_openalex_reference,test,openalex_math
W4399546137,W13811575,1,actual_openalex_reference,test,openalex_math
W4399546137,W2002982084,1,actual_openalex_reference,test,openalex_math
W4399546137,W2060154202,1,actual_openalex_reference,test,openalex_math
W4399546137,W2108959220,1,actual_openalex_reference,test,openalex_math
W4399546137,W2163707433,1,actual_openalex_reference,test,openalex_math
W4399546137,W2264759871,1,actual_openalex_reference,test,openalex_math
W4399546137,W2742470390,1,actual_openalex_reference,test,openalex_math
W4399546137,W2771570248,1,actual_openalex_reference,test,openalex_math
W4399546137,W2954172850,1,actual_openalex_reference,test,openalex_math
W7136829854,W2026362953,1,actual_openalex_reference,test,openalex_math
W7136829854,W2282446207,1,actual_openalex_reference,test,openalex_math
W7136829854,W2972323268,1,actual_openalex_reference,test,openalex_math
W7136829854,W2975657574,1,actual_openalex_reference,test,openalex_math
W7136829854,W3041963590,1,actual_openalex_reference,test,openalex_math
W7136829854,W3176129984,1,actual_openalex_reference,test,openalex_math
W7136829854,W4213456545,1,actual_openalex_reference,test,openalex_math
W7136829854,W4225866732,1,actual_openalex_reference,test,openalex_math
W7136829854,W4306950615,1,actual_openalex_reference,test,openalex_math
W7136829854,W4318821915,1,actual_openalex_reference,test,openalex_math
W7136829854,W4321494403,1,actual_openalex_reference,test,openalex_math
W7136829854,W4323345261,1,actual_openalex_reference,test,openalex_math
W7136829854,W4385902812,1,actual_openalex_reference,test,openalex_math
W7136829854,W4393327064,1,actual_openalex_reference,test,openalex_math
W7136829854,W4404380580,1,actual_openalex_reference,test,openalex_math
W7136829854,W4408840227,1,actual_openalex_reference,test,openalex_math
W7136829854,W4409964802,1,actual_openalex_reference,test,openalex_math
W7136829854,W4413838312,1,actual_openalex_reference,test,openalex_math
W7136829854,W4416787282,1,actual_openalex_reference,test,openalex_math
W7136829854,W7125968160,1,actual_openalex_reference,test,openalex_math
W7136829854,W7128771764,1,actual_openalex_reference,test,openalex_math
W4413413267,W606561187,1,actual_openalex_reference,test,openalex_math
W4413413267,W1844985714,1,actual_openalex_reference,test,openalex_math
W4413413267,W1986705681,1,actual_openalex_reference,test,openalex_math
W4413413267,W2012658469,1,actual_openalex_reference,test,openalex_math
W4413413267,W2100950823,1,actual_openalex_reference,test,openalex_math
W4413413267,W2150291618,1,actual_openalex_reference,test,openalex_math
W4413413267,W2908437835,1,actual_openalex_reference,test,openalex_math
W4413413267,W2953905579,1,actual_openalex_reference,test,openalex_math
W4413413267,W3010961378,1,actual_openalex_reference,test,openalex_math
W4413413267,W3138253667,1,actual_openalex_reference,test,openalex_math
W4413413267,W4311209537,1,actual_openalex_reference,test,openalex_math
W4413413267,W4383617315,1,actual_openalex_reference,test,openalex_math
W4413413267,W4402348662,1,actual_openalex_reference,test,openalex_math
W4377137104,W1966310610,1,actual_openalex_reference,test,openalex_math
W4377137104,W2138309709,1,actual_openalex_reference,test,openalex_math
W4377137104,W2332774781,1,actual_openalex_reference,test,openalex_math
W4377137104,W2904386718,1,actual_openalex_reference,test,openalex_math
W4377137104,W3021302537,1,actual_openalex_reference,test,openalex_math
W4377137104,W3024982296,1,actual_openalex_reference,test,openalex_math
W4377137104,W3035417125,1,actual_openalex_reference,test,openalex_math
W4377137104,W3043457217,1,actual_openalex_reference,test,openalex_math
W4377137104,W3106725626,1,actual_openalex_reference,test,openalex_math
W4377137104,W3112125231,1,actual_openalex_reference,test,openalex_math
W4377137104,W3124650764,1,actual_openalex_reference,test,openalex_math
W4377137104,W3126981244,1,actual_openalex_reference,test,openalex_math
W4377137104,W3131826498,1,actual_openalex_reference,test,openalex_math
W4377137104,W3132294635,1,actual_openalex_reference,test,openalex_math
W4377137104,W3133726144,1,actual_openalex_reference,test,openalex_math
W4377137104,W3133882251,1,actual_openalex_reference,test,openalex_math
W4377137104,W3134249050,1,actual_openalex_reference,test,openalex_math
W4377137104,W3135517499,1,actual_openalex_reference,test,openalex_math
W4377137104,W3135766404,1,actual_openalex_reference,test,openalex_math
W4377137104,W4243724954,1,actual_openalex_reference,test,openalex_math
W4377137104,W4319841293,1,actual_openalex_reference,test,openalex_math
W4387052174,W1965748532,1,actual_openalex_reference,test,openalex_math
W4387052174,W1995832922,1,actual_openalex_reference,test,openalex_math
W4387052174,W2024991751,1,actual_openalex_reference,test,openalex_math
W4387052174,W2026258334,1,actual_openalex_reference,test,openalex_math
W4387052174,W2082072907,1,actual_openalex_reference,test,openalex_math
W4387052174,W2082272776,1,actual_openalex_reference,test,openalex_math
W4387052174,W2114013702,1,actual_openalex_reference,test,openalex_math
W4387052174,W2140691217,1,actual_openalex_reference,test,openalex_math
W4387052174,W2148162164,1,actual_openalex_reference,test,openalex_math
W4387052174,W2171074980,1,actual_openalex_reference,test,openalex_math
W4387052174,W2613722321,1,actual_openalex_reference,test,openalex_math
W4387052174,W2613791792,1,actual_openalex_reference,test,openalex_math
W4387052174,W2731097078,1,actual_openalex_reference,test,openalex_math
W4387052174,W2739458753,1,actual_openalex_reference,test,openalex_math
W4387052174,W2809459280,1,actual_openalex_reference,test,openalex_math
W4387052174,W2810191376,1,actual_openalex_reference,test,openalex_math
W4387052174,W2883053186,1,actual_openalex_reference,test,openalex_math
W4387052174,W2941034199,1,actual_openalex_reference,test,openalex_math
W4387052174,W3015312498,1,actual_openalex_reference,test,openalex_math
W4387052174,W3110504746,1,actual_openalex_reference,test,openalex_math
W4387052174,W3185784866,1,actual_openalex_reference,test,openalex_math
W4387052174,W3212793018,1,actual_openalex_reference,test,openalex_math
W4387052174,W4237413306,1,actual_openalex_reference,test,openalex_math
W4387052174,W4311845737,1,actual_openalex_reference,test,openalex_math
W4387052174,W4366829039,1,actual_openalex_reference,test,openalex_math
W4403760818,W569671260,1,actual_openalex_reference,test,openalex_math
W4403760818,W1954612560,1,actual_openalex_reference,test,openalex_math
W4403760818,W2000247808,1,actual_openalex_reference,test,openalex_math
W4403760818,W2047993099,1,actual_openalex_reference,test,openalex_math
W4403760818,W2071305979,1,actual_openalex_reference,test,openalex_math
W4403760818,W2114204133,1,actual_openalex_reference,test,openalex_math
W4403760818,W2315677911,1,actual_openalex_reference,test,openalex_math
W4403760818,W2474535448,1,actual_openalex_reference,test,openalex_math
W4403760818,W2631562816,1,actual_openalex_reference,test,openalex_math
W4403760818,W2950409554,1,actual_openalex_reference,test,openalex_math
W4403760818,W2992034185,1,actual_openalex_reference,test,openalex_math
W4403760818,W4372319511,1,actual_openalex_reference,test,openalex_math
W4378217996,W1612884251,1,actual_openalex_reference,test,openalex_math
W4378217996,W1966156785,1,actual_openalex_reference,test,openalex_math
W4378217996,W1970377488,1,actual_openalex_reference,test,openalex_math
W4378217996,W1983222003,1,actual_openalex_reference,test,openalex_math
W4378217996,W2008229822,1,actual_openalex_reference,test,openalex_math
W4378217996,W2059867647,1,actual_openalex_reference,test,openalex_math
W4378217996,W2060581589,1,actual_openalex_reference,test,openalex_math
W4378217996,W2069801226,1,actual_openalex_reference,test,openalex_math
W4378217996,W2099781564,1,actual_openalex_reference,test,openalex_math
W4378217996,W2101043704,1,actual_openalex_reference,test,openalex_math
W4378217996,W2117756735,1,actual_openalex_reference,test,openalex_math
W4378217996,W2157237396,1,actual_openalex_reference,test,openalex_math
W4378217996,W2171810522,1,actual_openalex_reference,test,openalex_math
W4378217996,W2560261741,1,actual_openalex_reference,test,openalex_math
W4378217996,W2772646190,1,actual_openalex_reference,test,openalex_math
W4378217996,W2796467729,1,actual_openalex_reference,test,openalex_math
W4378217996,W3088993095,1,actual_openalex_reference,test,openalex_math
W4378217996,W3098594427,1,actual_openalex_reference,test,openalex_math
W4378217996,W3108353645,1,actual_openalex_reference,test,openalex_math
W4378217996,W3112410551,1,actual_openalex_reference,test,openalex_math
W4378217996,W3131496751,1,actual_openalex_reference,test,openalex_math
W4378217996,W3165191963,1,actual_openalex_reference,test,openalex_math
W4378217996,W3210555365,1,actual_openalex_reference,test,openalex_math
W4319833071,W1511679563,1,actual_openalex_reference,test,openalex_math
W4319833071,W1552324302,1,actual_openalex_reference,test,openalex_math
W4319833071,W1580043097,1,actual_openalex_reference,test,openalex_math
W4319833071,W1966033895,1,actual_openalex_reference,test,openalex_math
W4319833071,W1979538931,1,actual_openalex_reference,test,openalex_math
W4319833071,W1995980194,1,actual_openalex_reference,test,openalex_math
W4319833071,W2014084401,1,actual_openalex_reference,test,openalex_math
W4319833071,W2027413006,1,actual_openalex_reference,test,openalex_math
W4319833071,W2063915138,1,actual_openalex_reference,test,openalex_math
W4319833071,W2065559541,1,actual_openalex_reference,test,openalex_math
W4319833071,W2073598431,1,actual_openalex_reference,test,openalex_math
W4319833071,W2074281458,1,actual_openalex_reference,test,openalex_math
W4319833071,W2083086154,1,actual_openalex_reference,test,openalex_math
W4319833071,W2100315505,1,actual_openalex_reference,test,openalex_math
W4319833071,W2124528926,1,actual_openalex_reference,test,openalex_math
W4319833071,W2128971747,1,actual_openalex_reference,test,openalex_math
W4319833071,W2132661331,1,actual_openalex_reference,test,openalex_math
W4319833071,W2135274982,1,actual_openalex_reference,test,openalex_math
W4319833071,W2150248747,1,actual_openalex_reference,test,openalex_math
W4319833071,W2165699430,1,actual_openalex_reference,test,openalex_math
W4319833071,W2165816272,1,actual_openalex_reference,test,openalex_math
W4319833071,W2188072972,1,actual_openalex_reference,test,openalex_math
W4319833071,W2314385552,1,actual_openalex_reference,test,openalex_math
W4319833071,W2528586688,1,actual_openalex_reference,test,openalex_math
W4319833071,W2582743722,1,actual_openalex_reference,test,openalex_math
W4319833071,W2596317988,1,actual_openalex_reference,test,openalex_math
W4319833071,W2735544930,1,actual_openalex_reference,test,openalex_math
W4319833071,W2777392445,1,actual_openalex_reference,test,openalex_math
W4319833071,W2783348656,1,actual_openalex_reference,test,openalex_math
W4319833071,W2905148318,1,actual_openalex_reference,test,openalex_math
W4319833071,W2924169794,1,actual_openalex_reference,test,openalex_math
W4319833071,W2967443347,1,actual_openalex_reference,test,openalex_math
W4319833071,W3045497881,1,actual_openalex_reference,test,openalex_math
W4319833071,W3081925118,1,actual_openalex_reference,test,openalex_math
W4319833071,W3120570180,1,actual_openalex_reference,test,openalex_math
W4319833071,W3193948423,1,actual_openalex_reference,test,openalex_math
W4319833071,W3214253423,1,actual_openalex_reference,test,openalex_math
W4319833071,W4283792071,1,actual_openalex_reference,test,openalex_math
W4393008400,W1571725767,1,actual_openalex_reference,test,openalex_math
W4393008400,W1985618699,1,actual_openalex_reference,test,openalex_math
W4393008400,W2012757283,1,actual_openalex_reference,test,openalex_math
W4393008400,W2086805083,1,actual_openalex_reference,test,openalex_math
W4393008400,W2117884155,1,actual_openalex_reference,test,openalex_math
W4393008400,W2133327828,1,actual_openalex_reference,test,openalex_math
W4393008400,W2142304663,1,actual_openalex_reference,test,openalex_math
W4393008400,W2148577580,1,actual_openalex_reference,test,openalex_math
W4393008400,W2346987786,1,actual_openalex_reference,test,openalex_math
W4393008400,W2596504658,1,actual_openalex_reference,test,openalex_math
W4393008400,W2726405642,1,actual_openalex_reference,test,openalex_math
W4393008400,W3012172921,1,actual_openalex_reference,test,openalex_math
W4393008400,W3014087184,1,actual_openalex_reference,test,openalex_math
W4393008400,W3023538724,1,actual_openalex_reference,test,openalex_math
W4393008400,W3040508995,1,actual_openalex_reference,test,openalex_math
W4393008400,W3133905506,1,actual_openalex_reference,test,openalex_math
W4393008400,W3153304864,1,actual_openalex_reference,test,openalex_math
W4393008400,W3170403833,1,actual_openalex_reference,test,openalex_math
W4393008400,W4206185278,1,actual_openalex_reference,test,openalex_math
W4393008400,W4291718376,1,actual_openalex_reference,test,openalex_math
W4393008400,W4292595864,1,actual_openalex_reference,test,openalex_math
W4393008400,W4312812828,1,actual_openalex_reference,test,openalex_math
W4393008400,W4366822322,1,actual_openalex_reference,test,openalex_math
W4382360116,W2128181058,1,actual_openalex_reference,test,openalex_math
W4382360116,W2613734495,1,actual_openalex_reference,test,openalex_math
W4382360116,W2747750973,1,actual_openalex_reference,test,openalex_math
W4382360116,W2883042439,1,actual_openalex_reference,test,openalex_math
W4382360116,W2907573050,1,actual_openalex_reference,test,openalex_math
W4382360116,W2967334764,1,actual_openalex_reference,test,openalex_math
W4382360116,W3013345958,1,actual_openalex_reference,test,openalex_math
W4382360116,W3035002262,1,actual_openalex_reference,test,openalex_math
W4382360116,W3080740879,1,actual_openalex_reference,test,openalex_math
W4382360116,W3094785456,1,actual_openalex_reference,test,openalex_math
W4382360116,W3105863746,1,actual_openalex_reference,test,openalex_math
W4382360116,W3118678694,1,actual_openalex_reference,test,openalex_math
W4382360116,W3198326285,1,actual_openalex_reference,test,openalex_math
W4382360116,W3208455369,1,actual_openalex_reference,test,openalex_math
W4382360116,W3212372309,1,actual_openalex_reference,test,openalex_math
W4382360116,W4200099646,1,actual_openalex_reference,test,openalex_math
W4382360116,W4205249021,1,actual_openalex_reference,test,openalex_math
W4382360116,W4388297583,1,actual_openalex_reference,test,openalex_math
W4380082238,W1537483744,1,actual_openalex_reference,test,openalex_math
W4380082238,W2084792892,1,actual_openalex_reference,test,openalex_math
W4380082238,W2085197516,1,actual_openalex_reference,test,openalex_math
W4380082238,W2094863383,1,actual_openalex_reference,test,openalex_math
W4380082238,W2104079030,1,actual_openalex_reference,test,openalex_math
W4380082238,W2113603526,1,actual_openalex_reference,test,openalex_math
W4380082238,W2119248341,1,actual_openalex_reference,test,openalex_math
W4380082238,W2249810332,1,actual_openalex_reference,test,openalex_math
W4380082238,W2252697846,1,actual_openalex_reference,test,openalex_math
W4380082238,W2269857532,1,actual_openalex_reference,test,openalex_math
W4380082238,W2285332054,1,actual_openalex_reference,test,openalex_math
W4380082238,W2463394762,1,actual_openalex_reference,test,openalex_math
W4380082238,W2771675166,1,actual_openalex_reference,test,openalex_math
W4380082238,W2963721773,1,actual_openalex_reference,test,openalex_math
W4380082238,W3007778460,1,actual_openalex_reference,test,openalex_math
W4380082238,W3093074348,1,actual_openalex_reference,test,openalex_math
W4380082238,W3099525011,1,actual_openalex_reference,test,openalex_math
W4380082238,W3113337706,1,actual_openalex_reference,test,openalex_math
W4380082238,W3134321934,1,actual_openalex_reference,test,openalex_math
W4380082238,W3150706638,1,actual_openalex_reference,test,openalex_math
W4380082238,W4229366487,1,actual_openalex_reference,test,openalex_math
W4380082238,W4243650062,1,actual_openalex_reference,test,openalex_math
W4380082238,W4298869273,1,actual_openalex_reference,test,openalex_math
W4380082238,W4313304585,1,actual_openalex_reference,test,openalex_math
W4390410124,W1545231783,1,actual_openalex_reference,test,openalex_math
W4390410124,W2021229217,1,actual_openalex_reference,test,openalex_math
W4390410124,W2143267019,1,actual_openalex_reference,test,openalex_math
W4390410124,W2162249813,1,actual_openalex_reference,test,openalex_math
W4390410124,W2283944676,1,actual_openalex_reference,test,openalex_math
W4390410124,W2318794083,1,actual_openalex_reference,test,openalex_math
W4390410124,W2333258881,1,actual_openalex_reference,test,openalex_math
W4390410124,W2541758494,1,actual_openalex_reference,test,openalex_math
W4390410124,W2782387283,1,actual_openalex_reference,test,openalex_math
W4390410124,W2997654132,1,actual_openalex_reference,test,openalex_math
W4390410124,W3001318254,1,actual_openalex_reference,test,openalex_math
W4390410124,W3011437746,1,actual_openalex_reference,test,openalex_math
W4390410124,W3019993789,1,actual_openalex_reference,test,openalex_math
W4390410124,W3020621564,1,actual_openalex_reference,test,openalex_math
W4390410124,W3028027225,1,actual_openalex_reference,test,openalex_math
W4390410124,W3094573947,1,actual_openalex_reference,test,openalex_math
W4390410124,W3127964346,1,actual_openalex_reference,test,openalex_math
W4390410124,W3200215248,1,actual_openalex_reference,test,openalex_math
W4390410124,W4206801090,1,actual_openalex_reference,test,openalex_math
W4390410124,W4223586569,1,actual_openalex_reference,test,openalex_math
W4390410124,W4224317706,1,actual_openalex_reference,test,openalex_math
W4390410124,W4250256351,1,actual_openalex_reference,test,openalex_math
W4390410124,W4308734448,1,actual_openalex_reference,test,openalex_math
W4390410124,W4309151456,1,actual_openalex_reference,test,openalex_math
W4390410124,W4313244494,1,actual_openalex_reference,test,openalex_math
W4390410124,W4316362423,1,actual_openalex_reference,test,openalex_math
W4390410124,W4376275290,1,actual_openalex_reference,test,openalex_math
W4383342118,W1981935438,1,actual_openalex_reference,test,openalex_math
W4383342118,W1991676478,1,actual_openalex_reference,test,openalex_math
W4383342118,W2081568229,1,actual_openalex_reference,test,openalex_math
W4383342118,W2887140173,1,actual_openalex_reference,test,openalex_math
W4383342118,W2909527518,1,actual_openalex_reference,test,openalex_math
W4383342118,W3010046988,1,actual_openalex_reference,test,openalex_math
W4383342118,W4223933685,1,actual_openalex_reference,test,openalex_math
W4383342118,W4230498762,1,actual_openalex_reference,test,openalex_math
W4411139578,W1896212383,1,actual_openalex_reference,test,openalex_math
W4411139578,W2078214343,1,actual_openalex_reference,test,openalex_math
W4411139578,W2587970647,1,actual_openalex_reference,test,openalex_math
W4411139578,W3008443627,1,actual_openalex_reference,test,openalex_math
W4411139578,W3009050238,1,actual_openalex_reference,test,openalex_math
W4411139578,W3015281372,1,actual_openalex_reference,test,openalex_math
W4411139578,W3043271543,1,actual_openalex_reference,test,openalex_math
W4411139578,W3099936673,1,actual_openalex_reference,test,openalex_math
W4411139578,W3106603260,1,actual_openalex_reference,test,openalex_math
W4411139578,W3128547955,1,actual_openalex_reference,test,openalex_math
W4411139578,W3139399838,1,actual_openalex_reference,test,openalex_math
W4411139578,W3153779486,1,actual_openalex_reference,test,openalex_math
W4411139578,W3166719420,1,actual_openalex_reference,test,openalex_math
W4411139578,W3190762606,1,actual_openalex_reference,test,openalex_math
W4411139578,W3194798235,1,actual_openalex_reference,test,openalex_math
W4411139578,W4200409025,1,actual_openalex_reference,test,openalex_math
W4411139578,W4205697470,1,actual_openalex_reference,test,openalex_math
W4411139578,W4206507709,1,actual_openalex_reference,test,openalex_math
W4411139578,W4220987557,1,actual_openalex_reference,test,openalex_math
W4411139578,W4280490146,1,actual_openalex_reference,test,openalex_math
W4411139578,W4280526711,1,actual_openalex_reference,test,openalex_math
W4411139578,W4281383093,1,actual_openalex_reference,test,openalex_math
W4411139578,W4281392808,1,actual_openalex_reference,test,openalex_math
W4411139578,W4289594713,1,actual_openalex_reference,test,openalex_math
W4411139578,W4292622968,1,actual_openalex_reference,test,openalex_math
W4411139578,W4292730048,1,actual_openalex_reference,test,openalex_math
W4411139578,W4293702172,1,actual_openalex_reference,test,openalex_math
W4411139578,W4307171248,1,actual_openalex_reference,test,openalex_math
W4411139578,W4313857579,1,actual_openalex_reference,test,openalex_math
W4411139578,W4318669539,1,actual_openalex_reference,test,openalex_math
W4411139578,W4323656164,1,actual_openalex_reference,test,openalex_math
W4411139578,W4367842203,1,actual_openalex_reference,test,openalex_math
W4411139578,W4384197088,1,actual_openalex_reference,test,openalex_math
W4411139578,W4387115805,1,actual_openalex_reference,test,openalex_math
W4411139578,W4390831165,1,actual_openalex_reference,test,openalex_math
W4411139578,W4390837495,1,actual_openalex_reference,test,openalex_math
W4411139578,W4391466817,1,actual_openalex_reference,test,openalex_math
W4411139578,W4405967102,1,actual_openalex_reference,test,openalex_math
W4412705539,W16030999,1,actual_openalex_reference,test,openalex_math
W4412705539,W1489022300,1,actual_openalex_reference,test,openalex_math
W4412705539,W2995028956,1,actual_openalex_reference,test,openalex_math
W4412705539,W3029620760,1,actual_openalex_reference,test,openalex_math
W4412705539,W3174690495,1,actual_openalex_reference,test,openalex_math
W4412705539,W3206624968,1,actual_openalex_reference,test,openalex_math
W4412705539,W4220931737,1,actual_openalex_reference,test,openalex_math
W4412705539,W4410250103,1,actual_openalex_reference,test,openalex_math
W4321330256,W2029054090,1,actual_openalex_reference,test,openalex_math
W4321330256,W2042816232,1,actual_openalex_reference,test,openalex_math
W4321330256,W2101419488,1,actual_openalex_reference,test,openalex_math
W4321330256,W2121834906,1,actual_openalex_reference,test,openalex_math
W4321330256,W2128530362,1,actual_openalex_reference,test,openalex_math
W4321330256,W2131116400,1,actual_openalex_reference,test,openalex_math
W4321330256,W2133898818,1,actual_openalex_reference,test,openalex_math
W4321330256,W2148925928,1,actual_openalex_reference,test,openalex_math
W4321330256,W2779937903,1,actual_openalex_reference,test,openalex_math
W4321330256,W2884811858,1,actual_openalex_reference,test,openalex_math
W4321330256,W3121610716,1,actual_openalex_reference,test,openalex_math
W4321330256,W3148816453,1,actual_openalex_reference,test,openalex_math
W4321330256,W4236630153,1,actual_openalex_reference,test,openalex_math
W4321330256,W4239969962,1,actual_openalex_reference,test,openalex_math
W4321330256,W4251616545,1,actual_openalex_reference,test,openalex_math
W2996489082,W219462823,1,actual_openalex_reference,test,openalex_math
W2996489082,W267240198,1,actual_openalex_reference,test,openalex_math
W2996489082,W1680171265,1,actual_openalex_reference,test,openalex_math
W2996489082,W2016763052,1,actual_openalex_reference,test,openalex_math
W2996489082,W2340768123,1,actual_openalex_reference,test,openalex_math
W2996489082,W2494316805,1,actual_openalex_reference,test,openalex_math
W2996489082,W2510049593,1,actual_openalex_reference,test,openalex_math
W2996489082,W2767428293,1,actual_openalex_reference,test,openalex_math
W2996489082,W2770595371,1,actual_openalex_reference,test,openalex_math
W2996489082,W2870242269,1,actual_openalex_reference,test,openalex_math
W2996489082,W2907190761,1,actual_openalex_reference,test,openalex_math
W2996489082,W2940178131,1,actual_openalex_reference,test,openalex_math
W2996489082,W2964613463,1,actual_openalex_reference,test,openalex_math
W2996489082,W3023129442,1,actual_openalex_reference,test,openalex_math
W2996489082,W3037387975,1,actual_openalex_reference,test,openalex_math
W2996489082,W3103085985,1,actual_openalex_reference,test,openalex_math
W2996489082,W3103346596,1,actual_openalex_reference,test,openalex_math
W2996489082,W3129026129,1,actual_openalex_reference,test,openalex_math
W2996489082,W4402257469,1,actual_openalex_reference,test,openalex_math
W4372353117,W2011057873,1,actual_openalex_reference,test,openalex_math
W4372353117,W2015311512,1,actual_openalex_reference,test,openalex_math
W4372353117,W2015711858,1,actual_openalex_reference,test,openalex_math
W4390511038,W1967137980,1,actual_openalex_reference,test,openalex_math
W4390511038,W1967649176,1,actual_openalex_reference,test,openalex_math
W4390511038,W2131586477,1,actual_openalex_reference,test,openalex_math
W4390511038,W2528385426,1,actual_openalex_reference,test,openalex_math
W4390511038,W2784327149,1,actual_openalex_reference,test,openalex_math
W4390511038,W2911001330,1,actual_openalex_reference,test,openalex_math
W4390511038,W3008443627,1,actual_openalex_reference,test,openalex_math
W4390511038,W3014517930,1,actual_openalex_reference,test,openalex_math
W4390511038,W3015890581,1,actual_openalex_reference,test,openalex_math
W4390511038,W3020963442,1,actual_openalex_reference,test,openalex_math
W4390511038,W3030103373,1,actual_openalex_reference,test,openalex_math
W4390511038,W3035609360,1,actual_openalex_reference,test,openalex_math
W4390511038,W3038061982,1,actual_openalex_reference,test,openalex_math
W4390511038,W3049691358,1,actual_openalex_reference,test,openalex_math
W4390511038,W3092274689,1,actual_openalex_reference,test,openalex_math
W4390511038,W3092600562,1,actual_openalex_reference,test,openalex_math
W4390511038,W3110033545,1,actual_openalex_reference,test,openalex_math
W4390511038,W3111632138,1,actual_openalex_reference,test,openalex_math
W4390511038,W3115644492,1,actual_openalex_reference,test,openalex_math
W4390511038,W3120826644,1,actual_openalex_reference,test,openalex_math
W4390511038,W3135041244,1,actual_openalex_reference,test,openalex_math
W4390511038,W3148846025,1,actual_openalex_reference,test,openalex_math
W4390511038,W3167840832,1,actual_openalex_reference,test,openalex_math
W4390511038,W3170227737,1,actual_openalex_reference,test,openalex_math
W4390511038,W3173093349,1,actual_openalex_reference,test,openalex_math
W4390511038,W3196283801,1,actual_openalex_reference,test,openalex_math
W4390511038,W3198233589,1,actual_openalex_reference,test,openalex_math
W4390511038,W3198791041,1,actual_openalex_reference,test,openalex_math
W4390511038,W3200911200,1,actual_openalex_reference,test,openalex_math
W4390511038,W4200146966,1,actual_openalex_reference,test,openalex_math
W4390511038,W4205575014,1,actual_openalex_reference,test,openalex_math
W4390511038,W4206095316,1,actual_openalex_reference,test,openalex_math
W4390511038,W4281717400,1,actual_openalex_reference,test,openalex_math
W4375950341,W1965716945,1,actual_openalex_reference,test,openalex_math
W4375950341,W1995597760,1,actual_openalex_reference,test,openalex_math
W4375950341,W2025020152,1,actual_openalex_reference,test,openalex_math
W4375950341,W2083834253,1,actual_openalex_reference,test,openalex_math
W4375950341,W2095036901,1,actual_openalex_reference,test,openalex_math
W4375950341,W2168824372,1,actual_openalex_reference,test,openalex_math
W4375950341,W2185789876,1,actual_openalex_reference,test,openalex_math
W4375950341,W2408140492,1,actual_openalex_reference,test,openalex_math
W4375950341,W2566614100,1,actual_openalex_reference,test,openalex_math
W4375950341,W2787959293,1,actual_openalex_reference,test,openalex_math
W4375950341,W2939120725,1,actual_openalex_reference,test,openalex_math
W4375950341,W3112464302,1,actual_openalex_reference,test,openalex_math
W3207478357,W1513476282,1,actual_openalex_reference,test,openalex_math
W3207478357,W1520461790,1,actual_openalex_reference,test,openalex_math
W3207478357,W1981659355,1,actual_openalex_reference,test,openalex_math
W3207478357,W2007499469,1,actual_openalex_reference,test,openalex_math
W3207478357,W2044213530,1,actual_openalex_reference,test,openalex_math
W3207478357,W2095542504,1,actual_openalex_reference,test,openalex_math
W3207478357,W2201750911,1,actual_openalex_reference,test,openalex_math
W3207478357,W2207154438,1,actual_openalex_reference,test,openalex_math
W3207478357,W2257502687,1,actual_openalex_reference,test,openalex_math
W3207478357,W2962858772,1,actual_openalex_reference,test,openalex_math
W3207478357,W2979078950,1,actual_openalex_reference,test,openalex_math
W3207478357,W3015541132,1,actual_openalex_reference,test,openalex_math
W3207478357,W3098017411,1,actual_openalex_reference,test,openalex_math
W3207478357,W3104257744,1,actual_openalex_reference,test,openalex_math
