query_id,candidate_id,label,label_type,split,source_dataset
W2995685564,W218610238,1,actual_openalex_reference,test,openalex_social_sciences_200
W2995685564,W587180436,1,actual_openalex_reference,test,openalex_social_sciences_200
W2995685564,W749610595,1,actual_openalex_reference,test,openalex_social_sciences_200
W2995685564,W1544503558,1,actual_openalex_reference,test,openalex_social_sciences_200
W2995685564,W1567993769,1,actual_openalex_reference,test,openalex_social_sciences_200
W2995685564,W1993996398,1,actual_openalex_reference,test,openalex_social_sciences_200
W2995685564,W1997446487,1,actual_openalex_reference,test,openalex_social_sciences_200
W2995685564,W2028282192,1,actual_openalex_reference,test,openalex_social_sciences_200
W2995685564,W2051631020,1,actual_openalex_reference,test,openalex_social_sciences_200
W2995685564,W2064468954,1,actual_openalex_reference,test,openalex_social_sciences_200
W2995685564,W2104806625,1,actual_openalex_reference,test,openalex_social_sciences_200
W2995685564,W2317553631,1,actual_openalex_reference,test,openalex_social_sciences_200
W2995685564,W2496265588,1,actual_openalex_reference,test,openalex_social_sciences_200
W2995685564,W2499342201,1,actual_openalex_reference,test,openalex_social_sciences_200
W2995685564,W2953493809,1,actual_openalex_reference,test,openalex_social_sciences_200
W2995685564,W3196549107,1,actual_openalex_reference,test,openalex_social_sciences_200
W2995685564,W4387400216,1,actual_openalex_reference,test,openalex_social_sciences_200
W3184296769,W1533907804,1,actual_openalex_reference,test,openalex_social_sciences_200
W3184296769,W2037551592,1,actual_openalex_reference,test,openalex_social_sciences_200
W3184296769,W2139563612,1,actual_openalex_reference,test,openalex_social_sciences_200
W3184296769,W4229547395,1,actual_openalex_reference,test,openalex_social_sciences_200
W2997912008,W1499621880,1,actual_openalex_reference,test,openalex_social_sciences_200
W2997912008,W1976165808,1,actual_openalex_reference,test,openalex_social_sciences_200
W2997912008,W2000058467,1,actual_openalex_reference,test,openalex_social_sciences_200
W2997912008,W2027307707,1,actual_openalex_reference,test,openalex_social_sciences_200
W2997912008,W2072260929,1,actual_openalex_reference,test,openalex_social_sciences_200
W2997912008,W2949540926,1,actual_openalex_reference,test,openalex_social_sciences_200
W3097040946,W1563572402,1,actual_openalex_reference,test,openalex_social_sciences_200
W3097040946,W1969543263,1,actual_openalex_reference,test,openalex_social_sciences_200
W3097040946,W1996361343,1,actual_openalex_reference,test,openalex_social_sciences_200
W3097040946,W2059148710,1,actual_openalex_reference,test,openalex_social_sciences_200
W3097040946,W2078744573,1,actual_openalex_reference,test,openalex_social_sciences_200
W3097040946,W2081663312,1,actual_openalex_reference,test,openalex_social_sciences_200
W3097040946,W2146811229,1,actual_openalex_reference,test,openalex_social_sciences_200
W3097040946,W2160311551,1,actual_openalex_reference,test,openalex_social_sciences_200
W3097040946,W2163966702,1,actual_openalex_reference,test,openalex_social_sciences_200
W3097040946,W2181515652,1,actual_openalex_reference,test,openalex_social_sciences_200
W3097040946,W2554466675,1,actual_openalex_reference,test,openalex_social_sciences_200
W3097040946,W2809431049,1,actual_openalex_reference,test,openalex_social_sciences_200
W2998480055,W3279224,1,actual_openalex_reference,test,openalex_social_sciences_200
W2998480055,W26721598,1,actual_openalex_reference,test,openalex_social_sciences_200
W2998480055,W270729638,1,actual_openalex_reference,test,openalex_social_sciences_200
W2998480055,W786967560,1,actual_openalex_reference,test,openalex_social_sciences_200
W2998480055,W1544063157,1,actual_openalex_reference,test,openalex_social_sciences_200
W2998480055,W1976934156,1,actual_openalex_reference,test,openalex_social_sciences_200
W2998480055,W1993760488,1,actual_openalex_reference,test,openalex_social_sciences_200
W2998480055,W2003873464,1,actual_openalex_reference,test,openalex_social_sciences_200
W2998480055,W2009739552,1,actual_openalex_reference,test,openalex_social_sciences_200
W2998480055,W2027748888,1,actual_openalex_reference,test,openalex_social_sciences_200
W2998480055,W2042019269,1,actual_openalex_reference,test,openalex_social_sciences_200
W2998480055,W2095679877,1,actual_openalex_reference,test,openalex_social_sciences_200
W2998480055,W2120677462,1,actual_openalex_reference,test,openalex_social_sciences_200
W2998480055,W2125035790,1,actual_openalex_reference,test,openalex_social_sciences_200
W2998480055,W2133097426,1,actual_openalex_reference,test,openalex_social_sciences_200
W2998480055,W2135280985,1,actual_openalex_reference,test,openalex_social_sciences_200
W2998480055,W2139158190,1,actual_openalex_reference,test,openalex_social_sciences_200
W2998480055,W2145849922,1,actual_openalex_reference,test,openalex_social_sciences_200
W2998480055,W2153738502,1,actual_openalex_reference,test,openalex_social_sciences_200
W2998480055,W2157655781,1,actual_openalex_reference,test,openalex_social_sciences_200
W2998480055,W2162752781,1,actual_openalex_reference,test,openalex_social_sciences_200
W2998480055,W2340814907,1,actual_openalex_reference,test,openalex_social_sciences_200
W2998480055,W2660610435,1,actual_openalex_reference,test,openalex_social_sciences_200
W2998480055,W2991695249,1,actual_openalex_reference,test,openalex_social_sciences_200
W2998480055,W2998480055,1,actual_openalex_reference,test,openalex_social_sciences_200
W2980692381,W1535367139,1,actual_openalex_reference,test,openalex_social_sciences_200
W2980692381,W1577629603,1,actual_openalex_reference,test,openalex_social_sciences_200
W2980692381,W1977413343,1,actual_openalex_reference,test,openalex_social_sciences_200
W2980692381,W1999707936,1,actual_openalex_reference,test,openalex_social_sciences_200
W2980692381,W2046777918,1,actual_openalex_reference,test,openalex_social_sciences_200
W2980692381,W2114873935,1,actual_openalex_reference,test,openalex_social_sciences_200
W2980692381,W2126424726,1,actual_openalex_reference,test,openalex_social_sciences_200
W2980692381,W2138000130,1,actual_openalex_reference,test,openalex_social_sciences_200
W2980692381,W2139645513,1,actual_openalex_reference,test,openalex_social_sciences_200
W2980692381,W2147822829,1,actual_openalex_reference,test,openalex_social_sciences_200
W2980692381,W2155185279,1,actual_openalex_reference,test,openalex_social_sciences_200
W2980692381,W2197319325,1,actual_openalex_reference,test,openalex_social_sciences_200
W2980692381,W2276221465,1,actual_openalex_reference,test,openalex_social_sciences_200
W2980692381,W2364890646,1,actual_openalex_reference,test,openalex_social_sciences_200
W2980692381,W2376491477,1,actual_openalex_reference,test,openalex_social_sciences_200
W2980692381,W2389008307,1,actual_openalex_reference,test,openalex_social_sciences_200
W2980692381,W2531751361,1,actual_openalex_reference,test,openalex_social_sciences_200
W2980692381,W2566876380,1,actual_openalex_reference,test,openalex_social_sciences_200
W2980692381,W2807040985,1,actual_openalex_reference,test,openalex_social_sciences_200
W2980692381,W2811369240,1,actual_openalex_reference,test,openalex_social_sciences_200
W2980692381,W2903212028,1,actual_openalex_reference,test,openalex_social_sciences_200
W2980692381,W2913867913,1,actual_openalex_reference,test,openalex_social_sciences_200
W2980692381,W2919289199,1,actual_openalex_reference,test,openalex_social_sciences_200
W2980692381,W2932789116,1,actual_openalex_reference,test,openalex_social_sciences_200
W2980692381,W2943538728,1,actual_openalex_reference,test,openalex_social_sciences_200
W3092576420,W219423277,1,actual_openalex_reference,test,openalex_social_sciences_200
W3092576420,W1490421035,1,actual_openalex_reference,test,openalex_social_sciences_200
W3092576420,W1900411567,1,actual_openalex_reference,test,openalex_social_sciences_200
W3092576420,W1967567937,1,actual_openalex_reference,test,openalex_social_sciences_200
W3092576420,W1977320179,1,actual_openalex_reference,test,openalex_social_sciences_200
W3092576420,W1980273288,1,actual_openalex_reference,test,openalex_social_sciences_200
W3092576420,W2013068149,1,actual_openalex_reference,test,openalex_social_sciences_200
W3092576420,W2037639921,1,actual_openalex_reference,test,openalex_social_sciences_200
W3092576420,W2058990172,1,actual_openalex_reference,test,openalex_social_sciences_200
W3092576420,W2074729046,1,actual_openalex_reference,test,openalex_social_sciences_200
W3092576420,W2087949113,1,actual_openalex_reference,test,openalex_social_sciences_200
W3092576420,W2113258682,1,actual_openalex_reference,test,openalex_social_sciences_200
W3092576420,W2115493532,1,actual_openalex_reference,test,openalex_social_sciences_200
W3092576420,W2134291129,1,actual_openalex_reference,test,openalex_social_sciences_200
W3092576420,W2134522520,1,actual_openalex_reference,test,openalex_social_sciences_200
W3092576420,W2140940194,1,actual_openalex_reference,test,openalex_social_sciences_200
W3092576420,W2156951060,1,actual_openalex_reference,test,openalex_social_sciences_200
W3092576420,W2161126072,1,actual_openalex_reference,test,openalex_social_sciences_200
W3092576420,W2509088059,1,actual_openalex_reference,test,openalex_social_sciences_200
W3092576420,W2802298901,1,actual_openalex_reference,test,openalex_social_sciences_200
W3092576420,W2915711032,1,actual_openalex_reference,test,openalex_social_sciences_200
W3092576420,W2953238169,1,actual_openalex_reference,test,openalex_social_sciences_200
W3092576420,W4233670212,1,actual_openalex_reference,test,openalex_social_sciences_200
W3092576420,W4251905716,1,actual_openalex_reference,test,openalex_social_sciences_200
W3209853557,W2163520818,1,actual_openalex_reference,test,openalex_social_sciences_200
W3209853557,W2545984111,1,actual_openalex_reference,test,openalex_social_sciences_200
W3209853557,W2577820175,1,actual_openalex_reference,test,openalex_social_sciences_200
W3209853557,W2610295848,1,actual_openalex_reference,test,openalex_social_sciences_200
W3209853557,W2610591415,1,actual_openalex_reference,test,openalex_social_sciences_200
W3209853557,W2611636847,1,actual_openalex_reference,test,openalex_social_sciences_200
W3209853557,W2622371073,1,actual_openalex_reference,test,openalex_social_sciences_200
W3209853557,W2905651459,1,actual_openalex_reference,test,openalex_social_sciences_200
W3209853557,W3005340917,1,actual_openalex_reference,test,openalex_social_sciences_200
W3209853557,W4230704792,1,actual_openalex_reference,test,openalex_social_sciences_200
W3209853557,W4237188509,1,actual_openalex_reference,test,openalex_social_sciences_200
W2966163185,W560879682,1,actual_openalex_reference,test,openalex_social_sciences_200
W2966163185,W2037610143,1,actual_openalex_reference,test,openalex_social_sciences_200
W2966163185,W2185920927,1,actual_openalex_reference,test,openalex_social_sciences_200
W2966163185,W2254534710,1,actual_openalex_reference,test,openalex_social_sciences_200
W2966163185,W2524487939,1,actual_openalex_reference,test,openalex_social_sciences_200
W2966163185,W2607741220,1,actual_openalex_reference,test,openalex_social_sciences_200
W2966163185,W2628220479,1,actual_openalex_reference,test,openalex_social_sciences_200
W2966163185,W2725441074,1,actual_openalex_reference,test,openalex_social_sciences_200
W2966163185,W2738890955,1,actual_openalex_reference,test,openalex_social_sciences_200
W2966163185,W2791783914,1,actual_openalex_reference,test,openalex_social_sciences_200
W2966163185,W2793166818,1,actual_openalex_reference,test,openalex_social_sciences_200
W2966163185,W2793509417,1,actual_openalex_reference,test,openalex_social_sciences_200
W2966163185,W2795091547,1,actual_openalex_reference,test,openalex_social_sciences_200
W2966163185,W2795251040,1,actual_openalex_reference,test,openalex_social_sciences_200
W2966163185,W2797097844,1,actual_openalex_reference,test,openalex_social_sciences_200
W2966163185,W2799384336,1,actual_openalex_reference,test,openalex_social_sciences_200
W2966163185,W2799576068,1,actual_openalex_reference,test,openalex_social_sciences_200
W2966163185,W2800324793,1,actual_openalex_reference,test,openalex_social_sciences_200
W2966163185,W2800339828,1,actual_openalex_reference,test,openalex_social_sciences_200
W2966163185,W2800470991,1,actual_openalex_reference,test,openalex_social_sciences_200
W2966163185,W2801856998,1,actual_openalex_reference,test,openalex_social_sciences_200
W2966163185,W2804601701,1,actual_openalex_reference,test,openalex_social_sciences_200
W2966163185,W2885207159,1,actual_openalex_reference,test,openalex_social_sciences_200
W2966163185,W2885292375,1,actual_openalex_reference,test,openalex_social_sciences_200
W2966163185,W2886559594,1,actual_openalex_reference,test,openalex_social_sciences_200
W2966163185,W2886659427,1,actual_openalex_reference,test,openalex_social_sciences_200
W2966163185,W2886693400,1,actual_openalex_reference,test,openalex_social_sciences_200
W2966163185,W2887641900,1,actual_openalex_reference,test,openalex_social_sciences_200
W2966163185,W2889463715,1,actual_openalex_reference,test,openalex_social_sciences_200
W2966163185,W2894908411,1,actual_openalex_reference,test,openalex_social_sciences_200
W2966163185,W2895405662,1,actual_openalex_reference,test,openalex_social_sciences_200
W2966163185,W2895790547,1,actual_openalex_reference,test,openalex_social_sciences_200
W2966163185,W2895855833,1,actual_openalex_reference,test,openalex_social_sciences_200
W2966163185,W2896963767,1,actual_openalex_reference,test,openalex_social_sciences_200
W2966163185,W2903628304,1,actual_openalex_reference,test,openalex_social_sciences_200
W2966163185,W2904836166,1,actual_openalex_reference,test,openalex_social_sciences_200
W2966163185,W2905275033,1,actual_openalex_reference,test,openalex_social_sciences_200
W2966163185,W2906486004,1,actual_openalex_reference,test,openalex_social_sciences_200
W2966163185,W2911266073,1,actual_openalex_reference,test,openalex_social_sciences_200
W2966163185,W2915839622,1,actual_openalex_reference,test,openalex_social_sciences_200
W2966163185,W2919155280,1,actual_openalex_reference,test,openalex_social_sciences_200
W2966163185,W2942392840,1,actual_openalex_reference,test,openalex_social_sciences_200
W2966163185,W2949952531,1,actual_openalex_reference,test,openalex_social_sciences_200
W2966163185,W2950792759,1,actual_openalex_reference,test,openalex_social_sciences_200
W2966163185,W2953544468,1,actual_openalex_reference,test,openalex_social_sciences_200
W2966163185,W2955162876,1,actual_openalex_reference,test,openalex_social_sciences_200
W2966163185,W2966163185,1,actual_openalex_reference,test,openalex_social_sciences_200
W2966163185,W2974301221,1,actual_openalex_reference,test,openalex_social_sciences_200
W2966163185,W3208933079,1,actual_openalex_reference,test,openalex_social_sciences_200
W2966163185,W3209765147,1,actual_openalex_reference,test,openalex_social_sciences_200
W2966163185,W4210343714,1,actual_openalex_reference,test,openalex_social_sciences_200
W2966163185,W4234527054,1,actual_openalex_reference,test,openalex_social_sciences_200
W2966163185,W4379414118,1,actual_openalex_reference,test,openalex_social_sciences_200
W2966163185,W4391869242,1,actual_openalex_reference,test,openalex_social_sciences_200
W3196599067,W1549093852,1,actual_openalex_reference,test,openalex_social_sciences_200
W3196599067,W1590819853,1,actual_openalex_reference,test,openalex_social_sciences_200
W3196599067,W1974090738,1,actual_openalex_reference,test,openalex_social_sciences_200
W3196599067,W2004856915,1,actual_openalex_reference,test,openalex_social_sciences_200
W3196599067,W2015034929,1,actual_openalex_reference,test,openalex_social_sciences_200
W3196599067,W2018412367,1,actual_openalex_reference,test,openalex_social_sciences_200
W3196599067,W2027912845,1,actual_openalex_reference,test,openalex_social_sciences_200
W3196599067,W2032069928,1,actual_openalex_reference,test,openalex_social_sciences_200
W3196599067,W2056706193,1,actual_openalex_reference,test,openalex_social_sciences_200
W3196599067,W2098686355,1,actual_openalex_reference,test,openalex_social_sciences_200
W3196599067,W2105383471,1,actual_openalex_reference,test,openalex_social_sciences_200
W3196599067,W2121340747,1,actual_openalex_reference,test,openalex_social_sciences_200
W3196599067,W2146434703,1,actual_openalex_reference,test,openalex_social_sciences_200
W3196599067,W2191643052,1,actual_openalex_reference,test,openalex_social_sciences_200
W3196599067,W2220547114,1,actual_openalex_reference,test,openalex_social_sciences_200
W3196599067,W2315144491,1,actual_openalex_reference,test,openalex_social_sciences_200
W3196599067,W2340766270,1,actual_openalex_reference,test,openalex_social_sciences_200
W3196599067,W2409563334,1,actual_openalex_reference,test,openalex_social_sciences_200
W3093033053,W1844752934,1,actual_openalex_reference,test,openalex_social_sciences_200
W3093033053,W2000085416,1,actual_openalex_reference,test,openalex_social_sciences_200
W3093033053,W2009553714,1,actual_openalex_reference,test,openalex_social_sciences_200
W3093033053,W2132336423,1,actual_openalex_reference,test,openalex_social_sciences_200
W3093033053,W2135341378,1,actual_openalex_reference,test,openalex_social_sciences_200
W3093033053,W2144202327,1,actual_openalex_reference,test,openalex_social_sciences_200
W3093033053,W2164055670,1,actual_openalex_reference,test,openalex_social_sciences_200
W3093033053,W2496409799,1,actual_openalex_reference,test,openalex_social_sciences_200
W3093033053,W2767827702,1,actual_openalex_reference,test,openalex_social_sciences_200
W3093033053,W2788410428,1,actual_openalex_reference,test,openalex_social_sciences_200
W3134177547,W1021000864,1,actual_openalex_reference,test,openalex_social_sciences_200
W3134177547,W1915531027,1,actual_openalex_reference,test,openalex_social_sciences_200
W3134177547,W1982726451,1,actual_openalex_reference,test,openalex_social_sciences_200
W3134177547,W1984484599,1,actual_openalex_reference,test,openalex_social_sciences_200
W3134177547,W1986862146,1,actual_openalex_reference,test,openalex_social_sciences_200
W3134177547,W2009218612,1,actual_openalex_reference,test,openalex_social_sciences_200
W3134177547,W2010035620,1,actual_openalex_reference,test,openalex_social_sciences_200
W3134177547,W2019954116,1,actual_openalex_reference,test,openalex_social_sciences_200
W3134177547,W2020733935,1,actual_openalex_reference,test,openalex_social_sciences_200
W3134177547,W2023991349,1,actual_openalex_reference,test,openalex_social_sciences_200
W3134177547,W2038718381,1,actual_openalex_reference,test,openalex_social_sciences_200
W3134177547,W2047049223,1,actual_openalex_reference,test,openalex_social_sciences_200
W3134177547,W2080699169,1,actual_openalex_reference,test,openalex_social_sciences_200
W3134177547,W2086276858,1,actual_openalex_reference,test,openalex_social_sciences_200
W3134177547,W2087941734,1,actual_openalex_reference,test,openalex_social_sciences_200
W3134177547,W2120109270,1,actual_openalex_reference,test,openalex_social_sciences_200
W3134177547,W2158134115,1,actual_openalex_reference,test,openalex_social_sciences_200
W3134177547,W2169439237,1,actual_openalex_reference,test,openalex_social_sciences_200
W3134177547,W2482764237,1,actual_openalex_reference,test,openalex_social_sciences_200
W3134177547,W2512284239,1,actual_openalex_reference,test,openalex_social_sciences_200
W3134177547,W2554886781,1,actual_openalex_reference,test,openalex_social_sciences_200
W3134177547,W2558585801,1,actual_openalex_reference,test,openalex_social_sciences_200
W3134177547,W2574397106,1,actual_openalex_reference,test,openalex_social_sciences_200
W3134177547,W2599656470,1,actual_openalex_reference,test,openalex_social_sciences_200
W3134177547,W2599663250,1,actual_openalex_reference,test,openalex_social_sciences_200
W3134177547,W2724831307,1,actual_openalex_reference,test,openalex_social_sciences_200
W3134177547,W2755084338,1,actual_openalex_reference,test,openalex_social_sciences_200
W3134177547,W2774230708,1,actual_openalex_reference,test,openalex_social_sciences_200
W3134177547,W2785703211,1,actual_openalex_reference,test,openalex_social_sciences_200
W3134177547,W2802182643,1,actual_openalex_reference,test,openalex_social_sciences_200
W3134177547,W2809073978,1,actual_openalex_reference,test,openalex_social_sciences_200
W3134177547,W2885995155,1,actual_openalex_reference,test,openalex_social_sciences_200
W3134177547,W2888964212,1,actual_openalex_reference,test,openalex_social_sciences_200
W3134177547,W2894189425,1,actual_openalex_reference,test,openalex_social_sciences_200
W3134177547,W2897645618,1,actual_openalex_reference,test,openalex_social_sciences_200
W3134177547,W2899268951,1,actual_openalex_reference,test,openalex_social_sciences_200
W3134177547,W2902609282,1,actual_openalex_reference,test,openalex_social_sciences_200
W3134177547,W2913592589,1,actual_openalex_reference,test,openalex_social_sciences_200
W3134177547,W2943671024,1,actual_openalex_reference,test,openalex_social_sciences_200
W3134177547,W2945887875,1,actual_openalex_reference,test,openalex_social_sciences_200
W3134177547,W2947711079,1,actual_openalex_reference,test,openalex_social_sciences_200
W3134177547,W2955032877,1,actual_openalex_reference,test,openalex_social_sciences_200
W3134177547,W2998426876,1,actual_openalex_reference,test,openalex_social_sciences_200
W3005749118,W56567779,1,actual_openalex_reference,test,openalex_social_sciences_200
W3005749118,W624210278,1,actual_openalex_reference,test,openalex_social_sciences_200
W3005749118,W842226782,1,actual_openalex_reference,test,openalex_social_sciences_200
W3005749118,W1973605348,1,actual_openalex_reference,test,openalex_social_sciences_200
W3005749118,W1978836688,1,actual_openalex_reference,test,openalex_social_sciences_200
W3005749118,W1997650670,1,actual_openalex_reference,test,openalex_social_sciences_200
W3005749118,W2007002657,1,actual_openalex_reference,test,openalex_social_sciences_200
W3005749118,W2028146261,1,actual_openalex_reference,test,openalex_social_sciences_200
W3005749118,W2046020024,1,actual_openalex_reference,test,openalex_social_sciences_200
W3005749118,W2059398147,1,actual_openalex_reference,test,openalex_social_sciences_200
W3005749118,W2086383232,1,actual_openalex_reference,test,openalex_social_sciences_200
W3005749118,W2103657064,1,actual_openalex_reference,test,openalex_social_sciences_200
W3005749118,W2112218185,1,actual_openalex_reference,test,openalex_social_sciences_200
W3005749118,W2115534757,1,actual_openalex_reference,test,openalex_social_sciences_200
W3005749118,W2131248598,1,actual_openalex_reference,test,openalex_social_sciences_200
W3005749118,W2166500231,1,actual_openalex_reference,test,openalex_social_sciences_200
W3005749118,W2327932824,1,actual_openalex_reference,test,openalex_social_sciences_200
W3005749118,W2329594796,1,actual_openalex_reference,test,openalex_social_sciences_200
W3005749118,W2339818121,1,actual_openalex_reference,test,openalex_social_sciences_200
W3005749118,W2464920459,1,actual_openalex_reference,test,openalex_social_sciences_200
W3005749118,W2752042180,1,actual_openalex_reference,test,openalex_social_sciences_200
W3005749118,W2883763833,1,actual_openalex_reference,test,openalex_social_sciences_200
W3005749118,W2892663139,1,actual_openalex_reference,test,openalex_social_sciences_200
W3005749118,W2973580379,1,actual_openalex_reference,test,openalex_social_sciences_200
W3005749118,W4255096429,1,actual_openalex_reference,test,openalex_social_sciences_200
W2973316127,W579721517,1,actual_openalex_reference,test,openalex_social_sciences_200
W2973316127,W2070454647,1,actual_openalex_reference,test,openalex_social_sciences_200
W2973316127,W2097038247,1,actual_openalex_reference,test,openalex_social_sciences_200
W2973316127,W2124687461,1,actual_openalex_reference,test,openalex_social_sciences_200
W2973316127,W2167554264,1,actual_openalex_reference,test,openalex_social_sciences_200
W2973316127,W2609995576,1,actual_openalex_reference,test,openalex_social_sciences_200
W2973316127,W2790910308,1,actual_openalex_reference,test,openalex_social_sciences_200
W3210617681,W2051600749,1,actual_openalex_reference,test,openalex_social_sciences_200
W3210617681,W2135193834,1,actual_openalex_reference,test,openalex_social_sciences_200
W3210617681,W2170869541,1,actual_openalex_reference,test,openalex_social_sciences_200
W3210617681,W2939058012,1,actual_openalex_reference,test,openalex_social_sciences_200
W3191931388,W2560550520,1,actual_openalex_reference,test,openalex_social_sciences_200
W3191931388,W4404574802,1,actual_openalex_reference,test,openalex_social_sciences_200
W3153727607,W1990657682,1,actual_openalex_reference,test,openalex_social_sciences_200
W3153727607,W1995934468,1,actual_openalex_reference,test,openalex_social_sciences_200
W3153727607,W2095777749,1,actual_openalex_reference,test,openalex_social_sciences_200
W3153727607,W2261121456,1,actual_openalex_reference,test,openalex_social_sciences_200
W3153727607,W3004346359,1,actual_openalex_reference,test,openalex_social_sciences_200
W3153727607,W3013207139,1,actual_openalex_reference,test,openalex_social_sciences_200
W3153727607,W3033876247,1,actual_openalex_reference,test,openalex_social_sciences_200
W3153727607,W3044545080,1,actual_openalex_reference,test,openalex_social_sciences_200
W3153727607,W3082171505,1,actual_openalex_reference,test,openalex_social_sciences_200
W3153727607,W3086032504,1,actual_openalex_reference,test,openalex_social_sciences_200
W3153727607,W3091929453,1,actual_openalex_reference,test,openalex_social_sciences_200
W3153727607,W3183536771,1,actual_openalex_reference,test,openalex_social_sciences_200
W3153727607,W4249283776,1,actual_openalex_reference,test,openalex_social_sciences_200
W3185290223,W1521791071,1,actual_openalex_reference,test,openalex_social_sciences_200
W3185290223,W1527502148,1,actual_openalex_reference,test,openalex_social_sciences_200
W3185290223,W1557023595,1,actual_openalex_reference,test,openalex_social_sciences_200
W3185290223,W1590064091,1,actual_openalex_reference,test,openalex_social_sciences_200
W3185290223,W1639391176,1,actual_openalex_reference,test,openalex_social_sciences_200
W3185290223,W1903244327,1,actual_openalex_reference,test,openalex_social_sciences_200
W3185290223,W1998651714,1,actual_openalex_reference,test,openalex_social_sciences_200
W3185290223,W2046975787,1,actual_openalex_reference,test,openalex_social_sciences_200
W3185290223,W2062961919,1,actual_openalex_reference,test,openalex_social_sciences_200
W3185290223,W2122219668,1,actual_openalex_reference,test,openalex_social_sciences_200
W3185290223,W2154139320,1,actual_openalex_reference,test,openalex_social_sciences_200
W3185290223,W2199487874,1,actual_openalex_reference,test,openalex_social_sciences_200
W3185290223,W2324486034,1,actual_openalex_reference,test,openalex_social_sciences_200
W3185290223,W2891467552,1,actual_openalex_reference,test,openalex_social_sciences_200
W3185290223,W2916026548,1,actual_openalex_reference,test,openalex_social_sciences_200
W3185290223,W3122630533,1,actual_openalex_reference,test,openalex_social_sciences_200
W3185290223,W3126087228,1,actual_openalex_reference,test,openalex_social_sciences_200
W3020034954,W576855218,1,actual_openalex_reference,test,openalex_social_sciences_200
W3020034954,W609246813,1,actual_openalex_reference,test,openalex_social_sciences_200
W3020034954,W1461221114,1,actual_openalex_reference,test,openalex_social_sciences_200
W3020034954,W1480817687,1,actual_openalex_reference,test,openalex_social_sciences_200
W3020034954,W1494950825,1,actual_openalex_reference,test,openalex_social_sciences_200
W3020034954,W1570705851,1,actual_openalex_reference,test,openalex_social_sciences_200
W3020034954,W1573472541,1,actual_openalex_reference,test,openalex_social_sciences_200
W3020034954,W1589800138,1,actual_openalex_reference,test,openalex_social_sciences_200
W3020034954,W1855798129,1,actual_openalex_reference,test,openalex_social_sciences_200
W3020034954,W1912131371,1,actual_openalex_reference,test,openalex_social_sciences_200
W3020034954,W1973843878,1,actual_openalex_reference,test,openalex_social_sciences_200
W3020034954,W1981966726,1,actual_openalex_reference,test,openalex_social_sciences_200
W3020034954,W1984169985,1,actual_openalex_reference,test,openalex_social_sciences_200
W3020034954,W1987884123,1,actual_openalex_reference,test,openalex_social_sciences_200
W3020034954,W1992037710,1,actual_openalex_reference,test,openalex_social_sciences_200
W3020034954,W1993477204,1,actual_openalex_reference,test,openalex_social_sciences_200
W3020034954,W1993559288,1,actual_openalex_reference,test,openalex_social_sciences_200
W3020034954,W1995060029,1,actual_openalex_reference,test,openalex_social_sciences_200
W3020034954,W1996493934,1,actual_openalex_reference,test,openalex_social_sciences_200
W3020034954,W2001513998,1,actual_openalex_reference,test,openalex_social_sciences_200
W3020034954,W2005061283,1,actual_openalex_reference,test,openalex_social_sciences_200
W3020034954,W2005637604,1,actual_openalex_reference,test,openalex_social_sciences_200
W3020034954,W2009196730,1,actual_openalex_reference,test,openalex_social_sciences_200
W3020034954,W2011933333,1,actual_openalex_reference,test,openalex_social_sciences_200
W3020034954,W2012536499,1,actual_openalex_reference,test,openalex_social_sciences_200
W3020034954,W2012870531,1,actual_openalex_reference,test,openalex_social_sciences_200
W3020034954,W2036247540,1,actual_openalex_reference,test,openalex_social_sciences_200
W3020034954,W2043457805,1,actual_openalex_reference,test,openalex_social_sciences_200
W3020034954,W2046177398,1,actual_openalex_reference,test,openalex_social_sciences_200
W3020034954,W2076531631,1,actual_openalex_reference,test,openalex_social_sciences_200
W3020034954,W2085842927,1,actual_openalex_reference,test,openalex_social_sciences_200
W3020034954,W2086150036,1,actual_openalex_reference,test,openalex_social_sciences_200
W3020034954,W2089754316,1,actual_openalex_reference,test,openalex_social_sciences_200
W3020034954,W2102290946,1,actual_openalex_reference,test,openalex_social_sciences_200
W3020034954,W2115137641,1,actual_openalex_reference,test,openalex_social_sciences_200
W3020034954,W2121095489,1,actual_openalex_reference,test,openalex_social_sciences_200
W3020034954,W2125368397,1,actual_openalex_reference,test,openalex_social_sciences_200
W3020034954,W2127134065,1,actual_openalex_reference,test,openalex_social_sciences_200
W3020034954,W2134789881,1,actual_openalex_reference,test,openalex_social_sciences_200
W3020034954,W2137884336,1,actual_openalex_reference,test,openalex_social_sciences_200
W3020034954,W2139356879,1,actual_openalex_reference,test,openalex_social_sciences_200
W3020034954,W2142762342,1,actual_openalex_reference,test,openalex_social_sciences_200
W3020034954,W2145382344,1,actual_openalex_reference,test,openalex_social_sciences_200
W3020034954,W2149601297,1,actual_openalex_reference,test,openalex_social_sciences_200
W3020034954,W2150206153,1,actual_openalex_reference,test,openalex_social_sciences_200
W3020034954,W2152432415,1,actual_openalex_reference,test,openalex_social_sciences_200
W3020034954,W2158082713,1,actual_openalex_reference,test,openalex_social_sciences_200
W3020034954,W2158749340,1,actual_openalex_reference,test,openalex_social_sciences_200
W3020034954,W2160181293,1,actual_openalex_reference,test,openalex_social_sciences_200
W3020034954,W2167345745,1,actual_openalex_reference,test,openalex_social_sciences_200
W3020034954,W2247957211,1,actual_openalex_reference,test,openalex_social_sciences_200
W3020034954,W2580528920,1,actual_openalex_reference,test,openalex_social_sciences_200
W3020034954,W2595001823,1,actual_openalex_reference,test,openalex_social_sciences_200
W3020034954,W2798302723,1,actual_openalex_reference,test,openalex_social_sciences_200
W3020034954,W2886570715,1,actual_openalex_reference,test,openalex_social_sciences_200
W3020034954,W2976506342,1,actual_openalex_reference,test,openalex_social_sciences_200
W3020034954,W4250679855,1,actual_openalex_reference,test,openalex_social_sciences_200
W3020034954,W4255279121,1,actual_openalex_reference,test,openalex_social_sciences_200
W3161431783,W2081424155,1,actual_openalex_reference,test,openalex_social_sciences_200
W3161431783,W3020076990,1,actual_openalex_reference,test,openalex_social_sciences_200
W3124581590,W631540847,1,actual_openalex_reference,test,openalex_social_sciences_200
W3124581590,W2019999072,1,actual_openalex_reference,test,openalex_social_sciences_200
W3124581590,W2131235926,1,actual_openalex_reference,test,openalex_social_sciences_200
W3124581590,W2419557032,1,actual_openalex_reference,test,openalex_social_sciences_200
W3124581590,W3044900960,1,actual_openalex_reference,test,openalex_social_sciences_200
W3124581590,W3083693217,1,actual_openalex_reference,test,openalex_social_sciences_200
W2950394435,W128198855,1,actual_openalex_reference,test,openalex_social_sciences_200
W2950394435,W769046687,1,actual_openalex_reference,test,openalex_social_sciences_200
W2950394435,W1486285723,1,actual_openalex_reference,test,openalex_social_sciences_200
W2950394435,W2283710366,1,actual_openalex_reference,test,openalex_social_sciences_200
W2950394435,W2767949620,1,actual_openalex_reference,test,openalex_social_sciences_200
W2950394435,W2784037225,1,actual_openalex_reference,test,openalex_social_sciences_200
W2950394435,W2895423358,1,actual_openalex_reference,test,openalex_social_sciences_200
W2950394435,W4288076474,1,actual_openalex_reference,test,openalex_social_sciences_200
W2960382403,W38307920,1,actual_openalex_reference,test,openalex_social_sciences_200
W2960382403,W107947702,1,actual_openalex_reference,test,openalex_social_sciences_200
W2960382403,W110169157,1,actual_openalex_reference,test,openalex_social_sciences_200
W2960382403,W1486160347,1,actual_openalex_reference,test,openalex_social_sciences_200
W2960382403,W1505999675,1,actual_openalex_reference,test,openalex_social_sciences_200
W2960382403,W1514473104,1,actual_openalex_reference,test,openalex_social_sciences_200
W2960382403,W1545172546,1,actual_openalex_reference,test,openalex_social_sciences_200
W2960382403,W1557459633,1,actual_openalex_reference,test,openalex_social_sciences_200
W2960382403,W1572092804,1,actual_openalex_reference,test,openalex_social_sciences_200
W2960382403,W1714723801,1,actual_openalex_reference,test,openalex_social_sciences_200
W2960382403,W1962879970,1,actual_openalex_reference,test,openalex_social_sciences_200
W2960382403,W1975177994,1,actual_openalex_reference,test,openalex_social_sciences_200
W2960382403,W2035324438,1,actual_openalex_reference,test,openalex_social_sciences_200
W2960382403,W2115835381,1,actual_openalex_reference,test,openalex_social_sciences_200
W2960382403,W2141792817,1,actual_openalex_reference,test,openalex_social_sciences_200
W2960382403,W2153646932,1,actual_openalex_reference,test,openalex_social_sciences_200
W2960382403,W2159719881,1,actual_openalex_reference,test,openalex_social_sciences_200
W2960382403,W2167620025,1,actual_openalex_reference,test,openalex_social_sciences_200
W2960382403,W2235030978,1,actual_openalex_reference,test,openalex_social_sciences_200
W2960382403,W2482045785,1,actual_openalex_reference,test,openalex_social_sciences_200
W2960382403,W2978062325,1,actual_openalex_reference,test,openalex_social_sciences_200
W2960382403,W3044024525,1,actual_openalex_reference,test,openalex_social_sciences_200
W2960382403,W4229998563,1,actual_openalex_reference,test,openalex_social_sciences_200
W3199109479,W129979439,1,actual_openalex_reference,test,openalex_social_sciences_200
W3199109479,W391213862,1,actual_openalex_reference,test,openalex_social_sciences_200
W3199109479,W599357016,1,actual_openalex_reference,test,openalex_social_sciences_200
W3199109479,W1516534262,1,actual_openalex_reference,test,openalex_social_sciences_200
W3199109479,W1736537623,1,actual_openalex_reference,test,openalex_social_sciences_200
W3199109479,W1822041342,1,actual_openalex_reference,test,openalex_social_sciences_200
W3199109479,W1990609004,1,actual_openalex_reference,test,openalex_social_sciences_200
W3199109479,W2004950695,1,actual_openalex_reference,test,openalex_social_sciences_200
W3199109479,W2006090602,1,actual_openalex_reference,test,openalex_social_sciences_200
W3199109479,W2020057654,1,actual_openalex_reference,test,openalex_social_sciences_200
W3199109479,W2032183342,1,actual_openalex_reference,test,openalex_social_sciences_200
W3199109479,W2075828597,1,actual_openalex_reference,test,openalex_social_sciences_200
W3199109479,W2101157755,1,actual_openalex_reference,test,openalex_social_sciences_200
W3199109479,W2115649012,1,actual_openalex_reference,test,openalex_social_sciences_200
W3199109479,W2120038422,1,actual_openalex_reference,test,openalex_social_sciences_200
W3199109479,W2132358628,1,actual_openalex_reference,test,openalex_social_sciences_200
W3199109479,W2143565172,1,actual_openalex_reference,test,openalex_social_sciences_200
W3199109479,W2153507441,1,actual_openalex_reference,test,openalex_social_sciences_200
W3199109479,W2287863004,1,actual_openalex_reference,test,openalex_social_sciences_200
W3199109479,W2413332701,1,actual_openalex_reference,test,openalex_social_sciences_200
W3199109479,W2770023838,1,actual_openalex_reference,test,openalex_social_sciences_200
W3199109479,W2959007368,1,actual_openalex_reference,test,openalex_social_sciences_200
W3199109479,W3021776576,1,actual_openalex_reference,test,openalex_social_sciences_200
W4210938271,W1491613111,1,actual_openalex_reference,test,openalex_social_sciences_200
W4210938271,W1974197419,1,actual_openalex_reference,test,openalex_social_sciences_200
W4210938271,W1992068992,1,actual_openalex_reference,test,openalex_social_sciences_200
W4210938271,W2013005610,1,actual_openalex_reference,test,openalex_social_sciences_200
W4210938271,W2089672499,1,actual_openalex_reference,test,openalex_social_sciences_200
W4210938271,W2126190185,1,actual_openalex_reference,test,openalex_social_sciences_200
W4210938271,W2775107589,1,actual_openalex_reference,test,openalex_social_sciences_200
W4210938271,W2907798688,1,actual_openalex_reference,test,openalex_social_sciences_200
W3117785273,W1660606661,1,actual_openalex_reference,test,openalex_social_sciences_200
W3117785273,W1945929396,1,actual_openalex_reference,test,openalex_social_sciences_200
W3117785273,W2009006633,1,actual_openalex_reference,test,openalex_social_sciences_200
W3117785273,W2034990006,1,actual_openalex_reference,test,openalex_social_sciences_200
W3117785273,W2144868012,1,actual_openalex_reference,test,openalex_social_sciences_200
W3117785273,W2735554529,1,actual_openalex_reference,test,openalex_social_sciences_200
W3117785273,W3123697045,1,actual_openalex_reference,test,openalex_social_sciences_200
W3013094786,W261906433,1,actual_openalex_reference,test,openalex_social_sciences_200
W3013094786,W1508828152,1,actual_openalex_reference,test,openalex_social_sciences_200
W3013094786,W1537642897,1,actual_openalex_reference,test,openalex_social_sciences_200
W3013094786,W1916235338,1,actual_openalex_reference,test,openalex_social_sciences_200
W3013094786,W1993469310,1,actual_openalex_reference,test,openalex_social_sciences_200
W3013094786,W2009196937,1,actual_openalex_reference,test,openalex_social_sciences_200
W3013094786,W2016634442,1,actual_openalex_reference,test,openalex_social_sciences_200
W3013094786,W2024923751,1,actual_openalex_reference,test,openalex_social_sciences_200
W3013094786,W2035964836,1,actual_openalex_reference,test,openalex_social_sciences_200
W3013094786,W2037966745,1,actual_openalex_reference,test,openalex_social_sciences_200
W3013094786,W2047873637,1,actual_openalex_reference,test,openalex_social_sciences_200
W3013094786,W2065729115,1,actual_openalex_reference,test,openalex_social_sciences_200
W3013094786,W2114759011,1,actual_openalex_reference,test,openalex_social_sciences_200
W3013094786,W2129749811,1,actual_openalex_reference,test,openalex_social_sciences_200
W3013094786,W2131304981,1,actual_openalex_reference,test,openalex_social_sciences_200
W3013094786,W2133535394,1,actual_openalex_reference,test,openalex_social_sciences_200
W3013094786,W2143485671,1,actual_openalex_reference,test,openalex_social_sciences_200
W3013094786,W2165179849,1,actual_openalex_reference,test,openalex_social_sciences_200
W3013094786,W2169005469,1,actual_openalex_reference,test,openalex_social_sciences_200
W3013094786,W2322888189,1,actual_openalex_reference,test,openalex_social_sciences_200
W3013094786,W2323584754,1,actual_openalex_reference,test,openalex_social_sciences_200
W3013094786,W2340777028,1,actual_openalex_reference,test,openalex_social_sciences_200
W3013094786,W2608014122,1,actual_openalex_reference,test,openalex_social_sciences_200
W3013094786,W2903985442,1,actual_openalex_reference,test,openalex_social_sciences_200
W3013094786,W4229864382,1,actual_openalex_reference,test,openalex_social_sciences_200
W3013094786,W4242032988,1,actual_openalex_reference,test,openalex_social_sciences_200
W3013094786,W4293026240,1,actual_openalex_reference,test,openalex_social_sciences_200
W4321345957,W2002797956,1,actual_openalex_reference,test,openalex_social_sciences_200
W4321345957,W2008446092,1,actual_openalex_reference,test,openalex_social_sciences_200
W4321345957,W2917091804,1,actual_openalex_reference,test,openalex_social_sciences_200
W4321345957,W3034927658,1,actual_openalex_reference,test,openalex_social_sciences_200
W3204337122,W363676711,1,actual_openalex_reference,test,openalex_social_sciences_200
W3204337122,W1782247654,1,actual_openalex_reference,test,openalex_social_sciences_200
W3204337122,W1978387184,1,actual_openalex_reference,test,openalex_social_sciences_200
W3204337122,W2001689814,1,actual_openalex_reference,test,openalex_social_sciences_200
W3204337122,W2010036897,1,actual_openalex_reference,test,openalex_social_sciences_200
W3204337122,W2044090281,1,actual_openalex_reference,test,openalex_social_sciences_200
W3204337122,W2083820822,1,actual_openalex_reference,test,openalex_social_sciences_200
W3204337122,W2249595199,1,actual_openalex_reference,test,openalex_social_sciences_200
W3204337122,W2748982708,1,actual_openalex_reference,test,openalex_social_sciences_200
W3160383453,W628244101,1,actual_openalex_reference,test,openalex_social_sciences_200
W3160383453,W630200701,1,actual_openalex_reference,test,openalex_social_sciences_200
W3160383453,W955141605,1,actual_openalex_reference,test,openalex_social_sciences_200
W3160383453,W1556801619,1,actual_openalex_reference,test,openalex_social_sciences_200
W3160383453,W1583554820,1,actual_openalex_reference,test,openalex_social_sciences_200
W3160383453,W1614549126,1,actual_openalex_reference,test,openalex_social_sciences_200
W3160383453,W1985236587,1,actual_openalex_reference,test,openalex_social_sciences_200
W3160383453,W2060985740,1,actual_openalex_reference,test,openalex_social_sciences_200
W3160383453,W2477894702,1,actual_openalex_reference,test,openalex_social_sciences_200
W3160383453,W2742638164,1,actual_openalex_reference,test,openalex_social_sciences_200
W3160383453,W4210978997,1,actual_openalex_reference,test,openalex_social_sciences_200
W3160383453,W4230728565,1,actual_openalex_reference,test,openalex_social_sciences_200
W3160383453,W4234116397,1,actual_openalex_reference,test,openalex_social_sciences_200
W3160383453,W4256104325,1,actual_openalex_reference,test,openalex_social_sciences_200
W4236505233,W200530948,1,actual_openalex_reference,test,openalex_social_sciences_200
W4236505233,W567653705,1,actual_openalex_reference,test,openalex_social_sciences_200
W4236505233,W1524775042,1,actual_openalex_reference,test,openalex_social_sciences_200
W4236505233,W1569334360,1,actual_openalex_reference,test,openalex_social_sciences_200
W4236505233,W2073750430,1,actual_openalex_reference,test,openalex_social_sciences_200
W4236505233,W2140217195,1,actual_openalex_reference,test,openalex_social_sciences_200
W4236505233,W2143799439,1,actual_openalex_reference,test,openalex_social_sciences_200
W4236505233,W2346122423,1,actual_openalex_reference,test,openalex_social_sciences_200
W4236505233,W2499248534,1,actual_openalex_reference,test,openalex_social_sciences_200
W4236505233,W2968934630,1,actual_openalex_reference,test,openalex_social_sciences_200
W4236505233,W3123112909,1,actual_openalex_reference,test,openalex_social_sciences_200
W3148141843,W1586661029,1,actual_openalex_reference,test,openalex_social_sciences_200
W3148141843,W2079929038,1,actual_openalex_reference,test,openalex_social_sciences_200
W3148141843,W2627025267,1,actual_openalex_reference,test,openalex_social_sciences_200
W3148141843,W2983922367,1,actual_openalex_reference,test,openalex_social_sciences_200
W3148141843,W3008827533,1,actual_openalex_reference,test,openalex_social_sciences_200
W3148141843,W3012731499,1,actual_openalex_reference,test,openalex_social_sciences_200
W3148141843,W3013360115,1,actual_openalex_reference,test,openalex_social_sciences_200
W3148141843,W3014866961,1,actual_openalex_reference,test,openalex_social_sciences_200
W3148141843,W3015606451,1,actual_openalex_reference,test,openalex_social_sciences_200
W3148141843,W3016143592,1,actual_openalex_reference,test,openalex_social_sciences_200
W3148141843,W3016469463,1,actual_openalex_reference,test,openalex_social_sciences_200
W3148141843,W3019096165,1,actual_openalex_reference,test,openalex_social_sciences_200
W3148141843,W3019469177,1,actual_openalex_reference,test,openalex_social_sciences_200
W3148141843,W3021191290,1,actual_openalex_reference,test,openalex_social_sciences_200
W3148141843,W3021507110,1,actual_openalex_reference,test,openalex_social_sciences_200
W3148141843,W3021603997,1,actual_openalex_reference,test,openalex_social_sciences_200
W3148141843,W3026091149,1,actual_openalex_reference,test,openalex_social_sciences_200
W3148141843,W3031989465,1,actual_openalex_reference,test,openalex_social_sciences_200
W3148141843,W3040366309,1,actual_openalex_reference,test,openalex_social_sciences_200
W3148141843,W4382175370,1,actual_openalex_reference,test,openalex_social_sciences_200
W3109620064,W362968599,1,actual_openalex_reference,test,openalex_social_sciences_200
W3109620064,W593073920,1,actual_openalex_reference,test,openalex_social_sciences_200
W3109620064,W629745533,1,actual_openalex_reference,test,openalex_social_sciences_200
W3109620064,W847248795,1,actual_openalex_reference,test,openalex_social_sciences_200
W3109620064,W1995323057,1,actual_openalex_reference,test,openalex_social_sciences_200
W3109620064,W2029179178,1,actual_openalex_reference,test,openalex_social_sciences_200
W3109620064,W2049271153,1,actual_openalex_reference,test,openalex_social_sciences_200
W3109620064,W2058376974,1,actual_openalex_reference,test,openalex_social_sciences_200
W3109620064,W2059300244,1,actual_openalex_reference,test,openalex_social_sciences_200
W3109620064,W2077425611,1,actual_openalex_reference,test,openalex_social_sciences_200
W3109620064,W2078746292,1,actual_openalex_reference,test,openalex_social_sciences_200
W3109620064,W2106689944,1,actual_openalex_reference,test,openalex_social_sciences_200
W3109620064,W2117431012,1,actual_openalex_reference,test,openalex_social_sciences_200
W3109620064,W2133487315,1,actual_openalex_reference,test,openalex_social_sciences_200
W3109620064,W2303083998,1,actual_openalex_reference,test,openalex_social_sciences_200
W3109620064,W2407433422,1,actual_openalex_reference,test,openalex_social_sciences_200
W3109620064,W2471319784,1,actual_openalex_reference,test,openalex_social_sciences_200
W3109620064,W2499794626,1,actual_openalex_reference,test,openalex_social_sciences_200
W3109620064,W2754514139,1,actual_openalex_reference,test,openalex_social_sciences_200
W3109620064,W2770497788,1,actual_openalex_reference,test,openalex_social_sciences_200
W3109620064,W2994050746,1,actual_openalex_reference,test,openalex_social_sciences_200
W3109620064,W2995770196,1,actual_openalex_reference,test,openalex_social_sciences_200
W3109620064,W4232429827,1,actual_openalex_reference,test,openalex_social_sciences_200
W3109620064,W4300706244,1,actual_openalex_reference,test,openalex_social_sciences_200
W3109620064,W4300996535,1,actual_openalex_reference,test,openalex_social_sciences_200
W3109620064,W4302055940,1,actual_openalex_reference,test,openalex_social_sciences_200
W2924948810,W21485783,1,actual_openalex_reference,test,openalex_social_sciences_200
W2924948810,W187330330,1,actual_openalex_reference,test,openalex_social_sciences_200
W2924948810,W1506053911,1,actual_openalex_reference,test,openalex_social_sciences_200
W2924948810,W1659723955,1,actual_openalex_reference,test,openalex_social_sciences_200
W2924948810,W1698185664,1,actual_openalex_reference,test,openalex_social_sciences_200
W2924948810,W1820496084,1,actual_openalex_reference,test,openalex_social_sciences_200
W2924948810,W1995938991,1,actual_openalex_reference,test,openalex_social_sciences_200
W2924948810,W2021551894,1,actual_openalex_reference,test,openalex_social_sciences_200
W2924948810,W2063492479,1,actual_openalex_reference,test,openalex_social_sciences_200
W2924948810,W2067363097,1,actual_openalex_reference,test,openalex_social_sciences_200
W2924948810,W2071831897,1,actual_openalex_reference,test,openalex_social_sciences_200
W2924948810,W2074482140,1,actual_openalex_reference,test,openalex_social_sciences_200
W2924948810,W2093258369,1,actual_openalex_reference,test,openalex_social_sciences_200
W2924948810,W2103901158,1,actual_openalex_reference,test,openalex_social_sciences_200
W2924948810,W2122033764,1,actual_openalex_reference,test,openalex_social_sciences_200
W2924948810,W2150325931,1,actual_openalex_reference,test,openalex_social_sciences_200
W2924948810,W2156627323,1,actual_openalex_reference,test,openalex_social_sciences_200
W2924948810,W2170224209,1,actual_openalex_reference,test,openalex_social_sciences_200
W2924948810,W2345936886,1,actual_openalex_reference,test,openalex_social_sciences_200
W4245518988,W1554609646,1,actual_openalex_reference,test,openalex_social_sciences_200
W4245518988,W1993020191,1,actual_openalex_reference,test,openalex_social_sciences_200
W4245518988,W2077905058,1,actual_openalex_reference,test,openalex_social_sciences_200
W4245518988,W2151907069,1,actual_openalex_reference,test,openalex_social_sciences_200
W4245518988,W2197698308,1,actual_openalex_reference,test,openalex_social_sciences_200
W4245518988,W2320714253,1,actual_openalex_reference,test,openalex_social_sciences_200
W4245518988,W2402294021,1,actual_openalex_reference,test,openalex_social_sciences_200
W4245518988,W2473613788,1,actual_openalex_reference,test,openalex_social_sciences_200
W4245518988,W2578348736,1,actual_openalex_reference,test,openalex_social_sciences_200
W4245518988,W2611885487,1,actual_openalex_reference,test,openalex_social_sciences_200
W4245518988,W2612060257,1,actual_openalex_reference,test,openalex_social_sciences_200
W4245518988,W2947686482,1,actual_openalex_reference,test,openalex_social_sciences_200
W4245518988,W2994062428,1,actual_openalex_reference,test,openalex_social_sciences_200
W4245518988,W3159883628,1,actual_openalex_reference,test,openalex_social_sciences_200
W3006398867,W76482841,1,actual_openalex_reference,test,openalex_social_sciences_200
W3006398867,W2010593734,1,actual_openalex_reference,test,openalex_social_sciences_200
W3006398867,W2016692025,1,actual_openalex_reference,test,openalex_social_sciences_200
W3006398867,W2137730982,1,actual_openalex_reference,test,openalex_social_sciences_200
W3006398867,W2149823506,1,actual_openalex_reference,test,openalex_social_sciences_200
W3006398867,W2524157038,1,actual_openalex_reference,test,openalex_social_sciences_200
W3006398867,W2612870289,1,actual_openalex_reference,test,openalex_social_sciences_200
W3098774183,W2346608298,1,actual_openalex_reference,test,openalex_social_sciences_200
W3098774183,W2807749281,1,actual_openalex_reference,test,openalex_social_sciences_200
W3098774183,W2887037127,1,actual_openalex_reference,test,openalex_social_sciences_200
W3098774183,W2899579542,1,actual_openalex_reference,test,openalex_social_sciences_200
W3098774183,W2904911455,1,actual_openalex_reference,test,openalex_social_sciences_200
W3098774183,W2910917352,1,actual_openalex_reference,test,openalex_social_sciences_200
W3098774183,W2913812060,1,actual_openalex_reference,test,openalex_social_sciences_200
W3098774183,W2914849134,1,actual_openalex_reference,test,openalex_social_sciences_200
W3098774183,W2944766936,1,actual_openalex_reference,test,openalex_social_sciences_200
W3098774183,W2945784413,1,actual_openalex_reference,test,openalex_social_sciences_200
W3098774183,W3000412154,1,actual_openalex_reference,test,openalex_social_sciences_200
W3098774183,W3001252221,1,actual_openalex_reference,test,openalex_social_sciences_200
W3098774183,W3170371941,1,actual_openalex_reference,test,openalex_social_sciences_200
W3176198303,W105155406,1,actual_openalex_reference,test,openalex_social_sciences_200
W3176198303,W169910887,1,actual_openalex_reference,test,openalex_social_sciences_200
W3176198303,W597044709,1,actual_openalex_reference,test,openalex_social_sciences_200
W3176198303,W648152870,1,actual_openalex_reference,test,openalex_social_sciences_200
W3176198303,W838923341,1,actual_openalex_reference,test,openalex_social_sciences_200
W3176198303,W1579465356,1,actual_openalex_reference,test,openalex_social_sciences_200
W3176198303,W1588847699,1,actual_openalex_reference,test,openalex_social_sciences_200
W3176198303,W2014129917,1,actual_openalex_reference,test,openalex_social_sciences_200
W3176198303,W2026567452,1,actual_openalex_reference,test,openalex_social_sciences_200
W3176198303,W2060993602,1,actual_openalex_reference,test,openalex_social_sciences_200
W3176198303,W2336464453,1,actual_openalex_reference,test,openalex_social_sciences_200
W3176198303,W2573660794,1,actual_openalex_reference,test,openalex_social_sciences_200
W3176198303,W2752099845,1,actual_openalex_reference,test,openalex_social_sciences_200
W3176198303,W2767072682,1,actual_openalex_reference,test,openalex_social_sciences_200
W3176198303,W2791000426,1,actual_openalex_reference,test,openalex_social_sciences_200
W3176198303,W2795880220,1,actual_openalex_reference,test,openalex_social_sciences_200
W3176198303,W2897558098,1,actual_openalex_reference,test,openalex_social_sciences_200
W3176198303,W2900548288,1,actual_openalex_reference,test,openalex_social_sciences_200
W3176198303,W2913707464,1,actual_openalex_reference,test,openalex_social_sciences_200
W3176198303,W2938581485,1,actual_openalex_reference,test,openalex_social_sciences_200
W3176198303,W2951152347,1,actual_openalex_reference,test,openalex_social_sciences_200
W3176198303,W2954091443,1,actual_openalex_reference,test,openalex_social_sciences_200
W3176198303,W3015838809,1,actual_openalex_reference,test,openalex_social_sciences_200
W3176198303,W3034344071,1,actual_openalex_reference,test,openalex_social_sciences_200
W3176198303,W3097396507,1,actual_openalex_reference,test,openalex_social_sciences_200
W3176198303,W3097711623,1,actual_openalex_reference,test,openalex_social_sciences_200
W3176198303,W3100570159,1,actual_openalex_reference,test,openalex_social_sciences_200
W3176198303,W3119628700,1,actual_openalex_reference,test,openalex_social_sciences_200
W3176198303,W3145418495,1,actual_openalex_reference,test,openalex_social_sciences_200
W3176198303,W3159281654,1,actual_openalex_reference,test,openalex_social_sciences_200
W3112193684,W2527884804,1,actual_openalex_reference,test,openalex_social_sciences_200
W3112193684,W2624943239,1,actual_openalex_reference,test,openalex_social_sciences_200
W2987420038,W2576639344,1,actual_openalex_reference,test,openalex_social_sciences_200
W2987420038,W2594547533,1,actual_openalex_reference,test,openalex_social_sciences_200
W2987420038,W2903875530,1,actual_openalex_reference,test,openalex_social_sciences_200
W2987420038,W4301130256,1,actual_openalex_reference,test,openalex_social_sciences_200
W2987420038,W4301360787,1,actual_openalex_reference,test,openalex_social_sciences_200
W3149652628,W1487130179,1,actual_openalex_reference,test,openalex_social_sciences_200
W3149652628,W2396611414,1,actual_openalex_reference,test,openalex_social_sciences_200
W3149652628,W2515817888,1,actual_openalex_reference,test,openalex_social_sciences_200
W3149652628,W2519652965,1,actual_openalex_reference,test,openalex_social_sciences_200
W3149652628,W2740986901,1,actual_openalex_reference,test,openalex_social_sciences_200
W3149652628,W2745820024,1,actual_openalex_reference,test,openalex_social_sciences_200
W3149652628,W2891946322,1,actual_openalex_reference,test,openalex_social_sciences_200
W3149652628,W2900652336,1,actual_openalex_reference,test,openalex_social_sciences_200
W3149652628,W2922401578,1,actual_openalex_reference,test,openalex_social_sciences_200
W3149652628,W3028103303,1,actual_openalex_reference,test,openalex_social_sciences_200
W3149652628,W3047438334,1,actual_openalex_reference,test,openalex_social_sciences_200
W3149652628,W4249303317,1,actual_openalex_reference,test,openalex_social_sciences_200
W3149652628,W4312470459,1,actual_openalex_reference,test,openalex_social_sciences_200
W4205239780,W1540118036,1,actual_openalex_reference,test,openalex_social_sciences_200
W4205239780,W1567172554,1,actual_openalex_reference,test,openalex_social_sciences_200
W4205239780,W1968619893,1,actual_openalex_reference,test,openalex_social_sciences_200
W4205239780,W2553848796,1,actual_openalex_reference,test,openalex_social_sciences_200
W4205239780,W2595412689,1,actual_openalex_reference,test,openalex_social_sciences_200
W4205239780,W2888455354,1,actual_openalex_reference,test,openalex_social_sciences_200
W4211083887,W1981741284,1,actual_openalex_reference,test,openalex_social_sciences_200
W4211083887,W2312842437,1,actual_openalex_reference,test,openalex_social_sciences_200
W4211083887,W2615563224,1,actual_openalex_reference,test,openalex_social_sciences_200
W4211083887,W2624396780,1,actual_openalex_reference,test,openalex_social_sciences_200
W4211083887,W2811341077,1,actual_openalex_reference,test,openalex_social_sciences_200
W4211083887,W2906104902,1,actual_openalex_reference,test,openalex_social_sciences_200
W4211083887,W2908410511,1,actual_openalex_reference,test,openalex_social_sciences_200
W4211083887,W2908437264,1,actual_openalex_reference,test,openalex_social_sciences_200
W4211083887,W2957322115,1,actual_openalex_reference,test,openalex_social_sciences_200
W4211083887,W2957367585,1,actual_openalex_reference,test,openalex_social_sciences_200
W4211083887,W2986591869,1,actual_openalex_reference,test,openalex_social_sciences_200
W4211083887,W2999882342,1,actual_openalex_reference,test,openalex_social_sciences_200
W4211083887,W3000615249,1,actual_openalex_reference,test,openalex_social_sciences_200
W4211083887,W3043344556,1,actual_openalex_reference,test,openalex_social_sciences_200
W4211083887,W3080238497,1,actual_openalex_reference,test,openalex_social_sciences_200
W4211083887,W3127240766,1,actual_openalex_reference,test,openalex_social_sciences_200
W3210790892,W99528294,1,actual_openalex_reference,test,openalex_social_sciences_200
W3210790892,W1975920390,1,actual_openalex_reference,test,openalex_social_sciences_200
W3210790892,W1979290264,1,actual_openalex_reference,test,openalex_social_sciences_200
W3210790892,W1983405624,1,actual_openalex_reference,test,openalex_social_sciences_200
W3210790892,W2070111508,1,actual_openalex_reference,test,openalex_social_sciences_200
W3210790892,W2115673948,1,actual_openalex_reference,test,openalex_social_sciences_200
W3210790892,W2130192698,1,actual_openalex_reference,test,openalex_social_sciences_200
W3210790892,W2767341573,1,actual_openalex_reference,test,openalex_social_sciences_200
W3210790892,W2982314205,1,actual_openalex_reference,test,openalex_social_sciences_200
W3210790892,W4230815353,1,actual_openalex_reference,test,openalex_social_sciences_200
W2965533871,W70815523,1,actual_openalex_reference,test,openalex_social_sciences_200
W2965533871,W2301997059,1,actual_openalex_reference,test,openalex_social_sciences_200
W2965533871,W2802554879,1,actual_openalex_reference,test,openalex_social_sciences_200
W2965533871,W2883978850,1,actual_openalex_reference,test,openalex_social_sciences_200
W2965533871,W2965533871,1,actual_openalex_reference,test,openalex_social_sciences_200
W2965533871,W4205627631,1,actual_openalex_reference,test,openalex_social_sciences_200
W3179658227,W82619555,1,actual_openalex_reference,test,openalex_social_sciences_200
W3179658227,W1899431436,1,actual_openalex_reference,test,openalex_social_sciences_200
W3179658227,W1975755876,1,actual_openalex_reference,test,openalex_social_sciences_200
W3179658227,W2003429563,1,actual_openalex_reference,test,openalex_social_sciences_200
W3179658227,W2020266303,1,actual_openalex_reference,test,openalex_social_sciences_200
W3179658227,W2038604848,1,actual_openalex_reference,test,openalex_social_sciences_200
W3179658227,W2049222701,1,actual_openalex_reference,test,openalex_social_sciences_200
W3179658227,W2058458984,1,actual_openalex_reference,test,openalex_social_sciences_200
W3179658227,W2095607490,1,actual_openalex_reference,test,openalex_social_sciences_200
W3179658227,W2158207082,1,actual_openalex_reference,test,openalex_social_sciences_200
W3179658227,W2281061340,1,actual_openalex_reference,test,openalex_social_sciences_200
W3179658227,W2531549923,1,actual_openalex_reference,test,openalex_social_sciences_200
W3179658227,W2793236512,1,actual_openalex_reference,test,openalex_social_sciences_200
W3179658227,W3125829010,1,actual_openalex_reference,test,openalex_social_sciences_200
W3199182395,W2058869452,1,actual_openalex_reference,test,openalex_social_sciences_200
W3199182395,W2120990061,1,actual_openalex_reference,test,openalex_social_sciences_200
W3199182395,W2121583253,1,actual_openalex_reference,test,openalex_social_sciences_200
W3199182395,W2902937882,1,actual_openalex_reference,test,openalex_social_sciences_200
W3199182395,W2929415187,1,actual_openalex_reference,test,openalex_social_sciences_200
W3199182395,W2945031002,1,actual_openalex_reference,test,openalex_social_sciences_200
W3199182395,W3094478675,1,actual_openalex_reference,test,openalex_social_sciences_200
W3185984877,W589566049,1,actual_openalex_reference,test,openalex_social_sciences_200
W3185984877,W1894828905,1,actual_openalex_reference,test,openalex_social_sciences_200
W3185984877,W2139406965,1,actual_openalex_reference,test,openalex_social_sciences_200
W3185984877,W2294187510,1,actual_openalex_reference,test,openalex_social_sciences_200
W3185984877,W2402756568,1,actual_openalex_reference,test,openalex_social_sciences_200
W3185984877,W2473848531,1,actual_openalex_reference,test,openalex_social_sciences_200
W3185984877,W2519874444,1,actual_openalex_reference,test,openalex_social_sciences_200
W3185984877,W2607238609,1,actual_openalex_reference,test,openalex_social_sciences_200
W3185984877,W2618093323,1,actual_openalex_reference,test,openalex_social_sciences_200
W3185984877,W2733594978,1,actual_openalex_reference,test,openalex_social_sciences_200
W3185984877,W2750398488,1,actual_openalex_reference,test,openalex_social_sciences_200
W3185984877,W2760483781,1,actual_openalex_reference,test,openalex_social_sciences_200
W3185984877,W2953465080,1,actual_openalex_reference,test,openalex_social_sciences_200
W3185984877,W3122708009,1,actual_openalex_reference,test,openalex_social_sciences_200
W3185984877,W4242131586,1,actual_openalex_reference,test,openalex_social_sciences_200
W3185984877,W4243689582,1,actual_openalex_reference,test,openalex_social_sciences_200
W3209580196,W2540619592,1,actual_openalex_reference,test,openalex_social_sciences_200
W3131997174,W1515338050,1,actual_openalex_reference,test,openalex_social_sciences_200
W3131997174,W1994339444,1,actual_openalex_reference,test,openalex_social_sciences_200
W3131997174,W2007219841,1,actual_openalex_reference,test,openalex_social_sciences_200
W3131997174,W2076304740,1,actual_openalex_reference,test,openalex_social_sciences_200
W3131997174,W2082610198,1,actual_openalex_reference,test,openalex_social_sciences_200
W3131997174,W2166344210,1,actual_openalex_reference,test,openalex_social_sciences_200
W3131997174,W2170356533,1,actual_openalex_reference,test,openalex_social_sciences_200
W3131997174,W2245819543,1,actual_openalex_reference,test,openalex_social_sciences_200
W3131997174,W2253154581,1,actual_openalex_reference,test,openalex_social_sciences_200
W3131997174,W2277791935,1,actual_openalex_reference,test,openalex_social_sciences_200
W3131997174,W2293417697,1,actual_openalex_reference,test,openalex_social_sciences_200
W3131997174,W2299014846,1,actual_openalex_reference,test,openalex_social_sciences_200
W3131997174,W2301727560,1,actual_openalex_reference,test,openalex_social_sciences_200
W3131997174,W2474307667,1,actual_openalex_reference,test,openalex_social_sciences_200
W3131997174,W2545782867,1,actual_openalex_reference,test,openalex_social_sciences_200
W3131997174,W2562258822,1,actual_openalex_reference,test,openalex_social_sciences_200
W3131997174,W2593617579,1,actual_openalex_reference,test,openalex_social_sciences_200
W4213326897,W1508817921,1,actual_openalex_reference,test,openalex_social_sciences_200
W4213326897,W1560831680,1,actual_openalex_reference,test,openalex_social_sciences_200
W4213326897,W2024865883,1,actual_openalex_reference,test,openalex_social_sciences_200
W4213326897,W3027497720,1,actual_openalex_reference,test,openalex_social_sciences_200
W4213326897,W3039601753,1,actual_openalex_reference,test,openalex_social_sciences_200
W4213326897,W3083642766,1,actual_openalex_reference,test,openalex_social_sciences_200
W4213326897,W3113266840,1,actual_openalex_reference,test,openalex_social_sciences_200
W4213326897,W3139305140,1,actual_openalex_reference,test,openalex_social_sciences_200
W4213326897,W3139450303,1,actual_openalex_reference,test,openalex_social_sciences_200
W3205199306,W629709027,1,actual_openalex_reference,test,openalex_social_sciences_200
W3205199306,W1593325867,1,actual_openalex_reference,test,openalex_social_sciences_200
W3205199306,W2112867678,1,actual_openalex_reference,test,openalex_social_sciences_200
W3205199306,W2592584274,1,actual_openalex_reference,test,openalex_social_sciences_200
W3205199306,W2762477486,1,actual_openalex_reference,test,openalex_social_sciences_200
W3205199306,W2905121916,1,actual_openalex_reference,test,openalex_social_sciences_200
W3205199306,W2926387274,1,actual_openalex_reference,test,openalex_social_sciences_200
W3205199306,W2948444711,1,actual_openalex_reference,test,openalex_social_sciences_200
W3205199306,W2972372379,1,actual_openalex_reference,test,openalex_social_sciences_200
W3205199306,W3092761827,1,actual_openalex_reference,test,openalex_social_sciences_200
W3205199306,W3137786732,1,actual_openalex_reference,test,openalex_social_sciences_200
W3205199306,W3165431490,1,actual_openalex_reference,test,openalex_social_sciences_200
W3205199306,W3174968379,1,actual_openalex_reference,test,openalex_social_sciences_200
W3205199306,W3195328082,1,actual_openalex_reference,test,openalex_social_sciences_200
W3205199306,W3197111247,1,actual_openalex_reference,test,openalex_social_sciences_200
W3205199306,W4256652306,1,actual_openalex_reference,test,openalex_social_sciences_200
W3172539637,W322055190,1,actual_openalex_reference,test,openalex_social_sciences_200
W3172539637,W1525350268,1,actual_openalex_reference,test,openalex_social_sciences_200
W3172539637,W1709704063,1,actual_openalex_reference,test,openalex_social_sciences_200
W3172539637,W2076062062,1,actual_openalex_reference,test,openalex_social_sciences_200
W3172539637,W2138114649,1,actual_openalex_reference,test,openalex_social_sciences_200
W3172539637,W2140971052,1,actual_openalex_reference,test,openalex_social_sciences_200
W3172539637,W2315346504,1,actual_openalex_reference,test,openalex_social_sciences_200
W3172539637,W2463953093,1,actual_openalex_reference,test,openalex_social_sciences_200
W3172539637,W2496270864,1,actual_openalex_reference,test,openalex_social_sciences_200
W3172539637,W2603240216,1,actual_openalex_reference,test,openalex_social_sciences_200
W3172539637,W2780946539,1,actual_openalex_reference,test,openalex_social_sciences_200
W3172539637,W2899356013,1,actual_openalex_reference,test,openalex_social_sciences_200
W3172539637,W3046812530,1,actual_openalex_reference,test,openalex_social_sciences_200
W3172539637,W4388361649,1,actual_openalex_reference,test,openalex_social_sciences_200
W2947717159,W42116887,1,actual_openalex_reference,test,openalex_social_sciences_200
W2947717159,W52905385,1,actual_openalex_reference,test,openalex_social_sciences_200
W2947717159,W1577211516,1,actual_openalex_reference,test,openalex_social_sciences_200
W2947717159,W2002315878,1,actual_openalex_reference,test,openalex_social_sciences_200
W2947717159,W2017703380,1,actual_openalex_reference,test,openalex_social_sciences_200
W2947717159,W2064749030,1,actual_openalex_reference,test,openalex_social_sciences_200
W2947717159,W2116337050,1,actual_openalex_reference,test,openalex_social_sciences_200
W2947717159,W2170488354,1,actual_openalex_reference,test,openalex_social_sciences_200
W2947717159,W2586457389,1,actual_openalex_reference,test,openalex_social_sciences_200
W2947717159,W2612494856,1,actual_openalex_reference,test,openalex_social_sciences_200
W2947717159,W2803603338,1,actual_openalex_reference,test,openalex_social_sciences_200
W2947717159,W2908028618,1,actual_openalex_reference,test,openalex_social_sciences_200
W2975290686,W152435060,1,actual_openalex_reference,test,openalex_social_sciences_200
W2975290686,W1554358127,1,actual_openalex_reference,test,openalex_social_sciences_200
W2975290686,W1963969153,1,actual_openalex_reference,test,openalex_social_sciences_200
W2975290686,W2021818980,1,actual_openalex_reference,test,openalex_social_sciences_200
W2975290686,W2032052450,1,actual_openalex_reference,test,openalex_social_sciences_200
W2975290686,W2035947906,1,actual_openalex_reference,test,openalex_social_sciences_200
W2975290686,W2106706708,1,actual_openalex_reference,test,openalex_social_sciences_200
W2975290686,W2106769326,1,actual_openalex_reference,test,openalex_social_sciences_200
W2975290686,W2126392814,1,actual_openalex_reference,test,openalex_social_sciences_200
W2975290686,W2126699566,1,actual_openalex_reference,test,openalex_social_sciences_200
W2975290686,W2143779839,1,actual_openalex_reference,test,openalex_social_sciences_200
W2975290686,W2975290686,1,actual_openalex_reference,test,openalex_social_sciences_200
W2975290686,W4246889990,1,actual_openalex_reference,test,openalex_social_sciences_200
W2975290686,W4399593803,1,actual_openalex_reference,test,openalex_social_sciences_200
W3001901622,W1834007567,1,actual_openalex_reference,test,openalex_social_sciences_200
W3001901622,W1978361381,1,actual_openalex_reference,test,openalex_social_sciences_200
W3001901622,W1988270744,1,actual_openalex_reference,test,openalex_social_sciences_200
W3001901622,W1989435472,1,actual_openalex_reference,test,openalex_social_sciences_200
W3001901622,W2070520091,1,actual_openalex_reference,test,openalex_social_sciences_200
W3001901622,W2112878386,1,actual_openalex_reference,test,openalex_social_sciences_200
W3001901622,W2267973520,1,actual_openalex_reference,test,openalex_social_sciences_200
W3001901622,W2897241169,1,actual_openalex_reference,test,openalex_social_sciences_200
W3001901622,W4256280536,1,actual_openalex_reference,test,openalex_social_sciences_200
W2988987570,W15111166,1,actual_openalex_reference,test,openalex_social_sciences_200
W2988987570,W95222581,1,actual_openalex_reference,test,openalex_social_sciences_200
W2988987570,W2012283580,1,actual_openalex_reference,test,openalex_social_sciences_200
W2988987570,W2031188271,1,actual_openalex_reference,test,openalex_social_sciences_200
W2988987570,W2047666674,1,actual_openalex_reference,test,openalex_social_sciences_200
W2988987570,W2055825079,1,actual_openalex_reference,test,openalex_social_sciences_200
W2988987570,W2130220176,1,actual_openalex_reference,test,openalex_social_sciences_200
W2988987570,W2140180147,1,actual_openalex_reference,test,openalex_social_sciences_200
W2988987570,W2149076733,1,actual_openalex_reference,test,openalex_social_sciences_200
W2988987570,W4213362209,1,actual_openalex_reference,test,openalex_social_sciences_200
W3182105792,W49280896,1,actual_openalex_reference,test,openalex_social_sciences_200
W3182105792,W146367295,1,actual_openalex_reference,test,openalex_social_sciences_200
W3182105792,W359871391,1,actual_openalex_reference,test,openalex_social_sciences_200
W3182105792,W405435059,1,actual_openalex_reference,test,openalex_social_sciences_200
W3182105792,W415269865,1,actual_openalex_reference,test,openalex_social_sciences_200
W3182105792,W618598614,1,actual_openalex_reference,test,openalex_social_sciences_200
W3182105792,W1971266383,1,actual_openalex_reference,test,openalex_social_sciences_200
W3182105792,W1979744552,1,actual_openalex_reference,test,openalex_social_sciences_200
W3182105792,W2042830120,1,actual_openalex_reference,test,openalex_social_sciences_200
W3182105792,W2043045527,1,actual_openalex_reference,test,openalex_social_sciences_200
W3182105792,W2059865296,1,actual_openalex_reference,test,openalex_social_sciences_200
W3182105792,W2075357641,1,actual_openalex_reference,test,openalex_social_sciences_200
W3182105792,W2404224648,1,actual_openalex_reference,test,openalex_social_sciences_200
W3182105792,W2489184110,1,actual_openalex_reference,test,openalex_social_sciences_200
W3182105792,W2503523934,1,actual_openalex_reference,test,openalex_social_sciences_200
W3182105792,W2587392088,1,actual_openalex_reference,test,openalex_social_sciences_200
W3182105792,W2910950652,1,actual_openalex_reference,test,openalex_social_sciences_200
W3182105792,W2970018959,1,actual_openalex_reference,test,openalex_social_sciences_200
W3182105792,W2978920096,1,actual_openalex_reference,test,openalex_social_sciences_200
W3182105792,W2979131380,1,actual_openalex_reference,test,openalex_social_sciences_200
W3182105792,W3118726752,1,actual_openalex_reference,test,openalex_social_sciences_200
W3182105792,W4241079321,1,actual_openalex_reference,test,openalex_social_sciences_200
W2962659089,W1539648202,1,actual_openalex_reference,test,openalex_social_sciences_200
W2962659089,W1552006497,1,actual_openalex_reference,test,openalex_social_sciences_200
W2962659089,W1583690688,1,actual_openalex_reference,test,openalex_social_sciences_200
W2962659089,W1611760907,1,actual_openalex_reference,test,openalex_social_sciences_200
W2962659089,W1622968268,1,actual_openalex_reference,test,openalex_social_sciences_200
W2962659089,W1987930784,1,actual_openalex_reference,test,openalex_social_sciences_200
W2962659089,W2018980291,1,actual_openalex_reference,test,openalex_social_sciences_200
W2962659089,W2034880228,1,actual_openalex_reference,test,openalex_social_sciences_200
W2962659089,W2062711094,1,actual_openalex_reference,test,openalex_social_sciences_200
W2962659089,W2088586850,1,actual_openalex_reference,test,openalex_social_sciences_200
W2962659089,W2113819323,1,actual_openalex_reference,test,openalex_social_sciences_200
W2962659089,W2123911571,1,actual_openalex_reference,test,openalex_social_sciences_200
W2962659089,W2125086802,1,actual_openalex_reference,test,openalex_social_sciences_200
W2962659089,W2560107242,1,actual_openalex_reference,test,openalex_social_sciences_200
W3214113752,W852582418,1,actual_openalex_reference,test,openalex_social_sciences_200
W3214113752,W2501931372,1,actual_openalex_reference,test,openalex_social_sciences_200
W3214113752,W4242562883,1,actual_openalex_reference,test,openalex_social_sciences_200
W3178291716,W1899535826,1,actual_openalex_reference,test,openalex_social_sciences_200
W3178291716,W1993760488,1,actual_openalex_reference,test,openalex_social_sciences_200
W3178291716,W1995617856,1,actual_openalex_reference,test,openalex_social_sciences_200
W3178291716,W2253939611,1,actual_openalex_reference,test,openalex_social_sciences_200
W3178291716,W2992018773,1,actual_openalex_reference,test,openalex_social_sciences_200
W3178291716,W4398131680,1,actual_openalex_reference,test,openalex_social_sciences_200
W4252246697,W585688106,1,actual_openalex_reference,test,openalex_social_sciences_200
W4252246697,W619211463,1,actual_openalex_reference,test,openalex_social_sciences_200
W4252246697,W635361885,1,actual_openalex_reference,test,openalex_social_sciences_200
W4252246697,W1483094757,1,actual_openalex_reference,test,openalex_social_sciences_200
W4252246697,W1497427780,1,actual_openalex_reference,test,openalex_social_sciences_200
W4252246697,W1566442271,1,actual_openalex_reference,test,openalex_social_sciences_200
W4252246697,W1580195911,1,actual_openalex_reference,test,openalex_social_sciences_200
W4252246697,W1586117161,1,actual_openalex_reference,test,openalex_social_sciences_200
W4252246697,W1642448796,1,actual_openalex_reference,test,openalex_social_sciences_200
W4252246697,W1964031119,1,actual_openalex_reference,test,openalex_social_sciences_200
W4252246697,W1992837416,1,actual_openalex_reference,test,openalex_social_sciences_200
W4252246697,W2003659288,1,actual_openalex_reference,test,openalex_social_sciences_200
W4252246697,W2019886002,1,actual_openalex_reference,test,openalex_social_sciences_200
W4252246697,W2021613421,1,actual_openalex_reference,test,openalex_social_sciences_200
W4252246697,W2070542113,1,actual_openalex_reference,test,openalex_social_sciences_200
W4252246697,W2088471080,1,actual_openalex_reference,test,openalex_social_sciences_200
W4252246697,W2100602508,1,actual_openalex_reference,test,openalex_social_sciences_200
W4252246697,W2153758619,1,actual_openalex_reference,test,openalex_social_sciences_200
W4252246697,W2337002970,1,actual_openalex_reference,test,openalex_social_sciences_200
W4252246697,W2499849274,1,actual_openalex_reference,test,openalex_social_sciences_200
W4252246697,W2756893676,1,actual_openalex_reference,test,openalex_social_sciences_200
W4252246697,W2992714832,1,actual_openalex_reference,test,openalex_social_sciences_200
W4252246697,W3007360413,1,actual_openalex_reference,test,openalex_social_sciences_200
W4252246697,W4205850171,1,actual_openalex_reference,test,openalex_social_sciences_200
W4252246697,W4229597084,1,actual_openalex_reference,test,openalex_social_sciences_200
W4252246697,W4237517672,1,actual_openalex_reference,test,openalex_social_sciences_200
W4252246697,W4239412197,1,actual_openalex_reference,test,openalex_social_sciences_200
W4252246697,W4240502113,1,actual_openalex_reference,test,openalex_social_sciences_200
W4252246697,W4244116497,1,actual_openalex_reference,test,openalex_social_sciences_200
W4252246697,W4250289715,1,actual_openalex_reference,test,openalex_social_sciences_200
W4252246697,W4252604380,1,actual_openalex_reference,test,openalex_social_sciences_200
W4252246697,W4388386401,1,actual_openalex_reference,test,openalex_social_sciences_200
W4252246697,W4388434722,1,actual_openalex_reference,test,openalex_social_sciences_200
W4252246697,W4389386818,1,actual_openalex_reference,test,openalex_social_sciences_200
W2959311816,W142245762,1,actual_openalex_reference,test,openalex_social_sciences_200
W2959311816,W1919713311,1,actual_openalex_reference,test,openalex_social_sciences_200
W2959311816,W2077399770,1,actual_openalex_reference,test,openalex_social_sciences_200
W2959311816,W2136512761,1,actual_openalex_reference,test,openalex_social_sciences_200
W2959311816,W2171404518,1,actual_openalex_reference,test,openalex_social_sciences_200
W2959311816,W2336860900,1,actual_openalex_reference,test,openalex_social_sciences_200
W2959311816,W2605343614,1,actual_openalex_reference,test,openalex_social_sciences_200
W2959311816,W2613694361,1,actual_openalex_reference,test,openalex_social_sciences_200
W2959311816,W2777441862,1,actual_openalex_reference,test,openalex_social_sciences_200
W2959311816,W2995360279,1,actual_openalex_reference,test,openalex_social_sciences_200
W2959311816,W3171248719,1,actual_openalex_reference,test,openalex_social_sciences_200
W2950644743,W1573234480,1,actual_openalex_reference,test,openalex_social_sciences_200
W2950644743,W1624302638,1,actual_openalex_reference,test,openalex_social_sciences_200
W2950644743,W1892307521,1,actual_openalex_reference,test,openalex_social_sciences_200
W2950644743,W2076572614,1,actual_openalex_reference,test,openalex_social_sciences_200
W2950644743,W2088596159,1,actual_openalex_reference,test,openalex_social_sciences_200
W2950644743,W2106383683,1,actual_openalex_reference,test,openalex_social_sciences_200
W2950644743,W2139842033,1,actual_openalex_reference,test,openalex_social_sciences_200
W2950644743,W2145239266,1,actual_openalex_reference,test,openalex_social_sciences_200
W2950644743,W2303859236,1,actual_openalex_reference,test,openalex_social_sciences_200
W2950644743,W2398800711,1,actual_openalex_reference,test,openalex_social_sciences_200
W2950644743,W3186358886,1,actual_openalex_reference,test,openalex_social_sciences_200
W2953689615,W593898368,1,actual_openalex_reference,test,openalex_social_sciences_200
W2953689615,W2952772862,1,actual_openalex_reference,test,openalex_social_sciences_200
W3115960910,W197560849,1,actual_openalex_reference,test,openalex_social_sciences_200
W3115960910,W2888241321,1,actual_openalex_reference,test,openalex_social_sciences_200
W3115960910,W2940897067,1,actual_openalex_reference,test,openalex_social_sciences_200
W2936560656,W124068216,1,actual_openalex_reference,test,openalex_social_sciences_200
W2936560656,W433121562,1,actual_openalex_reference,test,openalex_social_sciences_200
W2936560656,W563057181,1,actual_openalex_reference,test,openalex_social_sciences_200
W2936560656,W591011563,1,actual_openalex_reference,test,openalex_social_sciences_200
W2936560656,W597377195,1,actual_openalex_reference,test,openalex_social_sciences_200
W2936560656,W1528358557,1,actual_openalex_reference,test,openalex_social_sciences_200
W2936560656,W1528653521,1,actual_openalex_reference,test,openalex_social_sciences_200
W2936560656,W1530307962,1,actual_openalex_reference,test,openalex_social_sciences_200
W2936560656,W1562130571,1,actual_openalex_reference,test,openalex_social_sciences_200
W2936560656,W1599035031,1,actual_openalex_reference,test,openalex_social_sciences_200
W2936560656,W1832331872,1,actual_openalex_reference,test,openalex_social_sciences_200
W2936560656,W1941762603,1,actual_openalex_reference,test,openalex_social_sciences_200
W2936560656,W1987951636,1,actual_openalex_reference,test,openalex_social_sciences_200
W2936560656,W2006794812,1,actual_openalex_reference,test,openalex_social_sciences_200
W2936560656,W2041252429,1,actual_openalex_reference,test,openalex_social_sciences_200
W2936560656,W2076228232,1,actual_openalex_reference,test,openalex_social_sciences_200
W2936560656,W2079489183,1,actual_openalex_reference,test,openalex_social_sciences_200
W2936560656,W2103880672,1,actual_openalex_reference,test,openalex_social_sciences_200
W2936560656,W2118436970,1,actual_openalex_reference,test,openalex_social_sciences_200
W2936560656,W2123198192,1,actual_openalex_reference,test,openalex_social_sciences_200
W2936560656,W2144458319,1,actual_openalex_reference,test,openalex_social_sciences_200
W2936560656,W2152534083,1,actual_openalex_reference,test,openalex_social_sciences_200
W2936560656,W2163356353,1,actual_openalex_reference,test,openalex_social_sciences_200
W2936560656,W2166457631,1,actual_openalex_reference,test,openalex_social_sciences_200
W2936560656,W2242785899,1,actual_openalex_reference,test,openalex_social_sciences_200
W2936560656,W2257848649,1,actual_openalex_reference,test,openalex_social_sciences_200
W2936560656,W2258889384,1,actual_openalex_reference,test,openalex_social_sciences_200
W2936560656,W2283367593,1,actual_openalex_reference,test,openalex_social_sciences_200
W2936560656,W2319254027,1,actual_openalex_reference,test,openalex_social_sciences_200
W2936560656,W2337331418,1,actual_openalex_reference,test,openalex_social_sciences_200
W2936560656,W2489466905,1,actual_openalex_reference,test,openalex_social_sciences_200
W2936560656,W2504101423,1,actual_openalex_reference,test,openalex_social_sciences_200
W2936560656,W2510653277,1,actual_openalex_reference,test,openalex_social_sciences_200
W2936560656,W2625132661,1,actual_openalex_reference,test,openalex_social_sciences_200
W2936560656,W2792484429,1,actual_openalex_reference,test,openalex_social_sciences_200
W2936560656,W2988503827,1,actual_openalex_reference,test,openalex_social_sciences_200
W2936560656,W3121203638,1,actual_openalex_reference,test,openalex_social_sciences_200
W2936560656,W4232134068,1,actual_openalex_reference,test,openalex_social_sciences_200
W2936560656,W4232880004,1,actual_openalex_reference,test,openalex_social_sciences_200
W2936560656,W4237853193,1,actual_openalex_reference,test,openalex_social_sciences_200
W2936560656,W4238611597,1,actual_openalex_reference,test,openalex_social_sciences_200
W2936560656,W4247512233,1,actual_openalex_reference,test,openalex_social_sciences_200
W2936560656,W4386112131,1,actual_openalex_reference,test,openalex_social_sciences_200
W3037133086,W241901956,1,actual_openalex_reference,test,openalex_social_sciences_200
W3037133086,W827086221,1,actual_openalex_reference,test,openalex_social_sciences_200
W3037133086,W1484015599,1,actual_openalex_reference,test,openalex_social_sciences_200
W3037133086,W1544388561,1,actual_openalex_reference,test,openalex_social_sciences_200
W3037133086,W1600107381,1,actual_openalex_reference,test,openalex_social_sciences_200
W3037133086,W1839221434,1,actual_openalex_reference,test,openalex_social_sciences_200
W3037133086,W1982408497,1,actual_openalex_reference,test,openalex_social_sciences_200
W3037133086,W1982513799,1,actual_openalex_reference,test,openalex_social_sciences_200
W3037133086,W1983237245,1,actual_openalex_reference,test,openalex_social_sciences_200
W3037133086,W1988956798,1,actual_openalex_reference,test,openalex_social_sciences_200
W3037133086,W1992311014,1,actual_openalex_reference,test,openalex_social_sciences_200
W3037133086,W1996628147,1,actual_openalex_reference,test,openalex_social_sciences_200
W3037133086,W2014204312,1,actual_openalex_reference,test,openalex_social_sciences_200
W3037133086,W2015883004,1,actual_openalex_reference,test,openalex_social_sciences_200
W3037133086,W2017022128,1,actual_openalex_reference,test,openalex_social_sciences_200
W3037133086,W2073111688,1,actual_openalex_reference,test,openalex_social_sciences_200
W3037133086,W2111225569,1,actual_openalex_reference,test,openalex_social_sciences_200
W3037133086,W2116071279,1,actual_openalex_reference,test,openalex_social_sciences_200
W3037133086,W2123939622,1,actual_openalex_reference,test,openalex_social_sciences_200
W3037133086,W2134418622,1,actual_openalex_reference,test,openalex_social_sciences_200
W3037133086,W2226995174,1,actual_openalex_reference,test,openalex_social_sciences_200
W3037133086,W2253961678,1,actual_openalex_reference,test,openalex_social_sciences_200
W3037133086,W2276999657,1,actual_openalex_reference,test,openalex_social_sciences_200
W3037133086,W2289890159,1,actual_openalex_reference,test,openalex_social_sciences_200
W3037133086,W2303907048,1,actual_openalex_reference,test,openalex_social_sciences_200
W3037133086,W2313287848,1,actual_openalex_reference,test,openalex_social_sciences_200
W3037133086,W2336195358,1,actual_openalex_reference,test,openalex_social_sciences_200
W3037133086,W2343584266,1,actual_openalex_reference,test,openalex_social_sciences_200
W3037133086,W2345832441,1,actual_openalex_reference,test,openalex_social_sciences_200
W3037133086,W2405593498,1,actual_openalex_reference,test,openalex_social_sciences_200
W3037133086,W2439628905,1,actual_openalex_reference,test,openalex_social_sciences_200
W3037133086,W2470763121,1,actual_openalex_reference,test,openalex_social_sciences_200
W3037133086,W2496422189,1,actual_openalex_reference,test,openalex_social_sciences_200
W3037133086,W2523782240,1,actual_openalex_reference,test,openalex_social_sciences_200
W3037133086,W2530016036,1,actual_openalex_reference,test,openalex_social_sciences_200
W3037133086,W2536220106,1,actual_openalex_reference,test,openalex_social_sciences_200
W3037133086,W2539390893,1,actual_openalex_reference,test,openalex_social_sciences_200
W3037133086,W2547847725,1,actual_openalex_reference,test,openalex_social_sciences_200
W3037133086,W2555239490,1,actual_openalex_reference,test,openalex_social_sciences_200
W3037133086,W2566054080,1,actual_openalex_reference,test,openalex_social_sciences_200
W3037133086,W2582924410,1,actual_openalex_reference,test,openalex_social_sciences_200
W3037133086,W2584154867,1,actual_openalex_reference,test,openalex_social_sciences_200
W3037133086,W2595519040,1,actual_openalex_reference,test,openalex_social_sciences_200
W3037133086,W2599593105,1,actual_openalex_reference,test,openalex_social_sciences_200
W3037133086,W2604802874,1,actual_openalex_reference,test,openalex_social_sciences_200
W3037133086,W2610424356,1,actual_openalex_reference,test,openalex_social_sciences_200
W3037133086,W2613117996,1,actual_openalex_reference,test,openalex_social_sciences_200
W3037133086,W2616877725,1,actual_openalex_reference,test,openalex_social_sciences_200
W3037133086,W2620768450,1,actual_openalex_reference,test,openalex_social_sciences_200
W3037133086,W2735877655,1,actual_openalex_reference,test,openalex_social_sciences_200
W3037133086,W2744995701,1,actual_openalex_reference,test,openalex_social_sciences_200
W3037133086,W2746693506,1,actual_openalex_reference,test,openalex_social_sciences_200
W3037133086,W2763332953,1,actual_openalex_reference,test,openalex_social_sciences_200
W3037133086,W2766584264,1,actual_openalex_reference,test,openalex_social_sciences_200
W3037133086,W2771289921,1,actual_openalex_reference,test,openalex_social_sciences_200
W3037133086,W2772046678,1,actual_openalex_reference,test,openalex_social_sciences_200
W3037133086,W2786767191,1,actual_openalex_reference,test,openalex_social_sciences_200
W3037133086,W2789735022,1,actual_openalex_reference,test,openalex_social_sciences_200
W3037133086,W2793772895,1,actual_openalex_reference,test,openalex_social_sciences_200
W3037133086,W2800039221,1,actual_openalex_reference,test,openalex_social_sciences_200
W3037133086,W2802200547,1,actual_openalex_reference,test,openalex_social_sciences_200
W3037133086,W2915052075,1,actual_openalex_reference,test,openalex_social_sciences_200
W3037133086,W2932360770,1,actual_openalex_reference,test,openalex_social_sciences_200
W3037133086,W2962270225,1,actual_openalex_reference,test,openalex_social_sciences_200
W3209596820,W2809844369,1,actual_openalex_reference,test,openalex_social_sciences_200
W3209596820,W3017257354,1,actual_openalex_reference,test,openalex_social_sciences_200
W3209596820,W3019469177,1,actual_openalex_reference,test,openalex_social_sciences_200
W3209596820,W3040630917,1,actual_openalex_reference,test,openalex_social_sciences_200
W3209596820,W3085632965,1,actual_openalex_reference,test,openalex_social_sciences_200
W3209596820,W3091987749,1,actual_openalex_reference,test,openalex_social_sciences_200
W3209596820,W3112540260,1,actual_openalex_reference,test,openalex_social_sciences_200
W3209596820,W3113267559,1,actual_openalex_reference,test,openalex_social_sciences_200
W3209596820,W3125473228,1,actual_openalex_reference,test,openalex_social_sciences_200
W3209596820,W3128361403,1,actual_openalex_reference,test,openalex_social_sciences_200
W3209596820,W4248098401,1,actual_openalex_reference,test,openalex_social_sciences_200
W3080439414,W2031899675,1,actual_openalex_reference,test,openalex_social_sciences_200
W3080439414,W2086841709,1,actual_openalex_reference,test,openalex_social_sciences_200
W3080439414,W2781111004,1,actual_openalex_reference,test,openalex_social_sciences_200
W3080439414,W2953035069,1,actual_openalex_reference,test,openalex_social_sciences_200
W3080439414,W2988934653,1,actual_openalex_reference,test,openalex_social_sciences_200
W3080439414,W4240969601,1,actual_openalex_reference,test,openalex_social_sciences_200
W2912830748,W645888509,1,actual_openalex_reference,test,openalex_social_sciences_200
W2912830748,W832087865,1,actual_openalex_reference,test,openalex_social_sciences_200
W2912830748,W1491400454,1,actual_openalex_reference,test,openalex_social_sciences_200
W2912830748,W1497809346,1,actual_openalex_reference,test,openalex_social_sciences_200
W2912830748,W1520939493,1,actual_openalex_reference,test,openalex_social_sciences_200
W2912830748,W1568880367,1,actual_openalex_reference,test,openalex_social_sciences_200
W2912830748,W1967424288,1,actual_openalex_reference,test,openalex_social_sciences_200
W2912830748,W1975123121,1,actual_openalex_reference,test,openalex_social_sciences_200
W2912830748,W1976342639,1,actual_openalex_reference,test,openalex_social_sciences_200
W2912830748,W1976915931,1,actual_openalex_reference,test,openalex_social_sciences_200
W2912830748,W1977086944,1,actual_openalex_reference,test,openalex_social_sciences_200
W2912830748,W1994305073,1,actual_openalex_reference,test,openalex_social_sciences_200
W2912830748,W1995877879,1,actual_openalex_reference,test,openalex_social_sciences_200
W2912830748,W2005346607,1,actual_openalex_reference,test,openalex_social_sciences_200
W2912830748,W2009554483,1,actual_openalex_reference,test,openalex_social_sciences_200
W2912830748,W2022653885,1,actual_openalex_reference,test,openalex_social_sciences_200
W2912830748,W2028422229,1,actual_openalex_reference,test,openalex_social_sciences_200
W2912830748,W2028715577,1,actual_openalex_reference,test,openalex_social_sciences_200
W2912830748,W2031794812,1,actual_openalex_reference,test,openalex_social_sciences_200
W2912830748,W2036384349,1,actual_openalex_reference,test,openalex_social_sciences_200
W2912830748,W2047687736,1,actual_openalex_reference,test,openalex_social_sciences_200
W2912830748,W2053108236,1,actual_openalex_reference,test,openalex_social_sciences_200
W2912830748,W2085997735,1,actual_openalex_reference,test,openalex_social_sciences_200
W2912830748,W2105449046,1,actual_openalex_reference,test,openalex_social_sciences_200
W2912830748,W2107562328,1,actual_openalex_reference,test,openalex_social_sciences_200
W2912830748,W2109750805,1,actual_openalex_reference,test,openalex_social_sciences_200
W2912830748,W2114758262,1,actual_openalex_reference,test,openalex_social_sciences_200
W2912830748,W2134429388,1,actual_openalex_reference,test,openalex_social_sciences_200
W2912830748,W2139322742,1,actual_openalex_reference,test,openalex_social_sciences_200
W2912830748,W2152061115,1,actual_openalex_reference,test,openalex_social_sciences_200
W2912830748,W2152217964,1,actual_openalex_reference,test,openalex_social_sciences_200
W2912830748,W2153888023,1,actual_openalex_reference,test,openalex_social_sciences_200
W2912830748,W2160333988,1,actual_openalex_reference,test,openalex_social_sciences_200
W2912830748,W2164553917,1,actual_openalex_reference,test,openalex_social_sciences_200
W2912830748,W2339417835,1,actual_openalex_reference,test,openalex_social_sciences_200
W2912830748,W2419553358,1,actual_openalex_reference,test,openalex_social_sciences_200
W2912830748,W2422758327,1,actual_openalex_reference,test,openalex_social_sciences_200
W2912830748,W2438923662,1,actual_openalex_reference,test,openalex_social_sciences_200
W2912830748,W2613973261,1,actual_openalex_reference,test,openalex_social_sciences_200
W2912830748,W2792520769,1,actual_openalex_reference,test,openalex_social_sciences_200
W2912830748,W2800834283,1,actual_openalex_reference,test,openalex_social_sciences_200
W2912830748,W4255089970,1,actual_openalex_reference,test,openalex_social_sciences_200
W3179648617,W8755438,1,actual_openalex_reference,test,openalex_social_sciences_200
W3179648617,W654179818,1,actual_openalex_reference,test,openalex_social_sciences_200
W3179648617,W1516080007,1,actual_openalex_reference,test,openalex_social_sciences_200
W3179648617,W1534333134,1,actual_openalex_reference,test,openalex_social_sciences_200
W3179648617,W1551209356,1,actual_openalex_reference,test,openalex_social_sciences_200
W3179648617,W1583379703,1,actual_openalex_reference,test,openalex_social_sciences_200
W3179648617,W1591538110,1,actual_openalex_reference,test,openalex_social_sciences_200
W3179648617,W1594291192,1,actual_openalex_reference,test,openalex_social_sciences_200
W3179648617,W1934629797,1,actual_openalex_reference,test,openalex_social_sciences_200
W3179648617,W1986836203,1,actual_openalex_reference,test,openalex_social_sciences_200
W3179648617,W2019116984,1,actual_openalex_reference,test,openalex_social_sciences_200
W3179648617,W2033506826,1,actual_openalex_reference,test,openalex_social_sciences_200
W3179648617,W2048375915,1,actual_openalex_reference,test,openalex_social_sciences_200
W3179648617,W2066305230,1,actual_openalex_reference,test,openalex_social_sciences_200
W3179648617,W2077668961,1,actual_openalex_reference,test,openalex_social_sciences_200
W3179648617,W2103879976,1,actual_openalex_reference,test,openalex_social_sciences_200
W3179648617,W2108199420,1,actual_openalex_reference,test,openalex_social_sciences_200
W3179648617,W2113352230,1,actual_openalex_reference,test,openalex_social_sciences_200
W3179648617,W2119647691,1,actual_openalex_reference,test,openalex_social_sciences_200
W3179648617,W2125682883,1,actual_openalex_reference,test,openalex_social_sciences_200
W3179648617,W2126414795,1,actual_openalex_reference,test,openalex_social_sciences_200
W3179648617,W2126983865,1,actual_openalex_reference,test,openalex_social_sciences_200
W3179648617,W2135022338,1,actual_openalex_reference,test,openalex_social_sciences_200
W3179648617,W2156898287,1,actual_openalex_reference,test,openalex_social_sciences_200
W3179648617,W2192817392,1,actual_openalex_reference,test,openalex_social_sciences_200
W3179648617,W2257737678,1,actual_openalex_reference,test,openalex_social_sciences_200
W3179648617,W2267745904,1,actual_openalex_reference,test,openalex_social_sciences_200
W3179648617,W2299945653,1,actual_openalex_reference,test,openalex_social_sciences_200
W3179648617,W2317943679,1,actual_openalex_reference,test,openalex_social_sciences_200
W3179648617,W2329672111,1,actual_openalex_reference,test,openalex_social_sciences_200
W3179648617,W2527413947,1,actual_openalex_reference,test,openalex_social_sciences_200
W3179648617,W2554529130,1,actual_openalex_reference,test,openalex_social_sciences_200
W3179648617,W2775053262,1,actual_openalex_reference,test,openalex_social_sciences_200
W3179648617,W2944729917,1,actual_openalex_reference,test,openalex_social_sciences_200
W3179648617,W3015561912,1,actual_openalex_reference,test,openalex_social_sciences_200
W3132076181,W130542525,1,actual_openalex_reference,test,openalex_social_sciences_200
W3132076181,W333847036,1,actual_openalex_reference,test,openalex_social_sciences_200
W3132076181,W1482047020,1,actual_openalex_reference,test,openalex_social_sciences_200
W3132076181,W1567199071,1,actual_openalex_reference,test,openalex_social_sciences_200
W3132076181,W1568920028,1,actual_openalex_reference,test,openalex_social_sciences_200
W3132076181,W1765181683,1,actual_openalex_reference,test,openalex_social_sciences_200
W3132076181,W1975134519,1,actual_openalex_reference,test,openalex_social_sciences_200
W3132076181,W1976722933,1,actual_openalex_reference,test,openalex_social_sciences_200
W3132076181,W1978804134,1,actual_openalex_reference,test,openalex_social_sciences_200
W3132076181,W1981222267,1,actual_openalex_reference,test,openalex_social_sciences_200
W3132076181,W1987258130,1,actual_openalex_reference,test,openalex_social_sciences_200
W3132076181,W1994830962,1,actual_openalex_reference,test,openalex_social_sciences_200
W3132076181,W2008731920,1,actual_openalex_reference,test,openalex_social_sciences_200
W3132076181,W2017386536,1,actual_openalex_reference,test,openalex_social_sciences_200
W3132076181,W2024370570,1,actual_openalex_reference,test,openalex_social_sciences_200
W3132076181,W2026487929,1,actual_openalex_reference,test,openalex_social_sciences_200
W3132076181,W2028666123,1,actual_openalex_reference,test,openalex_social_sciences_200
W3132076181,W2031336481,1,actual_openalex_reference,test,openalex_social_sciences_200
W3132076181,W2036985495,1,actual_openalex_reference,test,openalex_social_sciences_200
W3132076181,W2037184073,1,actual_openalex_reference,test,openalex_social_sciences_200
W3132076181,W2042271258,1,actual_openalex_reference,test,openalex_social_sciences_200
W3132076181,W2050869230,1,actual_openalex_reference,test,openalex_social_sciences_200
W3132076181,W2051175696,1,actual_openalex_reference,test,openalex_social_sciences_200
W3132076181,W2056850829,1,actual_openalex_reference,test,openalex_social_sciences_200
W3132076181,W2064105525,1,actual_openalex_reference,test,openalex_social_sciences_200
W3132076181,W2068489622,1,actual_openalex_reference,test,openalex_social_sciences_200
W3132076181,W2072098357,1,actual_openalex_reference,test,openalex_social_sciences_200
W3132076181,W2076187205,1,actual_openalex_reference,test,openalex_social_sciences_200
W3132076181,W2080528962,1,actual_openalex_reference,test,openalex_social_sciences_200
W3132076181,W2082603156,1,actual_openalex_reference,test,openalex_social_sciences_200
W3132076181,W2100286913,1,actual_openalex_reference,test,openalex_social_sciences_200
W3132076181,W2111952268,1,actual_openalex_reference,test,openalex_social_sciences_200
W3132076181,W2118140010,1,actual_openalex_reference,test,openalex_social_sciences_200
W3132076181,W2120455977,1,actual_openalex_reference,test,openalex_social_sciences_200
W3132076181,W2122912498,1,actual_openalex_reference,test,openalex_social_sciences_200
W3132076181,W2123479432,1,actual_openalex_reference,test,openalex_social_sciences_200
W3132076181,W2124079699,1,actual_openalex_reference,test,openalex_social_sciences_200
W3132076181,W2132634691,1,actual_openalex_reference,test,openalex_social_sciences_200
W3132076181,W2132947039,1,actual_openalex_reference,test,openalex_social_sciences_200
W3132076181,W2139432828,1,actual_openalex_reference,test,openalex_social_sciences_200
W3132076181,W2146533738,1,actual_openalex_reference,test,openalex_social_sciences_200
W3132076181,W2146673623,1,actual_openalex_reference,test,openalex_social_sciences_200
W3132076181,W2151571045,1,actual_openalex_reference,test,openalex_social_sciences_200
W3132076181,W2154762366,1,actual_openalex_reference,test,openalex_social_sciences_200
W3132076181,W2157805521,1,actual_openalex_reference,test,openalex_social_sciences_200
W3132076181,W2160670979,1,actual_openalex_reference,test,openalex_social_sciences_200
W3132076181,W2167426588,1,actual_openalex_reference,test,openalex_social_sciences_200
W3132076181,W2168257019,1,actual_openalex_reference,test,openalex_social_sciences_200
W3132076181,W2171840077,1,actual_openalex_reference,test,openalex_social_sciences_200
W3132076181,W2185125599,1,actual_openalex_reference,test,openalex_social_sciences_200
W3132076181,W2313194085,1,actual_openalex_reference,test,openalex_social_sciences_200
W3132076181,W2345482084,1,actual_openalex_reference,test,openalex_social_sciences_200
W3132076181,W2519470408,1,actual_openalex_reference,test,openalex_social_sciences_200
W3132076181,W2524668896,1,actual_openalex_reference,test,openalex_social_sciences_200
W3132076181,W2582098429,1,actual_openalex_reference,test,openalex_social_sciences_200
W3132076181,W2749038658,1,actual_openalex_reference,test,openalex_social_sciences_200
W3132076181,W2757093712,1,actual_openalex_reference,test,openalex_social_sciences_200
W3132076181,W2778243251,1,actual_openalex_reference,test,openalex_social_sciences_200
W3132076181,W2799582823,1,actual_openalex_reference,test,openalex_social_sciences_200
W3132076181,W2801722781,1,actual_openalex_reference,test,openalex_social_sciences_200
W3132076181,W2886027991,1,actual_openalex_reference,test,openalex_social_sciences_200
W3132076181,W2889752852,1,actual_openalex_reference,test,openalex_social_sciences_200
W3132076181,W2922009545,1,actual_openalex_reference,test,openalex_social_sciences_200
W3132076181,W3024933712,1,actual_openalex_reference,test,openalex_social_sciences_200
W3132076181,W3025978288,1,actual_openalex_reference,test,openalex_social_sciences_200
W3132076181,W3134183271,1,actual_openalex_reference,test,openalex_social_sciences_200
W3132076181,W4235678817,1,actual_openalex_reference,test,openalex_social_sciences_200
W3198087582,W286863705,1,actual_openalex_reference,test,openalex_social_sciences_200
W3198087582,W923906211,1,actual_openalex_reference,test,openalex_social_sciences_200
W3198087582,W1549109732,1,actual_openalex_reference,test,openalex_social_sciences_200
W3198087582,W1832539872,1,actual_openalex_reference,test,openalex_social_sciences_200
W3198087582,W1869379017,1,actual_openalex_reference,test,openalex_social_sciences_200
W3198087582,W1945005118,1,actual_openalex_reference,test,openalex_social_sciences_200
W3198087582,W1968966047,1,actual_openalex_reference,test,openalex_social_sciences_200
W3198087582,W1975855420,1,actual_openalex_reference,test,openalex_social_sciences_200
W3198087582,W2011781973,1,actual_openalex_reference,test,openalex_social_sciences_200
W3198087582,W2011845896,1,actual_openalex_reference,test,openalex_social_sciences_200
W3198087582,W2021548302,1,actual_openalex_reference,test,openalex_social_sciences_200
W3198087582,W2025384410,1,actual_openalex_reference,test,openalex_social_sciences_200
W3198087582,W2033907060,1,actual_openalex_reference,test,openalex_social_sciences_200
W3198087582,W2041823279,1,actual_openalex_reference,test,openalex_social_sciences_200
W3198087582,W2059094298,1,actual_openalex_reference,test,openalex_social_sciences_200
W3198087582,W2078296886,1,actual_openalex_reference,test,openalex_social_sciences_200
W3198087582,W2078678039,1,actual_openalex_reference,test,openalex_social_sciences_200
W3198087582,W2079602445,1,actual_openalex_reference,test,openalex_social_sciences_200
W3198087582,W2088027515,1,actual_openalex_reference,test,openalex_social_sciences_200
W3198087582,W2090266626,1,actual_openalex_reference,test,openalex_social_sciences_200
W3198087582,W2097515925,1,actual_openalex_reference,test,openalex_social_sciences_200
W3198087582,W2102040782,1,actual_openalex_reference,test,openalex_social_sciences_200
W3198087582,W2106597857,1,actual_openalex_reference,test,openalex_social_sciences_200
W3198087582,W2118177720,1,actual_openalex_reference,test,openalex_social_sciences_200
W3198087582,W2118989076,1,actual_openalex_reference,test,openalex_social_sciences_200
W3198087582,W2149764342,1,actual_openalex_reference,test,openalex_social_sciences_200
W3198087582,W2153897911,1,actual_openalex_reference,test,openalex_social_sciences_200
W3198087582,W2160124959,1,actual_openalex_reference,test,openalex_social_sciences_200
W3198087582,W2167543949,1,actual_openalex_reference,test,openalex_social_sciences_200
W3198087582,W2168592380,1,actual_openalex_reference,test,openalex_social_sciences_200
W3198087582,W2170641282,1,actual_openalex_reference,test,openalex_social_sciences_200
W3198087582,W2385838428,1,actual_openalex_reference,test,openalex_social_sciences_200
W3198087582,W2387063905,1,actual_openalex_reference,test,openalex_social_sciences_200
W3198087582,W2496842611,1,actual_openalex_reference,test,openalex_social_sciences_200
W3198087582,W2581418816,1,actual_openalex_reference,test,openalex_social_sciences_200
W3198087582,W2588455251,1,actual_openalex_reference,test,openalex_social_sciences_200
W3198087582,W2605959375,1,actual_openalex_reference,test,openalex_social_sciences_200
W3198087582,W2606433734,1,actual_openalex_reference,test,openalex_social_sciences_200
W3198087582,W2634961244,1,actual_openalex_reference,test,openalex_social_sciences_200
W3198087582,W2662400371,1,actual_openalex_reference,test,openalex_social_sciences_200
W3198087582,W2672179204,1,actual_openalex_reference,test,openalex_social_sciences_200
W3198087582,W2782905495,1,actual_openalex_reference,test,openalex_social_sciences_200
W3198087582,W2785525831,1,actual_openalex_reference,test,openalex_social_sciences_200
W3198087582,W2802302202,1,actual_openalex_reference,test,openalex_social_sciences_200
W3198087582,W2896245944,1,actual_openalex_reference,test,openalex_social_sciences_200
W3198087582,W2899504620,1,actual_openalex_reference,test,openalex_social_sciences_200
W3198087582,W2904663660,1,actual_openalex_reference,test,openalex_social_sciences_200
W3198087582,W2940166084,1,actual_openalex_reference,test,openalex_social_sciences_200
W3198087582,W3002162059,1,actual_openalex_reference,test,openalex_social_sciences_200
W3198087582,W3004481867,1,actual_openalex_reference,test,openalex_social_sciences_200
W3198087582,W3010289430,1,actual_openalex_reference,test,openalex_social_sciences_200
W3198087582,W3041775893,1,actual_openalex_reference,test,openalex_social_sciences_200
W3198087582,W3122178585,1,actual_openalex_reference,test,openalex_social_sciences_200
W3198087582,W4243852216,1,actual_openalex_reference,test,openalex_social_sciences_200
W3198087582,W4247178956,1,actual_openalex_reference,test,openalex_social_sciences_200
W2918470873,W37587433,1,actual_openalex_reference,test,openalex_social_sciences_200
W2918470873,W1915115280,1,actual_openalex_reference,test,openalex_social_sciences_200
W2918470873,W1957208772,1,actual_openalex_reference,test,openalex_social_sciences_200
W2918470873,W1965349186,1,actual_openalex_reference,test,openalex_social_sciences_200
W2918470873,W1977097102,1,actual_openalex_reference,test,openalex_social_sciences_200
W2918470873,W1984411180,1,actual_openalex_reference,test,openalex_social_sciences_200
W2918470873,W1989335131,1,actual_openalex_reference,test,openalex_social_sciences_200
W2918470873,W1997714740,1,actual_openalex_reference,test,openalex_social_sciences_200
W2918470873,W2000378839,1,actual_openalex_reference,test,openalex_social_sciences_200
W2918470873,W2016417149,1,actual_openalex_reference,test,openalex_social_sciences_200
W2918470873,W2030452699,1,actual_openalex_reference,test,openalex_social_sciences_200
W2918470873,W2036244369,1,actual_openalex_reference,test,openalex_social_sciences_200
W2918470873,W2038568242,1,actual_openalex_reference,test,openalex_social_sciences_200
W2918470873,W2039644598,1,actual_openalex_reference,test,openalex_social_sciences_200
W2918470873,W2042211917,1,actual_openalex_reference,test,openalex_social_sciences_200
W2918470873,W2043690108,1,actual_openalex_reference,test,openalex_social_sciences_200
W2918470873,W2054534916,1,actual_openalex_reference,test,openalex_social_sciences_200
W2918470873,W2062300895,1,actual_openalex_reference,test,openalex_social_sciences_200
W2918470873,W2063272532,1,actual_openalex_reference,test,openalex_social_sciences_200
W2918470873,W2066100112,1,actual_openalex_reference,test,openalex_social_sciences_200
W2918470873,W2089029652,1,actual_openalex_reference,test,openalex_social_sciences_200
W2918470873,W2137471017,1,actual_openalex_reference,test,openalex_social_sciences_200
W2918470873,W2138099467,1,actual_openalex_reference,test,openalex_social_sciences_200
W2918470873,W2144121162,1,actual_openalex_reference,test,openalex_social_sciences_200
W2918470873,W2154601427,1,actual_openalex_reference,test,openalex_social_sciences_200
W2918470873,W2171393612,1,actual_openalex_reference,test,openalex_social_sciences_200
W2918470873,W2183398563,1,actual_openalex_reference,test,openalex_social_sciences_200
W2918470873,W2290140525,1,actual_openalex_reference,test,openalex_social_sciences_200
W2918470873,W2321136911,1,actual_openalex_reference,test,openalex_social_sciences_200
W2918470873,W2332387946,1,actual_openalex_reference,test,openalex_social_sciences_200
W2918470873,W3123517155,1,actual_openalex_reference,test,openalex_social_sciences_200
W2918470873,W4238148806,1,actual_openalex_reference,test,openalex_social_sciences_200
W2918470873,W4252345987,1,actual_openalex_reference,test,openalex_social_sciences_200
W3156291634,W3017753658,1,actual_openalex_reference,test,openalex_social_sciences_200
W3156291634,W3023903980,1,actual_openalex_reference,test,openalex_social_sciences_200
W3156291634,W3090083025,1,actual_openalex_reference,test,openalex_social_sciences_200
W3156291634,W4205813403,1,actual_openalex_reference,test,openalex_social_sciences_200
W3163154359,W1985876015,1,actual_openalex_reference,test,openalex_social_sciences_200
W3163154359,W1997205548,1,actual_openalex_reference,test,openalex_social_sciences_200
W3163154359,W2100960835,1,actual_openalex_reference,test,openalex_social_sciences_200
W3163154359,W2328848660,1,actual_openalex_reference,test,openalex_social_sciences_200
W3163154359,W2809878087,1,actual_openalex_reference,test,openalex_social_sciences_200
W3163154359,W2967638906,1,actual_openalex_reference,test,openalex_social_sciences_200
W3163154359,W3089643211,1,actual_openalex_reference,test,openalex_social_sciences_200
W3163154359,W4236024479,1,actual_openalex_reference,test,openalex_social_sciences_200
W3163154359,W4244471710,1,actual_openalex_reference,test,openalex_social_sciences_200
W3163154359,W4288617757,1,actual_openalex_reference,test,openalex_social_sciences_200
W3163154359,W4288617781,1,actual_openalex_reference,test,openalex_social_sciences_200
W3204355189,W1964252813,1,actual_openalex_reference,test,openalex_social_sciences_200
W3204355189,W1964962870,1,actual_openalex_reference,test,openalex_social_sciences_200
W3204355189,W1991414493,1,actual_openalex_reference,test,openalex_social_sciences_200
W3204355189,W2010341328,1,actual_openalex_reference,test,openalex_social_sciences_200
W3204355189,W2019243577,1,actual_openalex_reference,test,openalex_social_sciences_200
W3204355189,W2042486711,1,actual_openalex_reference,test,openalex_social_sciences_200
W3204355189,W2044097028,1,actual_openalex_reference,test,openalex_social_sciences_200
W3204355189,W2060394206,1,actual_openalex_reference,test,openalex_social_sciences_200
W3204355189,W2062813862,1,actual_openalex_reference,test,openalex_social_sciences_200
W3204355189,W2075682847,1,actual_openalex_reference,test,openalex_social_sciences_200
W3204355189,W2144882903,1,actual_openalex_reference,test,openalex_social_sciences_200
W3204355189,W2909259893,1,actual_openalex_reference,test,openalex_social_sciences_200
W3204355189,W2937973596,1,actual_openalex_reference,test,openalex_social_sciences_200
W3178757470,W1791587663,1,actual_openalex_reference,test,openalex_social_sciences_200
W3178757470,W2042596067,1,actual_openalex_reference,test,openalex_social_sciences_200
W3178757470,W2100379340,1,actual_openalex_reference,test,openalex_social_sciences_200
W3178757470,W2172938847,1,actual_openalex_reference,test,openalex_social_sciences_200
W3178757470,W2794026520,1,actual_openalex_reference,test,openalex_social_sciences_200
W3178757470,W2941753444,1,actual_openalex_reference,test,openalex_social_sciences_200
W3178757470,W2963243422,1,actual_openalex_reference,test,openalex_social_sciences_200
W3178757470,W3026404146,1,actual_openalex_reference,test,openalex_social_sciences_200
W3178757470,W3092104524,1,actual_openalex_reference,test,openalex_social_sciences_200
W3178757470,W3111804026,1,actual_openalex_reference,test,openalex_social_sciences_200
W3178757470,W3120374597,1,actual_openalex_reference,test,openalex_social_sciences_200
W3178757470,W3120889596,1,actual_openalex_reference,test,openalex_social_sciences_200
W3195436890,W655606977,1,actual_openalex_reference,test,openalex_social_sciences_200
W3195436890,W1967721267,1,actual_openalex_reference,test,openalex_social_sciences_200
W3195436890,W1997798806,1,actual_openalex_reference,test,openalex_social_sciences_200
W3195436890,W2012986450,1,actual_openalex_reference,test,openalex_social_sciences_200
W3195436890,W2019910542,1,actual_openalex_reference,test,openalex_social_sciences_200
W3195436890,W2053333126,1,actual_openalex_reference,test,openalex_social_sciences_200
W3195436890,W2060012857,1,actual_openalex_reference,test,openalex_social_sciences_200
W3195436890,W2151436803,1,actual_openalex_reference,test,openalex_social_sciences_200
W3195436890,W2185546030,1,actual_openalex_reference,test,openalex_social_sciences_200
W3195436890,W2616640462,1,actual_openalex_reference,test,openalex_social_sciences_200
W3195436890,W2621514153,1,actual_openalex_reference,test,openalex_social_sciences_200
W3195436890,W3003686208,1,actual_openalex_reference,test,openalex_social_sciences_200
W3195436890,W4399226728,1,actual_openalex_reference,test,openalex_social_sciences_200
W3153276276,W1913957972,1,actual_openalex_reference,test,openalex_social_sciences_200
W3153276276,W1971440513,1,actual_openalex_reference,test,openalex_social_sciences_200
W3153276276,W1974428335,1,actual_openalex_reference,test,openalex_social_sciences_200
W3153276276,W1984237568,1,actual_openalex_reference,test,openalex_social_sciences_200
W3153276276,W1986234982,1,actual_openalex_reference,test,openalex_social_sciences_200
W3153276276,W2021311985,1,actual_openalex_reference,test,openalex_social_sciences_200
W3153276276,W2058130142,1,actual_openalex_reference,test,openalex_social_sciences_200
W3153276276,W2067278119,1,actual_openalex_reference,test,openalex_social_sciences_200
W3153276276,W2071518586,1,actual_openalex_reference,test,openalex_social_sciences_200
W3153276276,W2079487729,1,actual_openalex_reference,test,openalex_social_sciences_200
W3153276276,W2108335966,1,actual_openalex_reference,test,openalex_social_sciences_200
W3153276276,W2123478340,1,actual_openalex_reference,test,openalex_social_sciences_200
W3153276276,W2146990812,1,actual_openalex_reference,test,openalex_social_sciences_200
W3153276276,W2154695478,1,actual_openalex_reference,test,openalex_social_sciences_200
W3153276276,W2154715727,1,actual_openalex_reference,test,openalex_social_sciences_200
W3153276276,W2161480337,1,actual_openalex_reference,test,openalex_social_sciences_200
W3153276276,W2161701317,1,actual_openalex_reference,test,openalex_social_sciences_200
W3153276276,W2266350755,1,actual_openalex_reference,test,openalex_social_sciences_200
W3153276276,W2403278985,1,actual_openalex_reference,test,openalex_social_sciences_200
W3153276276,W2484017538,1,actual_openalex_reference,test,openalex_social_sciences_200
W3153276276,W2592738582,1,actual_openalex_reference,test,openalex_social_sciences_200
W3153276276,W2610207391,1,actual_openalex_reference,test,openalex_social_sciences_200
W3153276276,W2805400814,1,actual_openalex_reference,test,openalex_social_sciences_200
W3153276276,W2984261255,1,actual_openalex_reference,test,openalex_social_sciences_200
W3153276276,W2989698378,1,actual_openalex_reference,test,openalex_social_sciences_200
W3153276276,W2997582259,1,actual_openalex_reference,test,openalex_social_sciences_200
W3153276276,W3005540323,1,actual_openalex_reference,test,openalex_social_sciences_200
W3153276276,W3032521647,1,actual_openalex_reference,test,openalex_social_sciences_200
W3153276276,W4243617001,1,actual_openalex_reference,test,openalex_social_sciences_200
W3153276276,W4251002136,1,actual_openalex_reference,test,openalex_social_sciences_200
W3153276276,W4299627282,1,actual_openalex_reference,test,openalex_social_sciences_200
W3201530517,W2113070497,1,actual_openalex_reference,test,openalex_social_sciences_200
W3201530517,W2609212932,1,actual_openalex_reference,test,openalex_social_sciences_200
W3201530517,W2903532053,1,actual_openalex_reference,test,openalex_social_sciences_200
W3201530517,W2959206457,1,actual_openalex_reference,test,openalex_social_sciences_200
W3201530517,W3089035724,1,actual_openalex_reference,test,openalex_social_sciences_200
W3201530517,W3110919698,1,actual_openalex_reference,test,openalex_social_sciences_200
W3210365538,W10482916,1,actual_openalex_reference,test,openalex_social_sciences_200
W3210365538,W45402271,1,actual_openalex_reference,test,openalex_social_sciences_200
W3210365538,W822504206,1,actual_openalex_reference,test,openalex_social_sciences_200
W3210365538,W1596452301,1,actual_openalex_reference,test,openalex_social_sciences_200
W3210365538,W1980569376,1,actual_openalex_reference,test,openalex_social_sciences_200
W3210365538,W1987955294,1,actual_openalex_reference,test,openalex_social_sciences_200
W3210365538,W1991536721,1,actual_openalex_reference,test,openalex_social_sciences_200
W3210365538,W2003952876,1,actual_openalex_reference,test,openalex_social_sciences_200
W3210365538,W2006714054,1,actual_openalex_reference,test,openalex_social_sciences_200
W3210365538,W2033815440,1,actual_openalex_reference,test,openalex_social_sciences_200
W3210365538,W2056774703,1,actual_openalex_reference,test,openalex_social_sciences_200
W3210365538,W2078518420,1,actual_openalex_reference,test,openalex_social_sciences_200
W3210365538,W2100379340,1,actual_openalex_reference,test,openalex_social_sciences_200
W3210365538,W2133779079,1,actual_openalex_reference,test,openalex_social_sciences_200
W3210365538,W2168569455,1,actual_openalex_reference,test,openalex_social_sciences_200
W3210365538,W2187742081,1,actual_openalex_reference,test,openalex_social_sciences_200
W3210365538,W2274061079,1,actual_openalex_reference,test,openalex_social_sciences_200
W3210365538,W2285016219,1,actual_openalex_reference,test,openalex_social_sciences_200
W3210365538,W2293952844,1,actual_openalex_reference,test,openalex_social_sciences_200
W3210365538,W2331094367,1,actual_openalex_reference,test,openalex_social_sciences_200
W3210365538,W2624509573,1,actual_openalex_reference,test,openalex_social_sciences_200
W3210365538,W2758151783,1,actual_openalex_reference,test,openalex_social_sciences_200
W3210365538,W2766858205,1,actual_openalex_reference,test,openalex_social_sciences_200
W3210365538,W2779736415,1,actual_openalex_reference,test,openalex_social_sciences_200
W3210365538,W2788878927,1,actual_openalex_reference,test,openalex_social_sciences_200
W3210365538,W2793499714,1,actual_openalex_reference,test,openalex_social_sciences_200
W3210365538,W2920522151,1,actual_openalex_reference,test,openalex_social_sciences_200
W3210365538,W2931619126,1,actual_openalex_reference,test,openalex_social_sciences_200
W3210365538,W2942961492,1,actual_openalex_reference,test,openalex_social_sciences_200
W3210365538,W2966963779,1,actual_openalex_reference,test,openalex_social_sciences_200
W3210365538,W3003321559,1,actual_openalex_reference,test,openalex_social_sciences_200
W3210365538,W3004813877,1,actual_openalex_reference,test,openalex_social_sciences_200
W3210365538,W3004849228,1,actual_openalex_reference,test,openalex_social_sciences_200
W3210365538,W3024646062,1,actual_openalex_reference,test,openalex_social_sciences_200
W3210365538,W3109438469,1,actual_openalex_reference,test,openalex_social_sciences_200
W3210365538,W3110211978,1,actual_openalex_reference,test,openalex_social_sciences_200
W3210365538,W3111386509,1,actual_openalex_reference,test,openalex_social_sciences_200
W3210365538,W3123840025,1,actual_openalex_reference,test,openalex_social_sciences_200
W3210365538,W3124947661,1,actual_openalex_reference,test,openalex_social_sciences_200
W3210365538,W3184435542,1,actual_openalex_reference,test,openalex_social_sciences_200
W3210365538,W3194008558,1,actual_openalex_reference,test,openalex_social_sciences_200
W3210365538,W4233443349,1,actual_openalex_reference,test,openalex_social_sciences_200
W3210365538,W4240969601,1,actual_openalex_reference,test,openalex_social_sciences_200
W3210365538,W4249128071,1,actual_openalex_reference,test,openalex_social_sciences_200
W3210365538,W4318666447,1,actual_openalex_reference,test,openalex_social_sciences_200
W2924387724,W10204568,1,actual_openalex_reference,test,openalex_social_sciences_200
W2924387724,W53991431,1,actual_openalex_reference,test,openalex_social_sciences_200
W2924387724,W93643871,1,actual_openalex_reference,test,openalex_social_sciences_200
W2924387724,W1479673997,1,actual_openalex_reference,test,openalex_social_sciences_200
W2924387724,W1509233112,1,actual_openalex_reference,test,openalex_social_sciences_200
W2924387724,W1531096000,1,actual_openalex_reference,test,openalex_social_sciences_200
W2924387724,W1570117293,1,actual_openalex_reference,test,openalex_social_sciences_200
W2924387724,W1978765335,1,actual_openalex_reference,test,openalex_social_sciences_200
W2924387724,W1997167833,1,actual_openalex_reference,test,openalex_social_sciences_200
W2924387724,W2004348650,1,actual_openalex_reference,test,openalex_social_sciences_200
W2924387724,W2007436621,1,actual_openalex_reference,test,openalex_social_sciences_200
W2924387724,W2029501868,1,actual_openalex_reference,test,openalex_social_sciences_200
W2924387724,W2043374408,1,actual_openalex_reference,test,openalex_social_sciences_200
W2924387724,W2044236449,1,actual_openalex_reference,test,openalex_social_sciences_200
W2924387724,W2046932923,1,actual_openalex_reference,test,openalex_social_sciences_200
W2924387724,W2055933411,1,actual_openalex_reference,test,openalex_social_sciences_200
W2924387724,W2062861492,1,actual_openalex_reference,test,openalex_social_sciences_200
W2924387724,W2074381456,1,actual_openalex_reference,test,openalex_social_sciences_200
W2924387724,W2077218809,1,actual_openalex_reference,test,openalex_social_sciences_200
W2924387724,W2079636541,1,actual_openalex_reference,test,openalex_social_sciences_200
W2924387724,W2090369771,1,actual_openalex_reference,test,openalex_social_sciences_200
W2924387724,W2101914378,1,actual_openalex_reference,test,openalex_social_sciences_200
W2924387724,W2112583416,1,actual_openalex_reference,test,openalex_social_sciences_200
W2924387724,W2154058461,1,actual_openalex_reference,test,openalex_social_sciences_200
W2924387724,W2165370211,1,actual_openalex_reference,test,openalex_social_sciences_200
W2924387724,W2165902783,1,actual_openalex_reference,test,openalex_social_sciences_200
W2924387724,W2263564683,1,actual_openalex_reference,test,openalex_social_sciences_200
W2924387724,W2314917769,1,actual_openalex_reference,test,openalex_social_sciences_200
W2924387724,W2481086341,1,actual_openalex_reference,test,openalex_social_sciences_200
W2924387724,W2493336148,1,actual_openalex_reference,test,openalex_social_sciences_200
W2924387724,W2510750389,1,actual_openalex_reference,test,openalex_social_sciences_200
W2924387724,W2797001548,1,actual_openalex_reference,test,openalex_social_sciences_200
W2924387724,W2889783960,1,actual_openalex_reference,test,openalex_social_sciences_200
W2924387724,W4231083055,1,actual_openalex_reference,test,openalex_social_sciences_200
W2924387724,W4239880520,1,actual_openalex_reference,test,openalex_social_sciences_200
W3118307268,W433594574,1,actual_openalex_reference,test,openalex_social_sciences_200
W3118307268,W1971020388,1,actual_openalex_reference,test,openalex_social_sciences_200
W3118307268,W1973595481,1,actual_openalex_reference,test,openalex_social_sciences_200
W3118307268,W1982280490,1,actual_openalex_reference,test,openalex_social_sciences_200
W3118307268,W2005096563,1,actual_openalex_reference,test,openalex_social_sciences_200
W3118307268,W2062013853,1,actual_openalex_reference,test,openalex_social_sciences_200
W3118307268,W2130070520,1,actual_openalex_reference,test,openalex_social_sciences_200
W3118307268,W2144852094,1,actual_openalex_reference,test,openalex_social_sciences_200
W3118307268,W2150422410,1,actual_openalex_reference,test,openalex_social_sciences_200
W3118307268,W2170519791,1,actual_openalex_reference,test,openalex_social_sciences_200
W3118307268,W2341354411,1,actual_openalex_reference,test,openalex_social_sciences_200
W3118307268,W2471328432,1,actual_openalex_reference,test,openalex_social_sciences_200
W3118307268,W2555839498,1,actual_openalex_reference,test,openalex_social_sciences_200
W3118307268,W2799875549,1,actual_openalex_reference,test,openalex_social_sciences_200
W3118307268,W2886452592,1,actual_openalex_reference,test,openalex_social_sciences_200
W3118307268,W2894855065,1,actual_openalex_reference,test,openalex_social_sciences_200
W3118307268,W2904477782,1,actual_openalex_reference,test,openalex_social_sciences_200
W3118307268,W3012980149,1,actual_openalex_reference,test,openalex_social_sciences_200
W3118307268,W3109886944,1,actual_openalex_reference,test,openalex_social_sciences_200
W3163977951,W2142433610,1,actual_openalex_reference,test,openalex_social_sciences_200
W3163977951,W2163806081,1,actual_openalex_reference,test,openalex_social_sciences_200
W3163977951,W2904214020,1,actual_openalex_reference,test,openalex_social_sciences_200
W3163977951,W2955473173,1,actual_openalex_reference,test,openalex_social_sciences_200
W3163977951,W3010117042,1,actual_openalex_reference,test,openalex_social_sciences_200
W3163977951,W3012001587,1,actual_openalex_reference,test,openalex_social_sciences_200
W3163977951,W4239626545,1,actual_openalex_reference,test,openalex_social_sciences_200
W2996907326,W597757997,1,actual_openalex_reference,test,openalex_social_sciences_200
W2996907326,W1528089340,1,actual_openalex_reference,test,openalex_social_sciences_200
W2996907326,W2022361030,1,actual_openalex_reference,test,openalex_social_sciences_200
W2996907326,W2110999505,1,actual_openalex_reference,test,openalex_social_sciences_200
W2996907326,W2319928897,1,actual_openalex_reference,test,openalex_social_sciences_200
W3114784020,W1525289001,1,actual_openalex_reference,test,openalex_social_sciences_200
W3114784020,W1544680749,1,actual_openalex_reference,test,openalex_social_sciences_200
W3114784020,W2003660487,1,actual_openalex_reference,test,openalex_social_sciences_200
W3114784020,W2155139894,1,actual_openalex_reference,test,openalex_social_sciences_200
W3114784020,W2232418923,1,actual_openalex_reference,test,openalex_social_sciences_200
W3114784020,W2606633223,1,actual_openalex_reference,test,openalex_social_sciences_200
W3114784020,W2916787676,1,actual_openalex_reference,test,openalex_social_sciences_200
W3114784020,W2917282610,1,actual_openalex_reference,test,openalex_social_sciences_200
W3114784020,W2951387336,1,actual_openalex_reference,test,openalex_social_sciences_200
W3212356112,W1526529576,1,actual_openalex_reference,test,openalex_social_sciences_200
W3212356112,W1578113525,1,actual_openalex_reference,test,openalex_social_sciences_200
W3212356112,W2023432679,1,actual_openalex_reference,test,openalex_social_sciences_200
W3212356112,W2030092047,1,actual_openalex_reference,test,openalex_social_sciences_200
W3212356112,W2092068888,1,actual_openalex_reference,test,openalex_social_sciences_200
W3212356112,W2142297218,1,actual_openalex_reference,test,openalex_social_sciences_200
W3212356112,W2153646932,1,actual_openalex_reference,test,openalex_social_sciences_200
W3212356112,W2426680817,1,actual_openalex_reference,test,openalex_social_sciences_200
W3212356112,W2501955180,1,actual_openalex_reference,test,openalex_social_sciences_200
W3212356112,W2544665428,1,actual_openalex_reference,test,openalex_social_sciences_200
W3212356112,W3106812913,1,actual_openalex_reference,test,openalex_social_sciences_200
W3212356112,W4205757600,1,actual_openalex_reference,test,openalex_social_sciences_200
W3212356112,W4250421040,1,actual_openalex_reference,test,openalex_social_sciences_200
W3210004139,W48268975,1,actual_openalex_reference,test,openalex_social_sciences_200
W3210004139,W1182574103,1,actual_openalex_reference,test,openalex_social_sciences_200
W3210004139,W1728530261,1,actual_openalex_reference,test,openalex_social_sciences_200
W3210004139,W1737681184,1,actual_openalex_reference,test,openalex_social_sciences_200
W3210004139,W2529388396,1,actual_openalex_reference,test,openalex_social_sciences_200
W3210004139,W2572045313,1,actual_openalex_reference,test,openalex_social_sciences_200
W3210004139,W2787545688,1,actual_openalex_reference,test,openalex_social_sciences_200
W3210004139,W2901736561,1,actual_openalex_reference,test,openalex_social_sciences_200
W3210004139,W2921912548,1,actual_openalex_reference,test,openalex_social_sciences_200
W3210004139,W2959783813,1,actual_openalex_reference,test,openalex_social_sciences_200
W3210004139,W2966740769,1,actual_openalex_reference,test,openalex_social_sciences_200
W3210004139,W3003152409,1,actual_openalex_reference,test,openalex_social_sciences_200
W3210004139,W3014350539,1,actual_openalex_reference,test,openalex_social_sciences_200
W3210004139,W3023395691,1,actual_openalex_reference,test,openalex_social_sciences_200
W3210004139,W3090363550,1,actual_openalex_reference,test,openalex_social_sciences_200
W3210004139,W3093604342,1,actual_openalex_reference,test,openalex_social_sciences_200
W3210004139,W3113033734,1,actual_openalex_reference,test,openalex_social_sciences_200
W3210004139,W3128486060,1,actual_openalex_reference,test,openalex_social_sciences_200
W3210004139,W4234973147,1,actual_openalex_reference,test,openalex_social_sciences_200
W4200475254,W43017526,1,actual_openalex_reference,test,openalex_social_sciences_200
W4200475254,W1514987543,1,actual_openalex_reference,test,openalex_social_sciences_200
W4200475254,W1534188385,1,actual_openalex_reference,test,openalex_social_sciences_200
W4200475254,W1775289459,1,actual_openalex_reference,test,openalex_social_sciences_200
W4200475254,W1844372462,1,actual_openalex_reference,test,openalex_social_sciences_200
W4200475254,W2009457513,1,actual_openalex_reference,test,openalex_social_sciences_200
W4200475254,W2034695947,1,actual_openalex_reference,test,openalex_social_sciences_200
W4200475254,W2062057754,1,actual_openalex_reference,test,openalex_social_sciences_200
W4200475254,W2095403789,1,actual_openalex_reference,test,openalex_social_sciences_200
W4200475254,W2156756967,1,actual_openalex_reference,test,openalex_social_sciences_200
W4200475254,W2269450292,1,actual_openalex_reference,test,openalex_social_sciences_200
W4200475254,W2743634866,1,actual_openalex_reference,test,openalex_social_sciences_200
W4200475254,W2892657640,1,actual_openalex_reference,test,openalex_social_sciences_200
W4200475254,W2943612146,1,actual_openalex_reference,test,openalex_social_sciences_200
W4200475254,W3020908524,1,actual_openalex_reference,test,openalex_social_sciences_200
W3033346519,W602369550,1,actual_openalex_reference,test,openalex_social_sciences_200
W3033346519,W2324915710,1,actual_openalex_reference,test,openalex_social_sciences_200
W3033346519,W2474127795,1,actual_openalex_reference,test,openalex_social_sciences_200
W3033346519,W2612879817,1,actual_openalex_reference,test,openalex_social_sciences_200
W3033346519,W2796347912,1,actual_openalex_reference,test,openalex_social_sciences_200
W3033346519,W3007700729,1,actual_openalex_reference,test,openalex_social_sciences_200
W3033346519,W3033860335,1,actual_openalex_reference,test,openalex_social_sciences_200
W3033346519,W3039923180,1,actual_openalex_reference,test,openalex_social_sciences_200
W3209207831,W1571019826,1,actual_openalex_reference,test,openalex_social_sciences_200
W3209207831,W1655241331,1,actual_openalex_reference,test,openalex_social_sciences_200
W3209207831,W2076351772,1,actual_openalex_reference,test,openalex_social_sciences_200
W3209207831,W2096451403,1,actual_openalex_reference,test,openalex_social_sciences_200
W3209207831,W3113321626,1,actual_openalex_reference,test,openalex_social_sciences_200
W3209207831,W4205684253,1,actual_openalex_reference,test,openalex_social_sciences_200
W3005929831,W561006765,1,actual_openalex_reference,test,openalex_social_sciences_200
W3005929831,W1965075508,1,actual_openalex_reference,test,openalex_social_sciences_200
W3005929831,W1973683078,1,actual_openalex_reference,test,openalex_social_sciences_200
W3005929831,W2025941264,1,actual_openalex_reference,test,openalex_social_sciences_200
W3005929831,W2032757027,1,actual_openalex_reference,test,openalex_social_sciences_200
W3005929831,W2066754254,1,actual_openalex_reference,test,openalex_social_sciences_200
W3005929831,W2074496676,1,actual_openalex_reference,test,openalex_social_sciences_200
W3005929831,W2602245101,1,actual_openalex_reference,test,openalex_social_sciences_200
W3005929831,W2608400306,1,actual_openalex_reference,test,openalex_social_sciences_200
W3005929831,W2763487882,1,actual_openalex_reference,test,openalex_social_sciences_200
W3005929831,W2765898223,1,actual_openalex_reference,test,openalex_social_sciences_200
W3005929831,W2798030841,1,actual_openalex_reference,test,openalex_social_sciences_200
W3005929831,W2888651146,1,actual_openalex_reference,test,openalex_social_sciences_200
W3005929831,W2944080100,1,actual_openalex_reference,test,openalex_social_sciences_200
W3005929831,W2944658978,1,actual_openalex_reference,test,openalex_social_sciences_200
W3005929831,W2957971690,1,actual_openalex_reference,test,openalex_social_sciences_200
W3005929831,W4230653667,1,actual_openalex_reference,test,openalex_social_sciences_200
W3005929831,W4320302710,1,actual_openalex_reference,test,openalex_social_sciences_200
W3000021063,W287804701,1,actual_openalex_reference,test,openalex_social_sciences_200
W3000021063,W1154589891,1,actual_openalex_reference,test,openalex_social_sciences_200
W3000021063,W1828193098,1,actual_openalex_reference,test,openalex_social_sciences_200
W3000021063,W2013869139,1,actual_openalex_reference,test,openalex_social_sciences_200
W3000021063,W2025110149,1,actual_openalex_reference,test,openalex_social_sciences_200
W3000021063,W2030838447,1,actual_openalex_reference,test,openalex_social_sciences_200
W3000021063,W2042611321,1,actual_openalex_reference,test,openalex_social_sciences_200
W3000021063,W2091920882,1,actual_openalex_reference,test,openalex_social_sciences_200
W3000021063,W2095160123,1,actual_openalex_reference,test,openalex_social_sciences_200
W3000021063,W2107429188,1,actual_openalex_reference,test,openalex_social_sciences_200
W3000021063,W2150127259,1,actual_openalex_reference,test,openalex_social_sciences_200
W3000021063,W2164487809,1,actual_openalex_reference,test,openalex_social_sciences_200
W3000021063,W2206348049,1,actual_openalex_reference,test,openalex_social_sciences_200
W3000021063,W2267627403,1,actual_openalex_reference,test,openalex_social_sciences_200
W3000021063,W2355353775,1,actual_openalex_reference,test,openalex_social_sciences_200
W3000021063,W2356374051,1,actual_openalex_reference,test,openalex_social_sciences_200
W3000021063,W2360669437,1,actual_openalex_reference,test,openalex_social_sciences_200
W3000021063,W2370624400,1,actual_openalex_reference,test,openalex_social_sciences_200
W3000021063,W2376811814,1,actual_openalex_reference,test,openalex_social_sciences_200
W3000021063,W2381943576,1,actual_openalex_reference,test,openalex_social_sciences_200
W3000021063,W2389521905,1,actual_openalex_reference,test,openalex_social_sciences_200
W3000021063,W2513038224,1,actual_openalex_reference,test,openalex_social_sciences_200
W3000021063,W2607346618,1,actual_openalex_reference,test,openalex_social_sciences_200
W3000021063,W2738103519,1,actual_openalex_reference,test,openalex_social_sciences_200
W3000021063,W2774643288,1,actual_openalex_reference,test,openalex_social_sciences_200
W3000021063,W2795189486,1,actual_openalex_reference,test,openalex_social_sciences_200
W3000021063,W2802802376,1,actual_openalex_reference,test,openalex_social_sciences_200
W3000021063,W2921806469,1,actual_openalex_reference,test,openalex_social_sciences_200
W3000021063,W3123432951,1,actual_openalex_reference,test,openalex_social_sciences_200
W3000021063,W3163176735,1,actual_openalex_reference,test,openalex_social_sciences_200
W3000021063,W4210370108,1,actual_openalex_reference,test,openalex_social_sciences_200
W3158798129,W2026759104,1,actual_openalex_reference,test,openalex_social_sciences_200
W3158798129,W2061373393,1,actual_openalex_reference,test,openalex_social_sciences_200
W3158798129,W2768989742,1,actual_openalex_reference,test,openalex_social_sciences_200
W3158798129,W2902546520,1,actual_openalex_reference,test,openalex_social_sciences_200
W3158798129,W3049206991,1,actual_openalex_reference,test,openalex_social_sciences_200
W3004634903,W1491356419,1,actual_openalex_reference,test,openalex_social_sciences_200
W3004634903,W1492612563,1,actual_openalex_reference,test,openalex_social_sciences_200
W3004634903,W1503770938,1,actual_openalex_reference,test,openalex_social_sciences_200
W3004634903,W1605582976,1,actual_openalex_reference,test,openalex_social_sciences_200
W3004634903,W1971167516,1,actual_openalex_reference,test,openalex_social_sciences_200
W3004634903,W2022871913,1,actual_openalex_reference,test,openalex_social_sciences_200
W3004634903,W2078665023,1,actual_openalex_reference,test,openalex_social_sciences_200
W3004634903,W2079717077,1,actual_openalex_reference,test,openalex_social_sciences_200
W3004634903,W2093184797,1,actual_openalex_reference,test,openalex_social_sciences_200
W3004634903,W2095860964,1,actual_openalex_reference,test,openalex_social_sciences_200
W3004634903,W2097685520,1,actual_openalex_reference,test,openalex_social_sciences_200
W3004634903,W2098036317,1,actual_openalex_reference,test,openalex_social_sciences_200
W3004634903,W2104324059,1,actual_openalex_reference,test,openalex_social_sciences_200
W3004634903,W2111959475,1,actual_openalex_reference,test,openalex_social_sciences_200
W3004634903,W2113584515,1,actual_openalex_reference,test,openalex_social_sciences_200
W3004634903,W2145995733,1,actual_openalex_reference,test,openalex_social_sciences_200
W3004634903,W2151517000,1,actual_openalex_reference,test,openalex_social_sciences_200
W3004634903,W2165629156,1,actual_openalex_reference,test,openalex_social_sciences_200
W3004634903,W2166850562,1,actual_openalex_reference,test,openalex_social_sciences_200
W3004634903,W2397172716,1,actual_openalex_reference,test,openalex_social_sciences_200
W3004634903,W2604431123,1,actual_openalex_reference,test,openalex_social_sciences_200
W3004634903,W2803445681,1,actual_openalex_reference,test,openalex_social_sciences_200
W3004634903,W2961511430,1,actual_openalex_reference,test,openalex_social_sciences_200
W3004634903,W3150091686,1,actual_openalex_reference,test,openalex_social_sciences_200
W3004634903,W4402553322,1,actual_openalex_reference,test,openalex_social_sciences_200
W2976407976,W564016825,1,actual_openalex_reference,test,openalex_social_sciences_200
W2976407976,W1194329775,1,actual_openalex_reference,test,openalex_social_sciences_200
W2976407976,W1553746973,1,actual_openalex_reference,test,openalex_social_sciences_200
W2976407976,W1606597877,1,actual_openalex_reference,test,openalex_social_sciences_200
W2976407976,W1853873161,1,actual_openalex_reference,test,openalex_social_sciences_200
W2976407976,W1879379061,1,actual_openalex_reference,test,openalex_social_sciences_200
W2976407976,W1968322789,1,actual_openalex_reference,test,openalex_social_sciences_200
W2976407976,W1993724159,1,actual_openalex_reference,test,openalex_social_sciences_200
W2976407976,W1998800754,1,actual_openalex_reference,test,openalex_social_sciences_200
W2976407976,W2002499390,1,actual_openalex_reference,test,openalex_social_sciences_200
W2976407976,W2013386523,1,actual_openalex_reference,test,openalex_social_sciences_200
W2976407976,W2014766755,1,actual_openalex_reference,test,openalex_social_sciences_200
W2976407976,W2021638364,1,actual_openalex_reference,test,openalex_social_sciences_200
W2976407976,W2024441336,1,actual_openalex_reference,test,openalex_social_sciences_200
W2976407976,W2025545712,1,actual_openalex_reference,test,openalex_social_sciences_200
W2976407976,W2048541743,1,actual_openalex_reference,test,openalex_social_sciences_200
W2976407976,W2049081466,1,actual_openalex_reference,test,openalex_social_sciences_200
W2976407976,W2057719328,1,actual_openalex_reference,test,openalex_social_sciences_200
W2976407976,W2069421507,1,actual_openalex_reference,test,openalex_social_sciences_200
W2976407976,W2070355644,1,actual_openalex_reference,test,openalex_social_sciences_200
W2976407976,W2080174386,1,actual_openalex_reference,test,openalex_social_sciences_200
W2976407976,W2081326443,1,actual_openalex_reference,test,openalex_social_sciences_200
W2976407976,W2082298179,1,actual_openalex_reference,test,openalex_social_sciences_200
W2976407976,W2083496701,1,actual_openalex_reference,test,openalex_social_sciences_200
W2976407976,W2088192999,1,actual_openalex_reference,test,openalex_social_sciences_200
W2976407976,W2113964908,1,actual_openalex_reference,test,openalex_social_sciences_200
W2976407976,W2120007172,1,actual_openalex_reference,test,openalex_social_sciences_200
W2976407976,W2127696008,1,actual_openalex_reference,test,openalex_social_sciences_200
W2976407976,W2131299704,1,actual_openalex_reference,test,openalex_social_sciences_200
W2976407976,W2146629399,1,actual_openalex_reference,test,openalex_social_sciences_200
W2976407976,W2150413811,1,actual_openalex_reference,test,openalex_social_sciences_200
W2976407976,W2173325085,1,actual_openalex_reference,test,openalex_social_sciences_200
W2976407976,W2576782748,1,actual_openalex_reference,test,openalex_social_sciences_200
W2976407976,W2581444373,1,actual_openalex_reference,test,openalex_social_sciences_200
W2976407976,W2586630642,1,actual_openalex_reference,test,openalex_social_sciences_200
W2976407976,W2610678518,1,actual_openalex_reference,test,openalex_social_sciences_200
W2976407976,W2618011450,1,actual_openalex_reference,test,openalex_social_sciences_200
W2976407976,W2766418742,1,actual_openalex_reference,test,openalex_social_sciences_200
W2976407976,W2810801192,1,actual_openalex_reference,test,openalex_social_sciences_200
W4206451802,W1938155200,1,actual_openalex_reference,test,openalex_social_sciences_200
W4206451802,W1963556758,1,actual_openalex_reference,test,openalex_social_sciences_200
W4206451802,W1968726312,1,actual_openalex_reference,test,openalex_social_sciences_200
W4206451802,W1985549541,1,actual_openalex_reference,test,openalex_social_sciences_200
W4206451802,W2017208378,1,actual_openalex_reference,test,openalex_social_sciences_200
W4206451802,W2019718320,1,actual_openalex_reference,test,openalex_social_sciences_200
W4206451802,W2030190885,1,actual_openalex_reference,test,openalex_social_sciences_200
W4206451802,W2046130917,1,actual_openalex_reference,test,openalex_social_sciences_200
W4206451802,W2059796825,1,actual_openalex_reference,test,openalex_social_sciences_200
W4206451802,W2078555841,1,actual_openalex_reference,test,openalex_social_sciences_200
W4206451802,W2093761921,1,actual_openalex_reference,test,openalex_social_sciences_200
W4206451802,W2202731635,1,actual_openalex_reference,test,openalex_social_sciences_200
W4206451802,W2333944107,1,actual_openalex_reference,test,openalex_social_sciences_200
W4206451802,W2472495675,1,actual_openalex_reference,test,openalex_social_sciences_200
W4206451802,W2618730762,1,actual_openalex_reference,test,openalex_social_sciences_200
W2960313102,W2090890415,1,actual_openalex_reference,test,openalex_social_sciences_200
W2960313102,W2315605050,1,actual_openalex_reference,test,openalex_social_sciences_200
W2960313102,W2871845996,1,actual_openalex_reference,test,openalex_social_sciences_200
W2960313102,W2953716655,1,actual_openalex_reference,test,openalex_social_sciences_200
W2960313102,W2954303307,1,actual_openalex_reference,test,openalex_social_sciences_200
W2960313102,W2954473038,1,actual_openalex_reference,test,openalex_social_sciences_200
W2960313102,W2957023024,1,actual_openalex_reference,test,openalex_social_sciences_200
W2960313102,W4229554142,1,actual_openalex_reference,test,openalex_social_sciences_200
W4200617177,W2912783757,1,actual_openalex_reference,test,openalex_social_sciences_200
W4200617177,W3025978003,1,actual_openalex_reference,test,openalex_social_sciences_200
W4200617177,W3030834064,1,actual_openalex_reference,test,openalex_social_sciences_200
W4200617177,W3042773586,1,actual_openalex_reference,test,openalex_social_sciences_200
W4200617177,W3191753590,1,actual_openalex_reference,test,openalex_social_sciences_200
W3186728358,W1966397236,1,actual_openalex_reference,test,openalex_social_sciences_200
W3186728358,W2042092746,1,actual_openalex_reference,test,openalex_social_sciences_200
W3186728358,W2091517561,1,actual_openalex_reference,test,openalex_social_sciences_200
W3186728358,W2105324753,1,actual_openalex_reference,test,openalex_social_sciences_200
W3186728358,W2109150831,1,actual_openalex_reference,test,openalex_social_sciences_200
W3186728358,W2110694538,1,actual_openalex_reference,test,openalex_social_sciences_200
W3186728358,W2139233247,1,actual_openalex_reference,test,openalex_social_sciences_200
W3186728358,W2162883871,1,actual_openalex_reference,test,openalex_social_sciences_200
W3186728358,W2168171605,1,actual_openalex_reference,test,openalex_social_sciences_200
W3186728358,W2292722759,1,actual_openalex_reference,test,openalex_social_sciences_200
W3186728358,W2795281564,1,actual_openalex_reference,test,openalex_social_sciences_200
W3186728358,W2941168727,1,actual_openalex_reference,test,openalex_social_sciences_200
W3186728358,W2994991118,1,actual_openalex_reference,test,openalex_social_sciences_200
W3186728358,W3003042110,1,actual_openalex_reference,test,openalex_social_sciences_200
W3186728358,W3007145412,1,actual_openalex_reference,test,openalex_social_sciences_200
W3186728358,W3019162526,1,actual_openalex_reference,test,openalex_social_sciences_200
W3186728358,W3022547455,1,actual_openalex_reference,test,openalex_social_sciences_200
W3186728358,W3023624099,1,actual_openalex_reference,test,openalex_social_sciences_200
W3186728358,W3122517933,1,actual_openalex_reference,test,openalex_social_sciences_200
W3186728358,W3123598766,1,actual_openalex_reference,test,openalex_social_sciences_200
W3186728358,W3124855662,1,actual_openalex_reference,test,openalex_social_sciences_200
W3209393495,W29948291,1,actual_openalex_reference,test,openalex_social_sciences_200
W3209393495,W1496698723,1,actual_openalex_reference,test,openalex_social_sciences_200
W3209393495,W1951008065,1,actual_openalex_reference,test,openalex_social_sciences_200
W3209393495,W2131919497,1,actual_openalex_reference,test,openalex_social_sciences_200
W3209393495,W2895904846,1,actual_openalex_reference,test,openalex_social_sciences_200
W3209393495,W2914385343,1,actual_openalex_reference,test,openalex_social_sciences_200
W3209393495,W3017535796,1,actual_openalex_reference,test,openalex_social_sciences_200
W3209393495,W3017699540,1,actual_openalex_reference,test,openalex_social_sciences_200
W3209393495,W3116576875,1,actual_openalex_reference,test,openalex_social_sciences_200
W3209393495,W3144367523,1,actual_openalex_reference,test,openalex_social_sciences_200
W3209393495,W4233936059,1,actual_openalex_reference,test,openalex_social_sciences_200
W3193749387,W409427477,1,actual_openalex_reference,test,openalex_social_sciences_200
W3193749387,W2053547930,1,actual_openalex_reference,test,openalex_social_sciences_200
W3193749387,W2121384586,1,actual_openalex_reference,test,openalex_social_sciences_200
W3193749387,W2297117161,1,actual_openalex_reference,test,openalex_social_sciences_200
W3193749387,W2590039024,1,actual_openalex_reference,test,openalex_social_sciences_200
W3193749387,W3017145058,1,actual_openalex_reference,test,openalex_social_sciences_200
W3193749387,W3129517904,1,actual_openalex_reference,test,openalex_social_sciences_200
W3193749387,W3163892065,1,actual_openalex_reference,test,openalex_social_sciences_200
W3023026736,W3309805,1,actual_openalex_reference,test,openalex_social_sciences_200
W3023026736,W68975946,1,actual_openalex_reference,test,openalex_social_sciences_200
W3023026736,W141391699,1,actual_openalex_reference,test,openalex_social_sciences_200
W3023026736,W146587920,1,actual_openalex_reference,test,openalex_social_sciences_200
W3023026736,W173057557,1,actual_openalex_reference,test,openalex_social_sciences_200
W3023026736,W567845134,1,actual_openalex_reference,test,openalex_social_sciences_200
W3023026736,W753511979,1,actual_openalex_reference,test,openalex_social_sciences_200
W3023026736,W800283261,1,actual_openalex_reference,test,openalex_social_sciences_200
W3023026736,W1138447888,1,actual_openalex_reference,test,openalex_social_sciences_200
W3023026736,W1589382802,1,actual_openalex_reference,test,openalex_social_sciences_200
W3023026736,W1841518842,1,actual_openalex_reference,test,openalex_social_sciences_200
W3023026736,W1964968613,1,actual_openalex_reference,test,openalex_social_sciences_200
W3023026736,W1973409282,1,actual_openalex_reference,test,openalex_social_sciences_200
W3023026736,W1991189695,1,actual_openalex_reference,test,openalex_social_sciences_200
W3023026736,W1992310149,1,actual_openalex_reference,test,openalex_social_sciences_200
W3023026736,W2101923578,1,actual_openalex_reference,test,openalex_social_sciences_200
W3023026736,W2116962191,1,actual_openalex_reference,test,openalex_social_sciences_200
W3023026736,W2127579029,1,actual_openalex_reference,test,openalex_social_sciences_200
W3023026736,W2131143156,1,actual_openalex_reference,test,openalex_social_sciences_200
W3023026736,W2138849909,1,actual_openalex_reference,test,openalex_social_sciences_200
W3023026736,W2151020819,1,actual_openalex_reference,test,openalex_social_sciences_200
W3023026736,W2166459414,1,actual_openalex_reference,test,openalex_social_sciences_200
W3023026736,W2319105503,1,actual_openalex_reference,test,openalex_social_sciences_200
W3023026736,W2338298317,1,actual_openalex_reference,test,openalex_social_sciences_200
W3023026736,W2434950551,1,actual_openalex_reference,test,openalex_social_sciences_200
W3023026736,W2444086675,1,actual_openalex_reference,test,openalex_social_sciences_200
W3023026736,W2549769033,1,actual_openalex_reference,test,openalex_social_sciences_200
W3023026736,W2554387939,1,actual_openalex_reference,test,openalex_social_sciences_200
W3023026736,W2617529956,1,actual_openalex_reference,test,openalex_social_sciences_200
W3023026736,W2621214469,1,actual_openalex_reference,test,openalex_social_sciences_200
W3023026736,W2684602269,1,actual_openalex_reference,test,openalex_social_sciences_200
W3023026736,W2724345265,1,actual_openalex_reference,test,openalex_social_sciences_200
W3023026736,W2769449287,1,actual_openalex_reference,test,openalex_social_sciences_200
W3023026736,W2790347027,1,actual_openalex_reference,test,openalex_social_sciences_200
W3023026736,W2796418520,1,actual_openalex_reference,test,openalex_social_sciences_200
W3023026736,W2884980616,1,actual_openalex_reference,test,openalex_social_sciences_200
W3023026736,W2886841256,1,actual_openalex_reference,test,openalex_social_sciences_200
W3023026736,W2912639186,1,actual_openalex_reference,test,openalex_social_sciences_200
W3023026736,W3142677697,1,actual_openalex_reference,test,openalex_social_sciences_200
W3023026736,W4248620814,1,actual_openalex_reference,test,openalex_social_sciences_200
W3207043348,W602894562,1,actual_openalex_reference,test,openalex_social_sciences_200
W3207043348,W633874503,1,actual_openalex_reference,test,openalex_social_sciences_200
W3207043348,W643300919,1,actual_openalex_reference,test,openalex_social_sciences_200
W3207043348,W1185527838,1,actual_openalex_reference,test,openalex_social_sciences_200
W3207043348,W2070838844,1,actual_openalex_reference,test,openalex_social_sciences_200
W3207043348,W2119745766,1,actual_openalex_reference,test,openalex_social_sciences_200
W3207043348,W2153992651,1,actual_openalex_reference,test,openalex_social_sciences_200
W3207043348,W2769695388,1,actual_openalex_reference,test,openalex_social_sciences_200
W3207043348,W3093977749,1,actual_openalex_reference,test,openalex_social_sciences_200
W3207043348,W3125979999,1,actual_openalex_reference,test,openalex_social_sciences_200
W3207043348,W4241512701,1,actual_openalex_reference,test,openalex_social_sciences_200
W3210724404,W75231382,1,actual_openalex_reference,test,openalex_social_sciences_200
W3210724404,W145041319,1,actual_openalex_reference,test,openalex_social_sciences_200
W3210724404,W1587523400,1,actual_openalex_reference,test,openalex_social_sciences_200
W3210724404,W1978685239,1,actual_openalex_reference,test,openalex_social_sciences_200
W3210724404,W1991469016,1,actual_openalex_reference,test,openalex_social_sciences_200
W3210724404,W2044396035,1,actual_openalex_reference,test,openalex_social_sciences_200
W3210724404,W2054783672,1,actual_openalex_reference,test,openalex_social_sciences_200
W3210724404,W2095255865,1,actual_openalex_reference,test,openalex_social_sciences_200
W3210724404,W2107318809,1,actual_openalex_reference,test,openalex_social_sciences_200
W3210724404,W2118490457,1,actual_openalex_reference,test,openalex_social_sciences_200
W3210724404,W2119062108,1,actual_openalex_reference,test,openalex_social_sciences_200
W3210724404,W2155861221,1,actual_openalex_reference,test,openalex_social_sciences_200
W3210724404,W2162545524,1,actual_openalex_reference,test,openalex_social_sciences_200
W3210724404,W2321784290,1,actual_openalex_reference,test,openalex_social_sciences_200
W3210724404,W2520155330,1,actual_openalex_reference,test,openalex_social_sciences_200
W3210724404,W2803466701,1,actual_openalex_reference,test,openalex_social_sciences_200
W3210724404,W2939658750,1,actual_openalex_reference,test,openalex_social_sciences_200
W3210724404,W3125954185,1,actual_openalex_reference,test,openalex_social_sciences_200
W3210326359,W1573837287,1,actual_openalex_reference,test,openalex_social_sciences_200
W3210326359,W2049393570,1,actual_openalex_reference,test,openalex_social_sciences_200
W3210326359,W2154566288,1,actual_openalex_reference,test,openalex_social_sciences_200
W3210326359,W2164795513,1,actual_openalex_reference,test,openalex_social_sciences_200
W3210326359,W2465993474,1,actual_openalex_reference,test,openalex_social_sciences_200
W3210326359,W2609535404,1,actual_openalex_reference,test,openalex_social_sciences_200
W3210326359,W2792110092,1,actual_openalex_reference,test,openalex_social_sciences_200
W3210326359,W2801331914,1,actual_openalex_reference,test,openalex_social_sciences_200
W3210326359,W2904809387,1,actual_openalex_reference,test,openalex_social_sciences_200
W3210326359,W2990349459,1,actual_openalex_reference,test,openalex_social_sciences_200
W2946914087,W1600300577,1,actual_openalex_reference,test,openalex_social_sciences_200
W2946914087,W1606262897,1,actual_openalex_reference,test,openalex_social_sciences_200
W2946914087,W1965490533,1,actual_openalex_reference,test,openalex_social_sciences_200
W2946914087,W1982794871,1,actual_openalex_reference,test,openalex_social_sciences_200
W2946914087,W1989123197,1,actual_openalex_reference,test,openalex_social_sciences_200
W2946914087,W1992901092,1,actual_openalex_reference,test,openalex_social_sciences_200
W2946914087,W2023891127,1,actual_openalex_reference,test,openalex_social_sciences_200
W2946914087,W2057302609,1,actual_openalex_reference,test,openalex_social_sciences_200
W2946914087,W2085571171,1,actual_openalex_reference,test,openalex_social_sciences_200
W2946914087,W2108041438,1,actual_openalex_reference,test,openalex_social_sciences_200
W2946914087,W2109469951,1,actual_openalex_reference,test,openalex_social_sciences_200
W2946914087,W2134881284,1,actual_openalex_reference,test,openalex_social_sciences_200
W2946914087,W2241409478,1,actual_openalex_reference,test,openalex_social_sciences_200
W2946914087,W2408228796,1,actual_openalex_reference,test,openalex_social_sciences_200
W2946914087,W2553973318,1,actual_openalex_reference,test,openalex_social_sciences_200
W2946914087,W2579304382,1,actual_openalex_reference,test,openalex_social_sciences_200
W2946914087,W2602028110,1,actual_openalex_reference,test,openalex_social_sciences_200
W2946914087,W2775417878,1,actual_openalex_reference,test,openalex_social_sciences_200
W2946914087,W2781813095,1,actual_openalex_reference,test,openalex_social_sciences_200
W2946914087,W2809802208,1,actual_openalex_reference,test,openalex_social_sciences_200
W2946914087,W2887480197,1,actual_openalex_reference,test,openalex_social_sciences_200
W2946914087,W2896115181,1,actual_openalex_reference,test,openalex_social_sciences_200
W2946914087,W2904525897,1,actual_openalex_reference,test,openalex_social_sciences_200
W2946914087,W4211187677,1,actual_openalex_reference,test,openalex_social_sciences_200
W2946914087,W4233950498,1,actual_openalex_reference,test,openalex_social_sciences_200
W2982179098,W74819520,1,actual_openalex_reference,test,openalex_social_sciences_200
W2982179098,W218758986,1,actual_openalex_reference,test,openalex_social_sciences_200
W2982179098,W240799629,1,actual_openalex_reference,test,openalex_social_sciences_200
W2982179098,W384844397,1,actual_openalex_reference,test,openalex_social_sciences_200
W2982179098,W563252221,1,actual_openalex_reference,test,openalex_social_sciences_200
W2982179098,W576782735,1,actual_openalex_reference,test,openalex_social_sciences_200
W2982179098,W642476309,1,actual_openalex_reference,test,openalex_social_sciences_200
W2982179098,W1146771516,1,actual_openalex_reference,test,openalex_social_sciences_200
W2982179098,W1237676927,1,actual_openalex_reference,test,openalex_social_sciences_200
W2982179098,W1480569164,1,actual_openalex_reference,test,openalex_social_sciences_200
W2982179098,W1528854960,1,actual_openalex_reference,test,openalex_social_sciences_200
W2982179098,W1565757746,1,actual_openalex_reference,test,openalex_social_sciences_200
W2982179098,W1587602786,1,actual_openalex_reference,test,openalex_social_sciences_200
W2982179098,W1643089103,1,actual_openalex_reference,test,openalex_social_sciences_200
W2982179098,W1846028839,1,actual_openalex_reference,test,openalex_social_sciences_200
W2982179098,W1937042721,1,actual_openalex_reference,test,openalex_social_sciences_200
W2982179098,W1972418441,1,actual_openalex_reference,test,openalex_social_sciences_200
W2982179098,W1981410982,1,actual_openalex_reference,test,openalex_social_sciences_200
W2982179098,W1989734418,1,actual_openalex_reference,test,openalex_social_sciences_200
W2982179098,W1999425232,1,actual_openalex_reference,test,openalex_social_sciences_200
W2982179098,W2001272953,1,actual_openalex_reference,test,openalex_social_sciences_200
W2982179098,W2003460277,1,actual_openalex_reference,test,openalex_social_sciences_200
W2982179098,W2007336737,1,actual_openalex_reference,test,openalex_social_sciences_200
W2982179098,W2008321766,1,actual_openalex_reference,test,openalex_social_sciences_200
W2982179098,W2014612607,1,actual_openalex_reference,test,openalex_social_sciences_200
W2982179098,W2016213124,1,actual_openalex_reference,test,openalex_social_sciences_200
W2982179098,W2019562924,1,actual_openalex_reference,test,openalex_social_sciences_200
W2982179098,W2021023491,1,actual_openalex_reference,test,openalex_social_sciences_200
W2982179098,W2029231161,1,actual_openalex_reference,test,openalex_social_sciences_200
W2982179098,W2032840172,1,actual_openalex_reference,test,openalex_social_sciences_200
W2982179098,W2033066374,1,actual_openalex_reference,test,openalex_social_sciences_200
W2982179098,W2035456061,1,actual_openalex_reference,test,openalex_social_sciences_200
W2982179098,W2038600245,1,actual_openalex_reference,test,openalex_social_sciences_200
W2982179098,W2042123857,1,actual_openalex_reference,test,openalex_social_sciences_200
W2982179098,W2055399522,1,actual_openalex_reference,test,openalex_social_sciences_200
W2982179098,W2062968660,1,actual_openalex_reference,test,openalex_social_sciences_200
W2982179098,W2066149944,1,actual_openalex_reference,test,openalex_social_sciences_200
W2982179098,W2069851797,1,actual_openalex_reference,test,openalex_social_sciences_200
W2982179098,W2081729095,1,actual_openalex_reference,test,openalex_social_sciences_200
W2982179098,W2102705551,1,actual_openalex_reference,test,openalex_social_sciences_200
W2982179098,W2108503270,1,actual_openalex_reference,test,openalex_social_sciences_200
W2982179098,W2109293811,1,actual_openalex_reference,test,openalex_social_sciences_200
W2982179098,W2119252294,1,actual_openalex_reference,test,openalex_social_sciences_200
W2982179098,W2130170971,1,actual_openalex_reference,test,openalex_social_sciences_200
W2982179098,W2133088936,1,actual_openalex_reference,test,openalex_social_sciences_200
W2982179098,W2134279664,1,actual_openalex_reference,test,openalex_social_sciences_200
W2982179098,W2135813712,1,actual_openalex_reference,test,openalex_social_sciences_200
W2982179098,W2154885141,1,actual_openalex_reference,test,openalex_social_sciences_200
W2982179098,W2159556294,1,actual_openalex_reference,test,openalex_social_sciences_200
W2982179098,W2162923764,1,actual_openalex_reference,test,openalex_social_sciences_200
W2982179098,W2171963953,1,actual_openalex_reference,test,openalex_social_sciences_200
W2982179098,W2206408311,1,actual_openalex_reference,test,openalex_social_sciences_200
W2982179098,W2233860163,1,actual_openalex_reference,test,openalex_social_sciences_200
W2982179098,W2289522471,1,actual_openalex_reference,test,openalex_social_sciences_200
W2982179098,W2313665701,1,actual_openalex_reference,test,openalex_social_sciences_200
W2982179098,W2314651369,1,actual_openalex_reference,test,openalex_social_sciences_200
W2982179098,W2341498408,1,actual_openalex_reference,test,openalex_social_sciences_200
W2982179098,W2468927615,1,actual_openalex_reference,test,openalex_social_sciences_200
W2982179098,W2472492059,1,actual_openalex_reference,test,openalex_social_sciences_200
W2982179098,W2484342643,1,actual_openalex_reference,test,openalex_social_sciences_200
W2982179098,W2513125193,1,actual_openalex_reference,test,openalex_social_sciences_200
W2982179098,W2537617322,1,actual_openalex_reference,test,openalex_social_sciences_200
W2982179098,W2550726607,1,actual_openalex_reference,test,openalex_social_sciences_200
W2982179098,W2586101182,1,actual_openalex_reference,test,openalex_social_sciences_200
W2982179098,W2587628780,1,actual_openalex_reference,test,openalex_social_sciences_200
W2982179098,W2587784631,1,actual_openalex_reference,test,openalex_social_sciences_200
W2982179098,W2589358472,1,actual_openalex_reference,test,openalex_social_sciences_200
W2982179098,W2589678979,1,actual_openalex_reference,test,openalex_social_sciences_200
W2982179098,W2590500823,1,actual_openalex_reference,test,openalex_social_sciences_200
W2982179098,W2599458526,1,actual_openalex_reference,test,openalex_social_sciences_200
W2982179098,W2606237047,1,actual_openalex_reference,test,openalex_social_sciences_200
W2982179098,W2611766092,1,actual_openalex_reference,test,openalex_social_sciences_200
W2982179098,W2625666994,1,actual_openalex_reference,test,openalex_social_sciences_200
W2982179098,W2718343603,1,actual_openalex_reference,test,openalex_social_sciences_200
W2982179098,W2731116230,1,actual_openalex_reference,test,openalex_social_sciences_200
W2982179098,W2740631891,1,actual_openalex_reference,test,openalex_social_sciences_200
W2982179098,W2755606218,1,actual_openalex_reference,test,openalex_social_sciences_200
W2982179098,W2757225206,1,actual_openalex_reference,test,openalex_social_sciences_200
W2982179098,W2769885237,1,actual_openalex_reference,test,openalex_social_sciences_200
W2982179098,W2781715087,1,actual_openalex_reference,test,openalex_social_sciences_200
W2982179098,W2782578142,1,actual_openalex_reference,test,openalex_social_sciences_200
W2982179098,W2790520725,1,actual_openalex_reference,test,openalex_social_sciences_200
W2982179098,W2884872943,1,actual_openalex_reference,test,openalex_social_sciences_200
W2982179098,W2890620150,1,actual_openalex_reference,test,openalex_social_sciences_200
W2982179098,W2896719177,1,actual_openalex_reference,test,openalex_social_sciences_200
W2982179098,W2897781404,1,actual_openalex_reference,test,openalex_social_sciences_200
W2982179098,W2904367620,1,actual_openalex_reference,test,openalex_social_sciences_200
W2982179098,W4246771337,1,actual_openalex_reference,test,openalex_social_sciences_200
W2982179098,W4246902657,1,actual_openalex_reference,test,openalex_social_sciences_200
W2982179098,W4248649634,1,actual_openalex_reference,test,openalex_social_sciences_200
W2982179098,W4249295933,1,actual_openalex_reference,test,openalex_social_sciences_200
W2982179098,W4250295889,1,actual_openalex_reference,test,openalex_social_sciences_200
W2982179098,W4254824915,1,actual_openalex_reference,test,openalex_social_sciences_200
W2982179098,W4255490470,1,actual_openalex_reference,test,openalex_social_sciences_200
W2982179098,W4365388135,1,actual_openalex_reference,test,openalex_social_sciences_200
W3023670585,W58992461,1,actual_openalex_reference,test,openalex_social_sciences_200
W3023670585,W85573633,1,actual_openalex_reference,test,openalex_social_sciences_200
W3023670585,W651090236,1,actual_openalex_reference,test,openalex_social_sciences_200
W3023670585,W1558765742,1,actual_openalex_reference,test,openalex_social_sciences_200
W3023670585,W1965903324,1,actual_openalex_reference,test,openalex_social_sciences_200
W3023670585,W1973226183,1,actual_openalex_reference,test,openalex_social_sciences_200
W3023670585,W2014296507,1,actual_openalex_reference,test,openalex_social_sciences_200
W3023670585,W2024891449,1,actual_openalex_reference,test,openalex_social_sciences_200
W3023670585,W2031173197,1,actual_openalex_reference,test,openalex_social_sciences_200
W3023670585,W2039102828,1,actual_openalex_reference,test,openalex_social_sciences_200
W3023670585,W2040442527,1,actual_openalex_reference,test,openalex_social_sciences_200
W3023670585,W2045694188,1,actual_openalex_reference,test,openalex_social_sciences_200
W3023670585,W2084471194,1,actual_openalex_reference,test,openalex_social_sciences_200
W3023670585,W2126536196,1,actual_openalex_reference,test,openalex_social_sciences_200
W3023670585,W2158534319,1,actual_openalex_reference,test,openalex_social_sciences_200
W3023670585,W2166946056,1,actual_openalex_reference,test,openalex_social_sciences_200
W3023670585,W2171719283,1,actual_openalex_reference,test,openalex_social_sciences_200
W3023670585,W2297093482,1,actual_openalex_reference,test,openalex_social_sciences_200
W3023670585,W2340310083,1,actual_openalex_reference,test,openalex_social_sciences_200
W3023670585,W2468561486,1,actual_openalex_reference,test,openalex_social_sciences_200
W3023670585,W2502900654,1,actual_openalex_reference,test,openalex_social_sciences_200
W3023670585,W2609434882,1,actual_openalex_reference,test,openalex_social_sciences_200
W3023670585,W4210898316,1,actual_openalex_reference,test,openalex_social_sciences_200
W3143383187,W213693817,1,actual_openalex_reference,test,openalex_social_sciences_200
W3143383187,W578140259,1,actual_openalex_reference,test,openalex_social_sciences_200
W3143383187,W1552827517,1,actual_openalex_reference,test,openalex_social_sciences_200
W3143383187,W1597183254,1,actual_openalex_reference,test,openalex_social_sciences_200
W3143383187,W1605366887,1,actual_openalex_reference,test,openalex_social_sciences_200
W3143383187,W2003084690,1,actual_openalex_reference,test,openalex_social_sciences_200
W3143383187,W2104712683,1,actual_openalex_reference,test,openalex_social_sciences_200
W3143383187,W2136615652,1,actual_openalex_reference,test,openalex_social_sciences_200
W3143383187,W2229187148,1,actual_openalex_reference,test,openalex_social_sciences_200
W3143383187,W2318739641,1,actual_openalex_reference,test,openalex_social_sciences_200
W3203976495,W184095997,1,actual_openalex_reference,test,openalex_social_sciences_200
W3203976495,W368405790,1,actual_openalex_reference,test,openalex_social_sciences_200
W3203976495,W565997723,1,actual_openalex_reference,test,openalex_social_sciences_200
W3203976495,W573420553,1,actual_openalex_reference,test,openalex_social_sciences_200
W3203976495,W625842885,1,actual_openalex_reference,test,openalex_social_sciences_200
W3203976495,W646162250,1,actual_openalex_reference,test,openalex_social_sciences_200
W3203976495,W1484567092,1,actual_openalex_reference,test,openalex_social_sciences_200
W3203976495,W1506020324,1,actual_openalex_reference,test,openalex_social_sciences_200
W3203976495,W1595964953,1,actual_openalex_reference,test,openalex_social_sciences_200
W3203976495,W1969443739,1,actual_openalex_reference,test,openalex_social_sciences_200
W3203976495,W1989242782,1,actual_openalex_reference,test,openalex_social_sciences_200
W3203976495,W2007342040,1,actual_openalex_reference,test,openalex_social_sciences_200
W3203976495,W2022946352,1,actual_openalex_reference,test,openalex_social_sciences_200
W3203976495,W2032432686,1,actual_openalex_reference,test,openalex_social_sciences_200
W3203976495,W2078954182,1,actual_openalex_reference,test,openalex_social_sciences_200
W3203976495,W2086727177,1,actual_openalex_reference,test,openalex_social_sciences_200
W3203976495,W2155970739,1,actual_openalex_reference,test,openalex_social_sciences_200
W3203976495,W2164596452,1,actual_openalex_reference,test,openalex_social_sciences_200
W3203976495,W2268460453,1,actual_openalex_reference,test,openalex_social_sciences_200
W3203976495,W2312254718,1,actual_openalex_reference,test,openalex_social_sciences_200
W3203976495,W2318008237,1,actual_openalex_reference,test,openalex_social_sciences_200
W3203976495,W2328275616,1,actual_openalex_reference,test,openalex_social_sciences_200
W3203976495,W2507347668,1,actual_openalex_reference,test,openalex_social_sciences_200
W3203976495,W2912267120,1,actual_openalex_reference,test,openalex_social_sciences_200
W3203976495,W3108887582,1,actual_openalex_reference,test,openalex_social_sciences_200
W3203976495,W3121218508,1,actual_openalex_reference,test,openalex_social_sciences_200
W3203976495,W3124786424,1,actual_openalex_reference,test,openalex_social_sciences_200
W3203976495,W4240367413,1,actual_openalex_reference,test,openalex_social_sciences_200
W3163254863,W607213975,1,actual_openalex_reference,test,openalex_social_sciences_200
W3163254863,W1838143068,1,actual_openalex_reference,test,openalex_social_sciences_200
W3163254863,W1957936560,1,actual_openalex_reference,test,openalex_social_sciences_200
W3163254863,W2129412766,1,actual_openalex_reference,test,openalex_social_sciences_200
W3163254863,W2342005414,1,actual_openalex_reference,test,openalex_social_sciences_200
W3158609417,W628649353,1,actual_openalex_reference,test,openalex_social_sciences_200
W3158609417,W1531085184,1,actual_openalex_reference,test,openalex_social_sciences_200
W3158609417,W1560006909,1,actual_openalex_reference,test,openalex_social_sciences_200
W3158609417,W1983333126,1,actual_openalex_reference,test,openalex_social_sciences_200
W3158609417,W2027543694,1,actual_openalex_reference,test,openalex_social_sciences_200
W3158609417,W2040143377,1,actual_openalex_reference,test,openalex_social_sciences_200
W3158609417,W2063353792,1,actual_openalex_reference,test,openalex_social_sciences_200
W3158609417,W2096734057,1,actual_openalex_reference,test,openalex_social_sciences_200
W3158609417,W2129550444,1,actual_openalex_reference,test,openalex_social_sciences_200
W3158609417,W2160902645,1,actual_openalex_reference,test,openalex_social_sciences_200
W3158609417,W2577326978,1,actual_openalex_reference,test,openalex_social_sciences_200
W3158609417,W2608308096,1,actual_openalex_reference,test,openalex_social_sciences_200
W3158609417,W2891311703,1,actual_openalex_reference,test,openalex_social_sciences_200
W3158609417,W2893784037,1,actual_openalex_reference,test,openalex_social_sciences_200
W3158609417,W2894641174,1,actual_openalex_reference,test,openalex_social_sciences_200
W3158609417,W2904766418,1,actual_openalex_reference,test,openalex_social_sciences_200
W3158609417,W2937294255,1,actual_openalex_reference,test,openalex_social_sciences_200
W3158609417,W2952548366,1,actual_openalex_reference,test,openalex_social_sciences_200
W3158609417,W2972973893,1,actual_openalex_reference,test,openalex_social_sciences_200
W3158609417,W3013369397,1,actual_openalex_reference,test,openalex_social_sciences_200
W3158609417,W3042844085,1,actual_openalex_reference,test,openalex_social_sciences_200
W3158609417,W3113371129,1,actual_openalex_reference,test,openalex_social_sciences_200
W3032382901,W1516626780,1,actual_openalex_reference,test,openalex_social_sciences_200
W3032382901,W1534827371,1,actual_openalex_reference,test,openalex_social_sciences_200
W3032382901,W1665332082,1,actual_openalex_reference,test,openalex_social_sciences_200
W3032382901,W1753293814,1,actual_openalex_reference,test,openalex_social_sciences_200
W3032382901,W1791587663,1,actual_openalex_reference,test,openalex_social_sciences_200
W3032382901,W1796535361,1,actual_openalex_reference,test,openalex_social_sciences_200
W3032382901,W1965332163,1,actual_openalex_reference,test,openalex_social_sciences_200
W3032382901,W1965983703,1,actual_openalex_reference,test,openalex_social_sciences_200
W3032382901,W1970716545,1,actual_openalex_reference,test,openalex_social_sciences_200
W3032382901,W1973255998,1,actual_openalex_reference,test,openalex_social_sciences_200
W3032382901,W1980364837,1,actual_openalex_reference,test,openalex_social_sciences_200
W3032382901,W1983582214,1,actual_openalex_reference,test,openalex_social_sciences_200
W3032382901,W1992616122,1,actual_openalex_reference,test,openalex_social_sciences_200
W3032382901,W1998546304,1,actual_openalex_reference,test,openalex_social_sciences_200
W3032382901,W2001040030,1,actual_openalex_reference,test,openalex_social_sciences_200
W3032382901,W2005092827,1,actual_openalex_reference,test,openalex_social_sciences_200
W3032382901,W2017536860,1,actual_openalex_reference,test,openalex_social_sciences_200
W3032382901,W2018135489,1,actual_openalex_reference,test,openalex_social_sciences_200
W3032382901,W2020451421,1,actual_openalex_reference,test,openalex_social_sciences_200
W3032382901,W2026941723,1,actual_openalex_reference,test,openalex_social_sciences_200
W3032382901,W2029780813,1,actual_openalex_reference,test,openalex_social_sciences_200
W3032382901,W2033943395,1,actual_openalex_reference,test,openalex_social_sciences_200
W3032382901,W2052350054,1,actual_openalex_reference,test,openalex_social_sciences_200
W3032382901,W2056129056,1,actual_openalex_reference,test,openalex_social_sciences_200
W3032382901,W2058041186,1,actual_openalex_reference,test,openalex_social_sciences_200
W3032382901,W2061248561,1,actual_openalex_reference,test,openalex_social_sciences_200
W3032382901,W2061990921,1,actual_openalex_reference,test,openalex_social_sciences_200
W3032382901,W2066096249,1,actual_openalex_reference,test,openalex_social_sciences_200
W3032382901,W2075065361,1,actual_openalex_reference,test,openalex_social_sciences_200
W3032382901,W2086111823,1,actual_openalex_reference,test,openalex_social_sciences_200
W3032382901,W2098195996,1,actual_openalex_reference,test,openalex_social_sciences_200
W3032382901,W2098471318,1,actual_openalex_reference,test,openalex_social_sciences_200
W3032382901,W2099614559,1,actual_openalex_reference,test,openalex_social_sciences_200
W3032382901,W2100918629,1,actual_openalex_reference,test,openalex_social_sciences_200
W3032382901,W2102145901,1,actual_openalex_reference,test,openalex_social_sciences_200
W3032382901,W2114113477,1,actual_openalex_reference,test,openalex_social_sciences_200
W3032382901,W2119576654,1,actual_openalex_reference,test,openalex_social_sciences_200
W3032382901,W2141967394,1,actual_openalex_reference,test,openalex_social_sciences_200
W3032382901,W2143055265,1,actual_openalex_reference,test,openalex_social_sciences_200
W3032382901,W2144589763,1,actual_openalex_reference,test,openalex_social_sciences_200
W3032382901,W2144839893,1,actual_openalex_reference,test,openalex_social_sciences_200
W3032382901,W2147307034,1,actual_openalex_reference,test,openalex_social_sciences_200
W3032382901,W2150607630,1,actual_openalex_reference,test,openalex_social_sciences_200
W3032382901,W2157432299,1,actual_openalex_reference,test,openalex_social_sciences_200
W3032382901,W2176395687,1,actual_openalex_reference,test,openalex_social_sciences_200
W3032382901,W2187343894,1,actual_openalex_reference,test,openalex_social_sciences_200
W3032382901,W2214261147,1,actual_openalex_reference,test,openalex_social_sciences_200
W3032382901,W2259486297,1,actual_openalex_reference,test,openalex_social_sciences_200
W3032382901,W2414681778,1,actual_openalex_reference,test,openalex_social_sciences_200
W3032382901,W2755433272,1,actual_openalex_reference,test,openalex_social_sciences_200
W3032382901,W4200558553,1,actual_openalex_reference,test,openalex_social_sciences_200
W3032382901,W4239727118,1,actual_openalex_reference,test,openalex_social_sciences_200
W3032382901,W4250374483,1,actual_openalex_reference,test,openalex_social_sciences_200
W2956217159,W1998190980,1,actual_openalex_reference,test,openalex_social_sciences_200
W2956217159,W2072490634,1,actual_openalex_reference,test,openalex_social_sciences_200
W2956217159,W2127246546,1,actual_openalex_reference,test,openalex_social_sciences_200
W2956217159,W2151707623,1,actual_openalex_reference,test,openalex_social_sciences_200
W2956217159,W2152807224,1,actual_openalex_reference,test,openalex_social_sciences_200
W2956217159,W2521212498,1,actual_openalex_reference,test,openalex_social_sciences_200
W2956217159,W2737814115,1,actual_openalex_reference,test,openalex_social_sciences_200
W2956217159,W2810192319,1,actual_openalex_reference,test,openalex_social_sciences_200
W2956217159,W4210983338,1,actual_openalex_reference,test,openalex_social_sciences_200
W2956217159,W4254286515,1,actual_openalex_reference,test,openalex_social_sciences_200
W3047049812,W2103558135,1,actual_openalex_reference,test,openalex_social_sciences_200
W3047049812,W2125202429,1,actual_openalex_reference,test,openalex_social_sciences_200
W3047049812,W2132586661,1,actual_openalex_reference,test,openalex_social_sciences_200
W3047049812,W2136092540,1,actual_openalex_reference,test,openalex_social_sciences_200
W3047049812,W2316141164,1,actual_openalex_reference,test,openalex_social_sciences_200
W3047049812,W2799576275,1,actual_openalex_reference,test,openalex_social_sciences_200
W3047049812,W2922283497,1,actual_openalex_reference,test,openalex_social_sciences_200
W3047049812,W3047049812,1,actual_openalex_reference,test,openalex_social_sciences_200
W3047049812,W4245724565,1,actual_openalex_reference,test,openalex_social_sciences_200
W3013850165,W44985009,1,actual_openalex_reference,test,openalex_social_sciences_200
W3013850165,W610860701,1,actual_openalex_reference,test,openalex_social_sciences_200
W3013850165,W1577628370,1,actual_openalex_reference,test,openalex_social_sciences_200
W3013850165,W1592689913,1,actual_openalex_reference,test,openalex_social_sciences_200
W3013850165,W1968183292,1,actual_openalex_reference,test,openalex_social_sciences_200
W3013850165,W1978283179,1,actual_openalex_reference,test,openalex_social_sciences_200
W3013850165,W1984468649,1,actual_openalex_reference,test,openalex_social_sciences_200
W3013850165,W1991191806,1,actual_openalex_reference,test,openalex_social_sciences_200
W3013850165,W2046656436,1,actual_openalex_reference,test,openalex_social_sciences_200
W3013850165,W2052410692,1,actual_openalex_reference,test,openalex_social_sciences_200
W3013850165,W2061245984,1,actual_openalex_reference,test,openalex_social_sciences_200
W3013850165,W2061248544,1,actual_openalex_reference,test,openalex_social_sciences_200
W3013850165,W2062406474,1,actual_openalex_reference,test,openalex_social_sciences_200
W3013850165,W2067183926,1,actual_openalex_reference,test,openalex_social_sciences_200
W3013850165,W2069025098,1,actual_openalex_reference,test,openalex_social_sciences_200
W3013850165,W2075523788,1,actual_openalex_reference,test,openalex_social_sciences_200
W3013850165,W2116714674,1,actual_openalex_reference,test,openalex_social_sciences_200
W3013850165,W2139644599,1,actual_openalex_reference,test,openalex_social_sciences_200
W3013850165,W2140260057,1,actual_openalex_reference,test,openalex_social_sciences_200
W3013850165,W2170198958,1,actual_openalex_reference,test,openalex_social_sciences_200
W3013850165,W2292844137,1,actual_openalex_reference,test,openalex_social_sciences_200
W3013850165,W2322328158,1,actual_openalex_reference,test,openalex_social_sciences_200
W3013850165,W2338347865,1,actual_openalex_reference,test,openalex_social_sciences_200
W3013850165,W2492725636,1,actual_openalex_reference,test,openalex_social_sciences_200
W3013850165,W2586608549,1,actual_openalex_reference,test,openalex_social_sciences_200
W3013850165,W2587687751,1,actual_openalex_reference,test,openalex_social_sciences_200
W3013850165,W2607362997,1,actual_openalex_reference,test,openalex_social_sciences_200
W3013850165,W2798097979,1,actual_openalex_reference,test,openalex_social_sciences_200
W3013850165,W4248445056,1,actual_openalex_reference,test,openalex_social_sciences_200
W3000193382,W788426299,1,actual_openalex_reference,test,openalex_social_sciences_200
W3000193382,W1500231000,1,actual_openalex_reference,test,openalex_social_sciences_200
W3000193382,W1502695408,1,actual_openalex_reference,test,openalex_social_sciences_200
W3000193382,W1561006131,1,actual_openalex_reference,test,openalex_social_sciences_200
W3000193382,W1658908529,1,actual_openalex_reference,test,openalex_social_sciences_200
W3000193382,W1822637764,1,actual_openalex_reference,test,openalex_social_sciences_200
W3000193382,W1866244934,1,actual_openalex_reference,test,openalex_social_sciences_200
W3000193382,W1906561740,1,actual_openalex_reference,test,openalex_social_sciences_200
W3000193382,W1963829566,1,actual_openalex_reference,test,openalex_social_sciences_200
W3000193382,W1965531530,1,actual_openalex_reference,test,openalex_social_sciences_200
W3000193382,W1984525411,1,actual_openalex_reference,test,openalex_social_sciences_200
W3000193382,W1992807918,1,actual_openalex_reference,test,openalex_social_sciences_200
W3000193382,W1993735993,1,actual_openalex_reference,test,openalex_social_sciences_200
W3000193382,W1995268819,1,actual_openalex_reference,test,openalex_social_sciences_200
W3000193382,W2007766406,1,actual_openalex_reference,test,openalex_social_sciences_200
W3000193382,W2007870008,1,actual_openalex_reference,test,openalex_social_sciences_200
W3000193382,W2017621070,1,actual_openalex_reference,test,openalex_social_sciences_200
W3000193382,W2026853142,1,actual_openalex_reference,test,openalex_social_sciences_200
W3000193382,W2040456962,1,actual_openalex_reference,test,openalex_social_sciences_200
W3000193382,W2046720783,1,actual_openalex_reference,test,openalex_social_sciences_200
W3000193382,W2051004257,1,actual_openalex_reference,test,openalex_social_sciences_200
W3000193382,W2051210853,1,actual_openalex_reference,test,openalex_social_sciences_200
W3000193382,W2074303848,1,actual_openalex_reference,test,openalex_social_sciences_200
W3000193382,W2076285407,1,actual_openalex_reference,test,openalex_social_sciences_200
W3000193382,W2083185128,1,actual_openalex_reference,test,openalex_social_sciences_200
W3000193382,W2083803461,1,actual_openalex_reference,test,openalex_social_sciences_200
W3000193382,W2084156570,1,actual_openalex_reference,test,openalex_social_sciences_200
W3000193382,W2087341486,1,actual_openalex_reference,test,openalex_social_sciences_200
W3000193382,W2088582225,1,actual_openalex_reference,test,openalex_social_sciences_200
W3000193382,W2097721643,1,actual_openalex_reference,test,openalex_social_sciences_200
W3000193382,W2098893733,1,actual_openalex_reference,test,openalex_social_sciences_200
W3000193382,W2100167942,1,actual_openalex_reference,test,openalex_social_sciences_200
W3000193382,W2106522171,1,actual_openalex_reference,test,openalex_social_sciences_200
W3000193382,W2112865488,1,actual_openalex_reference,test,openalex_social_sciences_200
W3000193382,W2116284369,1,actual_openalex_reference,test,openalex_social_sciences_200
W3000193382,W2120061101,1,actual_openalex_reference,test,openalex_social_sciences_200
W3000193382,W2120874196,1,actual_openalex_reference,test,openalex_social_sciences_200
W3000193382,W2126177960,1,actual_openalex_reference,test,openalex_social_sciences_200
W3000193382,W2126909829,1,actual_openalex_reference,test,openalex_social_sciences_200
W3000193382,W2126959446,1,actual_openalex_reference,test,openalex_social_sciences_200
W3000193382,W2128295791,1,actual_openalex_reference,test,openalex_social_sciences_200
W3000193382,W2133122705,1,actual_openalex_reference,test,openalex_social_sciences_200
W3000193382,W2134064650,1,actual_openalex_reference,test,openalex_social_sciences_200
W3000193382,W2136466013,1,actual_openalex_reference,test,openalex_social_sciences_200
W3000193382,W2142225512,1,actual_openalex_reference,test,openalex_social_sciences_200
W3000193382,W2148645874,1,actual_openalex_reference,test,openalex_social_sciences_200
W3000193382,W2152095411,1,actual_openalex_reference,test,openalex_social_sciences_200
W3000193382,W2153597697,1,actual_openalex_reference,test,openalex_social_sciences_200
W3000193382,W2154814813,1,actual_openalex_reference,test,openalex_social_sciences_200
W3000193382,W2159528224,1,actual_openalex_reference,test,openalex_social_sciences_200
W3000193382,W2160911879,1,actual_openalex_reference,test,openalex_social_sciences_200
W3000193382,W2164829093,1,actual_openalex_reference,test,openalex_social_sciences_200
W3000193382,W2169311606,1,actual_openalex_reference,test,openalex_social_sciences_200
W3000193382,W2258741026,1,actual_openalex_reference,test,openalex_social_sciences_200
W3000193382,W2564308620,1,actual_openalex_reference,test,openalex_social_sciences_200
W3000193382,W2569160430,1,actual_openalex_reference,test,openalex_social_sciences_200
W3000193382,W2596691023,1,actual_openalex_reference,test,openalex_social_sciences_200
W3000193382,W2598586865,1,actual_openalex_reference,test,openalex_social_sciences_200
W3000193382,W2889151957,1,actual_openalex_reference,test,openalex_social_sciences_200
W3000193382,W2898330208,1,actual_openalex_reference,test,openalex_social_sciences_200
W3000193382,W3111835944,1,actual_openalex_reference,test,openalex_social_sciences_200
W3000193382,W3121809284,1,actual_openalex_reference,test,openalex_social_sciences_200
W3000193382,W4240280763,1,actual_openalex_reference,test,openalex_social_sciences_200
W3000193382,W4253830396,1,actual_openalex_reference,test,openalex_social_sciences_200
W3187201407,W196091371,1,actual_openalex_reference,test,openalex_social_sciences_200
W3187201407,W616641777,1,actual_openalex_reference,test,openalex_social_sciences_200
W3187201407,W1966049751,1,actual_openalex_reference,test,openalex_social_sciences_200
W3187201407,W1968520743,1,actual_openalex_reference,test,openalex_social_sciences_200
W3187201407,W1995608716,1,actual_openalex_reference,test,openalex_social_sciences_200
W3187201407,W2001017208,1,actual_openalex_reference,test,openalex_social_sciences_200
W3187201407,W2030075665,1,actual_openalex_reference,test,openalex_social_sciences_200
W3187201407,W2085768014,1,actual_openalex_reference,test,openalex_social_sciences_200
W3187201407,W2101901203,1,actual_openalex_reference,test,openalex_social_sciences_200
W3187201407,W2122323246,1,actual_openalex_reference,test,openalex_social_sciences_200
W3187201407,W2130157055,1,actual_openalex_reference,test,openalex_social_sciences_200
W3187201407,W2690766994,1,actual_openalex_reference,test,openalex_social_sciences_200
W3187201407,W2900332306,1,actual_openalex_reference,test,openalex_social_sciences_200
W3189790064,W1578861620,1,actual_openalex_reference,test,openalex_social_sciences_200
W3189790064,W1966516345,1,actual_openalex_reference,test,openalex_social_sciences_200
W3189790064,W1989143297,1,actual_openalex_reference,test,openalex_social_sciences_200
W3189790064,W2070067590,1,actual_openalex_reference,test,openalex_social_sciences_200
W3189790064,W2148959499,1,actual_openalex_reference,test,openalex_social_sciences_200
W3189790064,W2472697971,1,actual_openalex_reference,test,openalex_social_sciences_200
W3189790064,W2531140347,1,actual_openalex_reference,test,openalex_social_sciences_200
W3189790064,W2782527178,1,actual_openalex_reference,test,openalex_social_sciences_200
W3189790064,W2999303870,1,actual_openalex_reference,test,openalex_social_sciences_200
W2924340584,W30833062,1,actual_openalex_reference,test,openalex_social_sciences_200
W2924340584,W182133628,1,actual_openalex_reference,test,openalex_social_sciences_200
W2924340584,W235015377,1,actual_openalex_reference,test,openalex_social_sciences_200
W2924340584,W360364178,1,actual_openalex_reference,test,openalex_social_sciences_200
W2924340584,W397381066,1,actual_openalex_reference,test,openalex_social_sciences_200
W2924340584,W432081838,1,actual_openalex_reference,test,openalex_social_sciences_200
W2924340584,W566016787,1,actual_openalex_reference,test,openalex_social_sciences_200
W2924340584,W574268506,1,actual_openalex_reference,test,openalex_social_sciences_200
W2924340584,W576397597,1,actual_openalex_reference,test,openalex_social_sciences_200
W2924340584,W599865791,1,actual_openalex_reference,test,openalex_social_sciences_200
W2924340584,W601832549,1,actual_openalex_reference,test,openalex_social_sciences_200
W2924340584,W607737678,1,actual_openalex_reference,test,openalex_social_sciences_200
W2924340584,W607958658,1,actual_openalex_reference,test,openalex_social_sciences_200
W2924340584,W609203757,1,actual_openalex_reference,test,openalex_social_sciences_200
W2924340584,W628405650,1,actual_openalex_reference,test,openalex_social_sciences_200
W2924340584,W628492560,1,actual_openalex_reference,test,openalex_social_sciences_200
W2924340584,W628954039,1,actual_openalex_reference,test,openalex_social_sciences_200
W2924340584,W653512200,1,actual_openalex_reference,test,openalex_social_sciences_200
W2924340584,W803521263,1,actual_openalex_reference,test,openalex_social_sciences_200
W2924340584,W1496188370,1,actual_openalex_reference,test,openalex_social_sciences_200
W2924340584,W1500694637,1,actual_openalex_reference,test,openalex_social_sciences_200
W2924340584,W1505706981,1,actual_openalex_reference,test,openalex_social_sciences_200
W2924340584,W1521091555,1,actual_openalex_reference,test,openalex_social_sciences_200
W2924340584,W1521318813,1,actual_openalex_reference,test,openalex_social_sciences_200
W2924340584,W1532694316,1,actual_openalex_reference,test,openalex_social_sciences_200
W2924340584,W1548061558,1,actual_openalex_reference,test,openalex_social_sciences_200
W2924340584,W1575525762,1,actual_openalex_reference,test,openalex_social_sciences_200
W2924340584,W1587938975,1,actual_openalex_reference,test,openalex_social_sciences_200
W2924340584,W1598205353,1,actual_openalex_reference,test,openalex_social_sciences_200
W2924340584,W1599699758,1,actual_openalex_reference,test,openalex_social_sciences_200
W2924340584,W1753468042,1,actual_openalex_reference,test,openalex_social_sciences_200
W2924340584,W1773139366,1,actual_openalex_reference,test,openalex_social_sciences_200
W2924340584,W1821019437,1,actual_openalex_reference,test,openalex_social_sciences_200
W2924340584,W1848363079,1,actual_openalex_reference,test,openalex_social_sciences_200
W2924340584,W1861641516,1,actual_openalex_reference,test,openalex_social_sciences_200
W2924340584,W1897130271,1,actual_openalex_reference,test,openalex_social_sciences_200
W2924340584,W1904056993,1,actual_openalex_reference,test,openalex_social_sciences_200
W2924340584,W1920386492,1,actual_openalex_reference,test,openalex_social_sciences_200
W2924340584,W1924988037,1,actual_openalex_reference,test,openalex_social_sciences_200
W2924340584,W1929308812,1,actual_openalex_reference,test,openalex_social_sciences_200
W2924340584,W1945398707,1,actual_openalex_reference,test,openalex_social_sciences_200
W2924340584,W1947939026,1,actual_openalex_reference,test,openalex_social_sciences_200
W2924340584,W1970623992,1,actual_openalex_reference,test,openalex_social_sciences_200
W2924340584,W1976789740,1,actual_openalex_reference,test,openalex_social_sciences_200
W2924340584,W1983575538,1,actual_openalex_reference,test,openalex_social_sciences_200
W2924340584,W1983602155,1,actual_openalex_reference,test,openalex_social_sciences_200
W2924340584,W1984636759,1,actual_openalex_reference,test,openalex_social_sciences_200
W2924340584,W1992130706,1,actual_openalex_reference,test,openalex_social_sciences_200
W2924340584,W1997833038,1,actual_openalex_reference,test,openalex_social_sciences_200
W2924340584,W2002962778,1,actual_openalex_reference,test,openalex_social_sciences_200
W2924340584,W2009522141,1,actual_openalex_reference,test,openalex_social_sciences_200
W2924340584,W2023468188,1,actual_openalex_reference,test,openalex_social_sciences_200
W2924340584,W2025973134,1,actual_openalex_reference,test,openalex_social_sciences_200
W2924340584,W2028770837,1,actual_openalex_reference,test,openalex_social_sciences_200
W2924340584,W2038948632,1,actual_openalex_reference,test,openalex_social_sciences_200
W2924340584,W2060259459,1,actual_openalex_reference,test,openalex_social_sciences_200
W2924340584,W2062401527,1,actual_openalex_reference,test,openalex_social_sciences_200
W2924340584,W2076805461,1,actual_openalex_reference,test,openalex_social_sciences_200
W2924340584,W2088177446,1,actual_openalex_reference,test,openalex_social_sciences_200
W2924340584,W2089782729,1,actual_openalex_reference,test,openalex_social_sciences_200
W2924340584,W2090386641,1,actual_openalex_reference,test,openalex_social_sciences_200
W2924340584,W2131576437,1,actual_openalex_reference,test,openalex_social_sciences_200
W2924340584,W2133047285,1,actual_openalex_reference,test,openalex_social_sciences_200
W2924340584,W2135884506,1,actual_openalex_reference,test,openalex_social_sciences_200
W2924340584,W2162056984,1,actual_openalex_reference,test,openalex_social_sciences_200
W2924340584,W2167435099,1,actual_openalex_reference,test,openalex_social_sciences_200
W2924340584,W2224110750,1,actual_openalex_reference,test,openalex_social_sciences_200
W2924340584,W2240014157,1,actual_openalex_reference,test,openalex_social_sciences_200
W2924340584,W2254819578,1,actual_openalex_reference,test,openalex_social_sciences_200
W2924340584,W2268281042,1,actual_openalex_reference,test,openalex_social_sciences_200
W2924340584,W2326804035,1,actual_openalex_reference,test,openalex_social_sciences_200
W2924340584,W2521408413,1,actual_openalex_reference,test,openalex_social_sciences_200
W2924340584,W2570792936,1,actual_openalex_reference,test,openalex_social_sciences_200
W2924340584,W2666354471,1,actual_openalex_reference,test,openalex_social_sciences_200
W2924340584,W2757819966,1,actual_openalex_reference,test,openalex_social_sciences_200
W2924340584,W2770446669,1,actual_openalex_reference,test,openalex_social_sciences_200
W2924340584,W2803518112,1,actual_openalex_reference,test,openalex_social_sciences_200
W2924340584,W2972851982,1,actual_openalex_reference,test,openalex_social_sciences_200
W2924340584,W3048524802,1,actual_openalex_reference,test,openalex_social_sciences_200
W2924340584,W3204449433,1,actual_openalex_reference,test,openalex_social_sciences_200
W2924340584,W3215298952,1,actual_openalex_reference,test,openalex_social_sciences_200
W2924340584,W4205155588,1,actual_openalex_reference,test,openalex_social_sciences_200
W2924340584,W4233098686,1,actual_openalex_reference,test,openalex_social_sciences_200
W2924340584,W4239515666,1,actual_openalex_reference,test,openalex_social_sciences_200
W3043352845,W2132568235,1,actual_openalex_reference,test,openalex_social_sciences_200
W3043352845,W2140046908,1,actual_openalex_reference,test,openalex_social_sciences_200
W3043352845,W2482948689,1,actual_openalex_reference,test,openalex_social_sciences_200
W3043352845,W2767465229,1,actual_openalex_reference,test,openalex_social_sciences_200
W3043352845,W2791070942,1,actual_openalex_reference,test,openalex_social_sciences_200
W3043352845,W2810843555,1,actual_openalex_reference,test,openalex_social_sciences_200
W3043352845,W2914602877,1,actual_openalex_reference,test,openalex_social_sciences_200
W2916951419,W38832181,1,actual_openalex_reference,test,openalex_social_sciences_200
W2916951419,W41753297,1,actual_openalex_reference,test,openalex_social_sciences_200
W2916951419,W284641911,1,actual_openalex_reference,test,openalex_social_sciences_200
W2916951419,W1503235767,1,actual_openalex_reference,test,openalex_social_sciences_200
W2916951419,W1512681282,1,actual_openalex_reference,test,openalex_social_sciences_200
W2916951419,W1551324742,1,actual_openalex_reference,test,openalex_social_sciences_200
W2916951419,W1963801717,1,actual_openalex_reference,test,openalex_social_sciences_200
W2916951419,W1975850265,1,actual_openalex_reference,test,openalex_social_sciences_200
W2916951419,W1977020280,1,actual_openalex_reference,test,openalex_social_sciences_200
W2916951419,W1990245916,1,actual_openalex_reference,test,openalex_social_sciences_200
W2916951419,W1991422508,1,actual_openalex_reference,test,openalex_social_sciences_200
W2916951419,W1992553866,1,actual_openalex_reference,test,openalex_social_sciences_200
W2916951419,W1997773317,1,actual_openalex_reference,test,openalex_social_sciences_200
W2916951419,W1998904405,1,actual_openalex_reference,test,openalex_social_sciences_200
W2916951419,W2009047021,1,actual_openalex_reference,test,openalex_social_sciences_200
W2916951419,W2016591642,1,actual_openalex_reference,test,openalex_social_sciences_200
W2916951419,W2023339931,1,actual_openalex_reference,test,openalex_social_sciences_200
W2916951419,W2037310794,1,actual_openalex_reference,test,openalex_social_sciences_200
W2916951419,W2041370835,1,actual_openalex_reference,test,openalex_social_sciences_200
W2916951419,W2041372781,1,actual_openalex_reference,test,openalex_social_sciences_200
W2916951419,W2042586802,1,actual_openalex_reference,test,openalex_social_sciences_200
W2916951419,W2042744543,1,actual_openalex_reference,test,openalex_social_sciences_200
W2916951419,W2043191526,1,actual_openalex_reference,test,openalex_social_sciences_200
W2916951419,W2050519124,1,actual_openalex_reference,test,openalex_social_sciences_200
W2916951419,W2056571610,1,actual_openalex_reference,test,openalex_social_sciences_200
W2916951419,W2064886813,1,actual_openalex_reference,test,openalex_social_sciences_200
W2916951419,W2072362199,1,actual_openalex_reference,test,openalex_social_sciences_200
W2916951419,W2081843363,1,actual_openalex_reference,test,openalex_social_sciences_200
W2916951419,W2092494262,1,actual_openalex_reference,test,openalex_social_sciences_200
W2916951419,W2097166168,1,actual_openalex_reference,test,openalex_social_sciences_200
W2916951419,W2109453861,1,actual_openalex_reference,test,openalex_social_sciences_200
W2916951419,W2115055846,1,actual_openalex_reference,test,openalex_social_sciences_200
W2916951419,W2120329579,1,actual_openalex_reference,test,openalex_social_sciences_200
W2916951419,W2123186332,1,actual_openalex_reference,test,openalex_social_sciences_200
W2916951419,W2128597135,1,actual_openalex_reference,test,openalex_social_sciences_200
W2916951419,W2130108028,1,actual_openalex_reference,test,openalex_social_sciences_200
W2916951419,W2133671511,1,actual_openalex_reference,test,openalex_social_sciences_200
W2916951419,W2140211711,1,actual_openalex_reference,test,openalex_social_sciences_200
W2916951419,W2142420314,1,actual_openalex_reference,test,openalex_social_sciences_200
W2916951419,W2154812532,1,actual_openalex_reference,test,openalex_social_sciences_200
W2916951419,W2156541977,1,actual_openalex_reference,test,openalex_social_sciences_200
W2916951419,W2156614535,1,actual_openalex_reference,test,openalex_social_sciences_200
W2916951419,W2159656200,1,actual_openalex_reference,test,openalex_social_sciences_200
W2916951419,W2159784687,1,actual_openalex_reference,test,openalex_social_sciences_200
W2916951419,W2164552876,1,actual_openalex_reference,test,openalex_social_sciences_200
W2916951419,W2165573247,1,actual_openalex_reference,test,openalex_social_sciences_200
W2916951419,W2168511331,1,actual_openalex_reference,test,openalex_social_sciences_200
W2916951419,W2175873029,1,actual_openalex_reference,test,openalex_social_sciences_200
W2916951419,W2322961469,1,actual_openalex_reference,test,openalex_social_sciences_200
W2916951419,W2477709250,1,actual_openalex_reference,test,openalex_social_sciences_200
W2916951419,W2491045948,1,actual_openalex_reference,test,openalex_social_sciences_200
W2916951419,W2548661311,1,actual_openalex_reference,test,openalex_social_sciences_200
W2916951419,W2570998635,1,actual_openalex_reference,test,openalex_social_sciences_200
W2916951419,W2608170484,1,actual_openalex_reference,test,openalex_social_sciences_200
W2916951419,W2783552892,1,actual_openalex_reference,test,openalex_social_sciences_200
W2916951419,W2890083379,1,actual_openalex_reference,test,openalex_social_sciences_200
W2916951419,W4298231087,1,actual_openalex_reference,test,openalex_social_sciences_200
W4300029690,W2000577124,1,actual_openalex_reference,test,openalex_social_sciences_200
W4300029690,W2790069874,1,actual_openalex_reference,test,openalex_social_sciences_200
W4300029690,W2883462569,1,actual_openalex_reference,test,openalex_social_sciences_200
W4300029690,W2909928817,1,actual_openalex_reference,test,openalex_social_sciences_200
W4300029690,W3084200607,1,actual_openalex_reference,test,openalex_social_sciences_200
W4300029690,W4233737651,1,actual_openalex_reference,test,openalex_social_sciences_200
W3138103343,W654625593,1,actual_openalex_reference,test,openalex_social_sciences_200
W3138103343,W1488233222,1,actual_openalex_reference,test,openalex_social_sciences_200
W3138103343,W1501925582,1,actual_openalex_reference,test,openalex_social_sciences_200
W3138103343,W1910667775,1,actual_openalex_reference,test,openalex_social_sciences_200
W3138103343,W2015238622,1,actual_openalex_reference,test,openalex_social_sciences_200
W3138103343,W2038562627,1,actual_openalex_reference,test,openalex_social_sciences_200
W3138103343,W2097052762,1,actual_openalex_reference,test,openalex_social_sciences_200
W3138103343,W2155248714,1,actual_openalex_reference,test,openalex_social_sciences_200
W3138103343,W2157651297,1,actual_openalex_reference,test,openalex_social_sciences_200
W3138103343,W2416485284,1,actual_openalex_reference,test,openalex_social_sciences_200
W3138103343,W2481714448,1,actual_openalex_reference,test,openalex_social_sciences_200
W3138103343,W2503320420,1,actual_openalex_reference,test,openalex_social_sciences_200
W3138103343,W2592165215,1,actual_openalex_reference,test,openalex_social_sciences_200
W3138103343,W2738400185,1,actual_openalex_reference,test,openalex_social_sciences_200
W3138103343,W2802900705,1,actual_openalex_reference,test,openalex_social_sciences_200
W3138103343,W2887485593,1,actual_openalex_reference,test,openalex_social_sciences_200
W3138103343,W2888455943,1,actual_openalex_reference,test,openalex_social_sciences_200
W3138103343,W2958102998,1,actual_openalex_reference,test,openalex_social_sciences_200
W3138103343,W3022643869,1,actual_openalex_reference,test,openalex_social_sciences_200
W3138103343,W3083008232,1,actual_openalex_reference,test,openalex_social_sciences_200
W3138103343,W3096404320,1,actual_openalex_reference,test,openalex_social_sciences_200
W3138103343,W3217470073,1,actual_openalex_reference,test,openalex_social_sciences_200
W3138103343,W4241528861,1,actual_openalex_reference,test,openalex_social_sciences_200
W3138103343,W4249742226,1,actual_openalex_reference,test,openalex_social_sciences_200
W3138103343,W4252913943,1,actual_openalex_reference,test,openalex_social_sciences_200
W3138103343,W4255237229,1,actual_openalex_reference,test,openalex_social_sciences_200
W3138103343,W4299407951,1,actual_openalex_reference,test,openalex_social_sciences_200
W3138103343,W4311478524,1,actual_openalex_reference,test,openalex_social_sciences_200
W3132107164,W1532784756,1,actual_openalex_reference,test,openalex_social_sciences_200
W3132107164,W1966739430,1,actual_openalex_reference,test,openalex_social_sciences_200
W3132107164,W1979423500,1,actual_openalex_reference,test,openalex_social_sciences_200
W3132107164,W1980207242,1,actual_openalex_reference,test,openalex_social_sciences_200
W3132107164,W1986485824,1,actual_openalex_reference,test,openalex_social_sciences_200
W3132107164,W1990117134,1,actual_openalex_reference,test,openalex_social_sciences_200
W3132107164,W1994664470,1,actual_openalex_reference,test,openalex_social_sciences_200
W3132107164,W1995945562,1,actual_openalex_reference,test,openalex_social_sciences_200
W3132107164,W2002582699,1,actual_openalex_reference,test,openalex_social_sciences_200
W3132107164,W2006833688,1,actual_openalex_reference,test,openalex_social_sciences_200
W3132107164,W2008568130,1,actual_openalex_reference,test,openalex_social_sciences_200
W3132107164,W2021811957,1,actual_openalex_reference,test,openalex_social_sciences_200
W3132107164,W2036956778,1,actual_openalex_reference,test,openalex_social_sciences_200
W3132107164,W2040903901,1,actual_openalex_reference,test,openalex_social_sciences_200
W3132107164,W2042258141,1,actual_openalex_reference,test,openalex_social_sciences_200
W3132107164,W2042554510,1,actual_openalex_reference,test,openalex_social_sciences_200
W3132107164,W2045300586,1,actual_openalex_reference,test,openalex_social_sciences_200
W3132107164,W2051742561,1,actual_openalex_reference,test,openalex_social_sciences_200
W3132107164,W2054688703,1,actual_openalex_reference,test,openalex_social_sciences_200
W3132107164,W2057426215,1,actual_openalex_reference,test,openalex_social_sciences_200
W3132107164,W2060035405,1,actual_openalex_reference,test,openalex_social_sciences_200
W3132107164,W2065192281,1,actual_openalex_reference,test,openalex_social_sciences_200
W3132107164,W2068114088,1,actual_openalex_reference,test,openalex_social_sciences_200
W3132107164,W2069344519,1,actual_openalex_reference,test,openalex_social_sciences_200
W3132107164,W2077588703,1,actual_openalex_reference,test,openalex_social_sciences_200
W3132107164,W2078861162,1,actual_openalex_reference,test,openalex_social_sciences_200
W3132107164,W2080948566,1,actual_openalex_reference,test,openalex_social_sciences_200
W3132107164,W2086009128,1,actual_openalex_reference,test,openalex_social_sciences_200
W3132107164,W2092842065,1,actual_openalex_reference,test,openalex_social_sciences_200
W3132107164,W2093063864,1,actual_openalex_reference,test,openalex_social_sciences_200
W3132107164,W2102928424,1,actual_openalex_reference,test,openalex_social_sciences_200
W3132107164,W2105262518,1,actual_openalex_reference,test,openalex_social_sciences_200
W3132107164,W2110720087,1,actual_openalex_reference,test,openalex_social_sciences_200
W3132107164,W2118251310,1,actual_openalex_reference,test,openalex_social_sciences_200
W3132107164,W2128489726,1,actual_openalex_reference,test,openalex_social_sciences_200
W3132107164,W2133709395,1,actual_openalex_reference,test,openalex_social_sciences_200
W3132107164,W2138443793,1,actual_openalex_reference,test,openalex_social_sciences_200
W3132107164,W2154516913,1,actual_openalex_reference,test,openalex_social_sciences_200
W3132107164,W2160001339,1,actual_openalex_reference,test,openalex_social_sciences_200
W3132107164,W2171736670,1,actual_openalex_reference,test,openalex_social_sciences_200
W3132107164,W2610953146,1,actual_openalex_reference,test,openalex_social_sciences_200
W3132107164,W2763301424,1,actual_openalex_reference,test,openalex_social_sciences_200
W3132107164,W2775449967,1,actual_openalex_reference,test,openalex_social_sciences_200
W3132107164,W2995460028,1,actual_openalex_reference,test,openalex_social_sciences_200
W3168609998,W1777521590,1,actual_openalex_reference,test,openalex_social_sciences_200
W3168609998,W1932024009,1,actual_openalex_reference,test,openalex_social_sciences_200
W3168609998,W1977856138,1,actual_openalex_reference,test,openalex_social_sciences_200
W3168609998,W2182275863,1,actual_openalex_reference,test,openalex_social_sciences_200
W3168609998,W2517975003,1,actual_openalex_reference,test,openalex_social_sciences_200
W3168609998,W2578955675,1,actual_openalex_reference,test,openalex_social_sciences_200
W3168609998,W2734527602,1,actual_openalex_reference,test,openalex_social_sciences_200
W3168609998,W2746958412,1,actual_openalex_reference,test,openalex_social_sciences_200
W3168609998,W2793924947,1,actual_openalex_reference,test,openalex_social_sciences_200
W3168609998,W2795924235,1,actual_openalex_reference,test,openalex_social_sciences_200
W3168609998,W2806274625,1,actual_openalex_reference,test,openalex_social_sciences_200
W3168609998,W2953654587,1,actual_openalex_reference,test,openalex_social_sciences_200
W3168609998,W2964958351,1,actual_openalex_reference,test,openalex_social_sciences_200
W3168609998,W2967220391,1,actual_openalex_reference,test,openalex_social_sciences_200
W3168609998,W3011482334,1,actual_openalex_reference,test,openalex_social_sciences_200
W3168609998,W3014065233,1,actual_openalex_reference,test,openalex_social_sciences_200
W3204632530,W2755066792,1,actual_openalex_reference,test,openalex_social_sciences_200
W3204632530,W2911510150,1,actual_openalex_reference,test,openalex_social_sciences_200
W3204632530,W2945262038,1,actual_openalex_reference,test,openalex_social_sciences_200
W3204632530,W2962838152,1,actual_openalex_reference,test,openalex_social_sciences_200
W3204632530,W4251693299,1,actual_openalex_reference,test,openalex_social_sciences_200
W2983161753,W598300420,1,actual_openalex_reference,test,openalex_social_sciences_200
W2983161753,W1985347921,1,actual_openalex_reference,test,openalex_social_sciences_200
W2983161753,W2031469504,1,actual_openalex_reference,test,openalex_social_sciences_200
W2983161753,W2069293356,1,actual_openalex_reference,test,openalex_social_sciences_200
W2983161753,W2112020263,1,actual_openalex_reference,test,openalex_social_sciences_200
W2983161753,W2112717196,1,actual_openalex_reference,test,openalex_social_sciences_200
W2983161753,W2125799095,1,actual_openalex_reference,test,openalex_social_sciences_200
W2983161753,W2142765609,1,actual_openalex_reference,test,openalex_social_sciences_200
W2983161753,W2161367797,1,actual_openalex_reference,test,openalex_social_sciences_200
W2983161753,W2294857104,1,actual_openalex_reference,test,openalex_social_sciences_200
W3172913660,W573892002,1,actual_openalex_reference,test,openalex_social_sciences_200
W3172913660,W2123842152,1,actual_openalex_reference,test,openalex_social_sciences_200
W3172913660,W2126969326,1,actual_openalex_reference,test,openalex_social_sciences_200
W3172913660,W2186573039,1,actual_openalex_reference,test,openalex_social_sciences_200
W3172913660,W2416285816,1,actual_openalex_reference,test,openalex_social_sciences_200
W3172913660,W2507223112,1,actual_openalex_reference,test,openalex_social_sciences_200
W3172913660,W2594273571,1,actual_openalex_reference,test,openalex_social_sciences_200
W3172913660,W2621720827,1,actual_openalex_reference,test,openalex_social_sciences_200
W3172913660,W2731982485,1,actual_openalex_reference,test,openalex_social_sciences_200
W3172913660,W2937129633,1,actual_openalex_reference,test,openalex_social_sciences_200
W3172913660,W2955281905,1,actual_openalex_reference,test,openalex_social_sciences_200
W3172913660,W2972209519,1,actual_openalex_reference,test,openalex_social_sciences_200
W3172913660,W2985938537,1,actual_openalex_reference,test,openalex_social_sciences_200
W3172913660,W3035915797,1,actual_openalex_reference,test,openalex_social_sciences_200
W3172913660,W3045595185,1,actual_openalex_reference,test,openalex_social_sciences_200
W3172913660,W3056980705,1,actual_openalex_reference,test,openalex_social_sciences_200
W3172913660,W3110475680,1,actual_openalex_reference,test,openalex_social_sciences_200
W3172913660,W4229798718,1,actual_openalex_reference,test,openalex_social_sciences_200
W3172913660,W4252052300,1,actual_openalex_reference,test,openalex_social_sciences_200
W3172913660,W4320735116,1,actual_openalex_reference,test,openalex_social_sciences_200
W3186969888,W1556513643,1,actual_openalex_reference,test,openalex_social_sciences_200
W3186969888,W1867829407,1,actual_openalex_reference,test,openalex_social_sciences_200
W3186969888,W2008261228,1,actual_openalex_reference,test,openalex_social_sciences_200
W3186969888,W2012214188,1,actual_openalex_reference,test,openalex_social_sciences_200
W3186969888,W2040126226,1,actual_openalex_reference,test,openalex_social_sciences_200
W3186969888,W2060713810,1,actual_openalex_reference,test,openalex_social_sciences_200
W3186969888,W2068624792,1,actual_openalex_reference,test,openalex_social_sciences_200
W3186969888,W2088260576,1,actual_openalex_reference,test,openalex_social_sciences_200
W3186969888,W2099168173,1,actual_openalex_reference,test,openalex_social_sciences_200
W3186969888,W2134267121,1,actual_openalex_reference,test,openalex_social_sciences_200
W3186969888,W2135536163,1,actual_openalex_reference,test,openalex_social_sciences_200
W3186969888,W2137564947,1,actual_openalex_reference,test,openalex_social_sciences_200
W3186969888,W2144095383,1,actual_openalex_reference,test,openalex_social_sciences_200
W3186969888,W2159549133,1,actual_openalex_reference,test,openalex_social_sciences_200
W3186969888,W2165760232,1,actual_openalex_reference,test,openalex_social_sciences_200
W3186969888,W2292382837,1,actual_openalex_reference,test,openalex_social_sciences_200
W3186969888,W2558491163,1,actual_openalex_reference,test,openalex_social_sciences_200
W3186969888,W2614244338,1,actual_openalex_reference,test,openalex_social_sciences_200
W3186969888,W2784402791,1,actual_openalex_reference,test,openalex_social_sciences_200
W3186969888,W2809529669,1,actual_openalex_reference,test,openalex_social_sciences_200
W3186969888,W2912858299,1,actual_openalex_reference,test,openalex_social_sciences_200
W3186969888,W3124298465,1,actual_openalex_reference,test,openalex_social_sciences_200
W3186969888,W4300006923,1,actual_openalex_reference,test,openalex_social_sciences_200
W3134382043,W571104217,1,actual_openalex_reference,test,openalex_social_sciences_200
W3134382043,W598150920,1,actual_openalex_reference,test,openalex_social_sciences_200
W3134382043,W759509997,1,actual_openalex_reference,test,openalex_social_sciences_200
W3134382043,W1492664350,1,actual_openalex_reference,test,openalex_social_sciences_200
W3134382043,W1498994679,1,actual_openalex_reference,test,openalex_social_sciences_200
W3134382043,W1518472606,1,actual_openalex_reference,test,openalex_social_sciences_200
W3134382043,W1547371465,1,actual_openalex_reference,test,openalex_social_sciences_200
W3134382043,W1576087345,1,actual_openalex_reference,test,openalex_social_sciences_200
W3134382043,W1606908339,1,actual_openalex_reference,test,openalex_social_sciences_200
W3134382043,W1659992289,1,actual_openalex_reference,test,openalex_social_sciences_200
W3134382043,W1964737594,1,actual_openalex_reference,test,openalex_social_sciences_200
W3134382043,W1965384159,1,actual_openalex_reference,test,openalex_social_sciences_200
W3134382043,W1989668733,1,actual_openalex_reference,test,openalex_social_sciences_200
W3134382043,W1995132200,1,actual_openalex_reference,test,openalex_social_sciences_200
W3134382043,W2006769385,1,actual_openalex_reference,test,openalex_social_sciences_200
W3134382043,W2008988061,1,actual_openalex_reference,test,openalex_social_sciences_200
W3134382043,W2009679097,1,actual_openalex_reference,test,openalex_social_sciences_200
W3134382043,W2030538258,1,actual_openalex_reference,test,openalex_social_sciences_200
W3134382043,W2040970668,1,actual_openalex_reference,test,openalex_social_sciences_200
W3134382043,W2046444513,1,actual_openalex_reference,test,openalex_social_sciences_200
W3134382043,W2079057707,1,actual_openalex_reference,test,openalex_social_sciences_200
W3134382043,W2082280577,1,actual_openalex_reference,test,openalex_social_sciences_200
W3134382043,W2090572652,1,actual_openalex_reference,test,openalex_social_sciences_200
W3134382043,W2091083469,1,actual_openalex_reference,test,openalex_social_sciences_200
W3134382043,W2098227588,1,actual_openalex_reference,test,openalex_social_sciences_200
W3134382043,W2104711938,1,actual_openalex_reference,test,openalex_social_sciences_200
W3134382043,W2107512260,1,actual_openalex_reference,test,openalex_social_sciences_200
W3134382043,W2110509732,1,actual_openalex_reference,test,openalex_social_sciences_200
W3134382043,W2110878344,1,actual_openalex_reference,test,openalex_social_sciences_200
W3134382043,W2116101351,1,actual_openalex_reference,test,openalex_social_sciences_200
W3134382043,W2117385058,1,actual_openalex_reference,test,openalex_social_sciences_200
W3134382043,W2120588679,1,actual_openalex_reference,test,openalex_social_sciences_200
W3134382043,W2121130070,1,actual_openalex_reference,test,openalex_social_sciences_200
W3134382043,W2122089153,1,actual_openalex_reference,test,openalex_social_sciences_200
W3134382043,W2131892585,1,actual_openalex_reference,test,openalex_social_sciences_200
W3134382043,W2133682471,1,actual_openalex_reference,test,openalex_social_sciences_200
W3134382043,W2134198158,1,actual_openalex_reference,test,openalex_social_sciences_200
W3134382043,W2136253554,1,actual_openalex_reference,test,openalex_social_sciences_200
W3134382043,W2139949232,1,actual_openalex_reference,test,openalex_social_sciences_200
W3134382043,W2141494691,1,actual_openalex_reference,test,openalex_social_sciences_200
W3134382043,W2143592833,1,actual_openalex_reference,test,openalex_social_sciences_200
W3134382043,W2143736802,1,actual_openalex_reference,test,openalex_social_sciences_200
W3134382043,W2147137298,1,actual_openalex_reference,test,openalex_social_sciences_200
W3134382043,W2149695418,1,actual_openalex_reference,test,openalex_social_sciences_200
W3134382043,W2150307840,1,actual_openalex_reference,test,openalex_social_sciences_200
W3134382043,W2150644546,1,actual_openalex_reference,test,openalex_social_sciences_200
W3134382043,W2155360186,1,actual_openalex_reference,test,openalex_social_sciences_200
W3134382043,W2157744521,1,actual_openalex_reference,test,openalex_social_sciences_200
W3134382043,W2160167695,1,actual_openalex_reference,test,openalex_social_sciences_200
W3134382043,W2160261208,1,actual_openalex_reference,test,openalex_social_sciences_200
W3134382043,W2160781573,1,actual_openalex_reference,test,openalex_social_sciences_200
W3134382043,W2162175044,1,actual_openalex_reference,test,openalex_social_sciences_200
W3134382043,W2164624529,1,actual_openalex_reference,test,openalex_social_sciences_200
W3134382043,W2168749348,1,actual_openalex_reference,test,openalex_social_sciences_200
W3134382043,W2171712667,1,actual_openalex_reference,test,openalex_social_sciences_200
W3134382043,W2186902699,1,actual_openalex_reference,test,openalex_social_sciences_200
W3134382043,W2274249817,1,actual_openalex_reference,test,openalex_social_sciences_200
W3134382043,W2326877682,1,actual_openalex_reference,test,openalex_social_sciences_200
W3134382043,W2343184075,1,actual_openalex_reference,test,openalex_social_sciences_200
W3134382043,W2489832836,1,actual_openalex_reference,test,openalex_social_sciences_200
W3134382043,W2511300162,1,actual_openalex_reference,test,openalex_social_sciences_200
W3134382043,W2518856490,1,actual_openalex_reference,test,openalex_social_sciences_200
W3134382043,W2567316014,1,actual_openalex_reference,test,openalex_social_sciences_200
W3134382043,W2568101367,1,actual_openalex_reference,test,openalex_social_sciences_200
W3134382043,W2597901696,1,actual_openalex_reference,test,openalex_social_sciences_200
W3134382043,W2885338780,1,actual_openalex_reference,test,openalex_social_sciences_200
W3134382043,W2895769926,1,actual_openalex_reference,test,openalex_social_sciences_200
W3134382043,W2995491607,1,actual_openalex_reference,test,openalex_social_sciences_200
W3134382043,W3000119191,1,actual_openalex_reference,test,openalex_social_sciences_200
W3134382043,W4205108827,1,actual_openalex_reference,test,openalex_social_sciences_200
W3134382043,W4206954785,1,actual_openalex_reference,test,openalex_social_sciences_200
W3134382043,W4231721854,1,actual_openalex_reference,test,openalex_social_sciences_200
W3134382043,W4234620446,1,actual_openalex_reference,test,openalex_social_sciences_200
W2955233087,W60733745,1,actual_openalex_reference,test,openalex_social_sciences_200
W2955233087,W275182629,1,actual_openalex_reference,test,openalex_social_sciences_200
W2955233087,W906064302,1,actual_openalex_reference,test,openalex_social_sciences_200
W2955233087,W1516543648,1,actual_openalex_reference,test,openalex_social_sciences_200
W2955233087,W1532877920,1,actual_openalex_reference,test,openalex_social_sciences_200
W2955233087,W1546191221,1,actual_openalex_reference,test,openalex_social_sciences_200
W2955233087,W2118756004,1,actual_openalex_reference,test,openalex_social_sciences_200
W2955233087,W2327290275,1,actual_openalex_reference,test,openalex_social_sciences_200
W2955233087,W2333217926,1,actual_openalex_reference,test,openalex_social_sciences_200
W2955233087,W2407158376,1,actual_openalex_reference,test,openalex_social_sciences_200
W2955233087,W2476986171,1,actual_openalex_reference,test,openalex_social_sciences_200
W2955233087,W2500936479,1,actual_openalex_reference,test,openalex_social_sciences_200
W2955233087,W2503123114,1,actual_openalex_reference,test,openalex_social_sciences_200
W2955233087,W2589118575,1,actual_openalex_reference,test,openalex_social_sciences_200
W2955233087,W3124946277,1,actual_openalex_reference,test,openalex_social_sciences_200
W3205287155,W88578248,1,actual_openalex_reference,test,openalex_social_sciences_200
W3205287155,W1503910758,1,actual_openalex_reference,test,openalex_social_sciences_200
W3205287155,W1992812616,1,actual_openalex_reference,test,openalex_social_sciences_200
W3205287155,W2007551934,1,actual_openalex_reference,test,openalex_social_sciences_200
W3205287155,W2040778292,1,actual_openalex_reference,test,openalex_social_sciences_200
W3205287155,W2068372928,1,actual_openalex_reference,test,openalex_social_sciences_200
W3205287155,W2082525047,1,actual_openalex_reference,test,openalex_social_sciences_200
W3205287155,W2099211852,1,actual_openalex_reference,test,openalex_social_sciences_200
W3205287155,W2113425754,1,actual_openalex_reference,test,openalex_social_sciences_200
W3205287155,W2117931742,1,actual_openalex_reference,test,openalex_social_sciences_200
W3205287155,W2179820310,1,actual_openalex_reference,test,openalex_social_sciences_200
W3205287155,W2255029808,1,actual_openalex_reference,test,openalex_social_sciences_200
W3205287155,W2276687720,1,actual_openalex_reference,test,openalex_social_sciences_200
W3205287155,W2289719076,1,actual_openalex_reference,test,openalex_social_sciences_200
W3205287155,W2290047149,1,actual_openalex_reference,test,openalex_social_sciences_200
W3205287155,W2327280508,1,actual_openalex_reference,test,openalex_social_sciences_200
W3205287155,W2587516611,1,actual_openalex_reference,test,openalex_social_sciences_200
W3205287155,W2608384571,1,actual_openalex_reference,test,openalex_social_sciences_200
W3205287155,W2765093458,1,actual_openalex_reference,test,openalex_social_sciences_200
W3205287155,W3029332492,1,actual_openalex_reference,test,openalex_social_sciences_200
W3205287155,W3049174786,1,actual_openalex_reference,test,openalex_social_sciences_200
W3214882838,W1522301498,1,actual_openalex_reference,test,openalex_social_sciences_200
W3214882838,W1888005072,1,actual_openalex_reference,test,openalex_social_sciences_200
W3214882838,W2154851992,1,actual_openalex_reference,test,openalex_social_sciences_200
W3214882838,W2276747974,1,actual_openalex_reference,test,openalex_social_sciences_200
W3214882838,W2519887557,1,actual_openalex_reference,test,openalex_social_sciences_200
W3214882838,W2539259927,1,actual_openalex_reference,test,openalex_social_sciences_200
W3214882838,W2604847698,1,actual_openalex_reference,test,openalex_social_sciences_200
W3214882838,W2614121823,1,actual_openalex_reference,test,openalex_social_sciences_200
W3214882838,W2742650756,1,actual_openalex_reference,test,openalex_social_sciences_200
W3214882838,W2743316574,1,actual_openalex_reference,test,openalex_social_sciences_200
W3214882838,W2750303327,1,actual_openalex_reference,test,openalex_social_sciences_200
W3214882838,W2787927827,1,actual_openalex_reference,test,openalex_social_sciences_200
W3214882838,W2788379054,1,actual_openalex_reference,test,openalex_social_sciences_200
W3214882838,W2788950488,1,actual_openalex_reference,test,openalex_social_sciences_200
W3214882838,W2791677100,1,actual_openalex_reference,test,openalex_social_sciences_200
W3214882838,W2792839479,1,actual_openalex_reference,test,openalex_social_sciences_200
W3214882838,W2806983170,1,actual_openalex_reference,test,openalex_social_sciences_200
W3214882838,W2809303669,1,actual_openalex_reference,test,openalex_social_sciences_200
W3214882838,W2809366716,1,actual_openalex_reference,test,openalex_social_sciences_200
W3214882838,W2809553093,1,actual_openalex_reference,test,openalex_social_sciences_200
W3214882838,W2895799837,1,actual_openalex_reference,test,openalex_social_sciences_200
W3214882838,W2904832339,1,actual_openalex_reference,test,openalex_social_sciences_200
W3214882838,W2910892140,1,actual_openalex_reference,test,openalex_social_sciences_200
W3214882838,W2943420531,1,actual_openalex_reference,test,openalex_social_sciences_200
W3214882838,W2946160394,1,actual_openalex_reference,test,openalex_social_sciences_200
W3214882838,W2949732208,1,actual_openalex_reference,test,openalex_social_sciences_200
W3214882838,W2951431594,1,actual_openalex_reference,test,openalex_social_sciences_200
W3214882838,W2951626691,1,actual_openalex_reference,test,openalex_social_sciences_200
W3214882838,W2952740813,1,actual_openalex_reference,test,openalex_social_sciences_200
W3214882838,W2962756421,1,actual_openalex_reference,test,openalex_social_sciences_200
W3214882838,W2982310938,1,actual_openalex_reference,test,openalex_social_sciences_200
W3214882838,W2983579795,1,actual_openalex_reference,test,openalex_social_sciences_200
W3214882838,W2997169798,1,actual_openalex_reference,test,openalex_social_sciences_200
W3214882838,W3029687524,1,actual_openalex_reference,test,openalex_social_sciences_200
W3214882838,W3031475799,1,actual_openalex_reference,test,openalex_social_sciences_200
W3214882838,W3094324529,1,actual_openalex_reference,test,openalex_social_sciences_200
W3214882838,W3094541400,1,actual_openalex_reference,test,openalex_social_sciences_200
W3214882838,W3097986917,1,actual_openalex_reference,test,openalex_social_sciences_200
W3214882838,W3174672503,1,actual_openalex_reference,test,openalex_social_sciences_200
W3214882838,W4297733535,1,actual_openalex_reference,test,openalex_social_sciences_200
W3206883430,W164480873,1,actual_openalex_reference,test,openalex_social_sciences_200
W3206883430,W1583968191,1,actual_openalex_reference,test,openalex_social_sciences_200
W3206883430,W1794873980,1,actual_openalex_reference,test,openalex_social_sciences_200
W3206883430,W1981202974,1,actual_openalex_reference,test,openalex_social_sciences_200
W3206883430,W1996569289,1,actual_openalex_reference,test,openalex_social_sciences_200
W3206883430,W1997124245,1,actual_openalex_reference,test,openalex_social_sciences_200
W3206883430,W2014901265,1,actual_openalex_reference,test,openalex_social_sciences_200
W3206883430,W2073333010,1,actual_openalex_reference,test,openalex_social_sciences_200
W3206883430,W2112908401,1,actual_openalex_reference,test,openalex_social_sciences_200
W3206883430,W2134205213,1,actual_openalex_reference,test,openalex_social_sciences_200
W3206883430,W2162219789,1,actual_openalex_reference,test,openalex_social_sciences_200
W3206883430,W2183407867,1,actual_openalex_reference,test,openalex_social_sciences_200
W3206883430,W2573586291,1,actual_openalex_reference,test,openalex_social_sciences_200
W3206883430,W2617188046,1,actual_openalex_reference,test,openalex_social_sciences_200
W3206883430,W2624654016,1,actual_openalex_reference,test,openalex_social_sciences_200
W3206883430,W2740001258,1,actual_openalex_reference,test,openalex_social_sciences_200
W3206883430,W2750843263,1,actual_openalex_reference,test,openalex_social_sciences_200
W3206883430,W2885614746,1,actual_openalex_reference,test,openalex_social_sciences_200
W3206883430,W2894847189,1,actual_openalex_reference,test,openalex_social_sciences_200
W3206883430,W2908496836,1,actual_openalex_reference,test,openalex_social_sciences_200
W3206883430,W3014531352,1,actual_openalex_reference,test,openalex_social_sciences_200
W3206883430,W3040560320,1,actual_openalex_reference,test,openalex_social_sciences_200
W3206883430,W4245701113,1,actual_openalex_reference,test,openalex_social_sciences_200
W3206883430,W4301736455,1,actual_openalex_reference,test,openalex_social_sciences_200
W3206883430,W4320800888,1,actual_openalex_reference,test,openalex_social_sciences_200
W3183987374,W31618778,1,actual_openalex_reference,test,openalex_social_sciences_200
W3183987374,W1501816757,1,actual_openalex_reference,test,openalex_social_sciences_200
W3183987374,W1555996513,1,actual_openalex_reference,test,openalex_social_sciences_200
W3183987374,W1608729137,1,actual_openalex_reference,test,openalex_social_sciences_200
W3183987374,W1988284374,1,actual_openalex_reference,test,openalex_social_sciences_200
W3183987374,W2028003289,1,actual_openalex_reference,test,openalex_social_sciences_200
W3183987374,W2073426415,1,actual_openalex_reference,test,openalex_social_sciences_200
W3183987374,W2096793754,1,actual_openalex_reference,test,openalex_social_sciences_200
W3183987374,W2142629221,1,actual_openalex_reference,test,openalex_social_sciences_200
W3183987374,W2142738073,1,actual_openalex_reference,test,openalex_social_sciences_200
W3183987374,W2149292878,1,actual_openalex_reference,test,openalex_social_sciences_200
W3183987374,W2163023921,1,actual_openalex_reference,test,openalex_social_sciences_200
W3183987374,W2337592585,1,actual_openalex_reference,test,openalex_social_sciences_200
W3183987374,W2340925458,1,actual_openalex_reference,test,openalex_social_sciences_200
W3183987374,W2503693018,1,actual_openalex_reference,test,openalex_social_sciences_200
W3183987374,W2553747353,1,actual_openalex_reference,test,openalex_social_sciences_200
W3183987374,W2559653034,1,actual_openalex_reference,test,openalex_social_sciences_200
W3183987374,W2585989915,1,actual_openalex_reference,test,openalex_social_sciences_200
W3183987374,W2627059110,1,actual_openalex_reference,test,openalex_social_sciences_200
W3183987374,W2795080057,1,actual_openalex_reference,test,openalex_social_sciences_200
W3183987374,W2796621750,1,actual_openalex_reference,test,openalex_social_sciences_200
W3183987374,W2883382440,1,actual_openalex_reference,test,openalex_social_sciences_200
W3183987374,W2897787007,1,actual_openalex_reference,test,openalex_social_sciences_200
W3183987374,W2898187822,1,actual_openalex_reference,test,openalex_social_sciences_200
W3183987374,W2899772448,1,actual_openalex_reference,test,openalex_social_sciences_200
W3183987374,W2935905199,1,actual_openalex_reference,test,openalex_social_sciences_200
W3183987374,W2944320044,1,actual_openalex_reference,test,openalex_social_sciences_200
W3183987374,W2963056239,1,actual_openalex_reference,test,openalex_social_sciences_200
W3183987374,W2995709912,1,actual_openalex_reference,test,openalex_social_sciences_200
W3183987374,W3039124818,1,actual_openalex_reference,test,openalex_social_sciences_200
W3183987374,W3041519077,1,actual_openalex_reference,test,openalex_social_sciences_200
W3183987374,W3048385348,1,actual_openalex_reference,test,openalex_social_sciences_200
W3183987374,W3088662431,1,actual_openalex_reference,test,openalex_social_sciences_200
W3183987374,W3102896939,1,actual_openalex_reference,test,openalex_social_sciences_200
W3183987374,W3112095880,1,actual_openalex_reference,test,openalex_social_sciences_200
W3183987374,W3142394555,1,actual_openalex_reference,test,openalex_social_sciences_200
W3183987374,W3153496186,1,actual_openalex_reference,test,openalex_social_sciences_200
W3183987374,W3183487587,1,actual_openalex_reference,test,openalex_social_sciences_200
W3183987374,W4241817404,1,actual_openalex_reference,test,openalex_social_sciences_200
W3183987374,W4242901317,1,actual_openalex_reference,test,openalex_social_sciences_200
W3163615094,W317150476,1,actual_openalex_reference,test,openalex_social_sciences_200
W3163615094,W1502804136,1,actual_openalex_reference,test,openalex_social_sciences_200
W3163615094,W1512158042,1,actual_openalex_reference,test,openalex_social_sciences_200
W3163615094,W1596355611,1,actual_openalex_reference,test,openalex_social_sciences_200
W3163615094,W1739117089,1,actual_openalex_reference,test,openalex_social_sciences_200
W3163615094,W1939705622,1,actual_openalex_reference,test,openalex_social_sciences_200
W3163615094,W1970881419,1,actual_openalex_reference,test,openalex_social_sciences_200
W3163615094,W1981479648,1,actual_openalex_reference,test,openalex_social_sciences_200
W3163615094,W1989461809,1,actual_openalex_reference,test,openalex_social_sciences_200
W3163615094,W1989681270,1,actual_openalex_reference,test,openalex_social_sciences_200
W3163615094,W1989981278,1,actual_openalex_reference,test,openalex_social_sciences_200
W3163615094,W1992062803,1,actual_openalex_reference,test,openalex_social_sciences_200
W3163615094,W2002205239,1,actual_openalex_reference,test,openalex_social_sciences_200
W3163615094,W2004410197,1,actual_openalex_reference,test,openalex_social_sciences_200
W3163615094,W2004875680,1,actual_openalex_reference,test,openalex_social_sciences_200
W3163615094,W2014610068,1,actual_openalex_reference,test,openalex_social_sciences_200
W3163615094,W2023352584,1,actual_openalex_reference,test,openalex_social_sciences_200
W3163615094,W2028424038,1,actual_openalex_reference,test,openalex_social_sciences_200
W3163615094,W2037670771,1,actual_openalex_reference,test,openalex_social_sciences_200
W3163615094,W2042207486,1,actual_openalex_reference,test,openalex_social_sciences_200
W3163615094,W2044024973,1,actual_openalex_reference,test,openalex_social_sciences_200
W3163615094,W2045338200,1,actual_openalex_reference,test,openalex_social_sciences_200
W3163615094,W2046141868,1,actual_openalex_reference,test,openalex_social_sciences_200
W3163615094,W2056906229,1,actual_openalex_reference,test,openalex_social_sciences_200
W3163615094,W2059151403,1,actual_openalex_reference,test,openalex_social_sciences_200
W3163615094,W2060021151,1,actual_openalex_reference,test,openalex_social_sciences_200
W3163615094,W2060400674,1,actual_openalex_reference,test,openalex_social_sciences_200
W3163615094,W2066726602,1,actual_openalex_reference,test,openalex_social_sciences_200
W3163615094,W2070860355,1,actual_openalex_reference,test,openalex_social_sciences_200
W3163615094,W2071489879,1,actual_openalex_reference,test,openalex_social_sciences_200
W3163615094,W2075542560,1,actual_openalex_reference,test,openalex_social_sciences_200
W3163615094,W2085067008,1,actual_openalex_reference,test,openalex_social_sciences_200
W3163615094,W2090346058,1,actual_openalex_reference,test,openalex_social_sciences_200
W3163615094,W2090510024,1,actual_openalex_reference,test,openalex_social_sciences_200
W3163615094,W2096579327,1,actual_openalex_reference,test,openalex_social_sciences_200
W3163615094,W2097674155,1,actual_openalex_reference,test,openalex_social_sciences_200
W3163615094,W2103556381,1,actual_openalex_reference,test,openalex_social_sciences_200
W3163615094,W2114118053,1,actual_openalex_reference,test,openalex_social_sciences_200
W3163615094,W2114989435,1,actual_openalex_reference,test,openalex_social_sciences_200
W3163615094,W2116628389,1,actual_openalex_reference,test,openalex_social_sciences_200
W3163615094,W2121549904,1,actual_openalex_reference,test,openalex_social_sciences_200
W3163615094,W2123835431,1,actual_openalex_reference,test,openalex_social_sciences_200
W3163615094,W2128662341,1,actual_openalex_reference,test,openalex_social_sciences_200
W3163615094,W2134291350,1,actual_openalex_reference,test,openalex_social_sciences_200
W3163615094,W2139975452,1,actual_openalex_reference,test,openalex_social_sciences_200
W3163615094,W2145314182,1,actual_openalex_reference,test,openalex_social_sciences_200
W3163615094,W2148987731,1,actual_openalex_reference,test,openalex_social_sciences_200
W3163615094,W2149340389,1,actual_openalex_reference,test,openalex_social_sciences_200
W3163615094,W2152577821,1,actual_openalex_reference,test,openalex_social_sciences_200
W3163615094,W2159488974,1,actual_openalex_reference,test,openalex_social_sciences_200
W3163615094,W2162342431,1,actual_openalex_reference,test,openalex_social_sciences_200
W3163615094,W2163095598,1,actual_openalex_reference,test,openalex_social_sciences_200
W3163615094,W2171026888,1,actual_openalex_reference,test,openalex_social_sciences_200
W3163615094,W2182211519,1,actual_openalex_reference,test,openalex_social_sciences_200
W3163615094,W2254289104,1,actual_openalex_reference,test,openalex_social_sciences_200
W3163615094,W2313135818,1,actual_openalex_reference,test,openalex_social_sciences_200
W3163615094,W2318531164,1,actual_openalex_reference,test,openalex_social_sciences_200
W3163615094,W2560784809,1,actual_openalex_reference,test,openalex_social_sciences_200
W3163615094,W2574799966,1,actual_openalex_reference,test,openalex_social_sciences_200
W3163615094,W2936677923,1,actual_openalex_reference,test,openalex_social_sciences_200
W3163615094,W2963733800,1,actual_openalex_reference,test,openalex_social_sciences_200
W3163615094,W3012362894,1,actual_openalex_reference,test,openalex_social_sciences_200
W2913015273,W20024706,1,actual_openalex_reference,test,openalex_social_sciences_200
W2913015273,W223466030,1,actual_openalex_reference,test,openalex_social_sciences_200
W2913015273,W251524163,1,actual_openalex_reference,test,openalex_social_sciences_200
W2913015273,W1482201763,1,actual_openalex_reference,test,openalex_social_sciences_200
W2913015273,W1497226654,1,actual_openalex_reference,test,openalex_social_sciences_200
W2913015273,W1560435985,1,actual_openalex_reference,test,openalex_social_sciences_200
W2913015273,W1565831494,1,actual_openalex_reference,test,openalex_social_sciences_200
W2913015273,W1568034861,1,actual_openalex_reference,test,openalex_social_sciences_200
W2913015273,W1791587663,1,actual_openalex_reference,test,openalex_social_sciences_200
W2913015273,W1823573241,1,actual_openalex_reference,test,openalex_social_sciences_200
W2913015273,W1869813581,1,actual_openalex_reference,test,openalex_social_sciences_200
W2913015273,W1881207054,1,actual_openalex_reference,test,openalex_social_sciences_200
W2913015273,W1886337131,1,actual_openalex_reference,test,openalex_social_sciences_200
W2913015273,W1890036328,1,actual_openalex_reference,test,openalex_social_sciences_200
W2913015273,W1928669681,1,actual_openalex_reference,test,openalex_social_sciences_200
W2913015273,W1933057298,1,actual_openalex_reference,test,openalex_social_sciences_200
W2913015273,W1981702783,1,actual_openalex_reference,test,openalex_social_sciences_200
W2913015273,W1985749074,1,actual_openalex_reference,test,openalex_social_sciences_200
W2913015273,W1993760488,1,actual_openalex_reference,test,openalex_social_sciences_200
W2913015273,W2000203208,1,actual_openalex_reference,test,openalex_social_sciences_200
W2913015273,W2001015333,1,actual_openalex_reference,test,openalex_social_sciences_200
W2913015273,W2003429563,1,actual_openalex_reference,test,openalex_social_sciences_200
W2913015273,W2005478706,1,actual_openalex_reference,test,openalex_social_sciences_200
W2913015273,W2020893876,1,actual_openalex_reference,test,openalex_social_sciences_200
W2913015273,W2021778663,1,actual_openalex_reference,test,openalex_social_sciences_200
W2913015273,W2044233907,1,actual_openalex_reference,test,openalex_social_sciences_200
W2913015273,W2052341645,1,actual_openalex_reference,test,openalex_social_sciences_200
W2913015273,W2080009604,1,actual_openalex_reference,test,openalex_social_sciences_200
W2913015273,W2082562650,1,actual_openalex_reference,test,openalex_social_sciences_200
W2913015273,W2098158330,1,actual_openalex_reference,test,openalex_social_sciences_200
W2913015273,W2100379340,1,actual_openalex_reference,test,openalex_social_sciences_200
W2913015273,W2103293062,1,actual_openalex_reference,test,openalex_social_sciences_200
W2913015273,W2104207239,1,actual_openalex_reference,test,openalex_social_sciences_200
W2913015273,W2106753110,1,actual_openalex_reference,test,openalex_social_sciences_200
W2913015273,W2120820700,1,actual_openalex_reference,test,openalex_social_sciences_200
W2913015273,W2122285664,1,actual_openalex_reference,test,openalex_social_sciences_200
W2913015273,W2129636576,1,actual_openalex_reference,test,openalex_social_sciences_200
W2913015273,W2150769162,1,actual_openalex_reference,test,openalex_social_sciences_200
W2913015273,W2151505373,1,actual_openalex_reference,test,openalex_social_sciences_200
W2913015273,W2168745238,1,actual_openalex_reference,test,openalex_social_sciences_200
W2913015273,W2286420147,1,actual_openalex_reference,test,openalex_social_sciences_200
W2913015273,W2322679677,1,actual_openalex_reference,test,openalex_social_sciences_200
W2913015273,W2531120263,1,actual_openalex_reference,test,openalex_social_sciences_200
W2913015273,W2763008825,1,actual_openalex_reference,test,openalex_social_sciences_200
W2913015273,W2766982976,1,actual_openalex_reference,test,openalex_social_sciences_200
W2913015273,W2792089179,1,actual_openalex_reference,test,openalex_social_sciences_200
W2913015273,W3147795728,1,actual_openalex_reference,test,openalex_social_sciences_200
W3031582790,W573253735,1,actual_openalex_reference,test,openalex_social_sciences_200
W3031582790,W604106824,1,actual_openalex_reference,test,openalex_social_sciences_200
W3031582790,W636670369,1,actual_openalex_reference,test,openalex_social_sciences_200
W3031582790,W642658013,1,actual_openalex_reference,test,openalex_social_sciences_200
W3031582790,W935991853,1,actual_openalex_reference,test,openalex_social_sciences_200
W3031582790,W1155090073,1,actual_openalex_reference,test,openalex_social_sciences_200
W3031582790,W1551852234,1,actual_openalex_reference,test,openalex_social_sciences_200
W3031582790,W1557755199,1,actual_openalex_reference,test,openalex_social_sciences_200
W3031582790,W1583645667,1,actual_openalex_reference,test,openalex_social_sciences_200
W3031582790,W1608668282,1,actual_openalex_reference,test,openalex_social_sciences_200
W3031582790,W1724541845,1,actual_openalex_reference,test,openalex_social_sciences_200
W3031582790,W1963712636,1,actual_openalex_reference,test,openalex_social_sciences_200
W3031582790,W1977340187,1,actual_openalex_reference,test,openalex_social_sciences_200
W3031582790,W1980687346,1,actual_openalex_reference,test,openalex_social_sciences_200
W3031582790,W2011925604,1,actual_openalex_reference,test,openalex_social_sciences_200
W3031582790,W2017122212,1,actual_openalex_reference,test,openalex_social_sciences_200
W3031582790,W2032525533,1,actual_openalex_reference,test,openalex_social_sciences_200
W3031582790,W2049805697,1,actual_openalex_reference,test,openalex_social_sciences_200
W3031582790,W2050482467,1,actual_openalex_reference,test,openalex_social_sciences_200
W3031582790,W2081413284,1,actual_openalex_reference,test,openalex_social_sciences_200
W3031582790,W2084583731,1,actual_openalex_reference,test,openalex_social_sciences_200
W3031582790,W2105333784,1,actual_openalex_reference,test,openalex_social_sciences_200
W3031582790,W2117508587,1,actual_openalex_reference,test,openalex_social_sciences_200
W3031582790,W2125931672,1,actual_openalex_reference,test,openalex_social_sciences_200
W3031582790,W2133733224,1,actual_openalex_reference,test,openalex_social_sciences_200
W3031582790,W2136366496,1,actual_openalex_reference,test,openalex_social_sciences_200
W3031582790,W2143256636,1,actual_openalex_reference,test,openalex_social_sciences_200
W3031582790,W2157207849,1,actual_openalex_reference,test,openalex_social_sciences_200
W3031582790,W2172242412,1,actual_openalex_reference,test,openalex_social_sciences_200
W3031582790,W2255523736,1,actual_openalex_reference,test,openalex_social_sciences_200
W3031582790,W2284081066,1,actual_openalex_reference,test,openalex_social_sciences_200
W3031582790,W2329093592,1,actual_openalex_reference,test,openalex_social_sciences_200
W3031582790,W2334590042,1,actual_openalex_reference,test,openalex_social_sciences_200
W3031582790,W2475903188,1,actual_openalex_reference,test,openalex_social_sciences_200
W3031582790,W2509728684,1,actual_openalex_reference,test,openalex_social_sciences_200
W3031582790,W2616402681,1,actual_openalex_reference,test,openalex_social_sciences_200
W3031582790,W2763269138,1,actual_openalex_reference,test,openalex_social_sciences_200
W3031582790,W3151898679,1,actual_openalex_reference,test,openalex_social_sciences_200
W3031582790,W3176818924,1,actual_openalex_reference,test,openalex_social_sciences_200
W3031582790,W4231015609,1,actual_openalex_reference,test,openalex_social_sciences_200
W3031582790,W4233409340,1,actual_openalex_reference,test,openalex_social_sciences_200
W3031582790,W4241372521,1,actual_openalex_reference,test,openalex_social_sciences_200
W3031582790,W4242720306,1,actual_openalex_reference,test,openalex_social_sciences_200
W3031582790,W4243575665,1,actual_openalex_reference,test,openalex_social_sciences_200
W3031582790,W4247156723,1,actual_openalex_reference,test,openalex_social_sciences_200
W2946664700,W2022106248,1,actual_openalex_reference,test,openalex_social_sciences_200
W2946664700,W2153862892,1,actual_openalex_reference,test,openalex_social_sciences_200
W2946664700,W2195281375,1,actual_openalex_reference,test,openalex_social_sciences_200
W2946664700,W2383618831,1,actual_openalex_reference,test,openalex_social_sciences_200
W2946664700,W2625108209,1,actual_openalex_reference,test,openalex_social_sciences_200
W2946664700,W2789424546,1,actual_openalex_reference,test,openalex_social_sciences_200
W2946664700,W2792387591,1,actual_openalex_reference,test,openalex_social_sciences_200
W2946664700,W4214928630,1,actual_openalex_reference,test,openalex_social_sciences_200
W3114522776,W1536675349,1,actual_openalex_reference,test,openalex_social_sciences_200
W3114522776,W1574773910,1,actual_openalex_reference,test,openalex_social_sciences_200
W3114522776,W1851740361,1,actual_openalex_reference,test,openalex_social_sciences_200
W3114522776,W1965456513,1,actual_openalex_reference,test,openalex_social_sciences_200
W3114522776,W2017268940,1,actual_openalex_reference,test,openalex_social_sciences_200
W3114522776,W2018556571,1,actual_openalex_reference,test,openalex_social_sciences_200
W3114522776,W2024507896,1,actual_openalex_reference,test,openalex_social_sciences_200
W3114522776,W2030863659,1,actual_openalex_reference,test,openalex_social_sciences_200
W3114522776,W2040079025,1,actual_openalex_reference,test,openalex_social_sciences_200
W3114522776,W2045923296,1,actual_openalex_reference,test,openalex_social_sciences_200
W3114522776,W2068511562,1,actual_openalex_reference,test,openalex_social_sciences_200
W3114522776,W2071666535,1,actual_openalex_reference,test,openalex_social_sciences_200
W3114522776,W2104076180,1,actual_openalex_reference,test,openalex_social_sciences_200
W3114522776,W2120100418,1,actual_openalex_reference,test,openalex_social_sciences_200
W3114522776,W2124478428,1,actual_openalex_reference,test,openalex_social_sciences_200
W3114522776,W2165282906,1,actual_openalex_reference,test,openalex_social_sciences_200
W3114522776,W2478587936,1,actual_openalex_reference,test,openalex_social_sciences_200
W3114522776,W2528892689,1,actual_openalex_reference,test,openalex_social_sciences_200
W3114522776,W2550558278,1,actual_openalex_reference,test,openalex_social_sciences_200
W3114522776,W2565578188,1,actual_openalex_reference,test,openalex_social_sciences_200
W3114522776,W2747908178,1,actual_openalex_reference,test,openalex_social_sciences_200
W3114522776,W2896396047,1,actual_openalex_reference,test,openalex_social_sciences_200
W3114522776,W2899822690,1,actual_openalex_reference,test,openalex_social_sciences_200
W3114522776,W2903082835,1,actual_openalex_reference,test,openalex_social_sciences_200
W3114522776,W2929711600,1,actual_openalex_reference,test,openalex_social_sciences_200
W3114522776,W2955694336,1,actual_openalex_reference,test,openalex_social_sciences_200
W3114522776,W3003819430,1,actual_openalex_reference,test,openalex_social_sciences_200
W3114522776,W3021353408,1,actual_openalex_reference,test,openalex_social_sciences_200
W3114522776,W3037619194,1,actual_openalex_reference,test,openalex_social_sciences_200
W3114522776,W3092807119,1,actual_openalex_reference,test,openalex_social_sciences_200
W3114522776,W3095974883,1,actual_openalex_reference,test,openalex_social_sciences_200
W3114522776,W4292528167,1,actual_openalex_reference,test,openalex_social_sciences_200
W3009176664,W955434396,1,actual_openalex_reference,test,openalex_social_sciences_200
W3009176664,W1518269540,1,actual_openalex_reference,test,openalex_social_sciences_200
W3009176664,W1544569963,1,actual_openalex_reference,test,openalex_social_sciences_200
W3009176664,W1549835707,1,actual_openalex_reference,test,openalex_social_sciences_200
W3009176664,W1561406324,1,actual_openalex_reference,test,openalex_social_sciences_200
W3009176664,W1568461733,1,actual_openalex_reference,test,openalex_social_sciences_200
W3009176664,W1636038144,1,actual_openalex_reference,test,openalex_social_sciences_200
W3009176664,W1864936260,1,actual_openalex_reference,test,openalex_social_sciences_200
W3009176664,W1968090501,1,actual_openalex_reference,test,openalex_social_sciences_200
W3009176664,W1971993708,1,actual_openalex_reference,test,openalex_social_sciences_200
W3009176664,W1989683415,1,actual_openalex_reference,test,openalex_social_sciences_200
W3009176664,W1994410690,1,actual_openalex_reference,test,openalex_social_sciences_200
W3009176664,W2003605219,1,actual_openalex_reference,test,openalex_social_sciences_200
W3009176664,W2006165354,1,actual_openalex_reference,test,openalex_social_sciences_200
W3009176664,W2011988155,1,actual_openalex_reference,test,openalex_social_sciences_200
W3009176664,W2029974592,1,actual_openalex_reference,test,openalex_social_sciences_200
W3009176664,W2033052315,1,actual_openalex_reference,test,openalex_social_sciences_200
W3009176664,W2043052325,1,actual_openalex_reference,test,openalex_social_sciences_200
W3009176664,W2063409779,1,actual_openalex_reference,test,openalex_social_sciences_200
W3009176664,W2068367680,1,actual_openalex_reference,test,openalex_social_sciences_200
W3009176664,W2073599790,1,actual_openalex_reference,test,openalex_social_sciences_200
W3009176664,W2096073270,1,actual_openalex_reference,test,openalex_social_sciences_200
W3009176664,W2097217656,1,actual_openalex_reference,test,openalex_social_sciences_200
W3009176664,W2121917946,1,actual_openalex_reference,test,openalex_social_sciences_200
W3009176664,W2123359946,1,actual_openalex_reference,test,openalex_social_sciences_200
W3009176664,W2143564805,1,actual_openalex_reference,test,openalex_social_sciences_200
W3009176664,W2144682509,1,actual_openalex_reference,test,openalex_social_sciences_200
W3009176664,W2146026407,1,actual_openalex_reference,test,openalex_social_sciences_200
W3009176664,W2149955963,1,actual_openalex_reference,test,openalex_social_sciences_200
W3009176664,W2158659525,1,actual_openalex_reference,test,openalex_social_sciences_200
W3009176664,W2160513394,1,actual_openalex_reference,test,openalex_social_sciences_200
W3009176664,W2168359895,1,actual_openalex_reference,test,openalex_social_sciences_200
W3009176664,W2462283295,1,actual_openalex_reference,test,openalex_social_sciences_200
W3009176664,W2477203991,1,actual_openalex_reference,test,openalex_social_sciences_200
W3009176664,W2501839057,1,actual_openalex_reference,test,openalex_social_sciences_200
W3009176664,W2546929680,1,actual_openalex_reference,test,openalex_social_sciences_200
W3009176664,W2604098428,1,actual_openalex_reference,test,openalex_social_sciences_200
W3009176664,W2604860923,1,actual_openalex_reference,test,openalex_social_sciences_200
W3009176664,W2605547471,1,actual_openalex_reference,test,openalex_social_sciences_200
W3009176664,W2606323594,1,actual_openalex_reference,test,openalex_social_sciences_200
W3009176664,W2724299807,1,actual_openalex_reference,test,openalex_social_sciences_200
W3009176664,W2790656369,1,actual_openalex_reference,test,openalex_social_sciences_200
W3009176664,W2790691742,1,actual_openalex_reference,test,openalex_social_sciences_200
W3009176664,W2796410128,1,actual_openalex_reference,test,openalex_social_sciences_200
W3009176664,W2800474934,1,actual_openalex_reference,test,openalex_social_sciences_200
W3009176664,W2901201424,1,actual_openalex_reference,test,openalex_social_sciences_200
W3009176664,W2913559834,1,actual_openalex_reference,test,openalex_social_sciences_200
W3009176664,W2916474753,1,actual_openalex_reference,test,openalex_social_sciences_200
W3009176664,W2974374992,1,actual_openalex_reference,test,openalex_social_sciences_200
W3009176664,W2979536160,1,actual_openalex_reference,test,openalex_social_sciences_200
W3009176664,W3187207961,1,actual_openalex_reference,test,openalex_social_sciences_200
W3009176664,W3195827941,1,actual_openalex_reference,test,openalex_social_sciences_200
W3009176664,W4230177463,1,actual_openalex_reference,test,openalex_social_sciences_200
W3009176664,W4230760002,1,actual_openalex_reference,test,openalex_social_sciences_200
W3009176664,W4231700105,1,actual_openalex_reference,test,openalex_social_sciences_200
W3009176664,W4234393880,1,actual_openalex_reference,test,openalex_social_sciences_200
W3009176664,W4238788511,1,actual_openalex_reference,test,openalex_social_sciences_200
W3009176664,W4239861182,1,actual_openalex_reference,test,openalex_social_sciences_200
W3009176664,W4247995733,1,actual_openalex_reference,test,openalex_social_sciences_200
W2943794443,W2022808595,1,actual_openalex_reference,test,openalex_social_sciences_200
W2943794443,W2062350780,1,actual_openalex_reference,test,openalex_social_sciences_200
W2943794443,W2678920241,1,actual_openalex_reference,test,openalex_social_sciences_200
W2943794443,W4255871485,1,actual_openalex_reference,test,openalex_social_sciences_200
W3142927760,W46729988,1,actual_openalex_reference,test,openalex_social_sciences_200
W3142927760,W1556513643,1,actual_openalex_reference,test,openalex_social_sciences_200
W3142927760,W1582883731,1,actual_openalex_reference,test,openalex_social_sciences_200
W3142927760,W1608760034,1,actual_openalex_reference,test,openalex_social_sciences_200
W3142927760,W1812030468,1,actual_openalex_reference,test,openalex_social_sciences_200
W3142927760,W1963965317,1,actual_openalex_reference,test,openalex_social_sciences_200
W3142927760,W1982882898,1,actual_openalex_reference,test,openalex_social_sciences_200
W3142927760,W2000042856,1,actual_openalex_reference,test,openalex_social_sciences_200
W3142927760,W2000985185,1,actual_openalex_reference,test,openalex_social_sciences_200
W3142927760,W2004447924,1,actual_openalex_reference,test,openalex_social_sciences_200
W3142927760,W2018135489,1,actual_openalex_reference,test,openalex_social_sciences_200
W3142927760,W2031703426,1,actual_openalex_reference,test,openalex_social_sciences_200
W3142927760,W2064461824,1,actual_openalex_reference,test,openalex_social_sciences_200
W3142927760,W2084719416,1,actual_openalex_reference,test,openalex_social_sciences_200
W3142927760,W2132269495,1,actual_openalex_reference,test,openalex_social_sciences_200
W3142927760,W2134628160,1,actual_openalex_reference,test,openalex_social_sciences_200
W3142927760,W2144707137,1,actual_openalex_reference,test,openalex_social_sciences_200
W3142927760,W2157207849,1,actual_openalex_reference,test,openalex_social_sciences_200
W3142927760,W2161803034,1,actual_openalex_reference,test,openalex_social_sciences_200
W3142927760,W2500967599,1,actual_openalex_reference,test,openalex_social_sciences_200
W3142927760,W2598031010,1,actual_openalex_reference,test,openalex_social_sciences_200
W3142927760,W2610244485,1,actual_openalex_reference,test,openalex_social_sciences_200
W3142927760,W2753209534,1,actual_openalex_reference,test,openalex_social_sciences_200
W3142927760,W2791491397,1,actual_openalex_reference,test,openalex_social_sciences_200
W3142927760,W2794989478,1,actual_openalex_reference,test,openalex_social_sciences_200
W3142927760,W3023587030,1,actual_openalex_reference,test,openalex_social_sciences_200
W3142927760,W3123015728,1,actual_openalex_reference,test,openalex_social_sciences_200
W2914473754,W16224477,1,actual_openalex_reference,test,openalex_social_sciences_200
W2914473754,W596316659,1,actual_openalex_reference,test,openalex_social_sciences_200
W2914473754,W623784528,1,actual_openalex_reference,test,openalex_social_sciences_200
W2914473754,W1408991106,1,actual_openalex_reference,test,openalex_social_sciences_200
W2914473754,W1563035546,1,actual_openalex_reference,test,openalex_social_sciences_200
W2914473754,W1582160765,1,actual_openalex_reference,test,openalex_social_sciences_200
W2914473754,W1606367327,1,actual_openalex_reference,test,openalex_social_sciences_200
W2914473754,W1801667082,1,actual_openalex_reference,test,openalex_social_sciences_200
W2914473754,W1896417685,1,actual_openalex_reference,test,openalex_social_sciences_200
W2914473754,W1915852075,1,actual_openalex_reference,test,openalex_social_sciences_200
W2914473754,W1940986362,1,actual_openalex_reference,test,openalex_social_sciences_200
W2914473754,W1978133177,1,actual_openalex_reference,test,openalex_social_sciences_200
W2914473754,W1980640698,1,actual_openalex_reference,test,openalex_social_sciences_200
W2914473754,W1982858543,1,actual_openalex_reference,test,openalex_social_sciences_200
W2914473754,W1992138980,1,actual_openalex_reference,test,openalex_social_sciences_200
W2914473754,W1992797002,1,actual_openalex_reference,test,openalex_social_sciences_200
W2914473754,W2007369943,1,actual_openalex_reference,test,openalex_social_sciences_200
W2914473754,W2025498125,1,actual_openalex_reference,test,openalex_social_sciences_200
W2914473754,W2028884539,1,actual_openalex_reference,test,openalex_social_sciences_200
W2914473754,W2031136059,1,actual_openalex_reference,test,openalex_social_sciences_200
W2914473754,W2033372476,1,actual_openalex_reference,test,openalex_social_sciences_200
W2914473754,W2035675634,1,actual_openalex_reference,test,openalex_social_sciences_200
W2914473754,W2090970831,1,actual_openalex_reference,test,openalex_social_sciences_200
W2914473754,W2098742283,1,actual_openalex_reference,test,openalex_social_sciences_200
W2914473754,W2100095062,1,actual_openalex_reference,test,openalex_social_sciences_200
W2914473754,W2108341122,1,actual_openalex_reference,test,openalex_social_sciences_200
W2914473754,W2114603796,1,actual_openalex_reference,test,openalex_social_sciences_200
W2914473754,W2121342624,1,actual_openalex_reference,test,openalex_social_sciences_200
W2914473754,W2122704194,1,actual_openalex_reference,test,openalex_social_sciences_200
W2914473754,W2128229663,1,actual_openalex_reference,test,openalex_social_sciences_200
W2914473754,W2132750144,1,actual_openalex_reference,test,openalex_social_sciences_200
W2914473754,W2133026131,1,actual_openalex_reference,test,openalex_social_sciences_200
W2914473754,W2290697761,1,actual_openalex_reference,test,openalex_social_sciences_200
W2914473754,W2417721302,1,actual_openalex_reference,test,openalex_social_sciences_200
W2914473754,W2468397032,1,actual_openalex_reference,test,openalex_social_sciences_200
W2914473754,W2482877455,1,actual_openalex_reference,test,openalex_social_sciences_200
W2914473754,W2584300694,1,actual_openalex_reference,test,openalex_social_sciences_200
W2914473754,W2593566104,1,actual_openalex_reference,test,openalex_social_sciences_200
W2914473754,W2759888046,1,actual_openalex_reference,test,openalex_social_sciences_200
W2914473754,W2762281346,1,actual_openalex_reference,test,openalex_social_sciences_200
W2914473754,W2912147838,1,actual_openalex_reference,test,openalex_social_sciences_200
W2914473754,W4213363443,1,actual_openalex_reference,test,openalex_social_sciences_200
W2914473754,W4230318319,1,actual_openalex_reference,test,openalex_social_sciences_200
W2914473754,W4239976660,1,actual_openalex_reference,test,openalex_social_sciences_200
W2955929126,W1597999381,1,actual_openalex_reference,test,openalex_social_sciences_200
W2955929126,W1964028987,1,actual_openalex_reference,test,openalex_social_sciences_200
W2955929126,W1997489204,1,actual_openalex_reference,test,openalex_social_sciences_200
W2955929126,W1997612255,1,actual_openalex_reference,test,openalex_social_sciences_200
W2955929126,W2132584293,1,actual_openalex_reference,test,openalex_social_sciences_200
W2955929126,W2595164448,1,actual_openalex_reference,test,openalex_social_sciences_200
W2955929126,W2605708953,1,actual_openalex_reference,test,openalex_social_sciences_200
W2955929126,W2911777991,1,actual_openalex_reference,test,openalex_social_sciences_200
W2955929126,W4212938889,1,actual_openalex_reference,test,openalex_social_sciences_200
W3125299664,W109114150,1,actual_openalex_reference,test,openalex_social_sciences_200
W3125299664,W121762075,1,actual_openalex_reference,test,openalex_social_sciences_200
W3125299664,W193119862,1,actual_openalex_reference,test,openalex_social_sciences_200
W3125299664,W809551758,1,actual_openalex_reference,test,openalex_social_sciences_200
W3125299664,W1519580080,1,actual_openalex_reference,test,openalex_social_sciences_200
W3125299664,W1900412657,1,actual_openalex_reference,test,openalex_social_sciences_200
W3125299664,W1963551998,1,actual_openalex_reference,test,openalex_social_sciences_200
W3125299664,W1995632010,1,actual_openalex_reference,test,openalex_social_sciences_200
W3125299664,W1998449083,1,actual_openalex_reference,test,openalex_social_sciences_200
W3125299664,W2066717968,1,actual_openalex_reference,test,openalex_social_sciences_200
W3125299664,W2072708948,1,actual_openalex_reference,test,openalex_social_sciences_200
W3125299664,W2085876742,1,actual_openalex_reference,test,openalex_social_sciences_200
W3125299664,W2097572674,1,actual_openalex_reference,test,openalex_social_sciences_200
W3125299664,W2101518034,1,actual_openalex_reference,test,openalex_social_sciences_200
W3125299664,W2103167256,1,actual_openalex_reference,test,openalex_social_sciences_200
W3125299664,W2105459884,1,actual_openalex_reference,test,openalex_social_sciences_200
W3125299664,W2106122355,1,actual_openalex_reference,test,openalex_social_sciences_200
W3125299664,W2110577535,1,actual_openalex_reference,test,openalex_social_sciences_200
W3125299664,W2113450747,1,actual_openalex_reference,test,openalex_social_sciences_200
W3125299664,W2118826874,1,actual_openalex_reference,test,openalex_social_sciences_200
W3125299664,W2125435699,1,actual_openalex_reference,test,openalex_social_sciences_200
W3125299664,W2128435770,1,actual_openalex_reference,test,openalex_social_sciences_200
W3125299664,W2137895888,1,actual_openalex_reference,test,openalex_social_sciences_200
W3125299664,W2140630687,1,actual_openalex_reference,test,openalex_social_sciences_200
W3125299664,W2146580294,1,actual_openalex_reference,test,openalex_social_sciences_200
W3125299664,W2188628393,1,actual_openalex_reference,test,openalex_social_sciences_200
W3125299664,W2418872436,1,actual_openalex_reference,test,openalex_social_sciences_200
W3125299664,W2477363207,1,actual_openalex_reference,test,openalex_social_sciences_200
W3125299664,W2506061523,1,actual_openalex_reference,test,openalex_social_sciences_200
W3125299664,W2522424413,1,actual_openalex_reference,test,openalex_social_sciences_200
W3125299664,W2576024856,1,actual_openalex_reference,test,openalex_social_sciences_200
W3125299664,W2762353358,1,actual_openalex_reference,test,openalex_social_sciences_200
W3125299664,W2763962290,1,actual_openalex_reference,test,openalex_social_sciences_200
W3125299664,W2767582401,1,actual_openalex_reference,test,openalex_social_sciences_200
W3125299664,W2908143860,1,actual_openalex_reference,test,openalex_social_sciences_200
W3125299664,W2913103129,1,actual_openalex_reference,test,openalex_social_sciences_200
W3125299664,W2991275460,1,actual_openalex_reference,test,openalex_social_sciences_200
W3125299664,W2995346337,1,actual_openalex_reference,test,openalex_social_sciences_200
W3125299664,W3092364314,1,actual_openalex_reference,test,openalex_social_sciences_200
W3125299664,W3124473015,1,actual_openalex_reference,test,openalex_social_sciences_200
W3125299664,W3133930280,1,actual_openalex_reference,test,openalex_social_sciences_200
W3135634779,W1483590831,1,actual_openalex_reference,test,openalex_social_sciences_200
W3135634779,W2083142171,1,actual_openalex_reference,test,openalex_social_sciences_200
W3135634779,W2109741117,1,actual_openalex_reference,test,openalex_social_sciences_200
W3135634779,W2163555971,1,actual_openalex_reference,test,openalex_social_sciences_200
W3135634779,W2335332896,1,actual_openalex_reference,test,openalex_social_sciences_200
W3135634779,W2342277544,1,actual_openalex_reference,test,openalex_social_sciences_200
W3135634779,W2414237918,1,actual_openalex_reference,test,openalex_social_sciences_200
W3135634779,W2799275779,1,actual_openalex_reference,test,openalex_social_sciences_200
W3135634779,W2888601579,1,actual_openalex_reference,test,openalex_social_sciences_200
W3033449544,W207142557,1,actual_openalex_reference,test,openalex_social_sciences_200
W3033449544,W638400411,1,actual_openalex_reference,test,openalex_social_sciences_200
W3033449544,W1523816716,1,actual_openalex_reference,test,openalex_social_sciences_200
W3033449544,W1542071587,1,actual_openalex_reference,test,openalex_social_sciences_200
W3033449544,W2026709071,1,actual_openalex_reference,test,openalex_social_sciences_200
W3033449544,W2151386631,1,actual_openalex_reference,test,openalex_social_sciences_200
W3033449544,W2163079148,1,actual_openalex_reference,test,openalex_social_sciences_200
W3033449544,W2222100094,1,actual_openalex_reference,test,openalex_social_sciences_200
W3033449544,W2224356869,1,actual_openalex_reference,test,openalex_social_sciences_200
W3033449544,W2339572146,1,actual_openalex_reference,test,openalex_social_sciences_200
W3033449544,W2601822858,1,actual_openalex_reference,test,openalex_social_sciences_200
W3033449544,W2612070482,1,actual_openalex_reference,test,openalex_social_sciences_200
W3033449544,W2789494372,1,actual_openalex_reference,test,openalex_social_sciences_200
W3033449544,W2807090614,1,actual_openalex_reference,test,openalex_social_sciences_200
W3033449544,W2896494141,1,actual_openalex_reference,test,openalex_social_sciences_200
W3033449544,W4252255126,1,actual_openalex_reference,test,openalex_social_sciences_200
W3157548828,W611107117,1,actual_openalex_reference,test,openalex_social_sciences_200
W3157548828,W1490103356,1,actual_openalex_reference,test,openalex_social_sciences_200
W3157548828,W1506130703,1,actual_openalex_reference,test,openalex_social_sciences_200
W3157548828,W1516230594,1,actual_openalex_reference,test,openalex_social_sciences_200
W3157548828,W1561036010,1,actual_openalex_reference,test,openalex_social_sciences_200
W3157548828,W1881549307,1,actual_openalex_reference,test,openalex_social_sciences_200
W3157548828,W1889273139,1,actual_openalex_reference,test,openalex_social_sciences_200
W3157548828,W1940321573,1,actual_openalex_reference,test,openalex_social_sciences_200
W3157548828,W1970144307,1,actual_openalex_reference,test,openalex_social_sciences_200
W3157548828,W1982397230,1,actual_openalex_reference,test,openalex_social_sciences_200
W3157548828,W1995608261,1,actual_openalex_reference,test,openalex_social_sciences_200
W3157548828,W2029057170,1,actual_openalex_reference,test,openalex_social_sciences_200
W3157548828,W2038520498,1,actual_openalex_reference,test,openalex_social_sciences_200
W3157548828,W2064535528,1,actual_openalex_reference,test,openalex_social_sciences_200
W3157548828,W2070014147,1,actual_openalex_reference,test,openalex_social_sciences_200
W3157548828,W2077774959,1,actual_openalex_reference,test,openalex_social_sciences_200
W3157548828,W2083836263,1,actual_openalex_reference,test,openalex_social_sciences_200
W3157548828,W2093868260,1,actual_openalex_reference,test,openalex_social_sciences_200
W3157548828,W2095078771,1,actual_openalex_reference,test,openalex_social_sciences_200
W3157548828,W2099720074,1,actual_openalex_reference,test,openalex_social_sciences_200
W3157548828,W2102756860,1,actual_openalex_reference,test,openalex_social_sciences_200
W3157548828,W2106573419,1,actual_openalex_reference,test,openalex_social_sciences_200
W3157548828,W2109507579,1,actual_openalex_reference,test,openalex_social_sciences_200
W3157548828,W2135640723,1,actual_openalex_reference,test,openalex_social_sciences_200
W3157548828,W2136578557,1,actual_openalex_reference,test,openalex_social_sciences_200
W3157548828,W2142896423,1,actual_openalex_reference,test,openalex_social_sciences_200
W3157548828,W2148248975,1,actual_openalex_reference,test,openalex_social_sciences_200
W3157548828,W2148660305,1,actual_openalex_reference,test,openalex_social_sciences_200
W3157548828,W2148690842,1,actual_openalex_reference,test,openalex_social_sciences_200
W3157548828,W2151082120,1,actual_openalex_reference,test,openalex_social_sciences_200
W3157548828,W2158378292,1,actual_openalex_reference,test,openalex_social_sciences_200
W3157548828,W2159012497,1,actual_openalex_reference,test,openalex_social_sciences_200
W3157548828,W2170174559,1,actual_openalex_reference,test,openalex_social_sciences_200
W3157548828,W2339180066,1,actual_openalex_reference,test,openalex_social_sciences_200
W3157548828,W2584772404,1,actual_openalex_reference,test,openalex_social_sciences_200
W3157548828,W2748611186,1,actual_openalex_reference,test,openalex_social_sciences_200
W3157548828,W2997715028,1,actual_openalex_reference,test,openalex_social_sciences_200
W3157548828,W3001510674,1,actual_openalex_reference,test,openalex_social_sciences_200
W3157548828,W3158009348,1,actual_openalex_reference,test,openalex_social_sciences_200
W3157548828,W3159369925,1,actual_openalex_reference,test,openalex_social_sciences_200
W3157548828,W4232157136,1,actual_openalex_reference,test,openalex_social_sciences_200
W3157548828,W4232689302,1,actual_openalex_reference,test,openalex_social_sciences_200
W3157548828,W4237610923,1,actual_openalex_reference,test,openalex_social_sciences_200
W3157548828,W4386836761,1,actual_openalex_reference,test,openalex_social_sciences_200
W3152732572,W6471811,1,actual_openalex_reference,test,openalex_social_sciences_200
W3152732572,W157540906,1,actual_openalex_reference,test,openalex_social_sciences_200
W3152732572,W198151203,1,actual_openalex_reference,test,openalex_social_sciences_200
W3152732572,W1242563366,1,actual_openalex_reference,test,openalex_social_sciences_200
W3152732572,W1421549267,1,actual_openalex_reference,test,openalex_social_sciences_200
W3152732572,W1495859691,1,actual_openalex_reference,test,openalex_social_sciences_200
W3152732572,W1502992321,1,actual_openalex_reference,test,openalex_social_sciences_200
W3152732572,W1798005201,1,actual_openalex_reference,test,openalex_social_sciences_200
W3152732572,W1854235496,1,actual_openalex_reference,test,openalex_social_sciences_200
W3152732572,W1911565063,1,actual_openalex_reference,test,openalex_social_sciences_200
W3152732572,W1972821167,1,actual_openalex_reference,test,openalex_social_sciences_200
W3152732572,W1980276812,1,actual_openalex_reference,test,openalex_social_sciences_200
W3152732572,W1990573053,1,actual_openalex_reference,test,openalex_social_sciences_200
W3152732572,W1990841982,1,actual_openalex_reference,test,openalex_social_sciences_200
W3152732572,W2010279834,1,actual_openalex_reference,test,openalex_social_sciences_200
W3152732572,W2048444935,1,actual_openalex_reference,test,openalex_social_sciences_200
W3152732572,W2052526277,1,actual_openalex_reference,test,openalex_social_sciences_200
W3152732572,W2067436867,1,actual_openalex_reference,test,openalex_social_sciences_200
W3152732572,W2079734740,1,actual_openalex_reference,test,openalex_social_sciences_200
W3152732572,W2096222907,1,actual_openalex_reference,test,openalex_social_sciences_200
W3152732572,W2110992555,1,actual_openalex_reference,test,openalex_social_sciences_200
W3152732572,W2123757884,1,actual_openalex_reference,test,openalex_social_sciences_200
W3152732572,W2124445416,1,actual_openalex_reference,test,openalex_social_sciences_200
W3152732572,W2130011508,1,actual_openalex_reference,test,openalex_social_sciences_200
W3152732572,W2133381955,1,actual_openalex_reference,test,openalex_social_sciences_200
W3152732572,W2147711261,1,actual_openalex_reference,test,openalex_social_sciences_200
W3152732572,W2151456905,1,actual_openalex_reference,test,openalex_social_sciences_200
W3152732572,W2317574555,1,actual_openalex_reference,test,openalex_social_sciences_200
W3152732572,W2889160451,1,actual_openalex_reference,test,openalex_social_sciences_200
W3152732572,W2967214402,1,actual_openalex_reference,test,openalex_social_sciences_200
W3152732572,W3023704759,1,actual_openalex_reference,test,openalex_social_sciences_200
W3152732572,W3121531067,1,actual_openalex_reference,test,openalex_social_sciences_200
W3152732572,W4235831325,1,actual_openalex_reference,test,openalex_social_sciences_200
W3152732572,W4236876610,1,actual_openalex_reference,test,openalex_social_sciences_200
W3152732572,W4239898051,1,actual_openalex_reference,test,openalex_social_sciences_200
W3152732572,W4240101169,1,actual_openalex_reference,test,openalex_social_sciences_200
W3152732572,W4251709585,1,actual_openalex_reference,test,openalex_social_sciences_200
W3152732572,W4252647837,1,actual_openalex_reference,test,openalex_social_sciences_200
W3152732572,W4388381508,1,actual_openalex_reference,test,openalex_social_sciences_200
W3213480578,W568795874,1,actual_openalex_reference,test,openalex_social_sciences_200
W3213480578,W1483795552,1,actual_openalex_reference,test,openalex_social_sciences_200
W3213480578,W1588049807,1,actual_openalex_reference,test,openalex_social_sciences_200
W3213480578,W1721041500,1,actual_openalex_reference,test,openalex_social_sciences_200
W3213480578,W1990061874,1,actual_openalex_reference,test,openalex_social_sciences_200
W3213480578,W2003875617,1,actual_openalex_reference,test,openalex_social_sciences_200
W3213480578,W2013582216,1,actual_openalex_reference,test,openalex_social_sciences_200
W3213480578,W2029941278,1,actual_openalex_reference,test,openalex_social_sciences_200
W3213480578,W2046474159,1,actual_openalex_reference,test,openalex_social_sciences_200
W3213480578,W2054019280,1,actual_openalex_reference,test,openalex_social_sciences_200
W3213480578,W2061562932,1,actual_openalex_reference,test,openalex_social_sciences_200
W3213480578,W2068367833,1,actual_openalex_reference,test,openalex_social_sciences_200
W3213480578,W2075185788,1,actual_openalex_reference,test,openalex_social_sciences_200
W3213480578,W2086622110,1,actual_openalex_reference,test,openalex_social_sciences_200
W3213480578,W2089861735,1,actual_openalex_reference,test,openalex_social_sciences_200
W3213480578,W2094244696,1,actual_openalex_reference,test,openalex_social_sciences_200
W3213480578,W2098570850,1,actual_openalex_reference,test,openalex_social_sciences_200
W3213480578,W2109110269,1,actual_openalex_reference,test,openalex_social_sciences_200
W3213480578,W2113680781,1,actual_openalex_reference,test,openalex_social_sciences_200
W3213480578,W2119510391,1,actual_openalex_reference,test,openalex_social_sciences_200
W3213480578,W2121960994,1,actual_openalex_reference,test,openalex_social_sciences_200
W3213480578,W2123087168,1,actual_openalex_reference,test,openalex_social_sciences_200
W3213480578,W2124314372,1,actual_openalex_reference,test,openalex_social_sciences_200
W3213480578,W2126767157,1,actual_openalex_reference,test,openalex_social_sciences_200
W3213480578,W2159549133,1,actual_openalex_reference,test,openalex_social_sciences_200
W3213480578,W2181928070,1,actual_openalex_reference,test,openalex_social_sciences_200
W3213480578,W2313758438,1,actual_openalex_reference,test,openalex_social_sciences_200
W3213480578,W2402037466,1,actual_openalex_reference,test,openalex_social_sciences_200
W3213480578,W2525418795,1,actual_openalex_reference,test,openalex_social_sciences_200
W3213480578,W2551738295,1,actual_openalex_reference,test,openalex_social_sciences_200
W3213480578,W2588044584,1,actual_openalex_reference,test,openalex_social_sciences_200
W3213480578,W2686406350,1,actual_openalex_reference,test,openalex_social_sciences_200
W3213480578,W2995351349,1,actual_openalex_reference,test,openalex_social_sciences_200
W3213480578,W3014869459,1,actual_openalex_reference,test,openalex_social_sciences_200
W3213480578,W3039440668,1,actual_openalex_reference,test,openalex_social_sciences_200
W3213480578,W3042888055,1,actual_openalex_reference,test,openalex_social_sciences_200
W3213480578,W3047470680,1,actual_openalex_reference,test,openalex_social_sciences_200
W3213480578,W3113822425,1,actual_openalex_reference,test,openalex_social_sciences_200
W3213480578,W3114079978,1,actual_openalex_reference,test,openalex_social_sciences_200
W3213480578,W3136860893,1,actual_openalex_reference,test,openalex_social_sciences_200
W3213480578,W3156359962,1,actual_openalex_reference,test,openalex_social_sciences_200
W3213480578,W3164728602,1,actual_openalex_reference,test,openalex_social_sciences_200
W3213480578,W3179137922,1,actual_openalex_reference,test,openalex_social_sciences_200
W3213480578,W3186076705,1,actual_openalex_reference,test,openalex_social_sciences_200
W3213480578,W3213480578,1,actual_openalex_reference,test,openalex_social_sciences_200
W586620410,W30488914,1,actual_openalex_reference,test,openalex_social_sciences_200
W586620410,W1447193915,1,actual_openalex_reference,test,openalex_social_sciences_200
W586620410,W1611285106,1,actual_openalex_reference,test,openalex_social_sciences_200
W586620410,W1909090923,1,actual_openalex_reference,test,openalex_social_sciences_200
W586620410,W1972449916,1,actual_openalex_reference,test,openalex_social_sciences_200
W586620410,W1982987787,1,actual_openalex_reference,test,openalex_social_sciences_200
W586620410,W2068453885,1,actual_openalex_reference,test,openalex_social_sciences_200
W586620410,W2074340290,1,actual_openalex_reference,test,openalex_social_sciences_200
W586620410,W2079603815,1,actual_openalex_reference,test,openalex_social_sciences_200
W586620410,W2107092866,1,actual_openalex_reference,test,openalex_social_sciences_200
W586620410,W2107458670,1,actual_openalex_reference,test,openalex_social_sciences_200
W586620410,W2113962503,1,actual_openalex_reference,test,openalex_social_sciences_200
W586620410,W2115753848,1,actual_openalex_reference,test,openalex_social_sciences_200
W586620410,W2131158433,1,actual_openalex_reference,test,openalex_social_sciences_200
W586620410,W2160316953,1,actual_openalex_reference,test,openalex_social_sciences_200
W586620410,W2175105112,1,actual_openalex_reference,test,openalex_social_sciences_200
W586620410,W2318854472,1,actual_openalex_reference,test,openalex_social_sciences_200
W586620410,W2337108998,1,actual_openalex_reference,test,openalex_social_sciences_200
W586620410,W2478857618,1,actual_openalex_reference,test,openalex_social_sciences_200
W586620410,W2558760984,1,actual_openalex_reference,test,openalex_social_sciences_200
W586620410,W2597462034,1,actual_openalex_reference,test,openalex_social_sciences_200
W586620410,W2616024586,1,actual_openalex_reference,test,openalex_social_sciences_200
W586620410,W2743022443,1,actual_openalex_reference,test,openalex_social_sciences_200
W586620410,W2745478605,1,actual_openalex_reference,test,openalex_social_sciences_200
W586620410,W2766539348,1,actual_openalex_reference,test,openalex_social_sciences_200
W586620410,W2782542781,1,actual_openalex_reference,test,openalex_social_sciences_200
W586620410,W2788024510,1,actual_openalex_reference,test,openalex_social_sciences_200
W586620410,W2800182596,1,actual_openalex_reference,test,openalex_social_sciences_200
W586620410,W2890275114,1,actual_openalex_reference,test,openalex_social_sciences_200
W586620410,W2976508126,1,actual_openalex_reference,test,openalex_social_sciences_200
W586620410,W4211227187,1,actual_openalex_reference,test,openalex_social_sciences_200
W2974886010,W1487827885,1,actual_openalex_reference,test,openalex_social_sciences_200
W2974886010,W1495318895,1,actual_openalex_reference,test,openalex_social_sciences_200
W2974886010,W1546133073,1,actual_openalex_reference,test,openalex_social_sciences_200
W2974886010,W1565343885,1,actual_openalex_reference,test,openalex_social_sciences_200
W2974886010,W1964041459,1,actual_openalex_reference,test,openalex_social_sciences_200
W2974886010,W1965471694,1,actual_openalex_reference,test,openalex_social_sciences_200
W2974886010,W1967896642,1,actual_openalex_reference,test,openalex_social_sciences_200
W2974886010,W1968984701,1,actual_openalex_reference,test,openalex_social_sciences_200
W2974886010,W1971440513,1,actual_openalex_reference,test,openalex_social_sciences_200
W2974886010,W1975085795,1,actual_openalex_reference,test,openalex_social_sciences_200
W2974886010,W1982794871,1,actual_openalex_reference,test,openalex_social_sciences_200
W2974886010,W1984131533,1,actual_openalex_reference,test,openalex_social_sciences_200
W2974886010,W1990112754,1,actual_openalex_reference,test,openalex_social_sciences_200
W2974886010,W1995505195,1,actual_openalex_reference,test,openalex_social_sciences_200
W2974886010,W2001866095,1,actual_openalex_reference,test,openalex_social_sciences_200
W2974886010,W2012323415,1,actual_openalex_reference,test,openalex_social_sciences_200
W2974886010,W2034311828,1,actual_openalex_reference,test,openalex_social_sciences_200
W2974886010,W2046005182,1,actual_openalex_reference,test,openalex_social_sciences_200
W2974886010,W2074035178,1,actual_openalex_reference,test,openalex_social_sciences_200
W2974886010,W2077217796,1,actual_openalex_reference,test,openalex_social_sciences_200
W2974886010,W2079249736,1,actual_openalex_reference,test,openalex_social_sciences_200
W2974886010,W2098052807,1,actual_openalex_reference,test,openalex_social_sciences_200
W2974886010,W2105652625,1,actual_openalex_reference,test,openalex_social_sciences_200
W2974886010,W2108211519,1,actual_openalex_reference,test,openalex_social_sciences_200
W2974886010,W2111647798,1,actual_openalex_reference,test,openalex_social_sciences_200
W2974886010,W2115947009,1,actual_openalex_reference,test,openalex_social_sciences_200
W2974886010,W2121029256,1,actual_openalex_reference,test,openalex_social_sciences_200
W2974886010,W2126524059,1,actual_openalex_reference,test,openalex_social_sciences_200
W2974886010,W2126977473,1,actual_openalex_reference,test,openalex_social_sciences_200
W2974886010,W2128197797,1,actual_openalex_reference,test,openalex_social_sciences_200
W2974886010,W2145991719,1,actual_openalex_reference,test,openalex_social_sciences_200
W2974886010,W2146145775,1,actual_openalex_reference,test,openalex_social_sciences_200
W2974886010,W2148588303,1,actual_openalex_reference,test,openalex_social_sciences_200
W2974886010,W2149602098,1,actual_openalex_reference,test,openalex_social_sciences_200
W2974886010,W2159267607,1,actual_openalex_reference,test,openalex_social_sciences_200
W2974886010,W2166604127,1,actual_openalex_reference,test,openalex_social_sciences_200
W2974886010,W2169225399,1,actual_openalex_reference,test,openalex_social_sciences_200
W2974886010,W2169564213,1,actual_openalex_reference,test,openalex_social_sciences_200
W2974886010,W2171736972,1,actual_openalex_reference,test,openalex_social_sciences_200
W2974886010,W2290223690,1,actual_openalex_reference,test,openalex_social_sciences_200
W2974886010,W2336963801,1,actual_openalex_reference,test,openalex_social_sciences_200
W2974886010,W2391957385,1,actual_openalex_reference,test,openalex_social_sciences_200
W2974886010,W2467741481,1,actual_openalex_reference,test,openalex_social_sciences_200
W2974886010,W2509139946,1,actual_openalex_reference,test,openalex_social_sciences_200
W2974886010,W2518165160,1,actual_openalex_reference,test,openalex_social_sciences_200
W2974886010,W2587086608,1,actual_openalex_reference,test,openalex_social_sciences_200
W2974886010,W2587906766,1,actual_openalex_reference,test,openalex_social_sciences_200
W2974886010,W2756184230,1,actual_openalex_reference,test,openalex_social_sciences_200
W2974886010,W2765740343,1,actual_openalex_reference,test,openalex_social_sciences_200
W2974886010,W2766790283,1,actual_openalex_reference,test,openalex_social_sciences_200
W2974886010,W2768044062,1,actual_openalex_reference,test,openalex_social_sciences_200
W2974886010,W2794420435,1,actual_openalex_reference,test,openalex_social_sciences_200
W2974886010,W3022471997,1,actual_openalex_reference,test,openalex_social_sciences_200
W2974886010,W3123534837,1,actual_openalex_reference,test,openalex_social_sciences_200
W2974886010,W3124133911,1,actual_openalex_reference,test,openalex_social_sciences_200
W2974886010,W4239351058,1,actual_openalex_reference,test,openalex_social_sciences_200
W2974886010,W4243577287,1,actual_openalex_reference,test,openalex_social_sciences_200
W2974886010,W4251501134,1,actual_openalex_reference,test,openalex_social_sciences_200
W2974886010,W4252557004,1,actual_openalex_reference,test,openalex_social_sciences_200
W3200310153,W1977356102,1,actual_openalex_reference,test,openalex_social_sciences_200
W3200310153,W1986452919,1,actual_openalex_reference,test,openalex_social_sciences_200
W3200310153,W2007920459,1,actual_openalex_reference,test,openalex_social_sciences_200
W3200310153,W2086494849,1,actual_openalex_reference,test,openalex_social_sciences_200
W3200310153,W2103531847,1,actual_openalex_reference,test,openalex_social_sciences_200
W3200310153,W2139978749,1,actual_openalex_reference,test,openalex_social_sciences_200
W3200310153,W2140813919,1,actual_openalex_reference,test,openalex_social_sciences_200
W3200310153,W2149520412,1,actual_openalex_reference,test,openalex_social_sciences_200
W3200310153,W2164495217,1,actual_openalex_reference,test,openalex_social_sciences_200
W3200310153,W2321244360,1,actual_openalex_reference,test,openalex_social_sciences_200
W3200310153,W2557731907,1,actual_openalex_reference,test,openalex_social_sciences_200
W3200310153,W2897027017,1,actual_openalex_reference,test,openalex_social_sciences_200
W3200310153,W2913827157,1,actual_openalex_reference,test,openalex_social_sciences_200
W3200310153,W2961898169,1,actual_openalex_reference,test,openalex_social_sciences_200
W3044009144,W1510505331,1,actual_openalex_reference,test,openalex_social_sciences_200
W3044009144,W1510669724,1,actual_openalex_reference,test,openalex_social_sciences_200
W3044009144,W1548920204,1,actual_openalex_reference,test,openalex_social_sciences_200
W3044009144,W1608267803,1,actual_openalex_reference,test,openalex_social_sciences_200
W3044009144,W1967816355,1,actual_openalex_reference,test,openalex_social_sciences_200
W3044009144,W1973723519,1,actual_openalex_reference,test,openalex_social_sciences_200
W3044009144,W1982309874,1,actual_openalex_reference,test,openalex_social_sciences_200
W3044009144,W2002630533,1,actual_openalex_reference,test,openalex_social_sciences_200
W3044009144,W2005436104,1,actual_openalex_reference,test,openalex_social_sciences_200
W3044009144,W2062944170,1,actual_openalex_reference,test,openalex_social_sciences_200
W3044009144,W2067516326,1,actual_openalex_reference,test,openalex_social_sciences_200
W3044009144,W2068834730,1,actual_openalex_reference,test,openalex_social_sciences_200
W3044009144,W2105457215,1,actual_openalex_reference,test,openalex_social_sciences_200
W3044009144,W2166859023,1,actual_openalex_reference,test,openalex_social_sciences_200
W3044009144,W2167585349,1,actual_openalex_reference,test,openalex_social_sciences_200
W3044009144,W2171996799,1,actual_openalex_reference,test,openalex_social_sciences_200
W3044009144,W2491447636,1,actual_openalex_reference,test,openalex_social_sciences_200
W3044009144,W2501418599,1,actual_openalex_reference,test,openalex_social_sciences_200
W3044009144,W2784158415,1,actual_openalex_reference,test,openalex_social_sciences_200
W3044009144,W2897751447,1,actual_openalex_reference,test,openalex_social_sciences_200
W3044009144,W2948843818,1,actual_openalex_reference,test,openalex_social_sciences_200
W3044009144,W2989140875,1,actual_openalex_reference,test,openalex_social_sciences_200
W3044009144,W3121437958,1,actual_openalex_reference,test,openalex_social_sciences_200
W3044009144,W3122011805,1,actual_openalex_reference,test,openalex_social_sciences_200
W3044009144,W3122800909,1,actual_openalex_reference,test,openalex_social_sciences_200
W3044009144,W4210722614,1,actual_openalex_reference,test,openalex_social_sciences_200
W3044009144,W4297974475,1,actual_openalex_reference,test,openalex_social_sciences_200
W3182296677,W2108213987,1,actual_openalex_reference,test,openalex_social_sciences_200
W3182296677,W2156785301,1,actual_openalex_reference,test,openalex_social_sciences_200
W3182296677,W2921607558,1,actual_openalex_reference,test,openalex_social_sciences_200
W3182296677,W3015658132,1,actual_openalex_reference,test,openalex_social_sciences_200
W3182296677,W3020983944,1,actual_openalex_reference,test,openalex_social_sciences_200
W3182296677,W3034334814,1,actual_openalex_reference,test,openalex_social_sciences_200
W3182296677,W3044545080,1,actual_openalex_reference,test,openalex_social_sciences_200
W3182296677,W4247077535,1,actual_openalex_reference,test,openalex_social_sciences_200
W3163991445,W1975703143,1,actual_openalex_reference,test,openalex_social_sciences_200
W3163991445,W2112370650,1,actual_openalex_reference,test,openalex_social_sciences_200
W3163991445,W2118199904,1,actual_openalex_reference,test,openalex_social_sciences_200
W3163991445,W2150427162,1,actual_openalex_reference,test,openalex_social_sciences_200
W3163991445,W2161659211,1,actual_openalex_reference,test,openalex_social_sciences_200
W3163991445,W2167152478,1,actual_openalex_reference,test,openalex_social_sciences_200
W3163991445,W2171820889,1,actual_openalex_reference,test,openalex_social_sciences_200
W3163991445,W2229843497,1,actual_openalex_reference,test,openalex_social_sciences_200
W3163991445,W2257326216,1,actual_openalex_reference,test,openalex_social_sciences_200
W3163991445,W2515829806,1,actual_openalex_reference,test,openalex_social_sciences_200
W3163991445,W2774262978,1,actual_openalex_reference,test,openalex_social_sciences_200
W3163991445,W2792964958,1,actual_openalex_reference,test,openalex_social_sciences_200
W3163991445,W3038513940,1,actual_openalex_reference,test,openalex_social_sciences_200
W3163991445,W3122193054,1,actual_openalex_reference,test,openalex_social_sciences_200
W3163991445,W3159499145,1,actual_openalex_reference,test,openalex_social_sciences_200
W3163991445,W4254878055,1,actual_openalex_reference,test,openalex_social_sciences_200
W4200196977,W1965672643,1,actual_openalex_reference,test,openalex_social_sciences_200
W4200196977,W1970930106,1,actual_openalex_reference,test,openalex_social_sciences_200
W4200196977,W2004270298,1,actual_openalex_reference,test,openalex_social_sciences_200
W4200196977,W2026809881,1,actual_openalex_reference,test,openalex_social_sciences_200
W4200196977,W2039194134,1,actual_openalex_reference,test,openalex_social_sciences_200
W4200196977,W2039616268,1,actual_openalex_reference,test,openalex_social_sciences_200
W4200196977,W2074012574,1,actual_openalex_reference,test,openalex_social_sciences_200
W4200196977,W2087455800,1,actual_openalex_reference,test,openalex_social_sciences_200
W4200196977,W2336108994,1,actual_openalex_reference,test,openalex_social_sciences_200
W4200196977,W2414702772,1,actual_openalex_reference,test,openalex_social_sciences_200
W4200196977,W2903122319,1,actual_openalex_reference,test,openalex_social_sciences_200
W4200196977,W2916924171,1,actual_openalex_reference,test,openalex_social_sciences_200
W4200196977,W2956221610,1,actual_openalex_reference,test,openalex_social_sciences_200
W4200196977,W3004578939,1,actual_openalex_reference,test,openalex_social_sciences_200
W4200196977,W3150872180,1,actual_openalex_reference,test,openalex_social_sciences_200
W4200196977,W4301730346,1,actual_openalex_reference,test,openalex_social_sciences_200
W4200196977,W4388166390,1,actual_openalex_reference,test,openalex_social_sciences_200
W3162543807,W168197112,1,actual_openalex_reference,test,openalex_social_sciences_200
W3162543807,W272410784,1,actual_openalex_reference,test,openalex_social_sciences_200
W3162543807,W334507053,1,actual_openalex_reference,test,openalex_social_sciences_200
W3162543807,W1847958420,1,actual_openalex_reference,test,openalex_social_sciences_200
W3162543807,W1967168195,1,actual_openalex_reference,test,openalex_social_sciences_200
W3162543807,W1977483332,1,actual_openalex_reference,test,openalex_social_sciences_200
W3162543807,W1984115673,1,actual_openalex_reference,test,openalex_social_sciences_200
W3162543807,W1999167944,1,actual_openalex_reference,test,openalex_social_sciences_200
W3162543807,W2010408893,1,actual_openalex_reference,test,openalex_social_sciences_200
W3162543807,W2011172010,1,actual_openalex_reference,test,openalex_social_sciences_200
W3162543807,W2017978957,1,actual_openalex_reference,test,openalex_social_sciences_200
W3162543807,W2028812115,1,actual_openalex_reference,test,openalex_social_sciences_200
W3162543807,W2037974166,1,actual_openalex_reference,test,openalex_social_sciences_200
W3162543807,W2042954664,1,actual_openalex_reference,test,openalex_social_sciences_200
W3162543807,W2059178933,1,actual_openalex_reference,test,openalex_social_sciences_200
W3162543807,W2070449412,1,actual_openalex_reference,test,openalex_social_sciences_200
W3162543807,W2072978290,1,actual_openalex_reference,test,openalex_social_sciences_200
W3162543807,W2095235209,1,actual_openalex_reference,test,openalex_social_sciences_200
W3162543807,W2115261757,1,actual_openalex_reference,test,openalex_social_sciences_200
W3162543807,W2166038579,1,actual_openalex_reference,test,openalex_social_sciences_200
W3162543807,W2168228836,1,actual_openalex_reference,test,openalex_social_sciences_200
W3162543807,W2320843687,1,actual_openalex_reference,test,openalex_social_sciences_200
W3162543807,W2463264495,1,actual_openalex_reference,test,openalex_social_sciences_200
W3162543807,W2602307322,1,actual_openalex_reference,test,openalex_social_sciences_200
W3162543807,W2737702253,1,actual_openalex_reference,test,openalex_social_sciences_200
W3162543807,W2762229750,1,actual_openalex_reference,test,openalex_social_sciences_200
W3162543807,W2786580769,1,actual_openalex_reference,test,openalex_social_sciences_200
W3162543807,W2887472261,1,actual_openalex_reference,test,openalex_social_sciences_200
W3162543807,W2898590978,1,actual_openalex_reference,test,openalex_social_sciences_200
W3162543807,W2900413657,1,actual_openalex_reference,test,openalex_social_sciences_200
W3162543807,W3120106258,1,actual_openalex_reference,test,openalex_social_sciences_200
W3162543807,W3209330782,1,actual_openalex_reference,test,openalex_social_sciences_200
W3121110754,W561270475,1,actual_openalex_reference,test,openalex_social_sciences_200
W3121110754,W566027822,1,actual_openalex_reference,test,openalex_social_sciences_200
W3121110754,W1487029283,1,actual_openalex_reference,test,openalex_social_sciences_200
W3121110754,W1498084690,1,actual_openalex_reference,test,openalex_social_sciences_200
W3121110754,W1548364129,1,actual_openalex_reference,test,openalex_social_sciences_200
W3121110754,W1550002899,1,actual_openalex_reference,test,openalex_social_sciences_200
W3121110754,W1559999765,1,actual_openalex_reference,test,openalex_social_sciences_200
W3121110754,W1571714625,1,actual_openalex_reference,test,openalex_social_sciences_200
W3121110754,W1577498378,1,actual_openalex_reference,test,openalex_social_sciences_200
W3121110754,W1588678710,1,actual_openalex_reference,test,openalex_social_sciences_200
W3121110754,W1973565152,1,actual_openalex_reference,test,openalex_social_sciences_200
W3121110754,W1977695504,1,actual_openalex_reference,test,openalex_social_sciences_200
W3121110754,W1994743485,1,actual_openalex_reference,test,openalex_social_sciences_200
W3121110754,W1996900403,1,actual_openalex_reference,test,openalex_social_sciences_200
W3121110754,W2026888811,1,actual_openalex_reference,test,openalex_social_sciences_200
W3121110754,W2030904665,1,actual_openalex_reference,test,openalex_social_sciences_200
W3121110754,W2037818241,1,actual_openalex_reference,test,openalex_social_sciences_200
W3121110754,W2038517098,1,actual_openalex_reference,test,openalex_social_sciences_200
W3121110754,W2047833308,1,actual_openalex_reference,test,openalex_social_sciences_200
W3121110754,W2098617139,1,actual_openalex_reference,test,openalex_social_sciences_200
W3121110754,W2105013571,1,actual_openalex_reference,test,openalex_social_sciences_200
W3121110754,W2159380720,1,actual_openalex_reference,test,openalex_social_sciences_200
W3121110754,W2167329872,1,actual_openalex_reference,test,openalex_social_sciences_200
W3121110754,W2168078969,1,actual_openalex_reference,test,openalex_social_sciences_200
W3121110754,W2173222745,1,actual_openalex_reference,test,openalex_social_sciences_200
W3121110754,W2522848763,1,actual_openalex_reference,test,openalex_social_sciences_200
W3121110754,W2611988011,1,actual_openalex_reference,test,openalex_social_sciences_200
W3121110754,W2622662596,1,actual_openalex_reference,test,openalex_social_sciences_200
W3121110754,W2790359892,1,actual_openalex_reference,test,openalex_social_sciences_200
W3121110754,W2799510955,1,actual_openalex_reference,test,openalex_social_sciences_200
W3121110754,W2801494539,1,actual_openalex_reference,test,openalex_social_sciences_200
W3121110754,W2898181356,1,actual_openalex_reference,test,openalex_social_sciences_200
W3121110754,W2905010659,1,actual_openalex_reference,test,openalex_social_sciences_200
W3121110754,W2912752131,1,actual_openalex_reference,test,openalex_social_sciences_200
W3121110754,W2916730484,1,actual_openalex_reference,test,openalex_social_sciences_200
W3121110754,W2921747699,1,actual_openalex_reference,test,openalex_social_sciences_200
W3121110754,W2968354969,1,actual_openalex_reference,test,openalex_social_sciences_200
W3121110754,W2981716084,1,actual_openalex_reference,test,openalex_social_sciences_200
W3121110754,W2982546459,1,actual_openalex_reference,test,openalex_social_sciences_200
W3121110754,W3013031329,1,actual_openalex_reference,test,openalex_social_sciences_200
W3121110754,W3021346060,1,actual_openalex_reference,test,openalex_social_sciences_200
W3121110754,W3048364595,1,actual_openalex_reference,test,openalex_social_sciences_200
W3121110754,W3087756922,1,actual_openalex_reference,test,openalex_social_sciences_200
W3121110754,W3096475645,1,actual_openalex_reference,test,openalex_social_sciences_200
W3121110754,W3171491312,1,actual_openalex_reference,test,openalex_social_sciences_200
W3121110754,W4245349123,1,actual_openalex_reference,test,openalex_social_sciences_200
W2613076261,W1718529027,1,actual_openalex_reference,test,openalex_social_sciences_200
W2613076261,W1744437165,1,actual_openalex_reference,test,openalex_social_sciences_200
W2613076261,W1892004127,1,actual_openalex_reference,test,openalex_social_sciences_200
W2613076261,W1903899172,1,actual_openalex_reference,test,openalex_social_sciences_200
W2613076261,W1964890797,1,actual_openalex_reference,test,openalex_social_sciences_200
W2613076261,W1984524168,1,actual_openalex_reference,test,openalex_social_sciences_200
W2613076261,W1993343164,1,actual_openalex_reference,test,openalex_social_sciences_200
W2613076261,W2096186745,1,actual_openalex_reference,test,openalex_social_sciences_200
W2613076261,W2110156683,1,actual_openalex_reference,test,openalex_social_sciences_200
W2613076261,W2118836230,1,actual_openalex_reference,test,openalex_social_sciences_200
W2613076261,W2131785703,1,actual_openalex_reference,test,openalex_social_sciences_200
W2613076261,W2146584428,1,actual_openalex_reference,test,openalex_social_sciences_200
W2613076261,W2148477108,1,actual_openalex_reference,test,openalex_social_sciences_200
W2613076261,W2156043082,1,actual_openalex_reference,test,openalex_social_sciences_200
W2613076261,W2282469724,1,actual_openalex_reference,test,openalex_social_sciences_200
W2613076261,W2891445448,1,actual_openalex_reference,test,openalex_social_sciences_200
W2613076261,W3125877871,1,actual_openalex_reference,test,openalex_social_sciences_200
W2613076261,W3125910961,1,actual_openalex_reference,test,openalex_social_sciences_200
W3127561137,W1985305208,1,actual_openalex_reference,test,openalex_social_sciences_200
W3127561137,W2078831478,1,actual_openalex_reference,test,openalex_social_sciences_200
W3127561137,W2126741666,1,actual_openalex_reference,test,openalex_social_sciences_200
W3127561137,W2153618633,1,actual_openalex_reference,test,openalex_social_sciences_200
W3127561137,W2167181457,1,actual_openalex_reference,test,openalex_social_sciences_200
W3127561137,W2754942810,1,actual_openalex_reference,test,openalex_social_sciences_200
W3127561137,W2809672241,1,actual_openalex_reference,test,openalex_social_sciences_200
W3127561137,W2900211783,1,actual_openalex_reference,test,openalex_social_sciences_200
W3127561137,W2921935777,1,actual_openalex_reference,test,openalex_social_sciences_200
W3127561137,W3014451462,1,actual_openalex_reference,test,openalex_social_sciences_200
W3127561137,W3045740739,1,actual_openalex_reference,test,openalex_social_sciences_200
W3127561137,W3123223435,1,actual_openalex_reference,test,openalex_social_sciences_200
W3127561137,W3141714916,1,actual_openalex_reference,test,openalex_social_sciences_200
W3127561137,W4242286335,1,actual_openalex_reference,test,openalex_social_sciences_200
W3201442095,W46636160,1,actual_openalex_reference,test,openalex_social_sciences_200
W3201442095,W1553018322,1,actual_openalex_reference,test,openalex_social_sciences_200
W3201442095,W1588454345,1,actual_openalex_reference,test,openalex_social_sciences_200
W3201442095,W1985288314,1,actual_openalex_reference,test,openalex_social_sciences_200
W3201442095,W2091263214,1,actual_openalex_reference,test,openalex_social_sciences_200
W3201442095,W2101090399,1,actual_openalex_reference,test,openalex_social_sciences_200
W3201442095,W2110218280,1,actual_openalex_reference,test,openalex_social_sciences_200
W3201442095,W2134522717,1,actual_openalex_reference,test,openalex_social_sciences_200
W3201442095,W2169146843,1,actual_openalex_reference,test,openalex_social_sciences_200
W3201442095,W2187432511,1,actual_openalex_reference,test,openalex_social_sciences_200
W3201442095,W2368845658,1,actual_openalex_reference,test,openalex_social_sciences_200
W3201442095,W2767566183,1,actual_openalex_reference,test,openalex_social_sciences_200
W3201442095,W2794284321,1,actual_openalex_reference,test,openalex_social_sciences_200
W3201442095,W3127465909,1,actual_openalex_reference,test,openalex_social_sciences_200
W3201442095,W3134610656,1,actual_openalex_reference,test,openalex_social_sciences_200
W3201442095,W3138852327,1,actual_openalex_reference,test,openalex_social_sciences_200
W3201442095,W3170353308,1,actual_openalex_reference,test,openalex_social_sciences_200
W3201442095,W4210990419,1,actual_openalex_reference,test,openalex_social_sciences_200
W3201442095,W4320508356,1,actual_openalex_reference,test,openalex_social_sciences_200
W2999207638,W28463535,1,actual_openalex_reference,test,openalex_social_sciences_200
W2999207638,W28957472,1,actual_openalex_reference,test,openalex_social_sciences_200
W2999207638,W376620675,1,actual_openalex_reference,test,openalex_social_sciences_200
W2999207638,W634851854,1,actual_openalex_reference,test,openalex_social_sciences_200
W2999207638,W1989261819,1,actual_openalex_reference,test,openalex_social_sciences_200
W2999207638,W2013778584,1,actual_openalex_reference,test,openalex_social_sciences_200
W2999207638,W2032533433,1,actual_openalex_reference,test,openalex_social_sciences_200
W2999207638,W2035185100,1,actual_openalex_reference,test,openalex_social_sciences_200
W2999207638,W2037786765,1,actual_openalex_reference,test,openalex_social_sciences_200
W2999207638,W2047939740,1,actual_openalex_reference,test,openalex_social_sciences_200
W2999207638,W2061173999,1,actual_openalex_reference,test,openalex_social_sciences_200
W2999207638,W2083207744,1,actual_openalex_reference,test,openalex_social_sciences_200
W2999207638,W2091975008,1,actual_openalex_reference,test,openalex_social_sciences_200
W2999207638,W2099516353,1,actual_openalex_reference,test,openalex_social_sciences_200
W2999207638,W2100952198,1,actual_openalex_reference,test,openalex_social_sciences_200
W2999207638,W2112828695,1,actual_openalex_reference,test,openalex_social_sciences_200
W2999207638,W2119085303,1,actual_openalex_reference,test,openalex_social_sciences_200
W2999207638,W2124727181,1,actual_openalex_reference,test,openalex_social_sciences_200
W2999207638,W2135115883,1,actual_openalex_reference,test,openalex_social_sciences_200
W2999207638,W2136400484,1,actual_openalex_reference,test,openalex_social_sciences_200
W2999207638,W2141128464,1,actual_openalex_reference,test,openalex_social_sciences_200
W2999207638,W2146020557,1,actual_openalex_reference,test,openalex_social_sciences_200
W2999207638,W2148280455,1,actual_openalex_reference,test,openalex_social_sciences_200
W2999207638,W2149170403,1,actual_openalex_reference,test,openalex_social_sciences_200
W2999207638,W2173566375,1,actual_openalex_reference,test,openalex_social_sciences_200
W2999207638,W2611135094,1,actual_openalex_reference,test,openalex_social_sciences_200
W2999207638,W2699010018,1,actual_openalex_reference,test,openalex_social_sciences_200
W2999207638,W2773724138,1,actual_openalex_reference,test,openalex_social_sciences_200
W2999207638,W3121323716,1,actual_openalex_reference,test,openalex_social_sciences_200
W2999207638,W3121720231,1,actual_openalex_reference,test,openalex_social_sciences_200
W2999207638,W4302954721,1,actual_openalex_reference,test,openalex_social_sciences_200
W2972836165,W47529656,1,actual_openalex_reference,test,openalex_social_sciences_200
W2972836165,W390171974,1,actual_openalex_reference,test,openalex_social_sciences_200
W2972836165,W1820058308,1,actual_openalex_reference,test,openalex_social_sciences_200
W2972836165,W1978097053,1,actual_openalex_reference,test,openalex_social_sciences_200
W2972836165,W1986678282,1,actual_openalex_reference,test,openalex_social_sciences_200
W2972836165,W1987595213,1,actual_openalex_reference,test,openalex_social_sciences_200
W2972836165,W2001442493,1,actual_openalex_reference,test,openalex_social_sciences_200
W2972836165,W2014937241,1,actual_openalex_reference,test,openalex_social_sciences_200
W2972836165,W2017176583,1,actual_openalex_reference,test,openalex_social_sciences_200
W2972836165,W2031328405,1,actual_openalex_reference,test,openalex_social_sciences_200
W2972836165,W2039551283,1,actual_openalex_reference,test,openalex_social_sciences_200
W2972836165,W2041123761,1,actual_openalex_reference,test,openalex_social_sciences_200
W2972836165,W2044868209,1,actual_openalex_reference,test,openalex_social_sciences_200
W2972836165,W2052830303,1,actual_openalex_reference,test,openalex_social_sciences_200
W2972836165,W2054938163,1,actual_openalex_reference,test,openalex_social_sciences_200
W2972836165,W2062107286,1,actual_openalex_reference,test,openalex_social_sciences_200
W2972836165,W2064601539,1,actual_openalex_reference,test,openalex_social_sciences_200
W2972836165,W2079652307,1,actual_openalex_reference,test,openalex_social_sciences_200
W2972836165,W2086029004,1,actual_openalex_reference,test,openalex_social_sciences_200
W2972836165,W2093101760,1,actual_openalex_reference,test,openalex_social_sciences_200
W2972836165,W2108587980,1,actual_openalex_reference,test,openalex_social_sciences_200
W2972836165,W2108872942,1,actual_openalex_reference,test,openalex_social_sciences_200
W2972836165,W2109826195,1,actual_openalex_reference,test,openalex_social_sciences_200
W2972836165,W2113042031,1,actual_openalex_reference,test,openalex_social_sciences_200
W2972836165,W2113520667,1,actual_openalex_reference,test,openalex_social_sciences_200
W2972836165,W2116196812,1,actual_openalex_reference,test,openalex_social_sciences_200
W2972836165,W2116545334,1,actual_openalex_reference,test,openalex_social_sciences_200
W2972836165,W2148939272,1,actual_openalex_reference,test,openalex_social_sciences_200
W2972836165,W2152810040,1,actual_openalex_reference,test,openalex_social_sciences_200
W2972836165,W2171630644,1,actual_openalex_reference,test,openalex_social_sciences_200
W2972836165,W2240187500,1,actual_openalex_reference,test,openalex_social_sciences_200
W2972836165,W2335988789,1,actual_openalex_reference,test,openalex_social_sciences_200
W2972836165,W2337463515,1,actual_openalex_reference,test,openalex_social_sciences_200
W2972836165,W2338397439,1,actual_openalex_reference,test,openalex_social_sciences_200
W2972836165,W2339288052,1,actual_openalex_reference,test,openalex_social_sciences_200
W2972836165,W2357753384,1,actual_openalex_reference,test,openalex_social_sciences_200
W2972836165,W2462078979,1,actual_openalex_reference,test,openalex_social_sciences_200
W2972836165,W2473708800,1,actual_openalex_reference,test,openalex_social_sciences_200
W2972836165,W2491462390,1,actual_openalex_reference,test,openalex_social_sciences_200
W2972836165,W2514471287,1,actual_openalex_reference,test,openalex_social_sciences_200
W2972836165,W2528814041,1,actual_openalex_reference,test,openalex_social_sciences_200
W2972836165,W2588039815,1,actual_openalex_reference,test,openalex_social_sciences_200
W2972836165,W2594807291,1,actual_openalex_reference,test,openalex_social_sciences_200
W2972836165,W2735836912,1,actual_openalex_reference,test,openalex_social_sciences_200
W2972836165,W2736968960,1,actual_openalex_reference,test,openalex_social_sciences_200
W2972836165,W2761811773,1,actual_openalex_reference,test,openalex_social_sciences_200
W2972836165,W2889153773,1,actual_openalex_reference,test,openalex_social_sciences_200
W2972836165,W2897454619,1,actual_openalex_reference,test,openalex_social_sciences_200
W2972836165,W4242513519,1,actual_openalex_reference,test,openalex_social_sciences_200
W2972836165,W4246704503,1,actual_openalex_reference,test,openalex_social_sciences_200
W2976289026,W150416538,1,actual_openalex_reference,test,openalex_social_sciences_200
W2976289026,W636804571,1,actual_openalex_reference,test,openalex_social_sciences_200
W2976289026,W1988600051,1,actual_openalex_reference,test,openalex_social_sciences_200
W2976289026,W2006967425,1,actual_openalex_reference,test,openalex_social_sciences_200
W2976289026,W2020636142,1,actual_openalex_reference,test,openalex_social_sciences_200
W2976289026,W2027857771,1,actual_openalex_reference,test,openalex_social_sciences_200
W2976289026,W2083908732,1,actual_openalex_reference,test,openalex_social_sciences_200
W2976289026,W2091761046,1,actual_openalex_reference,test,openalex_social_sciences_200
W2976289026,W2117621457,1,actual_openalex_reference,test,openalex_social_sciences_200
W2976289026,W2136266593,1,actual_openalex_reference,test,openalex_social_sciences_200
W2976289026,W2497623789,1,actual_openalex_reference,test,openalex_social_sciences_200
W2976289026,W2546526599,1,actual_openalex_reference,test,openalex_social_sciences_200
W2976289026,W2559337221,1,actual_openalex_reference,test,openalex_social_sciences_200
W2976289026,W2784227120,1,actual_openalex_reference,test,openalex_social_sciences_200
W2976289026,W2796979014,1,actual_openalex_reference,test,openalex_social_sciences_200
W2976289026,W2888922789,1,actual_openalex_reference,test,openalex_social_sciences_200
W2976289026,W2902597525,1,actual_openalex_reference,test,openalex_social_sciences_200
W2976289026,W4238014541,1,actual_openalex_reference,test,openalex_social_sciences_200
W2981766877,W1539612544,1,actual_openalex_reference,test,openalex_social_sciences_200
W2981766877,W1610612296,1,actual_openalex_reference,test,openalex_social_sciences_200
W2981766877,W1672204169,1,actual_openalex_reference,test,openalex_social_sciences_200
W2981766877,W1823398460,1,actual_openalex_reference,test,openalex_social_sciences_200
W2981766877,W1938359089,1,actual_openalex_reference,test,openalex_social_sciences_200
W2981766877,W1963547212,1,actual_openalex_reference,test,openalex_social_sciences_200
W2981766877,W1994662695,1,actual_openalex_reference,test,openalex_social_sciences_200
W2981766877,W2006258291,1,actual_openalex_reference,test,openalex_social_sciences_200
W2981766877,W2016702607,1,actual_openalex_reference,test,openalex_social_sciences_200
W2981766877,W2023400423,1,actual_openalex_reference,test,openalex_social_sciences_200
W2981766877,W2035803545,1,actual_openalex_reference,test,openalex_social_sciences_200
W2981766877,W2036927315,1,actual_openalex_reference,test,openalex_social_sciences_200
W2981766877,W2044825342,1,actual_openalex_reference,test,openalex_social_sciences_200
W2981766877,W2064958926,1,actual_openalex_reference,test,openalex_social_sciences_200
W2981766877,W2084456360,1,actual_openalex_reference,test,openalex_social_sciences_200
W2981766877,W2098183317,1,actual_openalex_reference,test,openalex_social_sciences_200
W2981766877,W2111405227,1,actual_openalex_reference,test,openalex_social_sciences_200
W2981766877,W2119964672,1,actual_openalex_reference,test,openalex_social_sciences_200
W2981766877,W2127128494,1,actual_openalex_reference,test,openalex_social_sciences_200
W2981766877,W2142826236,1,actual_openalex_reference,test,openalex_social_sciences_200
W2981766877,W2156267802,1,actual_openalex_reference,test,openalex_social_sciences_200
W2981766877,W2158170967,1,actual_openalex_reference,test,openalex_social_sciences_200
W2981766877,W2341589002,1,actual_openalex_reference,test,openalex_social_sciences_200
W2981766877,W2582378132,1,actual_openalex_reference,test,openalex_social_sciences_200
W2981766877,W2788467232,1,actual_openalex_reference,test,openalex_social_sciences_200
W2981766877,W2803242981,1,actual_openalex_reference,test,openalex_social_sciences_200
W2993911138,W1519612217,1,actual_openalex_reference,test,openalex_social_sciences_200
W2993911138,W1529020095,1,actual_openalex_reference,test,openalex_social_sciences_200
W2993911138,W1541311944,1,actual_openalex_reference,test,openalex_social_sciences_200
W2993911138,W1561075638,1,actual_openalex_reference,test,openalex_social_sciences_200
W2993911138,W1562493923,1,actual_openalex_reference,test,openalex_social_sciences_200
W2993911138,W1571794836,1,actual_openalex_reference,test,openalex_social_sciences_200
W2993911138,W1590175608,1,actual_openalex_reference,test,openalex_social_sciences_200
W2993911138,W1672283478,1,actual_openalex_reference,test,openalex_social_sciences_200
W2993911138,W1750880429,1,actual_openalex_reference,test,openalex_social_sciences_200
W2993911138,W1786831919,1,actual_openalex_reference,test,openalex_social_sciences_200
W2993911138,W1872910393,1,actual_openalex_reference,test,openalex_social_sciences_200
W2993911138,W1900652424,1,actual_openalex_reference,test,openalex_social_sciences_200
W2993911138,W1968700587,1,actual_openalex_reference,test,openalex_social_sciences_200
W2993911138,W1969887115,1,actual_openalex_reference,test,openalex_social_sciences_200
W2993911138,W1977675760,1,actual_openalex_reference,test,openalex_social_sciences_200
W2993911138,W1980406593,1,actual_openalex_reference,test,openalex_social_sciences_200
W2993911138,W1993152391,1,actual_openalex_reference,test,openalex_social_sciences_200
W2993911138,W2000386499,1,actual_openalex_reference,test,openalex_social_sciences_200
W2993911138,W2007594763,1,actual_openalex_reference,test,openalex_social_sciences_200
W2993911138,W2008381846,1,actual_openalex_reference,test,openalex_social_sciences_200
W2993911138,W2017699874,1,actual_openalex_reference,test,openalex_social_sciences_200
W2993911138,W2021817242,1,actual_openalex_reference,test,openalex_social_sciences_200
W2993911138,W2023474145,1,actual_openalex_reference,test,openalex_social_sciences_200
W2993911138,W2053918038,1,actual_openalex_reference,test,openalex_social_sciences_200
W2993911138,W2056737927,1,actual_openalex_reference,test,openalex_social_sciences_200
W2993911138,W2057224257,1,actual_openalex_reference,test,openalex_social_sciences_200
W2993911138,W2066802067,1,actual_openalex_reference,test,openalex_social_sciences_200
W2993911138,W2067829034,1,actual_openalex_reference,test,openalex_social_sciences_200
W2993911138,W2075669226,1,actual_openalex_reference,test,openalex_social_sciences_200
W2993911138,W2079481868,1,actual_openalex_reference,test,openalex_social_sciences_200
W2993911138,W2080074535,1,actual_openalex_reference,test,openalex_social_sciences_200
W2993911138,W2086788903,1,actual_openalex_reference,test,openalex_social_sciences_200
W2993911138,W2087738882,1,actual_openalex_reference,test,openalex_social_sciences_200
W2993911138,W2092400137,1,actual_openalex_reference,test,openalex_social_sciences_200
W2993911138,W2093259232,1,actual_openalex_reference,test,openalex_social_sciences_200
W2993911138,W2096818325,1,actual_openalex_reference,test,openalex_social_sciences_200
W2993911138,W2101056970,1,actual_openalex_reference,test,openalex_social_sciences_200
W2993911138,W2132840865,1,actual_openalex_reference,test,openalex_social_sciences_200
W2993911138,W2136770229,1,actual_openalex_reference,test,openalex_social_sciences_200
W2993911138,W2146630336,1,actual_openalex_reference,test,openalex_social_sciences_200
W2993911138,W2149037916,1,actual_openalex_reference,test,openalex_social_sciences_200
W2993911138,W2154104765,1,actual_openalex_reference,test,openalex_social_sciences_200
W2993911138,W2159129042,1,actual_openalex_reference,test,openalex_social_sciences_200
W2993911138,W2159289141,1,actual_openalex_reference,test,openalex_social_sciences_200
W2993911138,W2165195245,1,actual_openalex_reference,test,openalex_social_sciences_200
W2993911138,W2167292396,1,actual_openalex_reference,test,openalex_social_sciences_200
W2993911138,W2168808805,1,actual_openalex_reference,test,openalex_social_sciences_200
W2993911138,W2171916862,1,actual_openalex_reference,test,openalex_social_sciences_200
W2993911138,W2293190566,1,actual_openalex_reference,test,openalex_social_sciences_200
W2993911138,W2344986695,1,actual_openalex_reference,test,openalex_social_sciences_200
W2993911138,W2478764375,1,actual_openalex_reference,test,openalex_social_sciences_200
W2993911138,W2479324492,1,actual_openalex_reference,test,openalex_social_sciences_200
W2993911138,W2494812226,1,actual_openalex_reference,test,openalex_social_sciences_200
W2993911138,W2519271552,1,actual_openalex_reference,test,openalex_social_sciences_200
W2993911138,W2527512734,1,actual_openalex_reference,test,openalex_social_sciences_200
W2993911138,W2561429567,1,actual_openalex_reference,test,openalex_social_sciences_200
W2993911138,W2623740653,1,actual_openalex_reference,test,openalex_social_sciences_200
W2993911138,W2692218993,1,actual_openalex_reference,test,openalex_social_sciences_200
W2993911138,W2752839399,1,actual_openalex_reference,test,openalex_social_sciences_200
W2993911138,W2757161299,1,actual_openalex_reference,test,openalex_social_sciences_200
W2993911138,W2767650850,1,actual_openalex_reference,test,openalex_social_sciences_200
W2993911138,W2779233666,1,actual_openalex_reference,test,openalex_social_sciences_200
W2993911138,W2789063311,1,actual_openalex_reference,test,openalex_social_sciences_200
W2993911138,W2793656606,1,actual_openalex_reference,test,openalex_social_sciences_200
W2993911138,W2883153074,1,actual_openalex_reference,test,openalex_social_sciences_200
W2993911138,W2884417400,1,actual_openalex_reference,test,openalex_social_sciences_200
W2993911138,W2885173870,1,actual_openalex_reference,test,openalex_social_sciences_200
W2993911138,W2891770723,1,actual_openalex_reference,test,openalex_social_sciences_200
W2993911138,W2893287921,1,actual_openalex_reference,test,openalex_social_sciences_200
W2993911138,W2893626475,1,actual_openalex_reference,test,openalex_social_sciences_200
W2993911138,W2894085756,1,actual_openalex_reference,test,openalex_social_sciences_200
W2993911138,W2896958927,1,actual_openalex_reference,test,openalex_social_sciences_200
W2993911138,W2943379217,1,actual_openalex_reference,test,openalex_social_sciences_200
W2993911138,W2943944486,1,actual_openalex_reference,test,openalex_social_sciences_200
W2993911138,W3122348001,1,actual_openalex_reference,test,openalex_social_sciences_200
W2993911138,W3206922007,1,actual_openalex_reference,test,openalex_social_sciences_200
W2993911138,W4254405447,1,actual_openalex_reference,test,openalex_social_sciences_200
W2922047320,W1863135743,1,actual_openalex_reference,test,openalex_social_sciences_200
W2922047320,W1967450494,1,actual_openalex_reference,test,openalex_social_sciences_200
W2922047320,W2000762532,1,actual_openalex_reference,test,openalex_social_sciences_200
W2922047320,W2002199891,1,actual_openalex_reference,test,openalex_social_sciences_200
W2922047320,W2044579390,1,actual_openalex_reference,test,openalex_social_sciences_200
W2922047320,W2055241620,1,actual_openalex_reference,test,openalex_social_sciences_200
W2922047320,W2058655520,1,actual_openalex_reference,test,openalex_social_sciences_200
W2922047320,W2062806289,1,actual_openalex_reference,test,openalex_social_sciences_200
W2922047320,W2087964084,1,actual_openalex_reference,test,openalex_social_sciences_200
W2922047320,W2122510618,1,actual_openalex_reference,test,openalex_social_sciences_200
W2922047320,W2131438613,1,actual_openalex_reference,test,openalex_social_sciences_200
W2922047320,W2480762226,1,actual_openalex_reference,test,openalex_social_sciences_200
W2983907083,W142972349,1,actual_openalex_reference,test,openalex_social_sciences_200
W2983907083,W1992799896,1,actual_openalex_reference,test,openalex_social_sciences_200
W2983907083,W2026050329,1,actual_openalex_reference,test,openalex_social_sciences_200
W2983907083,W2043515871,1,actual_openalex_reference,test,openalex_social_sciences_200
W2983907083,W2048168080,1,actual_openalex_reference,test,openalex_social_sciences_200
W2983907083,W2055800123,1,actual_openalex_reference,test,openalex_social_sciences_200
W2983907083,W2134310663,1,actual_openalex_reference,test,openalex_social_sciences_200
W2983907083,W2140658920,1,actual_openalex_reference,test,openalex_social_sciences_200
W2983907083,W2239443373,1,actual_openalex_reference,test,openalex_social_sciences_200
W2983907083,W2293132484,1,actual_openalex_reference,test,openalex_social_sciences_200
W2983907083,W2411095244,1,actual_openalex_reference,test,openalex_social_sciences_200
W2983907083,W2508981046,1,actual_openalex_reference,test,openalex_social_sciences_200
W2983907083,W2561248263,1,actual_openalex_reference,test,openalex_social_sciences_200
W2983907083,W2580491449,1,actual_openalex_reference,test,openalex_social_sciences_200
W2983907083,W2599739124,1,actual_openalex_reference,test,openalex_social_sciences_200
W2983907083,W2623938945,1,actual_openalex_reference,test,openalex_social_sciences_200
W2983907083,W2798262146,1,actual_openalex_reference,test,openalex_social_sciences_200
W2983907083,W2887985385,1,actual_openalex_reference,test,openalex_social_sciences_200
W2983907083,W2944750161,1,actual_openalex_reference,test,openalex_social_sciences_200
W3009587762,W1974344837,1,actual_openalex_reference,test,openalex_social_sciences_200
W3009587762,W1986358993,1,actual_openalex_reference,test,openalex_social_sciences_200
W3009587762,W2008057100,1,actual_openalex_reference,test,openalex_social_sciences_200
W3009587762,W2015491476,1,actual_openalex_reference,test,openalex_social_sciences_200
W3009587762,W2045537912,1,actual_openalex_reference,test,openalex_social_sciences_200
W3009587762,W2050444585,1,actual_openalex_reference,test,openalex_social_sciences_200
W3009587762,W2110661236,1,actual_openalex_reference,test,openalex_social_sciences_200
W3009587762,W2113482228,1,actual_openalex_reference,test,openalex_social_sciences_200
W3009587762,W2118120709,1,actual_openalex_reference,test,openalex_social_sciences_200
W3009587762,W2140676088,1,actual_openalex_reference,test,openalex_social_sciences_200
W3009587762,W2143237124,1,actual_openalex_reference,test,openalex_social_sciences_200
W3009587762,W2262524400,1,actual_openalex_reference,test,openalex_social_sciences_200
W3009587762,W2292322664,1,actual_openalex_reference,test,openalex_social_sciences_200
W3009587762,W2309988348,1,actual_openalex_reference,test,openalex_social_sciences_200
W3009587762,W2311224873,1,actual_openalex_reference,test,openalex_social_sciences_200
W3009587762,W2324362235,1,actual_openalex_reference,test,openalex_social_sciences_200
W3009587762,W2327516229,1,actual_openalex_reference,test,openalex_social_sciences_200
W3009587762,W2399057131,1,actual_openalex_reference,test,openalex_social_sciences_200
W3009587762,W2474981274,1,actual_openalex_reference,test,openalex_social_sciences_200
W3009587762,W2485132501,1,actual_openalex_reference,test,openalex_social_sciences_200
W3009587762,W2489053515,1,actual_openalex_reference,test,openalex_social_sciences_200
W3009587762,W2509142940,1,actual_openalex_reference,test,openalex_social_sciences_200
W3009587762,W2599049529,1,actual_openalex_reference,test,openalex_social_sciences_200
W3009587762,W2603895635,1,actual_openalex_reference,test,openalex_social_sciences_200
W3009587762,W2621727544,1,actual_openalex_reference,test,openalex_social_sciences_200
W3009587762,W2671419404,1,actual_openalex_reference,test,openalex_social_sciences_200
W3009587762,W2744962673,1,actual_openalex_reference,test,openalex_social_sciences_200
W3009587762,W2746673699,1,actual_openalex_reference,test,openalex_social_sciences_200
W3009587762,W2750334743,1,actual_openalex_reference,test,openalex_social_sciences_200
W3009587762,W2788200478,1,actual_openalex_reference,test,openalex_social_sciences_200
W3009587762,W2790024227,1,actual_openalex_reference,test,openalex_social_sciences_200
W3009587762,W2790377855,1,actual_openalex_reference,test,openalex_social_sciences_200
W3009587762,W2792954147,1,actual_openalex_reference,test,openalex_social_sciences_200
W3009587762,W2793975186,1,actual_openalex_reference,test,openalex_social_sciences_200
W3009587762,W2796767777,1,actual_openalex_reference,test,openalex_social_sciences_200
W3009587762,W2899477130,1,actual_openalex_reference,test,openalex_social_sciences_200
W3009587762,W2921489211,1,actual_openalex_reference,test,openalex_social_sciences_200
W3009587762,W2957077920,1,actual_openalex_reference,test,openalex_social_sciences_200
W3009587762,W2973781737,1,actual_openalex_reference,test,openalex_social_sciences_200
W3009587762,W4232128854,1,actual_openalex_reference,test,openalex_social_sciences_200
W2916361850,W1875061881,1,actual_openalex_reference,test,openalex_social_sciences_200
W2916361850,W1973323049,1,actual_openalex_reference,test,openalex_social_sciences_200
W2916361850,W1988931981,1,actual_openalex_reference,test,openalex_social_sciences_200
W2916361850,W1999714678,1,actual_openalex_reference,test,openalex_social_sciences_200
W2916361850,W2010844754,1,actual_openalex_reference,test,openalex_social_sciences_200
W2916361850,W2029598902,1,actual_openalex_reference,test,openalex_social_sciences_200
W2916361850,W2040678244,1,actual_openalex_reference,test,openalex_social_sciences_200
W2916361850,W2059814748,1,actual_openalex_reference,test,openalex_social_sciences_200
W2916361850,W2069927273,1,actual_openalex_reference,test,openalex_social_sciences_200
W2916361850,W2075288177,1,actual_openalex_reference,test,openalex_social_sciences_200
W2916361850,W2081719463,1,actual_openalex_reference,test,openalex_social_sciences_200
W2916361850,W2096472197,1,actual_openalex_reference,test,openalex_social_sciences_200
W2916361850,W2101664201,1,actual_openalex_reference,test,openalex_social_sciences_200
W2916361850,W2306941105,1,actual_openalex_reference,test,openalex_social_sciences_200
W2916361850,W2509070588,1,actual_openalex_reference,test,openalex_social_sciences_200
W2916361850,W2575359483,1,actual_openalex_reference,test,openalex_social_sciences_200
W2916361850,W2585707601,1,actual_openalex_reference,test,openalex_social_sciences_200
W2916361850,W2606675507,1,actual_openalex_reference,test,openalex_social_sciences_200
W2916361850,W2788810909,1,actual_openalex_reference,test,openalex_social_sciences_200
W2916361850,W3011865677,1,actual_openalex_reference,test,openalex_social_sciences_200
W2916361850,W3102708157,1,actual_openalex_reference,test,openalex_social_sciences_200
W2916361850,W3122724846,1,actual_openalex_reference,test,openalex_social_sciences_200
W2916361850,W3125774461,1,actual_openalex_reference,test,openalex_social_sciences_200
W2916361850,W3141714916,1,actual_openalex_reference,test,openalex_social_sciences_200
W3039380852,W34464615,1,actual_openalex_reference,test,openalex_social_sciences_200
W3039380852,W1946545120,1,actual_openalex_reference,test,openalex_social_sciences_200
W3039380852,W1979589574,1,actual_openalex_reference,test,openalex_social_sciences_200
W3039380852,W1980444631,1,actual_openalex_reference,test,openalex_social_sciences_200
W3039380852,W1996975928,1,actual_openalex_reference,test,openalex_social_sciences_200
W3039380852,W2037445719,1,actual_openalex_reference,test,openalex_social_sciences_200
W3039380852,W2096755843,1,actual_openalex_reference,test,openalex_social_sciences_200
W3039380852,W2097572674,1,actual_openalex_reference,test,openalex_social_sciences_200
W3039380852,W2116685871,1,actual_openalex_reference,test,openalex_social_sciences_200
W3039380852,W2118502261,1,actual_openalex_reference,test,openalex_social_sciences_200
W3039380852,W2165041020,1,actual_openalex_reference,test,openalex_social_sciences_200
W3039380852,W2167954247,1,actual_openalex_reference,test,openalex_social_sciences_200
W3039380852,W2342320633,1,actual_openalex_reference,test,openalex_social_sciences_200
W3039380852,W2739056224,1,actual_openalex_reference,test,openalex_social_sciences_200
W3039380852,W2749119906,1,actual_openalex_reference,test,openalex_social_sciences_200
W3039380852,W2794448948,1,actual_openalex_reference,test,openalex_social_sciences_200
W3039380852,W2938284216,1,actual_openalex_reference,test,openalex_social_sciences_200
W3039380852,W4293003987,1,actual_openalex_reference,test,openalex_social_sciences_200
W2963788621,W335766499,1,actual_openalex_reference,test,openalex_social_sciences_200
W2963788621,W612974530,1,actual_openalex_reference,test,openalex_social_sciences_200
W2963788621,W627811150,1,actual_openalex_reference,test,openalex_social_sciences_200
W2963788621,W1514057855,1,actual_openalex_reference,test,openalex_social_sciences_200
W2963788621,W1520968739,1,actual_openalex_reference,test,openalex_social_sciences_200
W2963788621,W1592805114,1,actual_openalex_reference,test,openalex_social_sciences_200
W2963788621,W1875061881,1,actual_openalex_reference,test,openalex_social_sciences_200
W2963788621,W1882730916,1,actual_openalex_reference,test,openalex_social_sciences_200
W2963788621,W1965982102,1,actual_openalex_reference,test,openalex_social_sciences_200
W2963788621,W1978118493,1,actual_openalex_reference,test,openalex_social_sciences_200
W2963788621,W2008164400,1,actual_openalex_reference,test,openalex_social_sciences_200
W2963788621,W2014006658,1,actual_openalex_reference,test,openalex_social_sciences_200
W2963788621,W2014945418,1,actual_openalex_reference,test,openalex_social_sciences_200
W2963788621,W2030541374,1,actual_openalex_reference,test,openalex_social_sciences_200
W2963788621,W2032422479,1,actual_openalex_reference,test,openalex_social_sciences_200
W2963788621,W2038589788,1,actual_openalex_reference,test,openalex_social_sciences_200
W2963788621,W2078906720,1,actual_openalex_reference,test,openalex_social_sciences_200
W2963788621,W2092684779,1,actual_openalex_reference,test,openalex_social_sciences_200
W2963788621,W2094008654,1,actual_openalex_reference,test,openalex_social_sciences_200
W2963788621,W2105153668,1,actual_openalex_reference,test,openalex_social_sciences_200
W2963788621,W2115002139,1,actual_openalex_reference,test,openalex_social_sciences_200
W2963788621,W2128599926,1,actual_openalex_reference,test,openalex_social_sciences_200
W2963788621,W2129821450,1,actual_openalex_reference,test,openalex_social_sciences_200
W2963788621,W2140628770,1,actual_openalex_reference,test,openalex_social_sciences_200
W2963788621,W2143481518,1,actual_openalex_reference,test,openalex_social_sciences_200
W2963788621,W2144741585,1,actual_openalex_reference,test,openalex_social_sciences_200
W2963788621,W2313162274,1,actual_openalex_reference,test,openalex_social_sciences_200
W2963788621,W2313840689,1,actual_openalex_reference,test,openalex_social_sciences_200
W2963788621,W2317442308,1,actual_openalex_reference,test,openalex_social_sciences_200
W2963788621,W2318265783,1,actual_openalex_reference,test,openalex_social_sciences_200
W2963788621,W2477654261,1,actual_openalex_reference,test,openalex_social_sciences_200
W2963788621,W2504711017,1,actual_openalex_reference,test,openalex_social_sciences_200
W2963788621,W2521457134,1,actual_openalex_reference,test,openalex_social_sciences_200
W2963788621,W2523506281,1,actual_openalex_reference,test,openalex_social_sciences_200
W2963788621,W2525281242,1,actual_openalex_reference,test,openalex_social_sciences_200
W2963788621,W2557086388,1,actual_openalex_reference,test,openalex_social_sciences_200
W2963788621,W2582815553,1,actual_openalex_reference,test,openalex_social_sciences_200
W2963788621,W2811432132,1,actual_openalex_reference,test,openalex_social_sciences_200
W2963788621,W2912827498,1,actual_openalex_reference,test,openalex_social_sciences_200
W2963788621,W4211173780,1,actual_openalex_reference,test,openalex_social_sciences_200
W2963788621,W4238696223,1,actual_openalex_reference,test,openalex_social_sciences_200
W2963788621,W4243041937,1,actual_openalex_reference,test,openalex_social_sciences_200
W2963788621,W4243218585,1,actual_openalex_reference,test,openalex_social_sciences_200
W2963788621,W4246259708,1,actual_openalex_reference,test,openalex_social_sciences_200
W2963788621,W4249569426,1,actual_openalex_reference,test,openalex_social_sciences_200
W2963788621,W4251482102,1,actual_openalex_reference,test,openalex_social_sciences_200
W2963788621,W4388156388,1,actual_openalex_reference,test,openalex_social_sciences_200
W2963788621,W4399579029,1,actual_openalex_reference,test,openalex_social_sciences_200
W3074082496,W1559131556,1,actual_openalex_reference,test,openalex_social_sciences_200
W3074082496,W1993937376,1,actual_openalex_reference,test,openalex_social_sciences_200
W3074082496,W2093226154,1,actual_openalex_reference,test,openalex_social_sciences_200
W3074082496,W2207344776,1,actual_openalex_reference,test,openalex_social_sciences_200
W3074082496,W2224522951,1,actual_openalex_reference,test,openalex_social_sciences_200
W3074082496,W2304125608,1,actual_openalex_reference,test,openalex_social_sciences_200
W3074082496,W2519230672,1,actual_openalex_reference,test,openalex_social_sciences_200
W3074082496,W2744962673,1,actual_openalex_reference,test,openalex_social_sciences_200
W3074082496,W2762012900,1,actual_openalex_reference,test,openalex_social_sciences_200
W3074082496,W2921275487,1,actual_openalex_reference,test,openalex_social_sciences_200
W3074082496,W2994907505,1,actual_openalex_reference,test,openalex_social_sciences_200
W3074082496,W3014723334,1,actual_openalex_reference,test,openalex_social_sciences_200
W3074082496,W3025504924,1,actual_openalex_reference,test,openalex_social_sciences_200
W2963600992,W1626080033,1,actual_openalex_reference,test,openalex_social_sciences_200
W2963600992,W1839921965,1,actual_openalex_reference,test,openalex_social_sciences_200
W2963600992,W1891702270,1,actual_openalex_reference,test,openalex_social_sciences_200
W2963600992,W1908014436,1,actual_openalex_reference,test,openalex_social_sciences_200
W2963600992,W1927588063,1,actual_openalex_reference,test,openalex_social_sciences_200
W2963600992,W1966808745,1,actual_openalex_reference,test,openalex_social_sciences_200
W2963600992,W1986274834,1,actual_openalex_reference,test,openalex_social_sciences_200
W2963600992,W1986816549,1,actual_openalex_reference,test,openalex_social_sciences_200
W2963600992,W1996663967,1,actual_openalex_reference,test,openalex_social_sciences_200
W2963600992,W2016301228,1,actual_openalex_reference,test,openalex_social_sciences_200
W2963600992,W2026301265,1,actual_openalex_reference,test,openalex_social_sciences_200
W2963600992,W2029813521,1,actual_openalex_reference,test,openalex_social_sciences_200
W2963600992,W2039680647,1,actual_openalex_reference,test,openalex_social_sciences_200
W2963600992,W2062762292,1,actual_openalex_reference,test,openalex_social_sciences_200
W2963600992,W2075568414,1,actual_openalex_reference,test,openalex_social_sciences_200
W2963600992,W2080758880,1,actual_openalex_reference,test,openalex_social_sciences_200
W2963600992,W2093610034,1,actual_openalex_reference,test,openalex_social_sciences_200
W2963600992,W2101510387,1,actual_openalex_reference,test,openalex_social_sciences_200
W2963600992,W2113390049,1,actual_openalex_reference,test,openalex_social_sciences_200
W2963600992,W2116556789,1,actual_openalex_reference,test,openalex_social_sciences_200
W2963600992,W2120100418,1,actual_openalex_reference,test,openalex_social_sciences_200
W2963600992,W2120793910,1,actual_openalex_reference,test,openalex_social_sciences_200
W2963600992,W2136159913,1,actual_openalex_reference,test,openalex_social_sciences_200
W2963600992,W2141800004,1,actual_openalex_reference,test,openalex_social_sciences_200
W2963600992,W2153228152,1,actual_openalex_reference,test,openalex_social_sciences_200
W2963600992,W2157028409,1,actual_openalex_reference,test,openalex_social_sciences_200
W2963600992,W2323930028,1,actual_openalex_reference,test,openalex_social_sciences_200
W2963600992,W2329809122,1,actual_openalex_reference,test,openalex_social_sciences_200
W2963600992,W2395688023,1,actual_openalex_reference,test,openalex_social_sciences_200
W2963600992,W2402251316,1,actual_openalex_reference,test,openalex_social_sciences_200
W2963600992,W2540712280,1,actual_openalex_reference,test,openalex_social_sciences_200
W2963600992,W2555879002,1,actual_openalex_reference,test,openalex_social_sciences_200
W2963600992,W2586518964,1,actual_openalex_reference,test,openalex_social_sciences_200
W2963600992,W2593386677,1,actual_openalex_reference,test,openalex_social_sciences_200
W2963600992,W2768762388,1,actual_openalex_reference,test,openalex_social_sciences_200
W2963600992,W2773237485,1,actual_openalex_reference,test,openalex_social_sciences_200
W2963600992,W2775663964,1,actual_openalex_reference,test,openalex_social_sciences_200
W2963600992,W2883170753,1,actual_openalex_reference,test,openalex_social_sciences_200
W2963600992,W2894335575,1,actual_openalex_reference,test,openalex_social_sciences_200
W2963600992,W2900699774,1,actual_openalex_reference,test,openalex_social_sciences_200
W3012109343,W631150038,1,actual_openalex_reference,test,openalex_social_sciences_200
W3012109343,W1496271688,1,actual_openalex_reference,test,openalex_social_sciences_200
W3012109343,W1963715460,1,actual_openalex_reference,test,openalex_social_sciences_200
W3012109343,W1989418948,1,actual_openalex_reference,test,openalex_social_sciences_200
W3012109343,W2019130481,1,actual_openalex_reference,test,openalex_social_sciences_200
W3012109343,W2023754051,1,actual_openalex_reference,test,openalex_social_sciences_200
W3012109343,W2026999166,1,actual_openalex_reference,test,openalex_social_sciences_200
W3012109343,W2029447605,1,actual_openalex_reference,test,openalex_social_sciences_200
W3012109343,W2030591268,1,actual_openalex_reference,test,openalex_social_sciences_200
W3012109343,W2047873637,1,actual_openalex_reference,test,openalex_social_sciences_200
W3012109343,W2052737634,1,actual_openalex_reference,test,openalex_social_sciences_200
W3012109343,W2059894567,1,actual_openalex_reference,test,openalex_social_sciences_200
W3012109343,W2071051585,1,actual_openalex_reference,test,openalex_social_sciences_200
W3012109343,W2080207132,1,actual_openalex_reference,test,openalex_social_sciences_200
W3012109343,W2105971942,1,actual_openalex_reference,test,openalex_social_sciences_200
W3012109343,W2119467284,1,actual_openalex_reference,test,openalex_social_sciences_200
W3012109343,W2121384586,1,actual_openalex_reference,test,openalex_social_sciences_200
W3012109343,W2125215673,1,actual_openalex_reference,test,openalex_social_sciences_200
W3012109343,W2126224786,1,actual_openalex_reference,test,openalex_social_sciences_200
W3012109343,W2126251370,1,actual_openalex_reference,test,openalex_social_sciences_200
W3012109343,W2137402828,1,actual_openalex_reference,test,openalex_social_sciences_200
W3012109343,W2140006549,1,actual_openalex_reference,test,openalex_social_sciences_200
W3012109343,W2157446011,1,actual_openalex_reference,test,openalex_social_sciences_200
W3012109343,W2255783233,1,actual_openalex_reference,test,openalex_social_sciences_200
W3012109343,W2497022333,1,actual_openalex_reference,test,openalex_social_sciences_200
W3012109343,W2916515794,1,actual_openalex_reference,test,openalex_social_sciences_200
W3012109343,W2981356061,1,actual_openalex_reference,test,openalex_social_sciences_200
W3012109343,W3121955537,1,actual_openalex_reference,test,openalex_social_sciences_200
W3012109343,W3123282572,1,actual_openalex_reference,test,openalex_social_sciences_200
W3012109343,W4248599640,1,actual_openalex_reference,test,openalex_social_sciences_200
W3012109343,W4250133616,1,actual_openalex_reference,test,openalex_social_sciences_200
W3012109343,W4253877549,1,actual_openalex_reference,test,openalex_social_sciences_200
W3012109343,W4292887282,1,actual_openalex_reference,test,openalex_social_sciences_200
W3212299351,W1503910673,1,actual_openalex_reference,test,openalex_social_sciences_200
W3212299351,W1821977771,1,actual_openalex_reference,test,openalex_social_sciences_200
W3212299351,W1980544129,1,actual_openalex_reference,test,openalex_social_sciences_200
W3212299351,W1996291271,1,actual_openalex_reference,test,openalex_social_sciences_200
W3212299351,W2040493112,1,actual_openalex_reference,test,openalex_social_sciences_200
W3212299351,W2098815569,1,actual_openalex_reference,test,openalex_social_sciences_200
W3212299351,W2175877536,1,actual_openalex_reference,test,openalex_social_sciences_200
W3212299351,W2372356850,1,actual_openalex_reference,test,openalex_social_sciences_200
W3212299351,W2789795558,1,actual_openalex_reference,test,openalex_social_sciences_200
W3212299351,W2892380133,1,actual_openalex_reference,test,openalex_social_sciences_200
W3212299351,W3122373805,1,actual_openalex_reference,test,openalex_social_sciences_200
W3212299351,W3124401164,1,actual_openalex_reference,test,openalex_social_sciences_200
W3212299351,W4240273653,1,actual_openalex_reference,test,openalex_social_sciences_200
W1575234228,W1512618841,1,actual_openalex_reference,test,openalex_social_sciences_200
W1575234228,W1789839325,1,actual_openalex_reference,test,openalex_social_sciences_200
W1575234228,W1906057136,1,actual_openalex_reference,test,openalex_social_sciences_200
W1575234228,W1986160709,1,actual_openalex_reference,test,openalex_social_sciences_200
W1575234228,W2066809721,1,actual_openalex_reference,test,openalex_social_sciences_200
W1575234228,W2170749343,1,actual_openalex_reference,test,openalex_social_sciences_200
W1575234228,W2334731763,1,actual_openalex_reference,test,openalex_social_sciences_200
W3210928638,W20499850,1,actual_openalex_reference,test,openalex_social_sciences_200
W3210928638,W62235998,1,actual_openalex_reference,test,openalex_social_sciences_200
W3210928638,W1966417199,1,actual_openalex_reference,test,openalex_social_sciences_200
W3210928638,W1977326770,1,actual_openalex_reference,test,openalex_social_sciences_200
W3210928638,W2005915263,1,actual_openalex_reference,test,openalex_social_sciences_200
W3210928638,W2053641961,1,actual_openalex_reference,test,openalex_social_sciences_200
W3210928638,W2079903243,1,actual_openalex_reference,test,openalex_social_sciences_200
W3210928638,W2084989648,1,actual_openalex_reference,test,openalex_social_sciences_200
W3210928638,W2102227701,1,actual_openalex_reference,test,openalex_social_sciences_200
W3210928638,W2132374014,1,actual_openalex_reference,test,openalex_social_sciences_200
W3210928638,W2892460332,1,actual_openalex_reference,test,openalex_social_sciences_200
W3184958125,W1544133109,1,actual_openalex_reference,test,openalex_social_sciences_200
W3184958125,W1552001597,1,actual_openalex_reference,test,openalex_social_sciences_200
W3184958125,W1589275176,1,actual_openalex_reference,test,openalex_social_sciences_200
W3184958125,W1926404136,1,actual_openalex_reference,test,openalex_social_sciences_200
W3184958125,W1979290264,1,actual_openalex_reference,test,openalex_social_sciences_200
W3184958125,W1998041741,1,actual_openalex_reference,test,openalex_social_sciences_200
W3184958125,W2011136750,1,actual_openalex_reference,test,openalex_social_sciences_200
W3184958125,W2093831112,1,actual_openalex_reference,test,openalex_social_sciences_200
W3184958125,W2103526000,1,actual_openalex_reference,test,openalex_social_sciences_200
W3184958125,W2107459555,1,actual_openalex_reference,test,openalex_social_sciences_200
W3184958125,W2139234290,1,actual_openalex_reference,test,openalex_social_sciences_200
W3184958125,W2143161362,1,actual_openalex_reference,test,openalex_social_sciences_200
W3184958125,W2177072721,1,actual_openalex_reference,test,openalex_social_sciences_200
W3184958125,W2187371925,1,actual_openalex_reference,test,openalex_social_sciences_200
W3184958125,W2335989398,1,actual_openalex_reference,test,openalex_social_sciences_200
W3184958125,W2351356296,1,actual_openalex_reference,test,openalex_social_sciences_200
W3184958125,W2470928789,1,actual_openalex_reference,test,openalex_social_sciences_200
W3184958125,W2489481331,1,actual_openalex_reference,test,openalex_social_sciences_200
W3184958125,W2604093837,1,actual_openalex_reference,test,openalex_social_sciences_200
W3184958125,W2760653071,1,actual_openalex_reference,test,openalex_social_sciences_200
W3184958125,W2761895564,1,actual_openalex_reference,test,openalex_social_sciences_200
W3184958125,W2775173660,1,actual_openalex_reference,test,openalex_social_sciences_200
W3184958125,W2803263122,1,actual_openalex_reference,test,openalex_social_sciences_200
W3184958125,W2805665316,1,actual_openalex_reference,test,openalex_social_sciences_200
W3184958125,W2896778270,1,actual_openalex_reference,test,openalex_social_sciences_200
W3184958125,W2961626419,1,actual_openalex_reference,test,openalex_social_sciences_200
W3184958125,W3184958125,1,actual_openalex_reference,test,openalex_social_sciences_200
W2975220887,W256779703,1,actual_openalex_reference,test,openalex_social_sciences_200
W2975220887,W262550227,1,actual_openalex_reference,test,openalex_social_sciences_200
W2975220887,W1525763059,1,actual_openalex_reference,test,openalex_social_sciences_200
W2975220887,W1578253760,1,actual_openalex_reference,test,openalex_social_sciences_200
W2975220887,W1878617427,1,actual_openalex_reference,test,openalex_social_sciences_200
W2975220887,W1892916962,1,actual_openalex_reference,test,openalex_social_sciences_200
W2975220887,W1966516836,1,actual_openalex_reference,test,openalex_social_sciences_200
W2975220887,W1974413170,1,actual_openalex_reference,test,openalex_social_sciences_200
W2975220887,W1978931212,1,actual_openalex_reference,test,openalex_social_sciences_200
W2975220887,W1989039241,1,actual_openalex_reference,test,openalex_social_sciences_200
W2975220887,W1990732575,1,actual_openalex_reference,test,openalex_social_sciences_200
W2975220887,W1993022101,1,actual_openalex_reference,test,openalex_social_sciences_200
W2975220887,W1993112857,1,actual_openalex_reference,test,openalex_social_sciences_200
W2975220887,W1995591750,1,actual_openalex_reference,test,openalex_social_sciences_200
W2975220887,W1999641752,1,actual_openalex_reference,test,openalex_social_sciences_200
W2975220887,W2009191602,1,actual_openalex_reference,test,openalex_social_sciences_200
W2975220887,W2014076678,1,actual_openalex_reference,test,openalex_social_sciences_200
W2975220887,W2018644155,1,actual_openalex_reference,test,openalex_social_sciences_200
W2975220887,W2022499414,1,actual_openalex_reference,test,openalex_social_sciences_200
W2975220887,W2026296384,1,actual_openalex_reference,test,openalex_social_sciences_200
W2975220887,W2028927475,1,actual_openalex_reference,test,openalex_social_sciences_200
W2975220887,W2031779231,1,actual_openalex_reference,test,openalex_social_sciences_200
W2975220887,W2032968439,1,actual_openalex_reference,test,openalex_social_sciences_200
W2975220887,W2034619128,1,actual_openalex_reference,test,openalex_social_sciences_200
W2975220887,W2044925138,1,actual_openalex_reference,test,openalex_social_sciences_200
W2975220887,W2059843697,1,actual_openalex_reference,test,openalex_social_sciences_200
W2975220887,W2065199507,1,actual_openalex_reference,test,openalex_social_sciences_200
W2975220887,W2068225437,1,actual_openalex_reference,test,openalex_social_sciences_200
W2975220887,W2088261011,1,actual_openalex_reference,test,openalex_social_sciences_200
W2975220887,W2089213534,1,actual_openalex_reference,test,openalex_social_sciences_200
W2975220887,W2092696412,1,actual_openalex_reference,test,openalex_social_sciences_200
W2975220887,W2095215747,1,actual_openalex_reference,test,openalex_social_sciences_200
W2975220887,W2126021456,1,actual_openalex_reference,test,openalex_social_sciences_200
W2975220887,W2128490800,1,actual_openalex_reference,test,openalex_social_sciences_200
W2975220887,W2129046865,1,actual_openalex_reference,test,openalex_social_sciences_200
W2975220887,W2132196909,1,actual_openalex_reference,test,openalex_social_sciences_200
W2975220887,W2132278057,1,actual_openalex_reference,test,openalex_social_sciences_200
W2975220887,W2149333584,1,actual_openalex_reference,test,openalex_social_sciences_200
W2975220887,W2155912754,1,actual_openalex_reference,test,openalex_social_sciences_200
W2975220887,W2193156735,1,actual_openalex_reference,test,openalex_social_sciences_200
W2975220887,W2217082420,1,actual_openalex_reference,test,openalex_social_sciences_200
W2975220887,W2313993438,1,actual_openalex_reference,test,openalex_social_sciences_200
W2975220887,W2336678103,1,actual_openalex_reference,test,openalex_social_sciences_200
W2975220887,W2338053993,1,actual_openalex_reference,test,openalex_social_sciences_200
W2975220887,W2490224076,1,actual_openalex_reference,test,openalex_social_sciences_200
W2975220887,W2738820585,1,actual_openalex_reference,test,openalex_social_sciences_200
W2975220887,W2765998806,1,actual_openalex_reference,test,openalex_social_sciences_200
W2970300359,W140890004,1,actual_openalex_reference,test,openalex_social_sciences_200
W2970300359,W566196712,1,actual_openalex_reference,test,openalex_social_sciences_200
W2970300359,W1502525133,1,actual_openalex_reference,test,openalex_social_sciences_200
W2970300359,W1512139145,1,actual_openalex_reference,test,openalex_social_sciences_200
W2970300359,W1538467677,1,actual_openalex_reference,test,openalex_social_sciences_200
W2970300359,W1539726031,1,actual_openalex_reference,test,openalex_social_sciences_200
W2970300359,W1568935405,1,actual_openalex_reference,test,openalex_social_sciences_200
W2970300359,W1569376948,1,actual_openalex_reference,test,openalex_social_sciences_200
W2970300359,W1575580868,1,actual_openalex_reference,test,openalex_social_sciences_200
W2970300359,W1581254038,1,actual_openalex_reference,test,openalex_social_sciences_200
W2970300359,W1873322489,1,actual_openalex_reference,test,openalex_social_sciences_200
W2970300359,W1970953643,1,actual_openalex_reference,test,openalex_social_sciences_200
W2970300359,W1994484225,1,actual_openalex_reference,test,openalex_social_sciences_200
W2970300359,W1997311899,1,actual_openalex_reference,test,openalex_social_sciences_200
W2970300359,W1997650670,1,actual_openalex_reference,test,openalex_social_sciences_200
W2970300359,W1999156789,1,actual_openalex_reference,test,openalex_social_sciences_200
W2970300359,W2001051524,1,actual_openalex_reference,test,openalex_social_sciences_200
W2970300359,W2012667399,1,actual_openalex_reference,test,openalex_social_sciences_200
W2970300359,W2023276255,1,actual_openalex_reference,test,openalex_social_sciences_200
W2970300359,W2027018285,1,actual_openalex_reference,test,openalex_social_sciences_200
W2970300359,W2044921572,1,actual_openalex_reference,test,openalex_social_sciences_200
W2970300359,W2061059624,1,actual_openalex_reference,test,openalex_social_sciences_200
W2970300359,W2064468954,1,actual_openalex_reference,test,openalex_social_sciences_200
W2970300359,W2073506374,1,actual_openalex_reference,test,openalex_social_sciences_200
W2970300359,W2076923282,1,actual_openalex_reference,test,openalex_social_sciences_200
W2970300359,W2077363686,1,actual_openalex_reference,test,openalex_social_sciences_200
W2970300359,W2081228936,1,actual_openalex_reference,test,openalex_social_sciences_200
W2970300359,W2096184275,1,actual_openalex_reference,test,openalex_social_sciences_200
W2970300359,W2100369388,1,actual_openalex_reference,test,openalex_social_sciences_200
W2970300359,W2102448631,1,actual_openalex_reference,test,openalex_social_sciences_200
W2970300359,W2128522443,1,actual_openalex_reference,test,openalex_social_sciences_200
W2970300359,W2131326339,1,actual_openalex_reference,test,openalex_social_sciences_200
W2970300359,W2133766618,1,actual_openalex_reference,test,openalex_social_sciences_200
W2970300359,W2135842021,1,actual_openalex_reference,test,openalex_social_sciences_200
W2970300359,W2146875579,1,actual_openalex_reference,test,openalex_social_sciences_200
W2970300359,W2148264417,1,actual_openalex_reference,test,openalex_social_sciences_200
W2970300359,W2153656501,1,actual_openalex_reference,test,openalex_social_sciences_200
W2970300359,W2159589424,1,actual_openalex_reference,test,openalex_social_sciences_200
W2970300359,W2163117407,1,actual_openalex_reference,test,openalex_social_sciences_200
W2970300359,W2167287719,1,actual_openalex_reference,test,openalex_social_sciences_200
W2970300359,W2167928095,1,actual_openalex_reference,test,openalex_social_sciences_200
W2970300359,W2168364828,1,actual_openalex_reference,test,openalex_social_sciences_200
W2970300359,W2177997627,1,actual_openalex_reference,test,openalex_social_sciences_200
W2970300359,W2179876585,1,actual_openalex_reference,test,openalex_social_sciences_200
W2970300359,W2314571969,1,actual_openalex_reference,test,openalex_social_sciences_200
W2970300359,W2329611271,1,actual_openalex_reference,test,openalex_social_sciences_200
W2970300359,W2417652867,1,actual_openalex_reference,test,openalex_social_sciences_200
W2970300359,W2493097638,1,actual_openalex_reference,test,openalex_social_sciences_200
W2970300359,W2528330078,1,actual_openalex_reference,test,openalex_social_sciences_200
W2970300359,W2559971482,1,actual_openalex_reference,test,openalex_social_sciences_200
W2970300359,W2571642684,1,actual_openalex_reference,test,openalex_social_sciences_200
W2970300359,W2603903954,1,actual_openalex_reference,test,openalex_social_sciences_200
W2970300359,W2883656655,1,actual_openalex_reference,test,openalex_social_sciences_200
W2970300359,W2891985888,1,actual_openalex_reference,test,openalex_social_sciences_200
W2970300359,W2940863333,1,actual_openalex_reference,test,openalex_social_sciences_200
W2970300359,W4247527784,1,actual_openalex_reference,test,openalex_social_sciences_200
W2970300359,W4250915023,1,actual_openalex_reference,test,openalex_social_sciences_200
W2970300359,W4301437673,1,actual_openalex_reference,test,openalex_social_sciences_200
W3162989353,W629354095,1,actual_openalex_reference,test,openalex_social_sciences_200
W3162989353,W1412147727,1,actual_openalex_reference,test,openalex_social_sciences_200
W3162989353,W1492696115,1,actual_openalex_reference,test,openalex_social_sciences_200
W3162989353,W1495133523,1,actual_openalex_reference,test,openalex_social_sciences_200
W3162989353,W1596353753,1,actual_openalex_reference,test,openalex_social_sciences_200
W3162989353,W1597242079,1,actual_openalex_reference,test,openalex_social_sciences_200
W3162989353,W1599865963,1,actual_openalex_reference,test,openalex_social_sciences_200
W3162989353,W1900599378,1,actual_openalex_reference,test,openalex_social_sciences_200
W3162989353,W1902314391,1,actual_openalex_reference,test,openalex_social_sciences_200
W3162989353,W1903882322,1,actual_openalex_reference,test,openalex_social_sciences_200
W3162989353,W1963903843,1,actual_openalex_reference,test,openalex_social_sciences_200
W3162989353,W1970427930,1,actual_openalex_reference,test,openalex_social_sciences_200
W3162989353,W1988387099,1,actual_openalex_reference,test,openalex_social_sciences_200
W3162989353,W1991467699,1,actual_openalex_reference,test,openalex_social_sciences_200
W3162989353,W2008215475,1,actual_openalex_reference,test,openalex_social_sciences_200
W3162989353,W2011496511,1,actual_openalex_reference,test,openalex_social_sciences_200
W3162989353,W2019733704,1,actual_openalex_reference,test,openalex_social_sciences_200
W3162989353,W2037070662,1,actual_openalex_reference,test,openalex_social_sciences_200
W3162989353,W2047908746,1,actual_openalex_reference,test,openalex_social_sciences_200
W3162989353,W2049280583,1,actual_openalex_reference,test,openalex_social_sciences_200
W3162989353,W2064248958,1,actual_openalex_reference,test,openalex_social_sciences_200
W3162989353,W2074291838,1,actual_openalex_reference,test,openalex_social_sciences_200
W3162989353,W2098755927,1,actual_openalex_reference,test,openalex_social_sciences_200
W3162989353,W2108554497,1,actual_openalex_reference,test,openalex_social_sciences_200
W3162989353,W2109388920,1,actual_openalex_reference,test,openalex_social_sciences_200
W3162989353,W2119763401,1,actual_openalex_reference,test,openalex_social_sciences_200
W3162989353,W2139960980,1,actual_openalex_reference,test,openalex_social_sciences_200
W3162989353,W2141368856,1,actual_openalex_reference,test,openalex_social_sciences_200
W3162989353,W2156178704,1,actual_openalex_reference,test,openalex_social_sciences_200
W3162989353,W2166192274,1,actual_openalex_reference,test,openalex_social_sciences_200
W3162989353,W2168788953,1,actual_openalex_reference,test,openalex_social_sciences_200
W3162989353,W2174618838,1,actual_openalex_reference,test,openalex_social_sciences_200
W3162989353,W2288709351,1,actual_openalex_reference,test,openalex_social_sciences_200
W3162989353,W2295923645,1,actual_openalex_reference,test,openalex_social_sciences_200
W3162989353,W2299414748,1,actual_openalex_reference,test,openalex_social_sciences_200
W3162989353,W2301280589,1,actual_openalex_reference,test,openalex_social_sciences_200
W3162989353,W2408440286,1,actual_openalex_reference,test,openalex_social_sciences_200
W3162989353,W2418454132,1,actual_openalex_reference,test,openalex_social_sciences_200
W3162989353,W2499802518,1,actual_openalex_reference,test,openalex_social_sciences_200
W3162989353,W2523108031,1,actual_openalex_reference,test,openalex_social_sciences_200
W3162989353,W2593901133,1,actual_openalex_reference,test,openalex_social_sciences_200
W3162989353,W2596511676,1,actual_openalex_reference,test,openalex_social_sciences_200
W3162989353,W2606017825,1,actual_openalex_reference,test,openalex_social_sciences_200
W3162989353,W2734179981,1,actual_openalex_reference,test,openalex_social_sciences_200
W3162989353,W2752384816,1,actual_openalex_reference,test,openalex_social_sciences_200
W3162989353,W2754239581,1,actual_openalex_reference,test,openalex_social_sciences_200
W3162989353,W2782141648,1,actual_openalex_reference,test,openalex_social_sciences_200
W3162989353,W2887864579,1,actual_openalex_reference,test,openalex_social_sciences_200
W3162989353,W2906045329,1,actual_openalex_reference,test,openalex_social_sciences_200
W3162989353,W2954109107,1,actual_openalex_reference,test,openalex_social_sciences_200
W3162989353,W2966957892,1,actual_openalex_reference,test,openalex_social_sciences_200
W3162989353,W2987923300,1,actual_openalex_reference,test,openalex_social_sciences_200
W3162989353,W3006401945,1,actual_openalex_reference,test,openalex_social_sciences_200
W3162989353,W3008715491,1,actual_openalex_reference,test,openalex_social_sciences_200
W3162989353,W3081083206,1,actual_openalex_reference,test,openalex_social_sciences_200
W3162989353,W3125395936,1,actual_openalex_reference,test,openalex_social_sciences_200
W3162989353,W4206675716,1,actual_openalex_reference,test,openalex_social_sciences_200
W3162989353,W4232738856,1,actual_openalex_reference,test,openalex_social_sciences_200
W3162989353,W4233787546,1,actual_openalex_reference,test,openalex_social_sciences_200
W3162989353,W4253286927,1,actual_openalex_reference,test,openalex_social_sciences_200
W3162989353,W4293402844,1,actual_openalex_reference,test,openalex_social_sciences_200
W3010124645,W33352669,1,actual_openalex_reference,test,openalex_social_sciences_200
W3010124645,W47660908,1,actual_openalex_reference,test,openalex_social_sciences_200
W3010124645,W600769272,1,actual_openalex_reference,test,openalex_social_sciences_200
W3010124645,W1482067019,1,actual_openalex_reference,test,openalex_social_sciences_200
W3010124645,W1773853823,1,actual_openalex_reference,test,openalex_social_sciences_200
W3010124645,W1991978947,1,actual_openalex_reference,test,openalex_social_sciences_200
W3010124645,W2080708425,1,actual_openalex_reference,test,openalex_social_sciences_200
W3010124645,W2102343719,1,actual_openalex_reference,test,openalex_social_sciences_200
W3010124645,W2114953651,1,actual_openalex_reference,test,openalex_social_sciences_200
W3010124645,W2145691096,1,actual_openalex_reference,test,openalex_social_sciences_200
W3010124645,W2159593953,1,actual_openalex_reference,test,openalex_social_sciences_200
W3010124645,W2162838272,1,actual_openalex_reference,test,openalex_social_sciences_200
W3010124645,W2246175679,1,actual_openalex_reference,test,openalex_social_sciences_200
W3010124645,W2608595774,1,actual_openalex_reference,test,openalex_social_sciences_200
W3010124645,W2888847784,1,actual_openalex_reference,test,openalex_social_sciences_200
W3010124645,W2916435845,1,actual_openalex_reference,test,openalex_social_sciences_200
W3010124645,W3122817851,1,actual_openalex_reference,test,openalex_social_sciences_200
W3010124645,W3123157806,1,actual_openalex_reference,test,openalex_social_sciences_200
W3010124645,W4232981813,1,actual_openalex_reference,test,openalex_social_sciences_200
W3010124645,W4245834932,1,actual_openalex_reference,test,openalex_social_sciences_200
W3092549124,W2612172804,1,actual_openalex_reference,test,openalex_social_sciences_200
W3213305118,W56595803,1,actual_openalex_reference,test,openalex_social_sciences_200
W3213305118,W255051314,1,actual_openalex_reference,test,openalex_social_sciences_200
W3213305118,W583744761,1,actual_openalex_reference,test,openalex_social_sciences_200
W3213305118,W1978630615,1,actual_openalex_reference,test,openalex_social_sciences_200
W3213305118,W1983115028,1,actual_openalex_reference,test,openalex_social_sciences_200
W3213305118,W1984481023,1,actual_openalex_reference,test,openalex_social_sciences_200
W3213305118,W1985775810,1,actual_openalex_reference,test,openalex_social_sciences_200
W3213305118,W1986685492,1,actual_openalex_reference,test,openalex_social_sciences_200
W3213305118,W1987881454,1,actual_openalex_reference,test,openalex_social_sciences_200
W3213305118,W1989538345,1,actual_openalex_reference,test,openalex_social_sciences_200
W3213305118,W1990837836,1,actual_openalex_reference,test,openalex_social_sciences_200
W3213305118,W1995719778,1,actual_openalex_reference,test,openalex_social_sciences_200
W3213305118,W2016552759,1,actual_openalex_reference,test,openalex_social_sciences_200
W3213305118,W2024551738,1,actual_openalex_reference,test,openalex_social_sciences_200
W3213305118,W2025984749,1,actual_openalex_reference,test,openalex_social_sciences_200
W3213305118,W2029376406,1,actual_openalex_reference,test,openalex_social_sciences_200
W3213305118,W2034615756,1,actual_openalex_reference,test,openalex_social_sciences_200
W3213305118,W2037710531,1,actual_openalex_reference,test,openalex_social_sciences_200
W3213305118,W2041204043,1,actual_openalex_reference,test,openalex_social_sciences_200
W3213305118,W2043777569,1,actual_openalex_reference,test,openalex_social_sciences_200
W3213305118,W2047008475,1,actual_openalex_reference,test,openalex_social_sciences_200
W3213305118,W2050000497,1,actual_openalex_reference,test,openalex_social_sciences_200
W3213305118,W2050679492,1,actual_openalex_reference,test,openalex_social_sciences_200
W3213305118,W2067589470,1,actual_openalex_reference,test,openalex_social_sciences_200
W3213305118,W2072906392,1,actual_openalex_reference,test,openalex_social_sciences_200
W3213305118,W2079932420,1,actual_openalex_reference,test,openalex_social_sciences_200
W3213305118,W2085479960,1,actual_openalex_reference,test,openalex_social_sciences_200
W3213305118,W2086037146,1,actual_openalex_reference,test,openalex_social_sciences_200
W3213305118,W2086935093,1,actual_openalex_reference,test,openalex_social_sciences_200
W3213305118,W2096951275,1,actual_openalex_reference,test,openalex_social_sciences_200
W3213305118,W2097009687,1,actual_openalex_reference,test,openalex_social_sciences_200
W3213305118,W2101600706,1,actual_openalex_reference,test,openalex_social_sciences_200
W3213305118,W2106096361,1,actual_openalex_reference,test,openalex_social_sciences_200
W3213305118,W2113193688,1,actual_openalex_reference,test,openalex_social_sciences_200
W3213305118,W2119092313,1,actual_openalex_reference,test,openalex_social_sciences_200
W3213305118,W2120338065,1,actual_openalex_reference,test,openalex_social_sciences_200
W3213305118,W2121272057,1,actual_openalex_reference,test,openalex_social_sciences_200
W3213305118,W2123430461,1,actual_openalex_reference,test,openalex_social_sciences_200
W3213305118,W2124713964,1,actual_openalex_reference,test,openalex_social_sciences_200
W3213305118,W2126129668,1,actual_openalex_reference,test,openalex_social_sciences_200
W3213305118,W2132199097,1,actual_openalex_reference,test,openalex_social_sciences_200
W3213305118,W2143829762,1,actual_openalex_reference,test,openalex_social_sciences_200
W3213305118,W2145333205,1,actual_openalex_reference,test,openalex_social_sciences_200
W3213305118,W2150790720,1,actual_openalex_reference,test,openalex_social_sciences_200
W3213305118,W2155399868,1,actual_openalex_reference,test,openalex_social_sciences_200
W3213305118,W2155754733,1,actual_openalex_reference,test,openalex_social_sciences_200
W3213305118,W2161861539,1,actual_openalex_reference,test,openalex_social_sciences_200
W3213305118,W2162410835,1,actual_openalex_reference,test,openalex_social_sciences_200
W3213305118,W2164356966,1,actual_openalex_reference,test,openalex_social_sciences_200
W3213305118,W2171002512,1,actual_openalex_reference,test,openalex_social_sciences_200
W3213305118,W2294381801,1,actual_openalex_reference,test,openalex_social_sciences_200
W3213305118,W2304978916,1,actual_openalex_reference,test,openalex_social_sciences_200
W3213305118,W2358289624,1,actual_openalex_reference,test,openalex_social_sciences_200
W3213305118,W2573466257,1,actual_openalex_reference,test,openalex_social_sciences_200
W3213305118,W2586876323,1,actual_openalex_reference,test,openalex_social_sciences_200
W3213305118,W2587897780,1,actual_openalex_reference,test,openalex_social_sciences_200
W3213305118,W2597798856,1,actual_openalex_reference,test,openalex_social_sciences_200
W3213305118,W2902099732,1,actual_openalex_reference,test,openalex_social_sciences_200
W3213305118,W2951878637,1,actual_openalex_reference,test,openalex_social_sciences_200
W3213305118,W3027506207,1,actual_openalex_reference,test,openalex_social_sciences_200
W3213305118,W3145416692,1,actual_openalex_reference,test,openalex_social_sciences_200
W3213305118,W4241014801,1,actual_openalex_reference,test,openalex_social_sciences_200
W3213305118,W4252904102,1,actual_openalex_reference,test,openalex_social_sciences_200
W3203523592,W110111080,1,actual_openalex_reference,test,openalex_social_sciences_200
W3203523592,W131881834,1,actual_openalex_reference,test,openalex_social_sciences_200
W3203523592,W222997118,1,actual_openalex_reference,test,openalex_social_sciences_200
W3203523592,W1537696910,1,actual_openalex_reference,test,openalex_social_sciences_200
W3203523592,W1954045752,1,actual_openalex_reference,test,openalex_social_sciences_200
W3203523592,W1967285001,1,actual_openalex_reference,test,openalex_social_sciences_200
W3203523592,W1973329618,1,actual_openalex_reference,test,openalex_social_sciences_200
W3203523592,W1975280348,1,actual_openalex_reference,test,openalex_social_sciences_200
W3203523592,W1980775666,1,actual_openalex_reference,test,openalex_social_sciences_200
W3203523592,W1999909080,1,actual_openalex_reference,test,openalex_social_sciences_200
W3203523592,W2015852463,1,actual_openalex_reference,test,openalex_social_sciences_200
W3203523592,W2033883929,1,actual_openalex_reference,test,openalex_social_sciences_200
W3203523592,W2040607901,1,actual_openalex_reference,test,openalex_social_sciences_200
W3203523592,W2062154654,1,actual_openalex_reference,test,openalex_social_sciences_200
W3203523592,W2066916480,1,actual_openalex_reference,test,openalex_social_sciences_200
W3203523592,W2069015912,1,actual_openalex_reference,test,openalex_social_sciences_200
W3203523592,W2072253009,1,actual_openalex_reference,test,openalex_social_sciences_200
W3203523592,W2075716908,1,actual_openalex_reference,test,openalex_social_sciences_200
W3203523592,W2086299222,1,actual_openalex_reference,test,openalex_social_sciences_200
W3203523592,W2104190044,1,actual_openalex_reference,test,openalex_social_sciences_200
W3203523592,W2106935254,1,actual_openalex_reference,test,openalex_social_sciences_200
W3203523592,W2111500518,1,actual_openalex_reference,test,openalex_social_sciences_200
W3203523592,W2120910441,1,actual_openalex_reference,test,openalex_social_sciences_200
W3203523592,W2125977961,1,actual_openalex_reference,test,openalex_social_sciences_200
W3203523592,W2127487140,1,actual_openalex_reference,test,openalex_social_sciences_200
W3203523592,W2149803681,1,actual_openalex_reference,test,openalex_social_sciences_200
W3203523592,W2153864281,1,actual_openalex_reference,test,openalex_social_sciences_200
W3203523592,W2166128272,1,actual_openalex_reference,test,openalex_social_sciences_200
W3203523592,W2294193807,1,actual_openalex_reference,test,openalex_social_sciences_200
W3203523592,W2315437849,1,actual_openalex_reference,test,openalex_social_sciences_200
W3203523592,W2319518607,1,actual_openalex_reference,test,openalex_social_sciences_200
W3203523592,W2320845494,1,actual_openalex_reference,test,openalex_social_sciences_200
W3203523592,W2321550708,1,actual_openalex_reference,test,openalex_social_sciences_200
W3203523592,W2325384519,1,actual_openalex_reference,test,openalex_social_sciences_200
W3203523592,W2325961213,1,actual_openalex_reference,test,openalex_social_sciences_200
W3203523592,W2328418521,1,actual_openalex_reference,test,openalex_social_sciences_200
W3203523592,W2329528706,1,actual_openalex_reference,test,openalex_social_sciences_200
W3203523592,W2334543593,1,actual_openalex_reference,test,openalex_social_sciences_200
W3203523592,W2339060587,1,actual_openalex_reference,test,openalex_social_sciences_200
W3203523592,W2483913908,1,actual_openalex_reference,test,openalex_social_sciences_200
W3203523592,W2497271667,1,actual_openalex_reference,test,openalex_social_sciences_200
W3203523592,W2606940222,1,actual_openalex_reference,test,openalex_social_sciences_200
W3203523592,W2611176864,1,actual_openalex_reference,test,openalex_social_sciences_200
W3203523592,W2613424622,1,actual_openalex_reference,test,openalex_social_sciences_200
W3203523592,W2778391036,1,actual_openalex_reference,test,openalex_social_sciences_200
W3203523592,W2807268890,1,actual_openalex_reference,test,openalex_social_sciences_200
W3203523592,W2810423787,1,actual_openalex_reference,test,openalex_social_sciences_200
W3203523592,W2894588978,1,actual_openalex_reference,test,openalex_social_sciences_200
W3203523592,W2895552032,1,actual_openalex_reference,test,openalex_social_sciences_200
W3203523592,W2961354342,1,actual_openalex_reference,test,openalex_social_sciences_200
W3203523592,W3089844257,1,actual_openalex_reference,test,openalex_social_sciences_200
W3203523592,W3130215821,1,actual_openalex_reference,test,openalex_social_sciences_200
W3203523592,W3130264435,1,actual_openalex_reference,test,openalex_social_sciences_200
W3203523592,W3130795875,1,actual_openalex_reference,test,openalex_social_sciences_200
W3203523592,W3131044545,1,actual_openalex_reference,test,openalex_social_sciences_200
W3203523592,W3132031980,1,actual_openalex_reference,test,openalex_social_sciences_200
W3203523592,W4205341065,1,actual_openalex_reference,test,openalex_social_sciences_200
W3203523592,W4211163592,1,actual_openalex_reference,test,openalex_social_sciences_200
W3203523592,W4229554142,1,actual_openalex_reference,test,openalex_social_sciences_200
W3203523592,W4230700552,1,actual_openalex_reference,test,openalex_social_sciences_200
W3203523592,W4238090038,1,actual_openalex_reference,test,openalex_social_sciences_200
W3203523592,W4240280763,1,actual_openalex_reference,test,openalex_social_sciences_200
W3203523592,W4249126562,1,actual_openalex_reference,test,openalex_social_sciences_200
W3203523592,W4250279359,1,actual_openalex_reference,test,openalex_social_sciences_200
W3203523592,W4250868185,1,actual_openalex_reference,test,openalex_social_sciences_200
W3203523592,W4300107936,1,actual_openalex_reference,test,openalex_social_sciences_200
W3203523592,W4301350019,1,actual_openalex_reference,test,openalex_social_sciences_200
W3203523592,W4385886518,1,actual_openalex_reference,test,openalex_social_sciences_200
W2947249330,W1488078419,1,actual_openalex_reference,test,openalex_social_sciences_200
W2947249330,W1548098784,1,actual_openalex_reference,test,openalex_social_sciences_200
W2947249330,W1962739454,1,actual_openalex_reference,test,openalex_social_sciences_200
W2947249330,W1975107026,1,actual_openalex_reference,test,openalex_social_sciences_200
W2947249330,W2024064084,1,actual_openalex_reference,test,openalex_social_sciences_200
W2947249330,W2056725025,1,actual_openalex_reference,test,openalex_social_sciences_200
W2947249330,W2064499067,1,actual_openalex_reference,test,openalex_social_sciences_200
W2947249330,W2073171730,1,actual_openalex_reference,test,openalex_social_sciences_200
W2947249330,W2079345822,1,actual_openalex_reference,test,openalex_social_sciences_200
W2947249330,W2083831221,1,actual_openalex_reference,test,openalex_social_sciences_200
W2947249330,W2151230234,1,actual_openalex_reference,test,openalex_social_sciences_200
W2947249330,W2155825733,1,actual_openalex_reference,test,openalex_social_sciences_200
W2947249330,W2156725384,1,actual_openalex_reference,test,openalex_social_sciences_200
W2947249330,W2165616042,1,actual_openalex_reference,test,openalex_social_sciences_200
W2947249330,W2169500509,1,actual_openalex_reference,test,openalex_social_sciences_200
W2947249330,W2191280259,1,actual_openalex_reference,test,openalex_social_sciences_200
W2947249330,W2258665616,1,actual_openalex_reference,test,openalex_social_sciences_200
W2947249330,W2430074121,1,actual_openalex_reference,test,openalex_social_sciences_200
W2947249330,W2613623559,1,actual_openalex_reference,test,openalex_social_sciences_200
W2947249330,W2730067672,1,actual_openalex_reference,test,openalex_social_sciences_200
W2947249330,W2903838011,1,actual_openalex_reference,test,openalex_social_sciences_200
W2993007861,W1604901104,1,actual_openalex_reference,test,openalex_social_sciences_200
W2993007861,W1969168758,1,actual_openalex_reference,test,openalex_social_sciences_200
W2993007861,W2002398391,1,actual_openalex_reference,test,openalex_social_sciences_200
W2993007861,W2005944238,1,actual_openalex_reference,test,openalex_social_sciences_200
W2993007861,W2031737843,1,actual_openalex_reference,test,openalex_social_sciences_200
W2993007861,W2043326867,1,actual_openalex_reference,test,openalex_social_sciences_200
W2993007861,W2064476099,1,actual_openalex_reference,test,openalex_social_sciences_200
W2993007861,W2108201645,1,actual_openalex_reference,test,openalex_social_sciences_200
W2993007861,W2115987068,1,actual_openalex_reference,test,openalex_social_sciences_200
W2993007861,W2121101455,1,actual_openalex_reference,test,openalex_social_sciences_200
W2993007861,W2126155747,1,actual_openalex_reference,test,openalex_social_sciences_200
W2993007861,W2144296151,1,actual_openalex_reference,test,openalex_social_sciences_200
W2993007861,W2155258965,1,actual_openalex_reference,test,openalex_social_sciences_200
W2993007861,W2171354608,1,actual_openalex_reference,test,openalex_social_sciences_200
W2993007861,W2174495207,1,actual_openalex_reference,test,openalex_social_sciences_200
W2993007861,W2192957033,1,actual_openalex_reference,test,openalex_social_sciences_200
W2993007861,W2282877123,1,actual_openalex_reference,test,openalex_social_sciences_200
W2993007861,W2482985965,1,actual_openalex_reference,test,openalex_social_sciences_200
W2993007861,W2493221863,1,actual_openalex_reference,test,openalex_social_sciences_200
W2993007861,W2547410422,1,actual_openalex_reference,test,openalex_social_sciences_200
W2993007861,W2582596794,1,actual_openalex_reference,test,openalex_social_sciences_200
W2993007861,W2586963688,1,actual_openalex_reference,test,openalex_social_sciences_200
W2993007861,W2599239823,1,actual_openalex_reference,test,openalex_social_sciences_200
W2993007861,W2612343580,1,actual_openalex_reference,test,openalex_social_sciences_200
W2993007861,W2780287795,1,actual_openalex_reference,test,openalex_social_sciences_200
W2993007861,W2913207216,1,actual_openalex_reference,test,openalex_social_sciences_200
W2993007861,W4230769889,1,actual_openalex_reference,test,openalex_social_sciences_200
W2993007861,W4239748718,1,actual_openalex_reference,test,openalex_social_sciences_200
W2993007861,W4254039489,1,actual_openalex_reference,test,openalex_social_sciences_200
W2942760597,W67810416,1,actual_openalex_reference,test,openalex_social_sciences_200
W2942760597,W277267980,1,actual_openalex_reference,test,openalex_social_sciences_200
W2942760597,W1508531454,1,actual_openalex_reference,test,openalex_social_sciences_200
W2942760597,W1530449512,1,actual_openalex_reference,test,openalex_social_sciences_200
W2942760597,W1565350332,1,actual_openalex_reference,test,openalex_social_sciences_200
W2942760597,W1615396616,1,actual_openalex_reference,test,openalex_social_sciences_200
W2942760597,W1694273205,1,actual_openalex_reference,test,openalex_social_sciences_200
W2942760597,W1791587663,1,actual_openalex_reference,test,openalex_social_sciences_200
W2942760597,W1971727461,1,actual_openalex_reference,test,openalex_social_sciences_200
W2942760597,W2028053442,1,actual_openalex_reference,test,openalex_social_sciences_200
W2942760597,W2034866908,1,actual_openalex_reference,test,openalex_social_sciences_200
W2942760597,W2062174037,1,actual_openalex_reference,test,openalex_social_sciences_200
W2942760597,W2071687304,1,actual_openalex_reference,test,openalex_social_sciences_200
W2942760597,W2096934344,1,actual_openalex_reference,test,openalex_social_sciences_200
W2942760597,W2098888830,1,actual_openalex_reference,test,openalex_social_sciences_200
W2942760597,W2119679964,1,actual_openalex_reference,test,openalex_social_sciences_200
W2942760597,W2121425850,1,actual_openalex_reference,test,openalex_social_sciences_200
W2942760597,W2126101842,1,actual_openalex_reference,test,openalex_social_sciences_200
W2942760597,W2137295401,1,actual_openalex_reference,test,openalex_social_sciences_200
W2942760597,W2143872755,1,actual_openalex_reference,test,openalex_social_sciences_200
W2942760597,W2149609808,1,actual_openalex_reference,test,openalex_social_sciences_200
W2942760597,W2160107503,1,actual_openalex_reference,test,openalex_social_sciences_200
W2942760597,W2178094735,1,actual_openalex_reference,test,openalex_social_sciences_200
W2942760597,W2184256402,1,actual_openalex_reference,test,openalex_social_sciences_200
W2942760597,W2460988948,1,actual_openalex_reference,test,openalex_social_sciences_200
W2942760597,W2575373622,1,actual_openalex_reference,test,openalex_social_sciences_200
W2942760597,W2586485931,1,actual_openalex_reference,test,openalex_social_sciences_200
W2942760597,W2589115658,1,actual_openalex_reference,test,openalex_social_sciences_200
W2942760597,W2608339417,1,actual_openalex_reference,test,openalex_social_sciences_200
W3137093276,W1911634590,1,actual_openalex_reference,test,openalex_social_sciences_200
W3137093276,W1965349186,1,actual_openalex_reference,test,openalex_social_sciences_200
W3137093276,W2021949956,1,actual_openalex_reference,test,openalex_social_sciences_200
W3137093276,W2034005067,1,actual_openalex_reference,test,openalex_social_sciences_200
W3137093276,W2039644598,1,actual_openalex_reference,test,openalex_social_sciences_200
W3137093276,W2040006249,1,actual_openalex_reference,test,openalex_social_sciences_200
W3137093276,W2066114260,1,actual_openalex_reference,test,openalex_social_sciences_200
W3137093276,W2073700701,1,actual_openalex_reference,test,openalex_social_sciences_200
W3137093276,W2094869127,1,actual_openalex_reference,test,openalex_social_sciences_200
W3137093276,W2095737389,1,actual_openalex_reference,test,openalex_social_sciences_200
W3137093276,W2314937632,1,actual_openalex_reference,test,openalex_social_sciences_200
W3137093276,W2317910421,1,actual_openalex_reference,test,openalex_social_sciences_200
W3137093276,W2323542080,1,actual_openalex_reference,test,openalex_social_sciences_200
W3137093276,W2330018243,1,actual_openalex_reference,test,openalex_social_sciences_200
W3137093276,W2333608007,1,actual_openalex_reference,test,openalex_social_sciences_200
W3137093276,W2566429069,1,actual_openalex_reference,test,openalex_social_sciences_200
W3137093276,W2789947526,1,actual_openalex_reference,test,openalex_social_sciences_200
W3137093276,W2899623983,1,actual_openalex_reference,test,openalex_social_sciences_200
W3137093276,W2951892057,1,actual_openalex_reference,test,openalex_social_sciences_200
W3137093276,W2955491828,1,actual_openalex_reference,test,openalex_social_sciences_200
W3137093276,W4230403012,1,actual_openalex_reference,test,openalex_social_sciences_200
W3137093276,W4238148806,1,actual_openalex_reference,test,openalex_social_sciences_200
W3137093276,W4238828868,1,actual_openalex_reference,test,openalex_social_sciences_200
W3137093276,W4239970553,1,actual_openalex_reference,test,openalex_social_sciences_200
W3137093276,W4240824791,1,actual_openalex_reference,test,openalex_social_sciences_200
W3137093276,W4248101435,1,actual_openalex_reference,test,openalex_social_sciences_200
W3137093276,W4249467748,1,actual_openalex_reference,test,openalex_social_sciences_200
W3137093276,W4252316183,1,actual_openalex_reference,test,openalex_social_sciences_200
W3137093276,W4383767575,1,actual_openalex_reference,test,openalex_social_sciences_200
W3021828210,W1947201006,1,actual_openalex_reference,test,openalex_social_sciences_200
W3021828210,W1964201191,1,actual_openalex_reference,test,openalex_social_sciences_200
W3021828210,W1991858742,1,actual_openalex_reference,test,openalex_social_sciences_200
W3021828210,W1995946306,1,actual_openalex_reference,test,openalex_social_sciences_200
W3021828210,W2005194721,1,actual_openalex_reference,test,openalex_social_sciences_200
W3021828210,W2009187570,1,actual_openalex_reference,test,openalex_social_sciences_200
W3021828210,W2018955353,1,actual_openalex_reference,test,openalex_social_sciences_200
W3021828210,W2038846578,1,actual_openalex_reference,test,openalex_social_sciences_200
W3021828210,W2052534047,1,actual_openalex_reference,test,openalex_social_sciences_200
W3021828210,W2071509057,1,actual_openalex_reference,test,openalex_social_sciences_200
W3021828210,W2090014200,1,actual_openalex_reference,test,openalex_social_sciences_200
W3021828210,W2099511111,1,actual_openalex_reference,test,openalex_social_sciences_200
W3021828210,W2103226804,1,actual_openalex_reference,test,openalex_social_sciences_200
W3021828210,W2107577790,1,actual_openalex_reference,test,openalex_social_sciences_200
W3021828210,W2120641544,1,actual_openalex_reference,test,openalex_social_sciences_200
W3021828210,W2122477279,1,actual_openalex_reference,test,openalex_social_sciences_200
W3021828210,W2129290759,1,actual_openalex_reference,test,openalex_social_sciences_200
W3021828210,W2131586477,1,actual_openalex_reference,test,openalex_social_sciences_200
W3021828210,W2137664821,1,actual_openalex_reference,test,openalex_social_sciences_200
W3021828210,W2142495742,1,actual_openalex_reference,test,openalex_social_sciences_200
W3021828210,W2149115201,1,actual_openalex_reference,test,openalex_social_sciences_200
W3021828210,W2150704745,1,actual_openalex_reference,test,openalex_social_sciences_200
W3021828210,W2151119363,1,actual_openalex_reference,test,openalex_social_sciences_200
W3021828210,W2159105577,1,actual_openalex_reference,test,openalex_social_sciences_200
W3021828210,W2161874839,1,actual_openalex_reference,test,openalex_social_sciences_200
W3021828210,W2171524950,1,actual_openalex_reference,test,openalex_social_sciences_200
W3021828210,W2183700909,1,actual_openalex_reference,test,openalex_social_sciences_200
W3021828210,W2233308156,1,actual_openalex_reference,test,openalex_social_sciences_200
W3021828210,W2261538799,1,actual_openalex_reference,test,openalex_social_sciences_200
W3021828210,W2266863819,1,actual_openalex_reference,test,openalex_social_sciences_200
W3021828210,W2402391154,1,actual_openalex_reference,test,openalex_social_sciences_200
W3021828210,W2412655276,1,actual_openalex_reference,test,openalex_social_sciences_200
W3021828210,W2467640079,1,actual_openalex_reference,test,openalex_social_sciences_200
W3021828210,W2473931794,1,actual_openalex_reference,test,openalex_social_sciences_200
W3021828210,W2571797687,1,actual_openalex_reference,test,openalex_social_sciences_200
W3021828210,W2595724604,1,actual_openalex_reference,test,openalex_social_sciences_200
W3021828210,W2614601972,1,actual_openalex_reference,test,openalex_social_sciences_200
W3021828210,W2737186010,1,actual_openalex_reference,test,openalex_social_sciences_200
W3021828210,W2753252511,1,actual_openalex_reference,test,openalex_social_sciences_200
W3021828210,W2776267027,1,actual_openalex_reference,test,openalex_social_sciences_200
W3021828210,W2891635110,1,actual_openalex_reference,test,openalex_social_sciences_200
W3021828210,W2892013400,1,actual_openalex_reference,test,openalex_social_sciences_200
W3021828210,W2897639263,1,actual_openalex_reference,test,openalex_social_sciences_200
W3021828210,W2906702113,1,actual_openalex_reference,test,openalex_social_sciences_200
W3021828210,W2912629063,1,actual_openalex_reference,test,openalex_social_sciences_200
W3021828210,W2948772379,1,actual_openalex_reference,test,openalex_social_sciences_200
W3021828210,W2977265621,1,actual_openalex_reference,test,openalex_social_sciences_200
W4409759175,W1800642240,1,actual_openalex_reference,test,openalex_social_sciences_200
W4409759175,W1963931180,1,actual_openalex_reference,test,openalex_social_sciences_200
W4409759175,W1972438129,1,actual_openalex_reference,test,openalex_social_sciences_200
W4409759175,W2067652191,1,actual_openalex_reference,test,openalex_social_sciences_200
W4409759175,W2077372466,1,actual_openalex_reference,test,openalex_social_sciences_200
W4409759175,W2105938655,1,actual_openalex_reference,test,openalex_social_sciences_200
W4409759175,W2142614344,1,actual_openalex_reference,test,openalex_social_sciences_200
W4409759175,W2167559407,1,actual_openalex_reference,test,openalex_social_sciences_200
W4409759175,W2326940691,1,actual_openalex_reference,test,openalex_social_sciences_200
W4409759175,W2396339611,1,actual_openalex_reference,test,openalex_social_sciences_200
W4409759175,W2524597629,1,actual_openalex_reference,test,openalex_social_sciences_200
W4409759175,W2770521065,1,actual_openalex_reference,test,openalex_social_sciences_200
W4409759175,W2793694906,1,actual_openalex_reference,test,openalex_social_sciences_200
W4409759175,W2795914639,1,actual_openalex_reference,test,openalex_social_sciences_200
W4409759175,W2953680548,1,actual_openalex_reference,test,openalex_social_sciences_200
W4409759175,W2979484810,1,actual_openalex_reference,test,openalex_social_sciences_200
W4409759175,W2997002603,1,actual_openalex_reference,test,openalex_social_sciences_200
W4409759175,W3007590035,1,actual_openalex_reference,test,openalex_social_sciences_200
W4409759175,W3022530794,1,actual_openalex_reference,test,openalex_social_sciences_200
W4409759175,W3024186134,1,actual_openalex_reference,test,openalex_social_sciences_200
W4409759175,W3093090903,1,actual_openalex_reference,test,openalex_social_sciences_200
W4409759175,W3101561836,1,actual_openalex_reference,test,openalex_social_sciences_200
W4409759175,W3114670325,1,actual_openalex_reference,test,openalex_social_sciences_200
W4409759175,W3118537661,1,actual_openalex_reference,test,openalex_social_sciences_200
W4409759175,W3118945407,1,actual_openalex_reference,test,openalex_social_sciences_200
W4409759175,W3162076567,1,actual_openalex_reference,test,openalex_social_sciences_200
W4409759175,W3164059846,1,actual_openalex_reference,test,openalex_social_sciences_200
W4409759175,W3165762062,1,actual_openalex_reference,test,openalex_social_sciences_200
W4409759175,W4206123857,1,actual_openalex_reference,test,openalex_social_sciences_200
W4409759175,W4213069707,1,actual_openalex_reference,test,openalex_social_sciences_200
W4409759175,W4214862237,1,actual_openalex_reference,test,openalex_social_sciences_200
W4409759175,W4224282451,1,actual_openalex_reference,test,openalex_social_sciences_200
W4409759175,W4229450535,1,actual_openalex_reference,test,openalex_social_sciences_200
W4409759175,W4281731082,1,actual_openalex_reference,test,openalex_social_sciences_200
W4409759175,W4292372877,1,actual_openalex_reference,test,openalex_social_sciences_200
W4409759175,W4390011841,1,actual_openalex_reference,test,openalex_social_sciences_200
W4409759175,W4401257563,1,actual_openalex_reference,test,openalex_social_sciences_200
W7153800228,W655092619,1,actual_openalex_reference,test,openalex_social_sciences_200
W7153800228,W1587843140,1,actual_openalex_reference,test,openalex_social_sciences_200
W7153800228,W2039584637,1,actual_openalex_reference,test,openalex_social_sciences_200
W7153800228,W2052569719,1,actual_openalex_reference,test,openalex_social_sciences_200
W7153800228,W2057659248,1,actual_openalex_reference,test,openalex_social_sciences_200
W7153800228,W2063100398,1,actual_openalex_reference,test,openalex_social_sciences_200
W7153800228,W2091908773,1,actual_openalex_reference,test,openalex_social_sciences_200
W7153800228,W2112420714,1,actual_openalex_reference,test,openalex_social_sciences_200
W7153800228,W2124834391,1,actual_openalex_reference,test,openalex_social_sciences_200
W7153800228,W2137439514,1,actual_openalex_reference,test,openalex_social_sciences_200
W7153800228,W2752987429,1,actual_openalex_reference,test,openalex_social_sciences_200
W7153800228,W2760203863,1,actual_openalex_reference,test,openalex_social_sciences_200
W7153800228,W2768241612,1,actual_openalex_reference,test,openalex_social_sciences_200
W7153800228,W2792364812,1,actual_openalex_reference,test,openalex_social_sciences_200
W7153800228,W2885277987,1,actual_openalex_reference,test,openalex_social_sciences_200
W7153800228,W2904984886,1,actual_openalex_reference,test,openalex_social_sciences_200
W7153800228,W3018473585,1,actual_openalex_reference,test,openalex_social_sciences_200
W7153800228,W3188102782,1,actual_openalex_reference,test,openalex_social_sciences_200
W7153800228,W4233015338,1,actual_openalex_reference,test,openalex_social_sciences_200
W7153800228,W4256002387,1,actual_openalex_reference,test,openalex_social_sciences_200
W7153800228,W4295664466,1,actual_openalex_reference,test,openalex_social_sciences_200
W7153800228,W4306945331,1,actual_openalex_reference,test,openalex_social_sciences_200
W7153800228,W4324139871,1,actual_openalex_reference,test,openalex_social_sciences_200
W7153800228,W4362720562,1,actual_openalex_reference,test,openalex_social_sciences_200
W7153800228,W4380203776,1,actual_openalex_reference,test,openalex_social_sciences_200
W7153800228,W4392751470,1,actual_openalex_reference,test,openalex_social_sciences_200
W7153800228,W4406626185,1,actual_openalex_reference,test,openalex_social_sciences_200
W7153800228,W4410056623,1,actual_openalex_reference,test,openalex_social_sciences_200
W4383682540,W149426004,1,actual_openalex_reference,test,openalex_social_sciences_200
W4383682540,W1561276137,1,actual_openalex_reference,test,openalex_social_sciences_200
W4383682540,W2014457333,1,actual_openalex_reference,test,openalex_social_sciences_200
W4383682540,W4251085649,1,actual_openalex_reference,test,openalex_social_sciences_200
W4383682540,W4317826370,1,actual_openalex_reference,test,openalex_social_sciences_200
W7165770952,W1518168251,1,actual_openalex_reference,test,openalex_social_sciences_200
W7165770952,W1916795419,1,actual_openalex_reference,test,openalex_social_sciences_200
W7165770952,W1952727299,1,actual_openalex_reference,test,openalex_social_sciences_200
W7165770952,W1971004707,1,actual_openalex_reference,test,openalex_social_sciences_200
W7165770952,W1971515635,1,actual_openalex_reference,test,openalex_social_sciences_200
W7165770952,W1978806777,1,actual_openalex_reference,test,openalex_social_sciences_200
W7165770952,W1989452178,1,actual_openalex_reference,test,openalex_social_sciences_200
W7165770952,W2028630620,1,actual_openalex_reference,test,openalex_social_sciences_200
W7165770952,W2034989323,1,actual_openalex_reference,test,openalex_social_sciences_200
W7165770952,W2094947488,1,actual_openalex_reference,test,openalex_social_sciences_200
W7165770952,W2110742065,1,actual_openalex_reference,test,openalex_social_sciences_200
W7165770952,W2125784674,1,actual_openalex_reference,test,openalex_social_sciences_200
W7165770952,W2135377137,1,actual_openalex_reference,test,openalex_social_sciences_200
W7165770952,W2140298653,1,actual_openalex_reference,test,openalex_social_sciences_200
W7165770952,W2147420669,1,actual_openalex_reference,test,openalex_social_sciences_200
W7165770952,W2160735368,1,actual_openalex_reference,test,openalex_social_sciences_200
W7165770952,W2164158552,1,actual_openalex_reference,test,openalex_social_sciences_200
W7165770952,W2592359670,1,actual_openalex_reference,test,openalex_social_sciences_200
W7165770952,W2625146263,1,actual_openalex_reference,test,openalex_social_sciences_200
W7165770952,W2734665310,1,actual_openalex_reference,test,openalex_social_sciences_200
W7165770952,W2749408740,1,actual_openalex_reference,test,openalex_social_sciences_200
W7165770952,W2757642543,1,actual_openalex_reference,test,openalex_social_sciences_200
W7165770952,W2885260231,1,actual_openalex_reference,test,openalex_social_sciences_200
W7165770952,W3092511022,1,actual_openalex_reference,test,openalex_social_sciences_200
W7165770952,W4210832424,1,actual_openalex_reference,test,openalex_social_sciences_200
W7165770952,W4293089545,1,actual_openalex_reference,test,openalex_social_sciences_200
W7165770952,W4307116522,1,actual_openalex_reference,test,openalex_social_sciences_200
W7165770952,W4313543490,1,actual_openalex_reference,test,openalex_social_sciences_200
W7165770952,W4366984176,1,actual_openalex_reference,test,openalex_social_sciences_200
W7165770952,W4386843527,1,actual_openalex_reference,test,openalex_social_sciences_200
W7165770952,W4405287624,1,actual_openalex_reference,test,openalex_social_sciences_200
W7165770952,W4407062198,1,actual_openalex_reference,test,openalex_social_sciences_200
W7165770952,W4409087921,1,actual_openalex_reference,test,openalex_social_sciences_200
W7165770952,W4410036144,1,actual_openalex_reference,test,openalex_social_sciences_200
W7165770952,W4410899410,1,actual_openalex_reference,test,openalex_social_sciences_200
W4393092015,W1536425838,1,actual_openalex_reference,test,openalex_social_sciences_200
W4393092015,W2000171858,1,actual_openalex_reference,test,openalex_social_sciences_200
W4393092015,W2010939995,1,actual_openalex_reference,test,openalex_social_sciences_200
W4393092015,W2030112111,1,actual_openalex_reference,test,openalex_social_sciences_200
W4393092015,W2034747014,1,actual_openalex_reference,test,openalex_social_sciences_200
W4393092015,W2058129511,1,actual_openalex_reference,test,openalex_social_sciences_200
W4393092015,W2111303254,1,actual_openalex_reference,test,openalex_social_sciences_200
W4393092015,W2146973388,1,actual_openalex_reference,test,openalex_social_sciences_200
W4393092015,W2157604883,1,actual_openalex_reference,test,openalex_social_sciences_200
W4393092015,W2523791635,1,actual_openalex_reference,test,openalex_social_sciences_200
W4393092015,W2561558289,1,actual_openalex_reference,test,openalex_social_sciences_200
W4393092015,W3043061209,1,actual_openalex_reference,test,openalex_social_sciences_200
W4393092015,W3106646114,1,actual_openalex_reference,test,openalex_social_sciences_200
W4393092015,W3114378810,1,actual_openalex_reference,test,openalex_social_sciences_200
W4393092015,W3125961706,1,actual_openalex_reference,test,openalex_social_sciences_200
W4393092015,W4367598290,1,actual_openalex_reference,test,openalex_social_sciences_200
W4393092015,W4384159610,1,actual_openalex_reference,test,openalex_social_sciences_200
W4393092015,W4385235411,1,actual_openalex_reference,test,openalex_social_sciences_200
W4393092015,W4385236490,1,actual_openalex_reference,test,openalex_social_sciences_200
W4393092015,W4385269681,1,actual_openalex_reference,test,openalex_social_sciences_200
W4393092015,W4386470164,1,actual_openalex_reference,test,openalex_social_sciences_200
W4393092015,W4386737174,1,actual_openalex_reference,test,openalex_social_sciences_200
W4393092015,W4387781017,1,actual_openalex_reference,test,openalex_social_sciences_200
W4400145141,W1771312652,1,actual_openalex_reference,test,openalex_social_sciences_200
W4400145141,W1820058552,1,actual_openalex_reference,test,openalex_social_sciences_200
W4400145141,W1846830846,1,actual_openalex_reference,test,openalex_social_sciences_200
W4400145141,W1889273139,1,actual_openalex_reference,test,openalex_social_sciences_200
W4400145141,W1970983055,1,actual_openalex_reference,test,openalex_social_sciences_200
W4400145141,W2043113618,1,actual_openalex_reference,test,openalex_social_sciences_200
W4400145141,W2111193756,1,actual_openalex_reference,test,openalex_social_sciences_200
W4400145141,W2293716329,1,actual_openalex_reference,test,openalex_social_sciences_200
W4400145141,W2312988985,1,actual_openalex_reference,test,openalex_social_sciences_200
W4400145141,W2335184019,1,actual_openalex_reference,test,openalex_social_sciences_200
W4400145141,W2409924833,1,actual_openalex_reference,test,openalex_social_sciences_200
W4400145141,W2596445449,1,actual_openalex_reference,test,openalex_social_sciences_200
W4400145141,W2893324480,1,actual_openalex_reference,test,openalex_social_sciences_200
W4400145141,W2911464917,1,actual_openalex_reference,test,openalex_social_sciences_200
W4400145141,W2988361536,1,actual_openalex_reference,test,openalex_social_sciences_200
W4400145141,W3108650313,1,actual_openalex_reference,test,openalex_social_sciences_200
W4400145141,W4246746486,1,actual_openalex_reference,test,openalex_social_sciences_200
W4410838044,W1505225983,1,actual_openalex_reference,test,openalex_social_sciences_200
W4410838044,W2192650235,1,actual_openalex_reference,test,openalex_social_sciences_200
W4410838044,W2510206101,1,actual_openalex_reference,test,openalex_social_sciences_200
W4410838044,W2746301984,1,actual_openalex_reference,test,openalex_social_sciences_200
W4410838044,W2917691775,1,actual_openalex_reference,test,openalex_social_sciences_200
W4410838044,W4237074492,1,actual_openalex_reference,test,openalex_social_sciences_200
W4410838044,W4405917971,1,actual_openalex_reference,test,openalex_social_sciences_200
W4410838044,W4406951503,1,actual_openalex_reference,test,openalex_social_sciences_200
W4410838044,W4408895603,1,actual_openalex_reference,test,openalex_social_sciences_200
W4410838044,W4409551558,1,actual_openalex_reference,test,openalex_social_sciences_200
W4413982606,W1588524414,1,actual_openalex_reference,test,openalex_social_sciences_200
W4413982606,W1589646505,1,actual_openalex_reference,test,openalex_social_sciences_200
W4413982606,W1828817614,1,actual_openalex_reference,test,openalex_social_sciences_200
W4413982606,W1967706727,1,actual_openalex_reference,test,openalex_social_sciences_200
W4413982606,W1975979555,1,actual_openalex_reference,test,openalex_social_sciences_200
W4413982606,W1984518656,1,actual_openalex_reference,test,openalex_social_sciences_200
W4413982606,W1987235421,1,actual_openalex_reference,test,openalex_social_sciences_200
W4413982606,W1988744596,1,actual_openalex_reference,test,openalex_social_sciences_200
W4413982606,W1991099950,1,actual_openalex_reference,test,openalex_social_sciences_200
W4413982606,W2008836862,1,actual_openalex_reference,test,openalex_social_sciences_200
W4413982606,W2016703919,1,actual_openalex_reference,test,openalex_social_sciences_200
W4413982606,W2020431660,1,actual_openalex_reference,test,openalex_social_sciences_200
W4413982606,W2025069070,1,actual_openalex_reference,test,openalex_social_sciences_200
W4413982606,W2031845418,1,actual_openalex_reference,test,openalex_social_sciences_200
W4413982606,W2032891701,1,actual_openalex_reference,test,openalex_social_sciences_200
W4413982606,W2044154338,1,actual_openalex_reference,test,openalex_social_sciences_200
W4413982606,W2048696422,1,actual_openalex_reference,test,openalex_social_sciences_200
W4413982606,W2053656682,1,actual_openalex_reference,test,openalex_social_sciences_200
W4413982606,W2057659248,1,actual_openalex_reference,test,openalex_social_sciences_200
W4413982606,W2061479494,1,actual_openalex_reference,test,openalex_social_sciences_200
W4413982606,W2062075162,1,actual_openalex_reference,test,openalex_social_sciences_200
W4413982606,W2067201086,1,actual_openalex_reference,test,openalex_social_sciences_200
W4413982606,W2074695083,1,actual_openalex_reference,test,openalex_social_sciences_200
W4413982606,W2088413723,1,actual_openalex_reference,test,openalex_social_sciences_200
W4413982606,W2089754316,1,actual_openalex_reference,test,openalex_social_sciences_200
W4413982606,W2090403969,1,actual_openalex_reference,test,openalex_social_sciences_200
W4413982606,W2091153825,1,actual_openalex_reference,test,openalex_social_sciences_200
W4413982606,W2091323012,1,actual_openalex_reference,test,openalex_social_sciences_200
W4413982606,W2096848647,1,actual_openalex_reference,test,openalex_social_sciences_200
W4413982606,W2097867082,1,actual_openalex_reference,test,openalex_social_sciences_200
W4413982606,W2098402230,1,actual_openalex_reference,test,openalex_social_sciences_200
W4413982606,W2098573811,1,actual_openalex_reference,test,openalex_social_sciences_200
W4413982606,W2099324090,1,actual_openalex_reference,test,openalex_social_sciences_200
W4413982606,W2099617782,1,actual_openalex_reference,test,openalex_social_sciences_200
W4413982606,W2102175042,1,actual_openalex_reference,test,openalex_social_sciences_200
W4413982606,W2106248161,1,actual_openalex_reference,test,openalex_social_sciences_200
W4413982606,W2107678607,1,actual_openalex_reference,test,openalex_social_sciences_200
W4413982606,W2109469951,1,actual_openalex_reference,test,openalex_social_sciences_200
W4413982606,W2110187236,1,actual_openalex_reference,test,openalex_social_sciences_200
W4413982606,W2111135000,1,actual_openalex_reference,test,openalex_social_sciences_200
W4413982606,W2115059495,1,actual_openalex_reference,test,openalex_social_sciences_200
W4413982606,W2121057268,1,actual_openalex_reference,test,openalex_social_sciences_200
W4413982606,W2124603850,1,actual_openalex_reference,test,openalex_social_sciences_200
W4413982606,W2124800409,1,actual_openalex_reference,test,openalex_social_sciences_200
W4413982606,W2127694676,1,actual_openalex_reference,test,openalex_social_sciences_200
W4413982606,W2128147656,1,actual_openalex_reference,test,openalex_social_sciences_200
W4413982606,W2130354913,1,actual_openalex_reference,test,openalex_social_sciences_200
W4413982606,W2130863673,1,actual_openalex_reference,test,openalex_social_sciences_200
W4413982606,W2133784261,1,actual_openalex_reference,test,openalex_social_sciences_200
W4413982606,W2136048895,1,actual_openalex_reference,test,openalex_social_sciences_200
W4413982606,W2139981723,1,actual_openalex_reference,test,openalex_social_sciences_200
W4413982606,W2142856984,1,actual_openalex_reference,test,openalex_social_sciences_200
W4413982606,W2143118446,1,actual_openalex_reference,test,openalex_social_sciences_200
W4413982606,W2151905283,1,actual_openalex_reference,test,openalex_social_sciences_200
W4413982606,W2153316171,1,actual_openalex_reference,test,openalex_social_sciences_200
W4413982606,W2155156777,1,actual_openalex_reference,test,openalex_social_sciences_200
W4413982606,W2155460814,1,actual_openalex_reference,test,openalex_social_sciences_200
W4413982606,W2156720957,1,actual_openalex_reference,test,openalex_social_sciences_200
W4413982606,W2157107500,1,actual_openalex_reference,test,openalex_social_sciences_200
W4413982606,W2159648322,1,actual_openalex_reference,test,openalex_social_sciences_200
W4413982606,W2167096161,1,actual_openalex_reference,test,openalex_social_sciences_200
W4413982606,W2169570062,1,actual_openalex_reference,test,openalex_social_sciences_200
W4413982606,W2170999558,1,actual_openalex_reference,test,openalex_social_sciences_200
W4413982606,W2232629404,1,actual_openalex_reference,test,openalex_social_sciences_200
W4413982606,W2239181881,1,actual_openalex_reference,test,openalex_social_sciences_200
W4413982606,W2278474145,1,actual_openalex_reference,test,openalex_social_sciences_200
W4413982606,W2322673098,1,actual_openalex_reference,test,openalex_social_sciences_200
W4413982606,W2326863866,1,actual_openalex_reference,test,openalex_social_sciences_200
W4413982606,W2345619950,1,actual_openalex_reference,test,openalex_social_sciences_200
W4413982606,W2478140539,1,actual_openalex_reference,test,openalex_social_sciences_200
W4413982606,W2496199224,1,actual_openalex_reference,test,openalex_social_sciences_200
W4413982606,W2498102315,1,actual_openalex_reference,test,openalex_social_sciences_200
W4413982606,W2526434324,1,actual_openalex_reference,test,openalex_social_sciences_200
W4413982606,W2593446881,1,actual_openalex_reference,test,openalex_social_sciences_200
W4413982606,W2750893162,1,actual_openalex_reference,test,openalex_social_sciences_200
W4413982606,W2800459997,1,actual_openalex_reference,test,openalex_social_sciences_200
W4413982606,W2801791902,1,actual_openalex_reference,test,openalex_social_sciences_200
W4413982606,W2806927865,1,actual_openalex_reference,test,openalex_social_sciences_200
W4413982606,W2890420450,1,actual_openalex_reference,test,openalex_social_sciences_200
W4413982606,W2894550620,1,actual_openalex_reference,test,openalex_social_sciences_200
W4413982606,W3123277306,1,actual_openalex_reference,test,openalex_social_sciences_200
W4413982606,W3123534837,1,actual_openalex_reference,test,openalex_social_sciences_200
W4413982606,W3133750619,1,actual_openalex_reference,test,openalex_social_sciences_200
W4413982606,W4206229445,1,actual_openalex_reference,test,openalex_social_sciences_200
W4413982606,W4246412711,1,actual_openalex_reference,test,openalex_social_sciences_200
W4413982606,W4360599771,1,actual_openalex_reference,test,openalex_social_sciences_200
W4413982606,W4379207889,1,actual_openalex_reference,test,openalex_social_sciences_200
W4413982606,W4401565733,1,actual_openalex_reference,test,openalex_social_sciences_200
W4399422447,W768267441,1,actual_openalex_reference,test,openalex_social_sciences_200
W4399422447,W1981203302,1,actual_openalex_reference,test,openalex_social_sciences_200
W4399422447,W2068838896,1,actual_openalex_reference,test,openalex_social_sciences_200
W4399422447,W2075699627,1,actual_openalex_reference,test,openalex_social_sciences_200
W4399422447,W2138026073,1,actual_openalex_reference,test,openalex_social_sciences_200
W4399422447,W2158692512,1,actual_openalex_reference,test,openalex_social_sciences_200
W4399422447,W2784304280,1,actual_openalex_reference,test,openalex_social_sciences_200
W4399422447,W2794208955,1,actual_openalex_reference,test,openalex_social_sciences_200
W4399422447,W2796107184,1,actual_openalex_reference,test,openalex_social_sciences_200
W4399422447,W2808779120,1,actual_openalex_reference,test,openalex_social_sciences_200
W4399422447,W4210479242,1,actual_openalex_reference,test,openalex_social_sciences_200
W4399422447,W4238697448,1,actual_openalex_reference,test,openalex_social_sciences_200
W4399422447,W4387944737,1,actual_openalex_reference,test,openalex_social_sciences_200
W4413799656,W297636759,1,actual_openalex_reference,test,openalex_social_sciences_200
W4413799656,W588323883,1,actual_openalex_reference,test,openalex_social_sciences_200
W4413799656,W1994270837,1,actual_openalex_reference,test,openalex_social_sciences_200
W4413799656,W2025296725,1,actual_openalex_reference,test,openalex_social_sciences_200
W4413799656,W2067225458,1,actual_openalex_reference,test,openalex_social_sciences_200
W4413799656,W2067656259,1,actual_openalex_reference,test,openalex_social_sciences_200
W4413799656,W2088919109,1,actual_openalex_reference,test,openalex_social_sciences_200
W4413799656,W2120991708,1,actual_openalex_reference,test,openalex_social_sciences_200
W4413799656,W2124741356,1,actual_openalex_reference,test,openalex_social_sciences_200
W4413799656,W2134018805,1,actual_openalex_reference,test,openalex_social_sciences_200
W4413799656,W2162913527,1,actual_openalex_reference,test,openalex_social_sciences_200
W4413799656,W2169807326,1,actual_openalex_reference,test,openalex_social_sciences_200
W4413799656,W2313023761,1,actual_openalex_reference,test,openalex_social_sciences_200
W4413799656,W2319356444,1,actual_openalex_reference,test,openalex_social_sciences_200
W4413799656,W2462155812,1,actual_openalex_reference,test,openalex_social_sciences_200
W4413799656,W2471256124,1,actual_openalex_reference,test,openalex_social_sciences_200
W4413799656,W2921117321,1,actual_openalex_reference,test,openalex_social_sciences_200
W4413799656,W2924003394,1,actual_openalex_reference,test,openalex_social_sciences_200
W4413799656,W3084137344,1,actual_openalex_reference,test,openalex_social_sciences_200
W4413799656,W3168176000,1,actual_openalex_reference,test,openalex_social_sciences_200
W4413799656,W4255412255,1,actual_openalex_reference,test,openalex_social_sciences_200
W4413799656,W4385858223,1,actual_openalex_reference,test,openalex_social_sciences_200
W7155623812,W1991384030,1,actual_openalex_reference,test,openalex_social_sciences_200
W7155623812,W2013795177,1,actual_openalex_reference,test,openalex_social_sciences_200
W7155623812,W2159316671,1,actual_openalex_reference,test,openalex_social_sciences_200
W7155623812,W2314751257,1,actual_openalex_reference,test,openalex_social_sciences_200
W7155623812,W2500630607,1,actual_openalex_reference,test,openalex_social_sciences_200
W7155623812,W2530358506,1,actual_openalex_reference,test,openalex_social_sciences_200
W7155623812,W2588479716,1,actual_openalex_reference,test,openalex_social_sciences_200
W7155623812,W2803640008,1,actual_openalex_reference,test,openalex_social_sciences_200
W7155623812,W2891784061,1,actual_openalex_reference,test,openalex_social_sciences_200
W7155623812,W2951269664,1,actual_openalex_reference,test,openalex_social_sciences_200
W7155623812,W3041609722,1,actual_openalex_reference,test,openalex_social_sciences_200
W7155623812,W3082282076,1,actual_openalex_reference,test,openalex_social_sciences_200
W7155623812,W3142907618,1,actual_openalex_reference,test,openalex_social_sciences_200
W7155623812,W4220934927,1,actual_openalex_reference,test,openalex_social_sciences_200
W7155623812,W4247665917,1,actual_openalex_reference,test,openalex_social_sciences_200
W7155623812,W4309434787,1,actual_openalex_reference,test,openalex_social_sciences_200
W7155623812,W4382064223,1,actual_openalex_reference,test,openalex_social_sciences_200
W7155623812,W4396642367,1,actual_openalex_reference,test,openalex_social_sciences_200
W7106557653,W3040690949,1,actual_openalex_reference,test,openalex_social_sciences_200
W7106557653,W3043771293,1,actual_openalex_reference,test,openalex_social_sciences_200
W7106557653,W3135333255,1,actual_openalex_reference,test,openalex_social_sciences_200
W7106557653,W3138217069,1,actual_openalex_reference,test,openalex_social_sciences_200
W7106557653,W3173975000,1,actual_openalex_reference,test,openalex_social_sciences_200
W7106557653,W3194875658,1,actual_openalex_reference,test,openalex_social_sciences_200
W7106557653,W3208427224,1,actual_openalex_reference,test,openalex_social_sciences_200
W7106557653,W3215604387,1,actual_openalex_reference,test,openalex_social_sciences_200
W7106557653,W4206543275,1,actual_openalex_reference,test,openalex_social_sciences_200
W7106557653,W4220713702,1,actual_openalex_reference,test,openalex_social_sciences_200
W7106557653,W4281902196,1,actual_openalex_reference,test,openalex_social_sciences_200
W7106557653,W4283079716,1,actual_openalex_reference,test,openalex_social_sciences_200
W7106557653,W4312119216,1,actual_openalex_reference,test,openalex_social_sciences_200
W7106557653,W4327737994,1,actual_openalex_reference,test,openalex_social_sciences_200
W7106557653,W4390401889,1,actual_openalex_reference,test,openalex_social_sciences_200
W7106557653,W4391164186,1,actual_openalex_reference,test,openalex_social_sciences_200
W7106557653,W4406970691,1,actual_openalex_reference,test,openalex_social_sciences_200
W7160993881,W1590787820,1,actual_openalex_reference,test,openalex_social_sciences_200
W7160993881,W2045192717,1,actual_openalex_reference,test,openalex_social_sciences_200
W7160993881,W2897516365,1,actual_openalex_reference,test,openalex_social_sciences_200
W7160993881,W4221040930,1,actual_openalex_reference,test,openalex_social_sciences_200
W7160993881,W4281717022,1,actual_openalex_reference,test,openalex_social_sciences_200
W7160993881,W4292865744,1,actual_openalex_reference,test,openalex_social_sciences_200
W7160993881,W4380683259,1,actual_openalex_reference,test,openalex_social_sciences_200
W7160993881,W4384914589,1,actual_openalex_reference,test,openalex_social_sciences_200
W7160993881,W4390783030,1,actual_openalex_reference,test,openalex_social_sciences_200
W7160993881,W4396535714,1,actual_openalex_reference,test,openalex_social_sciences_200
W7160993881,W4399697138,1,actual_openalex_reference,test,openalex_social_sciences_200
W7160993881,W4405524751,1,actual_openalex_reference,test,openalex_social_sciences_200
W7160993881,W4405524771,1,actual_openalex_reference,test,openalex_social_sciences_200
W7160993881,W4406757207,1,actual_openalex_reference,test,openalex_social_sciences_200
W7160993881,W4408151204,1,actual_openalex_reference,test,openalex_social_sciences_200
W7160993881,W4410514175,1,actual_openalex_reference,test,openalex_social_sciences_200
W7160993881,W7131623979,1,actual_openalex_reference,test,openalex_social_sciences_200
W4405943844,W28921021,1,actual_openalex_reference,test,openalex_social_sciences_200
W4405943844,W2113800685,1,actual_openalex_reference,test,openalex_social_sciences_200
W4405943844,W2114621272,1,actual_openalex_reference,test,openalex_social_sciences_200
W4405943844,W2315679413,1,actual_openalex_reference,test,openalex_social_sciences_200
W4405943844,W2918077705,1,actual_openalex_reference,test,openalex_social_sciences_200
W4405943844,W2919197593,1,actual_openalex_reference,test,openalex_social_sciences_200
W4405943844,W2998868701,1,actual_openalex_reference,test,openalex_social_sciences_200
W4405943844,W4210262685,1,actual_openalex_reference,test,openalex_social_sciences_200
W4405943844,W4281689748,1,actual_openalex_reference,test,openalex_social_sciences_200
W4405943844,W4288035811,1,actual_openalex_reference,test,openalex_social_sciences_200
W4405943844,W4302620345,1,actual_openalex_reference,test,openalex_social_sciences_200
W4405943844,W4353002174,1,actual_openalex_reference,test,openalex_social_sciences_200
W4405943844,W4372342498,1,actual_openalex_reference,test,openalex_social_sciences_200
W4405943844,W4385073705,1,actual_openalex_reference,test,openalex_social_sciences_200
W4404971993,W2166967068,1,actual_openalex_reference,test,openalex_social_sciences_200
W4404971993,W2783600129,1,actual_openalex_reference,test,openalex_social_sciences_200
W4404971993,W2876006612,1,actual_openalex_reference,test,openalex_social_sciences_200
W4404971993,W2955719284,1,actual_openalex_reference,test,openalex_social_sciences_200
W4404971993,W3165130530,1,actual_openalex_reference,test,openalex_social_sciences_200
W4404971993,W3213039391,1,actual_openalex_reference,test,openalex_social_sciences_200
W4404971993,W4206505134,1,actual_openalex_reference,test,openalex_social_sciences_200
W4404971993,W4319768371,1,actual_openalex_reference,test,openalex_social_sciences_200
W4404971993,W4361757003,1,actual_openalex_reference,test,openalex_social_sciences_200
W4404971993,W4388109768,1,actual_openalex_reference,test,openalex_social_sciences_200
W4413472950,W3176639954,1,actual_openalex_reference,test,openalex_social_sciences_200
W4413472950,W4401314713,1,actual_openalex_reference,test,openalex_social_sciences_200
W4413472950,W4405244185,1,actual_openalex_reference,test,openalex_social_sciences_200
W4416424301,W2567578451,1,actual_openalex_reference,test,openalex_social_sciences_200
W4416424301,W2610206486,1,actual_openalex_reference,test,openalex_social_sciences_200
W4416424301,W2767510311,1,actual_openalex_reference,test,openalex_social_sciences_200
W4416424301,W2807975560,1,actual_openalex_reference,test,openalex_social_sciences_200
W4416424301,W2884636724,1,actual_openalex_reference,test,openalex_social_sciences_200
W4416424301,W2904639490,1,actual_openalex_reference,test,openalex_social_sciences_200
W4416424301,W2926826419,1,actual_openalex_reference,test,openalex_social_sciences_200
W4416424301,W3041387709,1,actual_openalex_reference,test,openalex_social_sciences_200
W4416424301,W3082254080,1,actual_openalex_reference,test,openalex_social_sciences_200
W4416424301,W3083347663,1,actual_openalex_reference,test,openalex_social_sciences_200
W4416424301,W3112143438,1,actual_openalex_reference,test,openalex_social_sciences_200
W4416424301,W3123837324,1,actual_openalex_reference,test,openalex_social_sciences_200
W4416424301,W3164821382,1,actual_openalex_reference,test,openalex_social_sciences_200
W4416424301,W3208557763,1,actual_openalex_reference,test,openalex_social_sciences_200
W4416424301,W3217565456,1,actual_openalex_reference,test,openalex_social_sciences_200
W4416424301,W4306761505,1,actual_openalex_reference,test,openalex_social_sciences_200
W4416424301,W4309855376,1,actual_openalex_reference,test,openalex_social_sciences_200
W4416424301,W4312190701,1,actual_openalex_reference,test,openalex_social_sciences_200
W4416424301,W4381848481,1,actual_openalex_reference,test,openalex_social_sciences_200
W4416424301,W4391536598,1,actual_openalex_reference,test,openalex_social_sciences_200
W4416424301,W4391718791,1,actual_openalex_reference,test,openalex_social_sciences_200
W4416424301,W4391851943,1,actual_openalex_reference,test,openalex_social_sciences_200
W4416424301,W4392286285,1,actual_openalex_reference,test,openalex_social_sciences_200
W4416424301,W4397007278,1,actual_openalex_reference,test,openalex_social_sciences_200
W4416424301,W4399185470,1,actual_openalex_reference,test,openalex_social_sciences_200
W4416424301,W4403844125,1,actual_openalex_reference,test,openalex_social_sciences_200
W4410968261,W4322761123,1,actual_openalex_reference,test,openalex_social_sciences_200
W4410968261,W4386180390,1,actual_openalex_reference,test,openalex_social_sciences_200
W4410968261,W4389309075,1,actual_openalex_reference,test,openalex_social_sciences_200
W4410968261,W4390197211,1,actual_openalex_reference,test,openalex_social_sciences_200
W4410968261,W4390415532,1,actual_openalex_reference,test,openalex_social_sciences_200
W4410968261,W4393159136,1,actual_openalex_reference,test,openalex_social_sciences_200
W4410968261,W4395661205,1,actual_openalex_reference,test,openalex_social_sciences_200
W4410968261,W4400171357,1,actual_openalex_reference,test,openalex_social_sciences_200
W4410968261,W4402602635,1,actual_openalex_reference,test,openalex_social_sciences_200
W4410968261,W4403660172,1,actual_openalex_reference,test,openalex_social_sciences_200
W4409844037,W3023654985,1,actual_openalex_reference,test,openalex_social_sciences_200
W4409844037,W3045284292,1,actual_openalex_reference,test,openalex_social_sciences_200
W4409844037,W4214524966,1,actual_openalex_reference,test,openalex_social_sciences_200
W4409844037,W4403474139,1,actual_openalex_reference,test,openalex_social_sciences_200
W4409844037,W4406185702,1,actual_openalex_reference,test,openalex_social_sciences_200
W4409844037,W4407346539,1,actual_openalex_reference,test,openalex_social_sciences_200
W4383957742,W1993339381,1,actual_openalex_reference,test,openalex_social_sciences_200
W4383957742,W2441032172,1,actual_openalex_reference,test,openalex_social_sciences_200
W4383957742,W2605726258,1,actual_openalex_reference,test,openalex_social_sciences_200
W4383957742,W2754416946,1,actual_openalex_reference,test,openalex_social_sciences_200
W4383957742,W2756032931,1,actual_openalex_reference,test,openalex_social_sciences_200
W4383957742,W2783391683,1,actual_openalex_reference,test,openalex_social_sciences_200
W4383957742,W2790350337,1,actual_openalex_reference,test,openalex_social_sciences_200
W4383957742,W2993071444,1,actual_openalex_reference,test,openalex_social_sciences_200
W4383957742,W3004726849,1,actual_openalex_reference,test,openalex_social_sciences_200
W4383957742,W3132321042,1,actual_openalex_reference,test,openalex_social_sciences_200
W4383957742,W3177711367,1,actual_openalex_reference,test,openalex_social_sciences_200
W4383957742,W4200394467,1,actual_openalex_reference,test,openalex_social_sciences_200
W4383957742,W4297576172,1,actual_openalex_reference,test,openalex_social_sciences_200
W4383957742,W4313288658,1,actual_openalex_reference,test,openalex_social_sciences_200
W4415766602,W1979290264,1,actual_openalex_reference,test,openalex_social_sciences_200
W4415766602,W1988839550,1,actual_openalex_reference,test,openalex_social_sciences_200
W4415766602,W2003544208,1,actual_openalex_reference,test,openalex_social_sciences_200
W4415766602,W2070299642,1,actual_openalex_reference,test,openalex_social_sciences_200
W4415766602,W2090826874,1,actual_openalex_reference,test,openalex_social_sciences_200
W4415766602,W2125314681,1,actual_openalex_reference,test,openalex_social_sciences_200
W4415766602,W2151443139,1,actual_openalex_reference,test,openalex_social_sciences_200
W4415766602,W2515565662,1,actual_openalex_reference,test,openalex_social_sciences_200
W4415766602,W2545559068,1,actual_openalex_reference,test,openalex_social_sciences_200
W4415766602,W2607054917,1,actual_openalex_reference,test,openalex_social_sciences_200
W4415766602,W2614512416,1,actual_openalex_reference,test,openalex_social_sciences_200
W4415766602,W2776919502,1,actual_openalex_reference,test,openalex_social_sciences_200
W4415766602,W2786281660,1,actual_openalex_reference,test,openalex_social_sciences_200
W4415766602,W2883612046,1,actual_openalex_reference,test,openalex_social_sciences_200
W4415766602,W2954201520,1,actual_openalex_reference,test,openalex_social_sciences_200
W4415766602,W2954899819,1,actual_openalex_reference,test,openalex_social_sciences_200
W4415766602,W2969572861,1,actual_openalex_reference,test,openalex_social_sciences_200
W4415766602,W2995060289,1,actual_openalex_reference,test,openalex_social_sciences_200
W4415766602,W3014567963,1,actual_openalex_reference,test,openalex_social_sciences_200
W4415766602,W3021623260,1,actual_openalex_reference,test,openalex_social_sciences_200
W4415766602,W3037417592,1,actual_openalex_reference,test,openalex_social_sciences_200
W4415766602,W3047385576,1,actual_openalex_reference,test,openalex_social_sciences_200
W4415766602,W3095028544,1,actual_openalex_reference,test,openalex_social_sciences_200
W4415766602,W3108208436,1,actual_openalex_reference,test,openalex_social_sciences_200
W4415766602,W3108856969,1,actual_openalex_reference,test,openalex_social_sciences_200
W4415766602,W3110510681,1,actual_openalex_reference,test,openalex_social_sciences_200
W4415766602,W3110904412,1,actual_openalex_reference,test,openalex_social_sciences_200
W4415766602,W3121711580,1,actual_openalex_reference,test,openalex_social_sciences_200
W4415766602,W3166109226,1,actual_openalex_reference,test,openalex_social_sciences_200
W4415766602,W3183824477,1,actual_openalex_reference,test,openalex_social_sciences_200
W4415766602,W4214743655,1,actual_openalex_reference,test,openalex_social_sciences_200
W4415766602,W4224244032,1,actual_openalex_reference,test,openalex_social_sciences_200
W4415766602,W4252578002,1,actual_openalex_reference,test,openalex_social_sciences_200
W4415766602,W4292534302,1,actual_openalex_reference,test,openalex_social_sciences_200
W4415766602,W4293218979,1,actual_openalex_reference,test,openalex_social_sciences_200
W4415766602,W4295925263,1,actual_openalex_reference,test,openalex_social_sciences_200
W4415766602,W4310470880,1,actual_openalex_reference,test,openalex_social_sciences_200
W4415766602,W4311758693,1,actual_openalex_reference,test,openalex_social_sciences_200
W4415766602,W4313585933,1,actual_openalex_reference,test,openalex_social_sciences_200
W4415766602,W4383678396,1,actual_openalex_reference,test,openalex_social_sciences_200
W4415766602,W4385252331,1,actual_openalex_reference,test,openalex_social_sciences_200
W4415766602,W4385638814,1,actual_openalex_reference,test,openalex_social_sciences_200
W4415766602,W4392965942,1,actual_openalex_reference,test,openalex_social_sciences_200
W4415766602,W4409777393,1,actual_openalex_reference,test,openalex_social_sciences_200
W4415766602,W4414307733,1,actual_openalex_reference,test,openalex_social_sciences_200
W4407365724,W2914229799,1,actual_openalex_reference,test,openalex_social_sciences_200
W4407365724,W2957412034,1,actual_openalex_reference,test,openalex_social_sciences_200
W4407365724,W2989574532,1,actual_openalex_reference,test,openalex_social_sciences_200
W4407365724,W2990818929,1,actual_openalex_reference,test,openalex_social_sciences_200
W4407365724,W3083515943,1,actual_openalex_reference,test,openalex_social_sciences_200
W4407365724,W3095193243,1,actual_openalex_reference,test,openalex_social_sciences_200
W4407365724,W3113105362,1,actual_openalex_reference,test,openalex_social_sciences_200
W4407365724,W3129559726,1,actual_openalex_reference,test,openalex_social_sciences_200
W4407365724,W3131092764,1,actual_openalex_reference,test,openalex_social_sciences_200
W4407365724,W3183652891,1,actual_openalex_reference,test,openalex_social_sciences_200
W4407365724,W3197639921,1,actual_openalex_reference,test,openalex_social_sciences_200
W4407365724,W3200304442,1,actual_openalex_reference,test,openalex_social_sciences_200
W4407365724,W4200269318,1,actual_openalex_reference,test,openalex_social_sciences_200
W4407365724,W4210749981,1,actual_openalex_reference,test,openalex_social_sciences_200
W4407365724,W4221012499,1,actual_openalex_reference,test,openalex_social_sciences_200
W4407365724,W4281659004,1,actual_openalex_reference,test,openalex_social_sciences_200
W4407365724,W4300464042,1,actual_openalex_reference,test,openalex_social_sciences_200
W4407365724,W4300963281,1,actual_openalex_reference,test,openalex_social_sciences_200
W4407365724,W4315471103,1,actual_openalex_reference,test,openalex_social_sciences_200
W4407365724,W4320020184,1,actual_openalex_reference,test,openalex_social_sciences_200
W4407365724,W4322628587,1,actual_openalex_reference,test,openalex_social_sciences_200
W4407365724,W4322753550,1,actual_openalex_reference,test,openalex_social_sciences_200
W4407365724,W4386034142,1,actual_openalex_reference,test,openalex_social_sciences_200
W4407365724,W4387695422,1,actual_openalex_reference,test,openalex_social_sciences_200
W4407365724,W4391034141,1,actual_openalex_reference,test,openalex_social_sciences_200
W4407365724,W4391403214,1,actual_openalex_reference,test,openalex_social_sciences_200
W4407365724,W4392632664,1,actual_openalex_reference,test,openalex_social_sciences_200
W4407365724,W4394959839,1,actual_openalex_reference,test,openalex_social_sciences_200
W4407365724,W4396884898,1,actual_openalex_reference,test,openalex_social_sciences_200
W4407365724,W4399050810,1,actual_openalex_reference,test,openalex_social_sciences_200
W4407365724,W4399628524,1,actual_openalex_reference,test,openalex_social_sciences_200
W4407365724,W4399782732,1,actual_openalex_reference,test,openalex_social_sciences_200
W4407365724,W4406002670,1,actual_openalex_reference,test,openalex_social_sciences_200
W4414764353,W2027320502,1,actual_openalex_reference,test,openalex_social_sciences_200
W4414764353,W2035407161,1,actual_openalex_reference,test,openalex_social_sciences_200
W4414764353,W4206437314,1,actual_openalex_reference,test,openalex_social_sciences_200
W4414764353,W4296114616,1,actual_openalex_reference,test,openalex_social_sciences_200
W4414764353,W4386536390,1,actual_openalex_reference,test,openalex_social_sciences_200
W4414764353,W4388346678,1,actual_openalex_reference,test,openalex_social_sciences_200
W4414764353,W4391044784,1,actual_openalex_reference,test,openalex_social_sciences_200
W4414764353,W4401344252,1,actual_openalex_reference,test,openalex_social_sciences_200
W4414764353,W4401349618,1,actual_openalex_reference,test,openalex_social_sciences_200
W4414764353,W4401370727,1,actual_openalex_reference,test,openalex_social_sciences_200
W4414764353,W4402317767,1,actual_openalex_reference,test,openalex_social_sciences_200
W4414764353,W4404685612,1,actual_openalex_reference,test,openalex_social_sciences_200
W4414764353,W4414372883,1,actual_openalex_reference,test,openalex_social_sciences_200
W7161605150,W1966773810,1,actual_openalex_reference,test,openalex_social_sciences_200
W7161605150,W2098749368,1,actual_openalex_reference,test,openalex_social_sciences_200
W7161605150,W2104983586,1,actual_openalex_reference,test,openalex_social_sciences_200
W7161605150,W2760993330,1,actual_openalex_reference,test,openalex_social_sciences_200
W7161605150,W2767944508,1,actual_openalex_reference,test,openalex_social_sciences_200
W7161605150,W3118352889,1,actual_openalex_reference,test,openalex_social_sciences_200
W7161605150,W3144403199,1,actual_openalex_reference,test,openalex_social_sciences_200
W7161605150,W4292157886,1,actual_openalex_reference,test,openalex_social_sciences_200
W4389451780,W2161322166,1,actual_openalex_reference,test,openalex_social_sciences_200
W4389451780,W2800784860,1,actual_openalex_reference,test,openalex_social_sciences_200
W4389451780,W2996146958,1,actual_openalex_reference,test,openalex_social_sciences_200
W4389451780,W2999785652,1,actual_openalex_reference,test,openalex_social_sciences_200
W4389451780,W3015556690,1,actual_openalex_reference,test,openalex_social_sciences_200
W4389451780,W3030261423,1,actual_openalex_reference,test,openalex_social_sciences_200
W4389451780,W3126582701,1,actual_openalex_reference,test,openalex_social_sciences_200
W4389451780,W4213139423,1,actual_openalex_reference,test,openalex_social_sciences_200
W4389451780,W4224249129,1,actual_openalex_reference,test,openalex_social_sciences_200
W4389451780,W4310036504,1,actual_openalex_reference,test,openalex_social_sciences_200
W7117449054,W2025741896,1,actual_openalex_reference,test,openalex_social_sciences_200
W7117449054,W2050246565,1,actual_openalex_reference,test,openalex_social_sciences_200
W7117449054,W2127680163,1,actual_openalex_reference,test,openalex_social_sciences_200
W7117449054,W2503038046,1,actual_openalex_reference,test,openalex_social_sciences_200
W7117449054,W2623144590,1,actual_openalex_reference,test,openalex_social_sciences_200
W7117449054,W2753163690,1,actual_openalex_reference,test,openalex_social_sciences_200
W7117449054,W2784480846,1,actual_openalex_reference,test,openalex_social_sciences_200
W7117449054,W2976513180,1,actual_openalex_reference,test,openalex_social_sciences_200
W7117449054,W2983608265,1,actual_openalex_reference,test,openalex_social_sciences_200
W7117449054,W2989878405,1,actual_openalex_reference,test,openalex_social_sciences_200
W7117449054,W3005916681,1,actual_openalex_reference,test,openalex_social_sciences_200
W7117449054,W3127741801,1,actual_openalex_reference,test,openalex_social_sciences_200
W7117449054,W3167477590,1,actual_openalex_reference,test,openalex_social_sciences_200
W7117449054,W3204491020,1,actual_openalex_reference,test,openalex_social_sciences_200
W7117449054,W4220654257,1,actual_openalex_reference,test,openalex_social_sciences_200
W7117449054,W4296058550,1,actual_openalex_reference,test,openalex_social_sciences_200
W7117449054,W4327969644,1,actual_openalex_reference,test,openalex_social_sciences_200
W7117449054,W4387132362,1,actual_openalex_reference,test,openalex_social_sciences_200
W7117449054,W4390035630,1,actual_openalex_reference,test,openalex_social_sciences_200
W7117449054,W4396803868,1,actual_openalex_reference,test,openalex_social_sciences_200
W7117449054,W4398251427,1,actual_openalex_reference,test,openalex_social_sciences_200
W7117449054,W4403235655,1,actual_openalex_reference,test,openalex_social_sciences_200
W7117449054,W4405514734,1,actual_openalex_reference,test,openalex_social_sciences_200
W7117449054,W4405669547,1,actual_openalex_reference,test,openalex_social_sciences_200
W7117449054,W4414217838,1,actual_openalex_reference,test,openalex_social_sciences_200
W4389510403,W627469496,1,actual_openalex_reference,test,openalex_social_sciences_200
W4389510403,W2005888052,1,actual_openalex_reference,test,openalex_social_sciences_200
W4389510403,W2128068105,1,actual_openalex_reference,test,openalex_social_sciences_200
W4389510403,W2511012120,1,actual_openalex_reference,test,openalex_social_sciences_200
W4411080477,W2957375150,1,actual_openalex_reference,test,openalex_social_sciences_200
W4411080477,W2970532941,1,actual_openalex_reference,test,openalex_social_sciences_200
W4411080477,W2995341456,1,actual_openalex_reference,test,openalex_social_sciences_200
W4411080477,W3023655609,1,actual_openalex_reference,test,openalex_social_sciences_200
W4411080477,W3127443325,1,actual_openalex_reference,test,openalex_social_sciences_200
W4411080477,W3185939424,1,actual_openalex_reference,test,openalex_social_sciences_200
W4411080477,W4205117552,1,actual_openalex_reference,test,openalex_social_sciences_200
W4411080477,W4211260741,1,actual_openalex_reference,test,openalex_social_sciences_200
W4411080477,W4401981039,1,actual_openalex_reference,test,openalex_social_sciences_200
W4411080477,W4408310527,1,actual_openalex_reference,test,openalex_social_sciences_200
W4415398020,W396446870,1,actual_openalex_reference,test,openalex_social_sciences_200
W4415398020,W655065452,1,actual_openalex_reference,test,openalex_social_sciences_200
W4415398020,W1533999729,1,actual_openalex_reference,test,openalex_social_sciences_200
W4415398020,W1548693106,1,actual_openalex_reference,test,openalex_social_sciences_200
W4415398020,W1874448532,1,actual_openalex_reference,test,openalex_social_sciences_200
W4415398020,W1990058353,1,actual_openalex_reference,test,openalex_social_sciences_200
W4415398020,W1997543660,1,actual_openalex_reference,test,openalex_social_sciences_200
W4415398020,W1998619608,1,actual_openalex_reference,test,openalex_social_sciences_200
W4415398020,W2020859190,1,actual_openalex_reference,test,openalex_social_sciences_200
W4415398020,W2022404458,1,actual_openalex_reference,test,openalex_social_sciences_200
W4415398020,W2061738174,1,actual_openalex_reference,test,openalex_social_sciences_200
W4415398020,W2076303393,1,actual_openalex_reference,test,openalex_social_sciences_200
W4415398020,W2094892399,1,actual_openalex_reference,test,openalex_social_sciences_200
W4415398020,W2106470680,1,actual_openalex_reference,test,openalex_social_sciences_200
W4415398020,W2314955644,1,actual_openalex_reference,test,openalex_social_sciences_200
W4415398020,W2774723506,1,actual_openalex_reference,test,openalex_social_sciences_200
W4415398020,W2801630847,1,actual_openalex_reference,test,openalex_social_sciences_200
W4415398020,W2884227879,1,actual_openalex_reference,test,openalex_social_sciences_200
W4415398020,W2885480655,1,actual_openalex_reference,test,openalex_social_sciences_200
W4415398020,W2901943084,1,actual_openalex_reference,test,openalex_social_sciences_200
W4415398020,W2960944884,1,actual_openalex_reference,test,openalex_social_sciences_200
W4415398020,W2961575844,1,actual_openalex_reference,test,openalex_social_sciences_200
W4415398020,W2965702586,1,actual_openalex_reference,test,openalex_social_sciences_200
W4415398020,W2975018126,1,actual_openalex_reference,test,openalex_social_sciences_200
W4415398020,W3003916164,1,actual_openalex_reference,test,openalex_social_sciences_200
W4415398020,W3024604685,1,actual_openalex_reference,test,openalex_social_sciences_200
W4415398020,W3107291806,1,actual_openalex_reference,test,openalex_social_sciences_200
W4415398020,W3133369589,1,actual_openalex_reference,test,openalex_social_sciences_200
W4415398020,W3149537524,1,actual_openalex_reference,test,openalex_social_sciences_200
W4415398020,W3196106268,1,actual_openalex_reference,test,openalex_social_sciences_200
W4415398020,W4309444086,1,actual_openalex_reference,test,openalex_social_sciences_200
W4415398020,W4311082144,1,actual_openalex_reference,test,openalex_social_sciences_200
W4415398020,W4311941114,1,actual_openalex_reference,test,openalex_social_sciences_200
W4415398020,W4368340874,1,actual_openalex_reference,test,openalex_social_sciences_200
W4415398020,W4385400524,1,actual_openalex_reference,test,openalex_social_sciences_200
W4415398020,W4399461802,1,actual_openalex_reference,test,openalex_social_sciences_200
W4406072805,W304503141,1,actual_openalex_reference,test,openalex_social_sciences_200
W4406072805,W566532426,1,actual_openalex_reference,test,openalex_social_sciences_200
W4406072805,W1522326586,1,actual_openalex_reference,test,openalex_social_sciences_200
W4406072805,W1599835099,1,actual_openalex_reference,test,openalex_social_sciences_200
W4406072805,W1964380916,1,actual_openalex_reference,test,openalex_social_sciences_200
W4406072805,W1982712779,1,actual_openalex_reference,test,openalex_social_sciences_200
W4406072805,W2088186665,1,actual_openalex_reference,test,openalex_social_sciences_200
W4406072805,W2136977186,1,actual_openalex_reference,test,openalex_social_sciences_200
W4406072805,W2403945778,1,actual_openalex_reference,test,openalex_social_sciences_200
W4406072805,W3201943163,1,actual_openalex_reference,test,openalex_social_sciences_200
W4406072805,W4289023348,1,actual_openalex_reference,test,openalex_social_sciences_200
W4406072805,W4302103615,1,actual_openalex_reference,test,openalex_social_sciences_200
W4406072805,W4385481226,1,actual_openalex_reference,test,openalex_social_sciences_200
W4406072805,W4393352447,1,actual_openalex_reference,test,openalex_social_sciences_200
W4406072805,W4403254799,1,actual_openalex_reference,test,openalex_social_sciences_200
W4391522290,W2800725067,1,actual_openalex_reference,test,openalex_social_sciences_200
W4391522290,W2937944713,1,actual_openalex_reference,test,openalex_social_sciences_200
W4391522290,W3008470681,1,actual_openalex_reference,test,openalex_social_sciences_200
W4391522290,W3143078882,1,actual_openalex_reference,test,openalex_social_sciences_200
W4391522290,W4400368239,1,actual_openalex_reference,test,openalex_social_sciences_200
W4406700670,W1038239587,1,actual_openalex_reference,test,openalex_social_sciences_200
W4406700670,W1543027374,1,actual_openalex_reference,test,openalex_social_sciences_200
W4406700670,W1585456819,1,actual_openalex_reference,test,openalex_social_sciences_200
W4406700670,W1772037565,1,actual_openalex_reference,test,openalex_social_sciences_200
W4406700670,W1972016373,1,actual_openalex_reference,test,openalex_social_sciences_200
W4406700670,W2000529090,1,actual_openalex_reference,test,openalex_social_sciences_200
W4406700670,W2035990215,1,actual_openalex_reference,test,openalex_social_sciences_200
W4406700670,W2037580193,1,actual_openalex_reference,test,openalex_social_sciences_200
W4406700670,W2046961975,1,actual_openalex_reference,test,openalex_social_sciences_200
W4406700670,W2063986905,1,actual_openalex_reference,test,openalex_social_sciences_200
W4406700670,W2103425862,1,actual_openalex_reference,test,openalex_social_sciences_200
W4406700670,W2104748381,1,actual_openalex_reference,test,openalex_social_sciences_200
W4406700670,W2104815380,1,actual_openalex_reference,test,openalex_social_sciences_200
W4406700670,W2112476939,1,actual_openalex_reference,test,openalex_social_sciences_200
W4406700670,W2118463881,1,actual_openalex_reference,test,openalex_social_sciences_200
W4406700670,W2127595813,1,actual_openalex_reference,test,openalex_social_sciences_200
W4406700670,W2132822844,1,actual_openalex_reference,test,openalex_social_sciences_200
W4406700670,W2135990578,1,actual_openalex_reference,test,openalex_social_sciences_200
W4406700670,W2169323595,1,actual_openalex_reference,test,openalex_social_sciences_200
W4406700670,W2181579992,1,actual_openalex_reference,test,openalex_social_sciences_200
W4406700670,W2209389470,1,actual_openalex_reference,test,openalex_social_sciences_200
W4406700670,W2270310302,1,actual_openalex_reference,test,openalex_social_sciences_200
W4406700670,W2539322393,1,actual_openalex_reference,test,openalex_social_sciences_200
W4406700670,W2557864172,1,actual_openalex_reference,test,openalex_social_sciences_200
W4406700670,W2565640025,1,actual_openalex_reference,test,openalex_social_sciences_200
W4406700670,W2597832813,1,actual_openalex_reference,test,openalex_social_sciences_200
W4406700670,W2622660261,1,actual_openalex_reference,test,openalex_social_sciences_200
W4406700670,W2756368863,1,actual_openalex_reference,test,openalex_social_sciences_200
W4406700670,W2796360874,1,actual_openalex_reference,test,openalex_social_sciences_200
W4406700670,W2827023739,1,actual_openalex_reference,test,openalex_social_sciences_200
W4406700670,W2905743088,1,actual_openalex_reference,test,openalex_social_sciences_200
W4406700670,W2907504857,1,actual_openalex_reference,test,openalex_social_sciences_200
W4406700670,W2943489282,1,actual_openalex_reference,test,openalex_social_sciences_200
W4406700670,W2944320044,1,actual_openalex_reference,test,openalex_social_sciences_200
W4406700670,W2946773138,1,actual_openalex_reference,test,openalex_social_sciences_200
W4406700670,W2970779360,1,actual_openalex_reference,test,openalex_social_sciences_200
W4406700670,W2983608494,1,actual_openalex_reference,test,openalex_social_sciences_200
W4406700670,W2995951807,1,actual_openalex_reference,test,openalex_social_sciences_200
W4406700670,W3042261814,1,actual_openalex_reference,test,openalex_social_sciences_200
W4406700670,W3091915649,1,actual_openalex_reference,test,openalex_social_sciences_200
W4406700670,W3122658494,1,actual_openalex_reference,test,openalex_social_sciences_200
W4406700670,W3177271691,1,actual_openalex_reference,test,openalex_social_sciences_200
W4406700670,W4200014964,1,actual_openalex_reference,test,openalex_social_sciences_200
W4406700670,W4206191379,1,actual_openalex_reference,test,openalex_social_sciences_200
W4406700670,W4213049862,1,actual_openalex_reference,test,openalex_social_sciences_200
W4406700670,W4214586145,1,actual_openalex_reference,test,openalex_social_sciences_200
W4406700670,W4293424035,1,actual_openalex_reference,test,openalex_social_sciences_200
W4406700670,W4303980978,1,actual_openalex_reference,test,openalex_social_sciences_200
W4406700670,W4311348288,1,actual_openalex_reference,test,openalex_social_sciences_200
W4406700670,W4384559335,1,actual_openalex_reference,test,openalex_social_sciences_200
W4406700670,W4387956141,1,actual_openalex_reference,test,openalex_social_sciences_200
W4406700670,W4389479112,1,actual_openalex_reference,test,openalex_social_sciences_200
W4406700670,W4391104205,1,actual_openalex_reference,test,openalex_social_sciences_200
W4406700670,W4393216435,1,actual_openalex_reference,test,openalex_social_sciences_200
W4410598900,W248002211,1,actual_openalex_reference,test,openalex_social_sciences_200
W4410598900,W329599280,1,actual_openalex_reference,test,openalex_social_sciences_200
W4410598900,W1556902109,1,actual_openalex_reference,test,openalex_social_sciences_200
W4410598900,W1606023537,1,actual_openalex_reference,test,openalex_social_sciences_200
W4410598900,W1972532028,1,actual_openalex_reference,test,openalex_social_sciences_200
W4410598900,W2028841572,1,actual_openalex_reference,test,openalex_social_sciences_200
W4410598900,W2042775656,1,actual_openalex_reference,test,openalex_social_sciences_200
W4410598900,W2053964271,1,actual_openalex_reference,test,openalex_social_sciences_200
W4410598900,W2068537771,1,actual_openalex_reference,test,openalex_social_sciences_200
W4410598900,W2102207941,1,actual_openalex_reference,test,openalex_social_sciences_200
W4410598900,W2106070008,1,actual_openalex_reference,test,openalex_social_sciences_200
W4410598900,W2118752628,1,actual_openalex_reference,test,openalex_social_sciences_200
W4410598900,W2159207686,1,actual_openalex_reference,test,openalex_social_sciences_200
W4410598900,W2170136417,1,actual_openalex_reference,test,openalex_social_sciences_200
W4410598900,W2183659962,1,actual_openalex_reference,test,openalex_social_sciences_200
W4410598900,W2185678349,1,actual_openalex_reference,test,openalex_social_sciences_200
W4410598900,W2272927507,1,actual_openalex_reference,test,openalex_social_sciences_200
W4410598900,W2333021660,1,actual_openalex_reference,test,openalex_social_sciences_200
W4410598900,W2623745608,1,actual_openalex_reference,test,openalex_social_sciences_200
W4410598900,W2732367884,1,actual_openalex_reference,test,openalex_social_sciences_200
W4410598900,W2746095654,1,actual_openalex_reference,test,openalex_social_sciences_200
W4410598900,W2778923553,1,actual_openalex_reference,test,openalex_social_sciences_200
W4410598900,W2805384876,1,actual_openalex_reference,test,openalex_social_sciences_200
W4410598900,W2890415744,1,actual_openalex_reference,test,openalex_social_sciences_200
W4410598900,W2890959344,1,actual_openalex_reference,test,openalex_social_sciences_200
W4410598900,W2909465719,1,actual_openalex_reference,test,openalex_social_sciences_200
W4410598900,W2914988401,1,actual_openalex_reference,test,openalex_social_sciences_200
W4410598900,W2972933768,1,actual_openalex_reference,test,openalex_social_sciences_200
W4410598900,W2980293926,1,actual_openalex_reference,test,openalex_social_sciences_200
W4410598900,W2992193524,1,actual_openalex_reference,test,openalex_social_sciences_200
W4410598900,W3001620325,1,actual_openalex_reference,test,openalex_social_sciences_200
W4410598900,W3005262990,1,actual_openalex_reference,test,openalex_social_sciences_200
W4410598900,W3023197942,1,actual_openalex_reference,test,openalex_social_sciences_200
W4410598900,W3036599188,1,actual_openalex_reference,test,openalex_social_sciences_200
W4410598900,W3042045949,1,actual_openalex_reference,test,openalex_social_sciences_200
W4410598900,W3080747892,1,actual_openalex_reference,test,openalex_social_sciences_200
W4410598900,W3092347585,1,actual_openalex_reference,test,openalex_social_sciences_200
W4410598900,W3154883232,1,actual_openalex_reference,test,openalex_social_sciences_200
W4410598900,W3193848067,1,actual_openalex_reference,test,openalex_social_sciences_200
W4410598900,W3200479135,1,actual_openalex_reference,test,openalex_social_sciences_200
W4410598900,W4206110750,1,actual_openalex_reference,test,openalex_social_sciences_200
W4410598900,W4223467265,1,actual_openalex_reference,test,openalex_social_sciences_200
W4410598900,W4237787282,1,actual_openalex_reference,test,openalex_social_sciences_200
W4410598900,W4298850563,1,actual_openalex_reference,test,openalex_social_sciences_200
W4410598900,W4312513848,1,actual_openalex_reference,test,openalex_social_sciences_200
W4410598900,W4327531324,1,actual_openalex_reference,test,openalex_social_sciences_200
W4410598900,W4376288547,1,actual_openalex_reference,test,openalex_social_sciences_200
W4410598900,W4379015161,1,actual_openalex_reference,test,openalex_social_sciences_200
W4410598900,W4389061775,1,actual_openalex_reference,test,openalex_social_sciences_200
W4410598900,W4396723517,1,actual_openalex_reference,test,openalex_social_sciences_200
W4410598900,W4399767463,1,actual_openalex_reference,test,openalex_social_sciences_200
W4410598900,W4403468591,1,actual_openalex_reference,test,openalex_social_sciences_200
W4410598900,W4406908588,1,actual_openalex_reference,test,openalex_social_sciences_200
W4410598900,W4410527894,1,actual_openalex_reference,test,openalex_social_sciences_200
W4408411320,W1525954277,1,actual_openalex_reference,test,openalex_social_sciences_200
W4408411320,W2222594936,1,actual_openalex_reference,test,openalex_social_sciences_200
W4408411320,W2322310323,1,actual_openalex_reference,test,openalex_social_sciences_200
W4408411320,W2979357606,1,actual_openalex_reference,test,openalex_social_sciences_200
W4408411320,W3134625719,1,actual_openalex_reference,test,openalex_social_sciences_200
W4408411320,W4206926639,1,actual_openalex_reference,test,openalex_social_sciences_200
W4408411320,W4385061760,1,actual_openalex_reference,test,openalex_social_sciences_200
W4408411320,W4386807441,1,actual_openalex_reference,test,openalex_social_sciences_200
W4408411320,W4399010982,1,actual_openalex_reference,test,openalex_social_sciences_200
W4408411320,W4400736597,1,actual_openalex_reference,test,openalex_social_sciences_200
W4408411320,W4401889236,1,actual_openalex_reference,test,openalex_social_sciences_200
W4414054654,W4210702638,1,actual_openalex_reference,test,openalex_social_sciences_200
W4414054654,W4225274282,1,actual_openalex_reference,test,openalex_social_sciences_200
W4414054654,W4283362374,1,actual_openalex_reference,test,openalex_social_sciences_200
W4414054654,W4307552290,1,actual_openalex_reference,test,openalex_social_sciences_200
W4414054654,W4309676208,1,actual_openalex_reference,test,openalex_social_sciences_200
W4414054654,W4313908367,1,actual_openalex_reference,test,openalex_social_sciences_200
W4414054654,W4316362765,1,actual_openalex_reference,test,openalex_social_sciences_200
W4390049963,W296723027,1,actual_openalex_reference,test,openalex_social_sciences_200
W4390049963,W1505292639,1,actual_openalex_reference,test,openalex_social_sciences_200
W4390049963,W2133843767,1,actual_openalex_reference,test,openalex_social_sciences_200
W4390049963,W2182222082,1,actual_openalex_reference,test,openalex_social_sciences_200
W4390049963,W2744553709,1,actual_openalex_reference,test,openalex_social_sciences_200
W4390049963,W2954774199,1,actual_openalex_reference,test,openalex_social_sciences_200
W4390049963,W2996571938,1,actual_openalex_reference,test,openalex_social_sciences_200
W4390049963,W3009983502,1,actual_openalex_reference,test,openalex_social_sciences_200
W4390049963,W3205812533,1,actual_openalex_reference,test,openalex_social_sciences_200
W7164852583,W1983981789,1,actual_openalex_reference,test,openalex_social_sciences_200
W7164852583,W1994971976,1,actual_openalex_reference,test,openalex_social_sciences_200
W7164852583,W2063935435,1,actual_openalex_reference,test,openalex_social_sciences_200
W7164852583,W2212293220,1,actual_openalex_reference,test,openalex_social_sciences_200
W7164852583,W4390947435,1,actual_openalex_reference,test,openalex_social_sciences_200
W4413351088,W212637651,1,actual_openalex_reference,test,openalex_social_sciences_200
W4413351088,W1981224570,1,actual_openalex_reference,test,openalex_social_sciences_200
W4413351088,W2064567387,1,actual_openalex_reference,test,openalex_social_sciences_200
W4413351088,W2067709108,1,actual_openalex_reference,test,openalex_social_sciences_200
W4413351088,W2087462502,1,actual_openalex_reference,test,openalex_social_sciences_200
W4413351088,W2325434590,1,actual_openalex_reference,test,openalex_social_sciences_200
W4413351088,W2782765839,1,actual_openalex_reference,test,openalex_social_sciences_200
W4413351088,W3045479243,1,actual_openalex_reference,test,openalex_social_sciences_200
W4413351088,W3163034121,1,actual_openalex_reference,test,openalex_social_sciences_200
W4413351088,W4238592063,1,actual_openalex_reference,test,openalex_social_sciences_200
W4413351088,W4248423271,1,actual_openalex_reference,test,openalex_social_sciences_200
W4413351088,W4254780063,1,actual_openalex_reference,test,openalex_social_sciences_200
W4413351088,W4317659303,1,actual_openalex_reference,test,openalex_social_sciences_200
W4413351088,W4385253917,1,actual_openalex_reference,test,openalex_social_sciences_200
W4413351088,W4385867911,1,actual_openalex_reference,test,openalex_social_sciences_200
W4413351088,W4386344280,1,actual_openalex_reference,test,openalex_social_sciences_200
W4413351088,W4392528383,1,actual_openalex_reference,test,openalex_social_sciences_200
W4413351088,W4393069134,1,actual_openalex_reference,test,openalex_social_sciences_200
W4413351088,W4404625993,1,actual_openalex_reference,test,openalex_social_sciences_200
W4413351088,W4406043636,1,actual_openalex_reference,test,openalex_social_sciences_200
W4388764501,W2734657368,1,actual_openalex_reference,test,openalex_social_sciences_200
W4388764501,W2771072028,1,actual_openalex_reference,test,openalex_social_sciences_200
W4388764501,W2938204488,1,actual_openalex_reference,test,openalex_social_sciences_200
W4388764501,W2942617909,1,actual_openalex_reference,test,openalex_social_sciences_200
W4388764501,W2962523035,1,actual_openalex_reference,test,openalex_social_sciences_200
W4388764501,W3126519278,1,actual_openalex_reference,test,openalex_social_sciences_200
W4388764501,W4293105391,1,actual_openalex_reference,test,openalex_social_sciences_200
W4388764501,W4293105602,1,actual_openalex_reference,test,openalex_social_sciences_200
W4388809319,W2514967191,1,actual_openalex_reference,test,openalex_social_sciences_200
W4388809319,W3127909311,1,actual_openalex_reference,test,openalex_social_sciences_200
W4388809319,W3135517797,1,actual_openalex_reference,test,openalex_social_sciences_200
W4388809319,W3142603043,1,actual_openalex_reference,test,openalex_social_sciences_200
W7143311199,W177879470,1,actual_openalex_reference,test,openalex_social_sciences_200
W7143311199,W1988236780,1,actual_openalex_reference,test,openalex_social_sciences_200
W7143311199,W2014273714,1,actual_openalex_reference,test,openalex_social_sciences_200
W7143311199,W2029470417,1,actual_openalex_reference,test,openalex_social_sciences_200
W7143311199,W2032302976,1,actual_openalex_reference,test,openalex_social_sciences_200
W7143311199,W2119977277,1,actual_openalex_reference,test,openalex_social_sciences_200
W7143311199,W2128401058,1,actual_openalex_reference,test,openalex_social_sciences_200
W7143311199,W2280611803,1,actual_openalex_reference,test,openalex_social_sciences_200
W7143311199,W2288799953,1,actual_openalex_reference,test,openalex_social_sciences_200
W7143311199,W2291954937,1,actual_openalex_reference,test,openalex_social_sciences_200
W7143311199,W2469042553,1,actual_openalex_reference,test,openalex_social_sciences_200
W7143311199,W2490142387,1,actual_openalex_reference,test,openalex_social_sciences_200
W7143311199,W2625962168,1,actual_openalex_reference,test,openalex_social_sciences_200
W7143311199,W2627046856,1,actual_openalex_reference,test,openalex_social_sciences_200
W7143311199,W2714033309,1,actual_openalex_reference,test,openalex_social_sciences_200
W7143311199,W2737081847,1,actual_openalex_reference,test,openalex_social_sciences_200
W7143311199,W2738042678,1,actual_openalex_reference,test,openalex_social_sciences_200
W7143311199,W2738072829,1,actual_openalex_reference,test,openalex_social_sciences_200
W7143311199,W2738699469,1,actual_openalex_reference,test,openalex_social_sciences_200
W7143311199,W2738765213,1,actual_openalex_reference,test,openalex_social_sciences_200
W7143311199,W2739085284,1,actual_openalex_reference,test,openalex_social_sciences_200
W7143311199,W2739134481,1,actual_openalex_reference,test,openalex_social_sciences_200
W7143311199,W2740563534,1,actual_openalex_reference,test,openalex_social_sciences_200
W7143311199,W2743289362,1,actual_openalex_reference,test,openalex_social_sciences_200
W7143311199,W2754758014,1,actual_openalex_reference,test,openalex_social_sciences_200
W7143311199,W2755568390,1,actual_openalex_reference,test,openalex_social_sciences_200
W7143311199,W2757466176,1,actual_openalex_reference,test,openalex_social_sciences_200
W7143311199,W2766378803,1,actual_openalex_reference,test,openalex_social_sciences_200
W7143311199,W2791305994,1,actual_openalex_reference,test,openalex_social_sciences_200
W7143311199,W2909375051,1,actual_openalex_reference,test,openalex_social_sciences_200
W7143311199,W3000100317,1,actual_openalex_reference,test,openalex_social_sciences_200
W7143311199,W3031590521,1,actual_openalex_reference,test,openalex_social_sciences_200
W7143311199,W3041957621,1,actual_openalex_reference,test,openalex_social_sciences_200
W7143311199,W3123244366,1,actual_openalex_reference,test,openalex_social_sciences_200
W7143311199,W3124915420,1,actual_openalex_reference,test,openalex_social_sciences_200
W7143311199,W3152712704,1,actual_openalex_reference,test,openalex_social_sciences_200
W7143311199,W4210277790,1,actual_openalex_reference,test,openalex_social_sciences_200
W7143311199,W4229943301,1,actual_openalex_reference,test,openalex_social_sciences_200
W7143311199,W4231346332,1,actual_openalex_reference,test,openalex_social_sciences_200
W7143311199,W4233718179,1,actual_openalex_reference,test,openalex_social_sciences_200
W7143311199,W4242240898,1,actual_openalex_reference,test,openalex_social_sciences_200
W7143311199,W4301959256,1,actual_openalex_reference,test,openalex_social_sciences_200
W7143311199,W4308807315,1,actual_openalex_reference,test,openalex_social_sciences_200
W7143311199,W4309402490,1,actual_openalex_reference,test,openalex_social_sciences_200
W7143311199,W4367853483,1,actual_openalex_reference,test,openalex_social_sciences_200
W7143311199,W4389816242,1,actual_openalex_reference,test,openalex_social_sciences_200
W7143311199,W4390151113,1,actual_openalex_reference,test,openalex_social_sciences_200
W7143311199,W4392757240,1,actual_openalex_reference,test,openalex_social_sciences_200
W7143311199,W4402220636,1,actual_openalex_reference,test,openalex_social_sciences_200
W4386764535,W2128242784,1,actual_openalex_reference,test,openalex_social_sciences_200
W4386764535,W2147552630,1,actual_openalex_reference,test,openalex_social_sciences_200
W4386764535,W2335248088,1,actual_openalex_reference,test,openalex_social_sciences_200
W4386764535,W4294760488,1,actual_openalex_reference,test,openalex_social_sciences_200
W4386764535,W4327606281,1,actual_openalex_reference,test,openalex_social_sciences_200
W4391402280,W2008423668,1,actual_openalex_reference,test,openalex_social_sciences_200
W4391402280,W2056697195,1,actual_openalex_reference,test,openalex_social_sciences_200
W4391402280,W2140873807,1,actual_openalex_reference,test,openalex_social_sciences_200
W4391402280,W2305306121,1,actual_openalex_reference,test,openalex_social_sciences_200
W4391402280,W2943297971,1,actual_openalex_reference,test,openalex_social_sciences_200
W4391402280,W3108982328,1,actual_openalex_reference,test,openalex_social_sciences_200
W4391402280,W4249342393,1,actual_openalex_reference,test,openalex_social_sciences_200
W4391402280,W4282830162,1,actual_openalex_reference,test,openalex_social_sciences_200
W4391402280,W4286759368,1,actual_openalex_reference,test,openalex_social_sciences_200
W4391402280,W4294527325,1,actual_openalex_reference,test,openalex_social_sciences_200
W4391402280,W4296226460,1,actual_openalex_reference,test,openalex_social_sciences_200
W4391402280,W4313650723,1,actual_openalex_reference,test,openalex_social_sciences_200
W4391402280,W4390495105,1,actual_openalex_reference,test,openalex_social_sciences_200
W4410925575,W2061977616,1,actual_openalex_reference,test,openalex_social_sciences_200
W4410925575,W2144100620,1,actual_openalex_reference,test,openalex_social_sciences_200
W4410925575,W2799874940,1,actual_openalex_reference,test,openalex_social_sciences_200
W4410925575,W3046668280,1,actual_openalex_reference,test,openalex_social_sciences_200
W4410925575,W3135809173,1,actual_openalex_reference,test,openalex_social_sciences_200
W4410925575,W3158978818,1,actual_openalex_reference,test,openalex_social_sciences_200
W4410925575,W3181501619,1,actual_openalex_reference,test,openalex_social_sciences_200
W4410925575,W3209850372,1,actual_openalex_reference,test,openalex_social_sciences_200
W4410925575,W4228997724,1,actual_openalex_reference,test,openalex_social_sciences_200
W4410925575,W4313597615,1,actual_openalex_reference,test,openalex_social_sciences_200
W4410925575,W4360617577,1,actual_openalex_reference,test,openalex_social_sciences_200
W4410925575,W4382237016,1,actual_openalex_reference,test,openalex_social_sciences_200
W4410925575,W4386259784,1,actual_openalex_reference,test,openalex_social_sciences_200
W4410925575,W4387672498,1,actual_openalex_reference,test,openalex_social_sciences_200
W4410925575,W4389057518,1,actual_openalex_reference,test,openalex_social_sciences_200
W4410925575,W4392143577,1,actual_openalex_reference,test,openalex_social_sciences_200
W4410925575,W4392557039,1,actual_openalex_reference,test,openalex_social_sciences_200
W4410925575,W4392862154,1,actual_openalex_reference,test,openalex_social_sciences_200
W4410925575,W4394726542,1,actual_openalex_reference,test,openalex_social_sciences_200
W4376117448,W1533369859,1,actual_openalex_reference,test,openalex_social_sciences_200
W4376117448,W1605655131,1,actual_openalex_reference,test,openalex_social_sciences_200
W4376117448,W1823439115,1,actual_openalex_reference,test,openalex_social_sciences_200
W4376117448,W2070762283,1,actual_openalex_reference,test,openalex_social_sciences_200
W4376117448,W2117480767,1,actual_openalex_reference,test,openalex_social_sciences_200
W4376117448,W2320890672,1,actual_openalex_reference,test,openalex_social_sciences_200
W4376117448,W2795242643,1,actual_openalex_reference,test,openalex_social_sciences_200
W4376117448,W3176406291,1,actual_openalex_reference,test,openalex_social_sciences_200
W4363682607,W2904550226,1,actual_openalex_reference,test,openalex_social_sciences_200
W4363682607,W3012960146,1,actual_openalex_reference,test,openalex_social_sciences_200
W4363682607,W3126998163,1,actual_openalex_reference,test,openalex_social_sciences_200
W4363682607,W3161856929,1,actual_openalex_reference,test,openalex_social_sciences_200
W4363682607,W4200570179,1,actual_openalex_reference,test,openalex_social_sciences_200
W4363682607,W4212916954,1,actual_openalex_reference,test,openalex_social_sciences_200
W4363682607,W4223497338,1,actual_openalex_reference,test,openalex_social_sciences_200
W4363682607,W4224256002,1,actual_openalex_reference,test,openalex_social_sciences_200
W4363682607,W4236799922,1,actual_openalex_reference,test,openalex_social_sciences_200
W4363682607,W4249336551,1,actual_openalex_reference,test,openalex_social_sciences_200
W4363682607,W4288471721,1,actual_openalex_reference,test,openalex_social_sciences_200
W4363682607,W4307735781,1,actual_openalex_reference,test,openalex_social_sciences_200
W4363682607,W4315563642,1,actual_openalex_reference,test,openalex_social_sciences_200
W4400267861,W1491644571,1,actual_openalex_reference,test,openalex_social_sciences_200
W4400267861,W1937608135,1,actual_openalex_reference,test,openalex_social_sciences_200
W4400267861,W1988050849,1,actual_openalex_reference,test,openalex_social_sciences_200
W4400267861,W2000380427,1,actual_openalex_reference,test,openalex_social_sciences_200
W4400267861,W2033943395,1,actual_openalex_reference,test,openalex_social_sciences_200
W4400267861,W2131752840,1,actual_openalex_reference,test,openalex_social_sciences_200
W4400267861,W2324663118,1,actual_openalex_reference,test,openalex_social_sciences_200
W4400267861,W2767122256,1,actual_openalex_reference,test,openalex_social_sciences_200
W4400267861,W2770599068,1,actual_openalex_reference,test,openalex_social_sciences_200
W4400267861,W2794133051,1,actual_openalex_reference,test,openalex_social_sciences_200
W4400267861,W2912424184,1,actual_openalex_reference,test,openalex_social_sciences_200
W4400267861,W2989406557,1,actual_openalex_reference,test,openalex_social_sciences_200
W4400267861,W2996604070,1,actual_openalex_reference,test,openalex_social_sciences_200
W4400267861,W3115926918,1,actual_openalex_reference,test,openalex_social_sciences_200
W4400267861,W3126178062,1,actual_openalex_reference,test,openalex_social_sciences_200
W4400267861,W3135857585,1,actual_openalex_reference,test,openalex_social_sciences_200
W4400267861,W3152818228,1,actual_openalex_reference,test,openalex_social_sciences_200
W4400267861,W3210383951,1,actual_openalex_reference,test,openalex_social_sciences_200
W4400267861,W4205153649,1,actual_openalex_reference,test,openalex_social_sciences_200
W4400267861,W4206447012,1,actual_openalex_reference,test,openalex_social_sciences_200
W4400267861,W4221049125,1,actual_openalex_reference,test,openalex_social_sciences_200
W4400267861,W4235678817,1,actual_openalex_reference,test,openalex_social_sciences_200
W4400267861,W4293252116,1,actual_openalex_reference,test,openalex_social_sciences_200
W4400267861,W4293580527,1,actual_openalex_reference,test,openalex_social_sciences_200
W4400267861,W4311355382,1,actual_openalex_reference,test,openalex_social_sciences_200
W4400267861,W4313886425,1,actual_openalex_reference,test,openalex_social_sciences_200
W4400267861,W4318348085,1,actual_openalex_reference,test,openalex_social_sciences_200
W7160854835,W1601799354,1,actual_openalex_reference,test,openalex_social_sciences_200
W7160854835,W1979290264,1,actual_openalex_reference,test,openalex_social_sciences_200
W7160854835,W2007126692,1,actual_openalex_reference,test,openalex_social_sciences_200
W7160854835,W2069488846,1,actual_openalex_reference,test,openalex_social_sciences_200
W7160854835,W2144606592,1,actual_openalex_reference,test,openalex_social_sciences_200
W7160854835,W2259238293,1,actual_openalex_reference,test,openalex_social_sciences_200
W7160854835,W2558422550,1,actual_openalex_reference,test,openalex_social_sciences_200
W7160854835,W2759773122,1,actual_openalex_reference,test,openalex_social_sciences_200
W7160854835,W2766189381,1,actual_openalex_reference,test,openalex_social_sciences_200
W7160854835,W2803858464,1,actual_openalex_reference,test,openalex_social_sciences_200
W7160854835,W2804828040,1,actual_openalex_reference,test,openalex_social_sciences_200
W7160854835,W2806241124,1,actual_openalex_reference,test,openalex_social_sciences_200
W7160854835,W2895815305,1,actual_openalex_reference,test,openalex_social_sciences_200
W7160854835,W2913824600,1,actual_openalex_reference,test,openalex_social_sciences_200
W7160854835,W2949838620,1,actual_openalex_reference,test,openalex_social_sciences_200
W7160854835,W2975734276,1,actual_openalex_reference,test,openalex_social_sciences_200
W7160854835,W2991153529,1,actual_openalex_reference,test,openalex_social_sciences_200
W7160854835,W2999976974,1,actual_openalex_reference,test,openalex_social_sciences_200
W7160854835,W3031073871,1,actual_openalex_reference,test,openalex_social_sciences_200
W7160854835,W3170298198,1,actual_openalex_reference,test,openalex_social_sciences_200
W7160854835,W3177417030,1,actual_openalex_reference,test,openalex_social_sciences_200
W7160854835,W3207029747,1,actual_openalex_reference,test,openalex_social_sciences_200
W7160854835,W3214713590,1,actual_openalex_reference,test,openalex_social_sciences_200
W7160854835,W4225326145,1,actual_openalex_reference,test,openalex_social_sciences_200
W7160854835,W4313464075,1,actual_openalex_reference,test,openalex_social_sciences_200
W7160854835,W4377021669,1,actual_openalex_reference,test,openalex_social_sciences_200
W7160854835,W4377861211,1,actual_openalex_reference,test,openalex_social_sciences_200
W7160854835,W4383820608,1,actual_openalex_reference,test,openalex_social_sciences_200
W7160854835,W4388715083,1,actual_openalex_reference,test,openalex_social_sciences_200
W7160854835,W4390300184,1,actual_openalex_reference,test,openalex_social_sciences_200
W7160854835,W4390944132,1,actual_openalex_reference,test,openalex_social_sciences_200
W7160854835,W4393117028,1,actual_openalex_reference,test,openalex_social_sciences_200
W7160854835,W4394865854,1,actual_openalex_reference,test,openalex_social_sciences_200
W7160854835,W4395062994,1,actual_openalex_reference,test,openalex_social_sciences_200
W7125372429,W970540326,1,actual_openalex_reference,test,openalex_social_sciences_200
W7125372429,W1733466363,1,actual_openalex_reference,test,openalex_social_sciences_200
W7125372429,W1844477056,1,actual_openalex_reference,test,openalex_social_sciences_200
W7125372429,W1927044652,1,actual_openalex_reference,test,openalex_social_sciences_200
W7125372429,W1993074757,1,actual_openalex_reference,test,openalex_social_sciences_200
W7125372429,W2038851702,1,actual_openalex_reference,test,openalex_social_sciences_200
W7125372429,W2050818470,1,actual_openalex_reference,test,openalex_social_sciences_200
W7125372429,W2058644426,1,actual_openalex_reference,test,openalex_social_sciences_200
W7125372429,W2067662305,1,actual_openalex_reference,test,openalex_social_sciences_200
W7125372429,W2098791403,1,actual_openalex_reference,test,openalex_social_sciences_200
W7125372429,W2100111523,1,actual_openalex_reference,test,openalex_social_sciences_200
W7125372429,W2106153117,1,actual_openalex_reference,test,openalex_social_sciences_200
W7125372429,W2131950958,1,actual_openalex_reference,test,openalex_social_sciences_200
W7125372429,W2137015236,1,actual_openalex_reference,test,openalex_social_sciences_200
W7125372429,W2163872363,1,actual_openalex_reference,test,openalex_social_sciences_200
W7125372429,W2502823377,1,actual_openalex_reference,test,openalex_social_sciences_200
W7125372429,W2551245240,1,actual_openalex_reference,test,openalex_social_sciences_200
W7125372429,W2554787815,1,actual_openalex_reference,test,openalex_social_sciences_200
W7125372429,W3001611070,1,actual_openalex_reference,test,openalex_social_sciences_200
W7125372429,W3035855036,1,actual_openalex_reference,test,openalex_social_sciences_200
W7125372429,W3038709602,1,actual_openalex_reference,test,openalex_social_sciences_200
W7125372429,W3097464751,1,actual_openalex_reference,test,openalex_social_sciences_200
W7125372429,W3119151455,1,actual_openalex_reference,test,openalex_social_sciences_200
W7125372429,W3132459958,1,actual_openalex_reference,test,openalex_social_sciences_200
W7125372429,W3136070355,1,actual_openalex_reference,test,openalex_social_sciences_200
W7125372429,W3136934188,1,actual_openalex_reference,test,openalex_social_sciences_200
W7125372429,W3139466183,1,actual_openalex_reference,test,openalex_social_sciences_200
W7125372429,W3163696461,1,actual_openalex_reference,test,openalex_social_sciences_200
W7125372429,W4200219272,1,actual_openalex_reference,test,openalex_social_sciences_200
W7125372429,W4210909634,1,actual_openalex_reference,test,openalex_social_sciences_200
W7125372429,W4211069470,1,actual_openalex_reference,test,openalex_social_sciences_200
W7125372429,W4220955050,1,actual_openalex_reference,test,openalex_social_sciences_200
W7125372429,W4280516068,1,actual_openalex_reference,test,openalex_social_sciences_200
W7125372429,W4284683106,1,actual_openalex_reference,test,openalex_social_sciences_200
W7125372429,W4387129792,1,actual_openalex_reference,test,openalex_social_sciences_200
W7125372429,W4398176785,1,actual_openalex_reference,test,openalex_social_sciences_200
W4367049535,W566957180,1,actual_openalex_reference,test,openalex_social_sciences_200
W4367049535,W1663340118,1,actual_openalex_reference,test,openalex_social_sciences_200
W4367049535,W1967268048,1,actual_openalex_reference,test,openalex_social_sciences_200
W4367049535,W1969459409,1,actual_openalex_reference,test,openalex_social_sciences_200
W4367049535,W1982170738,1,actual_openalex_reference,test,openalex_social_sciences_200
W4367049535,W2000345468,1,actual_openalex_reference,test,openalex_social_sciences_200
W4367049535,W2035183364,1,actual_openalex_reference,test,openalex_social_sciences_200
W4367049535,W2049214021,1,actual_openalex_reference,test,openalex_social_sciences_200
W4367049535,W2087872460,1,actual_openalex_reference,test,openalex_social_sciences_200
W4367049535,W2117954987,1,actual_openalex_reference,test,openalex_social_sciences_200
W4367049535,W2139142061,1,actual_openalex_reference,test,openalex_social_sciences_200
W4367049535,W2184722150,1,actual_openalex_reference,test,openalex_social_sciences_200
W4367049535,W4200503367,1,actual_openalex_reference,test,openalex_social_sciences_200
W4367049535,W4236295337,1,actual_openalex_reference,test,openalex_social_sciences_200
W4367049535,W4244888534,1,actual_openalex_reference,test,openalex_social_sciences_200
W4416890389,W1618298401,1,actual_openalex_reference,test,openalex_social_sciences_200
W4416890389,W1963456648,1,actual_openalex_reference,test,openalex_social_sciences_200
W4416890389,W1991552258,1,actual_openalex_reference,test,openalex_social_sciences_200
W4416890389,W2001016935,1,actual_openalex_reference,test,openalex_social_sciences_200
W4416890389,W2009926317,1,actual_openalex_reference,test,openalex_social_sciences_200
W4416890389,W2059806804,1,actual_openalex_reference,test,openalex_social_sciences_200
W4416890389,W2067714530,1,actual_openalex_reference,test,openalex_social_sciences_200
W4416890389,W2073247521,1,actual_openalex_reference,test,openalex_social_sciences_200
W4416890389,W2077979306,1,actual_openalex_reference,test,openalex_social_sciences_200
W4416890389,W2083611904,1,actual_openalex_reference,test,openalex_social_sciences_200
W4416890389,W2084702123,1,actual_openalex_reference,test,openalex_social_sciences_200
W4416890389,W2087100891,1,actual_openalex_reference,test,openalex_social_sciences_200
W4416890389,W2094958241,1,actual_openalex_reference,test,openalex_social_sciences_200
W4416890389,W2126730689,1,actual_openalex_reference,test,openalex_social_sciences_200
W4416890389,W2142342471,1,actual_openalex_reference,test,openalex_social_sciences_200
W4416890389,W2156146806,1,actual_openalex_reference,test,openalex_social_sciences_200
W4416890389,W2159652420,1,actual_openalex_reference,test,openalex_social_sciences_200
W4416890389,W2175003909,1,actual_openalex_reference,test,openalex_social_sciences_200
W4416890389,W2293710891,1,actual_openalex_reference,test,openalex_social_sciences_200
W4416890389,W2520646098,1,actual_openalex_reference,test,openalex_social_sciences_200
W4416890389,W2617495688,1,actual_openalex_reference,test,openalex_social_sciences_200
W4416890389,W2724914405,1,actual_openalex_reference,test,openalex_social_sciences_200
W4416890389,W2767388883,1,actual_openalex_reference,test,openalex_social_sciences_200
W4416890389,W2801777518,1,actual_openalex_reference,test,openalex_social_sciences_200
W4416890389,W2883019038,1,actual_openalex_reference,test,openalex_social_sciences_200
W4416890389,W2954894733,1,actual_openalex_reference,test,openalex_social_sciences_200
W4416890389,W4414116458,1,actual_openalex_reference,test,openalex_social_sciences_200
W4412495389,W2052894582,1,actual_openalex_reference,test,openalex_social_sciences_200
W4412495389,W2584800476,1,actual_openalex_reference,test,openalex_social_sciences_200
W4412495389,W2945056802,1,actual_openalex_reference,test,openalex_social_sciences_200
W4412495389,W3028411640,1,actual_openalex_reference,test,openalex_social_sciences_200
W4412495389,W4200148496,1,actual_openalex_reference,test,openalex_social_sciences_200
W4412495389,W4313475308,1,actual_openalex_reference,test,openalex_social_sciences_200
W4412495389,W4365398768,1,actual_openalex_reference,test,openalex_social_sciences_200
W4412495389,W4378906260,1,actual_openalex_reference,test,openalex_social_sciences_200
W4412495389,W4385843691,1,actual_openalex_reference,test,openalex_social_sciences_200
W4412495389,W4385845679,1,actual_openalex_reference,test,openalex_social_sciences_200
W4412495389,W4390351969,1,actual_openalex_reference,test,openalex_social_sciences_200
W4412495389,W4390352388,1,actual_openalex_reference,test,openalex_social_sciences_200
W4412495389,W4390353134,1,actual_openalex_reference,test,openalex_social_sciences_200
W4412495389,W4393182640,1,actual_openalex_reference,test,openalex_social_sciences_200
W4412495389,W4393205682,1,actual_openalex_reference,test,openalex_social_sciences_200
W4412495389,W4398223691,1,actual_openalex_reference,test,openalex_social_sciences_200
W4412495389,W4399465618,1,actual_openalex_reference,test,openalex_social_sciences_200
W4412495389,W4401404718,1,actual_openalex_reference,test,openalex_social_sciences_200
W4412495389,W4402517809,1,actual_openalex_reference,test,openalex_social_sciences_200
W4412495389,W4404972694,1,actual_openalex_reference,test,openalex_social_sciences_200
W4412495389,W4407184730,1,actual_openalex_reference,test,openalex_social_sciences_200
W4412495389,W4409983985,1,actual_openalex_reference,test,openalex_social_sciences_200
W4412495389,W4411880737,1,actual_openalex_reference,test,openalex_social_sciences_200
W7161847557,W2144112097,1,actual_openalex_reference,test,openalex_social_sciences_200
W7161847557,W2152196871,1,actual_openalex_reference,test,openalex_social_sciences_200
W7161847557,W2305278139,1,actual_openalex_reference,test,openalex_social_sciences_200
W7161847557,W2534680200,1,actual_openalex_reference,test,openalex_social_sciences_200
W7161847557,W2803427806,1,actual_openalex_reference,test,openalex_social_sciences_200
W7161847557,W2896361248,1,actual_openalex_reference,test,openalex_social_sciences_200
W7161847557,W2951002117,1,actual_openalex_reference,test,openalex_social_sciences_200
W7161847557,W2980954613,1,actual_openalex_reference,test,openalex_social_sciences_200
W7161847557,W2999768147,1,actual_openalex_reference,test,openalex_social_sciences_200
W7161847557,W3017244242,1,actual_openalex_reference,test,openalex_social_sciences_200
W7161847557,W3030338287,1,actual_openalex_reference,test,openalex_social_sciences_200
W7161847557,W3044773236,1,actual_openalex_reference,test,openalex_social_sciences_200
W7161847557,W3106117761,1,actual_openalex_reference,test,openalex_social_sciences_200
W7161847557,W3116211737,1,actual_openalex_reference,test,openalex_social_sciences_200
W7161847557,W3175677986,1,actual_openalex_reference,test,openalex_social_sciences_200
W7161847557,W4223500627,1,actual_openalex_reference,test,openalex_social_sciences_200
W7161847557,W4297239209,1,actual_openalex_reference,test,openalex_social_sciences_200
W7161847557,W4306152216,1,actual_openalex_reference,test,openalex_social_sciences_200
W7161847557,W4323860103,1,actual_openalex_reference,test,openalex_social_sciences_200
W7161847557,W4381598164,1,actual_openalex_reference,test,openalex_social_sciences_200
W7161847557,W4383695422,1,actual_openalex_reference,test,openalex_social_sciences_200
W7161847557,W4385302465,1,actual_openalex_reference,test,openalex_social_sciences_200
W7161847557,W4387337699,1,actual_openalex_reference,test,openalex_social_sciences_200
W7161847557,W4391216370,1,actual_openalex_reference,test,openalex_social_sciences_200
W7161847557,W4401535535,1,actual_openalex_reference,test,openalex_social_sciences_200
W7161847557,W4401685488,1,actual_openalex_reference,test,openalex_social_sciences_200
W7161847557,W4401965693,1,actual_openalex_reference,test,openalex_social_sciences_200
W7161847557,W4410155473,1,actual_openalex_reference,test,openalex_social_sciences_200
W4400588368,W108672163,1,actual_openalex_reference,test,openalex_social_sciences_200
W4400588368,W1967030835,1,actual_openalex_reference,test,openalex_social_sciences_200
W4400588368,W2030380967,1,actual_openalex_reference,test,openalex_social_sciences_200
W4400588368,W2034060166,1,actual_openalex_reference,test,openalex_social_sciences_200
W4400588368,W2101775343,1,actual_openalex_reference,test,openalex_social_sciences_200
W4400588368,W2109355456,1,actual_openalex_reference,test,openalex_social_sciences_200
W4400588368,W2176675549,1,actual_openalex_reference,test,openalex_social_sciences_200
W4400588368,W2774845878,1,actual_openalex_reference,test,openalex_social_sciences_200
W4400588368,W2889584466,1,actual_openalex_reference,test,openalex_social_sciences_200
W4400588368,W4403104622,1,actual_openalex_reference,test,openalex_social_sciences_200
W4415880657,W1485693368,1,actual_openalex_reference,test,openalex_social_sciences_200
W4415880657,W2080056892,1,actual_openalex_reference,test,openalex_social_sciences_200
W4415880657,W2681272865,1,actual_openalex_reference,test,openalex_social_sciences_200
W4415880657,W2939711891,1,actual_openalex_reference,test,openalex_social_sciences_200
W4415880657,W2940684950,1,actual_openalex_reference,test,openalex_social_sciences_200
W4415880657,W3175010580,1,actual_openalex_reference,test,openalex_social_sciences_200
W4415880657,W4206784971,1,actual_openalex_reference,test,openalex_social_sciences_200
W4415880657,W4315481936,1,actual_openalex_reference,test,openalex_social_sciences_200
W4415880657,W4394901596,1,actual_openalex_reference,test,openalex_social_sciences_200
W4399825171,W1744548356,1,actual_openalex_reference,test,openalex_social_sciences_200
W4399825171,W2111826424,1,actual_openalex_reference,test,openalex_social_sciences_200
W4399825171,W2150408601,1,actual_openalex_reference,test,openalex_social_sciences_200
W4399825171,W2172686657,1,actual_openalex_reference,test,openalex_social_sciences_200
W4399825171,W2327557979,1,actual_openalex_reference,test,openalex_social_sciences_200
W4399825171,W3005225667,1,actual_openalex_reference,test,openalex_social_sciences_200
W4399825171,W3012099172,1,actual_openalex_reference,test,openalex_social_sciences_200
W4399825171,W3042308677,1,actual_openalex_reference,test,openalex_social_sciences_200
W4399825171,W3045291698,1,actual_openalex_reference,test,openalex_social_sciences_200
W4399825171,W3045508402,1,actual_openalex_reference,test,openalex_social_sciences_200
W4399825171,W3045550666,1,actual_openalex_reference,test,openalex_social_sciences_200
W4399825171,W3053298662,1,actual_openalex_reference,test,openalex_social_sciences_200
W4399825171,W3094087653,1,actual_openalex_reference,test,openalex_social_sciences_200
W4399825171,W3095075747,1,actual_openalex_reference,test,openalex_social_sciences_200
W4399825171,W3096043074,1,actual_openalex_reference,test,openalex_social_sciences_200
W4399825171,W3111237938,1,actual_openalex_reference,test,openalex_social_sciences_200
W4399825171,W3112336247,1,actual_openalex_reference,test,openalex_social_sciences_200
W4399825171,W3113800085,1,actual_openalex_reference,test,openalex_social_sciences_200
W4399825171,W3116941504,1,actual_openalex_reference,test,openalex_social_sciences_200
W4399825171,W3118737905,1,actual_openalex_reference,test,openalex_social_sciences_200
W4399825171,W3123050654,1,actual_openalex_reference,test,openalex_social_sciences_200
W4399825171,W3129372920,1,actual_openalex_reference,test,openalex_social_sciences_200
W4399825171,W3137840820,1,actual_openalex_reference,test,openalex_social_sciences_200
W4399825171,W3170562695,1,actual_openalex_reference,test,openalex_social_sciences_200
W4399825171,W3172869565,1,actual_openalex_reference,test,openalex_social_sciences_200
W4399825171,W3177345085,1,actual_openalex_reference,test,openalex_social_sciences_200
W4399825171,W3182535897,1,actual_openalex_reference,test,openalex_social_sciences_200
W4399825171,W3183273827,1,actual_openalex_reference,test,openalex_social_sciences_200
W4399825171,W3186725886,1,actual_openalex_reference,test,openalex_social_sciences_200
W4399825171,W3211080636,1,actual_openalex_reference,test,openalex_social_sciences_200
W4399825171,W4205112887,1,actual_openalex_reference,test,openalex_social_sciences_200
W4399825171,W4205339359,1,actual_openalex_reference,test,openalex_social_sciences_200
W4399825171,W4214941077,1,actual_openalex_reference,test,openalex_social_sciences_200
W4399825171,W4221058619,1,actual_openalex_reference,test,openalex_social_sciences_200
W4399825171,W4231269617,1,actual_openalex_reference,test,openalex_social_sciences_200
W4399825171,W4235111611,1,actual_openalex_reference,test,openalex_social_sciences_200
W4399825171,W4249270089,1,actual_openalex_reference,test,openalex_social_sciences_200
W4399825171,W4253821298,1,actual_openalex_reference,test,openalex_social_sciences_200
W4399825171,W4287094889,1,actual_openalex_reference,test,openalex_social_sciences_200
W4399825171,W4296122200,1,actual_openalex_reference,test,openalex_social_sciences_200
W4399825171,W4296201861,1,actual_openalex_reference,test,openalex_social_sciences_200
W4399825171,W4298540644,1,actual_openalex_reference,test,openalex_social_sciences_200
W4399825171,W4307544348,1,actual_openalex_reference,test,openalex_social_sciences_200
W4399825171,W4313494818,1,actual_openalex_reference,test,openalex_social_sciences_200
W4402564850,W2945715367,1,actual_openalex_reference,test,openalex_social_sciences_200
W4402564850,W2978843160,1,actual_openalex_reference,test,openalex_social_sciences_200
W7117419866,W1973044989,1,actual_openalex_reference,test,openalex_social_sciences_200
W7117419866,W1987382285,1,actual_openalex_reference,test,openalex_social_sciences_200
W7117419866,W2029196932,1,actual_openalex_reference,test,openalex_social_sciences_200
W7117419866,W2066479202,1,actual_openalex_reference,test,openalex_social_sciences_200
W7117419866,W2084136502,1,actual_openalex_reference,test,openalex_social_sciences_200
W7117419866,W2106277620,1,actual_openalex_reference,test,openalex_social_sciences_200
W7117419866,W2115114178,1,actual_openalex_reference,test,openalex_social_sciences_200
W7117419866,W2137153234,1,actual_openalex_reference,test,openalex_social_sciences_200
W7117419866,W2160079040,1,actual_openalex_reference,test,openalex_social_sciences_200
W7117419866,W2307214121,1,actual_openalex_reference,test,openalex_social_sciences_200
W7117419866,W2513396063,1,actual_openalex_reference,test,openalex_social_sciences_200
W7117419866,W2771753651,1,actual_openalex_reference,test,openalex_social_sciences_200
W7117419866,W3111044656,1,actual_openalex_reference,test,openalex_social_sciences_200
W7130856133,W1974248925,1,actual_openalex_reference,test,openalex_social_sciences_200
W7130856133,W1984252485,1,actual_openalex_reference,test,openalex_social_sciences_200
W7130856133,W2023143960,1,actual_openalex_reference,test,openalex_social_sciences_200
W7130856133,W2033027593,1,actual_openalex_reference,test,openalex_social_sciences_200
W7130856133,W2055672297,1,actual_openalex_reference,test,openalex_social_sciences_200
W7130856133,W2078608334,1,actual_openalex_reference,test,openalex_social_sciences_200
W7130856133,W2092965269,1,actual_openalex_reference,test,openalex_social_sciences_200
W7130856133,W2115582916,1,actual_openalex_reference,test,openalex_social_sciences_200
W7130856133,W2138737045,1,actual_openalex_reference,test,openalex_social_sciences_200
W7130856133,W2145622208,1,actual_openalex_reference,test,openalex_social_sciences_200
W7130856133,W2153000380,1,actual_openalex_reference,test,openalex_social_sciences_200
W7130856133,W2166540281,1,actual_openalex_reference,test,openalex_social_sciences_200
W7130856133,W2550599556,1,actual_openalex_reference,test,openalex_social_sciences_200
W7130856133,W2756452342,1,actual_openalex_reference,test,openalex_social_sciences_200
W7130856133,W2790515941,1,actual_openalex_reference,test,openalex_social_sciences_200
W7130856133,W2929635812,1,actual_openalex_reference,test,openalex_social_sciences_200
W7130856133,W3088013752,1,actual_openalex_reference,test,openalex_social_sciences_200
W7130856133,W4285045317,1,actual_openalex_reference,test,openalex_social_sciences_200
W7130856133,W4390769541,1,actual_openalex_reference,test,openalex_social_sciences_200
W4406494433,W8657673,1,actual_openalex_reference,test,openalex_social_sciences_200
W4406494433,W1514533495,1,actual_openalex_reference,test,openalex_social_sciences_200
W4406494433,W1518861165,1,actual_openalex_reference,test,openalex_social_sciences_200
W4406494433,W1847200526,1,actual_openalex_reference,test,openalex_social_sciences_200
W4406494433,W1965735450,1,actual_openalex_reference,test,openalex_social_sciences_200
W4406494433,W1975450102,1,actual_openalex_reference,test,openalex_social_sciences_200
W4406494433,W1992457393,1,actual_openalex_reference,test,openalex_social_sciences_200
W4406494433,W2041009929,1,actual_openalex_reference,test,openalex_social_sciences_200
W4406494433,W2059970065,1,actual_openalex_reference,test,openalex_social_sciences_200
W4406494433,W2100750788,1,actual_openalex_reference,test,openalex_social_sciences_200
W4406494433,W2123021835,1,actual_openalex_reference,test,openalex_social_sciences_200
W4406494433,W2163531945,1,actual_openalex_reference,test,openalex_social_sciences_200
W4406494433,W2167922060,1,actual_openalex_reference,test,openalex_social_sciences_200
W4406494433,W2169605964,1,actual_openalex_reference,test,openalex_social_sciences_200
W4406494433,W2319789404,1,actual_openalex_reference,test,openalex_social_sciences_200
W4406494433,W2328373544,1,actual_openalex_reference,test,openalex_social_sciences_200
W4406494433,W2335559165,1,actual_openalex_reference,test,openalex_social_sciences_200
W4406494433,W2462516890,1,actual_openalex_reference,test,openalex_social_sciences_200
W4406494433,W2553326713,1,actual_openalex_reference,test,openalex_social_sciences_200
W4406494433,W2602164189,1,actual_openalex_reference,test,openalex_social_sciences_200
W4406494433,W2617883546,1,actual_openalex_reference,test,openalex_social_sciences_200
W4406494433,W2685433807,1,actual_openalex_reference,test,openalex_social_sciences_200
W4406494433,W2740531978,1,actual_openalex_reference,test,openalex_social_sciences_200
W4406494433,W2749146110,1,actual_openalex_reference,test,openalex_social_sciences_200
W4406494433,W2767783789,1,actual_openalex_reference,test,openalex_social_sciences_200
W4406494433,W2944569039,1,actual_openalex_reference,test,openalex_social_sciences_200
W4406494433,W3003692483,1,actual_openalex_reference,test,openalex_social_sciences_200
W4406494433,W3009174219,1,actual_openalex_reference,test,openalex_social_sciences_200
W4406494433,W3127265175,1,actual_openalex_reference,test,openalex_social_sciences_200
W4406494433,W3158884623,1,actual_openalex_reference,test,openalex_social_sciences_200
W4406494433,W3184739247,1,actual_openalex_reference,test,openalex_social_sciences_200
W4406494433,W3196404960,1,actual_openalex_reference,test,openalex_social_sciences_200
W4406494433,W3205085124,1,actual_openalex_reference,test,openalex_social_sciences_200
W4406494433,W4392177784,1,actual_openalex_reference,test,openalex_social_sciences_200
W4415099003,W624103584,1,actual_openalex_reference,test,openalex_social_sciences_200
W4415099003,W1544115525,1,actual_openalex_reference,test,openalex_social_sciences_200
W4415099003,W1601991168,1,actual_openalex_reference,test,openalex_social_sciences_200
W4415099003,W2134085219,1,actual_openalex_reference,test,openalex_social_sciences_200
W4415099003,W3030961854,1,actual_openalex_reference,test,openalex_social_sciences_200
W4406730593,W1563177184,1,actual_openalex_reference,test,openalex_social_sciences_200
W4406730593,W1871959546,1,actual_openalex_reference,test,openalex_social_sciences_200
W4406730593,W1885526515,1,actual_openalex_reference,test,openalex_social_sciences_200
W4406730593,W1931331458,1,actual_openalex_reference,test,openalex_social_sciences_200
W4406730593,W1975905098,1,actual_openalex_reference,test,openalex_social_sciences_200
W4406730593,W1977568713,1,actual_openalex_reference,test,openalex_social_sciences_200
W4406730593,W2008890219,1,actual_openalex_reference,test,openalex_social_sciences_200
W4406730593,W2045923296,1,actual_openalex_reference,test,openalex_social_sciences_200
W4406730593,W2057705003,1,actual_openalex_reference,test,openalex_social_sciences_200
W4406730593,W2058646209,1,actual_openalex_reference,test,openalex_social_sciences_200
W4406730593,W2070793056,1,actual_openalex_reference,test,openalex_social_sciences_200
W4406730593,W2070835357,1,actual_openalex_reference,test,openalex_social_sciences_200
W4406730593,W2071084988,1,actual_openalex_reference,test,openalex_social_sciences_200
W4406730593,W2073528993,1,actual_openalex_reference,test,openalex_social_sciences_200
W4406730593,W2079286154,1,actual_openalex_reference,test,openalex_social_sciences_200
W4406730593,W2098849717,1,actual_openalex_reference,test,openalex_social_sciences_200
W4406730593,W2105159435,1,actual_openalex_reference,test,openalex_social_sciences_200
W4406730593,W2108887945,1,actual_openalex_reference,test,openalex_social_sciences_200
W4406730593,W2115300352,1,actual_openalex_reference,test,openalex_social_sciences_200
W4406730593,W2120815132,1,actual_openalex_reference,test,openalex_social_sciences_200
W4406730593,W2144379414,1,actual_openalex_reference,test,openalex_social_sciences_200
W4406730593,W2158080548,1,actual_openalex_reference,test,openalex_social_sciences_200
W4406730593,W2336003163,1,actual_openalex_reference,test,openalex_social_sciences_200
W4406730593,W2474343775,1,actual_openalex_reference,test,openalex_social_sciences_200
W4406730593,W2490935255,1,actual_openalex_reference,test,openalex_social_sciences_200
W4406730593,W2523555167,1,actual_openalex_reference,test,openalex_social_sciences_200
W4406730593,W2600724785,1,actual_openalex_reference,test,openalex_social_sciences_200
W4406730593,W2609817301,1,actual_openalex_reference,test,openalex_social_sciences_200
W4406730593,W2760848075,1,actual_openalex_reference,test,openalex_social_sciences_200
W4406730593,W2766927406,1,actual_openalex_reference,test,openalex_social_sciences_200
W4406730593,W2791482951,1,actual_openalex_reference,test,openalex_social_sciences_200
W4406730593,W2795051500,1,actual_openalex_reference,test,openalex_social_sciences_200
W4406730593,W2897543004,1,actual_openalex_reference,test,openalex_social_sciences_200
W4406730593,W2907884706,1,actual_openalex_reference,test,openalex_social_sciences_200
W4406730593,W2920909333,1,actual_openalex_reference,test,openalex_social_sciences_200
W4406730593,W2948621477,1,actual_openalex_reference,test,openalex_social_sciences_200
W4406730593,W2950516250,1,actual_openalex_reference,test,openalex_social_sciences_200
W4406730593,W2989971253,1,actual_openalex_reference,test,openalex_social_sciences_200
W4406730593,W3005783860,1,actual_openalex_reference,test,openalex_social_sciences_200
W4406730593,W3096671562,1,actual_openalex_reference,test,openalex_social_sciences_200
W4406730593,W3139093113,1,actual_openalex_reference,test,openalex_social_sciences_200
W4406730593,W3144075259,1,actual_openalex_reference,test,openalex_social_sciences_200
W4406730593,W3163400838,1,actual_openalex_reference,test,openalex_social_sciences_200
W4406730593,W3174020868,1,actual_openalex_reference,test,openalex_social_sciences_200
W4406730593,W3194959388,1,actual_openalex_reference,test,openalex_social_sciences_200
W4406730593,W3205472597,1,actual_openalex_reference,test,openalex_social_sciences_200
W4406730593,W3209032954,1,actual_openalex_reference,test,openalex_social_sciences_200
W4406730593,W3214040060,1,actual_openalex_reference,test,openalex_social_sciences_200
W4406730593,W4200368257,1,actual_openalex_reference,test,openalex_social_sciences_200
W4406730593,W4205549156,1,actual_openalex_reference,test,openalex_social_sciences_200
W4406730593,W4213075590,1,actual_openalex_reference,test,openalex_social_sciences_200
W4406730593,W4225001651,1,actual_openalex_reference,test,openalex_social_sciences_200
W4406730593,W4231038932,1,actual_openalex_reference,test,openalex_social_sciences_200
W4406730593,W4312945419,1,actual_openalex_reference,test,openalex_social_sciences_200
W4406730593,W4322761565,1,actual_openalex_reference,test,openalex_social_sciences_200
W4406730593,W4389045110,1,actual_openalex_reference,test,openalex_social_sciences_200
W4406730593,W4391105305,1,actual_openalex_reference,test,openalex_social_sciences_200
W4406730593,W4391457376,1,actual_openalex_reference,test,openalex_social_sciences_200
W4406730593,W4391842660,1,actual_openalex_reference,test,openalex_social_sciences_200
W4406730593,W4391845110,1,actual_openalex_reference,test,openalex_social_sciences_200
W4406730593,W4392234506,1,actual_openalex_reference,test,openalex_social_sciences_200
W4406730593,W4392651655,1,actual_openalex_reference,test,openalex_social_sciences_200
W4406730593,W4395692347,1,actual_openalex_reference,test,openalex_social_sciences_200
W4406730593,W4400132186,1,actual_openalex_reference,test,openalex_social_sciences_200
W4406730593,W4401142568,1,actual_openalex_reference,test,openalex_social_sciences_200
W4406730593,W4405674196,1,actual_openalex_reference,test,openalex_social_sciences_200
W7154844824,W1808444894,1,actual_openalex_reference,test,openalex_social_sciences_200
W7154844824,W2036889217,1,actual_openalex_reference,test,openalex_social_sciences_200
W7154844824,W2065432753,1,actual_openalex_reference,test,openalex_social_sciences_200
W7154844824,W2065551728,1,actual_openalex_reference,test,openalex_social_sciences_200
W7154844824,W2072334514,1,actual_openalex_reference,test,openalex_social_sciences_200
W7154844824,W2085677274,1,actual_openalex_reference,test,openalex_social_sciences_200
W7154844824,W2098003297,1,actual_openalex_reference,test,openalex_social_sciences_200
W7154844824,W2111653528,1,actual_openalex_reference,test,openalex_social_sciences_200
W7154844824,W2116281003,1,actual_openalex_reference,test,openalex_social_sciences_200
W7154844824,W2126933725,1,actual_openalex_reference,test,openalex_social_sciences_200
W7154844824,W2148083007,1,actual_openalex_reference,test,openalex_social_sciences_200
W7154844824,W2165243546,1,actual_openalex_reference,test,openalex_social_sciences_200
W7154844824,W2168289525,1,actual_openalex_reference,test,openalex_social_sciences_200
W7154844824,W2341299966,1,actual_openalex_reference,test,openalex_social_sciences_200
W7154844824,W2429180991,1,actual_openalex_reference,test,openalex_social_sciences_200
W7154844824,W2587663472,1,actual_openalex_reference,test,openalex_social_sciences_200
W7154844824,W2602706681,1,actual_openalex_reference,test,openalex_social_sciences_200
W7154844824,W2910785580,1,actual_openalex_reference,test,openalex_social_sciences_200
W7154844824,W2965360166,1,actual_openalex_reference,test,openalex_social_sciences_200
W7154844824,W2970036463,1,actual_openalex_reference,test,openalex_social_sciences_200
W7154844824,W2979933743,1,actual_openalex_reference,test,openalex_social_sciences_200
W7154844824,W2996990963,1,actual_openalex_reference,test,openalex_social_sciences_200
W7154844824,W3014673835,1,actual_openalex_reference,test,openalex_social_sciences_200
W7154844824,W3048955258,1,actual_openalex_reference,test,openalex_social_sciences_200
W7154844824,W3126318321,1,actual_openalex_reference,test,openalex_social_sciences_200
W7154844824,W3131739504,1,actual_openalex_reference,test,openalex_social_sciences_200
W7154844824,W3135941333,1,actual_openalex_reference,test,openalex_social_sciences_200
W7154844824,W3152804627,1,actual_openalex_reference,test,openalex_social_sciences_200
W7154844824,W3173251323,1,actual_openalex_reference,test,openalex_social_sciences_200
W7154844824,W3186620691,1,actual_openalex_reference,test,openalex_social_sciences_200
W7154844824,W4224999760,1,actual_openalex_reference,test,openalex_social_sciences_200
W7154844824,W4307698879,1,actual_openalex_reference,test,openalex_social_sciences_200
W7154844824,W4309413430,1,actual_openalex_reference,test,openalex_social_sciences_200
W7154844824,W4312212183,1,actual_openalex_reference,test,openalex_social_sciences_200
W7154844824,W4322123827,1,actual_openalex_reference,test,openalex_social_sciences_200
W4389498450,W2062524396,1,actual_openalex_reference,test,openalex_social_sciences_200
W4389498450,W2067652191,1,actual_openalex_reference,test,openalex_social_sciences_200
W4389498450,W2944353766,1,actual_openalex_reference,test,openalex_social_sciences_200
W4389498450,W3123293686,1,actual_openalex_reference,test,openalex_social_sciences_200
W4389498450,W3131571228,1,actual_openalex_reference,test,openalex_social_sciences_200
W4389498450,W4296395203,1,actual_openalex_reference,test,openalex_social_sciences_200
W4389481757,W1993113329,1,actual_openalex_reference,test,openalex_social_sciences_200
W4389481757,W2098402230,1,actual_openalex_reference,test,openalex_social_sciences_200
W4389481757,W2325590358,1,actual_openalex_reference,test,openalex_social_sciences_200
W4389481757,W2766002803,1,actual_openalex_reference,test,openalex_social_sciences_200
W4389481757,W2909457752,1,actual_openalex_reference,test,openalex_social_sciences_200
W4389481757,W2945440689,1,actual_openalex_reference,test,openalex_social_sciences_200
W4389481757,W2952565222,1,actual_openalex_reference,test,openalex_social_sciences_200
W4389481757,W3012220861,1,actual_openalex_reference,test,openalex_social_sciences_200
W4389481757,W3035463253,1,actual_openalex_reference,test,openalex_social_sciences_200
W4389481757,W4200374494,1,actual_openalex_reference,test,openalex_social_sciences_200
W4389481757,W4283775117,1,actual_openalex_reference,test,openalex_social_sciences_200
W4389481757,W4289524320,1,actual_openalex_reference,test,openalex_social_sciences_200
W4389481757,W4297826477,1,actual_openalex_reference,test,openalex_social_sciences_200
W4389481757,W4313204464,1,actual_openalex_reference,test,openalex_social_sciences_200
W4389481757,W4313455640,1,actual_openalex_reference,test,openalex_social_sciences_200
W4389481757,W4313521659,1,actual_openalex_reference,test,openalex_social_sciences_200
W4389481757,W4318686078,1,actual_openalex_reference,test,openalex_social_sciences_200
W4389481757,W4321484666,1,actual_openalex_reference,test,openalex_social_sciences_200
W4389481757,W4361004417,1,actual_openalex_reference,test,openalex_social_sciences_200
W4389481757,W4361225556,1,actual_openalex_reference,test,openalex_social_sciences_200
W4389481757,W4382790995,1,actual_openalex_reference,test,openalex_social_sciences_200
W4415819901,W2010348352,1,actual_openalex_reference,test,openalex_social_sciences_200
W4415819901,W2123456428,1,actual_openalex_reference,test,openalex_social_sciences_200
W4415819901,W2800588157,1,actual_openalex_reference,test,openalex_social_sciences_200
W4415819901,W2805783867,1,actual_openalex_reference,test,openalex_social_sciences_200
W4415819901,W2810390016,1,actual_openalex_reference,test,openalex_social_sciences_200
W4415819901,W2903314308,1,actual_openalex_reference,test,openalex_social_sciences_200
W4415819901,W2947536357,1,actual_openalex_reference,test,openalex_social_sciences_200
W4415819901,W3013929788,1,actual_openalex_reference,test,openalex_social_sciences_200
W4415819901,W3034846927,1,actual_openalex_reference,test,openalex_social_sciences_200
W4415819901,W3153502525,1,actual_openalex_reference,test,openalex_social_sciences_200
W4415819901,W3160437023,1,actual_openalex_reference,test,openalex_social_sciences_200
W4415819901,W3177951042,1,actual_openalex_reference,test,openalex_social_sciences_200
W4415819901,W4212968867,1,actual_openalex_reference,test,openalex_social_sciences_200
W4415819901,W4282836357,1,actual_openalex_reference,test,openalex_social_sciences_200
W4415819901,W4286543423,1,actual_openalex_reference,test,openalex_social_sciences_200
W4415819901,W4295345833,1,actual_openalex_reference,test,openalex_social_sciences_200
W4415819901,W4303192278,1,actual_openalex_reference,test,openalex_social_sciences_200
W4415819901,W4311123202,1,actual_openalex_reference,test,openalex_social_sciences_200
W4415819901,W4315797011,1,actual_openalex_reference,test,openalex_social_sciences_200
W4415819901,W4322752350,1,actual_openalex_reference,test,openalex_social_sciences_200
W4415819901,W4388019600,1,actual_openalex_reference,test,openalex_social_sciences_200
W4415819901,W4395082204,1,actual_openalex_reference,test,openalex_social_sciences_200
W4415819901,W4404443656,1,actual_openalex_reference,test,openalex_social_sciences_200
W4415819901,W4406152452,1,actual_openalex_reference,test,openalex_social_sciences_200
W4415819901,W4408616801,1,actual_openalex_reference,test,openalex_social_sciences_200
W4415819901,W4408675064,1,actual_openalex_reference,test,openalex_social_sciences_200
W4415819901,W4412046293,1,actual_openalex_reference,test,openalex_social_sciences_200
W4415819901,W4413142579,1,actual_openalex_reference,test,openalex_social_sciences_200
W4391928083,W70684750,1,actual_openalex_reference,test,openalex_social_sciences_200
W4391928083,W242266841,1,actual_openalex_reference,test,openalex_social_sciences_200
W4391928083,W1494929823,1,actual_openalex_reference,test,openalex_social_sciences_200
W4391928083,W1575680169,1,actual_openalex_reference,test,openalex_social_sciences_200
W4391928083,W1581386858,1,actual_openalex_reference,test,openalex_social_sciences_200
W4391928083,W1603603439,1,actual_openalex_reference,test,openalex_social_sciences_200
W4391928083,W1923215383,1,actual_openalex_reference,test,openalex_social_sciences_200
W4391928083,W1969794568,1,actual_openalex_reference,test,openalex_social_sciences_200
W4391928083,W1984142923,1,actual_openalex_reference,test,openalex_social_sciences_200
W4391928083,W1987803162,1,actual_openalex_reference,test,openalex_social_sciences_200
W4391928083,W1990185764,1,actual_openalex_reference,test,openalex_social_sciences_200
W4391928083,W2002703691,1,actual_openalex_reference,test,openalex_social_sciences_200
W4391928083,W2054635351,1,actual_openalex_reference,test,openalex_social_sciences_200
W4391928083,W2061161285,1,actual_openalex_reference,test,openalex_social_sciences_200
W4391928083,W2511851699,1,actual_openalex_reference,test,openalex_social_sciences_200
W4391928083,W2582542004,1,actual_openalex_reference,test,openalex_social_sciences_200
W4391928083,W2788265581,1,actual_openalex_reference,test,openalex_social_sciences_200
W4391928083,W2990754797,1,actual_openalex_reference,test,openalex_social_sciences_200
W4391928083,W3005855824,1,actual_openalex_reference,test,openalex_social_sciences_200
W4391928083,W3007264191,1,actual_openalex_reference,test,openalex_social_sciences_200
W4391928083,W3113097868,1,actual_openalex_reference,test,openalex_social_sciences_200
W4391928083,W4238219037,1,actual_openalex_reference,test,openalex_social_sciences_200
W4391928083,W4248839109,1,actual_openalex_reference,test,openalex_social_sciences_200
W4391928083,W4294214797,1,actual_openalex_reference,test,openalex_social_sciences_200
W4400812087,W632358656,1,actual_openalex_reference,test,openalex_social_sciences_200
W4400812087,W1969896576,1,actual_openalex_reference,test,openalex_social_sciences_200
W4400812087,W1979290264,1,actual_openalex_reference,test,openalex_social_sciences_200
W4400812087,W2045647466,1,actual_openalex_reference,test,openalex_social_sciences_200
W4400812087,W2056386581,1,actual_openalex_reference,test,openalex_social_sciences_200
W4400812087,W2135327274,1,actual_openalex_reference,test,openalex_social_sciences_200
W4400812087,W2137321145,1,actual_openalex_reference,test,openalex_social_sciences_200
W4400812087,W2619621403,1,actual_openalex_reference,test,openalex_social_sciences_200
W4400812087,W2749781915,1,actual_openalex_reference,test,openalex_social_sciences_200
W4400812087,W2799723088,1,actual_openalex_reference,test,openalex_social_sciences_200
W4400812087,W2945938757,1,actual_openalex_reference,test,openalex_social_sciences_200
W4400812087,W2968074244,1,actual_openalex_reference,test,openalex_social_sciences_200
W4400812087,W3000655416,1,actual_openalex_reference,test,openalex_social_sciences_200
W4400812087,W3033017824,1,actual_openalex_reference,test,openalex_social_sciences_200
W4400812087,W3033510683,1,actual_openalex_reference,test,openalex_social_sciences_200
W4400812087,W3043214940,1,actual_openalex_reference,test,openalex_social_sciences_200
W4400812087,W3045749111,1,actual_openalex_reference,test,openalex_social_sciences_200
W4400812087,W3048621714,1,actual_openalex_reference,test,openalex_social_sciences_200
W4400812087,W3049063564,1,actual_openalex_reference,test,openalex_social_sciences_200
W4400812087,W3083350058,1,actual_openalex_reference,test,openalex_social_sciences_200
W4400812087,W3084306409,1,actual_openalex_reference,test,openalex_social_sciences_200
W4400812087,W3084386571,1,actual_openalex_reference,test,openalex_social_sciences_200
W4400812087,W3085118377,1,actual_openalex_reference,test,openalex_social_sciences_200
W4400812087,W3095168434,1,actual_openalex_reference,test,openalex_social_sciences_200
W4400812087,W3096812416,1,actual_openalex_reference,test,openalex_social_sciences_200
W4400812087,W3119273110,1,actual_openalex_reference,test,openalex_social_sciences_200
W4400812087,W3126964658,1,actual_openalex_reference,test,openalex_social_sciences_200
W4400812087,W3137596668,1,actual_openalex_reference,test,openalex_social_sciences_200
W4400812087,W3141980665,1,actual_openalex_reference,test,openalex_social_sciences_200
W4400812087,W3144611275,1,actual_openalex_reference,test,openalex_social_sciences_200
W4400812087,W3164647114,1,actual_openalex_reference,test,openalex_social_sciences_200
W4400812087,W3165374108,1,actual_openalex_reference,test,openalex_social_sciences_200
W4400812087,W3173647082,1,actual_openalex_reference,test,openalex_social_sciences_200
W4400812087,W3175700868,1,actual_openalex_reference,test,openalex_social_sciences_200
W4400812087,W3191805068,1,actual_openalex_reference,test,openalex_social_sciences_200
W4400812087,W3200667041,1,actual_openalex_reference,test,openalex_social_sciences_200
W4400812087,W3208421331,1,actual_openalex_reference,test,openalex_social_sciences_200
W4400812087,W4200073546,1,actual_openalex_reference,test,openalex_social_sciences_200
W4400812087,W4210526112,1,actual_openalex_reference,test,openalex_social_sciences_200
W4400812087,W4287093334,1,actual_openalex_reference,test,openalex_social_sciences_200
W4400812087,W4290375101,1,actual_openalex_reference,test,openalex_social_sciences_200
W4400812087,W4310995047,1,actual_openalex_reference,test,openalex_social_sciences_200
W4400812087,W4361763244,1,actual_openalex_reference,test,openalex_social_sciences_200
W4400812087,W4388923857,1,actual_openalex_reference,test,openalex_social_sciences_200
W4400812087,W4412002576,1,actual_openalex_reference,test,openalex_social_sciences_200
W4392391403,W2019759670,1,actual_openalex_reference,test,openalex_social_sciences_200
W4392391403,W2058537326,1,actual_openalex_reference,test,openalex_social_sciences_200
W4392391403,W2165571577,1,actual_openalex_reference,test,openalex_social_sciences_200
W4392391403,W2781487490,1,actual_openalex_reference,test,openalex_social_sciences_200
W4392391403,W3041908221,1,actual_openalex_reference,test,openalex_social_sciences_200
W4392391403,W3153282605,1,actual_openalex_reference,test,openalex_social_sciences_200
W4392391403,W3205996524,1,actual_openalex_reference,test,openalex_social_sciences_200
W4392391403,W3214973351,1,actual_openalex_reference,test,openalex_social_sciences_200
W4392391403,W4200464847,1,actual_openalex_reference,test,openalex_social_sciences_200
W4392391403,W4220793606,1,actual_openalex_reference,test,openalex_social_sciences_200
W4392391403,W4225295973,1,actual_openalex_reference,test,openalex_social_sciences_200
W4392391403,W4281776069,1,actual_openalex_reference,test,openalex_social_sciences_200
W4392391403,W4285160795,1,actual_openalex_reference,test,openalex_social_sciences_200
W4392391403,W4285240945,1,actual_openalex_reference,test,openalex_social_sciences_200
W4392391403,W4307411866,1,actual_openalex_reference,test,openalex_social_sciences_200
W4392391403,W4309738986,1,actual_openalex_reference,test,openalex_social_sciences_200
W4392391403,W4311726475,1,actual_openalex_reference,test,openalex_social_sciences_200
W4392391403,W4313030486,1,actual_openalex_reference,test,openalex_social_sciences_200
W4392391403,W4313457475,1,actual_openalex_reference,test,openalex_social_sciences_200
W4392391403,W4313887280,1,actual_openalex_reference,test,openalex_social_sciences_200
W4392391403,W4317740032,1,actual_openalex_reference,test,openalex_social_sciences_200
W4392391403,W4397036631,1,actual_openalex_reference,test,openalex_social_sciences_200
W4414699987,W853195111,1,actual_openalex_reference,test,openalex_social_sciences_200
W4414699987,W1506029614,1,actual_openalex_reference,test,openalex_social_sciences_200
W4414699987,W1978480558,1,actual_openalex_reference,test,openalex_social_sciences_200
W4414699987,W1991117230,1,actual_openalex_reference,test,openalex_social_sciences_200
W4414699987,W1994353144,1,actual_openalex_reference,test,openalex_social_sciences_200
W4414699987,W2010132211,1,actual_openalex_reference,test,openalex_social_sciences_200
W4414699987,W2032132755,1,actual_openalex_reference,test,openalex_social_sciences_200
W4414699987,W2109305774,1,actual_openalex_reference,test,openalex_social_sciences_200
W4414699987,W2127951587,1,actual_openalex_reference,test,openalex_social_sciences_200
W4414699987,W2138069984,1,actual_openalex_reference,test,openalex_social_sciences_200
W4414699987,W2156473274,1,actual_openalex_reference,test,openalex_social_sciences_200
W4414699987,W2166769551,1,actual_openalex_reference,test,openalex_social_sciences_200
W4414699987,W2332517055,1,actual_openalex_reference,test,openalex_social_sciences_200
W4414699987,W2744962673,1,actual_openalex_reference,test,openalex_social_sciences_200
W4414699987,W2745631196,1,actual_openalex_reference,test,openalex_social_sciences_200
W4414699987,W2750864587,1,actual_openalex_reference,test,openalex_social_sciences_200
W4414699987,W2769024299,1,actual_openalex_reference,test,openalex_social_sciences_200
W4414699987,W2772814685,1,actual_openalex_reference,test,openalex_social_sciences_200
W4414699987,W2780709726,1,actual_openalex_reference,test,openalex_social_sciences_200
W4414699987,W2794230292,1,actual_openalex_reference,test,openalex_social_sciences_200
W4414699987,W2889117809,1,actual_openalex_reference,test,openalex_social_sciences_200
W4414699987,W2901669506,1,actual_openalex_reference,test,openalex_social_sciences_200
W4414699987,W2901724277,1,actual_openalex_reference,test,openalex_social_sciences_200
W4414699987,W2904219385,1,actual_openalex_reference,test,openalex_social_sciences_200
W4414699987,W2914772228,1,actual_openalex_reference,test,openalex_social_sciences_200
W4414699987,W2920407843,1,actual_openalex_reference,test,openalex_social_sciences_200
W4414699987,W2936746750,1,actual_openalex_reference,test,openalex_social_sciences_200
W4414699987,W2967394738,1,actual_openalex_reference,test,openalex_social_sciences_200
W4414699987,W2977355190,1,actual_openalex_reference,test,openalex_social_sciences_200
W4414699987,W3010026070,1,actual_openalex_reference,test,openalex_social_sciences_200
W4414699987,W3013594891,1,actual_openalex_reference,test,openalex_social_sciences_200
W4414699987,W3029595525,1,actual_openalex_reference,test,openalex_social_sciences_200
W4414699987,W3050600696,1,actual_openalex_reference,test,openalex_social_sciences_200
W4414699987,W3100219456,1,actual_openalex_reference,test,openalex_social_sciences_200
W4414699987,W3120686489,1,actual_openalex_reference,test,openalex_social_sciences_200
W4414699987,W3123893780,1,actual_openalex_reference,test,openalex_social_sciences_200
W4414699987,W3134559915,1,actual_openalex_reference,test,openalex_social_sciences_200
W4414699987,W3150434476,1,actual_openalex_reference,test,openalex_social_sciences_200
W4414699987,W3161933012,1,actual_openalex_reference,test,openalex_social_sciences_200
W4414699987,W3166627721,1,actual_openalex_reference,test,openalex_social_sciences_200
W4414699987,W3179113831,1,actual_openalex_reference,test,openalex_social_sciences_200
W4414699987,W3184410764,1,actual_openalex_reference,test,openalex_social_sciences_200
W4414699987,W4200375175,1,actual_openalex_reference,test,openalex_social_sciences_200
W4414699987,W4226270661,1,actual_openalex_reference,test,openalex_social_sciences_200
W4414699987,W4236941069,1,actual_openalex_reference,test,openalex_social_sciences_200
W4414699987,W4247050420,1,actual_openalex_reference,test,openalex_social_sciences_200
W4414699987,W4280607960,1,actual_openalex_reference,test,openalex_social_sciences_200
W4414699987,W4281654250,1,actual_openalex_reference,test,openalex_social_sciences_200
W4414699987,W4289831510,1,actual_openalex_reference,test,openalex_social_sciences_200
W4414699987,W4292553354,1,actual_openalex_reference,test,openalex_social_sciences_200
W4414699987,W4294214983,1,actual_openalex_reference,test,openalex_social_sciences_200
W4414699987,W4304172240,1,actual_openalex_reference,test,openalex_social_sciences_200
W4414699987,W4309325971,1,actual_openalex_reference,test,openalex_social_sciences_200
W4414699987,W4312811916,1,actual_openalex_reference,test,openalex_social_sciences_200
W4414699987,W4362467859,1,actual_openalex_reference,test,openalex_social_sciences_200
W4414699987,W4388893457,1,actual_openalex_reference,test,openalex_social_sciences_200
W4414699987,W4390858334,1,actual_openalex_reference,test,openalex_social_sciences_200
W4414699987,W4395956344,1,actual_openalex_reference,test,openalex_social_sciences_200
W4414699987,W4406968983,1,actual_openalex_reference,test,openalex_social_sciences_200
W4414699987,W4411985661,1,actual_openalex_reference,test,openalex_social_sciences_200
W7116963341,W1996375354,1,actual_openalex_reference,test,openalex_social_sciences_200
W7116963341,W2008164456,1,actual_openalex_reference,test,openalex_social_sciences_200
W7116963341,W2029857185,1,actual_openalex_reference,test,openalex_social_sciences_200
W7116963341,W2037338322,1,actual_openalex_reference,test,openalex_social_sciences_200
W7116963341,W2064886813,1,actual_openalex_reference,test,openalex_social_sciences_200
W7116963341,W2073315316,1,actual_openalex_reference,test,openalex_social_sciences_200
W7116963341,W2081898864,1,actual_openalex_reference,test,openalex_social_sciences_200
W7116963341,W2094749734,1,actual_openalex_reference,test,openalex_social_sciences_200
W7116963341,W2153217064,1,actual_openalex_reference,test,openalex_social_sciences_200
W7116963341,W2157598150,1,actual_openalex_reference,test,openalex_social_sciences_200
W7116963341,W2245008620,1,actual_openalex_reference,test,openalex_social_sciences_200
W7116963341,W2284909036,1,actual_openalex_reference,test,openalex_social_sciences_200
W7116963341,W2751553792,1,actual_openalex_reference,test,openalex_social_sciences_200
W7116963341,W2762564373,1,actual_openalex_reference,test,openalex_social_sciences_200
W7116963341,W2805970125,1,actual_openalex_reference,test,openalex_social_sciences_200
W7116963341,W2916192449,1,actual_openalex_reference,test,openalex_social_sciences_200
W7116963341,W3035517010,1,actual_openalex_reference,test,openalex_social_sciences_200
W7116963341,W3189036445,1,actual_openalex_reference,test,openalex_social_sciences_200
W7116963341,W3194997138,1,actual_openalex_reference,test,openalex_social_sciences_200
W7116963341,W3195012661,1,actual_openalex_reference,test,openalex_social_sciences_200
W7116963341,W3215345913,1,actual_openalex_reference,test,openalex_social_sciences_200
W7116963341,W4226335301,1,actual_openalex_reference,test,openalex_social_sciences_200
W7116963341,W4283806130,1,actual_openalex_reference,test,openalex_social_sciences_200
W7116963341,W4303422710,1,actual_openalex_reference,test,openalex_social_sciences_200
W7116963341,W4320524099,1,actual_openalex_reference,test,openalex_social_sciences_200
W7116963341,W4353029557,1,actual_openalex_reference,test,openalex_social_sciences_200
W7116963341,W4386643217,1,actual_openalex_reference,test,openalex_social_sciences_200
W7116963341,W4400114091,1,actual_openalex_reference,test,openalex_social_sciences_200
W7116963341,W4400887518,1,actual_openalex_reference,test,openalex_social_sciences_200
W7116963341,W4402418959,1,actual_openalex_reference,test,openalex_social_sciences_200
W7116963341,W4408302188,1,actual_openalex_reference,test,openalex_social_sciences_200
W7116963341,W4411243228,1,actual_openalex_reference,test,openalex_social_sciences_200
W4315926052,W142116741,1,actual_openalex_reference,test,openalex_social_sciences_200
W4315926052,W2033937085,1,actual_openalex_reference,test,openalex_social_sciences_200
W4315926052,W2039171872,1,actual_openalex_reference,test,openalex_social_sciences_200
W4315926052,W2046857552,1,actual_openalex_reference,test,openalex_social_sciences_200
W4315926052,W2098823352,1,actual_openalex_reference,test,openalex_social_sciences_200
W4315926052,W2128696020,1,actual_openalex_reference,test,openalex_social_sciences_200
W4315926052,W2768162049,1,actual_openalex_reference,test,openalex_social_sciences_200
W4315926052,W2769874606,1,actual_openalex_reference,test,openalex_social_sciences_200
W4315926052,W2770531152,1,actual_openalex_reference,test,openalex_social_sciences_200
W4315926052,W2981801866,1,actual_openalex_reference,test,openalex_social_sciences_200
W4315926052,W2981981686,1,actual_openalex_reference,test,openalex_social_sciences_200
W4315926052,W3003370096,1,actual_openalex_reference,test,openalex_social_sciences_200
W4315926052,W3015251340,1,actual_openalex_reference,test,openalex_social_sciences_200
W4315926052,W3025935575,1,actual_openalex_reference,test,openalex_social_sciences_200
W4315926052,W3033164848,1,actual_openalex_reference,test,openalex_social_sciences_200
W4315926052,W3037367010,1,actual_openalex_reference,test,openalex_social_sciences_200
W4315926052,W3042475105,1,actual_openalex_reference,test,openalex_social_sciences_200
W4315926052,W3082674644,1,actual_openalex_reference,test,openalex_social_sciences_200
W4315926052,W4256677704,1,actual_openalex_reference,test,openalex_social_sciences_200
W4361004002,W2030276454,1,actual_openalex_reference,test,openalex_social_sciences_200
W4361004002,W2033639471,1,actual_openalex_reference,test,openalex_social_sciences_200
W4361004002,W2034769775,1,actual_openalex_reference,test,openalex_social_sciences_200
W4361004002,W2496397569,1,actual_openalex_reference,test,openalex_social_sciences_200
W4361004002,W2904468357,1,actual_openalex_reference,test,openalex_social_sciences_200
W4361004002,W3116833287,1,actual_openalex_reference,test,openalex_social_sciences_200
W4361004002,W4220911954,1,actual_openalex_reference,test,openalex_social_sciences_200
W4361004002,W4233978826,1,actual_openalex_reference,test,openalex_social_sciences_200
W4361004002,W4322626695,1,actual_openalex_reference,test,openalex_social_sciences_200
W4409771746,W239795404,1,actual_openalex_reference,test,openalex_social_sciences_200
W4409771746,W1489791650,1,actual_openalex_reference,test,openalex_social_sciences_200
W4409771746,W1820336790,1,actual_openalex_reference,test,openalex_social_sciences_200
W4409771746,W1828617744,1,actual_openalex_reference,test,openalex_social_sciences_200
W4409771746,W1970498811,1,actual_openalex_reference,test,openalex_social_sciences_200
W4409771746,W1989370736,1,actual_openalex_reference,test,openalex_social_sciences_200
W4409771746,W2009952390,1,actual_openalex_reference,test,openalex_social_sciences_200
W4409771746,W2312608313,1,actual_openalex_reference,test,openalex_social_sciences_200
W4409771746,W2323782835,1,actual_openalex_reference,test,openalex_social_sciences_200
W4409771746,W2349922552,1,actual_openalex_reference,test,openalex_social_sciences_200
W4409771746,W2562892581,1,actual_openalex_reference,test,openalex_social_sciences_200
W4409771746,W2607402736,1,actual_openalex_reference,test,openalex_social_sciences_200
W4409771746,W2782832345,1,actual_openalex_reference,test,openalex_social_sciences_200
W4409771746,W2810345941,1,actual_openalex_reference,test,openalex_social_sciences_200
W4409771746,W2883229435,1,actual_openalex_reference,test,openalex_social_sciences_200
W4409771746,W2897576872,1,actual_openalex_reference,test,openalex_social_sciences_200
W4409771746,W2915884344,1,actual_openalex_reference,test,openalex_social_sciences_200
W4409771746,W2979384273,1,actual_openalex_reference,test,openalex_social_sciences_200
W4409771746,W3000140811,1,actual_openalex_reference,test,openalex_social_sciences_200
W4409771746,W3033311332,1,actual_openalex_reference,test,openalex_social_sciences_200
W4409771746,W3177419482,1,actual_openalex_reference,test,openalex_social_sciences_200
W4409771746,W4280641090,1,actual_openalex_reference,test,openalex_social_sciences_200
W4409771746,W4283318856,1,actual_openalex_reference,test,openalex_social_sciences_200
W4409771746,W4377047114,1,actual_openalex_reference,test,openalex_social_sciences_200
W4409771746,W4389986330,1,actual_openalex_reference,test,openalex_social_sciences_200
W4409771746,W4396574638,1,actual_openalex_reference,test,openalex_social_sciences_200
W4409771746,W4400400560,1,actual_openalex_reference,test,openalex_social_sciences_200
W4409771746,W4405554874,1,actual_openalex_reference,test,openalex_social_sciences_200
W4409771746,W4407862342,1,actual_openalex_reference,test,openalex_social_sciences_200
W4384030660,W1505328696,1,actual_openalex_reference,test,openalex_social_sciences_200
W4384030660,W2128743681,1,actual_openalex_reference,test,openalex_social_sciences_200
W4384030660,W2138206378,1,actual_openalex_reference,test,openalex_social_sciences_200
W4384030660,W2292682753,1,actual_openalex_reference,test,openalex_social_sciences_200
W4384030660,W2471968990,1,actual_openalex_reference,test,openalex_social_sciences_200
W4384030660,W2499921537,1,actual_openalex_reference,test,openalex_social_sciences_200
W4384030660,W2887248468,1,actual_openalex_reference,test,openalex_social_sciences_200
W4384030660,W2898061770,1,actual_openalex_reference,test,openalex_social_sciences_200
W4384030660,W2905212628,1,actual_openalex_reference,test,openalex_social_sciences_200
W4384030660,W3002333201,1,actual_openalex_reference,test,openalex_social_sciences_200
W4384030660,W3035054199,1,actual_openalex_reference,test,openalex_social_sciences_200
W4384030660,W3037366055,1,actual_openalex_reference,test,openalex_social_sciences_200
W4384030660,W3046429143,1,actual_openalex_reference,test,openalex_social_sciences_200
W4384030660,W3048480403,1,actual_openalex_reference,test,openalex_social_sciences_200
W4384030660,W3156737531,1,actual_openalex_reference,test,openalex_social_sciences_200
W4384030660,W4252791039,1,actual_openalex_reference,test,openalex_social_sciences_200
W4384030660,W4285057598,1,actual_openalex_reference,test,openalex_social_sciences_200
W4392308567,W1585828728,1,actual_openalex_reference,test,openalex_social_sciences_200
W4392308567,W1706675359,1,actual_openalex_reference,test,openalex_social_sciences_200
W4392308567,W1869037510,1,actual_openalex_reference,test,openalex_social_sciences_200
W4392308567,W2056493063,1,actual_openalex_reference,test,openalex_social_sciences_200
W4392308567,W2092674844,1,actual_openalex_reference,test,openalex_social_sciences_200
W4392308567,W2897049457,1,actual_openalex_reference,test,openalex_social_sciences_200
W4392308567,W2899061920,1,actual_openalex_reference,test,openalex_social_sciences_200
W4392308567,W3136047737,1,actual_openalex_reference,test,openalex_social_sciences_200
W4411011671,W1500693574,1,actual_openalex_reference,test,openalex_social_sciences_200
W4411011671,W1787944530,1,actual_openalex_reference,test,openalex_social_sciences_200
W4411011671,W2092189756,1,actual_openalex_reference,test,openalex_social_sciences_200
W4411011671,W2100160691,1,actual_openalex_reference,test,openalex_social_sciences_200
W4411011671,W2153079408,1,actual_openalex_reference,test,openalex_social_sciences_200
W4411011671,W2267519485,1,actual_openalex_reference,test,openalex_social_sciences_200
W4411011671,W2309747864,1,actual_openalex_reference,test,openalex_social_sciences_200
W4411011671,W3024736296,1,actual_openalex_reference,test,openalex_social_sciences_200
W4411011671,W3041680600,1,actual_openalex_reference,test,openalex_social_sciences_200
W4411011671,W3185839517,1,actual_openalex_reference,test,openalex_social_sciences_200
W4411011671,W3189849087,1,actual_openalex_reference,test,openalex_social_sciences_200
W4411011671,W3204818612,1,actual_openalex_reference,test,openalex_social_sciences_200
W4411011671,W4212857147,1,actual_openalex_reference,test,openalex_social_sciences_200
W4411011671,W4236635370,1,actual_openalex_reference,test,openalex_social_sciences_200
W4411011671,W4253058889,1,actual_openalex_reference,test,openalex_social_sciences_200
W4411011671,W4280621405,1,actual_openalex_reference,test,openalex_social_sciences_200
W4411011671,W4293084310,1,actual_openalex_reference,test,openalex_social_sciences_200
W4411011671,W4312134961,1,actual_openalex_reference,test,openalex_social_sciences_200
W4411011671,W4316814148,1,actual_openalex_reference,test,openalex_social_sciences_200
W4411011671,W4362014596,1,actual_openalex_reference,test,openalex_social_sciences_200
W4411011671,W4386409863,1,actual_openalex_reference,test,openalex_social_sciences_200
W4411011671,W4391572090,1,actual_openalex_reference,test,openalex_social_sciences_200
W4411011671,W4392049920,1,actual_openalex_reference,test,openalex_social_sciences_200
W4411011671,W4392710543,1,actual_openalex_reference,test,openalex_social_sciences_200
W4411011671,W4393309024,1,actual_openalex_reference,test,openalex_social_sciences_200
W4411011671,W4396560039,1,actual_openalex_reference,test,openalex_social_sciences_200
W4411011671,W4396560115,1,actual_openalex_reference,test,openalex_social_sciences_200
W4411011671,W4396675632,1,actual_openalex_reference,test,openalex_social_sciences_200
W4411011671,W4401798928,1,actual_openalex_reference,test,openalex_social_sciences_200
W4411011671,W4403296887,1,actual_openalex_reference,test,openalex_social_sciences_200
W4411011671,W4406852347,1,actual_openalex_reference,test,openalex_social_sciences_200
W4411011671,W4407005884,1,actual_openalex_reference,test,openalex_social_sciences_200
W4411011671,W4408557429,1,actual_openalex_reference,test,openalex_social_sciences_200
W4400270982,W1991271312,1,actual_openalex_reference,test,openalex_social_sciences_200
W4400270982,W2029747413,1,actual_openalex_reference,test,openalex_social_sciences_200
W4400270982,W2039685956,1,actual_openalex_reference,test,openalex_social_sciences_200
W4400270982,W2129316044,1,actual_openalex_reference,test,openalex_social_sciences_200
W4400270982,W2146868725,1,actual_openalex_reference,test,openalex_social_sciences_200
W4400270982,W2167141655,1,actual_openalex_reference,test,openalex_social_sciences_200
W4400270982,W2264511563,1,actual_openalex_reference,test,openalex_social_sciences_200
W4400270982,W2281690356,1,actual_openalex_reference,test,openalex_social_sciences_200
W4400270982,W2917521205,1,actual_openalex_reference,test,openalex_social_sciences_200
W4400270982,W2936711074,1,actual_openalex_reference,test,openalex_social_sciences_200
W4400270982,W3118443259,1,actual_openalex_reference,test,openalex_social_sciences_200
W4400270982,W3123231703,1,actual_openalex_reference,test,openalex_social_sciences_200
W4400270982,W4285388764,1,actual_openalex_reference,test,openalex_social_sciences_200
W4403212573,W2019089262,1,actual_openalex_reference,test,openalex_social_sciences_200
W4403212573,W2033943395,1,actual_openalex_reference,test,openalex_social_sciences_200
W4403212573,W2327678559,1,actual_openalex_reference,test,openalex_social_sciences_200
W4403212573,W2530071150,1,actual_openalex_reference,test,openalex_social_sciences_200
W4403212573,W2616061840,1,actual_openalex_reference,test,openalex_social_sciences_200
W4403212573,W2811077994,1,actual_openalex_reference,test,openalex_social_sciences_200
W4403212573,W3092884723,1,actual_openalex_reference,test,openalex_social_sciences_200
W4403212573,W3125514332,1,actual_openalex_reference,test,openalex_social_sciences_200
W4403212573,W3138636815,1,actual_openalex_reference,test,openalex_social_sciences_200
W4403212573,W4220940053,1,actual_openalex_reference,test,openalex_social_sciences_200
W4403212573,W4288074019,1,actual_openalex_reference,test,openalex_social_sciences_200
W4403212573,W4312910788,1,actual_openalex_reference,test,openalex_social_sciences_200
W4403212573,W4381622293,1,actual_openalex_reference,test,openalex_social_sciences_200
W4403212573,W4381622298,1,actual_openalex_reference,test,openalex_social_sciences_200
W4403212573,W4388704016,1,actual_openalex_reference,test,openalex_social_sciences_200
W4403212573,W4390600358,1,actual_openalex_reference,test,openalex_social_sciences_200
W4403212573,W4391320608,1,actual_openalex_reference,test,openalex_social_sciences_200
W4403212573,W4396664236,1,actual_openalex_reference,test,openalex_social_sciences_200
W4403212573,W4396791328,1,actual_openalex_reference,test,openalex_social_sciences_200
W4403212573,W4400242943,1,actual_openalex_reference,test,openalex_social_sciences_200
W4413014653,W3087072749,1,actual_openalex_reference,test,openalex_social_sciences_200
W4413014653,W3179219132,1,actual_openalex_reference,test,openalex_social_sciences_200
W4413014653,W4312857284,1,actual_openalex_reference,test,openalex_social_sciences_200
W4382806917,W2946469291,1,actual_openalex_reference,test,openalex_social_sciences_200
W4328104869,W2735884933,1,actual_openalex_reference,test,openalex_social_sciences_200
W4328104869,W3012071186,1,actual_openalex_reference,test,openalex_social_sciences_200
W4328104869,W3016455448,1,actual_openalex_reference,test,openalex_social_sciences_200
W4328104869,W3093177992,1,actual_openalex_reference,test,openalex_social_sciences_200
W4328104869,W3110790331,1,actual_openalex_reference,test,openalex_social_sciences_200
W4328104869,W3135853353,1,actual_openalex_reference,test,openalex_social_sciences_200
W4328104869,W3158348560,1,actual_openalex_reference,test,openalex_social_sciences_200
W4328104869,W3181634613,1,actual_openalex_reference,test,openalex_social_sciences_200
W4328104869,W3193761269,1,actual_openalex_reference,test,openalex_social_sciences_200
W4328104869,W3202085772,1,actual_openalex_reference,test,openalex_social_sciences_200
W4328104869,W4200459427,1,actual_openalex_reference,test,openalex_social_sciences_200
W4328104869,W4200492237,1,actual_openalex_reference,test,openalex_social_sciences_200
W4328104869,W4293066333,1,actual_openalex_reference,test,openalex_social_sciences_200
W4328104869,W4312212826,1,actual_openalex_reference,test,openalex_social_sciences_200
W4328104869,W4313908306,1,actual_openalex_reference,test,openalex_social_sciences_200
W4328104869,W4313908432,1,actual_openalex_reference,test,openalex_social_sciences_200
W4328104869,W4378422564,1,actual_openalex_reference,test,openalex_social_sciences_200
W4328104869,W4387588787,1,actual_openalex_reference,test,openalex_social_sciences_200
W4378373691,W189580080,1,actual_openalex_reference,test,openalex_social_sciences_200
W4378373691,W793805828,1,actual_openalex_reference,test,openalex_social_sciences_200
W4378373691,W1484864026,1,actual_openalex_reference,test,openalex_social_sciences_200
W4378373691,W1517017866,1,actual_openalex_reference,test,openalex_social_sciences_200
W4378373691,W1539265701,1,actual_openalex_reference,test,openalex_social_sciences_200
W4378373691,W1790806920,1,actual_openalex_reference,test,openalex_social_sciences_200
W4378373691,W1969641600,1,actual_openalex_reference,test,openalex_social_sciences_200
W4378373691,W2056774726,1,actual_openalex_reference,test,openalex_social_sciences_200
W4378373691,W2112761240,1,actual_openalex_reference,test,openalex_social_sciences_200
W4378373691,W2131407251,1,actual_openalex_reference,test,openalex_social_sciences_200
W4378373691,W2497377392,1,actual_openalex_reference,test,openalex_social_sciences_200
W4378373691,W2603086705,1,actual_openalex_reference,test,openalex_social_sciences_200
W4378373691,W3124902688,1,actual_openalex_reference,test,openalex_social_sciences_200
W4378373691,W4292808503,1,actual_openalex_reference,test,openalex_social_sciences_200
W4389197226,W2769361602,1,actual_openalex_reference,test,openalex_social_sciences_200
W4389197226,W2946786753,1,actual_openalex_reference,test,openalex_social_sciences_200
W4389197226,W2967555462,1,actual_openalex_reference,test,openalex_social_sciences_200
W4389197226,W3003808236,1,actual_openalex_reference,test,openalex_social_sciences_200
W4389197226,W3005071125,1,actual_openalex_reference,test,openalex_social_sciences_200
W4389197226,W3114886938,1,actual_openalex_reference,test,openalex_social_sciences_200
W4389197226,W3125468678,1,actual_openalex_reference,test,openalex_social_sciences_200
W4389197226,W3137331737,1,actual_openalex_reference,test,openalex_social_sciences_200
W4389197226,W3171431098,1,actual_openalex_reference,test,openalex_social_sciences_200
W4389197226,W3196701708,1,actual_openalex_reference,test,openalex_social_sciences_200
W4389197226,W3208155837,1,actual_openalex_reference,test,openalex_social_sciences_200
W4389197226,W4205607383,1,actual_openalex_reference,test,openalex_social_sciences_200
W4389197226,W4206928463,1,actual_openalex_reference,test,openalex_social_sciences_200
W4389197226,W4210349425,1,actual_openalex_reference,test,openalex_social_sciences_200
W4389197226,W4233108683,1,actual_openalex_reference,test,openalex_social_sciences_200
W4389197226,W4382684779,1,actual_openalex_reference,test,openalex_social_sciences_200
W4389197226,W4384470726,1,actual_openalex_reference,test,openalex_social_sciences_200
W4389197226,W4386751958,1,actual_openalex_reference,test,openalex_social_sciences_200
W4416060323,W2771401986,1,actual_openalex_reference,test,openalex_social_sciences_200
W4416060323,W2800278321,1,actual_openalex_reference,test,openalex_social_sciences_200
W4416060323,W3124909818,1,actual_openalex_reference,test,openalex_social_sciences_200
W4416060323,W4391731505,1,actual_openalex_reference,test,openalex_social_sciences_200
W4416060323,W4408279597,1,actual_openalex_reference,test,openalex_social_sciences_200
W4416060323,W4410431206,1,actual_openalex_reference,test,openalex_social_sciences_200
W4414384559,W614381747,1,actual_openalex_reference,test,openalex_social_sciences_200
W4414384559,W1971668535,1,actual_openalex_reference,test,openalex_social_sciences_200
W4414384559,W2794691424,1,actual_openalex_reference,test,openalex_social_sciences_200
W4414384559,W4229802574,1,actual_openalex_reference,test,openalex_social_sciences_200
W4414384559,W4243348116,1,actual_openalex_reference,test,openalex_social_sciences_200
W4414384559,W4395462562,1,actual_openalex_reference,test,openalex_social_sciences_200
W4395042843,W25517781,1,actual_openalex_reference,test,openalex_social_sciences_200
W4395042843,W563654406,1,actual_openalex_reference,test,openalex_social_sciences_200
W4395042843,W597501390,1,actual_openalex_reference,test,openalex_social_sciences_200
W4395042843,W952669318,1,actual_openalex_reference,test,openalex_social_sciences_200
W4395042843,W1037878095,1,actual_openalex_reference,test,openalex_social_sciences_200
W4395042843,W1521777280,1,actual_openalex_reference,test,openalex_social_sciences_200
W4395042843,W1979458194,1,actual_openalex_reference,test,openalex_social_sciences_200
W4395042843,W1981449759,1,actual_openalex_reference,test,openalex_social_sciences_200
W4395042843,W1982342401,1,actual_openalex_reference,test,openalex_social_sciences_200
W4395042843,W1984262299,1,actual_openalex_reference,test,openalex_social_sciences_200
W4395042843,W2003710375,1,actual_openalex_reference,test,openalex_social_sciences_200
W4395042843,W2008874642,1,actual_openalex_reference,test,openalex_social_sciences_200
W4395042843,W2009297400,1,actual_openalex_reference,test,openalex_social_sciences_200
W4395042843,W2031074756,1,actual_openalex_reference,test,openalex_social_sciences_200
W4395042843,W2034169417,1,actual_openalex_reference,test,openalex_social_sciences_200
W4395042843,W2038757514,1,actual_openalex_reference,test,openalex_social_sciences_200
W4395042843,W2067597418,1,actual_openalex_reference,test,openalex_social_sciences_200
W4395042843,W2070452521,1,actual_openalex_reference,test,openalex_social_sciences_200
W4395042843,W2100258622,1,actual_openalex_reference,test,openalex_social_sciences_200
W4395042843,W2116953061,1,actual_openalex_reference,test,openalex_social_sciences_200
W4395042843,W2121738056,1,actual_openalex_reference,test,openalex_social_sciences_200
W4395042843,W2126077726,1,actual_openalex_reference,test,openalex_social_sciences_200
W4395042843,W2132999934,1,actual_openalex_reference,test,openalex_social_sciences_200
W4395042843,W2139597239,1,actual_openalex_reference,test,openalex_social_sciences_200
W4395042843,W2148616640,1,actual_openalex_reference,test,openalex_social_sciences_200
W4395042843,W2153061829,1,actual_openalex_reference,test,openalex_social_sciences_200
W4395042843,W2162535192,1,actual_openalex_reference,test,openalex_social_sciences_200
W4395042843,W2165702945,1,actual_openalex_reference,test,openalex_social_sciences_200
W4395042843,W2234426828,1,actual_openalex_reference,test,openalex_social_sciences_200
W4395042843,W2283245481,1,actual_openalex_reference,test,openalex_social_sciences_200
W4395042843,W2304060034,1,actual_openalex_reference,test,openalex_social_sciences_200
W4395042843,W2326482704,1,actual_openalex_reference,test,openalex_social_sciences_200
W4395042843,W2341445469,1,actual_openalex_reference,test,openalex_social_sciences_200
W4395042843,W2401038368,1,actual_openalex_reference,test,openalex_social_sciences_200
W4395042843,W2489321591,1,actual_openalex_reference,test,openalex_social_sciences_200
W4395042843,W2594787445,1,actual_openalex_reference,test,openalex_social_sciences_200
W4395042843,W2596303437,1,actual_openalex_reference,test,openalex_social_sciences_200
W4395042843,W2605758120,1,actual_openalex_reference,test,openalex_social_sciences_200
W4395042843,W2738241474,1,actual_openalex_reference,test,openalex_social_sciences_200
W4395042843,W2765712691,1,actual_openalex_reference,test,openalex_social_sciences_200
W4395042843,W2776560069,1,actual_openalex_reference,test,openalex_social_sciences_200
W4395042843,W2787064547,1,actual_openalex_reference,test,openalex_social_sciences_200
W4395042843,W2801419961,1,actual_openalex_reference,test,openalex_social_sciences_200
W4395042843,W2887927457,1,actual_openalex_reference,test,openalex_social_sciences_200
W4395042843,W2902979813,1,actual_openalex_reference,test,openalex_social_sciences_200
W4395042843,W2915442508,1,actual_openalex_reference,test,openalex_social_sciences_200
W4395042843,W2915683763,1,actual_openalex_reference,test,openalex_social_sciences_200
W4395042843,W2920582597,1,actual_openalex_reference,test,openalex_social_sciences_200
W4395042843,W2978698025,1,actual_openalex_reference,test,openalex_social_sciences_200
W4395042843,W3006961213,1,actual_openalex_reference,test,openalex_social_sciences_200
W4395042843,W3036794321,1,actual_openalex_reference,test,openalex_social_sciences_200
W4395042843,W3094896017,1,actual_openalex_reference,test,openalex_social_sciences_200
W4395042843,W3124439998,1,actual_openalex_reference,test,openalex_social_sciences_200
W4395042843,W3145622901,1,actual_openalex_reference,test,openalex_social_sciences_200
W4395042843,W3180311530,1,actual_openalex_reference,test,openalex_social_sciences_200
W4395042843,W3183790230,1,actual_openalex_reference,test,openalex_social_sciences_200
W4395042843,W3205578843,1,actual_openalex_reference,test,openalex_social_sciences_200
W4395042843,W4322629952,1,actual_openalex_reference,test,openalex_social_sciences_200
W4395042843,W4388174858,1,actual_openalex_reference,test,openalex_social_sciences_200
W4405151532,W374400691,1,actual_openalex_reference,test,openalex_social_sciences_200
W4405151532,W1563067035,1,actual_openalex_reference,test,openalex_social_sciences_200
W4405151532,W2755695450,1,actual_openalex_reference,test,openalex_social_sciences_200
W4405151532,W2783705387,1,actual_openalex_reference,test,openalex_social_sciences_200
W4405151532,W2793772330,1,actual_openalex_reference,test,openalex_social_sciences_200
W4405151532,W2810184287,1,actual_openalex_reference,test,openalex_social_sciences_200
W4405151532,W2910565077,1,actual_openalex_reference,test,openalex_social_sciences_200
W4405151532,W2945810854,1,actual_openalex_reference,test,openalex_social_sciences_200
W4405151532,W2971481139,1,actual_openalex_reference,test,openalex_social_sciences_200
W4405151532,W2979285294,1,actual_openalex_reference,test,openalex_social_sciences_200
W4405151532,W2990819813,1,actual_openalex_reference,test,openalex_social_sciences_200
W4405151532,W3021953931,1,actual_openalex_reference,test,openalex_social_sciences_200
W4405151532,W3024364239,1,actual_openalex_reference,test,openalex_social_sciences_200
W4405151532,W3082905678,1,actual_openalex_reference,test,openalex_social_sciences_200
W4405151532,W3089469931,1,actual_openalex_reference,test,openalex_social_sciences_200
W4405151532,W3110539322,1,actual_openalex_reference,test,openalex_social_sciences_200
W4405151532,W3121114433,1,actual_openalex_reference,test,openalex_social_sciences_200
W4405151532,W3135848875,1,actual_openalex_reference,test,openalex_social_sciences_200
W4405151532,W3137581290,1,actual_openalex_reference,test,openalex_social_sciences_200
W4405151532,W3170470603,1,actual_openalex_reference,test,openalex_social_sciences_200
W4405151532,W3184862484,1,actual_openalex_reference,test,openalex_social_sciences_200
W4405151532,W3201136775,1,actual_openalex_reference,test,openalex_social_sciences_200
W4405151532,W3208378559,1,actual_openalex_reference,test,openalex_social_sciences_200
W4405151532,W4207011714,1,actual_openalex_reference,test,openalex_social_sciences_200
W4405151532,W4226303390,1,actual_openalex_reference,test,openalex_social_sciences_200
W4405151532,W4252713948,1,actual_openalex_reference,test,openalex_social_sciences_200
W4405151532,W4253947868,1,actual_openalex_reference,test,openalex_social_sciences_200
W4405151532,W4283219334,1,actual_openalex_reference,test,openalex_social_sciences_200
W4405151532,W4285361049,1,actual_openalex_reference,test,openalex_social_sciences_200
W4405151532,W4295337845,1,actual_openalex_reference,test,openalex_social_sciences_200
W4405151532,W4312531605,1,actual_openalex_reference,test,openalex_social_sciences_200
W4405151532,W4318619873,1,actual_openalex_reference,test,openalex_social_sciences_200
W4405151532,W4321378848,1,actual_openalex_reference,test,openalex_social_sciences_200
W4405151532,W4385172566,1,actual_openalex_reference,test,openalex_social_sciences_200
W4405151532,W4386585054,1,actual_openalex_reference,test,openalex_social_sciences_200
W4405151532,W4389279417,1,actual_openalex_reference,test,openalex_social_sciences_200
W4405151532,W4391586292,1,actual_openalex_reference,test,openalex_social_sciences_200
W4405151532,W4393086930,1,actual_openalex_reference,test,openalex_social_sciences_200
W4405151532,W4401315000,1,actual_openalex_reference,test,openalex_social_sciences_200
W4405151532,W4402424524,1,actual_openalex_reference,test,openalex_social_sciences_200
W4391146109,W2910754027,1,actual_openalex_reference,test,openalex_social_sciences_200
W4391146109,W3046596639,1,actual_openalex_reference,test,openalex_social_sciences_200
W4391146109,W3205618172,1,actual_openalex_reference,test,openalex_social_sciences_200
W4391146109,W4234933979,1,actual_openalex_reference,test,openalex_social_sciences_200
W7162676296,W400488367,1,actual_openalex_reference,test,openalex_social_sciences_200
W7162676296,W1544924117,1,actual_openalex_reference,test,openalex_social_sciences_200
W7162676296,W1978474099,1,actual_openalex_reference,test,openalex_social_sciences_200
W7162676296,W1979290264,1,actual_openalex_reference,test,openalex_social_sciences_200
W7162676296,W2163816828,1,actual_openalex_reference,test,openalex_social_sciences_200
W7162676296,W2594997038,1,actual_openalex_reference,test,openalex_social_sciences_200
W7162676296,W3046091358,1,actual_openalex_reference,test,openalex_social_sciences_200
W7162676296,W3116898912,1,actual_openalex_reference,test,openalex_social_sciences_200
W7162676296,W3185439322,1,actual_openalex_reference,test,openalex_social_sciences_200
W7162676296,W4200031196,1,actual_openalex_reference,test,openalex_social_sciences_200
W7162676296,W4200291951,1,actual_openalex_reference,test,openalex_social_sciences_200
W7162676296,W4210880981,1,actual_openalex_reference,test,openalex_social_sciences_200
W7162676296,W4235624774,1,actual_openalex_reference,test,openalex_social_sciences_200
W7162676296,W4255073227,1,actual_openalex_reference,test,openalex_social_sciences_200
W7162676296,W4361217496,1,actual_openalex_reference,test,openalex_social_sciences_200
W7162676296,W4367362485,1,actual_openalex_reference,test,openalex_social_sciences_200
W7162676296,W4392241755,1,actual_openalex_reference,test,openalex_social_sciences_200
W7162676296,W4399484740,1,actual_openalex_reference,test,openalex_social_sciences_200
W7162676296,W4402918499,1,actual_openalex_reference,test,openalex_social_sciences_200
W7162676296,W4406108867,1,actual_openalex_reference,test,openalex_social_sciences_200
W7162676296,W4407887075,1,actual_openalex_reference,test,openalex_social_sciences_200
W7162676296,W4411024573,1,actual_openalex_reference,test,openalex_social_sciences_200
W4318666708,W1974429542,1,actual_openalex_reference,test,openalex_social_sciences_200
W4318666708,W2008536877,1,actual_openalex_reference,test,openalex_social_sciences_200
W4318666708,W2056011395,1,actual_openalex_reference,test,openalex_social_sciences_200
W4318666708,W2552848350,1,actual_openalex_reference,test,openalex_social_sciences_200
W4318666708,W3209018171,1,actual_openalex_reference,test,openalex_social_sciences_200
W4318666708,W4248587586,1,actual_openalex_reference,test,openalex_social_sciences_200
W4318666708,W4255913672,1,actual_openalex_reference,test,openalex_social_sciences_200
W4318666708,W4299978140,1,actual_openalex_reference,test,openalex_social_sciences_200
W4383751574,W1971040550,1,actual_openalex_reference,test,openalex_social_sciences_200
W4383751574,W2038732464,1,actual_openalex_reference,test,openalex_social_sciences_200
W4383751574,W2210543184,1,actual_openalex_reference,test,openalex_social_sciences_200
W4383751574,W2791382412,1,actual_openalex_reference,test,openalex_social_sciences_200
W4383751574,W2792202804,1,actual_openalex_reference,test,openalex_social_sciences_200
W4324380632,W2057023890,1,actual_openalex_reference,test,openalex_social_sciences_200
W4324380632,W2077051162,1,actual_openalex_reference,test,openalex_social_sciences_200
W4366830132,W566603620,1,actual_openalex_reference,test,openalex_social_sciences_200
W4366830132,W630132336,1,actual_openalex_reference,test,openalex_social_sciences_200
W4366830132,W1606896892,1,actual_openalex_reference,test,openalex_social_sciences_200
W4366830132,W2054261009,1,actual_openalex_reference,test,openalex_social_sciences_200
W4366830132,W2081424802,1,actual_openalex_reference,test,openalex_social_sciences_200
W4366830132,W2187721556,1,actual_openalex_reference,test,openalex_social_sciences_200
W4366830132,W2337470374,1,actual_openalex_reference,test,openalex_social_sciences_200
W4366830132,W2500532997,1,actual_openalex_reference,test,openalex_social_sciences_200
W4411370940,W2046491285,1,actual_openalex_reference,test,openalex_social_sciences_200
W4411370940,W2101518708,1,actual_openalex_reference,test,openalex_social_sciences_200
W4411370940,W2116309629,1,actual_openalex_reference,test,openalex_social_sciences_200
W4411370940,W2170767625,1,actual_openalex_reference,test,openalex_social_sciences_200
W4411370940,W2553825371,1,actual_openalex_reference,test,openalex_social_sciences_200
W4411370940,W2583258978,1,actual_openalex_reference,test,openalex_social_sciences_200
W4411370940,W2904543780,1,actual_openalex_reference,test,openalex_social_sciences_200
W4411370940,W3134995901,1,actual_openalex_reference,test,openalex_social_sciences_200
W4411370940,W3156907220,1,actual_openalex_reference,test,openalex_social_sciences_200
W4411370940,W3197880973,1,actual_openalex_reference,test,openalex_social_sciences_200
W4411370940,W4200516180,1,actual_openalex_reference,test,openalex_social_sciences_200
W4411370940,W4224302519,1,actual_openalex_reference,test,openalex_social_sciences_200
W4411370940,W4225634842,1,actual_openalex_reference,test,openalex_social_sciences_200
W4411370940,W4245910711,1,actual_openalex_reference,test,openalex_social_sciences_200
W4411370940,W4298101675,1,actual_openalex_reference,test,openalex_social_sciences_200
W4411370940,W4318205583,1,actual_openalex_reference,test,openalex_social_sciences_200
W4411370940,W4385269753,1,actual_openalex_reference,test,openalex_social_sciences_200
W4411370940,W4386695403,1,actual_openalex_reference,test,openalex_social_sciences_200
W4388575936,W1817982535,1,actual_openalex_reference,test,openalex_social_sciences_200
W4388575936,W2059648231,1,actual_openalex_reference,test,openalex_social_sciences_200
W4388575936,W2081409143,1,actual_openalex_reference,test,openalex_social_sciences_200
W4388575936,W2522249266,1,actual_openalex_reference,test,openalex_social_sciences_200
W4388575936,W2770883512,1,actual_openalex_reference,test,openalex_social_sciences_200
W4388575936,W2995984620,1,actual_openalex_reference,test,openalex_social_sciences_200
W4388575936,W3116074710,1,actual_openalex_reference,test,openalex_social_sciences_200
W4388575936,W3143986641,1,actual_openalex_reference,test,openalex_social_sciences_200
W4388575936,W3199841411,1,actual_openalex_reference,test,openalex_social_sciences_200
W4388575936,W4312261092,1,actual_openalex_reference,test,openalex_social_sciences_200
W4388575936,W4318815329,1,actual_openalex_reference,test,openalex_social_sciences_200
W4388575936,W4386652599,1,actual_openalex_reference,test,openalex_social_sciences_200
W7154989052,W1973156854,1,actual_openalex_reference,test,openalex_social_sciences_200
W7154989052,W1998551134,1,actual_openalex_reference,test,openalex_social_sciences_200
W7154989052,W2014988658,1,actual_openalex_reference,test,openalex_social_sciences_200
W7154989052,W2020385208,1,actual_openalex_reference,test,openalex_social_sciences_200
W7154989052,W2078002056,1,actual_openalex_reference,test,openalex_social_sciences_200
W7154989052,W2091400955,1,actual_openalex_reference,test,openalex_social_sciences_200
W7154989052,W2101204110,1,actual_openalex_reference,test,openalex_social_sciences_200
W7154989052,W2148019573,1,actual_openalex_reference,test,openalex_social_sciences_200
W7154989052,W2153958558,1,actual_openalex_reference,test,openalex_social_sciences_200
W7154989052,W2162112244,1,actual_openalex_reference,test,openalex_social_sciences_200
W7154989052,W2342331721,1,actual_openalex_reference,test,openalex_social_sciences_200
W7154989052,W2734973016,1,actual_openalex_reference,test,openalex_social_sciences_200
W7154989052,W2748034146,1,actual_openalex_reference,test,openalex_social_sciences_200
W7154989052,W2913532086,1,actual_openalex_reference,test,openalex_social_sciences_200
W7154989052,W2966085006,1,actual_openalex_reference,test,openalex_social_sciences_200
W7154989052,W2972894212,1,actual_openalex_reference,test,openalex_social_sciences_200
W7154989052,W2977909652,1,actual_openalex_reference,test,openalex_social_sciences_200
W7154989052,W3015830311,1,actual_openalex_reference,test,openalex_social_sciences_200
W7154989052,W3028777360,1,actual_openalex_reference,test,openalex_social_sciences_200
W7154989052,W3047568471,1,actual_openalex_reference,test,openalex_social_sciences_200
W7154989052,W3049428930,1,actual_openalex_reference,test,openalex_social_sciences_200
W7154989052,W3165226911,1,actual_openalex_reference,test,openalex_social_sciences_200
W7154989052,W3174569363,1,actual_openalex_reference,test,openalex_social_sciences_200
W7154989052,W3183951759,1,actual_openalex_reference,test,openalex_social_sciences_200
W7154989052,W3205367685,1,actual_openalex_reference,test,openalex_social_sciences_200
W7154989052,W3208287075,1,actual_openalex_reference,test,openalex_social_sciences_200
W7154989052,W4213286197,1,actual_openalex_reference,test,openalex_social_sciences_200
W7154989052,W4283782158,1,actual_openalex_reference,test,openalex_social_sciences_200
W7154989052,W4323075474,1,actual_openalex_reference,test,openalex_social_sciences_200
W7154989052,W4362589051,1,actual_openalex_reference,test,openalex_social_sciences_200
W7154989052,W4366393750,1,actual_openalex_reference,test,openalex_social_sciences_200
W7154989052,W4386069499,1,actual_openalex_reference,test,openalex_social_sciences_200
W7154989052,W4399040042,1,actual_openalex_reference,test,openalex_social_sciences_200
W7154989052,W4407032848,1,actual_openalex_reference,test,openalex_social_sciences_200
W7154989052,W4408768201,1,actual_openalex_reference,test,openalex_social_sciences_200
W7154989052,W4411429453,1,actual_openalex_reference,test,openalex_social_sciences_200
W4410964242,W1971889777,1,actual_openalex_reference,test,openalex_social_sciences_200
W4410964242,W1986169361,1,actual_openalex_reference,test,openalex_social_sciences_200
W4410964242,W2012498591,1,actual_openalex_reference,test,openalex_social_sciences_200
W4410964242,W2092457049,1,actual_openalex_reference,test,openalex_social_sciences_200
W4410964242,W2144255068,1,actual_openalex_reference,test,openalex_social_sciences_200
W4410964242,W2144741516,1,actual_openalex_reference,test,openalex_social_sciences_200
W4410964242,W2268303319,1,actual_openalex_reference,test,openalex_social_sciences_200
W4410964242,W2770881820,1,actual_openalex_reference,test,openalex_social_sciences_200
W4410964242,W2795264107,1,actual_openalex_reference,test,openalex_social_sciences_200
W4410964242,W2809266094,1,actual_openalex_reference,test,openalex_social_sciences_200
W4410964242,W2940961322,1,actual_openalex_reference,test,openalex_social_sciences_200
W4410964242,W3041353221,1,actual_openalex_reference,test,openalex_social_sciences_200
W4410964242,W3125089125,1,actual_openalex_reference,test,openalex_social_sciences_200
W4410964242,W4387060223,1,actual_openalex_reference,test,openalex_social_sciences_200
W4401828757,W1512205576,1,actual_openalex_reference,test,openalex_social_sciences_200
W4401828757,W1537478930,1,actual_openalex_reference,test,openalex_social_sciences_200
W4401828757,W1975642112,1,actual_openalex_reference,test,openalex_social_sciences_200
W4401828757,W1978762137,1,actual_openalex_reference,test,openalex_social_sciences_200
W4401828757,W2061599757,1,actual_openalex_reference,test,openalex_social_sciences_200
W4401828757,W2144104520,1,actual_openalex_reference,test,openalex_social_sciences_200
W4401828757,W2345357206,1,actual_openalex_reference,test,openalex_social_sciences_200
W4401828757,W2395521075,1,actual_openalex_reference,test,openalex_social_sciences_200
W4401828757,W2586259881,1,actual_openalex_reference,test,openalex_social_sciences_200
W4401828757,W2621399199,1,actual_openalex_reference,test,openalex_social_sciences_200
W4401828757,W3084164385,1,actual_openalex_reference,test,openalex_social_sciences_200
W4401828757,W3160387002,1,actual_openalex_reference,test,openalex_social_sciences_200
W4401828757,W4381833039,1,actual_openalex_reference,test,openalex_social_sciences_200
W4401828757,W4401827480,1,actual_openalex_reference,test,openalex_social_sciences_200
W4400321860,W564786020,1,actual_openalex_reference,test,openalex_social_sciences_200
W4400321860,W2011709099,1,actual_openalex_reference,test,openalex_social_sciences_200
W4400321860,W2318928092,1,actual_openalex_reference,test,openalex_social_sciences_200
W4400321860,W2510138388,1,actual_openalex_reference,test,openalex_social_sciences_200
W4400321860,W2561322170,1,actual_openalex_reference,test,openalex_social_sciences_200
W4400321860,W2569366718,1,actual_openalex_reference,test,openalex_social_sciences_200
W4400321860,W2604725435,1,actual_openalex_reference,test,openalex_social_sciences_200
W4400321860,W2617289257,1,actual_openalex_reference,test,openalex_social_sciences_200
W4400321860,W2622303592,1,actual_openalex_reference,test,openalex_social_sciences_200
W4400321860,W2745071326,1,actual_openalex_reference,test,openalex_social_sciences_200
W4400321860,W2769993224,1,actual_openalex_reference,test,openalex_social_sciences_200
W4400321860,W2789385192,1,actual_openalex_reference,test,openalex_social_sciences_200
W4400321860,W2793652996,1,actual_openalex_reference,test,openalex_social_sciences_200
W4400321860,W2886101564,1,actual_openalex_reference,test,openalex_social_sciences_200
W4400321860,W2893868117,1,actual_openalex_reference,test,openalex_social_sciences_200
W4400321860,W2900481198,1,actual_openalex_reference,test,openalex_social_sciences_200
W4400321860,W2907843900,1,actual_openalex_reference,test,openalex_social_sciences_200
W4400321860,W2922217767,1,actual_openalex_reference,test,openalex_social_sciences_200
W4400321860,W2967227758,1,actual_openalex_reference,test,openalex_social_sciences_200
W4400321860,W2969602984,1,actual_openalex_reference,test,openalex_social_sciences_200
W4400321860,W2972655164,1,actual_openalex_reference,test,openalex_social_sciences_200
W4400321860,W2978443412,1,actual_openalex_reference,test,openalex_social_sciences_200
W4400321860,W3000016803,1,actual_openalex_reference,test,openalex_social_sciences_200
W4400321860,W3035067032,1,actual_openalex_reference,test,openalex_social_sciences_200
W4400321860,W3109328972,1,actual_openalex_reference,test,openalex_social_sciences_200
W4400321860,W4311524697,1,actual_openalex_reference,test,openalex_social_sciences_200
W4400321860,W4317519850,1,actual_openalex_reference,test,openalex_social_sciences_200
W4400321860,W4362735442,1,actual_openalex_reference,test,openalex_social_sciences_200
W4400216375,W1850496027,1,actual_openalex_reference,test,openalex_social_sciences_200
W4400216375,W2472131957,1,actual_openalex_reference,test,openalex_social_sciences_200
W4400216375,W2494077546,1,actual_openalex_reference,test,openalex_social_sciences_200
W4400216375,W2949495444,1,actual_openalex_reference,test,openalex_social_sciences_200
W4400216375,W3113466260,1,actual_openalex_reference,test,openalex_social_sciences_200
W4400216375,W3125374533,1,actual_openalex_reference,test,openalex_social_sciences_200
W4400216375,W3164852429,1,actual_openalex_reference,test,openalex_social_sciences_200
W4400216375,W3197975628,1,actual_openalex_reference,test,openalex_social_sciences_200
W4400216375,W4256662641,1,actual_openalex_reference,test,openalex_social_sciences_200
W4400216375,W4289763969,1,actual_openalex_reference,test,openalex_social_sciences_200
W4400216375,W4309784844,1,actual_openalex_reference,test,openalex_social_sciences_200
W4400216375,W4313324546,1,actual_openalex_reference,test,openalex_social_sciences_200
W4400216375,W4316075426,1,actual_openalex_reference,test,openalex_social_sciences_200
W4400216375,W4413913185,1,actual_openalex_reference,test,openalex_social_sciences_200
W4398150961,W1614298861,1,actual_openalex_reference,test,openalex_social_sciences_200
W4398150961,W1988316526,1,actual_openalex_reference,test,openalex_social_sciences_200
W4398150961,W2017680781,1,actual_openalex_reference,test,openalex_social_sciences_200
W4398150961,W2131681506,1,actual_openalex_reference,test,openalex_social_sciences_200
W4398150961,W2809178438,1,actual_openalex_reference,test,openalex_social_sciences_200
W4398150961,W2883585595,1,actual_openalex_reference,test,openalex_social_sciences_200
W4398150961,W2908176506,1,actual_openalex_reference,test,openalex_social_sciences_200
W4398150961,W3011133285,1,actual_openalex_reference,test,openalex_social_sciences_200
W4398150961,W3043013845,1,actual_openalex_reference,test,openalex_social_sciences_200
W4398150961,W3127056209,1,actual_openalex_reference,test,openalex_social_sciences_200
W4398150961,W3131631110,1,actual_openalex_reference,test,openalex_social_sciences_200
W4398150961,W3152989932,1,actual_openalex_reference,test,openalex_social_sciences_200
W4398150961,W3186542042,1,actual_openalex_reference,test,openalex_social_sciences_200
W4398150961,W3195586393,1,actual_openalex_reference,test,openalex_social_sciences_200
W4398150961,W3197357996,1,actual_openalex_reference,test,openalex_social_sciences_200
W4398150961,W3202950023,1,actual_openalex_reference,test,openalex_social_sciences_200
W4398150961,W3214557338,1,actual_openalex_reference,test,openalex_social_sciences_200
W4398150961,W3215398413,1,actual_openalex_reference,test,openalex_social_sciences_200
W4398150961,W3215776227,1,actual_openalex_reference,test,openalex_social_sciences_200
W4398150961,W4206747595,1,actual_openalex_reference,test,openalex_social_sciences_200
W4398150961,W4210777453,1,actual_openalex_reference,test,openalex_social_sciences_200
W4398150961,W4212825547,1,actual_openalex_reference,test,openalex_social_sciences_200
W4387163057,W320202340,1,actual_openalex_reference,test,openalex_social_sciences_200
W4387163057,W1560416872,1,actual_openalex_reference,test,openalex_social_sciences_200
W4387163057,W1990362811,1,actual_openalex_reference,test,openalex_social_sciences_200
W4387163057,W2055060326,1,actual_openalex_reference,test,openalex_social_sciences_200
W4387163057,W2062437814,1,actual_openalex_reference,test,openalex_social_sciences_200
W4387163057,W2544144163,1,actual_openalex_reference,test,openalex_social_sciences_200
W4387163057,W2750294638,1,actual_openalex_reference,test,openalex_social_sciences_200
W4387163057,W2750957824,1,actual_openalex_reference,test,openalex_social_sciences_200
W4387163057,W2765136287,1,actual_openalex_reference,test,openalex_social_sciences_200
W4387163057,W3000595408,1,actual_openalex_reference,test,openalex_social_sciences_200
W4387163057,W3014006283,1,actual_openalex_reference,test,openalex_social_sciences_200
W4387163057,W3174950387,1,actual_openalex_reference,test,openalex_social_sciences_200
W4413873321,W3119186165,1,actual_openalex_reference,test,openalex_social_sciences_200
W4413873321,W4320004025,1,actual_openalex_reference,test,openalex_social_sciences_200
W4413873321,W4402317058,1,actual_openalex_reference,test,openalex_social_sciences_200
W4413873321,W4409788736,1,actual_openalex_reference,test,openalex_social_sciences_200
W4391038945,W1480266562,1,actual_openalex_reference,test,openalex_social_sciences_200
W4391038945,W3087409184,1,actual_openalex_reference,test,openalex_social_sciences_200
W4391038945,W4288480890,1,actual_openalex_reference,test,openalex_social_sciences_200
W4414323642,W1521076332,1,actual_openalex_reference,test,openalex_social_sciences_200
W4414323642,W1694806198,1,actual_openalex_reference,test,openalex_social_sciences_200
W4414323642,W1712938310,1,actual_openalex_reference,test,openalex_social_sciences_200
W4414323642,W1981457167,1,actual_openalex_reference,test,openalex_social_sciences_200
W4414323642,W1983593926,1,actual_openalex_reference,test,openalex_social_sciences_200
W4414323642,W2050556980,1,actual_openalex_reference,test,openalex_social_sciences_200
W4414323642,W2066003119,1,actual_openalex_reference,test,openalex_social_sciences_200
W4414323642,W2126129668,1,actual_openalex_reference,test,openalex_social_sciences_200
W4414323642,W3028905431,1,actual_openalex_reference,test,openalex_social_sciences_200
W4414323642,W3193792355,1,actual_openalex_reference,test,openalex_social_sciences_200
W4400054454,W2357119462,1,actual_openalex_reference,test,openalex_social_sciences_200
W4400054454,W2380901950,1,actual_openalex_reference,test,openalex_social_sciences_200
W4400054454,W2386941647,1,actual_openalex_reference,test,openalex_social_sciences_200
W4400054454,W4226139366,1,actual_openalex_reference,test,openalex_social_sciences_200
W4400054454,W4312244927,1,actual_openalex_reference,test,openalex_social_sciences_200
W4400054454,W4384916235,1,actual_openalex_reference,test,openalex_social_sciences_200
W4400054454,W4384916746,1,actual_openalex_reference,test,openalex_social_sciences_200
W4400054454,W4384916773,1,actual_openalex_reference,test,openalex_social_sciences_200
W4400054454,W4384916800,1,actual_openalex_reference,test,openalex_social_sciences_200
W4400054454,W4388098002,1,actual_openalex_reference,test,openalex_social_sciences_200
W4382699092,W4382699092,1,actual_openalex_reference,test,openalex_social_sciences_200
W7161743189,W1540494368,1,actual_openalex_reference,test,openalex_social_sciences_200
W7161743189,W1921588939,1,actual_openalex_reference,test,openalex_social_sciences_200
W7161743189,W2121005211,1,actual_openalex_reference,test,openalex_social_sciences_200
W7161743189,W2159549133,1,actual_openalex_reference,test,openalex_social_sciences_200
W7161743189,W2160434973,1,actual_openalex_reference,test,openalex_social_sciences_200
W7161743189,W2346538999,1,actual_openalex_reference,test,openalex_social_sciences_200
W7161743189,W2600263050,1,actual_openalex_reference,test,openalex_social_sciences_200
W7161743189,W2624111474,1,actual_openalex_reference,test,openalex_social_sciences_200
W7161743189,W2888801633,1,actual_openalex_reference,test,openalex_social_sciences_200
W7161743189,W2904050544,1,actual_openalex_reference,test,openalex_social_sciences_200
W7161743189,W2913222727,1,actual_openalex_reference,test,openalex_social_sciences_200
W7161743189,W2924328918,1,actual_openalex_reference,test,openalex_social_sciences_200
W7161743189,W3009739013,1,actual_openalex_reference,test,openalex_social_sciences_200
W7161743189,W3009981592,1,actual_openalex_reference,test,openalex_social_sciences_200
W7161743189,W3123015728,1,actual_openalex_reference,test,openalex_social_sciences_200
W7161743189,W3160763127,1,actual_openalex_reference,test,openalex_social_sciences_200
W7161743189,W4220771180,1,actual_openalex_reference,test,openalex_social_sciences_200
W7161743189,W4247404333,1,actual_openalex_reference,test,openalex_social_sciences_200
W7161743189,W4321607590,1,actual_openalex_reference,test,openalex_social_sciences_200
W7161743189,W4381855825,1,actual_openalex_reference,test,openalex_social_sciences_200
W7161743189,W4388284404,1,actual_openalex_reference,test,openalex_social_sciences_200
W7161743189,W4390831763,1,actual_openalex_reference,test,openalex_social_sciences_200
W7161743189,W4400060028,1,actual_openalex_reference,test,openalex_social_sciences_200
W7161743189,W4407044123,1,actual_openalex_reference,test,openalex_social_sciences_200
W4386723538,W409344806,1,actual_openalex_reference,test,openalex_social_sciences_200
W4386723538,W653734332,1,actual_openalex_reference,test,openalex_social_sciences_200
W4386723538,W1778277763,1,actual_openalex_reference,test,openalex_social_sciences_200
W4386723538,W2077998538,1,actual_openalex_reference,test,openalex_social_sciences_200
W4386723538,W2417988078,1,actual_openalex_reference,test,openalex_social_sciences_200
W4386723538,W2523102177,1,actual_openalex_reference,test,openalex_social_sciences_200
W4386723538,W2555488757,1,actual_openalex_reference,test,openalex_social_sciences_200
W4386723538,W2587656332,1,actual_openalex_reference,test,openalex_social_sciences_200
W4386723538,W2692571461,1,actual_openalex_reference,test,openalex_social_sciences_200
W4386723538,W2763644740,1,actual_openalex_reference,test,openalex_social_sciences_200
W4386723538,W2884511289,1,actual_openalex_reference,test,openalex_social_sciences_200
W4386723538,W2912646984,1,actual_openalex_reference,test,openalex_social_sciences_200
W4386723538,W2942349697,1,actual_openalex_reference,test,openalex_social_sciences_200
W4386723538,W2943141540,1,actual_openalex_reference,test,openalex_social_sciences_200
W4386723538,W3001875740,1,actual_openalex_reference,test,openalex_social_sciences_200
W4386723538,W3002947507,1,actual_openalex_reference,test,openalex_social_sciences_200
W4386723538,W3013180464,1,actual_openalex_reference,test,openalex_social_sciences_200
W4386723538,W3023394394,1,actual_openalex_reference,test,openalex_social_sciences_200
W4386723538,W3200908540,1,actual_openalex_reference,test,openalex_social_sciences_200
W4386723538,W4281564584,1,actual_openalex_reference,test,openalex_social_sciences_200
W4399285730,W3009825169,1,actual_openalex_reference,test,openalex_social_sciences_200
W4399285730,W3013746191,1,actual_openalex_reference,test,openalex_social_sciences_200
W4399285730,W3017735571,1,actual_openalex_reference,test,openalex_social_sciences_200
W4399285730,W3017814684,1,actual_openalex_reference,test,openalex_social_sciences_200
W4399285730,W3018730323,1,actual_openalex_reference,test,openalex_social_sciences_200
W4399285730,W3021902282,1,actual_openalex_reference,test,openalex_social_sciences_200
W4399285730,W3025894913,1,actual_openalex_reference,test,openalex_social_sciences_200
W4399285730,W3039163099,1,actual_openalex_reference,test,openalex_social_sciences_200
W4399285730,W3045539684,1,actual_openalex_reference,test,openalex_social_sciences_200
W4399285730,W3092251034,1,actual_openalex_reference,test,openalex_social_sciences_200
W4399285730,W3095379573,1,actual_openalex_reference,test,openalex_social_sciences_200
W4399285730,W4399285730,1,actual_openalex_reference,test,openalex_social_sciences_200
W4399862478,W129780270,1,actual_openalex_reference,test,openalex_social_sciences_200
W4399862478,W1500765356,1,actual_openalex_reference,test,openalex_social_sciences_200
W4399862478,W1509471581,1,actual_openalex_reference,test,openalex_social_sciences_200
W4399862478,W1544740358,1,actual_openalex_reference,test,openalex_social_sciences_200
W4399862478,W1551383178,1,actual_openalex_reference,test,openalex_social_sciences_200
W4399862478,W1591125402,1,actual_openalex_reference,test,openalex_social_sciences_200
W4399862478,W1593004111,1,actual_openalex_reference,test,openalex_social_sciences_200
W4399862478,W1929633490,1,actual_openalex_reference,test,openalex_social_sciences_200
W4399862478,W1930828695,1,actual_openalex_reference,test,openalex_social_sciences_200
W4399862478,W2001709922,1,actual_openalex_reference,test,openalex_social_sciences_200
W4399862478,W2096268132,1,actual_openalex_reference,test,openalex_social_sciences_200
W4399862478,W2098350087,1,actual_openalex_reference,test,openalex_social_sciences_200
W4399862478,W2122014897,1,actual_openalex_reference,test,openalex_social_sciences_200
W4399862478,W2127076710,1,actual_openalex_reference,test,openalex_social_sciences_200
W4399862478,W2130045579,1,actual_openalex_reference,test,openalex_social_sciences_200
W4399862478,W2150769162,1,actual_openalex_reference,test,openalex_social_sciences_200
W4399862478,W2170850088,1,actual_openalex_reference,test,openalex_social_sciences_200
W4399862478,W2277830953,1,actual_openalex_reference,test,openalex_social_sciences_200
W4399862478,W2410975941,1,actual_openalex_reference,test,openalex_social_sciences_200
W4399862478,W2506292479,1,actual_openalex_reference,test,openalex_social_sciences_200
W4399862478,W2528606374,1,actual_openalex_reference,test,openalex_social_sciences_200
W4399862478,W2562613440,1,actual_openalex_reference,test,openalex_social_sciences_200
W4399862478,W2620908595,1,actual_openalex_reference,test,openalex_social_sciences_200
W4399862478,W2724319612,1,actual_openalex_reference,test,openalex_social_sciences_200
W4399862478,W2756464646,1,actual_openalex_reference,test,openalex_social_sciences_200
W4399862478,W2768806054,1,actual_openalex_reference,test,openalex_social_sciences_200
W4399862478,W2800436988,1,actual_openalex_reference,test,openalex_social_sciences_200
W4399862478,W2902999784,1,actual_openalex_reference,test,openalex_social_sciences_200
W4399862478,W2904378201,1,actual_openalex_reference,test,openalex_social_sciences_200
W4399862478,W2919974154,1,actual_openalex_reference,test,openalex_social_sciences_200
W4399862478,W2921943813,1,actual_openalex_reference,test,openalex_social_sciences_200
W4399862478,W2932833782,1,actual_openalex_reference,test,openalex_social_sciences_200
W4399862478,W2950868966,1,actual_openalex_reference,test,openalex_social_sciences_200
W4399862478,W2991654886,1,actual_openalex_reference,test,openalex_social_sciences_200
W4399862478,W3112411254,1,actual_openalex_reference,test,openalex_social_sciences_200
W4399862478,W3153845699,1,actual_openalex_reference,test,openalex_social_sciences_200
W4399862478,W3180566132,1,actual_openalex_reference,test,openalex_social_sciences_200
W4399862478,W4385188543,1,actual_openalex_reference,test,openalex_social_sciences_200
W4399862478,W4393112617,1,actual_openalex_reference,test,openalex_social_sciences_200
W4401291380,W2947941213,1,actual_openalex_reference,test,openalex_social_sciences_200
W4401291380,W2992205745,1,actual_openalex_reference,test,openalex_social_sciences_200
W4401291380,W3008129997,1,actual_openalex_reference,test,openalex_social_sciences_200
W4401291380,W3019860209,1,actual_openalex_reference,test,openalex_social_sciences_200
W4401291380,W3105924446,1,actual_openalex_reference,test,openalex_social_sciences_200
W4401291380,W3111280190,1,actual_openalex_reference,test,openalex_social_sciences_200
W4401291380,W4292986861,1,actual_openalex_reference,test,openalex_social_sciences_200
W4401291380,W4388738318,1,actual_openalex_reference,test,openalex_social_sciences_200
W4401291380,W4399916597,1,actual_openalex_reference,test,openalex_social_sciences_200
W4405682258,W1486851996,1,actual_openalex_reference,test,openalex_social_sciences_200
W4405682258,W1537163725,1,actual_openalex_reference,test,openalex_social_sciences_200
W4405682258,W2063919685,1,actual_openalex_reference,test,openalex_social_sciences_200
W4405682258,W2096991082,1,actual_openalex_reference,test,openalex_social_sciences_200
W4405682258,W2505742372,1,actual_openalex_reference,test,openalex_social_sciences_200
W4405682258,W2557771700,1,actual_openalex_reference,test,openalex_social_sciences_200
W4405682258,W2600649526,1,actual_openalex_reference,test,openalex_social_sciences_200
W4405682258,W2606641185,1,actual_openalex_reference,test,openalex_social_sciences_200
W4405682258,W2763388795,1,actual_openalex_reference,test,openalex_social_sciences_200
W4405682258,W2766539286,1,actual_openalex_reference,test,openalex_social_sciences_200
W4405682258,W2790991373,1,actual_openalex_reference,test,openalex_social_sciences_200
W4405682258,W2795912623,1,actual_openalex_reference,test,openalex_social_sciences_200
W4405682258,W2965619786,1,actual_openalex_reference,test,openalex_social_sciences_200
W4405682258,W3037648694,1,actual_openalex_reference,test,openalex_social_sciences_200
W4405682258,W3103159331,1,actual_openalex_reference,test,openalex_social_sciences_200
W4405682258,W3214805406,1,actual_openalex_reference,test,openalex_social_sciences_200
W4405682258,W4200116130,1,actual_openalex_reference,test,openalex_social_sciences_200
W4405682258,W4206312057,1,actual_openalex_reference,test,openalex_social_sciences_200
W4405682258,W4280617679,1,actual_openalex_reference,test,openalex_social_sciences_200
W4405682258,W4313406370,1,actual_openalex_reference,test,openalex_social_sciences_200
W4405682258,W4319843836,1,actual_openalex_reference,test,openalex_social_sciences_200
W4405682258,W4391564165,1,actual_openalex_reference,test,openalex_social_sciences_200
W4405682258,W4392304686,1,actual_openalex_reference,test,openalex_social_sciences_200
W4405682258,W4400940949,1,actual_openalex_reference,test,openalex_social_sciences_200
W4405682258,W4403500854,1,actual_openalex_reference,test,openalex_social_sciences_200
W7133542522,W1970209023,1,actual_openalex_reference,test,openalex_social_sciences_200
W7133542522,W2022041506,1,actual_openalex_reference,test,openalex_social_sciences_200
W7133542522,W2067858886,1,actual_openalex_reference,test,openalex_social_sciences_200
W7133542522,W2113215913,1,actual_openalex_reference,test,openalex_social_sciences_200
W7133542522,W2129660020,1,actual_openalex_reference,test,openalex_social_sciences_200
W7133542522,W2130736456,1,actual_openalex_reference,test,openalex_social_sciences_200
W7133542522,W2131601454,1,actual_openalex_reference,test,openalex_social_sciences_200
W7133542522,W2152597554,1,actual_openalex_reference,test,openalex_social_sciences_200
W7133542522,W2500533817,1,actual_openalex_reference,test,openalex_social_sciences_200
W7133542522,W2770994779,1,actual_openalex_reference,test,openalex_social_sciences_200
W7133542522,W2913144876,1,actual_openalex_reference,test,openalex_social_sciences_200
W7133542522,W2944067426,1,actual_openalex_reference,test,openalex_social_sciences_200
W7133542522,W2950504429,1,actual_openalex_reference,test,openalex_social_sciences_200
W7133542522,W3023325390,1,actual_openalex_reference,test,openalex_social_sciences_200
W7133542522,W3044208210,1,actual_openalex_reference,test,openalex_social_sciences_200
W7133542522,W4241298877,1,actual_openalex_reference,test,openalex_social_sciences_200
W7133542522,W4247545751,1,actual_openalex_reference,test,openalex_social_sciences_200
W7133542522,W4404230168,1,actual_openalex_reference,test,openalex_social_sciences_200
W7133542522,W4407070151,1,actual_openalex_reference,test,openalex_social_sciences_200
W7133542522,W4412749813,1,actual_openalex_reference,test,openalex_social_sciences_200
W7133542522,W4416446121,1,actual_openalex_reference,test,openalex_social_sciences_200
W7133542522,W4417499202,1,actual_openalex_reference,test,openalex_social_sciences_200
W4406481351,W383500928,1,actual_openalex_reference,test,openalex_social_sciences_200
W4406481351,W1606566646,1,actual_openalex_reference,test,openalex_social_sciences_200
W4406481351,W2112967496,1,actual_openalex_reference,test,openalex_social_sciences_200
W4406481351,W2407132801,1,actual_openalex_reference,test,openalex_social_sciences_200
W4406481351,W2479308804,1,actual_openalex_reference,test,openalex_social_sciences_200
W4406481351,W2564951504,1,actual_openalex_reference,test,openalex_social_sciences_200
W4406481351,W2765659056,1,actual_openalex_reference,test,openalex_social_sciences_200
W4406481351,W2793597748,1,actual_openalex_reference,test,openalex_social_sciences_200
W4406481351,W2801861051,1,actual_openalex_reference,test,openalex_social_sciences_200
W4406481351,W2909679656,1,actual_openalex_reference,test,openalex_social_sciences_200
W4406481351,W2916203576,1,actual_openalex_reference,test,openalex_social_sciences_200
W4406481351,W2920982185,1,actual_openalex_reference,test,openalex_social_sciences_200
W4406481351,W2982248462,1,actual_openalex_reference,test,openalex_social_sciences_200
W4406481351,W2982544864,1,actual_openalex_reference,test,openalex_social_sciences_200
W4406481351,W3092520193,1,actual_openalex_reference,test,openalex_social_sciences_200
W4406481351,W3113647183,1,actual_openalex_reference,test,openalex_social_sciences_200
W4406481351,W3122656576,1,actual_openalex_reference,test,openalex_social_sciences_200
W4406481351,W3144760448,1,actual_openalex_reference,test,openalex_social_sciences_200
W4406481351,W3155536197,1,actual_openalex_reference,test,openalex_social_sciences_200
W4406481351,W3202535826,1,actual_openalex_reference,test,openalex_social_sciences_200
W4406481351,W3211610686,1,actual_openalex_reference,test,openalex_social_sciences_200
W4406481351,W4213192475,1,actual_openalex_reference,test,openalex_social_sciences_200
W4406481351,W4220921993,1,actual_openalex_reference,test,openalex_social_sciences_200
W4406481351,W4223927248,1,actual_openalex_reference,test,openalex_social_sciences_200
W4406481351,W4237129462,1,actual_openalex_reference,test,openalex_social_sciences_200
W4406481351,W4245738540,1,actual_openalex_reference,test,openalex_social_sciences_200
W4406481351,W4363610221,1,actual_openalex_reference,test,openalex_social_sciences_200
W4406481351,W4368376509,1,actual_openalex_reference,test,openalex_social_sciences_200
W4406481351,W4385191903,1,actual_openalex_reference,test,openalex_social_sciences_200
W4406481351,W4391388743,1,actual_openalex_reference,test,openalex_social_sciences_200
W4406481351,W4391478014,1,actual_openalex_reference,test,openalex_social_sciences_200
W4406481351,W4391889674,1,actual_openalex_reference,test,openalex_social_sciences_200
W4406481351,W4392373378,1,actual_openalex_reference,test,openalex_social_sciences_200
W4406481351,W4396799780,1,actual_openalex_reference,test,openalex_social_sciences_200
W4416784687,W643158638,1,actual_openalex_reference,test,openalex_social_sciences_200
W4416784687,W1968386416,1,actual_openalex_reference,test,openalex_social_sciences_200
W4416784687,W2019185087,1,actual_openalex_reference,test,openalex_social_sciences_200
W4416784687,W2074631694,1,actual_openalex_reference,test,openalex_social_sciences_200
W4416784687,W2087200036,1,actual_openalex_reference,test,openalex_social_sciences_200
W4416784687,W2143930905,1,actual_openalex_reference,test,openalex_social_sciences_200
W4416784687,W2147361703,1,actual_openalex_reference,test,openalex_social_sciences_200
W4416784687,W2171358941,1,actual_openalex_reference,test,openalex_social_sciences_200
W4416784687,W2327795409,1,actual_openalex_reference,test,openalex_social_sciences_200
W4416784687,W2586284563,1,actual_openalex_reference,test,openalex_social_sciences_200
W4416784687,W2789760932,1,actual_openalex_reference,test,openalex_social_sciences_200
W4416784687,W2884584094,1,actual_openalex_reference,test,openalex_social_sciences_200
W4416784687,W2890475855,1,actual_openalex_reference,test,openalex_social_sciences_200
W4416784687,W2905150191,1,actual_openalex_reference,test,openalex_social_sciences_200
W4416784687,W2998790372,1,actual_openalex_reference,test,openalex_social_sciences_200
W4416784687,W3033173279,1,actual_openalex_reference,test,openalex_social_sciences_200
W4416784687,W3167080166,1,actual_openalex_reference,test,openalex_social_sciences_200
W4416784687,W4214525620,1,actual_openalex_reference,test,openalex_social_sciences_200
W4416784687,W4223558601,1,actual_openalex_reference,test,openalex_social_sciences_200
W4416784687,W4288431978,1,actual_openalex_reference,test,openalex_social_sciences_200
W4416784687,W4294031862,1,actual_openalex_reference,test,openalex_social_sciences_200
W4416784687,W4299376784,1,actual_openalex_reference,test,openalex_social_sciences_200
W4416784687,W4306751025,1,actual_openalex_reference,test,openalex_social_sciences_200
W4416784687,W4387544774,1,actual_openalex_reference,test,openalex_social_sciences_200
W4416784687,W4391897232,1,actual_openalex_reference,test,openalex_social_sciences_200
W4412092166,W1984922398,1,actual_openalex_reference,test,openalex_social_sciences_200
W4412092166,W1999745316,1,actual_openalex_reference,test,openalex_social_sciences_200
W4412092166,W2065258078,1,actual_openalex_reference,test,openalex_social_sciences_200
W4412092166,W2115076474,1,actual_openalex_reference,test,openalex_social_sciences_200
W4412092166,W2126384545,1,actual_openalex_reference,test,openalex_social_sciences_200
W4412092166,W2473328632,1,actual_openalex_reference,test,openalex_social_sciences_200
W4412092166,W2582226733,1,actual_openalex_reference,test,openalex_social_sciences_200
W4412092166,W2963960473,1,actual_openalex_reference,test,openalex_social_sciences_200
W4412092166,W2999009067,1,actual_openalex_reference,test,openalex_social_sciences_200
W4412092166,W3109121136,1,actual_openalex_reference,test,openalex_social_sciences_200
W4412092166,W4311577418,1,actual_openalex_reference,test,openalex_social_sciences_200
W4412092166,W4393307943,1,actual_openalex_reference,test,openalex_social_sciences_200
W4412092166,W4399131285,1,actual_openalex_reference,test,openalex_social_sciences_200
W4407848072,W57973403,1,actual_openalex_reference,test,openalex_social_sciences_200
W4407848072,W650625985,1,actual_openalex_reference,test,openalex_social_sciences_200
W4407848072,W1512096531,1,actual_openalex_reference,test,openalex_social_sciences_200
W4407848072,W1527030522,1,actual_openalex_reference,test,openalex_social_sciences_200
W4407848072,W1931305214,1,actual_openalex_reference,test,openalex_social_sciences_200
W4407848072,W1989929667,1,actual_openalex_reference,test,openalex_social_sciences_200
W4407848072,W2001442493,1,actual_openalex_reference,test,openalex_social_sciences_200
W4407848072,W2033141709,1,actual_openalex_reference,test,openalex_social_sciences_200
W4407848072,W2066805415,1,actual_openalex_reference,test,openalex_social_sciences_200
W4407848072,W2075171084,1,actual_openalex_reference,test,openalex_social_sciences_200
W4407848072,W2086490850,1,actual_openalex_reference,test,openalex_social_sciences_200
W4407848072,W2090276112,1,actual_openalex_reference,test,openalex_social_sciences_200
W4407848072,W2126098288,1,actual_openalex_reference,test,openalex_social_sciences_200
W4407848072,W2127439385,1,actual_openalex_reference,test,openalex_social_sciences_200
W4407848072,W2129730254,1,actual_openalex_reference,test,openalex_social_sciences_200
W4407848072,W2315688625,1,actual_openalex_reference,test,openalex_social_sciences_200
W4407848072,W2331611838,1,actual_openalex_reference,test,openalex_social_sciences_200
W4407848072,W2377066613,1,actual_openalex_reference,test,openalex_social_sciences_200
W4407848072,W2475448534,1,actual_openalex_reference,test,openalex_social_sciences_200
W4407848072,W2475991905,1,actual_openalex_reference,test,openalex_social_sciences_200
W4407848072,W2528499184,1,actual_openalex_reference,test,openalex_social_sciences_200
W4407848072,W2595904474,1,actual_openalex_reference,test,openalex_social_sciences_200
W4407848072,W2612409528,1,actual_openalex_reference,test,openalex_social_sciences_200
W4407848072,W2753863890,1,actual_openalex_reference,test,openalex_social_sciences_200
W4407848072,W2810467534,1,actual_openalex_reference,test,openalex_social_sciences_200
W4407848072,W2969990393,1,actual_openalex_reference,test,openalex_social_sciences_200
W4407848072,W2996843719,1,actual_openalex_reference,test,openalex_social_sciences_200
W4407848072,W3033467517,1,actual_openalex_reference,test,openalex_social_sciences_200
W4407848072,W3120740728,1,actual_openalex_reference,test,openalex_social_sciences_200
W4407848072,W3206406351,1,actual_openalex_reference,test,openalex_social_sciences_200
W4407848072,W4291475385,1,actual_openalex_reference,test,openalex_social_sciences_200
W4407848072,W4312331308,1,actual_openalex_reference,test,openalex_social_sciences_200
W4407848072,W4384257079,1,actual_openalex_reference,test,openalex_social_sciences_200
W4407848072,W4391592169,1,actual_openalex_reference,test,openalex_social_sciences_200
W4407848072,W4392619643,1,actual_openalex_reference,test,openalex_social_sciences_200
W4396877264,W28492463,1,actual_openalex_reference,test,openalex_social_sciences_200
W4396877264,W1983161283,1,actual_openalex_reference,test,openalex_social_sciences_200
W4396877264,W2018201949,1,actual_openalex_reference,test,openalex_social_sciences_200
W4396877264,W2090988602,1,actual_openalex_reference,test,openalex_social_sciences_200
W4396877264,W2103184933,1,actual_openalex_reference,test,openalex_social_sciences_200
W4396877264,W2128195449,1,actual_openalex_reference,test,openalex_social_sciences_200
W4396877264,W2151031784,1,actual_openalex_reference,test,openalex_social_sciences_200
W4396877264,W2211301062,1,actual_openalex_reference,test,openalex_social_sciences_200
W4396877264,W2510686307,1,actual_openalex_reference,test,openalex_social_sciences_200
W4396877264,W2582996521,1,actual_openalex_reference,test,openalex_social_sciences_200
W4396877264,W3105434297,1,actual_openalex_reference,test,openalex_social_sciences_200
W4378469641,W1144607668,1,actual_openalex_reference,test,openalex_social_sciences_200
W4378469641,W1566404621,1,actual_openalex_reference,test,openalex_social_sciences_200
W4378469641,W1571356903,1,actual_openalex_reference,test,openalex_social_sciences_200
W4378469641,W1593262638,1,actual_openalex_reference,test,openalex_social_sciences_200
W4378469641,W1934631450,1,actual_openalex_reference,test,openalex_social_sciences_200
W4378469641,W1972788749,1,actual_openalex_reference,test,openalex_social_sciences_200
W4378469641,W1991782162,1,actual_openalex_reference,test,openalex_social_sciences_200
W4378469641,W1995506658,1,actual_openalex_reference,test,openalex_social_sciences_200
W4378469641,W2005073772,1,actual_openalex_reference,test,openalex_social_sciences_200
W4378469641,W2011301426,1,actual_openalex_reference,test,openalex_social_sciences_200
W4378469641,W2022766221,1,actual_openalex_reference,test,openalex_social_sciences_200
W4378469641,W2044328897,1,actual_openalex_reference,test,openalex_social_sciences_200
W4378469641,W2049936485,1,actual_openalex_reference,test,openalex_social_sciences_200
W4378469641,W2050302029,1,actual_openalex_reference,test,openalex_social_sciences_200
W4378469641,W2051808729,1,actual_openalex_reference,test,openalex_social_sciences_200
W4378469641,W2059670546,1,actual_openalex_reference,test,openalex_social_sciences_200
W4378469641,W2066576637,1,actual_openalex_reference,test,openalex_social_sciences_200
W4378469641,W2078290150,1,actual_openalex_reference,test,openalex_social_sciences_200
W4378469641,W2087199005,1,actual_openalex_reference,test,openalex_social_sciences_200
W4378469641,W2113566248,1,actual_openalex_reference,test,openalex_social_sciences_200
W4378469641,W2123195536,1,actual_openalex_reference,test,openalex_social_sciences_200
W4378469641,W2133255220,1,actual_openalex_reference,test,openalex_social_sciences_200
W4378469641,W2141170429,1,actual_openalex_reference,test,openalex_social_sciences_200
W4378469641,W2147749513,1,actual_openalex_reference,test,openalex_social_sciences_200
W4378469641,W2151631165,1,actual_openalex_reference,test,openalex_social_sciences_200
W4378469641,W2159434838,1,actual_openalex_reference,test,openalex_social_sciences_200
W4378469641,W2159862940,1,actual_openalex_reference,test,openalex_social_sciences_200
W4378469641,W2162602080,1,actual_openalex_reference,test,openalex_social_sciences_200
W4378469641,W2296650473,1,actual_openalex_reference,test,openalex_social_sciences_200
W4378469641,W2582743722,1,actual_openalex_reference,test,openalex_social_sciences_200
W4378469641,W2902550418,1,actual_openalex_reference,test,openalex_social_sciences_200
W4378469641,W2902984213,1,actual_openalex_reference,test,openalex_social_sciences_200
W4378469641,W2946749442,1,actual_openalex_reference,test,openalex_social_sciences_200
W4378469641,W3003257820,1,actual_openalex_reference,test,openalex_social_sciences_200
W4378469641,W3019630171,1,actual_openalex_reference,test,openalex_social_sciences_200
W4378469641,W3090077579,1,actual_openalex_reference,test,openalex_social_sciences_200
W4378469641,W3099878876,1,actual_openalex_reference,test,openalex_social_sciences_200
W4378469641,W3103145119,1,actual_openalex_reference,test,openalex_social_sciences_200
W4378469641,W3175139132,1,actual_openalex_reference,test,openalex_social_sciences_200
W4378469641,W3207763770,1,actual_openalex_reference,test,openalex_social_sciences_200
W4378469641,W4205493298,1,actual_openalex_reference,test,openalex_social_sciences_200
W4378469641,W4210886241,1,actual_openalex_reference,test,openalex_social_sciences_200
W4378469641,W4248802571,1,actual_openalex_reference,test,openalex_social_sciences_200
W4378469641,W4399585205,1,actual_openalex_reference,test,openalex_social_sciences_200
W4387723310,W1968194758,1,actual_openalex_reference,test,openalex_social_sciences_200
W4387723310,W1993619027,1,actual_openalex_reference,test,openalex_social_sciences_200
W4387723310,W2038751031,1,actual_openalex_reference,test,openalex_social_sciences_200
W4387723310,W2104206508,1,actual_openalex_reference,test,openalex_social_sciences_200
W4387723310,W2105976506,1,actual_openalex_reference,test,openalex_social_sciences_200
W4387723310,W2111046833,1,actual_openalex_reference,test,openalex_social_sciences_200
W4387723310,W2144816256,1,actual_openalex_reference,test,openalex_social_sciences_200
W4387723310,W2166553881,1,actual_openalex_reference,test,openalex_social_sciences_200
W4387723310,W3133400692,1,actual_openalex_reference,test,openalex_social_sciences_200
W4387723310,W4213284804,1,actual_openalex_reference,test,openalex_social_sciences_200
W4405074354,W2041112238,1,actual_openalex_reference,test,openalex_social_sciences_200
W4405074354,W2121841154,1,actual_openalex_reference,test,openalex_social_sciences_200
W4405074354,W2395083974,1,actual_openalex_reference,test,openalex_social_sciences_200
W4405074354,W2766450239,1,actual_openalex_reference,test,openalex_social_sciences_200
W4405074354,W4210495237,1,actual_openalex_reference,test,openalex_social_sciences_200
W4405074354,W4283396887,1,actual_openalex_reference,test,openalex_social_sciences_200
W4405074354,W4390037552,1,actual_openalex_reference,test,openalex_social_sciences_200
W4405074354,W4400006371,1,actual_openalex_reference,test,openalex_social_sciences_200
W4417228743,W1245573943,1,actual_openalex_reference,test,openalex_social_sciences_200
W4417228743,W1504623827,1,actual_openalex_reference,test,openalex_social_sciences_200
W4417228743,W1916074874,1,actual_openalex_reference,test,openalex_social_sciences_200
W4417228743,W1970210337,1,actual_openalex_reference,test,openalex_social_sciences_200
W4417228743,W1971255645,1,actual_openalex_reference,test,openalex_social_sciences_200
W4417228743,W1976586632,1,actual_openalex_reference,test,openalex_social_sciences_200
W4417228743,W1995944918,1,actual_openalex_reference,test,openalex_social_sciences_200
W4417228743,W1997374184,1,actual_openalex_reference,test,openalex_social_sciences_200
W4417228743,W2000548937,1,actual_openalex_reference,test,openalex_social_sciences_200
W4417228743,W2001229979,1,actual_openalex_reference,test,openalex_social_sciences_200
W4417228743,W2005590998,1,actual_openalex_reference,test,openalex_social_sciences_200
W4417228743,W2011659350,1,actual_openalex_reference,test,openalex_social_sciences_200
W4417228743,W2032592294,1,actual_openalex_reference,test,openalex_social_sciences_200
W4417228743,W2033101018,1,actual_openalex_reference,test,openalex_social_sciences_200
W4417228743,W2043214747,1,actual_openalex_reference,test,openalex_social_sciences_200
W4417228743,W2053015694,1,actual_openalex_reference,test,openalex_social_sciences_200
W4417228743,W2057981665,1,actual_openalex_reference,test,openalex_social_sciences_200
W4417228743,W2059916607,1,actual_openalex_reference,test,openalex_social_sciences_200
W4417228743,W2061194197,1,actual_openalex_reference,test,openalex_social_sciences_200
W4417228743,W2074857025,1,actual_openalex_reference,test,openalex_social_sciences_200
W4417228743,W2122493551,1,actual_openalex_reference,test,openalex_social_sciences_200
W4417228743,W2127240198,1,actual_openalex_reference,test,openalex_social_sciences_200
W4417228743,W2128068125,1,actual_openalex_reference,test,openalex_social_sciences_200
W4417228743,W2146783429,1,actual_openalex_reference,test,openalex_social_sciences_200
W4417228743,W2150409971,1,actual_openalex_reference,test,openalex_social_sciences_200
W4417228743,W2168578824,1,actual_openalex_reference,test,openalex_social_sciences_200
W4417228743,W2176434270,1,actual_openalex_reference,test,openalex_social_sciences_200
W4417228743,W2298515657,1,actual_openalex_reference,test,openalex_social_sciences_200
W4417228743,W2329709516,1,actual_openalex_reference,test,openalex_social_sciences_200
W4417228743,W2332341328,1,actual_openalex_reference,test,openalex_social_sciences_200
W4417228743,W2906794128,1,actual_openalex_reference,test,openalex_social_sciences_200
W4417228743,W2909206553,1,actual_openalex_reference,test,openalex_social_sciences_200
W4417228743,W2909392116,1,actual_openalex_reference,test,openalex_social_sciences_200
W4417228743,W2910964389,1,actual_openalex_reference,test,openalex_social_sciences_200
W4417228743,W2948810530,1,actual_openalex_reference,test,openalex_social_sciences_200
W4417228743,W2962785511,1,actual_openalex_reference,test,openalex_social_sciences_200
W4417228743,W3022718734,1,actual_openalex_reference,test,openalex_social_sciences_200
W4417228743,W3149048782,1,actual_openalex_reference,test,openalex_social_sciences_200
W4417228743,W4280557968,1,actual_openalex_reference,test,openalex_social_sciences_200
W4417228743,W4289689536,1,actual_openalex_reference,test,openalex_social_sciences_200
W4417228743,W4403599270,1,actual_openalex_reference,test,openalex_social_sciences_200
W4391305044,W2164023310,1,actual_openalex_reference,test,openalex_social_sciences_200
W4391305044,W2230832354,1,actual_openalex_reference,test,openalex_social_sciences_200
W4391305044,W2507038708,1,actual_openalex_reference,test,openalex_social_sciences_200
W4391305044,W2889646458,1,actual_openalex_reference,test,openalex_social_sciences_200
W4391305044,W3120106258,1,actual_openalex_reference,test,openalex_social_sciences_200
W4391305044,W3156811699,1,actual_openalex_reference,test,openalex_social_sciences_200
W4391305044,W4391305044,1,actual_openalex_reference,test,openalex_social_sciences_200
W4401702961,W2595445114,1,actual_openalex_reference,test,openalex_social_sciences_200
W4401702961,W2973239747,1,actual_openalex_reference,test,openalex_social_sciences_200
W4401702961,W3015117251,1,actual_openalex_reference,test,openalex_social_sciences_200
W4401702961,W3037156153,1,actual_openalex_reference,test,openalex_social_sciences_200
W4401702961,W3081117654,1,actual_openalex_reference,test,openalex_social_sciences_200
W4401702961,W3200066017,1,actual_openalex_reference,test,openalex_social_sciences_200
W4401702961,W3206264186,1,actual_openalex_reference,test,openalex_social_sciences_200
W4401702961,W4210487585,1,actual_openalex_reference,test,openalex_social_sciences_200
W4401702961,W4401702961,1,actual_openalex_reference,test,openalex_social_sciences_200
W4402669822,W2775721950,1,actual_openalex_reference,test,openalex_social_sciences_200
W4402669822,W2967934446,1,actual_openalex_reference,test,openalex_social_sciences_200
W4402669822,W4226196791,1,actual_openalex_reference,test,openalex_social_sciences_200
W4402669822,W4230451521,1,actual_openalex_reference,test,openalex_social_sciences_200
W4402669822,W4239774601,1,actual_openalex_reference,test,openalex_social_sciences_200
W4402669822,W4285043263,1,actual_openalex_reference,test,openalex_social_sciences_200
W4402669822,W4285392166,1,actual_openalex_reference,test,openalex_social_sciences_200
W4402669822,W4384525653,1,actual_openalex_reference,test,openalex_social_sciences_200
W4402669822,W4387460511,1,actual_openalex_reference,test,openalex_social_sciences_200
W4402669822,W4389475398,1,actual_openalex_reference,test,openalex_social_sciences_200
W4402669822,W4389820633,1,actual_openalex_reference,test,openalex_social_sciences_200
W4402669822,W4390414173,1,actual_openalex_reference,test,openalex_social_sciences_200
W4402669822,W4392672456,1,actual_openalex_reference,test,openalex_social_sciences_200
W4313731182,W1990315337,1,actual_openalex_reference,test,openalex_social_sciences_200
W4313731182,W2098646314,1,actual_openalex_reference,test,openalex_social_sciences_200
W4313731182,W2108320944,1,actual_openalex_reference,test,openalex_social_sciences_200
W4313731182,W2110446465,1,actual_openalex_reference,test,openalex_social_sciences_200
W4313731182,W2130867528,1,actual_openalex_reference,test,openalex_social_sciences_200
W4313731182,W2795063934,1,actual_openalex_reference,test,openalex_social_sciences_200
W4313731182,W4242796375,1,actual_openalex_reference,test,openalex_social_sciences_200
W4404122464,W598381109,1,actual_openalex_reference,test,openalex_social_sciences_200
W4404122464,W1972113698,1,actual_openalex_reference,test,openalex_social_sciences_200
W4404122464,W1977048151,1,actual_openalex_reference,test,openalex_social_sciences_200
W4404122464,W2020648180,1,actual_openalex_reference,test,openalex_social_sciences_200
W4404122464,W2042329298,1,actual_openalex_reference,test,openalex_social_sciences_200
W4404122464,W2074833777,1,actual_openalex_reference,test,openalex_social_sciences_200
W4404122464,W2103336559,1,actual_openalex_reference,test,openalex_social_sciences_200
W4404122464,W2110645994,1,actual_openalex_reference,test,openalex_social_sciences_200
W4404122464,W2116807229,1,actual_openalex_reference,test,openalex_social_sciences_200
W4404122464,W2132322709,1,actual_openalex_reference,test,openalex_social_sciences_200
W4404122464,W2144462796,1,actual_openalex_reference,test,openalex_social_sciences_200
W4404122464,W2340729507,1,actual_openalex_reference,test,openalex_social_sciences_200
W4404122464,W2883508378,1,actual_openalex_reference,test,openalex_social_sciences_200
W4404122464,W3181986780,1,actual_openalex_reference,test,openalex_social_sciences_200
W4404122464,W3212077764,1,actual_openalex_reference,test,openalex_social_sciences_200
W4404122464,W4234827683,1,actual_openalex_reference,test,openalex_social_sciences_200
W4404122464,W4235111611,1,actual_openalex_reference,test,openalex_social_sciences_200
W4404122464,W4312126506,1,actual_openalex_reference,test,openalex_social_sciences_200
W4404122464,W4313472656,1,actual_openalex_reference,test,openalex_social_sciences_200
W4408772268,W1450399970,1,actual_openalex_reference,test,openalex_social_sciences_200
W4408772268,W1542368450,1,actual_openalex_reference,test,openalex_social_sciences_200
W4408772268,W1968795567,1,actual_openalex_reference,test,openalex_social_sciences_200
W4408772268,W1998819460,1,actual_openalex_reference,test,openalex_social_sciences_200
W4408772268,W2018434594,1,actual_openalex_reference,test,openalex_social_sciences_200
W4408772268,W2039408803,1,actual_openalex_reference,test,openalex_social_sciences_200
W4408772268,W2064214262,1,actual_openalex_reference,test,openalex_social_sciences_200
W4408772268,W2088385509,1,actual_openalex_reference,test,openalex_social_sciences_200
W4408772268,W2092111629,1,actual_openalex_reference,test,openalex_social_sciences_200
W4408772268,W2102321689,1,actual_openalex_reference,test,openalex_social_sciences_200
W4408772268,W2167155027,1,actual_openalex_reference,test,openalex_social_sciences_200
W4408772268,W2168943027,1,actual_openalex_reference,test,openalex_social_sciences_200
W4408772268,W2783856071,1,actual_openalex_reference,test,openalex_social_sciences_200
W4408772268,W2792336927,1,actual_openalex_reference,test,openalex_social_sciences_200
W4408772268,W3156614948,1,actual_openalex_reference,test,openalex_social_sciences_200
W4408772268,W3175971255,1,actual_openalex_reference,test,openalex_social_sciences_200
W4408772268,W3210419883,1,actual_openalex_reference,test,openalex_social_sciences_200
W4408772268,W4283264397,1,actual_openalex_reference,test,openalex_social_sciences_200
W4408772268,W4290632045,1,actual_openalex_reference,test,openalex_social_sciences_200
W4408772268,W4293054454,1,actual_openalex_reference,test,openalex_social_sciences_200
W4408772268,W4300022765,1,actual_openalex_reference,test,openalex_social_sciences_200
W4394818299,W611557432,1,actual_openalex_reference,test,openalex_social_sciences_200
W4394818299,W1496326334,1,actual_openalex_reference,test,openalex_social_sciences_200
W4394818299,W2040337698,1,actual_openalex_reference,test,openalex_social_sciences_200
W4394818299,W2044734144,1,actual_openalex_reference,test,openalex_social_sciences_200
W4394818299,W2057215999,1,actual_openalex_reference,test,openalex_social_sciences_200
W4394818299,W2095199187,1,actual_openalex_reference,test,openalex_social_sciences_200
W4394818299,W2310286063,1,actual_openalex_reference,test,openalex_social_sciences_200
W4394818299,W2462752448,1,actual_openalex_reference,test,openalex_social_sciences_200
W4394818299,W2491431787,1,actual_openalex_reference,test,openalex_social_sciences_200
W4394818299,W2502454886,1,actual_openalex_reference,test,openalex_social_sciences_200
W4394818299,W2535348083,1,actual_openalex_reference,test,openalex_social_sciences_200
W4394818299,W2605672688,1,actual_openalex_reference,test,openalex_social_sciences_200
W4394818299,W2608400306,1,actual_openalex_reference,test,openalex_social_sciences_200
W4394818299,W2789988096,1,actual_openalex_reference,test,openalex_social_sciences_200
W4394818299,W2793408783,1,actual_openalex_reference,test,openalex_social_sciences_200
W4394818299,W2983711342,1,actual_openalex_reference,test,openalex_social_sciences_200
W4394818299,W3034790322,1,actual_openalex_reference,test,openalex_social_sciences_200
W4394818299,W3097676871,1,actual_openalex_reference,test,openalex_social_sciences_200
W4394818299,W3114116358,1,actual_openalex_reference,test,openalex_social_sciences_200
W4394818299,W3202811731,1,actual_openalex_reference,test,openalex_social_sciences_200
W4394818299,W4210575832,1,actual_openalex_reference,test,openalex_social_sciences_200
W4394818299,W4230223698,1,actual_openalex_reference,test,openalex_social_sciences_200
W4394818299,W4238600264,1,actual_openalex_reference,test,openalex_social_sciences_200
W4394818299,W4241247528,1,actual_openalex_reference,test,openalex_social_sciences_200
W4394818299,W4386344280,1,actual_openalex_reference,test,openalex_social_sciences_200
W4394818299,W4402748630,1,actual_openalex_reference,test,openalex_social_sciences_200
W4416986480,W2185448052,1,actual_openalex_reference,test,openalex_social_sciences_200
W4416986480,W2604155764,1,actual_openalex_reference,test,openalex_social_sciences_200
W4416986480,W2897908509,1,actual_openalex_reference,test,openalex_social_sciences_200
W4416986480,W3049522359,1,actual_openalex_reference,test,openalex_social_sciences_200
W4416986480,W4225264665,1,actual_openalex_reference,test,openalex_social_sciences_200
W4416986480,W4304128100,1,actual_openalex_reference,test,openalex_social_sciences_200
W4416986480,W4367837045,1,actual_openalex_reference,test,openalex_social_sciences_200
W4416986480,W4400924818,1,actual_openalex_reference,test,openalex_social_sciences_200
W4416986480,W4412197679,1,actual_openalex_reference,test,openalex_social_sciences_200
W4411191655,W33753158,1,actual_openalex_reference,test,openalex_social_sciences_200
W4411191655,W2017236792,1,actual_openalex_reference,test,openalex_social_sciences_200
W4411191655,W2111877652,1,actual_openalex_reference,test,openalex_social_sciences_200
W4411191655,W2475426101,1,actual_openalex_reference,test,openalex_social_sciences_200
W4411191655,W2547601403,1,actual_openalex_reference,test,openalex_social_sciences_200
W4411191655,W2558380828,1,actual_openalex_reference,test,openalex_social_sciences_200
W4411191655,W2578785210,1,actual_openalex_reference,test,openalex_social_sciences_200
W4411191655,W2626467858,1,actual_openalex_reference,test,openalex_social_sciences_200
W4411191655,W2889279056,1,actual_openalex_reference,test,openalex_social_sciences_200
W4411191655,W2892255079,1,actual_openalex_reference,test,openalex_social_sciences_200
W4411191655,W2896658772,1,actual_openalex_reference,test,openalex_social_sciences_200
W4411191655,W2897420108,1,actual_openalex_reference,test,openalex_social_sciences_200
W4411191655,W2980748253,1,actual_openalex_reference,test,openalex_social_sciences_200
W4411191655,W3037208615,1,actual_openalex_reference,test,openalex_social_sciences_200
W4411191655,W3109854777,1,actual_openalex_reference,test,openalex_social_sciences_200
W4411191655,W3156143590,1,actual_openalex_reference,test,openalex_social_sciences_200
W4411191655,W3216402242,1,actual_openalex_reference,test,openalex_social_sciences_200
W4411191655,W4200088713,1,actual_openalex_reference,test,openalex_social_sciences_200
W4411191655,W4220848256,1,actual_openalex_reference,test,openalex_social_sciences_200
W4411191655,W4235678817,1,actual_openalex_reference,test,openalex_social_sciences_200
W4411191655,W4318704275,1,actual_openalex_reference,test,openalex_social_sciences_200
W4411191655,W4319063895,1,actual_openalex_reference,test,openalex_social_sciences_200
W4411191655,W4379534549,1,actual_openalex_reference,test,openalex_social_sciences_200
W4411191655,W4380142872,1,actual_openalex_reference,test,openalex_social_sciences_200
W4411191655,W4383096961,1,actual_openalex_reference,test,openalex_social_sciences_200
W4411191655,W4383108019,1,actual_openalex_reference,test,openalex_social_sciences_200
W4411191655,W4383750391,1,actual_openalex_reference,test,openalex_social_sciences_200
W4411191655,W4385667989,1,actual_openalex_reference,test,openalex_social_sciences_200
W4411191655,W4386141985,1,actual_openalex_reference,test,openalex_social_sciences_200
W4411191655,W4387408485,1,actual_openalex_reference,test,openalex_social_sciences_200
W4411191655,W4388271582,1,actual_openalex_reference,test,openalex_social_sciences_200
W4411191655,W4390009939,1,actual_openalex_reference,test,openalex_social_sciences_200
W4411191655,W4399332884,1,actual_openalex_reference,test,openalex_social_sciences_200
W4411191655,W4400347094,1,actual_openalex_reference,test,openalex_social_sciences_200
W4411191655,W4403455476,1,actual_openalex_reference,test,openalex_social_sciences_200
W4390122218,W151642688,1,actual_openalex_reference,test,openalex_social_sciences_200
W4390122218,W1253826529,1,actual_openalex_reference,test,openalex_social_sciences_200
W4390122218,W1551359504,1,actual_openalex_reference,test,openalex_social_sciences_200
W4390122218,W1849650842,1,actual_openalex_reference,test,openalex_social_sciences_200
W4390122218,W1963919251,1,actual_openalex_reference,test,openalex_social_sciences_200
W4390122218,W1974026246,1,actual_openalex_reference,test,openalex_social_sciences_200
W4390122218,W1980573833,1,actual_openalex_reference,test,openalex_social_sciences_200
W4390122218,W1987258130,1,actual_openalex_reference,test,openalex_social_sciences_200
W4390122218,W1987414475,1,actual_openalex_reference,test,openalex_social_sciences_200
W4390122218,W1988050849,1,actual_openalex_reference,test,openalex_social_sciences_200
W4390122218,W2010061105,1,actual_openalex_reference,test,openalex_social_sciences_200
W4390122218,W2011660912,1,actual_openalex_reference,test,openalex_social_sciences_200
W4390122218,W2016613975,1,actual_openalex_reference,test,openalex_social_sciences_200
W4390122218,W2021451445,1,actual_openalex_reference,test,openalex_social_sciences_200
W4390122218,W2050253370,1,actual_openalex_reference,test,openalex_social_sciences_200
W4390122218,W2087391290,1,actual_openalex_reference,test,openalex_social_sciences_200
W4390122218,W2091775201,1,actual_openalex_reference,test,openalex_social_sciences_200
W4390122218,W2095406522,1,actual_openalex_reference,test,openalex_social_sciences_200
W4390122218,W2106096361,1,actual_openalex_reference,test,openalex_social_sciences_200
W4390122218,W2125326971,1,actual_openalex_reference,test,openalex_social_sciences_200
W4390122218,W2126447140,1,actual_openalex_reference,test,openalex_social_sciences_200
W4390122218,W2127450621,1,actual_openalex_reference,test,openalex_social_sciences_200
W4390122218,W2128922792,1,actual_openalex_reference,test,openalex_social_sciences_200
W4390122218,W2139654770,1,actual_openalex_reference,test,openalex_social_sciences_200
W4390122218,W2140950724,1,actual_openalex_reference,test,openalex_social_sciences_200
W4390122218,W2143625851,1,actual_openalex_reference,test,openalex_social_sciences_200
W4390122218,W2147075293,1,actual_openalex_reference,test,openalex_social_sciences_200
W4390122218,W2148475606,1,actual_openalex_reference,test,openalex_social_sciences_200
W4390122218,W2150238850,1,actual_openalex_reference,test,openalex_social_sciences_200
W4390122218,W2153194202,1,actual_openalex_reference,test,openalex_social_sciences_200
W4390122218,W2154990482,1,actual_openalex_reference,test,openalex_social_sciences_200
W4390122218,W2165104234,1,actual_openalex_reference,test,openalex_social_sciences_200
W4390122218,W2166140580,1,actual_openalex_reference,test,openalex_social_sciences_200
W4390122218,W2171515724,1,actual_openalex_reference,test,openalex_social_sciences_200
W4390122218,W2175841895,1,actual_openalex_reference,test,openalex_social_sciences_200
W4390122218,W2306751325,1,actual_openalex_reference,test,openalex_social_sciences_200
W4390122218,W2314045446,1,actual_openalex_reference,test,openalex_social_sciences_200
W4390122218,W2338945520,1,actual_openalex_reference,test,openalex_social_sciences_200
W4390122218,W2468870709,1,actual_openalex_reference,test,openalex_social_sciences_200
W4390122218,W2789810247,1,actual_openalex_reference,test,openalex_social_sciences_200
W4390122218,W2902798611,1,actual_openalex_reference,test,openalex_social_sciences_200
W4390122218,W2941329679,1,actual_openalex_reference,test,openalex_social_sciences_200
W4390122218,W3122000667,1,actual_openalex_reference,test,openalex_social_sciences_200
W4390122218,W3123759571,1,actual_openalex_reference,test,openalex_social_sciences_200
W4390122218,W3123839856,1,actual_openalex_reference,test,openalex_social_sciences_200
W4390122218,W3123955352,1,actual_openalex_reference,test,openalex_social_sciences_200
W4390122218,W3124923688,1,actual_openalex_reference,test,openalex_social_sciences_200
W4390122218,W3126055879,1,actual_openalex_reference,test,openalex_social_sciences_200
W4390122218,W3145178692,1,actual_openalex_reference,test,openalex_social_sciences_200
W4390122218,W3179527404,1,actual_openalex_reference,test,openalex_social_sciences_200
W4390122218,W3200645308,1,actual_openalex_reference,test,openalex_social_sciences_200
W4390122218,W4251225833,1,actual_openalex_reference,test,openalex_social_sciences_200
W4390122218,W4310789418,1,actual_openalex_reference,test,openalex_social_sciences_200
W4389490898,W1978776641,1,actual_openalex_reference,test,openalex_social_sciences_200
W4389490898,W1994071011,1,actual_openalex_reference,test,openalex_social_sciences_200
W4389490898,W2022405594,1,actual_openalex_reference,test,openalex_social_sciences_200
W4389490898,W2025506707,1,actual_openalex_reference,test,openalex_social_sciences_200
W4389490898,W2085976822,1,actual_openalex_reference,test,openalex_social_sciences_200
W4389490898,W2093356427,1,actual_openalex_reference,test,openalex_social_sciences_200
W4389490898,W2104834906,1,actual_openalex_reference,test,openalex_social_sciences_200
W4389490898,W2118900266,1,actual_openalex_reference,test,openalex_social_sciences_200
W4389490898,W2140622685,1,actual_openalex_reference,test,openalex_social_sciences_200
W4389490898,W2142971244,1,actual_openalex_reference,test,openalex_social_sciences_200
W4389490898,W2156395131,1,actual_openalex_reference,test,openalex_social_sciences_200
W4389490898,W2158740066,1,actual_openalex_reference,test,openalex_social_sciences_200
W4389490898,W2161994757,1,actual_openalex_reference,test,openalex_social_sciences_200
W4389490898,W2168538447,1,actual_openalex_reference,test,openalex_social_sciences_200
W4389490898,W2508555133,1,actual_openalex_reference,test,openalex_social_sciences_200
W4389490898,W2799690146,1,actual_openalex_reference,test,openalex_social_sciences_200
W4389490898,W2979586175,1,actual_openalex_reference,test,openalex_social_sciences_200
W4389490898,W3182775647,1,actual_openalex_reference,test,openalex_social_sciences_200
W4389490898,W3196836501,1,actual_openalex_reference,test,openalex_social_sciences_200
W4389490898,W4211107114,1,actual_openalex_reference,test,openalex_social_sciences_200
W4389490898,W4231202891,1,actual_openalex_reference,test,openalex_social_sciences_200
W4389490898,W4316654319,1,actual_openalex_reference,test,openalex_social_sciences_200
W4389490898,W4320490155,1,actual_openalex_reference,test,openalex_social_sciences_200
W4401035474,W2038787075,1,actual_openalex_reference,test,openalex_social_sciences_200
W4401035474,W2098728364,1,actual_openalex_reference,test,openalex_social_sciences_200
W4401035474,W2343537443,1,actual_openalex_reference,test,openalex_social_sciences_200
W4401035474,W2345319535,1,actual_openalex_reference,test,openalex_social_sciences_200
W4401035474,W2587552107,1,actual_openalex_reference,test,openalex_social_sciences_200
W4401035474,W2790230778,1,actual_openalex_reference,test,openalex_social_sciences_200
W4401035474,W2946629428,1,actual_openalex_reference,test,openalex_social_sciences_200
W4401035474,W2964071010,1,actual_openalex_reference,test,openalex_social_sciences_200
W4401035474,W2974012223,1,actual_openalex_reference,test,openalex_social_sciences_200
W4401035474,W2995776235,1,actual_openalex_reference,test,openalex_social_sciences_200
W4401035474,W2999237787,1,actual_openalex_reference,test,openalex_social_sciences_200
W4401035474,W3008736340,1,actual_openalex_reference,test,openalex_social_sciences_200
W4401035474,W3017661497,1,actual_openalex_reference,test,openalex_social_sciences_200
W4401035474,W3026230672,1,actual_openalex_reference,test,openalex_social_sciences_200
W4401035474,W3030228935,1,actual_openalex_reference,test,openalex_social_sciences_200
W4401035474,W3038064643,1,actual_openalex_reference,test,openalex_social_sciences_200
W4401035474,W3108245955,1,actual_openalex_reference,test,openalex_social_sciences_200
W4401035474,W3132357546,1,actual_openalex_reference,test,openalex_social_sciences_200
W4401035474,W3185131603,1,actual_openalex_reference,test,openalex_social_sciences_200
W4401035474,W3185325735,1,actual_openalex_reference,test,openalex_social_sciences_200
W4401035474,W3185795256,1,actual_openalex_reference,test,openalex_social_sciences_200
W4401035474,W3191986903,1,actual_openalex_reference,test,openalex_social_sciences_200
W4401035474,W3201402930,1,actual_openalex_reference,test,openalex_social_sciences_200
W4401035474,W3212580634,1,actual_openalex_reference,test,openalex_social_sciences_200
W4401035474,W4220879449,1,actual_openalex_reference,test,openalex_social_sciences_200
W4401035474,W4221094429,1,actual_openalex_reference,test,openalex_social_sciences_200
W4401035474,W4283737468,1,actual_openalex_reference,test,openalex_social_sciences_200
W4401035474,W4321094432,1,actual_openalex_reference,test,openalex_social_sciences_200
W4401035474,W4381741038,1,actual_openalex_reference,test,openalex_social_sciences_200
W4401035474,W4390955765,1,actual_openalex_reference,test,openalex_social_sciences_200
W4387300484,W2049092542,1,actual_openalex_reference,test,openalex_social_sciences_200
W4387300484,W2112868375,1,actual_openalex_reference,test,openalex_social_sciences_200
W4387300484,W2540067490,1,actual_openalex_reference,test,openalex_social_sciences_200
W4387300484,W2576959845,1,actual_openalex_reference,test,openalex_social_sciences_200
W4387300484,W2579291389,1,actual_openalex_reference,test,openalex_social_sciences_200
W4387300484,W2744939025,1,actual_openalex_reference,test,openalex_social_sciences_200
W4387300484,W2790281639,1,actual_openalex_reference,test,openalex_social_sciences_200
W4387300484,W2807626363,1,actual_openalex_reference,test,openalex_social_sciences_200
W4387300484,W2888920925,1,actual_openalex_reference,test,openalex_social_sciences_200
W4387300484,W2902824500,1,actual_openalex_reference,test,openalex_social_sciences_200
W4387300484,W2995605526,1,actual_openalex_reference,test,openalex_social_sciences_200
W4387300484,W3000705819,1,actual_openalex_reference,test,openalex_social_sciences_200
W4387300484,W3009713127,1,actual_openalex_reference,test,openalex_social_sciences_200
W4387300484,W3093457289,1,actual_openalex_reference,test,openalex_social_sciences_200
W4387300484,W3126979410,1,actual_openalex_reference,test,openalex_social_sciences_200
W4387300484,W3128203233,1,actual_openalex_reference,test,openalex_social_sciences_200
W4387300484,W3128509717,1,actual_openalex_reference,test,openalex_social_sciences_200
W4387300484,W3166645259,1,actual_openalex_reference,test,openalex_social_sciences_200
W4387300484,W3199079135,1,actual_openalex_reference,test,openalex_social_sciences_200
W4387300484,W4205810314,1,actual_openalex_reference,test,openalex_social_sciences_200
W4387300484,W4210663395,1,actual_openalex_reference,test,openalex_social_sciences_200
W4387300484,W4292559801,1,actual_openalex_reference,test,openalex_social_sciences_200
W4387300484,W4308436012,1,actual_openalex_reference,test,openalex_social_sciences_200
W4387300484,W4315436029,1,actual_openalex_reference,test,openalex_social_sciences_200
W4388421460,W1759668209,1,actual_openalex_reference,test,openalex_social_sciences_200
W4388421460,W1915705456,1,actual_openalex_reference,test,openalex_social_sciences_200
W4388421460,W1996386330,1,actual_openalex_reference,test,openalex_social_sciences_200
W4388421460,W2024804256,1,actual_openalex_reference,test,openalex_social_sciences_200
W4388421460,W2037894668,1,actual_openalex_reference,test,openalex_social_sciences_200
W4388421460,W2040363033,1,actual_openalex_reference,test,openalex_social_sciences_200
W4388421460,W2058584057,1,actual_openalex_reference,test,openalex_social_sciences_200
W4388421460,W2081063940,1,actual_openalex_reference,test,openalex_social_sciences_200
W4388421460,W2096652935,1,actual_openalex_reference,test,openalex_social_sciences_200
W4388421460,W2098621752,1,actual_openalex_reference,test,openalex_social_sciences_200
W4388421460,W2104239385,1,actual_openalex_reference,test,openalex_social_sciences_200
W4388421460,W2118546791,1,actual_openalex_reference,test,openalex_social_sciences_200
W4388421460,W2118767539,1,actual_openalex_reference,test,openalex_social_sciences_200
W4388421460,W2128422625,1,actual_openalex_reference,test,openalex_social_sciences_200
W4388421460,W2132199097,1,actual_openalex_reference,test,openalex_social_sciences_200
W4388421460,W2136830045,1,actual_openalex_reference,test,openalex_social_sciences_200
W4388421460,W2137819727,1,actual_openalex_reference,test,openalex_social_sciences_200
W4388421460,W2152671226,1,actual_openalex_reference,test,openalex_social_sciences_200
W4388421460,W2153158511,1,actual_openalex_reference,test,openalex_social_sciences_200
W4388421460,W2159679965,1,actual_openalex_reference,test,openalex_social_sciences_200
W4388421460,W2269367703,1,actual_openalex_reference,test,openalex_social_sciences_200
W4388421460,W2337599653,1,actual_openalex_reference,test,openalex_social_sciences_200
W4388421460,W2342314732,1,actual_openalex_reference,test,openalex_social_sciences_200
W4388421460,W2495642267,1,actual_openalex_reference,test,openalex_social_sciences_200
W4388421460,W2589715687,1,actual_openalex_reference,test,openalex_social_sciences_200
W4388421460,W2805845634,1,actual_openalex_reference,test,openalex_social_sciences_200
W4388421460,W2900876274,1,actual_openalex_reference,test,openalex_social_sciences_200
W4388421460,W3118700656,1,actual_openalex_reference,test,openalex_social_sciences_200
W4388421460,W4213267910,1,actual_openalex_reference,test,openalex_social_sciences_200
W4388421460,W4230146604,1,actual_openalex_reference,test,openalex_social_sciences_200
W4388421460,W4242142111,1,actual_openalex_reference,test,openalex_social_sciences_200
W4388421460,W4285394178,1,actual_openalex_reference,test,openalex_social_sciences_200
W4320913433,W588141948,1,actual_openalex_reference,test,openalex_social_sciences_200
W4320913433,W639368153,1,actual_openalex_reference,test,openalex_social_sciences_200
W4320913433,W1489753627,1,actual_openalex_reference,test,openalex_social_sciences_200
W4320913433,W1569114463,1,actual_openalex_reference,test,openalex_social_sciences_200
W4320913433,W1606883945,1,actual_openalex_reference,test,openalex_social_sciences_200
W4320913433,W1994202274,1,actual_openalex_reference,test,openalex_social_sciences_200
W4320913433,W2000667110,1,actual_openalex_reference,test,openalex_social_sciences_200
W4320913433,W2036254682,1,actual_openalex_reference,test,openalex_social_sciences_200
W4320913433,W2051384055,1,actual_openalex_reference,test,openalex_social_sciences_200
W4320913433,W2070343248,1,actual_openalex_reference,test,openalex_social_sciences_200
W4320913433,W2085460192,1,actual_openalex_reference,test,openalex_social_sciences_200
W4320913433,W2307977142,1,actual_openalex_reference,test,openalex_social_sciences_200
W4320913433,W2485016503,1,actual_openalex_reference,test,openalex_social_sciences_200
W4320913433,W2605782959,1,actual_openalex_reference,test,openalex_social_sciences_200
W4320913433,W2607245328,1,actual_openalex_reference,test,openalex_social_sciences_200
W4320913433,W2772074098,1,actual_openalex_reference,test,openalex_social_sciences_200
W4320913433,W2775269806,1,actual_openalex_reference,test,openalex_social_sciences_200
W4320913433,W2782823685,1,actual_openalex_reference,test,openalex_social_sciences_200
W4320913433,W2902672377,1,actual_openalex_reference,test,openalex_social_sciences_200
W4320913433,W2943305689,1,actual_openalex_reference,test,openalex_social_sciences_200
W4320913433,W2995634851,1,actual_openalex_reference,test,openalex_social_sciences_200
W4320913433,W3199624447,1,actual_openalex_reference,test,openalex_social_sciences_200
W4320913433,W4229943301,1,actual_openalex_reference,test,openalex_social_sciences_200
W4320913433,W4243461231,1,actual_openalex_reference,test,openalex_social_sciences_200
W4320913433,W4298178762,1,actual_openalex_reference,test,openalex_social_sciences_200
W4411899372,W1631150390,1,actual_openalex_reference,test,openalex_social_sciences_200
W4411899372,W1791587663,1,actual_openalex_reference,test,openalex_social_sciences_200
W4411899372,W2005092827,1,actual_openalex_reference,test,openalex_social_sciences_200
W4411899372,W2009927598,1,actual_openalex_reference,test,openalex_social_sciences_200
W4411899372,W2018461954,1,actual_openalex_reference,test,openalex_social_sciences_200
W4411899372,W2071666535,1,actual_openalex_reference,test,openalex_social_sciences_200
W4411899372,W2100379340,1,actual_openalex_reference,test,openalex_social_sciences_200
W4411899372,W2159306398,1,actual_openalex_reference,test,openalex_social_sciences_200
W4411899372,W2170301618,1,actual_openalex_reference,test,openalex_social_sciences_200
W4411899372,W2249595199,1,actual_openalex_reference,test,openalex_social_sciences_200
W4411899372,W2522133792,1,actual_openalex_reference,test,openalex_social_sciences_200
W4411899372,W2646870050,1,actual_openalex_reference,test,openalex_social_sciences_200
W4411899372,W2797356168,1,actual_openalex_reference,test,openalex_social_sciences_200
W4411899372,W2953532875,1,actual_openalex_reference,test,openalex_social_sciences_200
W4411899372,W2955189310,1,actual_openalex_reference,test,openalex_social_sciences_200
W4411899372,W3028447429,1,actual_openalex_reference,test,openalex_social_sciences_200
W4411899372,W3082757774,1,actual_openalex_reference,test,openalex_social_sciences_200
W4411899372,W3088949994,1,actual_openalex_reference,test,openalex_social_sciences_200
W4411899372,W3092263108,1,actual_openalex_reference,test,openalex_social_sciences_200
W4411899372,W3126219458,1,actual_openalex_reference,test,openalex_social_sciences_200
W4411899372,W3138484245,1,actual_openalex_reference,test,openalex_social_sciences_200
W4411899372,W3184858604,1,actual_openalex_reference,test,openalex_social_sciences_200
W4411899372,W3194025919,1,actual_openalex_reference,test,openalex_social_sciences_200
W4411899372,W4221022300,1,actual_openalex_reference,test,openalex_social_sciences_200
W4411899372,W4282971146,1,actual_openalex_reference,test,openalex_social_sciences_200
W4411899372,W4296369454,1,actual_openalex_reference,test,openalex_social_sciences_200
W4411899372,W4306160397,1,actual_openalex_reference,test,openalex_social_sciences_200
W4411899372,W4311843323,1,actual_openalex_reference,test,openalex_social_sciences_200
W4411899372,W4313650518,1,actual_openalex_reference,test,openalex_social_sciences_200
W4411899372,W4317581943,1,actual_openalex_reference,test,openalex_social_sciences_200
W4411899372,W4324071194,1,actual_openalex_reference,test,openalex_social_sciences_200
W4411899372,W4378348460,1,actual_openalex_reference,test,openalex_social_sciences_200
W4411899372,W4383213578,1,actual_openalex_reference,test,openalex_social_sciences_200
W4411899372,W4385191921,1,actual_openalex_reference,test,openalex_social_sciences_200
W4411899372,W4385874125,1,actual_openalex_reference,test,openalex_social_sciences_200
W4411899372,W4386917399,1,actual_openalex_reference,test,openalex_social_sciences_200
W4411899372,W4387806579,1,actual_openalex_reference,test,openalex_social_sciences_200
W4411899372,W4399890172,1,actual_openalex_reference,test,openalex_social_sciences_200
W4411899372,W4400658779,1,actual_openalex_reference,test,openalex_social_sciences_200
W4411899372,W4405320235,1,actual_openalex_reference,test,openalex_social_sciences_200
W4406950125,W1504424956,1,actual_openalex_reference,test,openalex_social_sciences_200
W4406950125,W2149925902,1,actual_openalex_reference,test,openalex_social_sciences_200
W4406950125,W2151050634,1,actual_openalex_reference,test,openalex_social_sciences_200
W4406950125,W2233710216,1,actual_openalex_reference,test,openalex_social_sciences_200
W4406950125,W2547446655,1,actual_openalex_reference,test,openalex_social_sciences_200
W4406950125,W2558337265,1,actual_openalex_reference,test,openalex_social_sciences_200
W4406950125,W2674141658,1,actual_openalex_reference,test,openalex_social_sciences_200
W4406950125,W2765691793,1,actual_openalex_reference,test,openalex_social_sciences_200
W4406950125,W2963317741,1,actual_openalex_reference,test,openalex_social_sciences_200
W4406950125,W2964031334,1,actual_openalex_reference,test,openalex_social_sciences_200
W4406950125,W2976881881,1,actual_openalex_reference,test,openalex_social_sciences_200
W4406950125,W2996703711,1,actual_openalex_reference,test,openalex_social_sciences_200
W4406950125,W3003134501,1,actual_openalex_reference,test,openalex_social_sciences_200
W4406950125,W3084639008,1,actual_openalex_reference,test,openalex_social_sciences_200
W4406950125,W3150583922,1,actual_openalex_reference,test,openalex_social_sciences_200
W4406950125,W3157281618,1,actual_openalex_reference,test,openalex_social_sciences_200
W4406950125,W3159958625,1,actual_openalex_reference,test,openalex_social_sciences_200
W4406950125,W3183142403,1,actual_openalex_reference,test,openalex_social_sciences_200
W4406950125,W3197200349,1,actual_openalex_reference,test,openalex_social_sciences_200
W4406950125,W3207541700,1,actual_openalex_reference,test,openalex_social_sciences_200
W4406950125,W4210836904,1,actual_openalex_reference,test,openalex_social_sciences_200
W4406950125,W4389441493,1,actual_openalex_reference,test,openalex_social_sciences_200
W4406950125,W4399813879,1,actual_openalex_reference,test,openalex_social_sciences_200
W4392651583,W32025162,1,actual_openalex_reference,test,openalex_social_sciences_200
W4392651583,W561329027,1,actual_openalex_reference,test,openalex_social_sciences_200
W4392651583,W613279859,1,actual_openalex_reference,test,openalex_social_sciences_200
W4392651583,W1521070588,1,actual_openalex_reference,test,openalex_social_sciences_200
W4392651583,W1564884588,1,actual_openalex_reference,test,openalex_social_sciences_200
W4392651583,W1572571667,1,actual_openalex_reference,test,openalex_social_sciences_200
W4392651583,W1788928385,1,actual_openalex_reference,test,openalex_social_sciences_200
W4392651583,W1992745962,1,actual_openalex_reference,test,openalex_social_sciences_200
W4392651583,W2073211193,1,actual_openalex_reference,test,openalex_social_sciences_200
W4392651583,W2085986150,1,actual_openalex_reference,test,openalex_social_sciences_200
W4392651583,W2113583180,1,actual_openalex_reference,test,openalex_social_sciences_200
W4392651583,W2118060199,1,actual_openalex_reference,test,openalex_social_sciences_200
W4392651583,W2209131800,1,actual_openalex_reference,test,openalex_social_sciences_200
W4392651583,W2313985001,1,actual_openalex_reference,test,openalex_social_sciences_200
W4392651583,W2318832848,1,actual_openalex_reference,test,openalex_social_sciences_200
W4392651583,W2319173765,1,actual_openalex_reference,test,openalex_social_sciences_200
W4392651583,W2418111755,1,actual_openalex_reference,test,openalex_social_sciences_200
W4392651583,W2475850697,1,actual_openalex_reference,test,openalex_social_sciences_200
W4392651583,W2487789427,1,actual_openalex_reference,test,openalex_social_sciences_200
W4392651583,W2621687018,1,actual_openalex_reference,test,openalex_social_sciences_200
W4392651583,W2627063647,1,actual_openalex_reference,test,openalex_social_sciences_200
W4392651583,W2758338772,1,actual_openalex_reference,test,openalex_social_sciences_200
W4392651583,W2884731734,1,actual_openalex_reference,test,openalex_social_sciences_200
W4392651583,W2963653927,1,actual_openalex_reference,test,openalex_social_sciences_200
W4392651583,W3020637112,1,actual_openalex_reference,test,openalex_social_sciences_200
W4392651583,W3022530794,1,actual_openalex_reference,test,openalex_social_sciences_200
W4392651583,W3025152186,1,actual_openalex_reference,test,openalex_social_sciences_200
W4392651583,W3025839038,1,actual_openalex_reference,test,openalex_social_sciences_200
W4392651583,W3031774401,1,actual_openalex_reference,test,openalex_social_sciences_200
W4392651583,W3033107408,1,actual_openalex_reference,test,openalex_social_sciences_200
W4392651583,W3039655172,1,actual_openalex_reference,test,openalex_social_sciences_200
W4392651583,W3092166681,1,actual_openalex_reference,test,openalex_social_sciences_200
W4392651583,W3093716204,1,actual_openalex_reference,test,openalex_social_sciences_200
W4392651583,W3121306374,1,actual_openalex_reference,test,openalex_social_sciences_200
W4392651583,W3126871529,1,actual_openalex_reference,test,openalex_social_sciences_200
W4392651583,W3161733016,1,actual_openalex_reference,test,openalex_social_sciences_200
W4392651583,W3172852610,1,actual_openalex_reference,test,openalex_social_sciences_200
W4392651583,W3175617042,1,actual_openalex_reference,test,openalex_social_sciences_200
W4392651583,W4224216933,1,actual_openalex_reference,test,openalex_social_sciences_200
W4392651583,W4237917367,1,actual_openalex_reference,test,openalex_social_sciences_200
W4392651583,W4243661864,1,actual_openalex_reference,test,openalex_social_sciences_200
W4392651583,W4243845599,1,actual_openalex_reference,test,openalex_social_sciences_200
W4392651583,W4249076295,1,actual_openalex_reference,test,openalex_social_sciences_200
W4392651583,W4293083269,1,actual_openalex_reference,test,openalex_social_sciences_200
W4403303920,W1512763211,1,actual_openalex_reference,test,openalex_social_sciences_200
W4403303920,W1572955664,1,actual_openalex_reference,test,openalex_social_sciences_200
W4403303920,W1603489068,1,actual_openalex_reference,test,openalex_social_sciences_200
W4403303920,W1608712624,1,actual_openalex_reference,test,openalex_social_sciences_200
W4403303920,W1922979368,1,actual_openalex_reference,test,openalex_social_sciences_200
W4403303920,W1928567158,1,actual_openalex_reference,test,openalex_social_sciences_200
W4403303920,W1988652984,1,actual_openalex_reference,test,openalex_social_sciences_200
W4403303920,W1988793185,1,actual_openalex_reference,test,openalex_social_sciences_200
W4403303920,W2007269617,1,actual_openalex_reference,test,openalex_social_sciences_200
W4403303920,W2007503180,1,actual_openalex_reference,test,openalex_social_sciences_200
W4403303920,W2026999166,1,actual_openalex_reference,test,openalex_social_sciences_200
W4403303920,W2038631200,1,actual_openalex_reference,test,openalex_social_sciences_200
W4403303920,W2085022048,1,actual_openalex_reference,test,openalex_social_sciences_200
W4403303920,W2103679043,1,actual_openalex_reference,test,openalex_social_sciences_200
W4403303920,W2122526583,1,actual_openalex_reference,test,openalex_social_sciences_200
W4403303920,W2133853917,1,actual_openalex_reference,test,openalex_social_sciences_200
W4403303920,W2138386320,1,actual_openalex_reference,test,openalex_social_sciences_200
W4403303920,W2147773620,1,actual_openalex_reference,test,openalex_social_sciences_200
W4403303920,W2148386842,1,actual_openalex_reference,test,openalex_social_sciences_200
W4403303920,W2148548189,1,actual_openalex_reference,test,openalex_social_sciences_200
W4403303920,W2155274319,1,actual_openalex_reference,test,openalex_social_sciences_200
W4403303920,W2155620087,1,actual_openalex_reference,test,openalex_social_sciences_200
W4403303920,W2162784482,1,actual_openalex_reference,test,openalex_social_sciences_200
W4403303920,W2163792508,1,actual_openalex_reference,test,openalex_social_sciences_200
W4403303920,W2513179463,1,actual_openalex_reference,test,openalex_social_sciences_200
W4403303920,W2594555910,1,actual_openalex_reference,test,openalex_social_sciences_200
W4403303920,W2997096804,1,actual_openalex_reference,test,openalex_social_sciences_200
W4403303920,W3134565762,1,actual_openalex_reference,test,openalex_social_sciences_200
W4403303920,W3163278947,1,actual_openalex_reference,test,openalex_social_sciences_200
W4403303920,W4294955985,1,actual_openalex_reference,test,openalex_social_sciences_200
W4403303920,W4309688790,1,actual_openalex_reference,test,openalex_social_sciences_200
W4401586181,W49973572,1,actual_openalex_reference,test,openalex_social_sciences_200
W4401586181,W2102861780,1,actual_openalex_reference,test,openalex_social_sciences_200
W4401586181,W2116646433,1,actual_openalex_reference,test,openalex_social_sciences_200
W4401586181,W2128058616,1,actual_openalex_reference,test,openalex_social_sciences_200
W4401586181,W2136645636,1,actual_openalex_reference,test,openalex_social_sciences_200
W4401586181,W2242576003,1,actual_openalex_reference,test,openalex_social_sciences_200
W4401586181,W2244033198,1,actual_openalex_reference,test,openalex_social_sciences_200
W4401586181,W2604700393,1,actual_openalex_reference,test,openalex_social_sciences_200
W4401586181,W2784117065,1,actual_openalex_reference,test,openalex_social_sciences_200
W4401586181,W2802002124,1,actual_openalex_reference,test,openalex_social_sciences_200
W4401586181,W2904605268,1,actual_openalex_reference,test,openalex_social_sciences_200
W4401586181,W2911735741,1,actual_openalex_reference,test,openalex_social_sciences_200
W4401586181,W2943369147,1,actual_openalex_reference,test,openalex_social_sciences_200
W4401586181,W2947145904,1,actual_openalex_reference,test,openalex_social_sciences_200
W4401586181,W2956747517,1,actual_openalex_reference,test,openalex_social_sciences_200
W4401586181,W3033555248,1,actual_openalex_reference,test,openalex_social_sciences_200
W4401586181,W3038056378,1,actual_openalex_reference,test,openalex_social_sciences_200
W4401586181,W3043892524,1,actual_openalex_reference,test,openalex_social_sciences_200
W4401586181,W3098124506,1,actual_openalex_reference,test,openalex_social_sciences_200
W4401586181,W3116416372,1,actual_openalex_reference,test,openalex_social_sciences_200
W4401586181,W4205125937,1,actual_openalex_reference,test,openalex_social_sciences_200
W4401586181,W4297534144,1,actual_openalex_reference,test,openalex_social_sciences_200
W4401586181,W4391400700,1,actual_openalex_reference,test,openalex_social_sciences_200
W4401586181,W4391734683,1,actual_openalex_reference,test,openalex_social_sciences_200
W4406073030,W21002231,1,actual_openalex_reference,test,openalex_social_sciences_200
W4406073030,W628931332,1,actual_openalex_reference,test,openalex_social_sciences_200
W4406073030,W1481623838,1,actual_openalex_reference,test,openalex_social_sciences_200
W4406073030,W1534608124,1,actual_openalex_reference,test,openalex_social_sciences_200
W4406073030,W1633199785,1,actual_openalex_reference,test,openalex_social_sciences_200
W4406073030,W1995397309,1,actual_openalex_reference,test,openalex_social_sciences_200
W4406073030,W1998514939,1,actual_openalex_reference,test,openalex_social_sciences_200
W4406073030,W2023030171,1,actual_openalex_reference,test,openalex_social_sciences_200
W4406073030,W2095920311,1,actual_openalex_reference,test,openalex_social_sciences_200
W4406073030,W2097633602,1,actual_openalex_reference,test,openalex_social_sciences_200
W4406073030,W2113537253,1,actual_openalex_reference,test,openalex_social_sciences_200
W4406073030,W2156892839,1,actual_openalex_reference,test,openalex_social_sciences_200
W4406073030,W2329131696,1,actual_openalex_reference,test,openalex_social_sciences_200
W4406073030,W2916712559,1,actual_openalex_reference,test,openalex_social_sciences_200
W4406073030,W2966911983,1,actual_openalex_reference,test,openalex_social_sciences_200
W4406073030,W2973921651,1,actual_openalex_reference,test,openalex_social_sciences_200
W4406073030,W2980144955,1,actual_openalex_reference,test,openalex_social_sciences_200
W4406073030,W2989274149,1,actual_openalex_reference,test,openalex_social_sciences_200
W4406073030,W3048063793,1,actual_openalex_reference,test,openalex_social_sciences_200
W4406073030,W3082997510,1,actual_openalex_reference,test,openalex_social_sciences_200
W4406073030,W3116982520,1,actual_openalex_reference,test,openalex_social_sciences_200
W4406073030,W3170083408,1,actual_openalex_reference,test,openalex_social_sciences_200
W4406073030,W3202985031,1,actual_openalex_reference,test,openalex_social_sciences_200
W4406073030,W3217354489,1,actual_openalex_reference,test,openalex_social_sciences_200
W4406073030,W4285138817,1,actual_openalex_reference,test,openalex_social_sciences_200
W4406073030,W4317521134,1,actual_openalex_reference,test,openalex_social_sciences_200
W4406073030,W4382751751,1,actual_openalex_reference,test,openalex_social_sciences_200
W4406073030,W4389450170,1,actual_openalex_reference,test,openalex_social_sciences_200
W4406073030,W4409767441,1,actual_openalex_reference,test,openalex_social_sciences_200
W4387705418,W1968524945,1,actual_openalex_reference,test,openalex_social_sciences_200
W4387705418,W1977861494,1,actual_openalex_reference,test,openalex_social_sciences_200
W4387705418,W1984673945,1,actual_openalex_reference,test,openalex_social_sciences_200
W4387705418,W1992193527,1,actual_openalex_reference,test,openalex_social_sciences_200
W4387705418,W2006893111,1,actual_openalex_reference,test,openalex_social_sciences_200
W4387705418,W2040113013,1,actual_openalex_reference,test,openalex_social_sciences_200
W4387705418,W2070824928,1,actual_openalex_reference,test,openalex_social_sciences_200
W4387705418,W2071666535,1,actual_openalex_reference,test,openalex_social_sciences_200
W4387705418,W2136409470,1,actual_openalex_reference,test,openalex_social_sciences_200
W4387705418,W2141160558,1,actual_openalex_reference,test,openalex_social_sciences_200
W4387705418,W2159466611,1,actual_openalex_reference,test,openalex_social_sciences_200
W4387705418,W2165282532,1,actual_openalex_reference,test,openalex_social_sciences_200
W4387705418,W2168323242,1,actual_openalex_reference,test,openalex_social_sciences_200
W4387705418,W2337002970,1,actual_openalex_reference,test,openalex_social_sciences_200
W4387705418,W2444164785,1,actual_openalex_reference,test,openalex_social_sciences_200
W4387705418,W2525823935,1,actual_openalex_reference,test,openalex_social_sciences_200
W4387705418,W2586182593,1,actual_openalex_reference,test,openalex_social_sciences_200
W4387705418,W2594593007,1,actual_openalex_reference,test,openalex_social_sciences_200
W4387705418,W2604777634,1,actual_openalex_reference,test,openalex_social_sciences_200
W4387705418,W2615441489,1,actual_openalex_reference,test,openalex_social_sciences_200
W4387705418,W2751793957,1,actual_openalex_reference,test,openalex_social_sciences_200
W4387705418,W2799449427,1,actual_openalex_reference,test,openalex_social_sciences_200
W4387705418,W3022339544,1,actual_openalex_reference,test,openalex_social_sciences_200
W4387705418,W3040688442,1,actual_openalex_reference,test,openalex_social_sciences_200
W4387705418,W3086463303,1,actual_openalex_reference,test,openalex_social_sciences_200
W4387705418,W3088028286,1,actual_openalex_reference,test,openalex_social_sciences_200
W4387705418,W3111936309,1,actual_openalex_reference,test,openalex_social_sciences_200
W4387705418,W3137350096,1,actual_openalex_reference,test,openalex_social_sciences_200
W4387705418,W3138030170,1,actual_openalex_reference,test,openalex_social_sciences_200
W4387705418,W3154248945,1,actual_openalex_reference,test,openalex_social_sciences_200
W4387705418,W3162658770,1,actual_openalex_reference,test,openalex_social_sciences_200
W4387705418,W3162661523,1,actual_openalex_reference,test,openalex_social_sciences_200
W4387705418,W3169682959,1,actual_openalex_reference,test,openalex_social_sciences_200
W4387705418,W3169927545,1,actual_openalex_reference,test,openalex_social_sciences_200
W4387705418,W3175459982,1,actual_openalex_reference,test,openalex_social_sciences_200
W4387705418,W3187823177,1,actual_openalex_reference,test,openalex_social_sciences_200
W4387705418,W3192848737,1,actual_openalex_reference,test,openalex_social_sciences_200
W4387705418,W3195073130,1,actual_openalex_reference,test,openalex_social_sciences_200
W4387705418,W4210677265,1,actual_openalex_reference,test,openalex_social_sciences_200
W4387705418,W4213209503,1,actual_openalex_reference,test,openalex_social_sciences_200
W4387705418,W4213255867,1,actual_openalex_reference,test,openalex_social_sciences_200
W4387705418,W4220682703,1,actual_openalex_reference,test,openalex_social_sciences_200
W4387705418,W4317778262,1,actual_openalex_reference,test,openalex_social_sciences_200
W4387705418,W4376134378,1,actual_openalex_reference,test,openalex_social_sciences_200
W4387705418,W4386558711,1,actual_openalex_reference,test,openalex_social_sciences_200
W4387705418,W4387413315,1,actual_openalex_reference,test,openalex_social_sciences_200
W4387705418,W4387429613,1,actual_openalex_reference,test,openalex_social_sciences_200
W4382399588,W33293136,1,actual_openalex_reference,test,openalex_social_sciences_200
W4382399588,W81685006,1,actual_openalex_reference,test,openalex_social_sciences_200
W4382399588,W2003639740,1,actual_openalex_reference,test,openalex_social_sciences_200
W4382399588,W2018967750,1,actual_openalex_reference,test,openalex_social_sciences_200
W4382399588,W2047152851,1,actual_openalex_reference,test,openalex_social_sciences_200
W4382399588,W2066907904,1,actual_openalex_reference,test,openalex_social_sciences_200
W4382399588,W2112646922,1,actual_openalex_reference,test,openalex_social_sciences_200
W4382399588,W2125377513,1,actual_openalex_reference,test,openalex_social_sciences_200
W4382399588,W2126352571,1,actual_openalex_reference,test,openalex_social_sciences_200
W4382399588,W2144657509,1,actual_openalex_reference,test,openalex_social_sciences_200
W4382399588,W2316230206,1,actual_openalex_reference,test,openalex_social_sciences_200
W4382399588,W2803128597,1,actual_openalex_reference,test,openalex_social_sciences_200
W4382399588,W2895484796,1,actual_openalex_reference,test,openalex_social_sciences_200
W4382399588,W2900839797,1,actual_openalex_reference,test,openalex_social_sciences_200
W4382399588,W3093253109,1,actual_openalex_reference,test,openalex_social_sciences_200
W4382399588,W3109472798,1,actual_openalex_reference,test,openalex_social_sciences_200
W4382399588,W3109786197,1,actual_openalex_reference,test,openalex_social_sciences_200
W4382399588,W3136185737,1,actual_openalex_reference,test,openalex_social_sciences_200
W4382399588,W3187221173,1,actual_openalex_reference,test,openalex_social_sciences_200
W4382399588,W3205184432,1,actual_openalex_reference,test,openalex_social_sciences_200
W4382399588,W3206097457,1,actual_openalex_reference,test,openalex_social_sciences_200
W4382399588,W4223598801,1,actual_openalex_reference,test,openalex_social_sciences_200
W4382399588,W4245765984,1,actual_openalex_reference,test,openalex_social_sciences_200
W4390245355,W606777060,1,actual_openalex_reference,test,openalex_social_sciences_200
W4390245355,W967378438,1,actual_openalex_reference,test,openalex_social_sciences_200
W4390245355,W1985408388,1,actual_openalex_reference,test,openalex_social_sciences_200
W4390245355,W2012578088,1,actual_openalex_reference,test,openalex_social_sciences_200
W4390245355,W2046403022,1,actual_openalex_reference,test,openalex_social_sciences_200
W4390245355,W2066212431,1,actual_openalex_reference,test,openalex_social_sciences_200
W4390245355,W2084428669,1,actual_openalex_reference,test,openalex_social_sciences_200
W4390245355,W2100583282,1,actual_openalex_reference,test,openalex_social_sciences_200
W4390245355,W2104860627,1,actual_openalex_reference,test,openalex_social_sciences_200
W4390245355,W2114991554,1,actual_openalex_reference,test,openalex_social_sciences_200
W4390245355,W2116504903,1,actual_openalex_reference,test,openalex_social_sciences_200
W4390245355,W2117496810,1,actual_openalex_reference,test,openalex_social_sciences_200
W4390245355,W2119655503,1,actual_openalex_reference,test,openalex_social_sciences_200
W4390245355,W2126072960,1,actual_openalex_reference,test,openalex_social_sciences_200
W4390245355,W2128539234,1,actual_openalex_reference,test,openalex_social_sciences_200
W4390245355,W2131694234,1,actual_openalex_reference,test,openalex_social_sciences_200
W4390245355,W2133229155,1,actual_openalex_reference,test,openalex_social_sciences_200
W4390245355,W2137339415,1,actual_openalex_reference,test,openalex_social_sciences_200
W4390245355,W2166789068,1,actual_openalex_reference,test,openalex_social_sciences_200
W4390245355,W2189079163,1,actual_openalex_reference,test,openalex_social_sciences_200
W4390245355,W2320616603,1,actual_openalex_reference,test,openalex_social_sciences_200
W4390245355,W2341914845,1,actual_openalex_reference,test,openalex_social_sciences_200
W4390245355,W2482277881,1,actual_openalex_reference,test,openalex_social_sciences_200
W4390245355,W2593876014,1,actual_openalex_reference,test,openalex_social_sciences_200
W4390245355,W2616524612,1,actual_openalex_reference,test,openalex_social_sciences_200
W4390245355,W2745098867,1,actual_openalex_reference,test,openalex_social_sciences_200
W4390245355,W2793060393,1,actual_openalex_reference,test,openalex_social_sciences_200
W4390245355,W2800281900,1,actual_openalex_reference,test,openalex_social_sciences_200
W4390245355,W2803604154,1,actual_openalex_reference,test,openalex_social_sciences_200
W4390245355,W2808883329,1,actual_openalex_reference,test,openalex_social_sciences_200
W4390245355,W2887659879,1,actual_openalex_reference,test,openalex_social_sciences_200
W4390245355,W2904544584,1,actual_openalex_reference,test,openalex_social_sciences_200
W4390245355,W2931394415,1,actual_openalex_reference,test,openalex_social_sciences_200
W4390245355,W2955387969,1,actual_openalex_reference,test,openalex_social_sciences_200
W4390245355,W2971063786,1,actual_openalex_reference,test,openalex_social_sciences_200
W4390245355,W2999738182,1,actual_openalex_reference,test,openalex_social_sciences_200
W4390245355,W3093402534,1,actual_openalex_reference,test,openalex_social_sciences_200
W4390245355,W3121400300,1,actual_openalex_reference,test,openalex_social_sciences_200
W4390245355,W3122754066,1,actual_openalex_reference,test,openalex_social_sciences_200
W4390245355,W3123594453,1,actual_openalex_reference,test,openalex_social_sciences_200
W4390245355,W3123609487,1,actual_openalex_reference,test,openalex_social_sciences_200
W4390245355,W3124385041,1,actual_openalex_reference,test,openalex_social_sciences_200
W4390245355,W3174538211,1,actual_openalex_reference,test,openalex_social_sciences_200
W4390245355,W3207370993,1,actual_openalex_reference,test,openalex_social_sciences_200
W4390245355,W3209277834,1,actual_openalex_reference,test,openalex_social_sciences_200
W4390245355,W4221112543,1,actual_openalex_reference,test,openalex_social_sciences_200
W4390245355,W4229083075,1,actual_openalex_reference,test,openalex_social_sciences_200
W4390245355,W4283165965,1,actual_openalex_reference,test,openalex_social_sciences_200
W4390245355,W4296848016,1,actual_openalex_reference,test,openalex_social_sciences_200
W4390245355,W4300687686,1,actual_openalex_reference,test,openalex_social_sciences_200
W4390245355,W4317376119,1,actual_openalex_reference,test,openalex_social_sciences_200
W4390245355,W4320178943,1,actual_openalex_reference,test,openalex_social_sciences_200
W4390245355,W4390245355,1,actual_openalex_reference,test,openalex_social_sciences_200
W4390245355,W4403806214,1,actual_openalex_reference,test,openalex_social_sciences_200
W4387305344,W2021182369,1,actual_openalex_reference,test,openalex_social_sciences_200
W4387305344,W2053560766,1,actual_openalex_reference,test,openalex_social_sciences_200
W4387305344,W2054656458,1,actual_openalex_reference,test,openalex_social_sciences_200
W4387305344,W2115612291,1,actual_openalex_reference,test,openalex_social_sciences_200
W4387305344,W2979963738,1,actual_openalex_reference,test,openalex_social_sciences_200
W4387305344,W2990511282,1,actual_openalex_reference,test,openalex_social_sciences_200
W4387305344,W3009053523,1,actual_openalex_reference,test,openalex_social_sciences_200
W4387305344,W3035686316,1,actual_openalex_reference,test,openalex_social_sciences_200
W4387305344,W3111024827,1,actual_openalex_reference,test,openalex_social_sciences_200
W4387305344,W3212624061,1,actual_openalex_reference,test,openalex_social_sciences_200
W4387305344,W4285585446,1,actual_openalex_reference,test,openalex_social_sciences_200
W4387305344,W4296004703,1,actual_openalex_reference,test,openalex_social_sciences_200
W4387305344,W4308343533,1,actual_openalex_reference,test,openalex_social_sciences_200
W4387305344,W4323688046,1,actual_openalex_reference,test,openalex_social_sciences_200
W4387305344,W4360620450,1,actual_openalex_reference,test,openalex_social_sciences_200
W4387305344,W4381623133,1,actual_openalex_reference,test,openalex_social_sciences_200
W4387305344,W4385821710,1,actual_openalex_reference,test,openalex_social_sciences_200
W4387305344,W4386688134,1,actual_openalex_reference,test,openalex_social_sciences_200
W4387305344,W4386969875,1,actual_openalex_reference,test,openalex_social_sciences_200
W4387305344,W4386969876,1,actual_openalex_reference,test,openalex_social_sciences_200
W4387305344,W4386969882,1,actual_openalex_reference,test,openalex_social_sciences_200
W4387305344,W4386969884,1,actual_openalex_reference,test,openalex_social_sciences_200
W4387305344,W4386969889,1,actual_openalex_reference,test,openalex_social_sciences_200
W4388001496,W1594060855,1,actual_openalex_reference,test,openalex_social_sciences_200
W4388001496,W1988198833,1,actual_openalex_reference,test,openalex_social_sciences_200
W4388001496,W2040108544,1,actual_openalex_reference,test,openalex_social_sciences_200
W4388001496,W2113355860,1,actual_openalex_reference,test,openalex_social_sciences_200
W4388001496,W2528562591,1,actual_openalex_reference,test,openalex_social_sciences_200
W4388001496,W2899351518,1,actual_openalex_reference,test,openalex_social_sciences_200
W4388001496,W2946816985,1,actual_openalex_reference,test,openalex_social_sciences_200
W4388001496,W3092934177,1,actual_openalex_reference,test,openalex_social_sciences_200
W4388001496,W3112878848,1,actual_openalex_reference,test,openalex_social_sciences_200
W4388001496,W3128810778,1,actual_openalex_reference,test,openalex_social_sciences_200
W4388001496,W3135549087,1,actual_openalex_reference,test,openalex_social_sciences_200
W4388001496,W3159400715,1,actual_openalex_reference,test,openalex_social_sciences_200
W4388001496,W3193549051,1,actual_openalex_reference,test,openalex_social_sciences_200
W4388001496,W3204315548,1,actual_openalex_reference,test,openalex_social_sciences_200
W4388001496,W4224257787,1,actual_openalex_reference,test,openalex_social_sciences_200
W4388001496,W4280645626,1,actual_openalex_reference,test,openalex_social_sciences_200
W4388001496,W4293217494,1,actual_openalex_reference,test,openalex_social_sciences_200
W4388001496,W4306950982,1,actual_openalex_reference,test,openalex_social_sciences_200
W4404105085,W130820152,1,actual_openalex_reference,test,openalex_social_sciences_200
W4404105085,W1968437895,1,actual_openalex_reference,test,openalex_social_sciences_200
W4404105085,W1976008474,1,actual_openalex_reference,test,openalex_social_sciences_200
W4404105085,W2017599864,1,actual_openalex_reference,test,openalex_social_sciences_200
W4404105085,W2082811772,1,actual_openalex_reference,test,openalex_social_sciences_200
W4404105085,W2104806625,1,actual_openalex_reference,test,openalex_social_sciences_200
W4404105085,W2139986686,1,actual_openalex_reference,test,openalex_social_sciences_200
W4404105085,W2165154760,1,actual_openalex_reference,test,openalex_social_sciences_200
W4404105085,W2296148200,1,actual_openalex_reference,test,openalex_social_sciences_200
W4404105085,W2342513506,1,actual_openalex_reference,test,openalex_social_sciences_200
W4404105085,W2473576487,1,actual_openalex_reference,test,openalex_social_sciences_200
W4404105085,W2754250269,1,actual_openalex_reference,test,openalex_social_sciences_200
W4404105085,W2754426660,1,actual_openalex_reference,test,openalex_social_sciences_200
W4404105085,W2792969627,1,actual_openalex_reference,test,openalex_social_sciences_200
W4404105085,W2900721033,1,actual_openalex_reference,test,openalex_social_sciences_200
W4404105085,W2920884071,1,actual_openalex_reference,test,openalex_social_sciences_200
W4404105085,W3003221167,1,actual_openalex_reference,test,openalex_social_sciences_200
W4404105085,W3044373619,1,actual_openalex_reference,test,openalex_social_sciences_200
W4404105085,W3199043423,1,actual_openalex_reference,test,openalex_social_sciences_200
W4404105085,W3199194577,1,actual_openalex_reference,test,openalex_social_sciences_200
W4404105085,W4255832261,1,actual_openalex_reference,test,openalex_social_sciences_200
W4404105085,W4376475216,1,actual_openalex_reference,test,openalex_social_sciences_200
W4404105085,W4387667646,1,actual_openalex_reference,test,openalex_social_sciences_200
W4404105085,W4388908824,1,actual_openalex_reference,test,openalex_social_sciences_200
W4401557343,W2981641177,1,actual_openalex_reference,test,openalex_social_sciences_200
W4401557343,W3067085243,1,actual_openalex_reference,test,openalex_social_sciences_200
W4401557343,W3094253178,1,actual_openalex_reference,test,openalex_social_sciences_200
W4401557343,W3130023057,1,actual_openalex_reference,test,openalex_social_sciences_200
W4401557343,W3136883035,1,actual_openalex_reference,test,openalex_social_sciences_200
W4401557343,W4220959955,1,actual_openalex_reference,test,openalex_social_sciences_200
W4401557343,W4255215277,1,actual_openalex_reference,test,openalex_social_sciences_200
W4401557343,W4293765225,1,actual_openalex_reference,test,openalex_social_sciences_200
W4401557343,W4296588555,1,actual_openalex_reference,test,openalex_social_sciences_200
W4401557343,W4308894346,1,actual_openalex_reference,test,openalex_social_sciences_200
W4401557343,W4309148914,1,actual_openalex_reference,test,openalex_social_sciences_200
W4401557343,W4319346568,1,actual_openalex_reference,test,openalex_social_sciences_200
W4401557343,W4319978118,1,actual_openalex_reference,test,openalex_social_sciences_200
W4401557343,W4382698554,1,actual_openalex_reference,test,openalex_social_sciences_200
W4401557343,W4386560014,1,actual_openalex_reference,test,openalex_social_sciences_200
W4401557343,W4386945576,1,actual_openalex_reference,test,openalex_social_sciences_200
W4401557343,W4387408454,1,actual_openalex_reference,test,openalex_social_sciences_200
W4401557343,W4391522329,1,actual_openalex_reference,test,openalex_social_sciences_200
W4353045976,W1906841348,1,actual_openalex_reference,test,openalex_social_sciences_200
W4353045976,W1972950308,1,actual_openalex_reference,test,openalex_social_sciences_200
W4353045976,W1988226843,1,actual_openalex_reference,test,openalex_social_sciences_200
W4353045976,W1994582234,1,actual_openalex_reference,test,openalex_social_sciences_200
W4353045976,W2017531325,1,actual_openalex_reference,test,openalex_social_sciences_200
W4353045976,W2116171445,1,actual_openalex_reference,test,openalex_social_sciences_200
W4353045976,W2127422136,1,actual_openalex_reference,test,openalex_social_sciences_200
W4353045976,W2157082600,1,actual_openalex_reference,test,openalex_social_sciences_200
W4353045976,W2426287154,1,actual_openalex_reference,test,openalex_social_sciences_200
W4353045976,W2543643115,1,actual_openalex_reference,test,openalex_social_sciences_200
W4353045976,W2746931408,1,actual_openalex_reference,test,openalex_social_sciences_200
W4353045976,W2758957774,1,actual_openalex_reference,test,openalex_social_sciences_200
W4353045976,W2769065949,1,actual_openalex_reference,test,openalex_social_sciences_200
W4353045976,W2791639660,1,actual_openalex_reference,test,openalex_social_sciences_200
W4353045976,W2801145478,1,actual_openalex_reference,test,openalex_social_sciences_200
W4353045976,W2810505166,1,actual_openalex_reference,test,openalex_social_sciences_200
W4353045976,W2890104289,1,actual_openalex_reference,test,openalex_social_sciences_200
W4353045976,W2902150720,1,actual_openalex_reference,test,openalex_social_sciences_200
W4353045976,W2902946706,1,actual_openalex_reference,test,openalex_social_sciences_200
W4353045976,W2947338691,1,actual_openalex_reference,test,openalex_social_sciences_200
W4353045976,W2948554065,1,actual_openalex_reference,test,openalex_social_sciences_200
W4353045976,W2971080229,1,actual_openalex_reference,test,openalex_social_sciences_200
W4353045976,W2996916352,1,actual_openalex_reference,test,openalex_social_sciences_200
W4353045976,W3004014856,1,actual_openalex_reference,test,openalex_social_sciences_200
W4353045976,W3006658226,1,actual_openalex_reference,test,openalex_social_sciences_200
W4353045976,W3013901476,1,actual_openalex_reference,test,openalex_social_sciences_200
W4353045976,W3025244627,1,actual_openalex_reference,test,openalex_social_sciences_200
W4353045976,W3026510865,1,actual_openalex_reference,test,openalex_social_sciences_200
W4353045976,W3040110404,1,actual_openalex_reference,test,openalex_social_sciences_200
W4353045976,W3043214231,1,actual_openalex_reference,test,openalex_social_sciences_200
W4353045976,W3087836717,1,actual_openalex_reference,test,openalex_social_sciences_200
W4353045976,W3093279717,1,actual_openalex_reference,test,openalex_social_sciences_200
W4353045976,W3157698072,1,actual_openalex_reference,test,openalex_social_sciences_200
W4353045976,W3185522023,1,actual_openalex_reference,test,openalex_social_sciences_200
W4353045976,W3195231442,1,actual_openalex_reference,test,openalex_social_sciences_200
W4353045976,W3200231016,1,actual_openalex_reference,test,openalex_social_sciences_200
W4353045976,W3202877557,1,actual_openalex_reference,test,openalex_social_sciences_200
W4353045976,W3210917090,1,actual_openalex_reference,test,openalex_social_sciences_200
W4353045976,W4205885574,1,actual_openalex_reference,test,openalex_social_sciences_200
W4353045976,W4280604693,1,actual_openalex_reference,test,openalex_social_sciences_200
W4353045976,W4285321588,1,actual_openalex_reference,test,openalex_social_sciences_200
W4353045976,W4285329603,1,actual_openalex_reference,test,openalex_social_sciences_200
W4353045976,W4291125424,1,actual_openalex_reference,test,openalex_social_sciences_200
W4353045976,W4291582772,1,actual_openalex_reference,test,openalex_social_sciences_200
W4353045976,W4353045976,1,actual_openalex_reference,test,openalex_social_sciences_200
W4404487505,W1610530663,1,actual_openalex_reference,test,openalex_social_sciences_200
W4404487505,W1631019296,1,actual_openalex_reference,test,openalex_social_sciences_200
W4404487505,W1985749074,1,actual_openalex_reference,test,openalex_social_sciences_200
W4404487505,W1991384030,1,actual_openalex_reference,test,openalex_social_sciences_200
W4404487505,W2028200123,1,actual_openalex_reference,test,openalex_social_sciences_200
W4404487505,W2091781302,1,actual_openalex_reference,test,openalex_social_sciences_200
W4404487505,W2099556653,1,actual_openalex_reference,test,openalex_social_sciences_200
W4404487505,W2109898199,1,actual_openalex_reference,test,openalex_social_sciences_200
W4404487505,W2111982163,1,actual_openalex_reference,test,openalex_social_sciences_200
W4404487505,W2147733750,1,actual_openalex_reference,test,openalex_social_sciences_200
W4404487505,W2300872908,1,actual_openalex_reference,test,openalex_social_sciences_200
W4404487505,W2531561814,1,actual_openalex_reference,test,openalex_social_sciences_200
W4404487505,W2613611060,1,actual_openalex_reference,test,openalex_social_sciences_200
W4404487505,W2892761420,1,actual_openalex_reference,test,openalex_social_sciences_200
W4404487505,W2899535553,1,actual_openalex_reference,test,openalex_social_sciences_200
W4404487505,W2905430191,1,actual_openalex_reference,test,openalex_social_sciences_200
W4404487505,W2912991937,1,actual_openalex_reference,test,openalex_social_sciences_200
W4404487505,W2945677974,1,actual_openalex_reference,test,openalex_social_sciences_200
W4404487505,W2976836242,1,actual_openalex_reference,test,openalex_social_sciences_200
W4404487505,W2995959929,1,actual_openalex_reference,test,openalex_social_sciences_200
W4404487505,W3011991171,1,actual_openalex_reference,test,openalex_social_sciences_200
W4404487505,W3037865145,1,actual_openalex_reference,test,openalex_social_sciences_200
W4404487505,W3169827453,1,actual_openalex_reference,test,openalex_social_sciences_200
W4404487505,W4225640563,1,actual_openalex_reference,test,openalex_social_sciences_200
W4404487505,W4283366269,1,actual_openalex_reference,test,openalex_social_sciences_200
W4404487505,W4289521442,1,actual_openalex_reference,test,openalex_social_sciences_200
W4404487505,W4289786271,1,actual_openalex_reference,test,openalex_social_sciences_200
W4404487505,W4294185218,1,actual_openalex_reference,test,openalex_social_sciences_200
W4404487505,W4295271007,1,actual_openalex_reference,test,openalex_social_sciences_200
W4404487505,W4307985073,1,actual_openalex_reference,test,openalex_social_sciences_200
W4404487505,W4380685504,1,actual_openalex_reference,test,openalex_social_sciences_200
W4404487505,W4392805619,1,actual_openalex_reference,test,openalex_social_sciences_200
W4404487505,W4399683739,1,actual_openalex_reference,test,openalex_social_sciences_200
W4406716862,W1481959489,1,actual_openalex_reference,test,openalex_social_sciences_200
W4406716862,W1510450521,1,actual_openalex_reference,test,openalex_social_sciences_200
W4406716862,W1965969758,1,actual_openalex_reference,test,openalex_social_sciences_200
W4406716862,W1988196389,1,actual_openalex_reference,test,openalex_social_sciences_200
W4406716862,W1993676384,1,actual_openalex_reference,test,openalex_social_sciences_200
W4406716862,W2011439163,1,actual_openalex_reference,test,openalex_social_sciences_200
W4406716862,W2116730387,1,actual_openalex_reference,test,openalex_social_sciences_200
W4406716862,W2120875227,1,actual_openalex_reference,test,openalex_social_sciences_200
W4406716862,W2335706524,1,actual_openalex_reference,test,openalex_social_sciences_200
W4406716862,W2341115726,1,actual_openalex_reference,test,openalex_social_sciences_200
W4406716862,W2430524508,1,actual_openalex_reference,test,openalex_social_sciences_200
W4406716862,W2565640025,1,actual_openalex_reference,test,openalex_social_sciences_200
W4406716862,W2585098917,1,actual_openalex_reference,test,openalex_social_sciences_200
W4406716862,W2603496844,1,actual_openalex_reference,test,openalex_social_sciences_200
W4406716862,W2801133761,1,actual_openalex_reference,test,openalex_social_sciences_200
W4406716862,W2920893895,1,actual_openalex_reference,test,openalex_social_sciences_200
W4406716862,W2952127356,1,actual_openalex_reference,test,openalex_social_sciences_200
W4406716862,W2952677210,1,actual_openalex_reference,test,openalex_social_sciences_200
W4406716862,W2955378330,1,actual_openalex_reference,test,openalex_social_sciences_200
W4406716862,W3024794551,1,actual_openalex_reference,test,openalex_social_sciences_200
W4406716862,W3097056522,1,actual_openalex_reference,test,openalex_social_sciences_200
W4406716862,W3125012437,1,actual_openalex_reference,test,openalex_social_sciences_200
W4406716862,W3136059266,1,actual_openalex_reference,test,openalex_social_sciences_200
W4406716862,W3144549957,1,actual_openalex_reference,test,openalex_social_sciences_200
W4406716862,W3156020310,1,actual_openalex_reference,test,openalex_social_sciences_200
W4406716862,W3199469836,1,actual_openalex_reference,test,openalex_social_sciences_200
W4406716862,W4200362258,1,actual_openalex_reference,test,openalex_social_sciences_200
W4406716862,W4239766507,1,actual_openalex_reference,test,openalex_social_sciences_200
W4406716862,W4281930454,1,actual_openalex_reference,test,openalex_social_sciences_200
W4406716862,W4308568292,1,actual_openalex_reference,test,openalex_social_sciences_200
W4406716862,W4376312695,1,actual_openalex_reference,test,openalex_social_sciences_200
W4406716862,W4381930277,1,actual_openalex_reference,test,openalex_social_sciences_200
W4390945118,W3133702157,1,actual_openalex_reference,test,openalex_social_sciences_200
W4390945118,W3135235202,1,actual_openalex_reference,test,openalex_social_sciences_200
W4390945118,W3173152256,1,actual_openalex_reference,test,openalex_social_sciences_200
W4390945118,W4292666583,1,actual_openalex_reference,test,openalex_social_sciences_200
W4390945118,W4365388135,1,actual_openalex_reference,test,openalex_social_sciences_200
W4390945118,W4381885682,1,actual_openalex_reference,test,openalex_social_sciences_200
W4390945118,W4386222164,1,actual_openalex_reference,test,openalex_social_sciences_200
W4390945118,W4386510404,1,actual_openalex_reference,test,openalex_social_sciences_200
W4390945118,W4388107072,1,actual_openalex_reference,test,openalex_social_sciences_200
W4390945118,W4402737345,1,actual_openalex_reference,test,openalex_social_sciences_200
W4390945118,W4408235569,1,actual_openalex_reference,test,openalex_social_sciences_200
W4402943223,W100131543,1,actual_openalex_reference,test,openalex_social_sciences_200
W4402943223,W143821070,1,actual_openalex_reference,test,openalex_social_sciences_200
W4402943223,W1539703845,1,actual_openalex_reference,test,openalex_social_sciences_200
W4402943223,W1571082978,1,actual_openalex_reference,test,openalex_social_sciences_200
W4402943223,W1577391179,1,actual_openalex_reference,test,openalex_social_sciences_200
W4402943223,W1973753918,1,actual_openalex_reference,test,openalex_social_sciences_200
W4402943223,W1983128689,1,actual_openalex_reference,test,openalex_social_sciences_200
W4402943223,W2002022377,1,actual_openalex_reference,test,openalex_social_sciences_200
W4402943223,W2004214131,1,actual_openalex_reference,test,openalex_social_sciences_200
W4402943223,W2060266475,1,actual_openalex_reference,test,openalex_social_sciences_200
W4402943223,W2063085086,1,actual_openalex_reference,test,openalex_social_sciences_200
W4402943223,W2066715443,1,actual_openalex_reference,test,openalex_social_sciences_200
W4402943223,W2067970057,1,actual_openalex_reference,test,openalex_social_sciences_200
W4402943223,W2069756905,1,actual_openalex_reference,test,openalex_social_sciences_200
W4402943223,W2078162094,1,actual_openalex_reference,test,openalex_social_sciences_200
W4402943223,W2089600355,1,actual_openalex_reference,test,openalex_social_sciences_200
W4402943223,W2119441382,1,actual_openalex_reference,test,openalex_social_sciences_200
W4402943223,W2123962208,1,actual_openalex_reference,test,openalex_social_sciences_200
W4402943223,W2125115272,1,actual_openalex_reference,test,openalex_social_sciences_200
W4402943223,W2140197227,1,actual_openalex_reference,test,openalex_social_sciences_200
W4402943223,W2140741039,1,actual_openalex_reference,test,openalex_social_sciences_200
W4402943223,W2142103770,1,actual_openalex_reference,test,openalex_social_sciences_200
W4402943223,W2144025340,1,actual_openalex_reference,test,openalex_social_sciences_200
W4402943223,W2314667236,1,actual_openalex_reference,test,openalex_social_sciences_200
W4402943223,W2317859543,1,actual_openalex_reference,test,openalex_social_sciences_200
W4402943223,W2596986325,1,actual_openalex_reference,test,openalex_social_sciences_200
W4402943223,W2792625716,1,actual_openalex_reference,test,openalex_social_sciences_200
W4402943223,W2807758354,1,actual_openalex_reference,test,openalex_social_sciences_200
W4402943223,W2957322411,1,actual_openalex_reference,test,openalex_social_sciences_200
W4402943223,W2972582883,1,actual_openalex_reference,test,openalex_social_sciences_200
W4402943223,W3012390643,1,actual_openalex_reference,test,openalex_social_sciences_200
W4402943223,W3124105614,1,actual_openalex_reference,test,openalex_social_sciences_200
W4402943223,W3156902021,1,actual_openalex_reference,test,openalex_social_sciences_200
W4402943223,W3160708664,1,actual_openalex_reference,test,openalex_social_sciences_200
W4402943223,W4255515034,1,actual_openalex_reference,test,openalex_social_sciences_200
W4400016563,W94643284,1,actual_openalex_reference,test,openalex_social_sciences_200
W4400016563,W135250288,1,actual_openalex_reference,test,openalex_social_sciences_200
W4400016563,W1978209044,1,actual_openalex_reference,test,openalex_social_sciences_200
W4400016563,W1981133259,1,actual_openalex_reference,test,openalex_social_sciences_200
W4400016563,W1989247363,1,actual_openalex_reference,test,openalex_social_sciences_200
W4400016563,W2008067465,1,actual_openalex_reference,test,openalex_social_sciences_200
W4400016563,W2062653860,1,actual_openalex_reference,test,openalex_social_sciences_200
W4400016563,W2063007022,1,actual_openalex_reference,test,openalex_social_sciences_200
W4400016563,W2069678324,1,actual_openalex_reference,test,openalex_social_sciences_200
W4400016563,W2092506777,1,actual_openalex_reference,test,openalex_social_sciences_200
W4400016563,W2097396279,1,actual_openalex_reference,test,openalex_social_sciences_200
W4400016563,W2098003297,1,actual_openalex_reference,test,openalex_social_sciences_200
W4400016563,W2101196871,1,actual_openalex_reference,test,openalex_social_sciences_200
W4400016563,W2106173816,1,actual_openalex_reference,test,openalex_social_sciences_200
W4400016563,W2115916424,1,actual_openalex_reference,test,openalex_social_sciences_200
W4400016563,W2117152544,1,actual_openalex_reference,test,openalex_social_sciences_200
W4400016563,W2123269713,1,actual_openalex_reference,test,openalex_social_sciences_200
W4400016563,W2128623319,1,actual_openalex_reference,test,openalex_social_sciences_200
W4400016563,W2129742167,1,actual_openalex_reference,test,openalex_social_sciences_200
W4400016563,W2131856648,1,actual_openalex_reference,test,openalex_social_sciences_200
W4400016563,W2133256191,1,actual_openalex_reference,test,openalex_social_sciences_200
W4400016563,W2138867401,1,actual_openalex_reference,test,openalex_social_sciences_200
W4400016563,W2139433778,1,actual_openalex_reference,test,openalex_social_sciences_200
W4400016563,W2160272053,1,actual_openalex_reference,test,openalex_social_sciences_200
W4400016563,W2161871511,1,actual_openalex_reference,test,openalex_social_sciences_200
W4400016563,W2168289525,1,actual_openalex_reference,test,openalex_social_sciences_200
W4400016563,W2336497595,1,actual_openalex_reference,test,openalex_social_sciences_200
W4400016563,W2530099627,1,actual_openalex_reference,test,openalex_social_sciences_200
W4400016563,W2754400581,1,actual_openalex_reference,test,openalex_social_sciences_200
W4400016563,W2765886208,1,actual_openalex_reference,test,openalex_social_sciences_200
W4400016563,W2795121900,1,actual_openalex_reference,test,openalex_social_sciences_200
W4400016563,W2802338449,1,actual_openalex_reference,test,openalex_social_sciences_200
W4400016563,W2803306216,1,actual_openalex_reference,test,openalex_social_sciences_200
W4400016563,W2887028845,1,actual_openalex_reference,test,openalex_social_sciences_200
W4400016563,W2953853916,1,actual_openalex_reference,test,openalex_social_sciences_200
W4400016563,W2956100283,1,actual_openalex_reference,test,openalex_social_sciences_200
W4400016563,W2993497647,1,actual_openalex_reference,test,openalex_social_sciences_200
W4400016563,W2997352551,1,actual_openalex_reference,test,openalex_social_sciences_200
W4400016563,W3024567735,1,actual_openalex_reference,test,openalex_social_sciences_200
W4400016563,W4233280328,1,actual_openalex_reference,test,openalex_social_sciences_200
W4400016563,W4288516886,1,actual_openalex_reference,test,openalex_social_sciences_200
W4400016563,W4306663560,1,actual_openalex_reference,test,openalex_social_sciences_200
W4400016563,W4392388782,1,actual_openalex_reference,test,openalex_social_sciences_200
W4400016563,W4404533633,1,actual_openalex_reference,test,openalex_social_sciences_200
W4400016563,W4404533655,1,actual_openalex_reference,test,openalex_social_sciences_200
W4385766504,W653682990,1,actual_openalex_reference,test,openalex_social_sciences_200
W4385766504,W1534635748,1,actual_openalex_reference,test,openalex_social_sciences_200
W4385766504,W1551208568,1,actual_openalex_reference,test,openalex_social_sciences_200
W4385766504,W1813238314,1,actual_openalex_reference,test,openalex_social_sciences_200
W4385766504,W1999022538,1,actual_openalex_reference,test,openalex_social_sciences_200
W4385766504,W2050704002,1,actual_openalex_reference,test,openalex_social_sciences_200
W4385766504,W2056879345,1,actual_openalex_reference,test,openalex_social_sciences_200
W4385766504,W2068349424,1,actual_openalex_reference,test,openalex_social_sciences_200
W4385766504,W2103827820,1,actual_openalex_reference,test,openalex_social_sciences_200
W4385766504,W2116153113,1,actual_openalex_reference,test,openalex_social_sciences_200
W4385766504,W2120230369,1,actual_openalex_reference,test,openalex_social_sciences_200
W4385766504,W2122000691,1,actual_openalex_reference,test,openalex_social_sciences_200
W4385766504,W2127861122,1,actual_openalex_reference,test,openalex_social_sciences_200
W4385766504,W2139332287,1,actual_openalex_reference,test,openalex_social_sciences_200
W4385766504,W2157211983,1,actual_openalex_reference,test,openalex_social_sciences_200
W4385766504,W2157355984,1,actual_openalex_reference,test,openalex_social_sciences_200
W4385766504,W2170478687,1,actual_openalex_reference,test,openalex_social_sciences_200
W4385766504,W2191074088,1,actual_openalex_reference,test,openalex_social_sciences_200
W4385766504,W2319082423,1,actual_openalex_reference,test,openalex_social_sciences_200
W4385766504,W2323594339,1,actual_openalex_reference,test,openalex_social_sciences_200
W4385766504,W2487526850,1,actual_openalex_reference,test,openalex_social_sciences_200
W4385766504,W2744203987,1,actual_openalex_reference,test,openalex_social_sciences_200
W4385766504,W2758535167,1,actual_openalex_reference,test,openalex_social_sciences_200
W4385766504,W2898792551,1,actual_openalex_reference,test,openalex_social_sciences_200
W4385766504,W2938364349,1,actual_openalex_reference,test,openalex_social_sciences_200
W4385766504,W3039206620,1,actual_openalex_reference,test,openalex_social_sciences_200
W4385766504,W3090271376,1,actual_openalex_reference,test,openalex_social_sciences_200
W4385766504,W4238014541,1,actual_openalex_reference,test,openalex_social_sciences_200
W4385766504,W4299934123,1,actual_openalex_reference,test,openalex_social_sciences_200
W4385766504,W4388174267,1,actual_openalex_reference,test,openalex_social_sciences_200
W4385766504,W4388358549,1,actual_openalex_reference,test,openalex_social_sciences_200
W4392520043,W566586761,1,actual_openalex_reference,test,openalex_social_sciences_200
W4392520043,W2007544225,1,actual_openalex_reference,test,openalex_social_sciences_200
W4392520043,W2029038602,1,actual_openalex_reference,test,openalex_social_sciences_200
W4392520043,W2044631250,1,actual_openalex_reference,test,openalex_social_sciences_200
W4392520043,W2073338958,1,actual_openalex_reference,test,openalex_social_sciences_200
W4392520043,W2075427517,1,actual_openalex_reference,test,openalex_social_sciences_200
W4392520043,W2097916756,1,actual_openalex_reference,test,openalex_social_sciences_200
W4392520043,W2105584013,1,actual_openalex_reference,test,openalex_social_sciences_200
W4392520043,W2106622438,1,actual_openalex_reference,test,openalex_social_sciences_200
W4392520043,W2119224570,1,actual_openalex_reference,test,openalex_social_sciences_200
W4392520043,W2122216841,1,actual_openalex_reference,test,openalex_social_sciences_200
W4392520043,W2124096287,1,actual_openalex_reference,test,openalex_social_sciences_200
W4392520043,W2155246844,1,actual_openalex_reference,test,openalex_social_sciences_200
W4392520043,W2279724997,1,actual_openalex_reference,test,openalex_social_sciences_200
W4392520043,W2579940222,1,actual_openalex_reference,test,openalex_social_sciences_200
W4392520043,W2606374709,1,actual_openalex_reference,test,openalex_social_sciences_200
W4392520043,W2757022184,1,actual_openalex_reference,test,openalex_social_sciences_200
W4392520043,W3007051557,1,actual_openalex_reference,test,openalex_social_sciences_200
W4392520043,W3122292788,1,actual_openalex_reference,test,openalex_social_sciences_200
W4392520043,W3122538646,1,actual_openalex_reference,test,openalex_social_sciences_200
W4392520043,W3171472700,1,actual_openalex_reference,test,openalex_social_sciences_200
W4392520043,W3193877279,1,actual_openalex_reference,test,openalex_social_sciences_200
W4392520043,W3203750058,1,actual_openalex_reference,test,openalex_social_sciences_200
W4392520043,W4212820754,1,actual_openalex_reference,test,openalex_social_sciences_200
W4392520043,W4241246220,1,actual_openalex_reference,test,openalex_social_sciences_200
W4392520043,W4294663362,1,actual_openalex_reference,test,openalex_social_sciences_200
W4387740780,W612431983,1,actual_openalex_reference,test,openalex_social_sciences_200
W4387740780,W1502038307,1,actual_openalex_reference,test,openalex_social_sciences_200
W4387740780,W2005061283,1,actual_openalex_reference,test,openalex_social_sciences_200
W4387740780,W2010166640,1,actual_openalex_reference,test,openalex_social_sciences_200
W4387740780,W2014778241,1,actual_openalex_reference,test,openalex_social_sciences_200
W4387740780,W2033036944,1,actual_openalex_reference,test,openalex_social_sciences_200
W4387740780,W2337002970,1,actual_openalex_reference,test,openalex_social_sciences_200
W4387740780,W2565282737,1,actual_openalex_reference,test,openalex_social_sciences_200
W4387740780,W2769522086,1,actual_openalex_reference,test,openalex_social_sciences_200
W4387740780,W2947228004,1,actual_openalex_reference,test,openalex_social_sciences_200
W4387740780,W3035961329,1,actual_openalex_reference,test,openalex_social_sciences_200
W4387740780,W3038658205,1,actual_openalex_reference,test,openalex_social_sciences_200
W4387740780,W3048560297,1,actual_openalex_reference,test,openalex_social_sciences_200
W4387740780,W3081634417,1,actual_openalex_reference,test,openalex_social_sciences_200
W4387740780,W3085080260,1,actual_openalex_reference,test,openalex_social_sciences_200
W4387740780,W3092175143,1,actual_openalex_reference,test,openalex_social_sciences_200
W4387740780,W3095211348,1,actual_openalex_reference,test,openalex_social_sciences_200
W4387740780,W3096362664,1,actual_openalex_reference,test,openalex_social_sciences_200
W4387740780,W3096474898,1,actual_openalex_reference,test,openalex_social_sciences_200
W4387740780,W3109950154,1,actual_openalex_reference,test,openalex_social_sciences_200
W4387740780,W3111541156,1,actual_openalex_reference,test,openalex_social_sciences_200
W4387740780,W3114430924,1,actual_openalex_reference,test,openalex_social_sciences_200
W4387740780,W3117704941,1,actual_openalex_reference,test,openalex_social_sciences_200
W4387740780,W3135899172,1,actual_openalex_reference,test,openalex_social_sciences_200
W4387740780,W3161125498,1,actual_openalex_reference,test,openalex_social_sciences_200
W4387740780,W3181655297,1,actual_openalex_reference,test,openalex_social_sciences_200
W4387740780,W3207876817,1,actual_openalex_reference,test,openalex_social_sciences_200
W4387740780,W3209188695,1,actual_openalex_reference,test,openalex_social_sciences_200
W4387740780,W3215678813,1,actual_openalex_reference,test,openalex_social_sciences_200
W4387740780,W4214596528,1,actual_openalex_reference,test,openalex_social_sciences_200
W4387740780,W4249292692,1,actual_openalex_reference,test,openalex_social_sciences_200
W4387740780,W4317795038,1,actual_openalex_reference,test,openalex_social_sciences_200
W4387740780,W4318947351,1,actual_openalex_reference,test,openalex_social_sciences_200
W4387740780,W4322494678,1,actual_openalex_reference,test,openalex_social_sciences_200
W4387740780,W4322720389,1,actual_openalex_reference,test,openalex_social_sciences_200
W4387740780,W4366449912,1,actual_openalex_reference,test,openalex_social_sciences_200
W4387740780,W4379745387,1,actual_openalex_reference,test,openalex_social_sciences_200
W4387740780,W4382700617,1,actual_openalex_reference,test,openalex_social_sciences_200
W4387740780,W4384932354,1,actual_openalex_reference,test,openalex_social_sciences_200
W4387740780,W4389389712,1,actual_openalex_reference,test,openalex_social_sciences_200
W4321376934,W1480324970,1,actual_openalex_reference,test,openalex_social_sciences_200
W4321376934,W1503010304,1,actual_openalex_reference,test,openalex_social_sciences_200
W4321376934,W1849190772,1,actual_openalex_reference,test,openalex_social_sciences_200
W4321376934,W1934506504,1,actual_openalex_reference,test,openalex_social_sciences_200
W4321376934,W1964924375,1,actual_openalex_reference,test,openalex_social_sciences_200
W4321376934,W1988447536,1,actual_openalex_reference,test,openalex_social_sciences_200
W4321376934,W1990596918,1,actual_openalex_reference,test,openalex_social_sciences_200
W4321376934,W1990875077,1,actual_openalex_reference,test,openalex_social_sciences_200
W4321376934,W1992676849,1,actual_openalex_reference,test,openalex_social_sciences_200
W4321376934,W2003477186,1,actual_openalex_reference,test,openalex_social_sciences_200
W4321376934,W2017356504,1,actual_openalex_reference,test,openalex_social_sciences_200
W4321376934,W2028459713,1,actual_openalex_reference,test,openalex_social_sciences_200
W4321376934,W2030451985,1,actual_openalex_reference,test,openalex_social_sciences_200
W4321376934,W2047796213,1,actual_openalex_reference,test,openalex_social_sciences_200
W4321376934,W2052734753,1,actual_openalex_reference,test,openalex_social_sciences_200
W4321376934,W2059250944,1,actual_openalex_reference,test,openalex_social_sciences_200
W4321376934,W2059340733,1,actual_openalex_reference,test,openalex_social_sciences_200
W4321376934,W2075199288,1,actual_openalex_reference,test,openalex_social_sciences_200
W4321376934,W2084399600,1,actual_openalex_reference,test,openalex_social_sciences_200
W4321376934,W2123551388,1,actual_openalex_reference,test,openalex_social_sciences_200
W4321376934,W2162927253,1,actual_openalex_reference,test,openalex_social_sciences_200
W4321376934,W2261394715,1,actual_openalex_reference,test,openalex_social_sciences_200
W4321376934,W2318012210,1,actual_openalex_reference,test,openalex_social_sciences_200
W4321376934,W2517933638,1,actual_openalex_reference,test,openalex_social_sciences_200
W4321376934,W2954499496,1,actual_openalex_reference,test,openalex_social_sciences_200
W4321376934,W2954982670,1,actual_openalex_reference,test,openalex_social_sciences_200
W4321376934,W2969010012,1,actual_openalex_reference,test,openalex_social_sciences_200
W4321376934,W3122517124,1,actual_openalex_reference,test,openalex_social_sciences_200
W4321376934,W3159400715,1,actual_openalex_reference,test,openalex_social_sciences_200
W4321376934,W3200406084,1,actual_openalex_reference,test,openalex_social_sciences_200
W4321376934,W4234081717,1,actual_openalex_reference,test,openalex_social_sciences_200
W4321376934,W4256173697,1,actual_openalex_reference,test,openalex_social_sciences_200
W4392978522,W269067638,1,actual_openalex_reference,test,openalex_social_sciences_200
W4392978522,W1587671491,1,actual_openalex_reference,test,openalex_social_sciences_200
W4392978522,W1822763804,1,actual_openalex_reference,test,openalex_social_sciences_200
W4392978522,W2018742060,1,actual_openalex_reference,test,openalex_social_sciences_200
W4392978522,W2070357727,1,actual_openalex_reference,test,openalex_social_sciences_200
W4392978522,W2121764212,1,actual_openalex_reference,test,openalex_social_sciences_200
W4392978522,W2329313930,1,actual_openalex_reference,test,openalex_social_sciences_200
W4392978522,W2515848441,1,actual_openalex_reference,test,openalex_social_sciences_200
W4392978522,W2568326627,1,actual_openalex_reference,test,openalex_social_sciences_200
W4392978522,W2609521405,1,actual_openalex_reference,test,openalex_social_sciences_200
W4392978522,W3082286210,1,actual_openalex_reference,test,openalex_social_sciences_200
W4392978522,W3112778142,1,actual_openalex_reference,test,openalex_social_sciences_200
W4392978522,W3138515522,1,actual_openalex_reference,test,openalex_social_sciences_200
W4392978522,W3186380678,1,actual_openalex_reference,test,openalex_social_sciences_200
W4392978522,W4206770545,1,actual_openalex_reference,test,openalex_social_sciences_200
W4392978522,W4225260682,1,actual_openalex_reference,test,openalex_social_sciences_200
W4392978522,W4310863773,1,actual_openalex_reference,test,openalex_social_sciences_200
W4392978522,W4353092861,1,actual_openalex_reference,test,openalex_social_sciences_200
W4401812061,W1998673259,1,actual_openalex_reference,test,openalex_social_sciences_200
W4401812061,W2095615036,1,actual_openalex_reference,test,openalex_social_sciences_200
W4401812061,W2098069913,1,actual_openalex_reference,test,openalex_social_sciences_200
W4401812061,W2295679841,1,actual_openalex_reference,test,openalex_social_sciences_200
W4401812061,W2303295752,1,actual_openalex_reference,test,openalex_social_sciences_200
W4401812061,W2323865490,1,actual_openalex_reference,test,openalex_social_sciences_200
W4401812061,W2345723807,1,actual_openalex_reference,test,openalex_social_sciences_200
W4401812061,W2563869522,1,actual_openalex_reference,test,openalex_social_sciences_200
W4401812061,W2766278264,1,actual_openalex_reference,test,openalex_social_sciences_200
W4401812061,W2808432129,1,actual_openalex_reference,test,openalex_social_sciences_200
W4401812061,W2810551427,1,actual_openalex_reference,test,openalex_social_sciences_200
W4401812061,W2968003786,1,actual_openalex_reference,test,openalex_social_sciences_200
W4401812061,W2998223455,1,actual_openalex_reference,test,openalex_social_sciences_200
W4401812061,W3046410222,1,actual_openalex_reference,test,openalex_social_sciences_200
W4401812061,W3122226502,1,actual_openalex_reference,test,openalex_social_sciences_200
W4401812061,W3122243633,1,actual_openalex_reference,test,openalex_social_sciences_200
W4401812061,W3130228572,1,actual_openalex_reference,test,openalex_social_sciences_200
W4401812061,W3189518367,1,actual_openalex_reference,test,openalex_social_sciences_200
W4401812061,W3193853593,1,actual_openalex_reference,test,openalex_social_sciences_200
W4401812061,W3199948812,1,actual_openalex_reference,test,openalex_social_sciences_200
W4401812061,W3202783556,1,actual_openalex_reference,test,openalex_social_sciences_200
W4401812061,W3212956722,1,actual_openalex_reference,test,openalex_social_sciences_200
W4401812061,W3214246612,1,actual_openalex_reference,test,openalex_social_sciences_200
W4401812061,W4205688800,1,actual_openalex_reference,test,openalex_social_sciences_200
W4401812061,W4210408474,1,actual_openalex_reference,test,openalex_social_sciences_200
W4401812061,W4210680193,1,actual_openalex_reference,test,openalex_social_sciences_200
W4401812061,W4221102176,1,actual_openalex_reference,test,openalex_social_sciences_200
W4401812061,W4308257221,1,actual_openalex_reference,test,openalex_social_sciences_200
W4401812061,W4308518891,1,actual_openalex_reference,test,openalex_social_sciences_200
W4401812061,W4313404220,1,actual_openalex_reference,test,openalex_social_sciences_200
W4401812061,W4313650148,1,actual_openalex_reference,test,openalex_social_sciences_200
W4401812061,W4322496308,1,actual_openalex_reference,test,openalex_social_sciences_200
W4401812061,W4323255417,1,actual_openalex_reference,test,openalex_social_sciences_200
W4401812061,W4362523541,1,actual_openalex_reference,test,openalex_social_sciences_200
W4401812061,W4388486790,1,actual_openalex_reference,test,openalex_social_sciences_200
W4401812061,W4390049018,1,actual_openalex_reference,test,openalex_social_sciences_200
W4401812061,W4396958116,1,actual_openalex_reference,test,openalex_social_sciences_200
W4387620626,W10833075,1,actual_openalex_reference,test,openalex_social_sciences_200
W4387620626,W571686363,1,actual_openalex_reference,test,openalex_social_sciences_200
W4387620626,W1488905287,1,actual_openalex_reference,test,openalex_social_sciences_200
W4387620626,W1489658539,1,actual_openalex_reference,test,openalex_social_sciences_200
W4387620626,W1608913996,1,actual_openalex_reference,test,openalex_social_sciences_200
W4387620626,W1697634613,1,actual_openalex_reference,test,openalex_social_sciences_200
W4387620626,W1722585618,1,actual_openalex_reference,test,openalex_social_sciences_200
W4387620626,W1779171613,1,actual_openalex_reference,test,openalex_social_sciences_200
W4387620626,W1819461883,1,actual_openalex_reference,test,openalex_social_sciences_200
W4387620626,W1967555382,1,actual_openalex_reference,test,openalex_social_sciences_200
W4387620626,W1987963756,1,actual_openalex_reference,test,openalex_social_sciences_200
W4387620626,W2000769048,1,actual_openalex_reference,test,openalex_social_sciences_200
W4387620626,W2002612447,1,actual_openalex_reference,test,openalex_social_sciences_200
W4387620626,W2005368011,1,actual_openalex_reference,test,openalex_social_sciences_200
W4387620626,W2040669753,1,actual_openalex_reference,test,openalex_social_sciences_200
W4387620626,W2068167865,1,actual_openalex_reference,test,openalex_social_sciences_200
W4387620626,W2072932262,1,actual_openalex_reference,test,openalex_social_sciences_200
W4387620626,W2093493808,1,actual_openalex_reference,test,openalex_social_sciences_200
W4387620626,W2106489191,1,actual_openalex_reference,test,openalex_social_sciences_200
W4387620626,W2108604890,1,actual_openalex_reference,test,openalex_social_sciences_200
W4387620626,W2116967411,1,actual_openalex_reference,test,openalex_social_sciences_200
W4387620626,W2117766479,1,actual_openalex_reference,test,openalex_social_sciences_200
W4387620626,W2131442425,1,actual_openalex_reference,test,openalex_social_sciences_200
W4387620626,W2135995390,1,actual_openalex_reference,test,openalex_social_sciences_200
W4387620626,W2139894798,1,actual_openalex_reference,test,openalex_social_sciences_200
W4387620626,W2170580565,1,actual_openalex_reference,test,openalex_social_sciences_200
W4387620626,W2171402607,1,actual_openalex_reference,test,openalex_social_sciences_200
W4387620626,W2186047382,1,actual_openalex_reference,test,openalex_social_sciences_200
W4387620626,W2239306219,1,actual_openalex_reference,test,openalex_social_sciences_200
W4387620626,W2254975746,1,actual_openalex_reference,test,openalex_social_sciences_200
W4387620626,W2257883768,1,actual_openalex_reference,test,openalex_social_sciences_200
W4387620626,W2282023288,1,actual_openalex_reference,test,openalex_social_sciences_200
W4387620626,W2325777008,1,actual_openalex_reference,test,openalex_social_sciences_200
W4387620626,W2480207335,1,actual_openalex_reference,test,openalex_social_sciences_200
W4387620626,W2530334439,1,actual_openalex_reference,test,openalex_social_sciences_200
W4387620626,W2531657063,1,actual_openalex_reference,test,openalex_social_sciences_200
W4387620626,W2532028706,1,actual_openalex_reference,test,openalex_social_sciences_200
W4387620626,W2547756113,1,actual_openalex_reference,test,openalex_social_sciences_200
W4387620626,W2560140854,1,actual_openalex_reference,test,openalex_social_sciences_200
W4387620626,W2574458824,1,actual_openalex_reference,test,openalex_social_sciences_200
W4387620626,W2598014731,1,actual_openalex_reference,test,openalex_social_sciences_200
W4387620626,W2752625545,1,actual_openalex_reference,test,openalex_social_sciences_200
W4387620626,W2770173966,1,actual_openalex_reference,test,openalex_social_sciences_200
W4387620626,W2770208442,1,actual_openalex_reference,test,openalex_social_sciences_200
W4387620626,W2771543427,1,actual_openalex_reference,test,openalex_social_sciences_200
W4387620626,W2784565404,1,actual_openalex_reference,test,openalex_social_sciences_200
W4387620626,W2796413586,1,actual_openalex_reference,test,openalex_social_sciences_200
W4387620626,W2801630847,1,actual_openalex_reference,test,openalex_social_sciences_200
W4387620626,W2803187228,1,actual_openalex_reference,test,openalex_social_sciences_200
W4387620626,W2874963529,1,actual_openalex_reference,test,openalex_social_sciences_200
W4387620626,W2890571912,1,actual_openalex_reference,test,openalex_social_sciences_200
W4387620626,W2891432171,1,actual_openalex_reference,test,openalex_social_sciences_200
W4387620626,W2921685967,1,actual_openalex_reference,test,openalex_social_sciences_200
W4387620626,W2951263749,1,actual_openalex_reference,test,openalex_social_sciences_200
W4387620626,W2963495572,1,actual_openalex_reference,test,openalex_social_sciences_200
W4387620626,W2975959002,1,actual_openalex_reference,test,openalex_social_sciences_200
W4387620626,W2977201096,1,actual_openalex_reference,test,openalex_social_sciences_200
W4387620626,W2980647847,1,actual_openalex_reference,test,openalex_social_sciences_200
W4387620626,W2999331806,1,actual_openalex_reference,test,openalex_social_sciences_200
W4387620626,W3007853389,1,actual_openalex_reference,test,openalex_social_sciences_200
W4387620626,W3086873755,1,actual_openalex_reference,test,openalex_social_sciences_200
W4387620626,W3121559491,1,actual_openalex_reference,test,openalex_social_sciences_200
W4387620626,W4210384645,1,actual_openalex_reference,test,openalex_social_sciences_200
W4387620626,W4221065026,1,actual_openalex_reference,test,openalex_social_sciences_200
W4387620626,W4234904892,1,actual_openalex_reference,test,openalex_social_sciences_200
W4387620626,W4236729772,1,actual_openalex_reference,test,openalex_social_sciences_200
W4387620626,W4243126239,1,actual_openalex_reference,test,openalex_social_sciences_200
W4400172476,W2051741854,1,actual_openalex_reference,test,openalex_social_sciences_200
W4400172476,W2239306219,1,actual_openalex_reference,test,openalex_social_sciences_200
W4400172476,W2906448764,1,actual_openalex_reference,test,openalex_social_sciences_200
W4400172476,W2963118315,1,actual_openalex_reference,test,openalex_social_sciences_200
W4400172476,W3003363278,1,actual_openalex_reference,test,openalex_social_sciences_200
W4400172476,W3014414678,1,actual_openalex_reference,test,openalex_social_sciences_200
W4400172476,W3036063864,1,actual_openalex_reference,test,openalex_social_sciences_200
W4400172476,W3043424054,1,actual_openalex_reference,test,openalex_social_sciences_200
W4400172476,W3126029193,1,actual_openalex_reference,test,openalex_social_sciences_200
W4400172476,W3195865984,1,actual_openalex_reference,test,openalex_social_sciences_200
W4400172476,W3211729737,1,actual_openalex_reference,test,openalex_social_sciences_200
W4400172476,W4210884945,1,actual_openalex_reference,test,openalex_social_sciences_200
W4400172476,W4283575639,1,actual_openalex_reference,test,openalex_social_sciences_200
W4400172476,W4285406411,1,actual_openalex_reference,test,openalex_social_sciences_200
W4400172476,W4293794922,1,actual_openalex_reference,test,openalex_social_sciences_200
W4400172476,W4300862318,1,actual_openalex_reference,test,openalex_social_sciences_200
W4400172476,W4312046301,1,actual_openalex_reference,test,openalex_social_sciences_200
W4400172476,W4312424476,1,actual_openalex_reference,test,openalex_social_sciences_200
W4400172476,W4313032017,1,actual_openalex_reference,test,openalex_social_sciences_200
W4400172476,W4382769586,1,actual_openalex_reference,test,openalex_social_sciences_200
W4400172476,W4385242756,1,actual_openalex_reference,test,openalex_social_sciences_200
W4400172476,W4385770196,1,actual_openalex_reference,test,openalex_social_sciences_200
W4400172476,W4395099569,1,actual_openalex_reference,test,openalex_social_sciences_200
W4313815908,W48787695,1,actual_openalex_reference,test,openalex_social_sciences_200
W4313815908,W1539265701,1,actual_openalex_reference,test,openalex_social_sciences_200
W4313815908,W1593464137,1,actual_openalex_reference,test,openalex_social_sciences_200
W4313815908,W1971776482,1,actual_openalex_reference,test,openalex_social_sciences_200
W4313815908,W1990088035,1,actual_openalex_reference,test,openalex_social_sciences_200
W4313815908,W2074296462,1,actual_openalex_reference,test,openalex_social_sciences_200
W4313815908,W2328971944,1,actual_openalex_reference,test,openalex_social_sciences_200
W4313815908,W2339451952,1,actual_openalex_reference,test,openalex_social_sciences_200
W4313815908,W2516434926,1,actual_openalex_reference,test,openalex_social_sciences_200
W4313815908,W2806048769,1,actual_openalex_reference,test,openalex_social_sciences_200
W4313815908,W2961076499,1,actual_openalex_reference,test,openalex_social_sciences_200
W4313815908,W3008294196,1,actual_openalex_reference,test,openalex_social_sciences_200
W4313815908,W3044237696,1,actual_openalex_reference,test,openalex_social_sciences_200
W4313815908,W3145924535,1,actual_openalex_reference,test,openalex_social_sciences_200
W4313815908,W3177361890,1,actual_openalex_reference,test,openalex_social_sciences_200
W4313815908,W3177938779,1,actual_openalex_reference,test,openalex_social_sciences_200
W4313815908,W3198189659,1,actual_openalex_reference,test,openalex_social_sciences_200
W4313815908,W4206504416,1,actual_openalex_reference,test,openalex_social_sciences_200
W4400401609,W1881003709,1,actual_openalex_reference,test,openalex_social_sciences_200
W4400401609,W2603046199,1,actual_openalex_reference,test,openalex_social_sciences_200
W4400401609,W2805911112,1,actual_openalex_reference,test,openalex_social_sciences_200
W4400401609,W2956040193,1,actual_openalex_reference,test,openalex_social_sciences_200
W4400401609,W3121408450,1,actual_openalex_reference,test,openalex_social_sciences_200
W4400401609,W3165417503,1,actual_openalex_reference,test,openalex_social_sciences_200
W4400401609,W3171801815,1,actual_openalex_reference,test,openalex_social_sciences_200
W4400401609,W4382362038,1,actual_openalex_reference,test,openalex_social_sciences_200
W4400401609,W4385213932,1,actual_openalex_reference,test,openalex_social_sciences_200
W4400401609,W4386299614,1,actual_openalex_reference,test,openalex_social_sciences_200
W4400401609,W4398196530,1,actual_openalex_reference,test,openalex_social_sciences_200
W4386934607,W303020954,1,actual_openalex_reference,test,openalex_social_sciences_200
W4386934607,W1973193237,1,actual_openalex_reference,test,openalex_social_sciences_200
W4386934607,W1974963036,1,actual_openalex_reference,test,openalex_social_sciences_200
W4386934607,W2017319780,1,actual_openalex_reference,test,openalex_social_sciences_200
W4386934607,W2026161499,1,actual_openalex_reference,test,openalex_social_sciences_200
W4386934607,W2030452699,1,actual_openalex_reference,test,openalex_social_sciences_200
W4386934607,W2062314704,1,actual_openalex_reference,test,openalex_social_sciences_200
W4386934607,W2067404301,1,actual_openalex_reference,test,openalex_social_sciences_200
W4386934607,W2103358021,1,actual_openalex_reference,test,openalex_social_sciences_200
W4386934607,W2162491232,1,actual_openalex_reference,test,openalex_social_sciences_200
W4386934607,W2284386481,1,actual_openalex_reference,test,openalex_social_sciences_200
W4386934607,W2807747595,1,actual_openalex_reference,test,openalex_social_sciences_200
W4386934607,W2898511333,1,actual_openalex_reference,test,openalex_social_sciences_200
W4386934607,W3112190224,1,actual_openalex_reference,test,openalex_social_sciences_200
W4386934607,W4210565123,1,actual_openalex_reference,test,openalex_social_sciences_200
W4392659872,W650382577,1,actual_openalex_reference,test,openalex_social_sciences_200
W4392659872,W1492997272,1,actual_openalex_reference,test,openalex_social_sciences_200
W4392659872,W1518798261,1,actual_openalex_reference,test,openalex_social_sciences_200
W4392659872,W1553691203,1,actual_openalex_reference,test,openalex_social_sciences_200
W4392659872,W1602737529,1,actual_openalex_reference,test,openalex_social_sciences_200
W4392659872,W1751443436,1,actual_openalex_reference,test,openalex_social_sciences_200
W4392659872,W1947657562,1,actual_openalex_reference,test,openalex_social_sciences_200
W4392659872,W1952075301,1,actual_openalex_reference,test,openalex_social_sciences_200
W4392659872,W1958389849,1,actual_openalex_reference,test,openalex_social_sciences_200
W4392659872,W1982237094,1,actual_openalex_reference,test,openalex_social_sciences_200
W4392659872,W1985691992,1,actual_openalex_reference,test,openalex_social_sciences_200
W4392659872,W1988531987,1,actual_openalex_reference,test,openalex_social_sciences_200
W4392659872,W1994748981,1,actual_openalex_reference,test,openalex_social_sciences_200
W4392659872,W1994779507,1,actual_openalex_reference,test,openalex_social_sciences_200
W4392659872,W1995235399,1,actual_openalex_reference,test,openalex_social_sciences_200
W4392659872,W1999237975,1,actual_openalex_reference,test,openalex_social_sciences_200
W4392659872,W2006194684,1,actual_openalex_reference,test,openalex_social_sciences_200
W4392659872,W2019614690,1,actual_openalex_reference,test,openalex_social_sciences_200
W4392659872,W2051865636,1,actual_openalex_reference,test,openalex_social_sciences_200
W4392659872,W2058575244,1,actual_openalex_reference,test,openalex_social_sciences_200
W4392659872,W2060434792,1,actual_openalex_reference,test,openalex_social_sciences_200
W4392659872,W2064015077,1,actual_openalex_reference,test,openalex_social_sciences_200
W4392659872,W2076758805,1,actual_openalex_reference,test,openalex_social_sciences_200
W4392659872,W2081240484,1,actual_openalex_reference,test,openalex_social_sciences_200
W4392659872,W2088664501,1,actual_openalex_reference,test,openalex_social_sciences_200
W4392659872,W2106185478,1,actual_openalex_reference,test,openalex_social_sciences_200
W4392659872,W2146249972,1,actual_openalex_reference,test,openalex_social_sciences_200
W4392659872,W2156653779,1,actual_openalex_reference,test,openalex_social_sciences_200
W4392659872,W2253321818,1,actual_openalex_reference,test,openalex_social_sciences_200
W4392659872,W2316698231,1,actual_openalex_reference,test,openalex_social_sciences_200
W4392659872,W2411455935,1,actual_openalex_reference,test,openalex_social_sciences_200
W4392659872,W2469829918,1,actual_openalex_reference,test,openalex_social_sciences_200
W4392659872,W2574494324,1,actual_openalex_reference,test,openalex_social_sciences_200
W4392659872,W2601303486,1,actual_openalex_reference,test,openalex_social_sciences_200
W4392659872,W2621263278,1,actual_openalex_reference,test,openalex_social_sciences_200
W4392659872,W2741106855,1,actual_openalex_reference,test,openalex_social_sciences_200
W4392659872,W2748525289,1,actual_openalex_reference,test,openalex_social_sciences_200
W4392659872,W2755664276,1,actual_openalex_reference,test,openalex_social_sciences_200
W4392659872,W2885072353,1,actual_openalex_reference,test,openalex_social_sciences_200
W4392659872,W2974122408,1,actual_openalex_reference,test,openalex_social_sciences_200
W4392659872,W2982884652,1,actual_openalex_reference,test,openalex_social_sciences_200
W4392659872,W3002473559,1,actual_openalex_reference,test,openalex_social_sciences_200
W4392659872,W3121792406,1,actual_openalex_reference,test,openalex_social_sciences_200
W4392659872,W3127618368,1,actual_openalex_reference,test,openalex_social_sciences_200
W4392659872,W3147525076,1,actual_openalex_reference,test,openalex_social_sciences_200
W4392659872,W3169096222,1,actual_openalex_reference,test,openalex_social_sciences_200
W4392659872,W3172004264,1,actual_openalex_reference,test,openalex_social_sciences_200
W4392659872,W3199890207,1,actual_openalex_reference,test,openalex_social_sciences_200
W4392659872,W3215421804,1,actual_openalex_reference,test,openalex_social_sciences_200
W4392659872,W4231575802,1,actual_openalex_reference,test,openalex_social_sciences_200
W4392659872,W4284965728,1,actual_openalex_reference,test,openalex_social_sciences_200
W4392659872,W4312191884,1,actual_openalex_reference,test,openalex_social_sciences_200
W4392659872,W4380878052,1,actual_openalex_reference,test,openalex_social_sciences_200
W4399174516,W1513270467,1,actual_openalex_reference,test,openalex_social_sciences_200
W4399174516,W1594575729,1,actual_openalex_reference,test,openalex_social_sciences_200
W4399174516,W1767701238,1,actual_openalex_reference,test,openalex_social_sciences_200
W4399174516,W1950282921,1,actual_openalex_reference,test,openalex_social_sciences_200
W4399174516,W1967299522,1,actual_openalex_reference,test,openalex_social_sciences_200
W4399174516,W1968435421,1,actual_openalex_reference,test,openalex_social_sciences_200
W4399174516,W1988075665,1,actual_openalex_reference,test,openalex_social_sciences_200
W4399174516,W1989558992,1,actual_openalex_reference,test,openalex_social_sciences_200
W4399174516,W2003754652,1,actual_openalex_reference,test,openalex_social_sciences_200
W4399174516,W2016679285,1,actual_openalex_reference,test,openalex_social_sciences_200
W4399174516,W2016870481,1,actual_openalex_reference,test,openalex_social_sciences_200
W4399174516,W2018329895,1,actual_openalex_reference,test,openalex_social_sciences_200
W4399174516,W2029049780,1,actual_openalex_reference,test,openalex_social_sciences_200
W4399174516,W2031290343,1,actual_openalex_reference,test,openalex_social_sciences_200
W4399174516,W2037923840,1,actual_openalex_reference,test,openalex_social_sciences_200
W4399174516,W2040224549,1,actual_openalex_reference,test,openalex_social_sciences_200
W4399174516,W2044124239,1,actual_openalex_reference,test,openalex_social_sciences_200
W4399174516,W2045945708,1,actual_openalex_reference,test,openalex_social_sciences_200
W4399174516,W2047154049,1,actual_openalex_reference,test,openalex_social_sciences_200
W4399174516,W2058743295,1,actual_openalex_reference,test,openalex_social_sciences_200
W4399174516,W2075472970,1,actual_openalex_reference,test,openalex_social_sciences_200
W4399174516,W2078099808,1,actual_openalex_reference,test,openalex_social_sciences_200
W4399174516,W2080883821,1,actual_openalex_reference,test,openalex_social_sciences_200
W4399174516,W2082732281,1,actual_openalex_reference,test,openalex_social_sciences_200
W4399174516,W2082932763,1,actual_openalex_reference,test,openalex_social_sciences_200
W4399174516,W2085094963,1,actual_openalex_reference,test,openalex_social_sciences_200
W4399174516,W2092534139,1,actual_openalex_reference,test,openalex_social_sciences_200
W4399174516,W2094012766,1,actual_openalex_reference,test,openalex_social_sciences_200
W4399174516,W2094583646,1,actual_openalex_reference,test,openalex_social_sciences_200
W4399174516,W2096741943,1,actual_openalex_reference,test,openalex_social_sciences_200
W4399174516,W2096821089,1,actual_openalex_reference,test,openalex_social_sciences_200
W4399174516,W2104093893,1,actual_openalex_reference,test,openalex_social_sciences_200
W4399174516,W2106640230,1,actual_openalex_reference,test,openalex_social_sciences_200
W4399174516,W2111689645,1,actual_openalex_reference,test,openalex_social_sciences_200
W4399174516,W2113712772,1,actual_openalex_reference,test,openalex_social_sciences_200
W4399174516,W2114597760,1,actual_openalex_reference,test,openalex_social_sciences_200
W4399174516,W2122066775,1,actual_openalex_reference,test,openalex_social_sciences_200
W4399174516,W2124222455,1,actual_openalex_reference,test,openalex_social_sciences_200
W4399174516,W2125706362,1,actual_openalex_reference,test,openalex_social_sciences_200
W4399174516,W2130989243,1,actual_openalex_reference,test,openalex_social_sciences_200
W4399174516,W2132340226,1,actual_openalex_reference,test,openalex_social_sciences_200
W4399174516,W2132941288,1,actual_openalex_reference,test,openalex_social_sciences_200
W4399174516,W2133421535,1,actual_openalex_reference,test,openalex_social_sciences_200
W4399174516,W2134181926,1,actual_openalex_reference,test,openalex_social_sciences_200
W4399174516,W2134744704,1,actual_openalex_reference,test,openalex_social_sciences_200
W4399174516,W2139340376,1,actual_openalex_reference,test,openalex_social_sciences_200
W4399174516,W2151546712,1,actual_openalex_reference,test,openalex_social_sciences_200
W4399174516,W2152602614,1,actual_openalex_reference,test,openalex_social_sciences_200
W4399174516,W2153228152,1,actual_openalex_reference,test,openalex_social_sciences_200
W4399174516,W2153582446,1,actual_openalex_reference,test,openalex_social_sciences_200
W4399174516,W2161240566,1,actual_openalex_reference,test,openalex_social_sciences_200
W4399174516,W2166596324,1,actual_openalex_reference,test,openalex_social_sciences_200
W4399174516,W2171357886,1,actual_openalex_reference,test,openalex_social_sciences_200
W4399174516,W2194604697,1,actual_openalex_reference,test,openalex_social_sciences_200
W4399174516,W2297674293,1,actual_openalex_reference,test,openalex_social_sciences_200
W4399174516,W2300556435,1,actual_openalex_reference,test,openalex_social_sciences_200
W4399174516,W2311310619,1,actual_openalex_reference,test,openalex_social_sciences_200
W4399174516,W2315115729,1,actual_openalex_reference,test,openalex_social_sciences_200
W4399174516,W2500768806,1,actual_openalex_reference,test,openalex_social_sciences_200
W4399174516,W2526051652,1,actual_openalex_reference,test,openalex_social_sciences_200
W4399174516,W2564595595,1,actual_openalex_reference,test,openalex_social_sciences_200
W4399174516,W2600680314,1,actual_openalex_reference,test,openalex_social_sciences_200
W4399174516,W2619467844,1,actual_openalex_reference,test,openalex_social_sciences_200
W4399174516,W2883577805,1,actual_openalex_reference,test,openalex_social_sciences_200
W4399174516,W2892259768,1,actual_openalex_reference,test,openalex_social_sciences_200
W4399174516,W2894175756,1,actual_openalex_reference,test,openalex_social_sciences_200
W4399174516,W2898621662,1,actual_openalex_reference,test,openalex_social_sciences_200
W4399174516,W2921851153,1,actual_openalex_reference,test,openalex_social_sciences_200
W4399174516,W2938795263,1,actual_openalex_reference,test,openalex_social_sciences_200
W4399174516,W2953189519,1,actual_openalex_reference,test,openalex_social_sciences_200
W4399174516,W2982574860,1,actual_openalex_reference,test,openalex_social_sciences_200
W4399174516,W3003628669,1,actual_openalex_reference,test,openalex_social_sciences_200
W4399174516,W3033424406,1,actual_openalex_reference,test,openalex_social_sciences_200
W4399174516,W3094864824,1,actual_openalex_reference,test,openalex_social_sciences_200
W4399174516,W3184360937,1,actual_openalex_reference,test,openalex_social_sciences_200
W4399174516,W3213639131,1,actual_openalex_reference,test,openalex_social_sciences_200
W4399174516,W4304163348,1,actual_openalex_reference,test,openalex_social_sciences_200
W4399174516,W4307091545,1,actual_openalex_reference,test,openalex_social_sciences_200
W4399174516,W4376602305,1,actual_openalex_reference,test,openalex_social_sciences_200
W4399174516,W4380630100,1,actual_openalex_reference,test,openalex_social_sciences_200
W4399174516,W4380869867,1,actual_openalex_reference,test,openalex_social_sciences_200
W4399174516,W4390590090,1,actual_openalex_reference,test,openalex_social_sciences_200
W4399174516,W4393398475,1,actual_openalex_reference,test,openalex_social_sciences_200
W4399174516,W4394915836,1,actual_openalex_reference,test,openalex_social_sciences_200
W4399174516,W4399175076,1,actual_openalex_reference,test,openalex_social_sciences_200
W4399174516,W4403089948,1,actual_openalex_reference,test,openalex_social_sciences_200
W4411162617,W589236203,1,actual_openalex_reference,test,openalex_social_sciences_200
W4411162617,W2060198128,1,actual_openalex_reference,test,openalex_social_sciences_200
W4411162617,W2129054892,1,actual_openalex_reference,test,openalex_social_sciences_200
W4411162617,W2166951414,1,actual_openalex_reference,test,openalex_social_sciences_200
W4411162617,W2337244715,1,actual_openalex_reference,test,openalex_social_sciences_200
W4411162617,W2582656869,1,actual_openalex_reference,test,openalex_social_sciences_200
W4411162617,W2913659247,1,actual_openalex_reference,test,openalex_social_sciences_200
W4411162617,W2914275771,1,actual_openalex_reference,test,openalex_social_sciences_200
W4411162617,W2922151057,1,actual_openalex_reference,test,openalex_social_sciences_200
W4411162617,W3112387791,1,actual_openalex_reference,test,openalex_social_sciences_200
W4411162617,W3155261424,1,actual_openalex_reference,test,openalex_social_sciences_200
W4411162617,W3176130041,1,actual_openalex_reference,test,openalex_social_sciences_200
W4411162617,W3206064783,1,actual_openalex_reference,test,openalex_social_sciences_200
W4411162617,W3217579302,1,actual_openalex_reference,test,openalex_social_sciences_200
W4411162617,W4214826482,1,actual_openalex_reference,test,openalex_social_sciences_200
W4411162617,W4214862237,1,actual_openalex_reference,test,openalex_social_sciences_200
W4411162617,W4229039425,1,actual_openalex_reference,test,openalex_social_sciences_200
W4411162617,W4242325658,1,actual_openalex_reference,test,openalex_social_sciences_200
W4411162617,W4281731082,1,actual_openalex_reference,test,openalex_social_sciences_200
W4411162617,W4362589162,1,actual_openalex_reference,test,openalex_social_sciences_200
W4411162617,W4375865581,1,actual_openalex_reference,test,openalex_social_sciences_200
W4411162617,W4392630953,1,actual_openalex_reference,test,openalex_social_sciences_200
W4411162617,W4400046733,1,actual_openalex_reference,test,openalex_social_sciences_200
W4411162617,W4403035671,1,actual_openalex_reference,test,openalex_social_sciences_200
W4411162617,W4410642604,1,actual_openalex_reference,test,openalex_social_sciences_200
W4404073292,W2084518431,1,actual_openalex_reference,test,openalex_social_sciences_200
W4404073292,W2494666885,1,actual_openalex_reference,test,openalex_social_sciences_200
W4404073292,W3013636271,1,actual_openalex_reference,test,openalex_social_sciences_200
W4404073292,W3107807236,1,actual_openalex_reference,test,openalex_social_sciences_200
W4404073292,W3113206313,1,actual_openalex_reference,test,openalex_social_sciences_200
W4404073292,W3117940986,1,actual_openalex_reference,test,openalex_social_sciences_200
W4404073292,W3131369441,1,actual_openalex_reference,test,openalex_social_sciences_200
W4404073292,W3132619092,1,actual_openalex_reference,test,openalex_social_sciences_200
W4404073292,W3132977591,1,actual_openalex_reference,test,openalex_social_sciences_200
W4404073292,W3134914607,1,actual_openalex_reference,test,openalex_social_sciences_200
W4404073292,W3135142266,1,actual_openalex_reference,test,openalex_social_sciences_200
W4404073292,W3159357768,1,actual_openalex_reference,test,openalex_social_sciences_200
W4404073292,W3182978015,1,actual_openalex_reference,test,openalex_social_sciences_200
W4404073292,W3197228561,1,actual_openalex_reference,test,openalex_social_sciences_200
W4404073292,W3200710581,1,actual_openalex_reference,test,openalex_social_sciences_200
W4404073292,W3202675173,1,actual_openalex_reference,test,openalex_social_sciences_200
W4404073292,W3215639947,1,actual_openalex_reference,test,openalex_social_sciences_200
W4404073292,W4200067998,1,actual_openalex_reference,test,openalex_social_sciences_200
W4404073292,W4200392111,1,actual_openalex_reference,test,openalex_social_sciences_200
W4404073292,W4293438316,1,actual_openalex_reference,test,openalex_social_sciences_200
W4323667158,W296931085,1,actual_openalex_reference,test,openalex_social_sciences_200
W4323667158,W812475055,1,actual_openalex_reference,test,openalex_social_sciences_200
W4323667158,W1487692684,1,actual_openalex_reference,test,openalex_social_sciences_200
W4323667158,W1509383136,1,actual_openalex_reference,test,openalex_social_sciences_200
W4323667158,W1535643370,1,actual_openalex_reference,test,openalex_social_sciences_200
W4323667158,W1571595637,1,actual_openalex_reference,test,openalex_social_sciences_200
W4323667158,W1770116696,1,actual_openalex_reference,test,openalex_social_sciences_200
W4323667158,W1926768241,1,actual_openalex_reference,test,openalex_social_sciences_200
W4323667158,W1975758612,1,actual_openalex_reference,test,openalex_social_sciences_200
W4323667158,W1988463280,1,actual_openalex_reference,test,openalex_social_sciences_200
W4323667158,W1995964689,1,actual_openalex_reference,test,openalex_social_sciences_200
W4323667158,W2007352806,1,actual_openalex_reference,test,openalex_social_sciences_200
W4323667158,W2030497739,1,actual_openalex_reference,test,openalex_social_sciences_200
W4323667158,W2046861294,1,actual_openalex_reference,test,openalex_social_sciences_200
W4323667158,W2066511003,1,actual_openalex_reference,test,openalex_social_sciences_200
W4323667158,W2085364049,1,actual_openalex_reference,test,openalex_social_sciences_200
W4323667158,W2101177046,1,actual_openalex_reference,test,openalex_social_sciences_200
W4323667158,W2107559193,1,actual_openalex_reference,test,openalex_social_sciences_200
W4323667158,W2112044344,1,actual_openalex_reference,test,openalex_social_sciences_200
W4323667158,W2113819581,1,actual_openalex_reference,test,openalex_social_sciences_200
W4323667158,W2124345690,1,actual_openalex_reference,test,openalex_social_sciences_200
W4323667158,W2125353502,1,actual_openalex_reference,test,openalex_social_sciences_200
W4323667158,W2133370765,1,actual_openalex_reference,test,openalex_social_sciences_200
W4323667158,W2143095085,1,actual_openalex_reference,test,openalex_social_sciences_200
W4323667158,W2159262664,1,actual_openalex_reference,test,openalex_social_sciences_200
W4323667158,W2160009468,1,actual_openalex_reference,test,openalex_social_sciences_200
W4323667158,W2160446276,1,actual_openalex_reference,test,openalex_social_sciences_200
W4323667158,W2325748717,1,actual_openalex_reference,test,openalex_social_sciences_200
W4323667158,W2329040685,1,actual_openalex_reference,test,openalex_social_sciences_200
W4323667158,W2561916111,1,actual_openalex_reference,test,openalex_social_sciences_200
W4323667158,W2565751617,1,actual_openalex_reference,test,openalex_social_sciences_200
W4323667158,W2783171966,1,actual_openalex_reference,test,openalex_social_sciences_200
W4323667158,W2792120266,1,actual_openalex_reference,test,openalex_social_sciences_200
W4323667158,W2792541094,1,actual_openalex_reference,test,openalex_social_sciences_200
W4323667158,W2801873570,1,actual_openalex_reference,test,openalex_social_sciences_200
W4323667158,W2802197240,1,actual_openalex_reference,test,openalex_social_sciences_200
W4323667158,W2942288192,1,actual_openalex_reference,test,openalex_social_sciences_200
W4323667158,W2975024319,1,actual_openalex_reference,test,openalex_social_sciences_200
W4323667158,W3036820772,1,actual_openalex_reference,test,openalex_social_sciences_200
W4323667158,W3044303077,1,actual_openalex_reference,test,openalex_social_sciences_200
W4323667158,W3091137426,1,actual_openalex_reference,test,openalex_social_sciences_200
W4323667158,W3121145802,1,actual_openalex_reference,test,openalex_social_sciences_200
W4323667158,W3122296963,1,actual_openalex_reference,test,openalex_social_sciences_200
W4323667158,W3125873929,1,actual_openalex_reference,test,openalex_social_sciences_200
W4323667158,W3136411986,1,actual_openalex_reference,test,openalex_social_sciences_200
W4323667158,W3182109779,1,actual_openalex_reference,test,openalex_social_sciences_200
W4323667158,W3186235841,1,actual_openalex_reference,test,openalex_social_sciences_200
W4323667158,W4206028105,1,actual_openalex_reference,test,openalex_social_sciences_200
W4323667158,W4211224843,1,actual_openalex_reference,test,openalex_social_sciences_200
W4323667158,W4230179033,1,actual_openalex_reference,test,openalex_social_sciences_200
W4323667158,W4243189148,1,actual_openalex_reference,test,openalex_social_sciences_200
W4323667158,W4248075631,1,actual_openalex_reference,test,openalex_social_sciences_200
W4323667158,W4253891728,1,actual_openalex_reference,test,openalex_social_sciences_200
W4323667158,W4299816440,1,actual_openalex_reference,test,openalex_social_sciences_200
W4323667158,W4300022765,1,actual_openalex_reference,test,openalex_social_sciences_200
W4323667158,W4302416674,1,actual_openalex_reference,test,openalex_social_sciences_200
W4323667158,W4398538667,1,actual_openalex_reference,test,openalex_social_sciences_200
W4323667158,W4398807653,1,actual_openalex_reference,test,openalex_social_sciences_200
W4399140716,W340797816,1,actual_openalex_reference,test,openalex_social_sciences_200
W4399140716,W1585438009,1,actual_openalex_reference,test,openalex_social_sciences_200
W4399140716,W2115939817,1,actual_openalex_reference,test,openalex_social_sciences_200
W4399140716,W2146959056,1,actual_openalex_reference,test,openalex_social_sciences_200
W4399140716,W2288764743,1,actual_openalex_reference,test,openalex_social_sciences_200
W4399140716,W2748264021,1,actual_openalex_reference,test,openalex_social_sciences_200
W4399140716,W2901384824,1,actual_openalex_reference,test,openalex_social_sciences_200
W4399140716,W2940938589,1,actual_openalex_reference,test,openalex_social_sciences_200
W4399140716,W2995237091,1,actual_openalex_reference,test,openalex_social_sciences_200
W4399140716,W3106786405,1,actual_openalex_reference,test,openalex_social_sciences_200
W4399140716,W3122770246,1,actual_openalex_reference,test,openalex_social_sciences_200
W4399140716,W4313464075,1,actual_openalex_reference,test,openalex_social_sciences_200
W4377102656,W2063727454,1,actual_openalex_reference,test,openalex_social_sciences_200
W4377102656,W2204635253,1,actual_openalex_reference,test,openalex_social_sciences_200
W4377102656,W2397233745,1,actual_openalex_reference,test,openalex_social_sciences_200
W4377102656,W2558183446,1,actual_openalex_reference,test,openalex_social_sciences_200
W4377102656,W2574555249,1,actual_openalex_reference,test,openalex_social_sciences_200
W4377102656,W2898931667,1,actual_openalex_reference,test,openalex_social_sciences_200
W4377102656,W2900328810,1,actual_openalex_reference,test,openalex_social_sciences_200
W4377102656,W2903782381,1,actual_openalex_reference,test,openalex_social_sciences_200
W4377102656,W2910933746,1,actual_openalex_reference,test,openalex_social_sciences_200
W4377102656,W2964523010,1,actual_openalex_reference,test,openalex_social_sciences_200
W4377102656,W2973790511,1,actual_openalex_reference,test,openalex_social_sciences_200
W4377102656,W2989707794,1,actual_openalex_reference,test,openalex_social_sciences_200
W4377102656,W3041631794,1,actual_openalex_reference,test,openalex_social_sciences_200
W4377102656,W3109465695,1,actual_openalex_reference,test,openalex_social_sciences_200
W4377102656,W3128450518,1,actual_openalex_reference,test,openalex_social_sciences_200
W4377102656,W3171904722,1,actual_openalex_reference,test,openalex_social_sciences_200
W4377102656,W3172157063,1,actual_openalex_reference,test,openalex_social_sciences_200
W4377102656,W3211908181,1,actual_openalex_reference,test,openalex_social_sciences_200
W4377102656,W4200298166,1,actual_openalex_reference,test,openalex_social_sciences_200
W4377102656,W4205976824,1,actual_openalex_reference,test,openalex_social_sciences_200
W4377102656,W4223548441,1,actual_openalex_reference,test,openalex_social_sciences_200
W4377102656,W4248813065,1,actual_openalex_reference,test,openalex_social_sciences_200
W4377102656,W4290960486,1,actual_openalex_reference,test,openalex_social_sciences_200
W4377102656,W4294714162,1,actual_openalex_reference,test,openalex_social_sciences_200
W4377102656,W4313641736,1,actual_openalex_reference,test,openalex_social_sciences_200
W4377102656,W4320916972,1,actual_openalex_reference,test,openalex_social_sciences_200
W4411599312,W641010408,1,actual_openalex_reference,test,openalex_social_sciences_200
W4411599312,W1158610409,1,actual_openalex_reference,test,openalex_social_sciences_200
W4411599312,W1684809301,1,actual_openalex_reference,test,openalex_social_sciences_200
W4411599312,W1847139348,1,actual_openalex_reference,test,openalex_social_sciences_200
W4411599312,W1994051368,1,actual_openalex_reference,test,openalex_social_sciences_200
W4411599312,W2045674914,1,actual_openalex_reference,test,openalex_social_sciences_200
W4411599312,W2052488647,1,actual_openalex_reference,test,openalex_social_sciences_200
W4411599312,W2076898187,1,actual_openalex_reference,test,openalex_social_sciences_200
W4411599312,W2106478370,1,actual_openalex_reference,test,openalex_social_sciences_200
W4411599312,W2127148641,1,actual_openalex_reference,test,openalex_social_sciences_200
W4411599312,W2140266533,1,actual_openalex_reference,test,openalex_social_sciences_200
W4411599312,W2326224718,1,actual_openalex_reference,test,openalex_social_sciences_200
W4411599312,W2410074312,1,actual_openalex_reference,test,openalex_social_sciences_200
W4411599312,W2493853516,1,actual_openalex_reference,test,openalex_social_sciences_200
W4411599312,W2499471909,1,actual_openalex_reference,test,openalex_social_sciences_200
W4411599312,W2759721168,1,actual_openalex_reference,test,openalex_social_sciences_200
W4411599312,W2911717416,1,actual_openalex_reference,test,openalex_social_sciences_200
W4411599312,W2950840161,1,actual_openalex_reference,test,openalex_social_sciences_200
W4411599312,W2962566413,1,actual_openalex_reference,test,openalex_social_sciences_200
W4411599312,W3014229432,1,actual_openalex_reference,test,openalex_social_sciences_200
W4411599312,W3092644068,1,actual_openalex_reference,test,openalex_social_sciences_200
W4411599312,W3119195265,1,actual_openalex_reference,test,openalex_social_sciences_200
W4411599312,W3133848105,1,actual_openalex_reference,test,openalex_social_sciences_200
W4411599312,W3186938134,1,actual_openalex_reference,test,openalex_social_sciences_200
W4411599312,W4225944184,1,actual_openalex_reference,test,openalex_social_sciences_200
W4411599312,W4281738502,1,actual_openalex_reference,test,openalex_social_sciences_200
W4411599312,W4281765034,1,actual_openalex_reference,test,openalex_social_sciences_200
W4411599312,W4295367054,1,actual_openalex_reference,test,openalex_social_sciences_200
W4411599312,W4307386468,1,actual_openalex_reference,test,openalex_social_sciences_200
W4411599312,W4381547091,1,actual_openalex_reference,test,openalex_social_sciences_200
W4411599312,W4385303079,1,actual_openalex_reference,test,openalex_social_sciences_200
W4411599312,W4386029020,1,actual_openalex_reference,test,openalex_social_sciences_200
W4411599312,W4386365948,1,actual_openalex_reference,test,openalex_social_sciences_200
W4411599312,W4386510071,1,actual_openalex_reference,test,openalex_social_sciences_200
W4411599312,W4387406227,1,actual_openalex_reference,test,openalex_social_sciences_200
W4411599312,W4388103056,1,actual_openalex_reference,test,openalex_social_sciences_200
W4411599312,W4388174267,1,actual_openalex_reference,test,openalex_social_sciences_200
W4411599312,W4389437528,1,actual_openalex_reference,test,openalex_social_sciences_200
W4411599312,W4389490285,1,actual_openalex_reference,test,openalex_social_sciences_200
W4411599312,W4389783045,1,actual_openalex_reference,test,openalex_social_sciences_200
W4411599312,W4390630493,1,actual_openalex_reference,test,openalex_social_sciences_200
W4411599312,W4391962920,1,actual_openalex_reference,test,openalex_social_sciences_200
W4411599312,W4392445412,1,actual_openalex_reference,test,openalex_social_sciences_200
W4411599312,W4392558206,1,actual_openalex_reference,test,openalex_social_sciences_200
W4411599312,W4392694723,1,actual_openalex_reference,test,openalex_social_sciences_200
W4411599312,W4392880419,1,actual_openalex_reference,test,openalex_social_sciences_200
W4411599312,W4394964316,1,actual_openalex_reference,test,openalex_social_sciences_200
W4411599312,W4396722571,1,actual_openalex_reference,test,openalex_social_sciences_200
W4411599312,W4399408840,1,actual_openalex_reference,test,openalex_social_sciences_200
W4411599312,W4399488515,1,actual_openalex_reference,test,openalex_social_sciences_200
W4411599312,W4399872996,1,actual_openalex_reference,test,openalex_social_sciences_200
W4411599312,W4400832547,1,actual_openalex_reference,test,openalex_social_sciences_200
W4411599312,W4400981465,1,actual_openalex_reference,test,openalex_social_sciences_200
W4411599312,W4401281676,1,actual_openalex_reference,test,openalex_social_sciences_200
W4411599312,W4403586302,1,actual_openalex_reference,test,openalex_social_sciences_200
W4389255710,W9715319,1,actual_openalex_reference,test,openalex_social_sciences_200
W4389255710,W86571761,1,actual_openalex_reference,test,openalex_social_sciences_200
W4389255710,W129782044,1,actual_openalex_reference,test,openalex_social_sciences_200
W4389255710,W1587653675,1,actual_openalex_reference,test,openalex_social_sciences_200
W4389255710,W1963615444,1,actual_openalex_reference,test,openalex_social_sciences_200
W4389255710,W1969761561,1,actual_openalex_reference,test,openalex_social_sciences_200
W4389255710,W1971884640,1,actual_openalex_reference,test,openalex_social_sciences_200
W4389255710,W1972324032,1,actual_openalex_reference,test,openalex_social_sciences_200
W4389255710,W1982292616,1,actual_openalex_reference,test,openalex_social_sciences_200
W4389255710,W1986472605,1,actual_openalex_reference,test,openalex_social_sciences_200
W4389255710,W1987468683,1,actual_openalex_reference,test,openalex_social_sciences_200
W4389255710,W1989822057,1,actual_openalex_reference,test,openalex_social_sciences_200
W4389255710,W1998317579,1,actual_openalex_reference,test,openalex_social_sciences_200
W4389255710,W2008519080,1,actual_openalex_reference,test,openalex_social_sciences_200
W4389255710,W2008531406,1,actual_openalex_reference,test,openalex_social_sciences_200
W4389255710,W2012299124,1,actual_openalex_reference,test,openalex_social_sciences_200
W4389255710,W2014459884,1,actual_openalex_reference,test,openalex_social_sciences_200
W4389255710,W2018451091,1,actual_openalex_reference,test,openalex_social_sciences_200
W4389255710,W2019734760,1,actual_openalex_reference,test,openalex_social_sciences_200
W4389255710,W2025553456,1,actual_openalex_reference,test,openalex_social_sciences_200
W4389255710,W2025896074,1,actual_openalex_reference,test,openalex_social_sciences_200
W4389255710,W2027532887,1,actual_openalex_reference,test,openalex_social_sciences_200
W4389255710,W2036411609,1,actual_openalex_reference,test,openalex_social_sciences_200
W4389255710,W2039177262,1,actual_openalex_reference,test,openalex_social_sciences_200
W4389255710,W2040113013,1,actual_openalex_reference,test,openalex_social_sciences_200
W4389255710,W2049120624,1,actual_openalex_reference,test,openalex_social_sciences_200
W4389255710,W2051148072,1,actual_openalex_reference,test,openalex_social_sciences_200
W4389255710,W2058837212,1,actual_openalex_reference,test,openalex_social_sciences_200
W4389255710,W2075642635,1,actual_openalex_reference,test,openalex_social_sciences_200
W4389255710,W2084335597,1,actual_openalex_reference,test,openalex_social_sciences_200
W4389255710,W2098243069,1,actual_openalex_reference,test,openalex_social_sciences_200
W4389255710,W2105359580,1,actual_openalex_reference,test,openalex_social_sciences_200
W4389255710,W2109421605,1,actual_openalex_reference,test,openalex_social_sciences_200
W4389255710,W2110078189,1,actual_openalex_reference,test,openalex_social_sciences_200
W4389255710,W2110319025,1,actual_openalex_reference,test,openalex_social_sciences_200
W4389255710,W2115104049,1,actual_openalex_reference,test,openalex_social_sciences_200
W4389255710,W2117495709,1,actual_openalex_reference,test,openalex_social_sciences_200
W4389255710,W2121005710,1,actual_openalex_reference,test,openalex_social_sciences_200
W4389255710,W2123534889,1,actual_openalex_reference,test,openalex_social_sciences_200
W4389255710,W2124430345,1,actual_openalex_reference,test,openalex_social_sciences_200
W4389255710,W2130140239,1,actual_openalex_reference,test,openalex_social_sciences_200
W4389255710,W2130995195,1,actual_openalex_reference,test,openalex_social_sciences_200
W4389255710,W2131305193,1,actual_openalex_reference,test,openalex_social_sciences_200
W4389255710,W2135476713,1,actual_openalex_reference,test,openalex_social_sciences_200
W4389255710,W2136407476,1,actual_openalex_reference,test,openalex_social_sciences_200
W4389255710,W2145503580,1,actual_openalex_reference,test,openalex_social_sciences_200
W4389255710,W2147329770,1,actual_openalex_reference,test,openalex_social_sciences_200
W4389255710,W2148215741,1,actual_openalex_reference,test,openalex_social_sciences_200
W4389255710,W2150407421,1,actual_openalex_reference,test,openalex_social_sciences_200
W4389255710,W2155479778,1,actual_openalex_reference,test,openalex_social_sciences_200
W4389255710,W2156435530,1,actual_openalex_reference,test,openalex_social_sciences_200
W4389255710,W2164206328,1,actual_openalex_reference,test,openalex_social_sciences_200
W4389255710,W2166012410,1,actual_openalex_reference,test,openalex_social_sciences_200
W4389255710,W2166140580,1,actual_openalex_reference,test,openalex_social_sciences_200
W4389255710,W2255428179,1,actual_openalex_reference,test,openalex_social_sciences_200
W4389255710,W2296060994,1,actual_openalex_reference,test,openalex_social_sciences_200
W4389255710,W2442790049,1,actual_openalex_reference,test,openalex_social_sciences_200
W4389255710,W2444164785,1,actual_openalex_reference,test,openalex_social_sciences_200
W4389255710,W2608639226,1,actual_openalex_reference,test,openalex_social_sciences_200
W4389255710,W2793213130,1,actual_openalex_reference,test,openalex_social_sciences_200
W4389255710,W2883296141,1,actual_openalex_reference,test,openalex_social_sciences_200
W4389255710,W2884319421,1,actual_openalex_reference,test,openalex_social_sciences_200
W4389255710,W2887699037,1,actual_openalex_reference,test,openalex_social_sciences_200
W4389255710,W2914525562,1,actual_openalex_reference,test,openalex_social_sciences_200
W4389255710,W2934840944,1,actual_openalex_reference,test,openalex_social_sciences_200
W4389255710,W2944699601,1,actual_openalex_reference,test,openalex_social_sciences_200
W4389255710,W2954675146,1,actual_openalex_reference,test,openalex_social_sciences_200
W4389255710,W2969347365,1,actual_openalex_reference,test,openalex_social_sciences_200
W4389255710,W2999598597,1,actual_openalex_reference,test,openalex_social_sciences_200
W4389255710,W3001004670,1,actual_openalex_reference,test,openalex_social_sciences_200
W4389255710,W3008480232,1,actual_openalex_reference,test,openalex_social_sciences_200
W4389255710,W3037799145,1,actual_openalex_reference,test,openalex_social_sciences_200
W4389255710,W3089559846,1,actual_openalex_reference,test,openalex_social_sciences_200
W4389255710,W3118257203,1,actual_openalex_reference,test,openalex_social_sciences_200
W4389255710,W3150525923,1,actual_openalex_reference,test,openalex_social_sciences_200
W4389255710,W3178194449,1,actual_openalex_reference,test,openalex_social_sciences_200
W4389255710,W4206253854,1,actual_openalex_reference,test,openalex_social_sciences_200
W4389255710,W4220668353,1,actual_openalex_reference,test,openalex_social_sciences_200
W4389255710,W4229059762,1,actual_openalex_reference,test,openalex_social_sciences_200
W4389255710,W4237090275,1,actual_openalex_reference,test,openalex_social_sciences_200
W4389255710,W4237389007,1,actual_openalex_reference,test,openalex_social_sciences_200
W4389255710,W4244762921,1,actual_openalex_reference,test,openalex_social_sciences_200
W4389255710,W4246942586,1,actual_openalex_reference,test,openalex_social_sciences_200
W4389255710,W4248581365,1,actual_openalex_reference,test,openalex_social_sciences_200
W4389255710,W4283360706,1,actual_openalex_reference,test,openalex_social_sciences_200
W4389255710,W4310197302,1,actual_openalex_reference,test,openalex_social_sciences_200
W4387117930,W135023847,1,actual_openalex_reference,test,openalex_social_sciences_200
W4387117930,W615644768,1,actual_openalex_reference,test,openalex_social_sciences_200
W4387117930,W1535520578,1,actual_openalex_reference,test,openalex_social_sciences_200
W4387117930,W1972978214,1,actual_openalex_reference,test,openalex_social_sciences_200
W4387117930,W1977750339,1,actual_openalex_reference,test,openalex_social_sciences_200
W4387117930,W2008785686,1,actual_openalex_reference,test,openalex_social_sciences_200
W4387117930,W2028944185,1,actual_openalex_reference,test,openalex_social_sciences_200
W4387117930,W2047694274,1,actual_openalex_reference,test,openalex_social_sciences_200
W4387117930,W2114013702,1,actual_openalex_reference,test,openalex_social_sciences_200
W4387117930,W2142635246,1,actual_openalex_reference,test,openalex_social_sciences_200
W4387117930,W2314156783,1,actual_openalex_reference,test,openalex_social_sciences_200
W4387117930,W2340573931,1,actual_openalex_reference,test,openalex_social_sciences_200
W4387117930,W2601379278,1,actual_openalex_reference,test,openalex_social_sciences_200
W4387117930,W2608084211,1,actual_openalex_reference,test,openalex_social_sciences_200
W4387117930,W2886940188,1,actual_openalex_reference,test,openalex_social_sciences_200
W4387117930,W3186241333,1,actual_openalex_reference,test,openalex_social_sciences_200
W4387117930,W3190496022,1,actual_openalex_reference,test,openalex_social_sciences_200
W4387117930,W4212835318,1,actual_openalex_reference,test,openalex_social_sciences_200
W4387117930,W4243863038,1,actual_openalex_reference,test,openalex_social_sciences_200
W4396232028,W575475980,1,actual_openalex_reference,test,openalex_social_sciences_200
W4396232028,W2153535053,1,actual_openalex_reference,test,openalex_social_sciences_200
W4396232028,W2912288082,1,actual_openalex_reference,test,openalex_social_sciences_200
W4396232028,W2947517693,1,actual_openalex_reference,test,openalex_social_sciences_200
W4396232028,W2971286666,1,actual_openalex_reference,test,openalex_social_sciences_200
W4396232028,W2996422412,1,actual_openalex_reference,test,openalex_social_sciences_200
W4396232028,W3025920880,1,actual_openalex_reference,test,openalex_social_sciences_200
W4396232028,W3093538873,1,actual_openalex_reference,test,openalex_social_sciences_200
W4396232028,W3152533599,1,actual_openalex_reference,test,openalex_social_sciences_200
W4396232028,W3159723293,1,actual_openalex_reference,test,openalex_social_sciences_200
W4396232028,W3208991708,1,actual_openalex_reference,test,openalex_social_sciences_200
W4396232028,W4390519495,1,actual_openalex_reference,test,openalex_social_sciences_200
W4396232028,W4391397575,1,actual_openalex_reference,test,openalex_social_sciences_200
W4396232028,W4391750521,1,actual_openalex_reference,test,openalex_social_sciences_200
W4410196548,W1807721817,1,actual_openalex_reference,test,openalex_social_sciences_200
W4410196548,W1978671794,1,actual_openalex_reference,test,openalex_social_sciences_200
W4410196548,W1979290264,1,actual_openalex_reference,test,openalex_social_sciences_200
W4410196548,W1983218613,1,actual_openalex_reference,test,openalex_social_sciences_200
W4410196548,W2000938084,1,actual_openalex_reference,test,openalex_social_sciences_200
W4410196548,W2019755392,1,actual_openalex_reference,test,openalex_social_sciences_200
W4410196548,W2065771650,1,actual_openalex_reference,test,openalex_social_sciences_200
W4410196548,W2079719014,1,actual_openalex_reference,test,openalex_social_sciences_200
W4410196548,W2109469951,1,actual_openalex_reference,test,openalex_social_sciences_200
W4410196548,W2151068096,1,actual_openalex_reference,test,openalex_social_sciences_200
W4410196548,W2157575844,1,actual_openalex_reference,test,openalex_social_sciences_200
W4410196548,W2167344400,1,actual_openalex_reference,test,openalex_social_sciences_200
W4410196548,W2312386287,1,actual_openalex_reference,test,openalex_social_sciences_200
W4410196548,W2337135216,1,actual_openalex_reference,test,openalex_social_sciences_200
W4410196548,W2754799758,1,actual_openalex_reference,test,openalex_social_sciences_200
W4410196548,W2766261599,1,actual_openalex_reference,test,openalex_social_sciences_200
W4410196548,W2768302781,1,actual_openalex_reference,test,openalex_social_sciences_200
W4410196548,W2808730580,1,actual_openalex_reference,test,openalex_social_sciences_200
W4410196548,W2887792181,1,actual_openalex_reference,test,openalex_social_sciences_200
W4410196548,W2896833234,1,actual_openalex_reference,test,openalex_social_sciences_200
W4410196548,W2899774328,1,actual_openalex_reference,test,openalex_social_sciences_200
W4410196548,W2963592291,1,actual_openalex_reference,test,openalex_social_sciences_200
W4410196548,W2985354791,1,actual_openalex_reference,test,openalex_social_sciences_200
W4410196548,W4200505351,1,actual_openalex_reference,test,openalex_social_sciences_200
W4410196548,W4281722209,1,actual_openalex_reference,test,openalex_social_sciences_200
W4410196548,W4285089122,1,actual_openalex_reference,test,openalex_social_sciences_200
W4410196548,W4386477759,1,actual_openalex_reference,test,openalex_social_sciences_200
W4410196548,W4395661521,1,actual_openalex_reference,test,openalex_social_sciences_200
W4410196548,W4398161679,1,actual_openalex_reference,test,openalex_social_sciences_200
W4410196548,W4402409903,1,actual_openalex_reference,test,openalex_social_sciences_200
W4401232586,W3019648323,1,actual_openalex_reference,test,openalex_social_sciences_200
W4401232586,W3162434799,1,actual_openalex_reference,test,openalex_social_sciences_200
W4401232586,W4283072814,1,actual_openalex_reference,test,openalex_social_sciences_200
W4401232586,W4285744096,1,actual_openalex_reference,test,openalex_social_sciences_200
W4401232586,W4286844970,1,actual_openalex_reference,test,openalex_social_sciences_200
W4401232586,W4322772916,1,actual_openalex_reference,test,openalex_social_sciences_200
W4401232586,W4387915210,1,actual_openalex_reference,test,openalex_social_sciences_200
W4324129176,W383742358,1,actual_openalex_reference,test,openalex_social_sciences_200
W4324129176,W1522282088,1,actual_openalex_reference,test,openalex_social_sciences_200
W4324129176,W1537956838,1,actual_openalex_reference,test,openalex_social_sciences_200
W4324129176,W1623437525,1,actual_openalex_reference,test,openalex_social_sciences_200
W4324129176,W1986578558,1,actual_openalex_reference,test,openalex_social_sciences_200
W4324129176,W1991004679,1,actual_openalex_reference,test,openalex_social_sciences_200
W4324129176,W1991972548,1,actual_openalex_reference,test,openalex_social_sciences_200
W4324129176,W2066170977,1,actual_openalex_reference,test,openalex_social_sciences_200
W4324129176,W2067264848,1,actual_openalex_reference,test,openalex_social_sciences_200
W4324129176,W2073749353,1,actual_openalex_reference,test,openalex_social_sciences_200
W4324129176,W2084709462,1,actual_openalex_reference,test,openalex_social_sciences_200
W4324129176,W2142701587,1,actual_openalex_reference,test,openalex_social_sciences_200
W4324129176,W2326683178,1,actual_openalex_reference,test,openalex_social_sciences_200
W4324129176,W2340149973,1,actual_openalex_reference,test,openalex_social_sciences_200
W4324129176,W2381369987,1,actual_openalex_reference,test,openalex_social_sciences_200
W4324129176,W2480388839,1,actual_openalex_reference,test,openalex_social_sciences_200
W4324129176,W2482536784,1,actual_openalex_reference,test,openalex_social_sciences_200
W4324129176,W2490661373,1,actual_openalex_reference,test,openalex_social_sciences_200
W4324129176,W2500017890,1,actual_openalex_reference,test,openalex_social_sciences_200
W4324129176,W2503729423,1,actual_openalex_reference,test,openalex_social_sciences_200
W4324129176,W2593160718,1,actual_openalex_reference,test,openalex_social_sciences_200
W4324129176,W2689507740,1,actual_openalex_reference,test,openalex_social_sciences_200
W4324129176,W2796847169,1,actual_openalex_reference,test,openalex_social_sciences_200
W4324129176,W2902173309,1,actual_openalex_reference,test,openalex_social_sciences_200
W4324129176,W2979327845,1,actual_openalex_reference,test,openalex_social_sciences_200
W4324129176,W2994092663,1,actual_openalex_reference,test,openalex_social_sciences_200
W4324129176,W3150990879,1,actual_openalex_reference,test,openalex_social_sciences_200
W4324129176,W4240482530,1,actual_openalex_reference,test,openalex_social_sciences_200
W4324129176,W4246394873,1,actual_openalex_reference,test,openalex_social_sciences_200
W4324129176,W4252411929,1,actual_openalex_reference,test,openalex_social_sciences_200
W4324129176,W4367314869,1,actual_openalex_reference,test,openalex_social_sciences_200
W4324129176,W4394846406,1,actual_openalex_reference,test,openalex_social_sciences_200
W4386407781,W571440151,1,actual_openalex_reference,test,openalex_social_sciences_200
W4386407781,W614939301,1,actual_openalex_reference,test,openalex_social_sciences_200
W4386407781,W1964227271,1,actual_openalex_reference,test,openalex_social_sciences_200
W4386407781,W1964499969,1,actual_openalex_reference,test,openalex_social_sciences_200
W4386407781,W1984673945,1,actual_openalex_reference,test,openalex_social_sciences_200
W4386407781,W1987710704,1,actual_openalex_reference,test,openalex_social_sciences_200
W4386407781,W1989258721,1,actual_openalex_reference,test,openalex_social_sciences_200
W4386407781,W2020970628,1,actual_openalex_reference,test,openalex_social_sciences_200
W4386407781,W2028677680,1,actual_openalex_reference,test,openalex_social_sciences_200
W4386407781,W2028979216,1,actual_openalex_reference,test,openalex_social_sciences_200
W4386407781,W2050203238,1,actual_openalex_reference,test,openalex_social_sciences_200
W4386407781,W2073375484,1,actual_openalex_reference,test,openalex_social_sciences_200
W4386407781,W2074675749,1,actual_openalex_reference,test,openalex_social_sciences_200
W4386407781,W2077866444,1,actual_openalex_reference,test,openalex_social_sciences_200
W4386407781,W2097176223,1,actual_openalex_reference,test,openalex_social_sciences_200
W4386407781,W2125329158,1,actual_openalex_reference,test,openalex_social_sciences_200
W4386407781,W2130140239,1,actual_openalex_reference,test,openalex_social_sciences_200
W4386407781,W2150957645,1,actual_openalex_reference,test,openalex_social_sciences_200
W4386407781,W2155532235,1,actual_openalex_reference,test,openalex_social_sciences_200
W4386407781,W2157392583,1,actual_openalex_reference,test,openalex_social_sciences_200
W4386407781,W2223156885,1,actual_openalex_reference,test,openalex_social_sciences_200
W4386407781,W2325313402,1,actual_openalex_reference,test,openalex_social_sciences_200
W4386407781,W2574157310,1,actual_openalex_reference,test,openalex_social_sciences_200
W4386407781,W2576916860,1,actual_openalex_reference,test,openalex_social_sciences_200
W4386407781,W2593778151,1,actual_openalex_reference,test,openalex_social_sciences_200
W4386407781,W2613488435,1,actual_openalex_reference,test,openalex_social_sciences_200
W4386407781,W2742035038,1,actual_openalex_reference,test,openalex_social_sciences_200
W4386407781,W2796283155,1,actual_openalex_reference,test,openalex_social_sciences_200
W4386407781,W2886916242,1,actual_openalex_reference,test,openalex_social_sciences_200
W4386407781,W2892122952,1,actual_openalex_reference,test,openalex_social_sciences_200
W4386407781,W2940962366,1,actual_openalex_reference,test,openalex_social_sciences_200
W4386407781,W2943188882,1,actual_openalex_reference,test,openalex_social_sciences_200
W4386407781,W2965299143,1,actual_openalex_reference,test,openalex_social_sciences_200
W4386407781,W3017145058,1,actual_openalex_reference,test,openalex_social_sciences_200
W4386407781,W3017367437,1,actual_openalex_reference,test,openalex_social_sciences_200
W4386407781,W3033890847,1,actual_openalex_reference,test,openalex_social_sciences_200
W4386407781,W3035489924,1,actual_openalex_reference,test,openalex_social_sciences_200
W4386407781,W3042905444,1,actual_openalex_reference,test,openalex_social_sciences_200
W4386407781,W3086463303,1,actual_openalex_reference,test,openalex_social_sciences_200
W4386407781,W3087107735,1,actual_openalex_reference,test,openalex_social_sciences_200
W4386407781,W3091772645,1,actual_openalex_reference,test,openalex_social_sciences_200
W4386407781,W3125518986,1,actual_openalex_reference,test,openalex_social_sciences_200
W4386407781,W3133423348,1,actual_openalex_reference,test,openalex_social_sciences_200
W4386407781,W3136346389,1,actual_openalex_reference,test,openalex_social_sciences_200
W4386407781,W3145824801,1,actual_openalex_reference,test,openalex_social_sciences_200
W4386407781,W3146639545,1,actual_openalex_reference,test,openalex_social_sciences_200
W4386407781,W3152734712,1,actual_openalex_reference,test,openalex_social_sciences_200
W4386407781,W3158522766,1,actual_openalex_reference,test,openalex_social_sciences_200
W4386407781,W3159086348,1,actual_openalex_reference,test,openalex_social_sciences_200
W4386407781,W3204928600,1,actual_openalex_reference,test,openalex_social_sciences_200
W4386407781,W4220859360,1,actual_openalex_reference,test,openalex_social_sciences_200
W4386407781,W4220965577,1,actual_openalex_reference,test,openalex_social_sciences_200
W4386407781,W4221132673,1,actual_openalex_reference,test,openalex_social_sciences_200
W4386407781,W4231723790,1,actual_openalex_reference,test,openalex_social_sciences_200
W4386407781,W4254342372,1,actual_openalex_reference,test,openalex_social_sciences_200
W4386407781,W4280538745,1,actual_openalex_reference,test,openalex_social_sciences_200
W4386407781,W4282034079,1,actual_openalex_reference,test,openalex_social_sciences_200
W4386407781,W4402870715,1,actual_openalex_reference,test,openalex_social_sciences_200
W4407998200,W590445388,1,actual_openalex_reference,test,openalex_social_sciences_200
W4407998200,W590846584,1,actual_openalex_reference,test,openalex_social_sciences_200
W4407998200,W636170141,1,actual_openalex_reference,test,openalex_social_sciences_200
W4407998200,W1500554404,1,actual_openalex_reference,test,openalex_social_sciences_200
W4407998200,W1551622257,1,actual_openalex_reference,test,openalex_social_sciences_200
W4407998200,W1573302411,1,actual_openalex_reference,test,openalex_social_sciences_200
W4407998200,W1594291192,1,actual_openalex_reference,test,openalex_social_sciences_200
W4407998200,W1832931638,1,actual_openalex_reference,test,openalex_social_sciences_200
W4407998200,W1883248155,1,actual_openalex_reference,test,openalex_social_sciences_200
W4407998200,W1951539749,1,actual_openalex_reference,test,openalex_social_sciences_200
W4407998200,W1988687496,1,actual_openalex_reference,test,openalex_social_sciences_200
W4407998200,W2004939754,1,actual_openalex_reference,test,openalex_social_sciences_200
W4407998200,W2017568810,1,actual_openalex_reference,test,openalex_social_sciences_200
W4407998200,W2022563470,1,actual_openalex_reference,test,openalex_social_sciences_200
W4407998200,W2042276094,1,actual_openalex_reference,test,openalex_social_sciences_200
W4407998200,W2100563011,1,actual_openalex_reference,test,openalex_social_sciences_200
W4407998200,W2115341608,1,actual_openalex_reference,test,openalex_social_sciences_200
W4407998200,W2171446024,1,actual_openalex_reference,test,openalex_social_sciences_200
W4407998200,W2190944693,1,actual_openalex_reference,test,openalex_social_sciences_200
W4407998200,W2214066944,1,actual_openalex_reference,test,openalex_social_sciences_200
W4407998200,W2491174602,1,actual_openalex_reference,test,openalex_social_sciences_200
W4407998200,W2605599137,1,actual_openalex_reference,test,openalex_social_sciences_200
W4407998200,W2624654016,1,actual_openalex_reference,test,openalex_social_sciences_200
W4407998200,W2805150611,1,actual_openalex_reference,test,openalex_social_sciences_200
W4407998200,W2885386636,1,actual_openalex_reference,test,openalex_social_sciences_200
W4407998200,W2944202146,1,actual_openalex_reference,test,openalex_social_sciences_200
W4407998200,W2972069588,1,actual_openalex_reference,test,openalex_social_sciences_200
W4407998200,W2994663256,1,actual_openalex_reference,test,openalex_social_sciences_200
W4407998200,W3095218179,1,actual_openalex_reference,test,openalex_social_sciences_200
W4407998200,W3118885646,1,actual_openalex_reference,test,openalex_social_sciences_200
W4407998200,W4214844810,1,actual_openalex_reference,test,openalex_social_sciences_200
W4407998200,W4225383491,1,actual_openalex_reference,test,openalex_social_sciences_200
W4407998200,W4297314631,1,actual_openalex_reference,test,openalex_social_sciences_200
W4407998200,W4301594660,1,actual_openalex_reference,test,openalex_social_sciences_200
W4407998200,W4321746924,1,actual_openalex_reference,test,openalex_social_sciences_200
W4407998200,W4321790889,1,actual_openalex_reference,test,openalex_social_sciences_200
W4407998200,W4361010166,1,actual_openalex_reference,test,openalex_social_sciences_200
W4407998200,W4385806500,1,actual_openalex_reference,test,openalex_social_sciences_200
W4407998200,W4389486920,1,actual_openalex_reference,test,openalex_social_sciences_200
W3175121377,W585448726,1,actual_openalex_reference,test,openalex_social_sciences_200
W3175121377,W1483709363,1,actual_openalex_reference,test,openalex_social_sciences_200
W3175121377,W1497339151,1,actual_openalex_reference,test,openalex_social_sciences_200
W3175121377,W1573806924,1,actual_openalex_reference,test,openalex_social_sciences_200
W3175121377,W1589470625,1,actual_openalex_reference,test,openalex_social_sciences_200
W3175121377,W1994032071,1,actual_openalex_reference,test,openalex_social_sciences_200
W3175121377,W2013518095,1,actual_openalex_reference,test,openalex_social_sciences_200
W3175121377,W2029490599,1,actual_openalex_reference,test,openalex_social_sciences_200
W3175121377,W2058162021,1,actual_openalex_reference,test,openalex_social_sciences_200
W3175121377,W2061750998,1,actual_openalex_reference,test,openalex_social_sciences_200
W3175121377,W2099481767,1,actual_openalex_reference,test,openalex_social_sciences_200
W3175121377,W2100960835,1,actual_openalex_reference,test,openalex_social_sciences_200
W3175121377,W2101257377,1,actual_openalex_reference,test,openalex_social_sciences_200
W3175121377,W2112269231,1,actual_openalex_reference,test,openalex_social_sciences_200
W3175121377,W2123733911,1,actual_openalex_reference,test,openalex_social_sciences_200
W3175121377,W2153937695,1,actual_openalex_reference,test,openalex_social_sciences_200
W3175121377,W2158503783,1,actual_openalex_reference,test,openalex_social_sciences_200
W3175121377,W2172302361,1,actual_openalex_reference,test,openalex_social_sciences_200
W3175121377,W2338861484,1,actual_openalex_reference,test,openalex_social_sciences_200
W3175121377,W2518792172,1,actual_openalex_reference,test,openalex_social_sciences_200
W3175121377,W2602934903,1,actual_openalex_reference,test,openalex_social_sciences_200
W3175121377,W3115715823,1,actual_openalex_reference,test,openalex_social_sciences_200
W3175121377,W3116490005,1,actual_openalex_reference,test,openalex_social_sciences_200
W3175121377,W3122235436,1,actual_openalex_reference,test,openalex_social_sciences_200
W3175121377,W3122539596,1,actual_openalex_reference,test,openalex_social_sciences_200
W3175121377,W3185561310,1,actual_openalex_reference,test,openalex_social_sciences_200
W3175121377,W3204932649,1,actual_openalex_reference,test,openalex_social_sciences_200
W3175121377,W3208843347,1,actual_openalex_reference,test,openalex_social_sciences_200
W3175121377,W4321494565,1,actual_openalex_reference,test,openalex_social_sciences_200
W4404030965,W3161819211,1,actual_openalex_reference,test,openalex_social_sciences_200
W4404030965,W4285178103,1,actual_openalex_reference,test,openalex_social_sciences_200
W4404030965,W4290607732,1,actual_openalex_reference,test,openalex_social_sciences_200
W4404030965,W4324046415,1,actual_openalex_reference,test,openalex_social_sciences_200
W4404030965,W4382877018,1,actual_openalex_reference,test,openalex_social_sciences_200
W4404030965,W4386849424,1,actual_openalex_reference,test,openalex_social_sciences_200
W4404030965,W4386966220,1,actual_openalex_reference,test,openalex_social_sciences_200
W4404030965,W4389568931,1,actual_openalex_reference,test,openalex_social_sciences_200
W4404030965,W4390564972,1,actual_openalex_reference,test,openalex_social_sciences_200
W4404030965,W4390596893,1,actual_openalex_reference,test,openalex_social_sciences_200
W4404030965,W4391241488,1,actual_openalex_reference,test,openalex_social_sciences_200
W4404030965,W4391279455,1,actual_openalex_reference,test,openalex_social_sciences_200
W4404030965,W4391514408,1,actual_openalex_reference,test,openalex_social_sciences_200
W4404030965,W4391884626,1,actual_openalex_reference,test,openalex_social_sciences_200
W4404030965,W4391924419,1,actual_openalex_reference,test,openalex_social_sciences_200
W4404030965,W4392592756,1,actual_openalex_reference,test,openalex_social_sciences_200
W4400536651,W2009451478,1,actual_openalex_reference,test,openalex_social_sciences_200
W4400536651,W2051865199,1,actual_openalex_reference,test,openalex_social_sciences_200
W4400536651,W2141038212,1,actual_openalex_reference,test,openalex_social_sciences_200
W4400536651,W2149090853,1,actual_openalex_reference,test,openalex_social_sciences_200
W4400536651,W2517793972,1,actual_openalex_reference,test,openalex_social_sciences_200
W4400536651,W2549622129,1,actual_openalex_reference,test,openalex_social_sciences_200
W4400536651,W2559822535,1,actual_openalex_reference,test,openalex_social_sciences_200
W4400536651,W2741062752,1,actual_openalex_reference,test,openalex_social_sciences_200
W4400536651,W2773601852,1,actual_openalex_reference,test,openalex_social_sciences_200
W4400536651,W2801247496,1,actual_openalex_reference,test,openalex_social_sciences_200
W4400536651,W2810284304,1,actual_openalex_reference,test,openalex_social_sciences_200
W4400536651,W2883776668,1,actual_openalex_reference,test,openalex_social_sciences_200
W4400536651,W2926060366,1,actual_openalex_reference,test,openalex_social_sciences_200
W4400536651,W2953836153,1,actual_openalex_reference,test,openalex_social_sciences_200
W4400536651,W3008097939,1,actual_openalex_reference,test,openalex_social_sciences_200
W4400536651,W3031928352,1,actual_openalex_reference,test,openalex_social_sciences_200
W4400536651,W3085457251,1,actual_openalex_reference,test,openalex_social_sciences_200
W4400536651,W3149657641,1,actual_openalex_reference,test,openalex_social_sciences_200
W4400536651,W3185953471,1,actual_openalex_reference,test,openalex_social_sciences_200
W4400536651,W4206668828,1,actual_openalex_reference,test,openalex_social_sciences_200
W4400536651,W4214728483,1,actual_openalex_reference,test,openalex_social_sciences_200
W4400536651,W4294598234,1,actual_openalex_reference,test,openalex_social_sciences_200
W4400536651,W4378953435,1,actual_openalex_reference,test,openalex_social_sciences_200
W4400536651,W4380149607,1,actual_openalex_reference,test,openalex_social_sciences_200
W4400536651,W4390311943,1,actual_openalex_reference,test,openalex_social_sciences_200
W4400536651,W4392898727,1,actual_openalex_reference,test,openalex_social_sciences_200
W4384498318,W621128075,1,actual_openalex_reference,test,openalex_social_sciences_200
W4384498318,W629640092,1,actual_openalex_reference,test,openalex_social_sciences_200
W4384498318,W1502313529,1,actual_openalex_reference,test,openalex_social_sciences_200
W4384498318,W1532179372,1,actual_openalex_reference,test,openalex_social_sciences_200
W4384498318,W1560358397,1,actual_openalex_reference,test,openalex_social_sciences_200
W4384498318,W1995012759,1,actual_openalex_reference,test,openalex_social_sciences_200
W4384498318,W2008934558,1,actual_openalex_reference,test,openalex_social_sciences_200
W4384498318,W2019475887,1,actual_openalex_reference,test,openalex_social_sciences_200
W4384498318,W2114296693,1,actual_openalex_reference,test,openalex_social_sciences_200
W4384498318,W2161497951,1,actual_openalex_reference,test,openalex_social_sciences_200
W4384498318,W2733297880,1,actual_openalex_reference,test,openalex_social_sciences_200
W4384498318,W2803011353,1,actual_openalex_reference,test,openalex_social_sciences_200
W4384498318,W2944315187,1,actual_openalex_reference,test,openalex_social_sciences_200
W4384498318,W3083105103,1,actual_openalex_reference,test,openalex_social_sciences_200
W4384498318,W3127361630,1,actual_openalex_reference,test,openalex_social_sciences_200
W4384498318,W3186398646,1,actual_openalex_reference,test,openalex_social_sciences_200
W4384498318,W4212824867,1,actual_openalex_reference,test,openalex_social_sciences_200
W4384498318,W4225973285,1,actual_openalex_reference,test,openalex_social_sciences_200
W4384498318,W4237385211,1,actual_openalex_reference,test,openalex_social_sciences_200
W4384498318,W4244736247,1,actual_openalex_reference,test,openalex_social_sciences_200
W4384498318,W4246030082,1,actual_openalex_reference,test,openalex_social_sciences_200
W4384498318,W4285064575,1,actual_openalex_reference,test,openalex_social_sciences_200
W4384498318,W4302608484,1,actual_openalex_reference,test,openalex_social_sciences_200
W4319811944,W621595934,1,actual_openalex_reference,test,openalex_social_sciences_200
W4319811944,W1566267401,1,actual_openalex_reference,test,openalex_social_sciences_200
W4319811944,W1607073065,1,actual_openalex_reference,test,openalex_social_sciences_200
W4319811944,W2020620099,1,actual_openalex_reference,test,openalex_social_sciences_200
W4319811944,W2028401222,1,actual_openalex_reference,test,openalex_social_sciences_200
W4319811944,W2036877751,1,actual_openalex_reference,test,openalex_social_sciences_200
W4319811944,W2070138550,1,actual_openalex_reference,test,openalex_social_sciences_200
W4319811944,W2086042905,1,actual_openalex_reference,test,openalex_social_sciences_200
W4319811944,W2096555427,1,actual_openalex_reference,test,openalex_social_sciences_200
W4319811944,W2102181599,1,actual_openalex_reference,test,openalex_social_sciences_200
W4319811944,W2124122196,1,actual_openalex_reference,test,openalex_social_sciences_200
W4319811944,W2130354913,1,actual_openalex_reference,test,openalex_social_sciences_200
W4319811944,W2166654971,1,actual_openalex_reference,test,openalex_social_sciences_200
W4319811944,W2338397756,1,actual_openalex_reference,test,openalex_social_sciences_200
W4319811944,W2419557403,1,actual_openalex_reference,test,openalex_social_sciences_200
W4319811944,W2527296611,1,actual_openalex_reference,test,openalex_social_sciences_200
W4319811944,W2571108916,1,actual_openalex_reference,test,openalex_social_sciences_200
W4319811944,W2582561810,1,actual_openalex_reference,test,openalex_social_sciences_200
W4319811944,W2600440351,1,actual_openalex_reference,test,openalex_social_sciences_200
W4319811944,W2607545688,1,actual_openalex_reference,test,openalex_social_sciences_200
W4319811944,W2611195967,1,actual_openalex_reference,test,openalex_social_sciences_200
W4319811944,W2616851898,1,actual_openalex_reference,test,openalex_social_sciences_200
W4319811944,W2745338679,1,actual_openalex_reference,test,openalex_social_sciences_200
W4319811944,W2751589903,1,actual_openalex_reference,test,openalex_social_sciences_200
W4319811944,W2756862998,1,actual_openalex_reference,test,openalex_social_sciences_200
W4319811944,W2760944227,1,actual_openalex_reference,test,openalex_social_sciences_200
W4319811944,W2769290833,1,actual_openalex_reference,test,openalex_social_sciences_200
W4319811944,W2790829410,1,actual_openalex_reference,test,openalex_social_sciences_200
W4319811944,W2791544114,1,actual_openalex_reference,test,openalex_social_sciences_200
W4319811944,W2796290065,1,actual_openalex_reference,test,openalex_social_sciences_200
W4319811944,W2797429262,1,actual_openalex_reference,test,openalex_social_sciences_200
W4319811944,W2800644908,1,actual_openalex_reference,test,openalex_social_sciences_200
W4319811944,W2801174947,1,actual_openalex_reference,test,openalex_social_sciences_200
W4319811944,W2883967114,1,actual_openalex_reference,test,openalex_social_sciences_200
W4319811944,W2891163418,1,actual_openalex_reference,test,openalex_social_sciences_200
W4319811944,W2894991703,1,actual_openalex_reference,test,openalex_social_sciences_200
W4319811944,W2898804727,1,actual_openalex_reference,test,openalex_social_sciences_200
W4319811944,W2908205629,1,actual_openalex_reference,test,openalex_social_sciences_200
W4319811944,W2910027323,1,actual_openalex_reference,test,openalex_social_sciences_200
W4319811944,W2913649461,1,actual_openalex_reference,test,openalex_social_sciences_200
W4319811944,W2919644317,1,actual_openalex_reference,test,openalex_social_sciences_200
W4319811944,W2945868102,1,actual_openalex_reference,test,openalex_social_sciences_200
W4319811944,W2960252656,1,actual_openalex_reference,test,openalex_social_sciences_200
W4319811944,W2966382687,1,actual_openalex_reference,test,openalex_social_sciences_200
W4319811944,W2969415131,1,actual_openalex_reference,test,openalex_social_sciences_200
W4319811944,W2970864903,1,actual_openalex_reference,test,openalex_social_sciences_200
W4319811944,W3000859198,1,actual_openalex_reference,test,openalex_social_sciences_200
W4319811944,W3015018659,1,actual_openalex_reference,test,openalex_social_sciences_200
W4319811944,W3017781087,1,actual_openalex_reference,test,openalex_social_sciences_200
W4319811944,W3020001338,1,actual_openalex_reference,test,openalex_social_sciences_200
W4319811944,W3027896044,1,actual_openalex_reference,test,openalex_social_sciences_200
W4319811944,W3036744098,1,actual_openalex_reference,test,openalex_social_sciences_200
W4319811944,W3042898278,1,actual_openalex_reference,test,openalex_social_sciences_200
W4319811944,W3047022499,1,actual_openalex_reference,test,openalex_social_sciences_200
W4319811944,W3087305044,1,actual_openalex_reference,test,openalex_social_sciences_200
W4319811944,W3107807032,1,actual_openalex_reference,test,openalex_social_sciences_200
W4319811944,W3110309004,1,actual_openalex_reference,test,openalex_social_sciences_200
W4319811944,W3125618971,1,actual_openalex_reference,test,openalex_social_sciences_200
W4319811944,W3134375171,1,actual_openalex_reference,test,openalex_social_sciences_200
W4319811944,W3168447241,1,actual_openalex_reference,test,openalex_social_sciences_200
W4319811944,W3187192194,1,actual_openalex_reference,test,openalex_social_sciences_200
W4319811944,W3206766881,1,actual_openalex_reference,test,openalex_social_sciences_200
W4319811944,W3207275543,1,actual_openalex_reference,test,openalex_social_sciences_200
W4319811944,W4206659724,1,actual_openalex_reference,test,openalex_social_sciences_200
W4319811944,W4210634200,1,actual_openalex_reference,test,openalex_social_sciences_200
W4319811944,W4211179769,1,actual_openalex_reference,test,openalex_social_sciences_200
W4319811944,W4231493085,1,actual_openalex_reference,test,openalex_social_sciences_200
W4319811944,W4236713926,1,actual_openalex_reference,test,openalex_social_sciences_200
W4319811944,W4242103015,1,actual_openalex_reference,test,openalex_social_sciences_200
W4319811944,W4246291669,1,actual_openalex_reference,test,openalex_social_sciences_200
W4319811944,W4282572679,1,actual_openalex_reference,test,openalex_social_sciences_200
W4319811944,W4290779473,1,actual_openalex_reference,test,openalex_social_sciences_200
W4386128141,W949714364,1,actual_openalex_reference,test,openalex_social_sciences_200
W4386128141,W1553428999,1,actual_openalex_reference,test,openalex_social_sciences_200
W4386128141,W2017184608,1,actual_openalex_reference,test,openalex_social_sciences_200
W4386128141,W2164535801,1,actual_openalex_reference,test,openalex_social_sciences_200
W4386128141,W2171041797,1,actual_openalex_reference,test,openalex_social_sciences_200
W4386128141,W2217651162,1,actual_openalex_reference,test,openalex_social_sciences_200
W4386128141,W2296030026,1,actual_openalex_reference,test,openalex_social_sciences_200
W4386128141,W2319130446,1,actual_openalex_reference,test,openalex_social_sciences_200
W4386128141,W2578799769,1,actual_openalex_reference,test,openalex_social_sciences_200
W4386128141,W2891331025,1,actual_openalex_reference,test,openalex_social_sciences_200
W4386128141,W3096841502,1,actual_openalex_reference,test,openalex_social_sciences_200
W4386128141,W3160678122,1,actual_openalex_reference,test,openalex_social_sciences_200
W4386128141,W4241683857,1,actual_openalex_reference,test,openalex_social_sciences_200
W4390700342,W1481749143,1,actual_openalex_reference,test,openalex_social_sciences_200
W4390700342,W1506380772,1,actual_openalex_reference,test,openalex_social_sciences_200
W4390700342,W1550821671,1,actual_openalex_reference,test,openalex_social_sciences_200
W4390700342,W1634273339,1,actual_openalex_reference,test,openalex_social_sciences_200
W4390700342,W1946043518,1,actual_openalex_reference,test,openalex_social_sciences_200
W4390700342,W1949165848,1,actual_openalex_reference,test,openalex_social_sciences_200
W4390700342,W1952552476,1,actual_openalex_reference,test,openalex_social_sciences_200
W4390700342,W1965816352,1,actual_openalex_reference,test,openalex_social_sciences_200
W4390700342,W1973854346,1,actual_openalex_reference,test,openalex_social_sciences_200
W4390700342,W1976214394,1,actual_openalex_reference,test,openalex_social_sciences_200
W4390700342,W1976692586,1,actual_openalex_reference,test,openalex_social_sciences_200
W4390700342,W1985792567,1,actual_openalex_reference,test,openalex_social_sciences_200
W4390700342,W1985837429,1,actual_openalex_reference,test,openalex_social_sciences_200
W4390700342,W1989926909,1,actual_openalex_reference,test,openalex_social_sciences_200
W4390700342,W2000001027,1,actual_openalex_reference,test,openalex_social_sciences_200
W4390700342,W2004024252,1,actual_openalex_reference,test,openalex_social_sciences_200
W4390700342,W2018751123,1,actual_openalex_reference,test,openalex_social_sciences_200
W4390700342,W2027022978,1,actual_openalex_reference,test,openalex_social_sciences_200
W4390700342,W2048500668,1,actual_openalex_reference,test,openalex_social_sciences_200
W4390700342,W2081140368,1,actual_openalex_reference,test,openalex_social_sciences_200
W4390700342,W2114763295,1,actual_openalex_reference,test,openalex_social_sciences_200
W4390700342,W2121894029,1,actual_openalex_reference,test,openalex_social_sciences_200
W4390700342,W2127664981,1,actual_openalex_reference,test,openalex_social_sciences_200
W4390700342,W2138925056,1,actual_openalex_reference,test,openalex_social_sciences_200
W4390700342,W2142907129,1,actual_openalex_reference,test,openalex_social_sciences_200
W4390700342,W2149170403,1,actual_openalex_reference,test,openalex_social_sciences_200
W4390700342,W2152235056,1,actual_openalex_reference,test,openalex_social_sciences_200
W4390700342,W2155019770,1,actual_openalex_reference,test,openalex_social_sciences_200
W4390700342,W2157813035,1,actual_openalex_reference,test,openalex_social_sciences_200
W4390700342,W2157968420,1,actual_openalex_reference,test,openalex_social_sciences_200
W4390700342,W2160882289,1,actual_openalex_reference,test,openalex_social_sciences_200
W4390700342,W2167579695,1,actual_openalex_reference,test,openalex_social_sciences_200
W4390700342,W2170987693,1,actual_openalex_reference,test,openalex_social_sciences_200
W4390700342,W2256445737,1,actual_openalex_reference,test,openalex_social_sciences_200
W4390700342,W2278946958,1,actual_openalex_reference,test,openalex_social_sciences_200
W4390700342,W2289764905,1,actual_openalex_reference,test,openalex_social_sciences_200
W4390700342,W2323922183,1,actual_openalex_reference,test,openalex_social_sciences_200
W4390700342,W2487474007,1,actual_openalex_reference,test,openalex_social_sciences_200
W4390700342,W2608726366,1,actual_openalex_reference,test,openalex_social_sciences_200
W4390700342,W2747774005,1,actual_openalex_reference,test,openalex_social_sciences_200
W4390700342,W2765486994,1,actual_openalex_reference,test,openalex_social_sciences_200
W4390700342,W2770229457,1,actual_openalex_reference,test,openalex_social_sciences_200
W4390700342,W2783890970,1,actual_openalex_reference,test,openalex_social_sciences_200
W4390700342,W2895552032,1,actual_openalex_reference,test,openalex_social_sciences_200
W4390700342,W2912268623,1,actual_openalex_reference,test,openalex_social_sciences_200
W4390700342,W2947573085,1,actual_openalex_reference,test,openalex_social_sciences_200
W4390700342,W2965249174,1,actual_openalex_reference,test,openalex_social_sciences_200
W4390700342,W2966844214,1,actual_openalex_reference,test,openalex_social_sciences_200
W4390700342,W3022750312,1,actual_openalex_reference,test,openalex_social_sciences_200
W4390700342,W3035799387,1,actual_openalex_reference,test,openalex_social_sciences_200
W4390700342,W3122889950,1,actual_openalex_reference,test,openalex_social_sciences_200
W4390700342,W3126105906,1,actual_openalex_reference,test,openalex_social_sciences_200
W4390700342,W3165367686,1,actual_openalex_reference,test,openalex_social_sciences_200
W4390700342,W4289861685,1,actual_openalex_reference,test,openalex_social_sciences_200
W4390700342,W4386448698,1,actual_openalex_reference,test,openalex_social_sciences_200
W4386941210,W2024281529,1,actual_openalex_reference,test,openalex_social_sciences_200
W4386941210,W2033815440,1,actual_openalex_reference,test,openalex_social_sciences_200
W4386941210,W2583573807,1,actual_openalex_reference,test,openalex_social_sciences_200
W4386941210,W2591107951,1,actual_openalex_reference,test,openalex_social_sciences_200
W4386941210,W2755334168,1,actual_openalex_reference,test,openalex_social_sciences_200
W4386941210,W2905373267,1,actual_openalex_reference,test,openalex_social_sciences_200
W4386941210,W2941053970,1,actual_openalex_reference,test,openalex_social_sciences_200
W4386941210,W3011619629,1,actual_openalex_reference,test,openalex_social_sciences_200
W4386941210,W3036491643,1,actual_openalex_reference,test,openalex_social_sciences_200
W4386941210,W3080367859,1,actual_openalex_reference,test,openalex_social_sciences_200
W4386941210,W3108526869,1,actual_openalex_reference,test,openalex_social_sciences_200
W4386941210,W3114225458,1,actual_openalex_reference,test,openalex_social_sciences_200
W4386941210,W3160239831,1,actual_openalex_reference,test,openalex_social_sciences_200
W4386941210,W3161060187,1,actual_openalex_reference,test,openalex_social_sciences_200
W4386941210,W3183725423,1,actual_openalex_reference,test,openalex_social_sciences_200
W4386941210,W3197987320,1,actual_openalex_reference,test,openalex_social_sciences_200
W4386941210,W3201508169,1,actual_openalex_reference,test,openalex_social_sciences_200
W4386941210,W4220660262,1,actual_openalex_reference,test,openalex_social_sciences_200
W4386941210,W4309460382,1,actual_openalex_reference,test,openalex_social_sciences_200
W4386941210,W4312762112,1,actual_openalex_reference,test,openalex_social_sciences_200
W4386941210,W4401790454,1,actual_openalex_reference,test,openalex_social_sciences_200
W4399383447,W1553732013,1,actual_openalex_reference,test,openalex_social_sciences_200
W4399383447,W1871108327,1,actual_openalex_reference,test,openalex_social_sciences_200
W4399383447,W2002048622,1,actual_openalex_reference,test,openalex_social_sciences_200
W4399383447,W2019421098,1,actual_openalex_reference,test,openalex_social_sciences_200
W4399383447,W2020645558,1,actual_openalex_reference,test,openalex_social_sciences_200
W4399383447,W2078719786,1,actual_openalex_reference,test,openalex_social_sciences_200
W4399383447,W2097377501,1,actual_openalex_reference,test,openalex_social_sciences_200
W4399383447,W2104713191,1,actual_openalex_reference,test,openalex_social_sciences_200
W4399383447,W2105750920,1,actual_openalex_reference,test,openalex_social_sciences_200
W4399383447,W2140918013,1,actual_openalex_reference,test,openalex_social_sciences_200
W4399383447,W2144674834,1,actual_openalex_reference,test,openalex_social_sciences_200
W4399383447,W2157970373,1,actual_openalex_reference,test,openalex_social_sciences_200
W4399383447,W2472466151,1,actual_openalex_reference,test,openalex_social_sciences_200
W4399383447,W2564429091,1,actual_openalex_reference,test,openalex_social_sciences_200
W4399383447,W2580811509,1,actual_openalex_reference,test,openalex_social_sciences_200
W4399383447,W2730436142,1,actual_openalex_reference,test,openalex_social_sciences_200
W4399383447,W2770919486,1,actual_openalex_reference,test,openalex_social_sciences_200
W4399383447,W2793809235,1,actual_openalex_reference,test,openalex_social_sciences_200
W4399383447,W3145391441,1,actual_openalex_reference,test,openalex_social_sciences_200
W4399383447,W3165298186,1,actual_openalex_reference,test,openalex_social_sciences_200
W4399546440,W158602615,1,actual_openalex_reference,test,openalex_social_sciences_200
W4399546440,W1587106329,1,actual_openalex_reference,test,openalex_social_sciences_200
W4399546440,W1972350195,1,actual_openalex_reference,test,openalex_social_sciences_200
W4399546440,W1980760883,1,actual_openalex_reference,test,openalex_social_sciences_200
W4399546440,W1992636572,1,actual_openalex_reference,test,openalex_social_sciences_200
W4399546440,W2002541277,1,actual_openalex_reference,test,openalex_social_sciences_200
W4399546440,W2065970781,1,actual_openalex_reference,test,openalex_social_sciences_200
W4399546440,W2085917674,1,actual_openalex_reference,test,openalex_social_sciences_200
W4399546440,W2096724064,1,actual_openalex_reference,test,openalex_social_sciences_200
W4399546440,W2099980421,1,actual_openalex_reference,test,openalex_social_sciences_200
W4399546440,W2113000639,1,actual_openalex_reference,test,openalex_social_sciences_200
W4399546440,W2125854498,1,actual_openalex_reference,test,openalex_social_sciences_200
W4399546440,W2127076710,1,actual_openalex_reference,test,openalex_social_sciences_200
W4399546440,W2137399242,1,actual_openalex_reference,test,openalex_social_sciences_200
W4399546440,W2150861621,1,actual_openalex_reference,test,openalex_social_sciences_200
W4399546440,W2190938522,1,actual_openalex_reference,test,openalex_social_sciences_200
W4399546440,W2222341035,1,actual_openalex_reference,test,openalex_social_sciences_200
W4399546440,W2340301237,1,actual_openalex_reference,test,openalex_social_sciences_200
W4399546440,W2780388706,1,actual_openalex_reference,test,openalex_social_sciences_200
W4399546440,W2789743004,1,actual_openalex_reference,test,openalex_social_sciences_200
W4399546440,W2891948117,1,actual_openalex_reference,test,openalex_social_sciences_200
W4399546440,W2902999784,1,actual_openalex_reference,test,openalex_social_sciences_200
W4399546440,W2989585570,1,actual_openalex_reference,test,openalex_social_sciences_200
W4399546440,W3013831987,1,actual_openalex_reference,test,openalex_social_sciences_200
W4399546440,W3094919143,1,actual_openalex_reference,test,openalex_social_sciences_200
W4399546440,W3117707314,1,actual_openalex_reference,test,openalex_social_sciences_200
W4399546440,W3129603262,1,actual_openalex_reference,test,openalex_social_sciences_200
W4399546440,W3204121494,1,actual_openalex_reference,test,openalex_social_sciences_200
W4399546440,W4206993102,1,actual_openalex_reference,test,openalex_social_sciences_200
W4399546440,W4281398834,1,actual_openalex_reference,test,openalex_social_sciences_200
W4399546440,W4293233575,1,actual_openalex_reference,test,openalex_social_sciences_200
W4399546440,W4303437960,1,actual_openalex_reference,test,openalex_social_sciences_200
W4399546440,W4318406519,1,actual_openalex_reference,test,openalex_social_sciences_200
W4399546440,W4323767238,1,actual_openalex_reference,test,openalex_social_sciences_200
W4399546440,W4327729191,1,actual_openalex_reference,test,openalex_social_sciences_200
W4399546440,W4362672531,1,actual_openalex_reference,test,openalex_social_sciences_200
W4399546440,W4376636507,1,actual_openalex_reference,test,openalex_social_sciences_200
W4399546440,W4386895485,1,actual_openalex_reference,test,openalex_social_sciences_200
W4399546440,W4388107759,1,actual_openalex_reference,test,openalex_social_sciences_200
W4399546440,W4388601669,1,actual_openalex_reference,test,openalex_social_sciences_200
W4399546440,W4391255897,1,actual_openalex_reference,test,openalex_social_sciences_200
W4392718146,W563384245,1,actual_openalex_reference,test,openalex_social_sciences_200
W4392718146,W639307273,1,actual_openalex_reference,test,openalex_social_sciences_200
W4392718146,W1586250882,1,actual_openalex_reference,test,openalex_social_sciences_200
W4392718146,W2479713386,1,actual_openalex_reference,test,openalex_social_sciences_200
W4392718146,W4285229396,1,actual_openalex_reference,test,openalex_social_sciences_200
W4392718146,W4308472330,1,actual_openalex_reference,test,openalex_social_sciences_200
W4392718146,W4311622174,1,actual_openalex_reference,test,openalex_social_sciences_200
W4392718146,W4367016977,1,actual_openalex_reference,test,openalex_social_sciences_200
W4392718146,W4378908747,1,actual_openalex_reference,test,openalex_social_sciences_200
W4378746717,W1152769183,1,actual_openalex_reference,test,openalex_social_sciences_200
W4378746717,W1484864026,1,actual_openalex_reference,test,openalex_social_sciences_200
W4378746717,W1570015427,1,actual_openalex_reference,test,openalex_social_sciences_200
W4378746717,W1577672278,1,actual_openalex_reference,test,openalex_social_sciences_200
W4378746717,W1671712638,1,actual_openalex_reference,test,openalex_social_sciences_200
W4378746717,W1826900823,1,actual_openalex_reference,test,openalex_social_sciences_200
W4378746717,W1975422141,1,actual_openalex_reference,test,openalex_social_sciences_200
W4378746717,W1976442173,1,actual_openalex_reference,test,openalex_social_sciences_200
W4378746717,W1977963384,1,actual_openalex_reference,test,openalex_social_sciences_200
W4378746717,W1989951962,1,actual_openalex_reference,test,openalex_social_sciences_200
W4378746717,W1997171982,1,actual_openalex_reference,test,openalex_social_sciences_200
W4378746717,W2013724139,1,actual_openalex_reference,test,openalex_social_sciences_200
W4378746717,W2021765444,1,actual_openalex_reference,test,openalex_social_sciences_200
W4378746717,W2036956853,1,actual_openalex_reference,test,openalex_social_sciences_200
W4378746717,W2038480491,1,actual_openalex_reference,test,openalex_social_sciences_200
W4378746717,W2050799267,1,actual_openalex_reference,test,openalex_social_sciences_200
W4378746717,W2065606772,1,actual_openalex_reference,test,openalex_social_sciences_200
W4378746717,W2071666535,1,actual_openalex_reference,test,openalex_social_sciences_200
W4378746717,W2077012970,1,actual_openalex_reference,test,openalex_social_sciences_200
W4378746717,W2078230839,1,actual_openalex_reference,test,openalex_social_sciences_200
W4378746717,W2095745759,1,actual_openalex_reference,test,openalex_social_sciences_200
W4378746717,W2101234210,1,actual_openalex_reference,test,openalex_social_sciences_200
W4378746717,W2104130506,1,actual_openalex_reference,test,openalex_social_sciences_200
W4378746717,W2112418792,1,actual_openalex_reference,test,openalex_social_sciences_200
W4378746717,W2117478503,1,actual_openalex_reference,test,openalex_social_sciences_200
W4378746717,W2118185372,1,actual_openalex_reference,test,openalex_social_sciences_200
W4378746717,W2118919126,1,actual_openalex_reference,test,openalex_social_sciences_200
W4378746717,W2120652050,1,actual_openalex_reference,test,openalex_social_sciences_200
W4378746717,W2127875809,1,actual_openalex_reference,test,openalex_social_sciences_200
W4378746717,W2131017537,1,actual_openalex_reference,test,openalex_social_sciences_200
W4378746717,W2134049139,1,actual_openalex_reference,test,openalex_social_sciences_200
W4378746717,W2140798910,1,actual_openalex_reference,test,openalex_social_sciences_200
W4378746717,W2149355902,1,actual_openalex_reference,test,openalex_social_sciences_200
W4378746717,W2153610778,1,actual_openalex_reference,test,openalex_social_sciences_200
W4378746717,W2155500059,1,actual_openalex_reference,test,openalex_social_sciences_200
W4378746717,W2172273046,1,actual_openalex_reference,test,openalex_social_sciences_200
W4378746717,W2339204682,1,actual_openalex_reference,test,openalex_social_sciences_200
W4378746717,W2492145488,1,actual_openalex_reference,test,openalex_social_sciences_200
W4378746717,W2565438846,1,actual_openalex_reference,test,openalex_social_sciences_200
W4378746717,W2566832766,1,actual_openalex_reference,test,openalex_social_sciences_200
W4378746717,W2595522419,1,actual_openalex_reference,test,openalex_social_sciences_200
W4378746717,W2783908013,1,actual_openalex_reference,test,openalex_social_sciences_200
W4378746717,W2787247846,1,actual_openalex_reference,test,openalex_social_sciences_200
W4378746717,W2794828085,1,actual_openalex_reference,test,openalex_social_sciences_200
W4378746717,W2796084000,1,actual_openalex_reference,test,openalex_social_sciences_200
W4378746717,W2799398958,1,actual_openalex_reference,test,openalex_social_sciences_200
W4378746717,W2810304710,1,actual_openalex_reference,test,openalex_social_sciences_200
W4378746717,W2890117257,1,actual_openalex_reference,test,openalex_social_sciences_200
W4378746717,W2906884620,1,actual_openalex_reference,test,openalex_social_sciences_200
W4378746717,W2908691083,1,actual_openalex_reference,test,openalex_social_sciences_200
W4378746717,W2936230053,1,actual_openalex_reference,test,openalex_social_sciences_200
W4378746717,W2957913552,1,actual_openalex_reference,test,openalex_social_sciences_200
W4378746717,W2964440736,1,actual_openalex_reference,test,openalex_social_sciences_200
W4378746717,W2972229919,1,actual_openalex_reference,test,openalex_social_sciences_200
W4378746717,W2979645397,1,actual_openalex_reference,test,openalex_social_sciences_200
W4378746717,W2982003432,1,actual_openalex_reference,test,openalex_social_sciences_200
W4378746717,W2982370115,1,actual_openalex_reference,test,openalex_social_sciences_200
W4378746717,W3002109341,1,actual_openalex_reference,test,openalex_social_sciences_200
W4378746717,W3004066828,1,actual_openalex_reference,test,openalex_social_sciences_200
W4378746717,W3014593307,1,actual_openalex_reference,test,openalex_social_sciences_200
W4378746717,W3034778819,1,actual_openalex_reference,test,openalex_social_sciences_200
W4378746717,W3034955962,1,actual_openalex_reference,test,openalex_social_sciences_200
W4378746717,W3080636861,1,actual_openalex_reference,test,openalex_social_sciences_200
W4378746717,W3109673563,1,actual_openalex_reference,test,openalex_social_sciences_200
W4378746717,W3128166436,1,actual_openalex_reference,test,openalex_social_sciences_200
W4378746717,W3128558389,1,actual_openalex_reference,test,openalex_social_sciences_200
W4378746717,W3137628629,1,actual_openalex_reference,test,openalex_social_sciences_200
W4378746717,W3150796150,1,actual_openalex_reference,test,openalex_social_sciences_200
W4378746717,W3169269989,1,actual_openalex_reference,test,openalex_social_sciences_200
W4378746717,W3171151529,1,actual_openalex_reference,test,openalex_social_sciences_200
W4378746717,W3174417227,1,actual_openalex_reference,test,openalex_social_sciences_200
W4378746717,W3190892095,1,actual_openalex_reference,test,openalex_social_sciences_200
W4378746717,W3192619417,1,actual_openalex_reference,test,openalex_social_sciences_200
W4378746717,W3194361507,1,actual_openalex_reference,test,openalex_social_sciences_200
W4378746717,W3197957877,1,actual_openalex_reference,test,openalex_social_sciences_200
W4378746717,W3206234698,1,actual_openalex_reference,test,openalex_social_sciences_200
W4378746717,W3210059792,1,actual_openalex_reference,test,openalex_social_sciences_200
W4378746717,W4210713618,1,actual_openalex_reference,test,openalex_social_sciences_200
W4378746717,W4211154808,1,actual_openalex_reference,test,openalex_social_sciences_200
W4378746717,W4213255897,1,actual_openalex_reference,test,openalex_social_sciences_200
W4378746717,W4213356557,1,actual_openalex_reference,test,openalex_social_sciences_200
W4378746717,W4282982992,1,actual_openalex_reference,test,openalex_social_sciences_200
W4378746717,W4283032788,1,actual_openalex_reference,test,openalex_social_sciences_200
W4378746717,W4283760219,1,actual_openalex_reference,test,openalex_social_sciences_200
W4378746717,W4285741024,1,actual_openalex_reference,test,openalex_social_sciences_200
W4378746717,W4292808503,1,actual_openalex_reference,test,openalex_social_sciences_200
W4378746717,W4297889858,1,actual_openalex_reference,test,openalex_social_sciences_200
W4402318443,W812613278,1,actual_openalex_reference,test,openalex_social_sciences_200
W4402318443,W1484981596,1,actual_openalex_reference,test,openalex_social_sciences_200
W4402318443,W1528286900,1,actual_openalex_reference,test,openalex_social_sciences_200
W4402318443,W1558988639,1,actual_openalex_reference,test,openalex_social_sciences_200
W4402318443,W1592465558,1,actual_openalex_reference,test,openalex_social_sciences_200
W4402318443,W1602718504,1,actual_openalex_reference,test,openalex_social_sciences_200
W4402318443,W1605873429,1,actual_openalex_reference,test,openalex_social_sciences_200
W4402318443,W1988152186,1,actual_openalex_reference,test,openalex_social_sciences_200
W4402318443,W1989971852,1,actual_openalex_reference,test,openalex_social_sciences_200
W4402318443,W2014050341,1,actual_openalex_reference,test,openalex_social_sciences_200
W4402318443,W2023134669,1,actual_openalex_reference,test,openalex_social_sciences_200
W4402318443,W2048260272,1,actual_openalex_reference,test,openalex_social_sciences_200
W4402318443,W2070948237,1,actual_openalex_reference,test,openalex_social_sciences_200
W4402318443,W2086854527,1,actual_openalex_reference,test,openalex_social_sciences_200
W4402318443,W2098242653,1,actual_openalex_reference,test,openalex_social_sciences_200
W4402318443,W2116030749,1,actual_openalex_reference,test,openalex_social_sciences_200
W4402318443,W2123536447,1,actual_openalex_reference,test,openalex_social_sciences_200
W4402318443,W2126064358,1,actual_openalex_reference,test,openalex_social_sciences_200
W4402318443,W2140038932,1,actual_openalex_reference,test,openalex_social_sciences_200
W4402318443,W2150180977,1,actual_openalex_reference,test,openalex_social_sciences_200
W4402318443,W2234350346,1,actual_openalex_reference,test,openalex_social_sciences_200
W4402318443,W2609715294,1,actual_openalex_reference,test,openalex_social_sciences_200
W4402318443,W2752734158,1,actual_openalex_reference,test,openalex_social_sciences_200
W4402318443,W2757666336,1,actual_openalex_reference,test,openalex_social_sciences_200
W4402318443,W2763551111,1,actual_openalex_reference,test,openalex_social_sciences_200
W4402318443,W2767966222,1,actual_openalex_reference,test,openalex_social_sciences_200
W4402318443,W2884050249,1,actual_openalex_reference,test,openalex_social_sciences_200
W4402318443,W2982634744,1,actual_openalex_reference,test,openalex_social_sciences_200
W4402318443,W3097960012,1,actual_openalex_reference,test,openalex_social_sciences_200
W4402318443,W3098345076,1,actual_openalex_reference,test,openalex_social_sciences_200
W4402318443,W3138209866,1,actual_openalex_reference,test,openalex_social_sciences_200
W4402318443,W3162290498,1,actual_openalex_reference,test,openalex_social_sciences_200
W4402318443,W3197058253,1,actual_openalex_reference,test,openalex_social_sciences_200
W4402318443,W3198277380,1,actual_openalex_reference,test,openalex_social_sciences_200
W4402318443,W3208052379,1,actual_openalex_reference,test,openalex_social_sciences_200
W4402318443,W4210566021,1,actual_openalex_reference,test,openalex_social_sciences_200
W4402318443,W4220826715,1,actual_openalex_reference,test,openalex_social_sciences_200
W4402318443,W4226128649,1,actual_openalex_reference,test,openalex_social_sciences_200
W4402318443,W4250321480,1,actual_openalex_reference,test,openalex_social_sciences_200
W4402318443,W4283030074,1,actual_openalex_reference,test,openalex_social_sciences_200
W4402318443,W4284699347,1,actual_openalex_reference,test,openalex_social_sciences_200
W4402318443,W4285388468,1,actual_openalex_reference,test,openalex_social_sciences_200
W4402318443,W4285390192,1,actual_openalex_reference,test,openalex_social_sciences_200
W4402318443,W4302307626,1,actual_openalex_reference,test,openalex_social_sciences_200
W4402318443,W4308072146,1,actual_openalex_reference,test,openalex_social_sciences_200
W4402318443,W4313507939,1,actual_openalex_reference,test,openalex_social_sciences_200
W4402318443,W4318499730,1,actual_openalex_reference,test,openalex_social_sciences_200
W4402318443,W4324319918,1,actual_openalex_reference,test,openalex_social_sciences_200
W4402318443,W4362608090,1,actual_openalex_reference,test,openalex_social_sciences_200
W4402318443,W4378082599,1,actual_openalex_reference,test,openalex_social_sciences_200
W4402318443,W4384557658,1,actual_openalex_reference,test,openalex_social_sciences_200
W4402318443,W4385877842,1,actual_openalex_reference,test,openalex_social_sciences_200
W4402318443,W4386371385,1,actual_openalex_reference,test,openalex_social_sciences_200
W4402318443,W4391146449,1,actual_openalex_reference,test,openalex_social_sciences_200
W4402318443,W4396898411,1,actual_openalex_reference,test,openalex_social_sciences_200
W4402318443,W4400138227,1,actual_openalex_reference,test,openalex_social_sciences_200
W4402318443,W4400801598,1,actual_openalex_reference,test,openalex_social_sciences_200
W4388234831,W1967573598,1,actual_openalex_reference,test,openalex_social_sciences_200
W4388234831,W2101798541,1,actual_openalex_reference,test,openalex_social_sciences_200
W4388234831,W2321884524,1,actual_openalex_reference,test,openalex_social_sciences_200
W4388234831,W2801916895,1,actual_openalex_reference,test,openalex_social_sciences_200
W4388234831,W2978765428,1,actual_openalex_reference,test,openalex_social_sciences_200
W4388234831,W3000308804,1,actual_openalex_reference,test,openalex_social_sciences_200
W4388234831,W3134177409,1,actual_openalex_reference,test,openalex_social_sciences_200
W4388234831,W3208558327,1,actual_openalex_reference,test,openalex_social_sciences_200
W4388234831,W4283729982,1,actual_openalex_reference,test,openalex_social_sciences_200
