query_id,candidate_id,label,label_type,split,source_dataset
W2972092196,W2046519121,1,actual_openalex_reference,test,openalex_public_health_200
W2972092196,W2079548003,1,actual_openalex_reference,test,openalex_public_health_200
W2972092196,W2101910462,1,actual_openalex_reference,test,openalex_public_health_200
W2972092196,W2126602013,1,actual_openalex_reference,test,openalex_public_health_200
W2972092196,W2136669156,1,actual_openalex_reference,test,openalex_public_health_200
W2972092196,W2138792985,1,actual_openalex_reference,test,openalex_public_health_200
W2972092196,W2432862062,1,actual_openalex_reference,test,openalex_public_health_200
W2972092196,W2799520716,1,actual_openalex_reference,test,openalex_public_health_200
W2972092196,W3173643371,1,actual_openalex_reference,test,openalex_public_health_200
W2972092196,W4235955462,1,actual_openalex_reference,test,openalex_public_health_200
W3086924775,W6472261,1,actual_openalex_reference,test,openalex_public_health_200
W3086924775,W77301269,1,actual_openalex_reference,test,openalex_public_health_200
W3086924775,W1507255793,1,actual_openalex_reference,test,openalex_public_health_200
W3086924775,W1769569155,1,actual_openalex_reference,test,openalex_public_health_200
W3086924775,W1776500111,1,actual_openalex_reference,test,openalex_public_health_200
W3086924775,W1924064069,1,actual_openalex_reference,test,openalex_public_health_200
W3086924775,W2005447200,1,actual_openalex_reference,test,openalex_public_health_200
W3086924775,W2010431405,1,actual_openalex_reference,test,openalex_public_health_200
W3086924775,W2023787974,1,actual_openalex_reference,test,openalex_public_health_200
W3086924775,W2049581609,1,actual_openalex_reference,test,openalex_public_health_200
W3086924775,W2101838909,1,actual_openalex_reference,test,openalex_public_health_200
W3086924775,W2127296379,1,actual_openalex_reference,test,openalex_public_health_200
W3086924775,W2141732926,1,actual_openalex_reference,test,openalex_public_health_200
W3086924775,W2144621995,1,actual_openalex_reference,test,openalex_public_health_200
W3086924775,W2168223048,1,actual_openalex_reference,test,openalex_public_health_200
W3086924775,W2172138912,1,actual_openalex_reference,test,openalex_public_health_200
W3086924775,W2288385875,1,actual_openalex_reference,test,openalex_public_health_200
W3086924775,W2315342578,1,actual_openalex_reference,test,openalex_public_health_200
W3086924775,W2328431583,1,actual_openalex_reference,test,openalex_public_health_200
W3086924775,W2524663804,1,actual_openalex_reference,test,openalex_public_health_200
W3086924775,W2590899545,1,actual_openalex_reference,test,openalex_public_health_200
W3086924775,W2728965488,1,actual_openalex_reference,test,openalex_public_health_200
W3086924775,W2999291048,1,actual_openalex_reference,test,openalex_public_health_200
W3086924775,W4205339635,1,actual_openalex_reference,test,openalex_public_health_200
W3086924775,W4212916212,1,actual_openalex_reference,test,openalex_public_health_200
W3086924775,W4248544415,1,actual_openalex_reference,test,openalex_public_health_200
W4200235712,W346625302,1,actual_openalex_reference,test,openalex_public_health_200
W4200235712,W2026458065,1,actual_openalex_reference,test,openalex_public_health_200
W4200235712,W2098666213,1,actual_openalex_reference,test,openalex_public_health_200
W4200235712,W2100349753,1,actual_openalex_reference,test,openalex_public_health_200
W4200235712,W2116080470,1,actual_openalex_reference,test,openalex_public_health_200
W4200235712,W2146241322,1,actual_openalex_reference,test,openalex_public_health_200
W4200235712,W2266845184,1,actual_openalex_reference,test,openalex_public_health_200
W4200235712,W2314344424,1,actual_openalex_reference,test,openalex_public_health_200
W4200235712,W2351709562,1,actual_openalex_reference,test,openalex_public_health_200
W4200235712,W2396818384,1,actual_openalex_reference,test,openalex_public_health_200
W4200235712,W2460296004,1,actual_openalex_reference,test,openalex_public_health_200
W4200235712,W2529805338,1,actual_openalex_reference,test,openalex_public_health_200
W4200235712,W2593120326,1,actual_openalex_reference,test,openalex_public_health_200
W4200235712,W2593381932,1,actual_openalex_reference,test,openalex_public_health_200
W4200235712,W2789866745,1,actual_openalex_reference,test,openalex_public_health_200
W4200235712,W2791105808,1,actual_openalex_reference,test,openalex_public_health_200
W4200235712,W2888942383,1,actual_openalex_reference,test,openalex_public_health_200
W4200235712,W2939580205,1,actual_openalex_reference,test,openalex_public_health_200
W4200235712,W3032073409,1,actual_openalex_reference,test,openalex_public_health_200
W3093659163,W2153710348,1,actual_openalex_reference,test,openalex_public_health_200
W3093659163,W2162841980,1,actual_openalex_reference,test,openalex_public_health_200
W3093659163,W2175751433,1,actual_openalex_reference,test,openalex_public_health_200
W3093659163,W2612470781,1,actual_openalex_reference,test,openalex_public_health_200
W3093659163,W2724327356,1,actual_openalex_reference,test,openalex_public_health_200
W3093659163,W2894580254,1,actual_openalex_reference,test,openalex_public_health_200
W3093659163,W2913494032,1,actual_openalex_reference,test,openalex_public_health_200
W3093659163,W2965629819,1,actual_openalex_reference,test,openalex_public_health_200
W3093659163,W3004837187,1,actual_openalex_reference,test,openalex_public_health_200
W3093659163,W3093659163,1,actual_openalex_reference,test,openalex_public_health_200
W3093659163,W3093854801,1,actual_openalex_reference,test,openalex_public_health_200
W3202599565,W2090372588,1,actual_openalex_reference,test,openalex_public_health_200
W3202599565,W2180967082,1,actual_openalex_reference,test,openalex_public_health_200
W3202599565,W2460775933,1,actual_openalex_reference,test,openalex_public_health_200
W3202599565,W2588085092,1,actual_openalex_reference,test,openalex_public_health_200
W3202599565,W2616851744,1,actual_openalex_reference,test,openalex_public_health_200
W3202599565,W2809868433,1,actual_openalex_reference,test,openalex_public_health_200
W3202599565,W2886246242,1,actual_openalex_reference,test,openalex_public_health_200
W3202599565,W2981181820,1,actual_openalex_reference,test,openalex_public_health_200
W3180401450,W1834692578,1,actual_openalex_reference,test,openalex_public_health_200
W3180401450,W1938188185,1,actual_openalex_reference,test,openalex_public_health_200
W3180401450,W1964604383,1,actual_openalex_reference,test,openalex_public_health_200
W3180401450,W1973544908,1,actual_openalex_reference,test,openalex_public_health_200
W3180401450,W1978076093,1,actual_openalex_reference,test,openalex_public_health_200
W3180401450,W1983586777,1,actual_openalex_reference,test,openalex_public_health_200
W3180401450,W1986912841,1,actual_openalex_reference,test,openalex_public_health_200
W3180401450,W1992942888,1,actual_openalex_reference,test,openalex_public_health_200
W3180401450,W1993809525,1,actual_openalex_reference,test,openalex_public_health_200
W3180401450,W2000594564,1,actual_openalex_reference,test,openalex_public_health_200
W3180401450,W2000846240,1,actual_openalex_reference,test,openalex_public_health_200
W3180401450,W2006046203,1,actual_openalex_reference,test,openalex_public_health_200
W3180401450,W2008023822,1,actual_openalex_reference,test,openalex_public_health_200
W3180401450,W2059565301,1,actual_openalex_reference,test,openalex_public_health_200
W3180401450,W2059723372,1,actual_openalex_reference,test,openalex_public_health_200
W3180401450,W2061326496,1,actual_openalex_reference,test,openalex_public_health_200
W3180401450,W2097180508,1,actual_openalex_reference,test,openalex_public_health_200
W3180401450,W2102941960,1,actual_openalex_reference,test,openalex_public_health_200
W3180401450,W2111395948,1,actual_openalex_reference,test,openalex_public_health_200
W3180401450,W2114921087,1,actual_openalex_reference,test,openalex_public_health_200
W3180401450,W2124255588,1,actual_openalex_reference,test,openalex_public_health_200
W3180401450,W2127056538,1,actual_openalex_reference,test,openalex_public_health_200
W3180401450,W2132317222,1,actual_openalex_reference,test,openalex_public_health_200
W3180401450,W2144228546,1,actual_openalex_reference,test,openalex_public_health_200
W3180401450,W2148903509,1,actual_openalex_reference,test,openalex_public_health_200
W3180401450,W2468436640,1,actual_openalex_reference,test,openalex_public_health_200
W3180401450,W2585240890,1,actual_openalex_reference,test,openalex_public_health_200
W3180401450,W2801369702,1,actual_openalex_reference,test,openalex_public_health_200
W3017799264,W2726829657,1,actual_openalex_reference,test,openalex_public_health_200
W3017799264,W3001897055,1,actual_openalex_reference,test,openalex_public_health_200
W3017799264,W3009298134,1,actual_openalex_reference,test,openalex_public_health_200
W3017799264,W3009692671,1,actual_openalex_reference,test,openalex_public_health_200
W3017799264,W3011305361,1,actual_openalex_reference,test,openalex_public_health_200
W3017799264,W3014260755,1,actual_openalex_reference,test,openalex_public_health_200
W3017799264,W3094195256,1,actual_openalex_reference,test,openalex_public_health_200
W3047277367,W2065293942,1,actual_openalex_reference,test,openalex_public_health_200
W3047277367,W2341086799,1,actual_openalex_reference,test,openalex_public_health_200
W3047277367,W2437487086,1,actual_openalex_reference,test,openalex_public_health_200
W3047277367,W2509835743,1,actual_openalex_reference,test,openalex_public_health_200
W3047277367,W2518892567,1,actual_openalex_reference,test,openalex_public_health_200
W3047277367,W2579693511,1,actual_openalex_reference,test,openalex_public_health_200
W3047277367,W2775562134,1,actual_openalex_reference,test,openalex_public_health_200
W3047277367,W2912879272,1,actual_openalex_reference,test,openalex_public_health_200
W3047277367,W2922075579,1,actual_openalex_reference,test,openalex_public_health_200
W3047277367,W2997122632,1,actual_openalex_reference,test,openalex_public_health_200
W3047277367,W2999289993,1,actual_openalex_reference,test,openalex_public_health_200
W3047277367,W3044593931,1,actual_openalex_reference,test,openalex_public_health_200
W3047277367,W4246234240,1,actual_openalex_reference,test,openalex_public_health_200
W2992100568,W2889150454,1,actual_openalex_reference,test,openalex_public_health_200
W2992100568,W2902191219,1,actual_openalex_reference,test,openalex_public_health_200
W2992100568,W2947167377,1,actual_openalex_reference,test,openalex_public_health_200
W2992100568,W2982205388,1,actual_openalex_reference,test,openalex_public_health_200
W2992100568,W2991974967,1,actual_openalex_reference,test,openalex_public_health_200
W2992100568,W2992382743,1,actual_openalex_reference,test,openalex_public_health_200
W2992100568,W2993320913,1,actual_openalex_reference,test,openalex_public_health_200
W2992100568,W2993550788,1,actual_openalex_reference,test,openalex_public_health_200
W3115657519,W1967437239,1,actual_openalex_reference,test,openalex_public_health_200
W3115657519,W1991340779,1,actual_openalex_reference,test,openalex_public_health_200
W3115657519,W2003042366,1,actual_openalex_reference,test,openalex_public_health_200
W3115657519,W2007717632,1,actual_openalex_reference,test,openalex_public_health_200
W3115657519,W2017554041,1,actual_openalex_reference,test,openalex_public_health_200
W3115657519,W2097127626,1,actual_openalex_reference,test,openalex_public_health_200
W3115657519,W2140678352,1,actual_openalex_reference,test,openalex_public_health_200
W3115657519,W2148451199,1,actual_openalex_reference,test,openalex_public_health_200
W3115657519,W2164584250,1,actual_openalex_reference,test,openalex_public_health_200
W3115657519,W2347208335,1,actual_openalex_reference,test,openalex_public_health_200
W3115657519,W2568076714,1,actual_openalex_reference,test,openalex_public_health_200
W3115657519,W2611096819,1,actual_openalex_reference,test,openalex_public_health_200
W3115657519,W2795983228,1,actual_openalex_reference,test,openalex_public_health_200
W3115657519,W2903306863,1,actual_openalex_reference,test,openalex_public_health_200
W3115657519,W2972976773,1,actual_openalex_reference,test,openalex_public_health_200
W3115657519,W2982616241,1,actual_openalex_reference,test,openalex_public_health_200
W3115657519,W3033114807,1,actual_openalex_reference,test,openalex_public_health_200
W3115657519,W3080859742,1,actual_openalex_reference,test,openalex_public_health_200
W2965004268,W1975943347,1,actual_openalex_reference,test,openalex_public_health_200
W2965004268,W2035283182,1,actual_openalex_reference,test,openalex_public_health_200
W2965004268,W2083565359,1,actual_openalex_reference,test,openalex_public_health_200
W2965004268,W2112050863,1,actual_openalex_reference,test,openalex_public_health_200
W2965004268,W2167329828,1,actual_openalex_reference,test,openalex_public_health_200
W2965004268,W2167423131,1,actual_openalex_reference,test,openalex_public_health_200
W2965004268,W2315315372,1,actual_openalex_reference,test,openalex_public_health_200
W2965004268,W2403108414,1,actual_openalex_reference,test,openalex_public_health_200
W2965004268,W2603389186,1,actual_openalex_reference,test,openalex_public_health_200
W2965004268,W2605402189,1,actual_openalex_reference,test,openalex_public_health_200
W2965004268,W2751630023,1,actual_openalex_reference,test,openalex_public_health_200
W2965004268,W2915759929,1,actual_openalex_reference,test,openalex_public_health_200
W2965004268,W4241341295,1,actual_openalex_reference,test,openalex_public_health_200
W3099202670,W1965493434,1,actual_openalex_reference,test,openalex_public_health_200
W3099202670,W1987645786,1,actual_openalex_reference,test,openalex_public_health_200
W3099202670,W2033358364,1,actual_openalex_reference,test,openalex_public_health_200
W3099202670,W2108816947,1,actual_openalex_reference,test,openalex_public_health_200
W3099202670,W2111516841,1,actual_openalex_reference,test,openalex_public_health_200
W3099202670,W2184923241,1,actual_openalex_reference,test,openalex_public_health_200
W3099202670,W2203371063,1,actual_openalex_reference,test,openalex_public_health_200
W3099202670,W2593953317,1,actual_openalex_reference,test,openalex_public_health_200
W3099202670,W2620952925,1,actual_openalex_reference,test,openalex_public_health_200
W3099202670,W2765195499,1,actual_openalex_reference,test,openalex_public_health_200
W3099202670,W2782489446,1,actual_openalex_reference,test,openalex_public_health_200
W3099202670,W2792662962,1,actual_openalex_reference,test,openalex_public_health_200
W3169276147,W322826253,1,actual_openalex_reference,test,openalex_public_health_200
W3169276147,W1997551115,1,actual_openalex_reference,test,openalex_public_health_200
W3169276147,W2000566660,1,actual_openalex_reference,test,openalex_public_health_200
W3169276147,W2020670411,1,actual_openalex_reference,test,openalex_public_health_200
W3169276147,W2023330973,1,actual_openalex_reference,test,openalex_public_health_200
W3169276147,W2080839414,1,actual_openalex_reference,test,openalex_public_health_200
W3169276147,W2087100456,1,actual_openalex_reference,test,openalex_public_health_200
W3169276147,W2102018535,1,actual_openalex_reference,test,openalex_public_health_200
W3169276147,W2104195081,1,actual_openalex_reference,test,openalex_public_health_200
W3169276147,W2114185351,1,actual_openalex_reference,test,openalex_public_health_200
W3169276147,W2151570219,1,actual_openalex_reference,test,openalex_public_health_200
W3169276147,W2161347581,1,actual_openalex_reference,test,openalex_public_health_200
W3169276147,W2328972216,1,actual_openalex_reference,test,openalex_public_health_200
W3169276147,W2339965675,1,actual_openalex_reference,test,openalex_public_health_200
W3169276147,W2624761121,1,actual_openalex_reference,test,openalex_public_health_200
W3169276147,W2790987533,1,actual_openalex_reference,test,openalex_public_health_200
W3169276147,W2887223862,1,actual_openalex_reference,test,openalex_public_health_200
W3169276147,W2954250769,1,actual_openalex_reference,test,openalex_public_health_200
W3169276147,W2972438909,1,actual_openalex_reference,test,openalex_public_health_200
W3089027027,W26794129,1,actual_openalex_reference,test,openalex_public_health_200
W3089027027,W1507769851,1,actual_openalex_reference,test,openalex_public_health_200
W3089027027,W1745396860,1,actual_openalex_reference,test,openalex_public_health_200
W3089027027,W1919390113,1,actual_openalex_reference,test,openalex_public_health_200
W3089027027,W1989747464,1,actual_openalex_reference,test,openalex_public_health_200
W3089027027,W2091979774,1,actual_openalex_reference,test,openalex_public_health_200
W3089027027,W2098502504,1,actual_openalex_reference,test,openalex_public_health_200
W3089027027,W2122396114,1,actual_openalex_reference,test,openalex_public_health_200
W3089027027,W2163287225,1,actual_openalex_reference,test,openalex_public_health_200
W3089027027,W2163776859,1,actual_openalex_reference,test,openalex_public_health_200
W3089027027,W2186166617,1,actual_openalex_reference,test,openalex_public_health_200
W3089027027,W2463411194,1,actual_openalex_reference,test,openalex_public_health_200
W3089027027,W2557296356,1,actual_openalex_reference,test,openalex_public_health_200
W3089027027,W2601752949,1,actual_openalex_reference,test,openalex_public_health_200
W3089027027,W2618791028,1,actual_openalex_reference,test,openalex_public_health_200
W3089027027,W2765958568,1,actual_openalex_reference,test,openalex_public_health_200
W3089027027,W2789745508,1,actual_openalex_reference,test,openalex_public_health_200
W3089027027,W2791719961,1,actual_openalex_reference,test,openalex_public_health_200
W3089027027,W2792903182,1,actual_openalex_reference,test,openalex_public_health_200
W3089027027,W2802210614,1,actual_openalex_reference,test,openalex_public_health_200
W3089027027,W2806165062,1,actual_openalex_reference,test,openalex_public_health_200
W3089027027,W2810817342,1,actual_openalex_reference,test,openalex_public_health_200
W3089027027,W2888190061,1,actual_openalex_reference,test,openalex_public_health_200
W3089027027,W2890817840,1,actual_openalex_reference,test,openalex_public_health_200
W3089027027,W2891478941,1,actual_openalex_reference,test,openalex_public_health_200
W2981015560,W1551717485,1,actual_openalex_reference,test,openalex_public_health_200
W2981015560,W2028539310,1,actual_openalex_reference,test,openalex_public_health_200
W2981015560,W2028553114,1,actual_openalex_reference,test,openalex_public_health_200
W2981015560,W2030768062,1,actual_openalex_reference,test,openalex_public_health_200
W2981015560,W2066333718,1,actual_openalex_reference,test,openalex_public_health_200
W2981015560,W2068989629,1,actual_openalex_reference,test,openalex_public_health_200
W2981015560,W2099215382,1,actual_openalex_reference,test,openalex_public_health_200
W2981015560,W2110225007,1,actual_openalex_reference,test,openalex_public_health_200
W3214905059,W1531806784,1,actual_openalex_reference,test,openalex_public_health_200
W3214905059,W1921590231,1,actual_openalex_reference,test,openalex_public_health_200
W3214905059,W1966461396,1,actual_openalex_reference,test,openalex_public_health_200
W3214905059,W2028038387,1,actual_openalex_reference,test,openalex_public_health_200
W3214905059,W2061472373,1,actual_openalex_reference,test,openalex_public_health_200
W3214905059,W2096797595,1,actual_openalex_reference,test,openalex_public_health_200
W3214905059,W2118605131,1,actual_openalex_reference,test,openalex_public_health_200
W3214905059,W2156407698,1,actual_openalex_reference,test,openalex_public_health_200
W3214905059,W2174680733,1,actual_openalex_reference,test,openalex_public_health_200
W3214905059,W2333788799,1,actual_openalex_reference,test,openalex_public_health_200
W3214905059,W2475051488,1,actual_openalex_reference,test,openalex_public_health_200
W3214905059,W2557694756,1,actual_openalex_reference,test,openalex_public_health_200
W3214905059,W2576133374,1,actual_openalex_reference,test,openalex_public_health_200
W3214905059,W2759228918,1,actual_openalex_reference,test,openalex_public_health_200
W3214905059,W2886659803,1,actual_openalex_reference,test,openalex_public_health_200
W3205875647,W1977563337,1,actual_openalex_reference,test,openalex_public_health_200
W3205875647,W2011230908,1,actual_openalex_reference,test,openalex_public_health_200
W3205875647,W2107456552,1,actual_openalex_reference,test,openalex_public_health_200
W3205875647,W2128183132,1,actual_openalex_reference,test,openalex_public_health_200
W3205875647,W2148882270,1,actual_openalex_reference,test,openalex_public_health_200
W3205875647,W2152993340,1,actual_openalex_reference,test,openalex_public_health_200
W3205875647,W2157936464,1,actual_openalex_reference,test,openalex_public_health_200
W3205875647,W2164458621,1,actual_openalex_reference,test,openalex_public_health_200
W3205875647,W2169159552,1,actual_openalex_reference,test,openalex_public_health_200
W3205875647,W2171684164,1,actual_openalex_reference,test,openalex_public_health_200
W3205875647,W2173812327,1,actual_openalex_reference,test,openalex_public_health_200
W3205875647,W2179947750,1,actual_openalex_reference,test,openalex_public_health_200
W3205875647,W2196806713,1,actual_openalex_reference,test,openalex_public_health_200
W3205875647,W2399608867,1,actual_openalex_reference,test,openalex_public_health_200
W3205875647,W2551128160,1,actual_openalex_reference,test,openalex_public_health_200
W3205875647,W2743096371,1,actual_openalex_reference,test,openalex_public_health_200
W3205875647,W2887324156,1,actual_openalex_reference,test,openalex_public_health_200
W3205875647,W2915031928,1,actual_openalex_reference,test,openalex_public_health_200
W3205875647,W2988979702,1,actual_openalex_reference,test,openalex_public_health_200
W3205875647,W3044176274,1,actual_openalex_reference,test,openalex_public_health_200
W3205875647,W3090871396,1,actual_openalex_reference,test,openalex_public_health_200
W3205875647,W4297832454,1,actual_openalex_reference,test,openalex_public_health_200
W3024371688,W1614013389,1,actual_openalex_reference,test,openalex_public_health_200
W3024371688,W1974395048,1,actual_openalex_reference,test,openalex_public_health_200
W3024371688,W1982036768,1,actual_openalex_reference,test,openalex_public_health_200
W3024371688,W1991445432,1,actual_openalex_reference,test,openalex_public_health_200
W3024371688,W1993341184,1,actual_openalex_reference,test,openalex_public_health_200
W3024371688,W1994243225,1,actual_openalex_reference,test,openalex_public_health_200
W3024371688,W2002241228,1,actual_openalex_reference,test,openalex_public_health_200
W3024371688,W2025888270,1,actual_openalex_reference,test,openalex_public_health_200
W3024371688,W2050009614,1,actual_openalex_reference,test,openalex_public_health_200
W3024371688,W2065514416,1,actual_openalex_reference,test,openalex_public_health_200
W3024371688,W2076906449,1,actual_openalex_reference,test,openalex_public_health_200
W3024371688,W2076923984,1,actual_openalex_reference,test,openalex_public_health_200
W3024371688,W2082643036,1,actual_openalex_reference,test,openalex_public_health_200
W3024371688,W2089103283,1,actual_openalex_reference,test,openalex_public_health_200
W3024371688,W2103084213,1,actual_openalex_reference,test,openalex_public_health_200
W3024371688,W2107150305,1,actual_openalex_reference,test,openalex_public_health_200
W3024371688,W2110368649,1,actual_openalex_reference,test,openalex_public_health_200
W3024371688,W2116404316,1,actual_openalex_reference,test,openalex_public_health_200
W3024371688,W2124405724,1,actual_openalex_reference,test,openalex_public_health_200
W3024371688,W2134965581,1,actual_openalex_reference,test,openalex_public_health_200
W3024371688,W2139219244,1,actual_openalex_reference,test,openalex_public_health_200
W3024371688,W2149879351,1,actual_openalex_reference,test,openalex_public_health_200
W3024371688,W2153196496,1,actual_openalex_reference,test,openalex_public_health_200
W3024371688,W2154836846,1,actual_openalex_reference,test,openalex_public_health_200
W3024371688,W2158071129,1,actual_openalex_reference,test,openalex_public_health_200
W3024371688,W2165756200,1,actual_openalex_reference,test,openalex_public_health_200
W3024371688,W2166107856,1,actual_openalex_reference,test,openalex_public_health_200
W3024371688,W2170095557,1,actual_openalex_reference,test,openalex_public_health_200
W3024371688,W2344518657,1,actual_openalex_reference,test,openalex_public_health_200
W3024371688,W2397899567,1,actual_openalex_reference,test,openalex_public_health_200
W3024371688,W2521245317,1,actual_openalex_reference,test,openalex_public_health_200
W3024371688,W2803832139,1,actual_openalex_reference,test,openalex_public_health_200
W3024371688,W2900726805,1,actual_openalex_reference,test,openalex_public_health_200
W3024371688,W4240369675,1,actual_openalex_reference,test,openalex_public_health_200
W4233623301,W1857016869,1,actual_openalex_reference,test,openalex_public_health_200
W4233623301,W1976536758,1,actual_openalex_reference,test,openalex_public_health_200
W4233623301,W1980597708,1,actual_openalex_reference,test,openalex_public_health_200
W4233623301,W1983112138,1,actual_openalex_reference,test,openalex_public_health_200
W4233623301,W2005273232,1,actual_openalex_reference,test,openalex_public_health_200
W4233623301,W2029515932,1,actual_openalex_reference,test,openalex_public_health_200
W4233623301,W2045561656,1,actual_openalex_reference,test,openalex_public_health_200
W4233623301,W2049207532,1,actual_openalex_reference,test,openalex_public_health_200
W4233623301,W2054013327,1,actual_openalex_reference,test,openalex_public_health_200
W4233623301,W2075995435,1,actual_openalex_reference,test,openalex_public_health_200
W4233623301,W2078927047,1,actual_openalex_reference,test,openalex_public_health_200
W4233623301,W2114815572,1,actual_openalex_reference,test,openalex_public_health_200
W4233623301,W2121293883,1,actual_openalex_reference,test,openalex_public_health_200
W4233623301,W2141860584,1,actual_openalex_reference,test,openalex_public_health_200
W4233623301,W2143726221,1,actual_openalex_reference,test,openalex_public_health_200
W4233623301,W2162974040,1,actual_openalex_reference,test,openalex_public_health_200
W4233623301,W2195529641,1,actual_openalex_reference,test,openalex_public_health_200
W4233623301,W2334751797,1,actual_openalex_reference,test,openalex_public_health_200
W4233623301,W2735923669,1,actual_openalex_reference,test,openalex_public_health_200
W3194813581,W135263667,1,actual_openalex_reference,test,openalex_public_health_200
W3194813581,W1498955695,1,actual_openalex_reference,test,openalex_public_health_200
W3194813581,W1843554075,1,actual_openalex_reference,test,openalex_public_health_200
W3194813581,W2056876758,1,actual_openalex_reference,test,openalex_public_health_200
W3194813581,W2082602709,1,actual_openalex_reference,test,openalex_public_health_200
W3194813581,W2085451305,1,actual_openalex_reference,test,openalex_public_health_200
W3194813581,W2104595316,1,actual_openalex_reference,test,openalex_public_health_200
W3194813581,W2111245313,1,actual_openalex_reference,test,openalex_public_health_200
W3194813581,W2777086867,1,actual_openalex_reference,test,openalex_public_health_200
W3194813581,W2995475087,1,actual_openalex_reference,test,openalex_public_health_200
W3201408293,W2006020560,1,actual_openalex_reference,test,openalex_public_health_200
W3201408293,W2140595445,1,actual_openalex_reference,test,openalex_public_health_200
W3201408293,W2466932642,1,actual_openalex_reference,test,openalex_public_health_200
W3201408293,W2745600142,1,actual_openalex_reference,test,openalex_public_health_200
W3201408293,W2763120026,1,actual_openalex_reference,test,openalex_public_health_200
W3201408293,W2887848884,1,actual_openalex_reference,test,openalex_public_health_200
W3201408293,W3116158289,1,actual_openalex_reference,test,openalex_public_health_200
W3096337548,W1495590421,1,actual_openalex_reference,test,openalex_public_health_200
W3096337548,W1505583477,1,actual_openalex_reference,test,openalex_public_health_200
W3096337548,W1559020233,1,actual_openalex_reference,test,openalex_public_health_200
W3096337548,W1976094786,1,actual_openalex_reference,test,openalex_public_health_200
W3096337548,W2033972880,1,actual_openalex_reference,test,openalex_public_health_200
W3096337548,W2070009376,1,actual_openalex_reference,test,openalex_public_health_200
W3096337548,W2072110782,1,actual_openalex_reference,test,openalex_public_health_200
W3096337548,W2079811746,1,actual_openalex_reference,test,openalex_public_health_200
W3096337548,W2086603922,1,actual_openalex_reference,test,openalex_public_health_200
W3096337548,W2124255839,1,actual_openalex_reference,test,openalex_public_health_200
W3096337548,W2125625070,1,actual_openalex_reference,test,openalex_public_health_200
W3096337548,W2145138789,1,actual_openalex_reference,test,openalex_public_health_200
W3096337548,W2152967293,1,actual_openalex_reference,test,openalex_public_health_200
W3096337548,W2157888091,1,actual_openalex_reference,test,openalex_public_health_200
W3096337548,W2159364540,1,actual_openalex_reference,test,openalex_public_health_200
W3096337548,W2162036568,1,actual_openalex_reference,test,openalex_public_health_200
W3096337548,W2167716092,1,actual_openalex_reference,test,openalex_public_health_200
W3096337548,W2168153179,1,actual_openalex_reference,test,openalex_public_health_200
W3096337548,W2169544120,1,actual_openalex_reference,test,openalex_public_health_200
W3096337548,W2468332286,1,actual_openalex_reference,test,openalex_public_health_200
W3096337548,W2587923548,1,actual_openalex_reference,test,openalex_public_health_200
W3096337548,W2727088999,1,actual_openalex_reference,test,openalex_public_health_200
W3096337548,W2739775117,1,actual_openalex_reference,test,openalex_public_health_200
W3096337548,W2759793327,1,actual_openalex_reference,test,openalex_public_health_200
W3096337548,W2773172806,1,actual_openalex_reference,test,openalex_public_health_200
W3096337548,W2810011474,1,actual_openalex_reference,test,openalex_public_health_200
W3096337548,W2810065295,1,actual_openalex_reference,test,openalex_public_health_200
W3096337548,W2901207373,1,actual_openalex_reference,test,openalex_public_health_200
W2913545812,W1982794372,1,actual_openalex_reference,test,openalex_public_health_200
W2913545812,W2040489367,1,actual_openalex_reference,test,openalex_public_health_200
W2913545812,W2116822162,1,actual_openalex_reference,test,openalex_public_health_200
W2913545812,W2127341635,1,actual_openalex_reference,test,openalex_public_health_200
W2913545812,W2140297799,1,actual_openalex_reference,test,openalex_public_health_200
W2913545812,W2149185767,1,actual_openalex_reference,test,openalex_public_health_200
W2913545812,W2176043132,1,actual_openalex_reference,test,openalex_public_health_200
W2913545812,W2262689621,1,actual_openalex_reference,test,openalex_public_health_200
W2913545812,W2314831483,1,actual_openalex_reference,test,openalex_public_health_200
W2913545812,W2318572397,1,actual_openalex_reference,test,openalex_public_health_200
W2913545812,W2519971338,1,actual_openalex_reference,test,openalex_public_health_200
W2913545812,W2562930159,1,actual_openalex_reference,test,openalex_public_health_200
W2913545812,W2603861185,1,actual_openalex_reference,test,openalex_public_health_200
W2913545812,W2743568880,1,actual_openalex_reference,test,openalex_public_health_200
W2913545812,W2886080952,1,actual_openalex_reference,test,openalex_public_health_200
W2999377413,W2016352854,1,actual_openalex_reference,test,openalex_public_health_200
W2999377413,W2047457012,1,actual_openalex_reference,test,openalex_public_health_200
W2999377413,W2290883167,1,actual_openalex_reference,test,openalex_public_health_200
W2999377413,W2557141298,1,actual_openalex_reference,test,openalex_public_health_200
W2999377413,W2810235050,1,actual_openalex_reference,test,openalex_public_health_200
W3190942634,W1981930409,1,actual_openalex_reference,test,openalex_public_health_200
W3190942634,W2000270876,1,actual_openalex_reference,test,openalex_public_health_200
W3190942634,W2025848090,1,actual_openalex_reference,test,openalex_public_health_200
W3190942634,W2032674651,1,actual_openalex_reference,test,openalex_public_health_200
W3190942634,W2500396099,1,actual_openalex_reference,test,openalex_public_health_200
W3190942634,W2620599316,1,actual_openalex_reference,test,openalex_public_health_200
W3190942634,W2892400597,1,actual_openalex_reference,test,openalex_public_health_200
W3190942634,W2915479751,1,actual_openalex_reference,test,openalex_public_health_200
W3190942634,W2972743419,1,actual_openalex_reference,test,openalex_public_health_200
W3190942634,W3034285857,1,actual_openalex_reference,test,openalex_public_health_200
W3190942634,W3081522851,1,actual_openalex_reference,test,openalex_public_health_200
W3190942634,W3082384720,1,actual_openalex_reference,test,openalex_public_health_200
W3190942634,W3147571340,1,actual_openalex_reference,test,openalex_public_health_200
W3190942634,W3192821027,1,actual_openalex_reference,test,openalex_public_health_200
W3190942634,W4211147424,1,actual_openalex_reference,test,openalex_public_health_200
W3042705548,W1974363571,1,actual_openalex_reference,test,openalex_public_health_200
W3042705548,W1991402349,1,actual_openalex_reference,test,openalex_public_health_200
W3042705548,W2093563379,1,actual_openalex_reference,test,openalex_public_health_200
W3042705548,W2098031413,1,actual_openalex_reference,test,openalex_public_health_200
W3042705548,W2147176523,1,actual_openalex_reference,test,openalex_public_health_200
W3042705548,W2150049485,1,actual_openalex_reference,test,openalex_public_health_200
W3042705548,W2172103887,1,actual_openalex_reference,test,openalex_public_health_200
W3042705548,W2175448016,1,actual_openalex_reference,test,openalex_public_health_200
W3042705548,W2571685154,1,actual_openalex_reference,test,openalex_public_health_200
W3042705548,W2883036043,1,actual_openalex_reference,test,openalex_public_health_200
W3042705548,W2901752711,1,actual_openalex_reference,test,openalex_public_health_200
W3042705548,W2905033132,1,actual_openalex_reference,test,openalex_public_health_200
W3042705548,W2939659323,1,actual_openalex_reference,test,openalex_public_health_200
W3042705548,W2975578181,1,actual_openalex_reference,test,openalex_public_health_200
W3080789134,W1990024572,1,actual_openalex_reference,test,openalex_public_health_200
W3080789134,W2010314132,1,actual_openalex_reference,test,openalex_public_health_200
W3080789134,W2088271824,1,actual_openalex_reference,test,openalex_public_health_200
W3080789134,W2495739961,1,actual_openalex_reference,test,openalex_public_health_200
W3127180733,W1969798707,1,actual_openalex_reference,test,openalex_public_health_200
W3127180733,W2061738077,1,actual_openalex_reference,test,openalex_public_health_200
W3127180733,W2112718582,1,actual_openalex_reference,test,openalex_public_health_200
W3127180733,W2161728228,1,actual_openalex_reference,test,openalex_public_health_200
W3127180733,W2800790523,1,actual_openalex_reference,test,openalex_public_health_200
W3127180733,W2897019093,1,actual_openalex_reference,test,openalex_public_health_200
W3127180733,W3001195213,1,actual_openalex_reference,test,openalex_public_health_200
W3127180733,W3009876049,1,actual_openalex_reference,test,openalex_public_health_200
W3127180733,W3014667363,1,actual_openalex_reference,test,openalex_public_health_200
W3096514400,W70001716,1,actual_openalex_reference,test,openalex_public_health_200
W3096514400,W1247968195,1,actual_openalex_reference,test,openalex_public_health_200
W3096514400,W1502092126,1,actual_openalex_reference,test,openalex_public_health_200
W3096514400,W1598602811,1,actual_openalex_reference,test,openalex_public_health_200
W3096514400,W1714980748,1,actual_openalex_reference,test,openalex_public_health_200
W3096514400,W1744190077,1,actual_openalex_reference,test,openalex_public_health_200
W3096514400,W1840522038,1,actual_openalex_reference,test,openalex_public_health_200
W3096514400,W1964502734,1,actual_openalex_reference,test,openalex_public_health_200
W3096514400,W1979146329,1,actual_openalex_reference,test,openalex_public_health_200
W3096514400,W1981459575,1,actual_openalex_reference,test,openalex_public_health_200
W3096514400,W2004791451,1,actual_openalex_reference,test,openalex_public_health_200
W3096514400,W2011932878,1,actual_openalex_reference,test,openalex_public_health_200
W3096514400,W2037591251,1,actual_openalex_reference,test,openalex_public_health_200
W3096514400,W2040106495,1,actual_openalex_reference,test,openalex_public_health_200
W3096514400,W2050336499,1,actual_openalex_reference,test,openalex_public_health_200
W3096514400,W2055469806,1,actual_openalex_reference,test,openalex_public_health_200
W3096514400,W2065307891,1,actual_openalex_reference,test,openalex_public_health_200
W3096514400,W2065384164,1,actual_openalex_reference,test,openalex_public_health_200
W3096514400,W2071521386,1,actual_openalex_reference,test,openalex_public_health_200
W3096514400,W2076122276,1,actual_openalex_reference,test,openalex_public_health_200
W3096514400,W2081118086,1,actual_openalex_reference,test,openalex_public_health_200
W3096514400,W2086148792,1,actual_openalex_reference,test,openalex_public_health_200
W3096514400,W2088619891,1,actual_openalex_reference,test,openalex_public_health_200
W3096514400,W2098923148,1,actual_openalex_reference,test,openalex_public_health_200
W3096514400,W2099117634,1,actual_openalex_reference,test,openalex_public_health_200
W3096514400,W2103013207,1,actual_openalex_reference,test,openalex_public_health_200
W3096514400,W2104129218,1,actual_openalex_reference,test,openalex_public_health_200
W3096514400,W2105461016,1,actual_openalex_reference,test,openalex_public_health_200
W3096514400,W2117294447,1,actual_openalex_reference,test,openalex_public_health_200
W3096514400,W2119979717,1,actual_openalex_reference,test,openalex_public_health_200
W3096514400,W2124594262,1,actual_openalex_reference,test,openalex_public_health_200
W3096514400,W2128247578,1,actual_openalex_reference,test,openalex_public_health_200
W3096514400,W2138659892,1,actual_openalex_reference,test,openalex_public_health_200
W3096514400,W2142917088,1,actual_openalex_reference,test,openalex_public_health_200
W3096514400,W2144836450,1,actual_openalex_reference,test,openalex_public_health_200
W3096514400,W2147309314,1,actual_openalex_reference,test,openalex_public_health_200
W3096514400,W2148488594,1,actual_openalex_reference,test,openalex_public_health_200
W3096514400,W2154119914,1,actual_openalex_reference,test,openalex_public_health_200
W3096514400,W2154871223,1,actual_openalex_reference,test,openalex_public_health_200
W3096514400,W2160795579,1,actual_openalex_reference,test,openalex_public_health_200
W3096514400,W2161374186,1,actual_openalex_reference,test,openalex_public_health_200
W3096514400,W2165010366,1,actual_openalex_reference,test,openalex_public_health_200
W3096514400,W2167179256,1,actual_openalex_reference,test,openalex_public_health_200
W3096514400,W2170952317,1,actual_openalex_reference,test,openalex_public_health_200
W3096514400,W2182973526,1,actual_openalex_reference,test,openalex_public_health_200
W3096514400,W2263052627,1,actual_openalex_reference,test,openalex_public_health_200
W3096514400,W2289777146,1,actual_openalex_reference,test,openalex_public_health_200
W3096514400,W2318516020,1,actual_openalex_reference,test,openalex_public_health_200
W3096514400,W2404099172,1,actual_openalex_reference,test,openalex_public_health_200
W3096514400,W2426689735,1,actual_openalex_reference,test,openalex_public_health_200
W3096514400,W2463752840,1,actual_openalex_reference,test,openalex_public_health_200
W3096514400,W2472471577,1,actual_openalex_reference,test,openalex_public_health_200
W3096514400,W2519291423,1,actual_openalex_reference,test,openalex_public_health_200
W3096514400,W2531262358,1,actual_openalex_reference,test,openalex_public_health_200
W3096514400,W2588681363,1,actual_openalex_reference,test,openalex_public_health_200
W3096514400,W2592678010,1,actual_openalex_reference,test,openalex_public_health_200
W3096514400,W2593363470,1,actual_openalex_reference,test,openalex_public_health_200
W3096514400,W2606349857,1,actual_openalex_reference,test,openalex_public_health_200
W3096514400,W2615642679,1,actual_openalex_reference,test,openalex_public_health_200
W3096514400,W2616385997,1,actual_openalex_reference,test,openalex_public_health_200
W3096514400,W2687269839,1,actual_openalex_reference,test,openalex_public_health_200
W3096514400,W2768727694,1,actual_openalex_reference,test,openalex_public_health_200
W3096514400,W2802039131,1,actual_openalex_reference,test,openalex_public_health_200
W3096514400,W2974565622,1,actual_openalex_reference,test,openalex_public_health_200
W3096514400,W3005392542,1,actual_openalex_reference,test,openalex_public_health_200
W3096514400,W3112577311,1,actual_openalex_reference,test,openalex_public_health_200
W3096514400,W4211062734,1,actual_openalex_reference,test,openalex_public_health_200
W3096514400,W4214559180,1,actual_openalex_reference,test,openalex_public_health_200
W3017281405,W71303631,1,actual_openalex_reference,test,openalex_public_health_200
W3017281405,W142355952,1,actual_openalex_reference,test,openalex_public_health_200
W3017281405,W167674501,1,actual_openalex_reference,test,openalex_public_health_200
W3017281405,W197649977,1,actual_openalex_reference,test,openalex_public_health_200
W3017281405,W206475726,1,actual_openalex_reference,test,openalex_public_health_200
W3017281405,W1141106368,1,actual_openalex_reference,test,openalex_public_health_200
W3017281405,W1471295923,1,actual_openalex_reference,test,openalex_public_health_200
W3017281405,W1488567537,1,actual_openalex_reference,test,openalex_public_health_200
W3017281405,W1498826774,1,actual_openalex_reference,test,openalex_public_health_200
W3017281405,W1519626519,1,actual_openalex_reference,test,openalex_public_health_200
W3017281405,W1520174498,1,actual_openalex_reference,test,openalex_public_health_200
W3017281405,W1713807336,1,actual_openalex_reference,test,openalex_public_health_200
W3017281405,W1841279730,1,actual_openalex_reference,test,openalex_public_health_200
W3017281405,W1926415799,1,actual_openalex_reference,test,openalex_public_health_200
W3017281405,W1961689218,1,actual_openalex_reference,test,openalex_public_health_200
W3017281405,W1976517353,1,actual_openalex_reference,test,openalex_public_health_200
W3017281405,W1977521733,1,actual_openalex_reference,test,openalex_public_health_200
W3017281405,W1978308006,1,actual_openalex_reference,test,openalex_public_health_200
W3017281405,W1979281993,1,actual_openalex_reference,test,openalex_public_health_200
W3017281405,W1981296491,1,actual_openalex_reference,test,openalex_public_health_200
W3017281405,W1982390462,1,actual_openalex_reference,test,openalex_public_health_200
W3017281405,W1988499764,1,actual_openalex_reference,test,openalex_public_health_200
W3017281405,W1995259271,1,actual_openalex_reference,test,openalex_public_health_200
W3017281405,W1996835379,1,actual_openalex_reference,test,openalex_public_health_200
W3017281405,W1997444173,1,actual_openalex_reference,test,openalex_public_health_200
W3017281405,W1998878620,1,actual_openalex_reference,test,openalex_public_health_200
W3017281405,W1998939657,1,actual_openalex_reference,test,openalex_public_health_200
W3017281405,W2003056427,1,actual_openalex_reference,test,openalex_public_health_200
W3017281405,W2003371963,1,actual_openalex_reference,test,openalex_public_health_200
W3017281405,W2007787994,1,actual_openalex_reference,test,openalex_public_health_200
W3017281405,W2016623562,1,actual_openalex_reference,test,openalex_public_health_200
W3017281405,W2024020026,1,actual_openalex_reference,test,openalex_public_health_200
W3017281405,W2024769417,1,actual_openalex_reference,test,openalex_public_health_200
W3017281405,W2041557957,1,actual_openalex_reference,test,openalex_public_health_200
W3017281405,W2042376741,1,actual_openalex_reference,test,openalex_public_health_200
W3017281405,W2051554137,1,actual_openalex_reference,test,openalex_public_health_200
W3017281405,W2068313805,1,actual_openalex_reference,test,openalex_public_health_200
W3017281405,W2072947226,1,actual_openalex_reference,test,openalex_public_health_200
W3017281405,W2077406126,1,actual_openalex_reference,test,openalex_public_health_200
W3017281405,W2081007662,1,actual_openalex_reference,test,openalex_public_health_200
W3017281405,W2085803696,1,actual_openalex_reference,test,openalex_public_health_200
W3017281405,W2086844928,1,actual_openalex_reference,test,openalex_public_health_200
W3017281405,W2108956398,1,actual_openalex_reference,test,openalex_public_health_200
W3017281405,W2110844912,1,actual_openalex_reference,test,openalex_public_health_200
W3017281405,W2113505990,1,actual_openalex_reference,test,openalex_public_health_200
W3017281405,W2116080470,1,actual_openalex_reference,test,openalex_public_health_200
W3017281405,W2116364189,1,actual_openalex_reference,test,openalex_public_health_200
W3017281405,W2117396295,1,actual_openalex_reference,test,openalex_public_health_200
W3017281405,W2125675160,1,actual_openalex_reference,test,openalex_public_health_200
W3017281405,W2132874199,1,actual_openalex_reference,test,openalex_public_health_200
W3017281405,W2144262774,1,actual_openalex_reference,test,openalex_public_health_200
W3017281405,W2283405170,1,actual_openalex_reference,test,openalex_public_health_200
W3017281405,W2322964963,1,actual_openalex_reference,test,openalex_public_health_200
W3017281405,W2326381038,1,actual_openalex_reference,test,openalex_public_health_200
W3017281405,W2337329036,1,actual_openalex_reference,test,openalex_public_health_200
W3017281405,W2346720960,1,actual_openalex_reference,test,openalex_public_health_200
W3017281405,W2394954659,1,actual_openalex_reference,test,openalex_public_health_200
W3017281405,W2396104103,1,actual_openalex_reference,test,openalex_public_health_200
W3017281405,W2399802795,1,actual_openalex_reference,test,openalex_public_health_200
W3017281405,W2408596932,1,actual_openalex_reference,test,openalex_public_health_200
W3017281405,W2410311577,1,actual_openalex_reference,test,openalex_public_health_200
W3017281405,W2416472535,1,actual_openalex_reference,test,openalex_public_health_200
W3017281405,W2463109861,1,actual_openalex_reference,test,openalex_public_health_200
W3017281405,W2587592251,1,actual_openalex_reference,test,openalex_public_health_200
W3017281405,W2594359884,1,actual_openalex_reference,test,openalex_public_health_200
W3017281405,W2599245417,1,actual_openalex_reference,test,openalex_public_health_200
W3017281405,W2601836718,1,actual_openalex_reference,test,openalex_public_health_200
W3017281405,W2625506792,1,actual_openalex_reference,test,openalex_public_health_200
W3017281405,W2742099169,1,actual_openalex_reference,test,openalex_public_health_200
W3017281405,W2788387417,1,actual_openalex_reference,test,openalex_public_health_200
W3017281405,W2797325939,1,actual_openalex_reference,test,openalex_public_health_200
W3017281405,W2892971783,1,actual_openalex_reference,test,openalex_public_health_200
W3017281405,W2979368458,1,actual_openalex_reference,test,openalex_public_health_200
W3017281405,W4296139292,1,actual_openalex_reference,test,openalex_public_health_200
W3017281405,W4297845679,1,actual_openalex_reference,test,openalex_public_health_200
W3171685221,W15501953,1,actual_openalex_reference,test,openalex_public_health_200
W3171685221,W1507244839,1,actual_openalex_reference,test,openalex_public_health_200
W3171685221,W1855631616,1,actual_openalex_reference,test,openalex_public_health_200
W3171685221,W1907976315,1,actual_openalex_reference,test,openalex_public_health_200
W3171685221,W1969700808,1,actual_openalex_reference,test,openalex_public_health_200
W3171685221,W1996011738,1,actual_openalex_reference,test,openalex_public_health_200
W3171685221,W1997113758,1,actual_openalex_reference,test,openalex_public_health_200
W3171685221,W2000680826,1,actual_openalex_reference,test,openalex_public_health_200
W3171685221,W2001921509,1,actual_openalex_reference,test,openalex_public_health_200
W3171685221,W2017754173,1,actual_openalex_reference,test,openalex_public_health_200
W3171685221,W2026049492,1,actual_openalex_reference,test,openalex_public_health_200
W3171685221,W2033809812,1,actual_openalex_reference,test,openalex_public_health_200
W3171685221,W2035953264,1,actual_openalex_reference,test,openalex_public_health_200
W3171685221,W2056792413,1,actual_openalex_reference,test,openalex_public_health_200
W3171685221,W2057025465,1,actual_openalex_reference,test,openalex_public_health_200
W3171685221,W2071696819,1,actual_openalex_reference,test,openalex_public_health_200
W3171685221,W2080662121,1,actual_openalex_reference,test,openalex_public_health_200
W3171685221,W2082531992,1,actual_openalex_reference,test,openalex_public_health_200
W3171685221,W2109651147,1,actual_openalex_reference,test,openalex_public_health_200
W3171685221,W2110321074,1,actual_openalex_reference,test,openalex_public_health_200
W3171685221,W2121893872,1,actual_openalex_reference,test,openalex_public_health_200
W3171685221,W2146132012,1,actual_openalex_reference,test,openalex_public_health_200
W3171685221,W2164621983,1,actual_openalex_reference,test,openalex_public_health_200
W3171685221,W2280983282,1,actual_openalex_reference,test,openalex_public_health_200
W3171685221,W2319985496,1,actual_openalex_reference,test,openalex_public_health_200
W3171685221,W2320378040,1,actual_openalex_reference,test,openalex_public_health_200
W3171685221,W2325894690,1,actual_openalex_reference,test,openalex_public_health_200
W3171685221,W2332133342,1,actual_openalex_reference,test,openalex_public_health_200
W3171685221,W2337784415,1,actual_openalex_reference,test,openalex_public_health_200
W3171685221,W2344390598,1,actual_openalex_reference,test,openalex_public_health_200
W3171685221,W2562068681,1,actual_openalex_reference,test,openalex_public_health_200
W3171685221,W2605560929,1,actual_openalex_reference,test,openalex_public_health_200
W3171685221,W2791967944,1,actual_openalex_reference,test,openalex_public_health_200
W3171685221,W2792934062,1,actual_openalex_reference,test,openalex_public_health_200
W3171685221,W2808471741,1,actual_openalex_reference,test,openalex_public_health_200
W3171685221,W2888227095,1,actual_openalex_reference,test,openalex_public_health_200
W3171685221,W2896449912,1,actual_openalex_reference,test,openalex_public_health_200
W3171685221,W2897560649,1,actual_openalex_reference,test,openalex_public_health_200
W3171685221,W2920708784,1,actual_openalex_reference,test,openalex_public_health_200
W3171685221,W2966050066,1,actual_openalex_reference,test,openalex_public_health_200
W3171685221,W4242575637,1,actual_openalex_reference,test,openalex_public_health_200
W2979690367,W1906653047,1,actual_openalex_reference,test,openalex_public_health_200
W2979690367,W1929626569,1,actual_openalex_reference,test,openalex_public_health_200
W2979690367,W2029640980,1,actual_openalex_reference,test,openalex_public_health_200
W2979690367,W2071058949,1,actual_openalex_reference,test,openalex_public_health_200
W2979690367,W2141171492,1,actual_openalex_reference,test,openalex_public_health_200
W2979690367,W2160410981,1,actual_openalex_reference,test,openalex_public_health_200
W2979690367,W2472550104,1,actual_openalex_reference,test,openalex_public_health_200
W2979690367,W2802280071,1,actual_openalex_reference,test,openalex_public_health_200
W3170523628,W1968086599,1,actual_openalex_reference,test,openalex_public_health_200
W3170523628,W1972712963,1,actual_openalex_reference,test,openalex_public_health_200
W3170523628,W2032298501,1,actual_openalex_reference,test,openalex_public_health_200
W3170523628,W2094645425,1,actual_openalex_reference,test,openalex_public_health_200
W3170523628,W2097768735,1,actual_openalex_reference,test,openalex_public_health_200
W3170523628,W2134854296,1,actual_openalex_reference,test,openalex_public_health_200
W3170523628,W2139852527,1,actual_openalex_reference,test,openalex_public_health_200
W3170523628,W2141275793,1,actual_openalex_reference,test,openalex_public_health_200
W3170523628,W2172352191,1,actual_openalex_reference,test,openalex_public_health_200
W3170523628,W2191045458,1,actual_openalex_reference,test,openalex_public_health_200
W3170523628,W2269979437,1,actual_openalex_reference,test,openalex_public_health_200
W3170523628,W2330219640,1,actual_openalex_reference,test,openalex_public_health_200
W3170523628,W2513691254,1,actual_openalex_reference,test,openalex_public_health_200
W3170523628,W2514932497,1,actual_openalex_reference,test,openalex_public_health_200
W3170523628,W2527685305,1,actual_openalex_reference,test,openalex_public_health_200
W3170523628,W2554811449,1,actual_openalex_reference,test,openalex_public_health_200
W3170523628,W2560143088,1,actual_openalex_reference,test,openalex_public_health_200
W3170523628,W2577502084,1,actual_openalex_reference,test,openalex_public_health_200
W3170523628,W2589249035,1,actual_openalex_reference,test,openalex_public_health_200
W3170523628,W2767144603,1,actual_openalex_reference,test,openalex_public_health_200
W3170523628,W2770752082,1,actual_openalex_reference,test,openalex_public_health_200
W3170523628,W2792605133,1,actual_openalex_reference,test,openalex_public_health_200
W3170523628,W2898730779,1,actual_openalex_reference,test,openalex_public_health_200
W3170523628,W2937555015,1,actual_openalex_reference,test,openalex_public_health_200
W3170523628,W2986478241,1,actual_openalex_reference,test,openalex_public_health_200
W3170523628,W2991360492,1,actual_openalex_reference,test,openalex_public_health_200
W3170523628,W3134422996,1,actual_openalex_reference,test,openalex_public_health_200
W3119329960,W1963975930,1,actual_openalex_reference,test,openalex_public_health_200
W3119329960,W2006155853,1,actual_openalex_reference,test,openalex_public_health_200
W3119329960,W2006816310,1,actual_openalex_reference,test,openalex_public_health_200
W3119329960,W2027020631,1,actual_openalex_reference,test,openalex_public_health_200
W3119329960,W2133314239,1,actual_openalex_reference,test,openalex_public_health_200
W3119329960,W2138342958,1,actual_openalex_reference,test,openalex_public_health_200
W3119329960,W2165016648,1,actual_openalex_reference,test,openalex_public_health_200
W3119329960,W2342866326,1,actual_openalex_reference,test,openalex_public_health_200
W3119329960,W2561513081,1,actual_openalex_reference,test,openalex_public_health_200
W3119329960,W2611643636,1,actual_openalex_reference,test,openalex_public_health_200
W3119329960,W2891925901,1,actual_openalex_reference,test,openalex_public_health_200
W3119329960,W2922061786,1,actual_openalex_reference,test,openalex_public_health_200
W3119329960,W2941319860,1,actual_openalex_reference,test,openalex_public_health_200
W3119329960,W2992173562,1,actual_openalex_reference,test,openalex_public_health_200
W3119329960,W2993603980,1,actual_openalex_reference,test,openalex_public_health_200
W3119329960,W2999476614,1,actual_openalex_reference,test,openalex_public_health_200
W3119329960,W3013444022,1,actual_openalex_reference,test,openalex_public_health_200
W3119329960,W3044883333,1,actual_openalex_reference,test,openalex_public_health_200
W3184929329,W2002971269,1,actual_openalex_reference,test,openalex_public_health_200
W3184929329,W2024558712,1,actual_openalex_reference,test,openalex_public_health_200
W3184929329,W2036516342,1,actual_openalex_reference,test,openalex_public_health_200
W3184929329,W2056887779,1,actual_openalex_reference,test,openalex_public_health_200
W3184929329,W2061536883,1,actual_openalex_reference,test,openalex_public_health_200
W3184929329,W2440977408,1,actual_openalex_reference,test,openalex_public_health_200
W3184929329,W2584686778,1,actual_openalex_reference,test,openalex_public_health_200
W3184929329,W2592109421,1,actual_openalex_reference,test,openalex_public_health_200
W3184929329,W2599932392,1,actual_openalex_reference,test,openalex_public_health_200
W3184929329,W2742099169,1,actual_openalex_reference,test,openalex_public_health_200
W3184929329,W2752586603,1,actual_openalex_reference,test,openalex_public_health_200
W3184929329,W2762456621,1,actual_openalex_reference,test,openalex_public_health_200
W3184929329,W2970511686,1,actual_openalex_reference,test,openalex_public_health_200
W3184929329,W2999475560,1,actual_openalex_reference,test,openalex_public_health_200
W3184929329,W3006558880,1,actual_openalex_reference,test,openalex_public_health_200
W3184929329,W3090399314,1,actual_openalex_reference,test,openalex_public_health_200
W3184929329,W3093028256,1,actual_openalex_reference,test,openalex_public_health_200
W3184929329,W3100153281,1,actual_openalex_reference,test,openalex_public_health_200
W3184929329,W4387361941,1,actual_openalex_reference,test,openalex_public_health_200
W3008797532,W629433786,1,actual_openalex_reference,test,openalex_public_health_200
W3008797532,W1572860101,1,actual_openalex_reference,test,openalex_public_health_200
W3008797532,W1992054276,1,actual_openalex_reference,test,openalex_public_health_200
W3008797532,W2027839157,1,actual_openalex_reference,test,openalex_public_health_200
W3008797532,W2092081169,1,actual_openalex_reference,test,openalex_public_health_200
W3008797532,W2108828645,1,actual_openalex_reference,test,openalex_public_health_200
W3008797532,W2123412559,1,actual_openalex_reference,test,openalex_public_health_200
W3008797532,W2125910575,1,actual_openalex_reference,test,openalex_public_health_200
W3008797532,W2151346937,1,actual_openalex_reference,test,openalex_public_health_200
W3008797532,W2271322712,1,actual_openalex_reference,test,openalex_public_health_200
W3008797532,W2498106033,1,actual_openalex_reference,test,openalex_public_health_200
W3008797532,W2523887907,1,actual_openalex_reference,test,openalex_public_health_200
W3008797532,W2608740428,1,actual_openalex_reference,test,openalex_public_health_200
W3008797532,W2617923601,1,actual_openalex_reference,test,openalex_public_health_200
W3008797532,W2801138794,1,actual_openalex_reference,test,openalex_public_health_200
W3008797532,W2883671366,1,actual_openalex_reference,test,openalex_public_health_200
W3008797532,W2949756998,1,actual_openalex_reference,test,openalex_public_health_200
W3008797532,W2972304251,1,actual_openalex_reference,test,openalex_public_health_200
W3008797532,W3008996503,1,actual_openalex_reference,test,openalex_public_health_200
W4402262899,W1983628006,1,actual_openalex_reference,test,openalex_public_health_200
W4402262899,W2002349652,1,actual_openalex_reference,test,openalex_public_health_200
W4402262899,W2077415351,1,actual_openalex_reference,test,openalex_public_health_200
W4402262899,W2255134079,1,actual_openalex_reference,test,openalex_public_health_200
W4402262899,W2512464205,1,actual_openalex_reference,test,openalex_public_health_200
W4402262899,W2735376054,1,actual_openalex_reference,test,openalex_public_health_200
W4402262899,W2901902352,1,actual_openalex_reference,test,openalex_public_health_200
W4402262899,W2904867041,1,actual_openalex_reference,test,openalex_public_health_200
W4402262899,W3025405148,1,actual_openalex_reference,test,openalex_public_health_200
W3097662411,W2070246217,1,actual_openalex_reference,test,openalex_public_health_200
W3097662411,W2159100725,1,actual_openalex_reference,test,openalex_public_health_200
W3097662411,W2225877841,1,actual_openalex_reference,test,openalex_public_health_200
W3097662411,W2727004826,1,actual_openalex_reference,test,openalex_public_health_200
W3097662411,W2768339337,1,actual_openalex_reference,test,openalex_public_health_200
W3097662411,W2776694663,1,actual_openalex_reference,test,openalex_public_health_200
W3097662411,W2790600026,1,actual_openalex_reference,test,openalex_public_health_200
W3097662411,W2949836800,1,actual_openalex_reference,test,openalex_public_health_200
W4254669375,W1910664931,1,actual_openalex_reference,test,openalex_public_health_200
W4254669375,W2257388369,1,actual_openalex_reference,test,openalex_public_health_200
W4254669375,W2266608972,1,actual_openalex_reference,test,openalex_public_health_200
W4254669375,W2291264230,1,actual_openalex_reference,test,openalex_public_health_200
W4254669375,W2293474324,1,actual_openalex_reference,test,openalex_public_health_200
W4254669375,W2591612078,1,actual_openalex_reference,test,openalex_public_health_200
W3111149792,W1984696370,1,actual_openalex_reference,test,openalex_public_health_200
W3111149792,W1986233811,1,actual_openalex_reference,test,openalex_public_health_200
W3111149792,W1989572733,1,actual_openalex_reference,test,openalex_public_health_200
W3111149792,W2029502717,1,actual_openalex_reference,test,openalex_public_health_200
W3111149792,W2064685158,1,actual_openalex_reference,test,openalex_public_health_200
W3111149792,W2090715556,1,actual_openalex_reference,test,openalex_public_health_200
W3111149792,W2144274654,1,actual_openalex_reference,test,openalex_public_health_200
W3111149792,W2178257109,1,actual_openalex_reference,test,openalex_public_health_200
W3111149792,W2213928253,1,actual_openalex_reference,test,openalex_public_health_200
W3111149792,W2339235099,1,actual_openalex_reference,test,openalex_public_health_200
W3036642310,W1995677430,1,actual_openalex_reference,test,openalex_public_health_200
W3036642310,W2005649851,1,actual_openalex_reference,test,openalex_public_health_200
W3036642310,W2096253714,1,actual_openalex_reference,test,openalex_public_health_200
W3036642310,W2130216836,1,actual_openalex_reference,test,openalex_public_health_200
W3036642310,W2133157175,1,actual_openalex_reference,test,openalex_public_health_200
W3036642310,W2323745825,1,actual_openalex_reference,test,openalex_public_health_200
W3036642310,W2607339833,1,actual_openalex_reference,test,openalex_public_health_200
W3036642310,W2911654931,1,actual_openalex_reference,test,openalex_public_health_200
W3036642310,W2948115897,1,actual_openalex_reference,test,openalex_public_health_200
W3036642310,W2950359968,1,actual_openalex_reference,test,openalex_public_health_200
W3119132754,W1908464539,1,actual_openalex_reference,test,openalex_public_health_200
W3119132754,W1992970377,1,actual_openalex_reference,test,openalex_public_health_200
W3119132754,W2018438873,1,actual_openalex_reference,test,openalex_public_health_200
W3119132754,W2050124058,1,actual_openalex_reference,test,openalex_public_health_200
W3119132754,W2067193640,1,actual_openalex_reference,test,openalex_public_health_200
W3119132754,W2111380632,1,actual_openalex_reference,test,openalex_public_health_200
W3119132754,W2119817288,1,actual_openalex_reference,test,openalex_public_health_200
W3119132754,W2125904929,1,actual_openalex_reference,test,openalex_public_health_200
W3119132754,W2132316389,1,actual_openalex_reference,test,openalex_public_health_200
W3119132754,W2146424546,1,actual_openalex_reference,test,openalex_public_health_200
W3119132754,W2165338511,1,actual_openalex_reference,test,openalex_public_health_200
W3119132754,W2167601761,1,actual_openalex_reference,test,openalex_public_health_200
W3119132754,W2170155829,1,actual_openalex_reference,test,openalex_public_health_200
W3119132754,W2171371293,1,actual_openalex_reference,test,openalex_public_health_200
W3119132754,W2171826138,1,actual_openalex_reference,test,openalex_public_health_200
W3119132754,W2512173419,1,actual_openalex_reference,test,openalex_public_health_200
W3119132754,W2739790450,1,actual_openalex_reference,test,openalex_public_health_200
W3119132754,W2778996191,1,actual_openalex_reference,test,openalex_public_health_200
W3040488234,W953252617,1,actual_openalex_reference,test,openalex_public_health_200
W3040488234,W1975140804,1,actual_openalex_reference,test,openalex_public_health_200
W3040488234,W1989686935,1,actual_openalex_reference,test,openalex_public_health_200
W3040488234,W2022190942,1,actual_openalex_reference,test,openalex_public_health_200
W3040488234,W2142412171,1,actual_openalex_reference,test,openalex_public_health_200
W3040488234,W2164731592,1,actual_openalex_reference,test,openalex_public_health_200
W3040488234,W2947276577,1,actual_openalex_reference,test,openalex_public_health_200
W3209474079,W8663082,1,actual_openalex_reference,test,openalex_public_health_200
W3209474079,W2036628339,1,actual_openalex_reference,test,openalex_public_health_200
W3209474079,W2067305635,1,actual_openalex_reference,test,openalex_public_health_200
W3209474079,W2111217460,1,actual_openalex_reference,test,openalex_public_health_200
W3209474079,W2126316210,1,actual_openalex_reference,test,openalex_public_health_200
W3209474079,W2168879703,1,actual_openalex_reference,test,openalex_public_health_200
W3209474079,W2340106067,1,actual_openalex_reference,test,openalex_public_health_200
W2212455068,W117736805,1,actual_openalex_reference,test,openalex_public_health_200
W2212455068,W1525947312,1,actual_openalex_reference,test,openalex_public_health_200
W2212455068,W1811863803,1,actual_openalex_reference,test,openalex_public_health_200
W2212455068,W1966411060,1,actual_openalex_reference,test,openalex_public_health_200
W2212455068,W1982068557,1,actual_openalex_reference,test,openalex_public_health_200
W2212455068,W2037319244,1,actual_openalex_reference,test,openalex_public_health_200
W2212455068,W2086533472,1,actual_openalex_reference,test,openalex_public_health_200
W2212455068,W2118537929,1,actual_openalex_reference,test,openalex_public_health_200
W2212455068,W2158439222,1,actual_openalex_reference,test,openalex_public_health_200
W4200255861,W132536692,1,actual_openalex_reference,test,openalex_public_health_200
W4200255861,W1832604137,1,actual_openalex_reference,test,openalex_public_health_200
W4200255861,W1979882098,1,actual_openalex_reference,test,openalex_public_health_200
W4200255861,W2006616448,1,actual_openalex_reference,test,openalex_public_health_200
W4200255861,W2098932229,1,actual_openalex_reference,test,openalex_public_health_200
W4200255861,W2123161255,1,actual_openalex_reference,test,openalex_public_health_200
W4200255861,W2132269368,1,actual_openalex_reference,test,openalex_public_health_200
W4200255861,W2134717733,1,actual_openalex_reference,test,openalex_public_health_200
W4200255861,W2142180323,1,actual_openalex_reference,test,openalex_public_health_200
W4200255861,W2157615368,1,actual_openalex_reference,test,openalex_public_health_200
W4200255861,W2169764493,1,actual_openalex_reference,test,openalex_public_health_200
W4200255861,W2171775334,1,actual_openalex_reference,test,openalex_public_health_200
W3015769735,W1504793225,1,actual_openalex_reference,test,openalex_public_health_200
W3015769735,W1605248640,1,actual_openalex_reference,test,openalex_public_health_200
W3015769735,W1978017667,1,actual_openalex_reference,test,openalex_public_health_200
W3015769735,W2000084199,1,actual_openalex_reference,test,openalex_public_health_200
W3015769735,W2040944571,1,actual_openalex_reference,test,openalex_public_health_200
W3015769735,W2127041066,1,actual_openalex_reference,test,openalex_public_health_200
W3015769735,W2406122630,1,actual_openalex_reference,test,openalex_public_health_200
W3015769735,W2477162414,1,actual_openalex_reference,test,openalex_public_health_200
W3015769735,W2607135504,1,actual_openalex_reference,test,openalex_public_health_200
W3015769735,W2617435174,1,actual_openalex_reference,test,openalex_public_health_200
W3015769735,W2736455421,1,actual_openalex_reference,test,openalex_public_health_200
W3015769735,W2792492758,1,actual_openalex_reference,test,openalex_public_health_200
W3015769735,W2800763301,1,actual_openalex_reference,test,openalex_public_health_200
W3015769735,W2807071277,1,actual_openalex_reference,test,openalex_public_health_200
W3015769735,W2884813459,1,actual_openalex_reference,test,openalex_public_health_200
W3015769735,W2892103312,1,actual_openalex_reference,test,openalex_public_health_200
W3015769735,W2910828008,1,actual_openalex_reference,test,openalex_public_health_200
W3015769735,W2920870158,1,actual_openalex_reference,test,openalex_public_health_200
W3015769735,W2921910012,1,actual_openalex_reference,test,openalex_public_health_200
W3015769735,W4232459627,1,actual_openalex_reference,test,openalex_public_health_200
W3080514374,W2032216719,1,actual_openalex_reference,test,openalex_public_health_200
W3080514374,W2116599326,1,actual_openalex_reference,test,openalex_public_health_200
W3080514374,W2126791898,1,actual_openalex_reference,test,openalex_public_health_200
W3080514374,W2130055563,1,actual_openalex_reference,test,openalex_public_health_200
W3080514374,W2151383246,1,actual_openalex_reference,test,openalex_public_health_200
W3080514374,W2296986887,1,actual_openalex_reference,test,openalex_public_health_200
W3080514374,W2375780016,1,actual_openalex_reference,test,openalex_public_health_200
W3080514374,W2466926363,1,actual_openalex_reference,test,openalex_public_health_200
W3080514374,W2485683380,1,actual_openalex_reference,test,openalex_public_health_200
W3080514374,W2531595198,1,actual_openalex_reference,test,openalex_public_health_200
W3080514374,W2602200846,1,actual_openalex_reference,test,openalex_public_health_200
W3080514374,W2945674751,1,actual_openalex_reference,test,openalex_public_health_200
W3080514374,W4252980978,1,actual_openalex_reference,test,openalex_public_health_200
W4200545216,W2001923551,1,actual_openalex_reference,test,openalex_public_health_200
W4200545216,W2162343312,1,actual_openalex_reference,test,openalex_public_health_200
W4200545216,W2532031923,1,actual_openalex_reference,test,openalex_public_health_200
W4200545216,W2791882256,1,actual_openalex_reference,test,openalex_public_health_200
W4200545216,W2799535425,1,actual_openalex_reference,test,openalex_public_health_200
W4200545216,W2824934933,1,actual_openalex_reference,test,openalex_public_health_200
W4200545216,W2918806774,1,actual_openalex_reference,test,openalex_public_health_200
W4200545216,W2926105284,1,actual_openalex_reference,test,openalex_public_health_200
W4200545216,W3014499825,1,actual_openalex_reference,test,openalex_public_health_200
W4200545216,W3015878694,1,actual_openalex_reference,test,openalex_public_health_200
W4200545216,W3016087491,1,actual_openalex_reference,test,openalex_public_health_200
W4200545216,W3016194750,1,actual_openalex_reference,test,openalex_public_health_200
W4200545216,W3019570274,1,actual_openalex_reference,test,openalex_public_health_200
W4200545216,W3020067459,1,actual_openalex_reference,test,openalex_public_health_200
W4200545216,W3021339548,1,actual_openalex_reference,test,openalex_public_health_200
W4200545216,W3026579047,1,actual_openalex_reference,test,openalex_public_health_200
W4200545216,W3028884420,1,actual_openalex_reference,test,openalex_public_health_200
W4200545216,W3031170901,1,actual_openalex_reference,test,openalex_public_health_200
W4200545216,W3033819555,1,actual_openalex_reference,test,openalex_public_health_200
W4200545216,W3044036805,1,actual_openalex_reference,test,openalex_public_health_200
W4200545216,W3046592218,1,actual_openalex_reference,test,openalex_public_health_200
W4200545216,W3047423097,1,actual_openalex_reference,test,openalex_public_health_200
W4200545216,W3087769408,1,actual_openalex_reference,test,openalex_public_health_200
W4206200722,W1980500731,1,actual_openalex_reference,test,openalex_public_health_200
W4206200722,W2784391463,1,actual_openalex_reference,test,openalex_public_health_200
W4206200722,W2885628719,1,actual_openalex_reference,test,openalex_public_health_200
W4206200722,W3015658132,1,actual_openalex_reference,test,openalex_public_health_200
W4206200722,W3026764783,1,actual_openalex_reference,test,openalex_public_health_200
W4206200722,W3027373195,1,actual_openalex_reference,test,openalex_public_health_200
W4206200722,W3084029565,1,actual_openalex_reference,test,openalex_public_health_200
W4206200722,W3085114106,1,actual_openalex_reference,test,openalex_public_health_200
W4206200722,W3095046743,1,actual_openalex_reference,test,openalex_public_health_200
W4206200722,W3120183004,1,actual_openalex_reference,test,openalex_public_health_200
W4206200722,W4206200722,1,actual_openalex_reference,test,openalex_public_health_200
W4206200722,W4249807835,1,actual_openalex_reference,test,openalex_public_health_200
W2969703824,W1859018917,1,actual_openalex_reference,test,openalex_public_health_200
W2969703824,W1983956188,1,actual_openalex_reference,test,openalex_public_health_200
W2969703824,W1997713350,1,actual_openalex_reference,test,openalex_public_health_200
W2969703824,W2001590590,1,actual_openalex_reference,test,openalex_public_health_200
W2969703824,W2008283534,1,actual_openalex_reference,test,openalex_public_health_200
W2969703824,W2023062383,1,actual_openalex_reference,test,openalex_public_health_200
W2969703824,W2030899242,1,actual_openalex_reference,test,openalex_public_health_200
W2969703824,W2035506041,1,actual_openalex_reference,test,openalex_public_health_200
W2969703824,W2045966606,1,actual_openalex_reference,test,openalex_public_health_200
W2969703824,W2091504582,1,actual_openalex_reference,test,openalex_public_health_200
W2969703824,W2102578313,1,actual_openalex_reference,test,openalex_public_health_200
W2969703824,W2109152387,1,actual_openalex_reference,test,openalex_public_health_200
W2969703824,W2110785494,1,actual_openalex_reference,test,openalex_public_health_200
W2969703824,W2145086429,1,actual_openalex_reference,test,openalex_public_health_200
W2969703824,W2148924243,1,actual_openalex_reference,test,openalex_public_health_200
W2969703824,W2150428862,1,actual_openalex_reference,test,openalex_public_health_200
W2969703824,W2162933707,1,actual_openalex_reference,test,openalex_public_health_200
W2969703824,W2170691060,1,actual_openalex_reference,test,openalex_public_health_200
W2969703824,W2461788728,1,actual_openalex_reference,test,openalex_public_health_200
W2969703824,W2762689525,1,actual_openalex_reference,test,openalex_public_health_200
W2969703824,W2806468601,1,actual_openalex_reference,test,openalex_public_health_200
W3137334321,W154753542,1,actual_openalex_reference,test,openalex_public_health_200
W3137334321,W1985668205,1,actual_openalex_reference,test,openalex_public_health_200
W3137334321,W2019123647,1,actual_openalex_reference,test,openalex_public_health_200
W3137334321,W2021053203,1,actual_openalex_reference,test,openalex_public_health_200
W3137334321,W2085816496,1,actual_openalex_reference,test,openalex_public_health_200
W3137334321,W2111889059,1,actual_openalex_reference,test,openalex_public_health_200
W3137334321,W2181738699,1,actual_openalex_reference,test,openalex_public_health_200
W3137334321,W2301855129,1,actual_openalex_reference,test,openalex_public_health_200
W3137334321,W2343543208,1,actual_openalex_reference,test,openalex_public_health_200
W3137334321,W2419228228,1,actual_openalex_reference,test,openalex_public_health_200
W3137334321,W2521702234,1,actual_openalex_reference,test,openalex_public_health_200
W3137334321,W2584222803,1,actual_openalex_reference,test,openalex_public_health_200
W3137334321,W2603922437,1,actual_openalex_reference,test,openalex_public_health_200
W3137334321,W2762689525,1,actual_openalex_reference,test,openalex_public_health_200
W3137334321,W2809044706,1,actual_openalex_reference,test,openalex_public_health_200
W3137334321,W2851642349,1,actual_openalex_reference,test,openalex_public_health_200
W3137334321,W4238170084,1,actual_openalex_reference,test,openalex_public_health_200
W3032580759,W1517291977,1,actual_openalex_reference,test,openalex_public_health_200
W3032580759,W1897150673,1,actual_openalex_reference,test,openalex_public_health_200
W3032580759,W1945219173,1,actual_openalex_reference,test,openalex_public_health_200
W3032580759,W1988237753,1,actual_openalex_reference,test,openalex_public_health_200
W3032580759,W2105173843,1,actual_openalex_reference,test,openalex_public_health_200
W3032580759,W2107535787,1,actual_openalex_reference,test,openalex_public_health_200
W3032580759,W2113189950,1,actual_openalex_reference,test,openalex_public_health_200
W3032580759,W2113664839,1,actual_openalex_reference,test,openalex_public_health_200
W3032580759,W2138480916,1,actual_openalex_reference,test,openalex_public_health_200
W3032580759,W2155700420,1,actual_openalex_reference,test,openalex_public_health_200
W3032580759,W2160901128,1,actual_openalex_reference,test,openalex_public_health_200
W3032580759,W2327225374,1,actual_openalex_reference,test,openalex_public_health_200
W3032580759,W2516472096,1,actual_openalex_reference,test,openalex_public_health_200
W3032580759,W2531811481,1,actual_openalex_reference,test,openalex_public_health_200
W3032580759,W2588666892,1,actual_openalex_reference,test,openalex_public_health_200
W3032580759,W2609570767,1,actual_openalex_reference,test,openalex_public_health_200
W3032580759,W2941232133,1,actual_openalex_reference,test,openalex_public_health_200
W3032580759,W3026886576,1,actual_openalex_reference,test,openalex_public_health_200
W3185294539,W1665332082,1,actual_openalex_reference,test,openalex_public_health_200
W3185294539,W2019562775,1,actual_openalex_reference,test,openalex_public_health_200
W3185294539,W2038703381,1,actual_openalex_reference,test,openalex_public_health_200
W3185294539,W2057661492,1,actual_openalex_reference,test,openalex_public_health_200
W3185294539,W2069095887,1,actual_openalex_reference,test,openalex_public_health_200
W3185294539,W2071666535,1,actual_openalex_reference,test,openalex_public_health_200
W3185294539,W2089871805,1,actual_openalex_reference,test,openalex_public_health_200
W3185294539,W2101093501,1,actual_openalex_reference,test,openalex_public_health_200
W3185294539,W2107525569,1,actual_openalex_reference,test,openalex_public_health_200
W3185294539,W2111294639,1,actual_openalex_reference,test,openalex_public_health_200
W3185294539,W2114028004,1,actual_openalex_reference,test,openalex_public_health_200
W3185294539,W2114962070,1,actual_openalex_reference,test,openalex_public_health_200
W3185294539,W2115115581,1,actual_openalex_reference,test,openalex_public_health_200
W3185294539,W2122041011,1,actual_openalex_reference,test,openalex_public_health_200
W3185294539,W2136845276,1,actual_openalex_reference,test,openalex_public_health_200
W3185294539,W2137247190,1,actual_openalex_reference,test,openalex_public_health_200
W3185294539,W2145470555,1,actual_openalex_reference,test,openalex_public_health_200
W3185294539,W2152599125,1,actual_openalex_reference,test,openalex_public_health_200
W3185294539,W2158586772,1,actual_openalex_reference,test,openalex_public_health_200
W3185294539,W2166265073,1,actual_openalex_reference,test,openalex_public_health_200
W3185294539,W2168646330,1,actual_openalex_reference,test,openalex_public_health_200
W3185294539,W2259876821,1,actual_openalex_reference,test,openalex_public_health_200
W3185294539,W2579838127,1,actual_openalex_reference,test,openalex_public_health_200
W3185294539,W2621066950,1,actual_openalex_reference,test,openalex_public_health_200
W3185294539,W2767775034,1,actual_openalex_reference,test,openalex_public_health_200
W3185294539,W2936667992,1,actual_openalex_reference,test,openalex_public_health_200
W3185294539,W3017177071,1,actual_openalex_reference,test,openalex_public_health_200
W3185294539,W3019435718,1,actual_openalex_reference,test,openalex_public_health_200
W3185294539,W3084199352,1,actual_openalex_reference,test,openalex_public_health_200
W3185294539,W3135469661,1,actual_openalex_reference,test,openalex_public_health_200
W2921145416,W1989796277,1,actual_openalex_reference,test,openalex_public_health_200
W2921145416,W2010744861,1,actual_openalex_reference,test,openalex_public_health_200
W2921145416,W2014503889,1,actual_openalex_reference,test,openalex_public_health_200
W2921145416,W2035810813,1,actual_openalex_reference,test,openalex_public_health_200
W2921145416,W2051771286,1,actual_openalex_reference,test,openalex_public_health_200
W2921145416,W2067148402,1,actual_openalex_reference,test,openalex_public_health_200
W2921145416,W2068303185,1,actual_openalex_reference,test,openalex_public_health_200
W2921145416,W2074462043,1,actual_openalex_reference,test,openalex_public_health_200
W2921145416,W2082010159,1,actual_openalex_reference,test,openalex_public_health_200
W2921145416,W2090328602,1,actual_openalex_reference,test,openalex_public_health_200
W2921145416,W2121987405,1,actual_openalex_reference,test,openalex_public_health_200
W2921145416,W2158595425,1,actual_openalex_reference,test,openalex_public_health_200
W2909267388,W185624980,1,actual_openalex_reference,test,openalex_public_health_200
W2909267388,W1507375709,1,actual_openalex_reference,test,openalex_public_health_200
W2909267388,W1974786906,1,actual_openalex_reference,test,openalex_public_health_200
W2909267388,W1978226409,1,actual_openalex_reference,test,openalex_public_health_200
W2909267388,W1980606130,1,actual_openalex_reference,test,openalex_public_health_200
W2909267388,W1987543072,1,actual_openalex_reference,test,openalex_public_health_200
W2909267388,W1993386777,1,actual_openalex_reference,test,openalex_public_health_200
W2909267388,W1998659748,1,actual_openalex_reference,test,openalex_public_health_200
W2909267388,W2002256171,1,actual_openalex_reference,test,openalex_public_health_200
W2909267388,W2015332024,1,actual_openalex_reference,test,openalex_public_health_200
W2909267388,W2031546437,1,actual_openalex_reference,test,openalex_public_health_200
W2909267388,W2031920919,1,actual_openalex_reference,test,openalex_public_health_200
W2909267388,W2037340647,1,actual_openalex_reference,test,openalex_public_health_200
W2909267388,W2064369268,1,actual_openalex_reference,test,openalex_public_health_200
W2909267388,W2065321068,1,actual_openalex_reference,test,openalex_public_health_200
W2909267388,W2092868141,1,actual_openalex_reference,test,openalex_public_health_200
W2909267388,W2109040552,1,actual_openalex_reference,test,openalex_public_health_200
W2909267388,W2123229502,1,actual_openalex_reference,test,openalex_public_health_200
W2909267388,W2132623525,1,actual_openalex_reference,test,openalex_public_health_200
W2909267388,W2155069039,1,actual_openalex_reference,test,openalex_public_health_200
W2909267388,W2155982020,1,actual_openalex_reference,test,openalex_public_health_200
W2909267388,W2158303545,1,actual_openalex_reference,test,openalex_public_health_200
W2909267388,W2168489942,1,actual_openalex_reference,test,openalex_public_health_200
W2909267388,W2176540338,1,actual_openalex_reference,test,openalex_public_health_200
W2909267388,W2295442039,1,actual_openalex_reference,test,openalex_public_health_200
W2909267388,W2333723253,1,actual_openalex_reference,test,openalex_public_health_200
W2909267388,W2409446416,1,actual_openalex_reference,test,openalex_public_health_200
W2909267388,W2410009689,1,actual_openalex_reference,test,openalex_public_health_200
W2909267388,W2465988077,1,actual_openalex_reference,test,openalex_public_health_200
W2909267388,W2592395378,1,actual_openalex_reference,test,openalex_public_health_200
W2909267388,W2762348989,1,actual_openalex_reference,test,openalex_public_health_200
W2909267388,W2914153942,1,actual_openalex_reference,test,openalex_public_health_200
W2982087838,W1976496407,1,actual_openalex_reference,test,openalex_public_health_200
W2982087838,W2000257837,1,actual_openalex_reference,test,openalex_public_health_200
W2982087838,W2012213466,1,actual_openalex_reference,test,openalex_public_health_200
W2982087838,W2068901195,1,actual_openalex_reference,test,openalex_public_health_200
W2982087838,W2074988976,1,actual_openalex_reference,test,openalex_public_health_200
W2982087838,W2078678510,1,actual_openalex_reference,test,openalex_public_health_200
W2982087838,W2083535782,1,actual_openalex_reference,test,openalex_public_health_200
W2982087838,W2103958165,1,actual_openalex_reference,test,openalex_public_health_200
W2982087838,W2104024599,1,actual_openalex_reference,test,openalex_public_health_200
W2982087838,W2143340783,1,actual_openalex_reference,test,openalex_public_health_200
W2982087838,W2151169884,1,actual_openalex_reference,test,openalex_public_health_200
W2982087838,W2153224565,1,actual_openalex_reference,test,openalex_public_health_200
W2982087838,W2161824746,1,actual_openalex_reference,test,openalex_public_health_200
W2982087838,W2182821075,1,actual_openalex_reference,test,openalex_public_health_200
W2982087838,W2260803825,1,actual_openalex_reference,test,openalex_public_health_200
W2982087838,W2294882487,1,actual_openalex_reference,test,openalex_public_health_200
W2982087838,W2499199354,1,actual_openalex_reference,test,openalex_public_health_200
W2982087838,W2904857226,1,actual_openalex_reference,test,openalex_public_health_200
W2982087838,W3201648964,1,actual_openalex_reference,test,openalex_public_health_200
W2982087838,W4240121308,1,actual_openalex_reference,test,openalex_public_health_200
W2982087838,W4298870098,1,actual_openalex_reference,test,openalex_public_health_200
W2908872096,W1420721423,1,actual_openalex_reference,test,openalex_public_health_200
W2908872096,W2033066502,1,actual_openalex_reference,test,openalex_public_health_200
W2908872096,W2061134060,1,actual_openalex_reference,test,openalex_public_health_200
W2908872096,W2076355973,1,actual_openalex_reference,test,openalex_public_health_200
W2908872096,W2096265043,1,actual_openalex_reference,test,openalex_public_health_200
W2908872096,W2102617539,1,actual_openalex_reference,test,openalex_public_health_200
W2908872096,W2109764534,1,actual_openalex_reference,test,openalex_public_health_200
W2908872096,W2119347566,1,actual_openalex_reference,test,openalex_public_health_200
W2908872096,W2134600697,1,actual_openalex_reference,test,openalex_public_health_200
W2908872096,W2149535858,1,actual_openalex_reference,test,openalex_public_health_200
W4362726489,W97397451,1,actual_openalex_reference,test,openalex_public_health_200
W4362726489,W1513379597,1,actual_openalex_reference,test,openalex_public_health_200
W4362726489,W2006971786,1,actual_openalex_reference,test,openalex_public_health_200
W4362726489,W2068937708,1,actual_openalex_reference,test,openalex_public_health_200
W4362726489,W2074522367,1,actual_openalex_reference,test,openalex_public_health_200
W4362726489,W2112215966,1,actual_openalex_reference,test,openalex_public_health_200
W4362726489,W2123328954,1,actual_openalex_reference,test,openalex_public_health_200
W4362726489,W2128343898,1,actual_openalex_reference,test,openalex_public_health_200
W4362726489,W2146087941,1,actual_openalex_reference,test,openalex_public_health_200
W4362726489,W2155592041,1,actual_openalex_reference,test,openalex_public_health_200
W4362726489,W2167835414,1,actual_openalex_reference,test,openalex_public_health_200
W4362726489,W2337217190,1,actual_openalex_reference,test,openalex_public_health_200
W4362726489,W2361189616,1,actual_openalex_reference,test,openalex_public_health_200
W2960927166,W254487011,1,actual_openalex_reference,test,openalex_public_health_200
W2960927166,W2073165210,1,actual_openalex_reference,test,openalex_public_health_200
W2960927166,W2099521495,1,actual_openalex_reference,test,openalex_public_health_200
W2960927166,W2113084224,1,actual_openalex_reference,test,openalex_public_health_200
W2960927166,W2164807911,1,actual_openalex_reference,test,openalex_public_health_200
W2960927166,W2444391462,1,actual_openalex_reference,test,openalex_public_health_200
W2960927166,W2611040192,1,actual_openalex_reference,test,openalex_public_health_200
W2960927166,W2740630617,1,actual_openalex_reference,test,openalex_public_health_200
W2960927166,W3014504310,1,actual_openalex_reference,test,openalex_public_health_200
W3093634391,W2793172179,1,actual_openalex_reference,test,openalex_public_health_200
W3093634391,W2997362363,1,actual_openalex_reference,test,openalex_public_health_200
W3093634391,W3013371033,1,actual_openalex_reference,test,openalex_public_health_200
W3093634391,W3017294071,1,actual_openalex_reference,test,openalex_public_health_200
W3093634391,W3026063671,1,actual_openalex_reference,test,openalex_public_health_200
W3093634391,W3032137612,1,actual_openalex_reference,test,openalex_public_health_200
W3093634391,W3032806386,1,actual_openalex_reference,test,openalex_public_health_200
W3098055881,W1480324092,1,actual_openalex_reference,test,openalex_public_health_200
W3098055881,W1624633237,1,actual_openalex_reference,test,openalex_public_health_200
W3098055881,W1755075578,1,actual_openalex_reference,test,openalex_public_health_200
W3098055881,W1969519018,1,actual_openalex_reference,test,openalex_public_health_200
W3098055881,W1972306485,1,actual_openalex_reference,test,openalex_public_health_200
W3098055881,W2041248713,1,actual_openalex_reference,test,openalex_public_health_200
W3098055881,W2045483786,1,actual_openalex_reference,test,openalex_public_health_200
W3098055881,W2052904796,1,actual_openalex_reference,test,openalex_public_health_200
W3098055881,W2052972267,1,actual_openalex_reference,test,openalex_public_health_200
W3098055881,W2133191961,1,actual_openalex_reference,test,openalex_public_health_200
W3098055881,W2161757462,1,actual_openalex_reference,test,openalex_public_health_200
W3098055881,W2164318124,1,actual_openalex_reference,test,openalex_public_health_200
W3098055881,W2539073349,1,actual_openalex_reference,test,openalex_public_health_200
W3098055881,W2758153605,1,actual_openalex_reference,test,openalex_public_health_200
W3098055881,W2921995610,1,actual_openalex_reference,test,openalex_public_health_200
W3213555801,W1756236565,1,actual_openalex_reference,test,openalex_public_health_200
W3213555801,W2028214025,1,actual_openalex_reference,test,openalex_public_health_200
W3213555801,W2130065646,1,actual_openalex_reference,test,openalex_public_health_200
W3213555801,W2148782496,1,actual_openalex_reference,test,openalex_public_health_200
W3213555801,W2334476257,1,actual_openalex_reference,test,openalex_public_health_200
W3213555801,W2394761537,1,actual_openalex_reference,test,openalex_public_health_200
W3213555801,W2464082111,1,actual_openalex_reference,test,openalex_public_health_200
W3213555801,W2805643088,1,actual_openalex_reference,test,openalex_public_health_200
W3213555801,W2888252890,1,actual_openalex_reference,test,openalex_public_health_200
W3213555801,W3091134338,1,actual_openalex_reference,test,openalex_public_health_200
W2947653149,W870907978,1,actual_openalex_reference,test,openalex_public_health_200
W2947653149,W1967069959,1,actual_openalex_reference,test,openalex_public_health_200
W2947653149,W2077547411,1,actual_openalex_reference,test,openalex_public_health_200
W2947653149,W2092687141,1,actual_openalex_reference,test,openalex_public_health_200
W2947653149,W2134741887,1,actual_openalex_reference,test,openalex_public_health_200
W2947653149,W2792905060,1,actual_openalex_reference,test,openalex_public_health_200
W3119672680,W151697982,1,actual_openalex_reference,test,openalex_public_health_200
W3119672680,W1981903823,1,actual_openalex_reference,test,openalex_public_health_200
W3119672680,W1983098731,1,actual_openalex_reference,test,openalex_public_health_200
W3119672680,W1990838103,1,actual_openalex_reference,test,openalex_public_health_200
W3119672680,W2009956288,1,actual_openalex_reference,test,openalex_public_health_200
W3119672680,W2031442583,1,actual_openalex_reference,test,openalex_public_health_200
W3119672680,W2036149274,1,actual_openalex_reference,test,openalex_public_health_200
W3119672680,W2084741271,1,actual_openalex_reference,test,openalex_public_health_200
W3119672680,W2097665571,1,actual_openalex_reference,test,openalex_public_health_200
W3119672680,W2123075250,1,actual_openalex_reference,test,openalex_public_health_200
W3119672680,W2150044364,1,actual_openalex_reference,test,openalex_public_health_200
W3119672680,W2171347462,1,actual_openalex_reference,test,openalex_public_health_200
W3119672680,W2486763527,1,actual_openalex_reference,test,openalex_public_health_200
W3205040354,W1622308394,1,actual_openalex_reference,test,openalex_public_health_200
W3205040354,W1976166148,1,actual_openalex_reference,test,openalex_public_health_200
W3205040354,W1987611967,1,actual_openalex_reference,test,openalex_public_health_200
W3205040354,W1988157682,1,actual_openalex_reference,test,openalex_public_health_200
W3205040354,W1998698489,1,actual_openalex_reference,test,openalex_public_health_200
W3205040354,W1999443299,1,actual_openalex_reference,test,openalex_public_health_200
W3205040354,W2000953228,1,actual_openalex_reference,test,openalex_public_health_200
W3205040354,W2018459066,1,actual_openalex_reference,test,openalex_public_health_200
W3205040354,W2030142085,1,actual_openalex_reference,test,openalex_public_health_200
W3205040354,W2041572706,1,actual_openalex_reference,test,openalex_public_health_200
W3205040354,W2051363028,1,actual_openalex_reference,test,openalex_public_health_200
W3205040354,W2076326718,1,actual_openalex_reference,test,openalex_public_health_200
W3205040354,W2094247338,1,actual_openalex_reference,test,openalex_public_health_200
W3205040354,W2104258720,1,actual_openalex_reference,test,openalex_public_health_200
W3205040354,W2302818997,1,actual_openalex_reference,test,openalex_public_health_200
W3205040354,W2324618167,1,actual_openalex_reference,test,openalex_public_health_200
W3205040354,W2468719874,1,actual_openalex_reference,test,openalex_public_health_200
W3205040354,W2784019210,1,actual_openalex_reference,test,openalex_public_health_200
W3205040354,W2903211110,1,actual_openalex_reference,test,openalex_public_health_200
W3205040354,W2917408299,1,actual_openalex_reference,test,openalex_public_health_200
W3205040354,W2944487671,1,actual_openalex_reference,test,openalex_public_health_200
W3205040354,W2989908416,1,actual_openalex_reference,test,openalex_public_health_200
W3205040354,W3005016379,1,actual_openalex_reference,test,openalex_public_health_200
W3205040354,W3015281462,1,actual_openalex_reference,test,openalex_public_health_200
W3205040354,W3023880838,1,actual_openalex_reference,test,openalex_public_health_200
W3006417160,W1995973983,1,actual_openalex_reference,test,openalex_public_health_200
W3006417160,W2012657895,1,actual_openalex_reference,test,openalex_public_health_200
W3006417160,W2062571119,1,actual_openalex_reference,test,openalex_public_health_200
W3006417160,W2083934214,1,actual_openalex_reference,test,openalex_public_health_200
W3006417160,W2117034028,1,actual_openalex_reference,test,openalex_public_health_200
W3006417160,W2498651201,1,actual_openalex_reference,test,openalex_public_health_200
W3006417160,W2792034944,1,actual_openalex_reference,test,openalex_public_health_200
W3006417160,W4251866680,1,actual_openalex_reference,test,openalex_public_health_200
W3176462481,W1750727090,1,actual_openalex_reference,test,openalex_public_health_200
W3176462481,W1965773413,1,actual_openalex_reference,test,openalex_public_health_200
W3176462481,W1971834561,1,actual_openalex_reference,test,openalex_public_health_200
W3176462481,W1998206462,1,actual_openalex_reference,test,openalex_public_health_200
W3176462481,W2121656227,1,actual_openalex_reference,test,openalex_public_health_200
W3176462481,W2145354914,1,actual_openalex_reference,test,openalex_public_health_200
W3176462481,W2466448178,1,actual_openalex_reference,test,openalex_public_health_200
W3176462481,W2549006299,1,actual_openalex_reference,test,openalex_public_health_200
W3176462481,W2653579422,1,actual_openalex_reference,test,openalex_public_health_200
W3176462481,W2912590205,1,actual_openalex_reference,test,openalex_public_health_200
W3176462481,W2971225704,1,actual_openalex_reference,test,openalex_public_health_200
W3176462481,W3048070248,1,actual_openalex_reference,test,openalex_public_health_200
W3176462481,W3049205926,1,actual_openalex_reference,test,openalex_public_health_200
W3176462481,W3139485978,1,actual_openalex_reference,test,openalex_public_health_200
W3176462481,W4292853141,1,actual_openalex_reference,test,openalex_public_health_200
W3036072253,W108175207,1,actual_openalex_reference,test,openalex_public_health_200
W3036072253,W1977704004,1,actual_openalex_reference,test,openalex_public_health_200
W3036072253,W2001929218,1,actual_openalex_reference,test,openalex_public_health_200
W3036072253,W2057638191,1,actual_openalex_reference,test,openalex_public_health_200
W3036072253,W2069074740,1,actual_openalex_reference,test,openalex_public_health_200
W3036072253,W2070032898,1,actual_openalex_reference,test,openalex_public_health_200
W3036072253,W2098762815,1,actual_openalex_reference,test,openalex_public_health_200
W3036072253,W2099996485,1,actual_openalex_reference,test,openalex_public_health_200
W3036072253,W2128731431,1,actual_openalex_reference,test,openalex_public_health_200
W3036072253,W2148491319,1,actual_openalex_reference,test,openalex_public_health_200
W3036072253,W2166319653,1,actual_openalex_reference,test,openalex_public_health_200
W3036072253,W2607728668,1,actual_openalex_reference,test,openalex_public_health_200
W3036072253,W2752039764,1,actual_openalex_reference,test,openalex_public_health_200
W3036072253,W2766531532,1,actual_openalex_reference,test,openalex_public_health_200
W3036072253,W2773267935,1,actual_openalex_reference,test,openalex_public_health_200
W3036072253,W2783483586,1,actual_openalex_reference,test,openalex_public_health_200
W3036072253,W2806608783,1,actual_openalex_reference,test,openalex_public_health_200
W3036072253,W2811069977,1,actual_openalex_reference,test,openalex_public_health_200
W3036072253,W2924774342,1,actual_openalex_reference,test,openalex_public_health_200
W3119907793,W92546735,1,actual_openalex_reference,test,openalex_public_health_200
W3119907793,W135435862,1,actual_openalex_reference,test,openalex_public_health_200
W3119907793,W1968446974,1,actual_openalex_reference,test,openalex_public_health_200
W3119907793,W1971564824,1,actual_openalex_reference,test,openalex_public_health_200
W3119907793,W1978834783,1,actual_openalex_reference,test,openalex_public_health_200
W3119907793,W1991740176,1,actual_openalex_reference,test,openalex_public_health_200
W3119907793,W2012725068,1,actual_openalex_reference,test,openalex_public_health_200
W3119907793,W2047913846,1,actual_openalex_reference,test,openalex_public_health_200
W3119907793,W2053609204,1,actual_openalex_reference,test,openalex_public_health_200
W3119907793,W2058675721,1,actual_openalex_reference,test,openalex_public_health_200
W3119907793,W2102704647,1,actual_openalex_reference,test,openalex_public_health_200
W3119907793,W2109157153,1,actual_openalex_reference,test,openalex_public_health_200
W3119907793,W2116533563,1,actual_openalex_reference,test,openalex_public_health_200
W3119907793,W2123353615,1,actual_openalex_reference,test,openalex_public_health_200
W3119907793,W2124108876,1,actual_openalex_reference,test,openalex_public_health_200
W3119907793,W2128865345,1,actual_openalex_reference,test,openalex_public_health_200
W3119907793,W2136565317,1,actual_openalex_reference,test,openalex_public_health_200
W3119907793,W2137013081,1,actual_openalex_reference,test,openalex_public_health_200
W3119907793,W2144089726,1,actual_openalex_reference,test,openalex_public_health_200
W3119907793,W2147265111,1,actual_openalex_reference,test,openalex_public_health_200
W3119907793,W2153654530,1,actual_openalex_reference,test,openalex_public_health_200
W3119907793,W2155997240,1,actual_openalex_reference,test,openalex_public_health_200
W3119907793,W2156968248,1,actual_openalex_reference,test,openalex_public_health_200
W3119907793,W2161545045,1,actual_openalex_reference,test,openalex_public_health_200
W3119907793,W2168219087,1,actual_openalex_reference,test,openalex_public_health_200
W3119907793,W2182636075,1,actual_openalex_reference,test,openalex_public_health_200
W3119907793,W2760772212,1,actual_openalex_reference,test,openalex_public_health_200
W3119907793,W2794207300,1,actual_openalex_reference,test,openalex_public_health_200
W3119907793,W3003592740,1,actual_openalex_reference,test,openalex_public_health_200
W3119907793,W3082584492,1,actual_openalex_reference,test,openalex_public_health_200
W2975371179,W1573513066,1,actual_openalex_reference,test,openalex_public_health_200
W2975371179,W1949744349,1,actual_openalex_reference,test,openalex_public_health_200
W2975371179,W1977592349,1,actual_openalex_reference,test,openalex_public_health_200
W2975371179,W1979290264,1,actual_openalex_reference,test,openalex_public_health_200
W2975371179,W2010593734,1,actual_openalex_reference,test,openalex_public_health_200
W2975371179,W2014643663,1,actual_openalex_reference,test,openalex_public_health_200
W2975371179,W2040231133,1,actual_openalex_reference,test,openalex_public_health_200
W2975371179,W2061264116,1,actual_openalex_reference,test,openalex_public_health_200
W2975371179,W2065192281,1,actual_openalex_reference,test,openalex_public_health_200
W2975371179,W2068230782,1,actual_openalex_reference,test,openalex_public_health_200
W2975371179,W2098724219,1,actual_openalex_reference,test,openalex_public_health_200
W2975371179,W2111761700,1,actual_openalex_reference,test,openalex_public_health_200
W2975371179,W2116199508,1,actual_openalex_reference,test,openalex_public_health_200
W2975371179,W2116817443,1,actual_openalex_reference,test,openalex_public_health_200
W2975371179,W2138662581,1,actual_openalex_reference,test,openalex_public_health_200
W2975371179,W2162821268,1,actual_openalex_reference,test,openalex_public_health_200
W2975371179,W2172957809,1,actual_openalex_reference,test,openalex_public_health_200
W2975371179,W2268295954,1,actual_openalex_reference,test,openalex_public_health_200
W2975371179,W2286541686,1,actual_openalex_reference,test,openalex_public_health_200
W2975371179,W2746196961,1,actual_openalex_reference,test,openalex_public_health_200
W2975371179,W2748763715,1,actual_openalex_reference,test,openalex_public_health_200
W2975371179,W2769215326,1,actual_openalex_reference,test,openalex_public_health_200
W2975371179,W2771316885,1,actual_openalex_reference,test,openalex_public_health_200
W2975371179,W2797215841,1,actual_openalex_reference,test,openalex_public_health_200
W2975371179,W2810374485,1,actual_openalex_reference,test,openalex_public_health_200
W2975371179,W2867915452,1,actual_openalex_reference,test,openalex_public_health_200
W2975371179,W2888302170,1,actual_openalex_reference,test,openalex_public_health_200
W2975371179,W2894093780,1,actual_openalex_reference,test,openalex_public_health_200
W2975371179,W2909635819,1,actual_openalex_reference,test,openalex_public_health_200
W3043275843,W1542007941,1,actual_openalex_reference,test,openalex_public_health_200
W3043275843,W2123690398,1,actual_openalex_reference,test,openalex_public_health_200
W3043275843,W2801515537,1,actual_openalex_reference,test,openalex_public_health_200
W3043275843,W2902107126,1,actual_openalex_reference,test,openalex_public_health_200
W2725426684,W1976982897,1,actual_openalex_reference,test,openalex_public_health_200
W2725426684,W1999528948,1,actual_openalex_reference,test,openalex_public_health_200
W2725426684,W2003648411,1,actual_openalex_reference,test,openalex_public_health_200
W2725426684,W2064143305,1,actual_openalex_reference,test,openalex_public_health_200
W2725426684,W2066823249,1,actual_openalex_reference,test,openalex_public_health_200
W2725426684,W2069653764,1,actual_openalex_reference,test,openalex_public_health_200
W2725426684,W2071181622,1,actual_openalex_reference,test,openalex_public_health_200
W2725426684,W2083322106,1,actual_openalex_reference,test,openalex_public_health_200
W4200377328,W621251951,1,actual_openalex_reference,test,openalex_public_health_200
W4200377328,W1804596790,1,actual_openalex_reference,test,openalex_public_health_200
W4200377328,W1984752955,1,actual_openalex_reference,test,openalex_public_health_200
W4200377328,W2012310627,1,actual_openalex_reference,test,openalex_public_health_200
W4200377328,W2024433326,1,actual_openalex_reference,test,openalex_public_health_200
W4200377328,W2051639587,1,actual_openalex_reference,test,openalex_public_health_200
W4200377328,W2063885316,1,actual_openalex_reference,test,openalex_public_health_200
W4200377328,W2064077394,1,actual_openalex_reference,test,openalex_public_health_200
W4200377328,W2097319831,1,actual_openalex_reference,test,openalex_public_health_200
W4200377328,W2099453597,1,actual_openalex_reference,test,openalex_public_health_200
W4200377328,W2102144390,1,actual_openalex_reference,test,openalex_public_health_200
W4200377328,W2121076832,1,actual_openalex_reference,test,openalex_public_health_200
W4200377328,W2140687825,1,actual_openalex_reference,test,openalex_public_health_200
W4200377328,W2144825640,1,actual_openalex_reference,test,openalex_public_health_200
W4200377328,W2163536007,1,actual_openalex_reference,test,openalex_public_health_200
W4200377328,W2397166862,1,actual_openalex_reference,test,openalex_public_health_200
W4200377328,W2565768160,1,actual_openalex_reference,test,openalex_public_health_200
W4200377328,W2776113064,1,actual_openalex_reference,test,openalex_public_health_200
W4200377328,W2793913993,1,actual_openalex_reference,test,openalex_public_health_200
W4200377328,W2886430783,1,actual_openalex_reference,test,openalex_public_health_200
W4200377328,W2896803174,1,actual_openalex_reference,test,openalex_public_health_200
W4200377328,W2908597227,1,actual_openalex_reference,test,openalex_public_health_200
W4200377328,W2937782282,1,actual_openalex_reference,test,openalex_public_health_200
W4200377328,W2939927690,1,actual_openalex_reference,test,openalex_public_health_200
W4200377328,W2993342320,1,actual_openalex_reference,test,openalex_public_health_200
W4200377328,W3010440060,1,actual_openalex_reference,test,openalex_public_health_200
W4200377328,W3010898225,1,actual_openalex_reference,test,openalex_public_health_200
W4200377328,W3044743248,1,actual_openalex_reference,test,openalex_public_health_200
W4200377328,W3088269767,1,actual_openalex_reference,test,openalex_public_health_200
W4200377328,W3128646645,1,actual_openalex_reference,test,openalex_public_health_200
W4200377328,W3194557434,1,actual_openalex_reference,test,openalex_public_health_200
W4200377328,W3199622606,1,actual_openalex_reference,test,openalex_public_health_200
W4200377328,W3201536599,1,actual_openalex_reference,test,openalex_public_health_200
W4285746591,W1966120164,1,actual_openalex_reference,test,openalex_public_health_200
W4285746591,W1979466410,1,actual_openalex_reference,test,openalex_public_health_200
W4285746591,W2019658517,1,actual_openalex_reference,test,openalex_public_health_200
W4285746591,W2073729532,1,actual_openalex_reference,test,openalex_public_health_200
W4285746591,W2796738250,1,actual_openalex_reference,test,openalex_public_health_200
W4285746591,W2895777033,1,actual_openalex_reference,test,openalex_public_health_200
W4285746591,W2916306217,1,actual_openalex_reference,test,openalex_public_health_200
W4285746591,W2940053455,1,actual_openalex_reference,test,openalex_public_health_200
W4285746591,W2970707757,1,actual_openalex_reference,test,openalex_public_health_200
W4285746591,W3138555976,1,actual_openalex_reference,test,openalex_public_health_200
W3030801279,W2039189448,1,actual_openalex_reference,test,openalex_public_health_200
W3030801279,W2124573031,1,actual_openalex_reference,test,openalex_public_health_200
W3030801279,W2949159068,1,actual_openalex_reference,test,openalex_public_health_200
W3030801279,W3007277154,1,actual_openalex_reference,test,openalex_public_health_200
W3030801279,W3008028633,1,actual_openalex_reference,test,openalex_public_health_200
W3030801279,W3013967887,1,actual_openalex_reference,test,openalex_public_health_200
W3030801279,W3020773974,1,actual_openalex_reference,test,openalex_public_health_200
W3030801279,W4255895129,1,actual_openalex_reference,test,openalex_public_health_200
W3018686155,W1961061296,1,actual_openalex_reference,test,openalex_public_health_200
W3018686155,W2020251171,1,actual_openalex_reference,test,openalex_public_health_200
W3018686155,W2058871194,1,actual_openalex_reference,test,openalex_public_health_200
W3018686155,W2105356847,1,actual_openalex_reference,test,openalex_public_health_200
W3018686155,W2110243445,1,actual_openalex_reference,test,openalex_public_health_200
W3018686155,W2211770589,1,actual_openalex_reference,test,openalex_public_health_200
W3018686155,W2288916557,1,actual_openalex_reference,test,openalex_public_health_200
W3018686155,W2930542685,1,actual_openalex_reference,test,openalex_public_health_200
W3209498607,W195217094,1,actual_openalex_reference,test,openalex_public_health_200
W3209498607,W1601878699,1,actual_openalex_reference,test,openalex_public_health_200
W3209498607,W1867739297,1,actual_openalex_reference,test,openalex_public_health_200
W3209498607,W1871753264,1,actual_openalex_reference,test,openalex_public_health_200
W3209498607,W1971412090,1,actual_openalex_reference,test,openalex_public_health_200
W3209498607,W2012203402,1,actual_openalex_reference,test,openalex_public_health_200
W3209498607,W2017962945,1,actual_openalex_reference,test,openalex_public_health_200
W3209498607,W2090743469,1,actual_openalex_reference,test,openalex_public_health_200
W3209498607,W2102901961,1,actual_openalex_reference,test,openalex_public_health_200
W3209498607,W2163142962,1,actual_openalex_reference,test,openalex_public_health_200
W3209498607,W2305234952,1,actual_openalex_reference,test,openalex_public_health_200
W3209498607,W2473001499,1,actual_openalex_reference,test,openalex_public_health_200
W3209498607,W2590897858,1,actual_openalex_reference,test,openalex_public_health_200
W3180795804,W1965852247,1,actual_openalex_reference,test,openalex_public_health_200
W3180795804,W1974277565,1,actual_openalex_reference,test,openalex_public_health_200
W3180795804,W1975537536,1,actual_openalex_reference,test,openalex_public_health_200
W3180795804,W2002039987,1,actual_openalex_reference,test,openalex_public_health_200
W3180795804,W2033941910,1,actual_openalex_reference,test,openalex_public_health_200
W3180795804,W2051372804,1,actual_openalex_reference,test,openalex_public_health_200
W3180795804,W2078099434,1,actual_openalex_reference,test,openalex_public_health_200
W3180795804,W2102848237,1,actual_openalex_reference,test,openalex_public_health_200
W3180795804,W2114271361,1,actual_openalex_reference,test,openalex_public_health_200
W3180795804,W2118772291,1,actual_openalex_reference,test,openalex_public_health_200
W3180795804,W2126423118,1,actual_openalex_reference,test,openalex_public_health_200
W3180795804,W2138606930,1,actual_openalex_reference,test,openalex_public_health_200
W3180795804,W2142552516,1,actual_openalex_reference,test,openalex_public_health_200
W3180795804,W2145432309,1,actual_openalex_reference,test,openalex_public_health_200
W3180795804,W2166349512,1,actual_openalex_reference,test,openalex_public_health_200
W3180795804,W2168289525,1,actual_openalex_reference,test,openalex_public_health_200
W3180795804,W2169218570,1,actual_openalex_reference,test,openalex_public_health_200
W3180795804,W2170232927,1,actual_openalex_reference,test,openalex_public_health_200
W3180795804,W2480680997,1,actual_openalex_reference,test,openalex_public_health_200
W3180795804,W2762458554,1,actual_openalex_reference,test,openalex_public_health_200
W3180795804,W2769684283,1,actual_openalex_reference,test,openalex_public_health_200
W3180795804,W2791247429,1,actual_openalex_reference,test,openalex_public_health_200
W3180795804,W2893268979,1,actual_openalex_reference,test,openalex_public_health_200
W3180795804,W2975450611,1,actual_openalex_reference,test,openalex_public_health_200
W2910323424,W1548975717,1,actual_openalex_reference,test,openalex_public_health_200
W2910323424,W1580686989,1,actual_openalex_reference,test,openalex_public_health_200
W2910323424,W1907695855,1,actual_openalex_reference,test,openalex_public_health_200
W2910323424,W1982871728,1,actual_openalex_reference,test,openalex_public_health_200
W2910323424,W1990912406,1,actual_openalex_reference,test,openalex_public_health_200
W2910323424,W1997757556,1,actual_openalex_reference,test,openalex_public_health_200
W2910323424,W2022595100,1,actual_openalex_reference,test,openalex_public_health_200
W2910323424,W2048455475,1,actual_openalex_reference,test,openalex_public_health_200
W2910323424,W2052901811,1,actual_openalex_reference,test,openalex_public_health_200
W2910323424,W2059321197,1,actual_openalex_reference,test,openalex_public_health_200
W2910323424,W2097436666,1,actual_openalex_reference,test,openalex_public_health_200
W2910323424,W2112165967,1,actual_openalex_reference,test,openalex_public_health_200
W2910323424,W2128675849,1,actual_openalex_reference,test,openalex_public_health_200
W2910323424,W2161753524,1,actual_openalex_reference,test,openalex_public_health_200
W2910323424,W2163645871,1,actual_openalex_reference,test,openalex_public_health_200
W2917357208,W1826148430,1,actual_openalex_reference,test,openalex_public_health_200
W2917357208,W2023102168,1,actual_openalex_reference,test,openalex_public_health_200
W2917357208,W2041538995,1,actual_openalex_reference,test,openalex_public_health_200
W2917357208,W2053625661,1,actual_openalex_reference,test,openalex_public_health_200
W2917357208,W2060729128,1,actual_openalex_reference,test,openalex_public_health_200
W2917357208,W2090642429,1,actual_openalex_reference,test,openalex_public_health_200
W2917357208,W2147933575,1,actual_openalex_reference,test,openalex_public_health_200
W2917357208,W2158116803,1,actual_openalex_reference,test,openalex_public_health_200
W2917357208,W2161322584,1,actual_openalex_reference,test,openalex_public_health_200
W2917357208,W2171776636,1,actual_openalex_reference,test,openalex_public_health_200
W2917357208,W2186516665,1,actual_openalex_reference,test,openalex_public_health_200
W2917357208,W2414448355,1,actual_openalex_reference,test,openalex_public_health_200
W2917357208,W4234690319,1,actual_openalex_reference,test,openalex_public_health_200
W3005239623,W1967940959,1,actual_openalex_reference,test,openalex_public_health_200
W3005239623,W2022906541,1,actual_openalex_reference,test,openalex_public_health_200
W3005239623,W2306800198,1,actual_openalex_reference,test,openalex_public_health_200
W3005239623,W2517305157,1,actual_openalex_reference,test,openalex_public_health_200
W3005239623,W2594790285,1,actual_openalex_reference,test,openalex_public_health_200
W2963186091,W1639668868,1,actual_openalex_reference,test,openalex_public_health_200
W2963186091,W1838568970,1,actual_openalex_reference,test,openalex_public_health_200
W2963186091,W1856096155,1,actual_openalex_reference,test,openalex_public_health_200
W2963186091,W1964188993,1,actual_openalex_reference,test,openalex_public_health_200
W2963186091,W1982843565,1,actual_openalex_reference,test,openalex_public_health_200
W2963186091,W1985118431,1,actual_openalex_reference,test,openalex_public_health_200
W2963186091,W1997498940,1,actual_openalex_reference,test,openalex_public_health_200
W2963186091,W2002393451,1,actual_openalex_reference,test,openalex_public_health_200
W2963186091,W2012795621,1,actual_openalex_reference,test,openalex_public_health_200
W2963186091,W2032269598,1,actual_openalex_reference,test,openalex_public_health_200
W2963186091,W2048634278,1,actual_openalex_reference,test,openalex_public_health_200
W2963186091,W2071195067,1,actual_openalex_reference,test,openalex_public_health_200
W2963186091,W2075040633,1,actual_openalex_reference,test,openalex_public_health_200
W2963186091,W2075339636,1,actual_openalex_reference,test,openalex_public_health_200
W2963186091,W2077762050,1,actual_openalex_reference,test,openalex_public_health_200
W2963186091,W2085590285,1,actual_openalex_reference,test,openalex_public_health_200
W2963186091,W2103493790,1,actual_openalex_reference,test,openalex_public_health_200
W2963186091,W2111529803,1,actual_openalex_reference,test,openalex_public_health_200
W2963186091,W2117528530,1,actual_openalex_reference,test,openalex_public_health_200
W2963186091,W2117724225,1,actual_openalex_reference,test,openalex_public_health_200
W2963186091,W2120930240,1,actual_openalex_reference,test,openalex_public_health_200
W2963186091,W2123644306,1,actual_openalex_reference,test,openalex_public_health_200
W2963186091,W2125263196,1,actual_openalex_reference,test,openalex_public_health_200
W2963186091,W2149638523,1,actual_openalex_reference,test,openalex_public_health_200
W2963186091,W2152441040,1,actual_openalex_reference,test,openalex_public_health_200
W2963186091,W2169630017,1,actual_openalex_reference,test,openalex_public_health_200
W2963186091,W2172101374,1,actual_openalex_reference,test,openalex_public_health_200
W2963186091,W2489684399,1,actual_openalex_reference,test,openalex_public_health_200
W2963186091,W2515793158,1,actual_openalex_reference,test,openalex_public_health_200
W2963186091,W2557371741,1,actual_openalex_reference,test,openalex_public_health_200
W2963186091,W2615915024,1,actual_openalex_reference,test,openalex_public_health_200
W2963186091,W2793052768,1,actual_openalex_reference,test,openalex_public_health_200
W2963186091,W2884526399,1,actual_openalex_reference,test,openalex_public_health_200
W2963186091,W2903720410,1,actual_openalex_reference,test,openalex_public_health_200
W2963186091,W2920946498,1,actual_openalex_reference,test,openalex_public_health_200
W2963186091,W2942660636,1,actual_openalex_reference,test,openalex_public_health_200
W3110387434,W582881480,1,actual_openalex_reference,test,openalex_public_health_200
W3110387434,W1516105950,1,actual_openalex_reference,test,openalex_public_health_200
W3110387434,W1561284199,1,actual_openalex_reference,test,openalex_public_health_200
W3110387434,W1965167974,1,actual_openalex_reference,test,openalex_public_health_200
W3110387434,W2017780232,1,actual_openalex_reference,test,openalex_public_health_200
W3110387434,W2047475314,1,actual_openalex_reference,test,openalex_public_health_200
W3110387434,W2048535201,1,actual_openalex_reference,test,openalex_public_health_200
W3110387434,W2071761290,1,actual_openalex_reference,test,openalex_public_health_200
W3110387434,W2111892415,1,actual_openalex_reference,test,openalex_public_health_200
W3110387434,W2160118389,1,actual_openalex_reference,test,openalex_public_health_200
W3110387434,W2599347274,1,actual_openalex_reference,test,openalex_public_health_200
W3110387434,W2924506242,1,actual_openalex_reference,test,openalex_public_health_200
W3110387434,W2947696632,1,actual_openalex_reference,test,openalex_public_health_200
W3110387434,W3001566610,1,actual_openalex_reference,test,openalex_public_health_200
W2995493801,W1568979538,1,actual_openalex_reference,test,openalex_public_health_200
W2995493801,W1725771838,1,actual_openalex_reference,test,openalex_public_health_200
W2995493801,W1863875520,1,actual_openalex_reference,test,openalex_public_health_200
W2995493801,W1964732995,1,actual_openalex_reference,test,openalex_public_health_200
W2995493801,W1967879590,1,actual_openalex_reference,test,openalex_public_health_200
W2995493801,W2006679473,1,actual_openalex_reference,test,openalex_public_health_200
W2995493801,W2039510046,1,actual_openalex_reference,test,openalex_public_health_200
W2995493801,W2043533996,1,actual_openalex_reference,test,openalex_public_health_200
W2995493801,W2059143621,1,actual_openalex_reference,test,openalex_public_health_200
W2995493801,W2083557566,1,actual_openalex_reference,test,openalex_public_health_200
W2995493801,W2099763657,1,actual_openalex_reference,test,openalex_public_health_200
W2995493801,W2101256324,1,actual_openalex_reference,test,openalex_public_health_200
W2995493801,W2119092886,1,actual_openalex_reference,test,openalex_public_health_200
W2995493801,W2134330931,1,actual_openalex_reference,test,openalex_public_health_200
W2995493801,W2144682842,1,actual_openalex_reference,test,openalex_public_health_200
W2995493801,W2145295346,1,actual_openalex_reference,test,openalex_public_health_200
W2995493801,W2323648551,1,actual_openalex_reference,test,openalex_public_health_200
W2995493801,W2329898607,1,actual_openalex_reference,test,openalex_public_health_200
W2995493801,W2552595635,1,actual_openalex_reference,test,openalex_public_health_200
W2995493801,W2724559116,1,actual_openalex_reference,test,openalex_public_health_200
W2995493801,W2772397659,1,actual_openalex_reference,test,openalex_public_health_200
W2995493801,W2951358217,1,actual_openalex_reference,test,openalex_public_health_200
W2995493801,W4251701085,1,actual_openalex_reference,test,openalex_public_health_200
W3124253031,W1575248585,1,actual_openalex_reference,test,openalex_public_health_200
W3124253031,W1964736116,1,actual_openalex_reference,test,openalex_public_health_200
W3124253031,W1974291202,1,actual_openalex_reference,test,openalex_public_health_200
W3124253031,W2002184520,1,actual_openalex_reference,test,openalex_public_health_200
W3124253031,W2006864976,1,actual_openalex_reference,test,openalex_public_health_200
W3124253031,W2015388275,1,actual_openalex_reference,test,openalex_public_health_200
W3124253031,W2016587339,1,actual_openalex_reference,test,openalex_public_health_200
W3124253031,W2021938719,1,actual_openalex_reference,test,openalex_public_health_200
W3124253031,W2022587663,1,actual_openalex_reference,test,openalex_public_health_200
W3124253031,W2030410920,1,actual_openalex_reference,test,openalex_public_health_200
W3124253031,W2039850708,1,actual_openalex_reference,test,openalex_public_health_200
W3124253031,W2042114928,1,actual_openalex_reference,test,openalex_public_health_200
W3124253031,W2086589603,1,actual_openalex_reference,test,openalex_public_health_200
W3124253031,W2099701021,1,actual_openalex_reference,test,openalex_public_health_200
W3124253031,W2110752569,1,actual_openalex_reference,test,openalex_public_health_200
W3124253031,W2127578454,1,actual_openalex_reference,test,openalex_public_health_200
W3124253031,W2137158752,1,actual_openalex_reference,test,openalex_public_health_200
W3124253031,W2142581946,1,actual_openalex_reference,test,openalex_public_health_200
W3124253031,W2144411005,1,actual_openalex_reference,test,openalex_public_health_200
W3124253031,W2156752337,1,actual_openalex_reference,test,openalex_public_health_200
W3124253031,W2166690571,1,actual_openalex_reference,test,openalex_public_health_200
W3124253031,W2168018194,1,actual_openalex_reference,test,openalex_public_health_200
W3124253031,W2168739722,1,actual_openalex_reference,test,openalex_public_health_200
W3124253031,W2314081717,1,actual_openalex_reference,test,openalex_public_health_200
W3124253031,W2331406976,1,actual_openalex_reference,test,openalex_public_health_200
W3124253031,W2509565283,1,actual_openalex_reference,test,openalex_public_health_200
W3124253031,W2768159551,1,actual_openalex_reference,test,openalex_public_health_200
W3124253031,W2833845263,1,actual_openalex_reference,test,openalex_public_health_200
W3111478251,W620066721,1,actual_openalex_reference,test,openalex_public_health_200
W3111478251,W1551538167,1,actual_openalex_reference,test,openalex_public_health_200
W3111478251,W1553849125,1,actual_openalex_reference,test,openalex_public_health_200
W3111478251,W1559392794,1,actual_openalex_reference,test,openalex_public_health_200
W3111478251,W1583683281,1,actual_openalex_reference,test,openalex_public_health_200
W3111478251,W1599801203,1,actual_openalex_reference,test,openalex_public_health_200
W3111478251,W1984442780,1,actual_openalex_reference,test,openalex_public_health_200
W3111478251,W1992576730,1,actual_openalex_reference,test,openalex_public_health_200
W3111478251,W2007859038,1,actual_openalex_reference,test,openalex_public_health_200
W3111478251,W2018243784,1,actual_openalex_reference,test,openalex_public_health_200
W3111478251,W2030299648,1,actual_openalex_reference,test,openalex_public_health_200
W3111478251,W2056809561,1,actual_openalex_reference,test,openalex_public_health_200
W3111478251,W2075025916,1,actual_openalex_reference,test,openalex_public_health_200
W3111478251,W2081522963,1,actual_openalex_reference,test,openalex_public_health_200
W3111478251,W2084812804,1,actual_openalex_reference,test,openalex_public_health_200
W3111478251,W2115158098,1,actual_openalex_reference,test,openalex_public_health_200
W3111478251,W2127869093,1,actual_openalex_reference,test,openalex_public_health_200
W3111478251,W2136157081,1,actual_openalex_reference,test,openalex_public_health_200
W3111478251,W2258956953,1,actual_openalex_reference,test,openalex_public_health_200
W3111478251,W2271464060,1,actual_openalex_reference,test,openalex_public_health_200
W3111478251,W2280201702,1,actual_openalex_reference,test,openalex_public_health_200
W3111478251,W2282157817,1,actual_openalex_reference,test,openalex_public_health_200
W3111478251,W2321511904,1,actual_openalex_reference,test,openalex_public_health_200
W3111478251,W2343884427,1,actual_openalex_reference,test,openalex_public_health_200
W3111478251,W2583118376,1,actual_openalex_reference,test,openalex_public_health_200
W3111478251,W2587451338,1,actual_openalex_reference,test,openalex_public_health_200
W3111478251,W2724764680,1,actual_openalex_reference,test,openalex_public_health_200
W3111478251,W2750831850,1,actual_openalex_reference,test,openalex_public_health_200
W3111478251,W2756000048,1,actual_openalex_reference,test,openalex_public_health_200
W3111478251,W2763173260,1,actual_openalex_reference,test,openalex_public_health_200
W3111478251,W2791814478,1,actual_openalex_reference,test,openalex_public_health_200
W3111478251,W2793691011,1,actual_openalex_reference,test,openalex_public_health_200
W3111478251,W2800844398,1,actual_openalex_reference,test,openalex_public_health_200
W3111478251,W2801250813,1,actual_openalex_reference,test,openalex_public_health_200
W3111478251,W2895675856,1,actual_openalex_reference,test,openalex_public_health_200
W3111478251,W2900108620,1,actual_openalex_reference,test,openalex_public_health_200
W3111478251,W2910774043,1,actual_openalex_reference,test,openalex_public_health_200
W3111478251,W2916683019,1,actual_openalex_reference,test,openalex_public_health_200
W3111478251,W2968631313,1,actual_openalex_reference,test,openalex_public_health_200
W3111478251,W2973148727,1,actual_openalex_reference,test,openalex_public_health_200
W3197285618,W1561072761,1,actual_openalex_reference,test,openalex_public_health_200
W3197285618,W1592847199,1,actual_openalex_reference,test,openalex_public_health_200
W3197285618,W1603998803,1,actual_openalex_reference,test,openalex_public_health_200
W3197285618,W1882711217,1,actual_openalex_reference,test,openalex_public_health_200
W3197285618,W1966190976,1,actual_openalex_reference,test,openalex_public_health_200
W3197285618,W1970341435,1,actual_openalex_reference,test,openalex_public_health_200
W3197285618,W1983423894,1,actual_openalex_reference,test,openalex_public_health_200
W3197285618,W1991508972,1,actual_openalex_reference,test,openalex_public_health_200
W3197285618,W1992553575,1,actual_openalex_reference,test,openalex_public_health_200
W3197285618,W2031382603,1,actual_openalex_reference,test,openalex_public_health_200
W3197285618,W2044553971,1,actual_openalex_reference,test,openalex_public_health_200
W3197285618,W2059960399,1,actual_openalex_reference,test,openalex_public_health_200
W3197285618,W2060724440,1,actual_openalex_reference,test,openalex_public_health_200
W3197285618,W2065025961,1,actual_openalex_reference,test,openalex_public_health_200
W3197285618,W2078619612,1,actual_openalex_reference,test,openalex_public_health_200
W3197285618,W2081452172,1,actual_openalex_reference,test,openalex_public_health_200
W3197285618,W2083220625,1,actual_openalex_reference,test,openalex_public_health_200
W3197285618,W2087130606,1,actual_openalex_reference,test,openalex_public_health_200
W3197285618,W2121876850,1,actual_openalex_reference,test,openalex_public_health_200
W3197285618,W2122628094,1,actual_openalex_reference,test,openalex_public_health_200
W3197285618,W2130270177,1,actual_openalex_reference,test,openalex_public_health_200
W3197285618,W2141204767,1,actual_openalex_reference,test,openalex_public_health_200
W3197285618,W2146527694,1,actual_openalex_reference,test,openalex_public_health_200
W3197285618,W2156628590,1,actual_openalex_reference,test,openalex_public_health_200
W3197285618,W2165538120,1,actual_openalex_reference,test,openalex_public_health_200
W3197285618,W2169943673,1,actual_openalex_reference,test,openalex_public_health_200
W3197285618,W2264889363,1,actual_openalex_reference,test,openalex_public_health_200
W3197285618,W2269651557,1,actual_openalex_reference,test,openalex_public_health_200
W3197285618,W2465195962,1,actual_openalex_reference,test,openalex_public_health_200
W3197285618,W2807340064,1,actual_openalex_reference,test,openalex_public_health_200
W3197285618,W2901519529,1,actual_openalex_reference,test,openalex_public_health_200
W3197285618,W2954280928,1,actual_openalex_reference,test,openalex_public_health_200
W3197285618,W2997135649,1,actual_openalex_reference,test,openalex_public_health_200
W3197285618,W3004572648,1,actual_openalex_reference,test,openalex_public_health_200
W3197285618,W3040731462,1,actual_openalex_reference,test,openalex_public_health_200
W2911310886,W1963839947,1,actual_openalex_reference,test,openalex_public_health_200
W2911310886,W1968780318,1,actual_openalex_reference,test,openalex_public_health_200
W2911310886,W1980452936,1,actual_openalex_reference,test,openalex_public_health_200
W2911310886,W1990981363,1,actual_openalex_reference,test,openalex_public_health_200
W2911310886,W1992113124,1,actual_openalex_reference,test,openalex_public_health_200
W2911310886,W1997335954,1,actual_openalex_reference,test,openalex_public_health_200
W2911310886,W2017707667,1,actual_openalex_reference,test,openalex_public_health_200
W2911310886,W2029878680,1,actual_openalex_reference,test,openalex_public_health_200
W2911310886,W2036005841,1,actual_openalex_reference,test,openalex_public_health_200
W2911310886,W2053775536,1,actual_openalex_reference,test,openalex_public_health_200
W2911310886,W2086152477,1,actual_openalex_reference,test,openalex_public_health_200
W2911310886,W2086500924,1,actual_openalex_reference,test,openalex_public_health_200
W2911310886,W2092448808,1,actual_openalex_reference,test,openalex_public_health_200
W2911310886,W2093478445,1,actual_openalex_reference,test,openalex_public_health_200
W2911310886,W2095743793,1,actual_openalex_reference,test,openalex_public_health_200
W2911310886,W2097069988,1,actual_openalex_reference,test,openalex_public_health_200
W2911310886,W2097391939,1,actual_openalex_reference,test,openalex_public_health_200
W2911310886,W2099532383,1,actual_openalex_reference,test,openalex_public_health_200
W2911310886,W2100436358,1,actual_openalex_reference,test,openalex_public_health_200
W2911310886,W2105314236,1,actual_openalex_reference,test,openalex_public_health_200
W2911310886,W2105896988,1,actual_openalex_reference,test,openalex_public_health_200
W2911310886,W2112804073,1,actual_openalex_reference,test,openalex_public_health_200
W2911310886,W2126522370,1,actual_openalex_reference,test,openalex_public_health_200
W2911310886,W2129179035,1,actual_openalex_reference,test,openalex_public_health_200
W2911310886,W2141261198,1,actual_openalex_reference,test,openalex_public_health_200
W2911310886,W2141556460,1,actual_openalex_reference,test,openalex_public_health_200
W2911310886,W2141611781,1,actual_openalex_reference,test,openalex_public_health_200
W2911310886,W2144547005,1,actual_openalex_reference,test,openalex_public_health_200
W2911310886,W2159267296,1,actual_openalex_reference,test,openalex_public_health_200
W2911310886,W2169006847,1,actual_openalex_reference,test,openalex_public_health_200
W2911310886,W2194740676,1,actual_openalex_reference,test,openalex_public_health_200
W2911310886,W2228451282,1,actual_openalex_reference,test,openalex_public_health_200
W2911310886,W2338630180,1,actual_openalex_reference,test,openalex_public_health_200
W2911310886,W2437726963,1,actual_openalex_reference,test,openalex_public_health_200
W2911310886,W2553005652,1,actual_openalex_reference,test,openalex_public_health_200
W2911310886,W2619822249,1,actual_openalex_reference,test,openalex_public_health_200
W2911310886,W2765109698,1,actual_openalex_reference,test,openalex_public_health_200
W2911310886,W2788856218,1,actual_openalex_reference,test,openalex_public_health_200
W2911310886,W2796957576,1,actual_openalex_reference,test,openalex_public_health_200
W2911310886,W2883719651,1,actual_openalex_reference,test,openalex_public_health_200
W3018258522,W1512597729,1,actual_openalex_reference,test,openalex_public_health_200
W3018258522,W1977488532,1,actual_openalex_reference,test,openalex_public_health_200
W3018258522,W1979494626,1,actual_openalex_reference,test,openalex_public_health_200
W3018258522,W1990876256,1,actual_openalex_reference,test,openalex_public_health_200
W3018258522,W2042937720,1,actual_openalex_reference,test,openalex_public_health_200
W3018258522,W2048104657,1,actual_openalex_reference,test,openalex_public_health_200
W3018258522,W2048146098,1,actual_openalex_reference,test,openalex_public_health_200
W3018258522,W2068233096,1,actual_openalex_reference,test,openalex_public_health_200
W3018258522,W2105046091,1,actual_openalex_reference,test,openalex_public_health_200
W3018258522,W2125240311,1,actual_openalex_reference,test,openalex_public_health_200
W3018258522,W2160805843,1,actual_openalex_reference,test,openalex_public_health_200
W3018258522,W2412235094,1,actual_openalex_reference,test,openalex_public_health_200
W3018258522,W2412366416,1,actual_openalex_reference,test,openalex_public_health_200
W3018258522,W2509702274,1,actual_openalex_reference,test,openalex_public_health_200
W3018258522,W2784400833,1,actual_openalex_reference,test,openalex_public_health_200
W3018258522,W2785161152,1,actual_openalex_reference,test,openalex_public_health_200
W3018258522,W2915801313,1,actual_openalex_reference,test,openalex_public_health_200
W3018258522,W2967718912,1,actual_openalex_reference,test,openalex_public_health_200
W3018258522,W2976868173,1,actual_openalex_reference,test,openalex_public_health_200
W3018258522,W3001764180,1,actual_openalex_reference,test,openalex_public_health_200
W3018258522,W4300107936,1,actual_openalex_reference,test,openalex_public_health_200
W3185733937,W1958108386,1,actual_openalex_reference,test,openalex_public_health_200
W3185733937,W1988016903,1,actual_openalex_reference,test,openalex_public_health_200
W3185733937,W2335728439,1,actual_openalex_reference,test,openalex_public_health_200
W3185733937,W2411640166,1,actual_openalex_reference,test,openalex_public_health_200
W2994794263,W1750823910,1,actual_openalex_reference,test,openalex_public_health_200
W2994794263,W1930961784,1,actual_openalex_reference,test,openalex_public_health_200
W2994794263,W1972242861,1,actual_openalex_reference,test,openalex_public_health_200
W2994794263,W1994955952,1,actual_openalex_reference,test,openalex_public_health_200
W2994794263,W2060225687,1,actual_openalex_reference,test,openalex_public_health_200
W2994794263,W2074592911,1,actual_openalex_reference,test,openalex_public_health_200
W2994794263,W2296986887,1,actual_openalex_reference,test,openalex_public_health_200
W2994794263,W2346769180,1,actual_openalex_reference,test,openalex_public_health_200
W2994794263,W2725503094,1,actual_openalex_reference,test,openalex_public_health_200
W2994794263,W2920592781,1,actual_openalex_reference,test,openalex_public_health_200
W3106636739,W1729017034,1,actual_openalex_reference,test,openalex_public_health_200
W3106636739,W1755904813,1,actual_openalex_reference,test,openalex_public_health_200
W3106636739,W1990136727,1,actual_openalex_reference,test,openalex_public_health_200
W3106636739,W2050811145,1,actual_openalex_reference,test,openalex_public_health_200
W3106636739,W2062432044,1,actual_openalex_reference,test,openalex_public_health_200
W3106636739,W2064855181,1,actual_openalex_reference,test,openalex_public_health_200
W3106636739,W2091490176,1,actual_openalex_reference,test,openalex_public_health_200
W3106636739,W2093869904,1,actual_openalex_reference,test,openalex_public_health_200
W3106636739,W2122753628,1,actual_openalex_reference,test,openalex_public_health_200
W3106636739,W2129794733,1,actual_openalex_reference,test,openalex_public_health_200
W3106636739,W2130028379,1,actual_openalex_reference,test,openalex_public_health_200
W3106636739,W2131545842,1,actual_openalex_reference,test,openalex_public_health_200
W3106636739,W2140931333,1,actual_openalex_reference,test,openalex_public_health_200
W3106636739,W2155180028,1,actual_openalex_reference,test,openalex_public_health_200
W3106636739,W2158655282,1,actual_openalex_reference,test,openalex_public_health_200
W3106636739,W2159865675,1,actual_openalex_reference,test,openalex_public_health_200
W3106636739,W2314579490,1,actual_openalex_reference,test,openalex_public_health_200
W3106636739,W2324667908,1,actual_openalex_reference,test,openalex_public_health_200
W3106636739,W2415685063,1,actual_openalex_reference,test,openalex_public_health_200
W3106636739,W2533040808,1,actual_openalex_reference,test,openalex_public_health_200
W3106636739,W2536894942,1,actual_openalex_reference,test,openalex_public_health_200
W3106636739,W2549904414,1,actual_openalex_reference,test,openalex_public_health_200
W3106636739,W2559179736,1,actual_openalex_reference,test,openalex_public_health_200
W3106636739,W2744600822,1,actual_openalex_reference,test,openalex_public_health_200
W3106636739,W2785868810,1,actual_openalex_reference,test,openalex_public_health_200
W3106636739,W2788813314,1,actual_openalex_reference,test,openalex_public_health_200
W3106636739,W2929535294,1,actual_openalex_reference,test,openalex_public_health_200
W3106636739,W2994806634,1,actual_openalex_reference,test,openalex_public_health_200
W3106636739,W3014789924,1,actual_openalex_reference,test,openalex_public_health_200
W3148124088,W2093570060,1,actual_openalex_reference,test,openalex_public_health_200
W3148124088,W2493945320,1,actual_openalex_reference,test,openalex_public_health_200
W3148124088,W2904657139,1,actual_openalex_reference,test,openalex_public_health_200
W3148124088,W3013355453,1,actual_openalex_reference,test,openalex_public_health_200
W3148124088,W3017894014,1,actual_openalex_reference,test,openalex_public_health_200
W3148124088,W3018072231,1,actual_openalex_reference,test,openalex_public_health_200
W3148124088,W3020284447,1,actual_openalex_reference,test,openalex_public_health_200
W3148124088,W3021193980,1,actual_openalex_reference,test,openalex_public_health_200
W3148124088,W3022364071,1,actual_openalex_reference,test,openalex_public_health_200
W3148124088,W3022968054,1,actual_openalex_reference,test,openalex_public_health_200
W3148124088,W3047045170,1,actual_openalex_reference,test,openalex_public_health_200
W3148124088,W3093520399,1,actual_openalex_reference,test,openalex_public_health_200
W3148124088,W3126905244,1,actual_openalex_reference,test,openalex_public_health_200
W3148124088,W3156080690,1,actual_openalex_reference,test,openalex_public_health_200
W3148124088,W3157077847,1,actual_openalex_reference,test,openalex_public_health_200
W3148124088,W3157214990,1,actual_openalex_reference,test,openalex_public_health_200
W3148124088,W3157237985,1,actual_openalex_reference,test,openalex_public_health_200
W3148124088,W3157367476,1,actual_openalex_reference,test,openalex_public_health_200
W3148124088,W3159990860,1,actual_openalex_reference,test,openalex_public_health_200
W3148124088,W3161449689,1,actual_openalex_reference,test,openalex_public_health_200
W3148124088,W3193675404,1,actual_openalex_reference,test,openalex_public_health_200
W3148124088,W4212884838,1,actual_openalex_reference,test,openalex_public_health_200
W3148124088,W4243967998,1,actual_openalex_reference,test,openalex_public_health_200
W3090535325,W2039529905,1,actual_openalex_reference,test,openalex_public_health_200
W3090535325,W2077566557,1,actual_openalex_reference,test,openalex_public_health_200
W3090535325,W2106512780,1,actual_openalex_reference,test,openalex_public_health_200
W3090535325,W2164762758,1,actual_openalex_reference,test,openalex_public_health_200
W3090535325,W2178337429,1,actual_openalex_reference,test,openalex_public_health_200
W3090535325,W2253332195,1,actual_openalex_reference,test,openalex_public_health_200
W3090535325,W2925142433,1,actual_openalex_reference,test,openalex_public_health_200
W3090535325,W4205987157,1,actual_openalex_reference,test,openalex_public_health_200
W3010739516,W1906669681,1,actual_openalex_reference,test,openalex_public_health_200
W3010739516,W1967977548,1,actual_openalex_reference,test,openalex_public_health_200
W3010739516,W1969124734,1,actual_openalex_reference,test,openalex_public_health_200
W3010739516,W2015047693,1,actual_openalex_reference,test,openalex_public_health_200
W3010739516,W2078405273,1,actual_openalex_reference,test,openalex_public_health_200
W3010739516,W2090820608,1,actual_openalex_reference,test,openalex_public_health_200
W3010739516,W2091649381,1,actual_openalex_reference,test,openalex_public_health_200
W3010739516,W2095802080,1,actual_openalex_reference,test,openalex_public_health_200
W3010739516,W2116339156,1,actual_openalex_reference,test,openalex_public_health_200
W3010739516,W2148857609,1,actual_openalex_reference,test,openalex_public_health_200
W3010739516,W2154507879,1,actual_openalex_reference,test,openalex_public_health_200
W3010739516,W2163866454,1,actual_openalex_reference,test,openalex_public_health_200
W3010739516,W2167997731,1,actual_openalex_reference,test,openalex_public_health_200
W3010739516,W2559873126,1,actual_openalex_reference,test,openalex_public_health_200
W3010739516,W2559934018,1,actual_openalex_reference,test,openalex_public_health_200
W3010739516,W2585431749,1,actual_openalex_reference,test,openalex_public_health_200
W3010739516,W2593363317,1,actual_openalex_reference,test,openalex_public_health_200
W3010739516,W2801543143,1,actual_openalex_reference,test,openalex_public_health_200
W3010739516,W2802048849,1,actual_openalex_reference,test,openalex_public_health_200
W3201403207,W2035194773,1,actual_openalex_reference,test,openalex_public_health_200
W3201403207,W2042269088,1,actual_openalex_reference,test,openalex_public_health_200
W3201403207,W2106292706,1,actual_openalex_reference,test,openalex_public_health_200
W3201403207,W2400746702,1,actual_openalex_reference,test,openalex_public_health_200
W3201403207,W2916318241,1,actual_openalex_reference,test,openalex_public_health_200
W3201403207,W3002744388,1,actual_openalex_reference,test,openalex_public_health_200
W3201403207,W3095424629,1,actual_openalex_reference,test,openalex_public_health_200
W3201403207,W3156057407,1,actual_openalex_reference,test,openalex_public_health_200
W3174921470,W99419338,1,actual_openalex_reference,test,openalex_public_health_200
W3174921470,W186601940,1,actual_openalex_reference,test,openalex_public_health_200
W3174921470,W1984897275,1,actual_openalex_reference,test,openalex_public_health_200
W3174921470,W2127341635,1,actual_openalex_reference,test,openalex_public_health_200
W3174921470,W2480833864,1,actual_openalex_reference,test,openalex_public_health_200
W3216412098,W1509623398,1,actual_openalex_reference,test,openalex_public_health_200
W3216412098,W1809273654,1,actual_openalex_reference,test,openalex_public_health_200
W3216412098,W1965999023,1,actual_openalex_reference,test,openalex_public_health_200
W3216412098,W1989417654,1,actual_openalex_reference,test,openalex_public_health_200
W3216412098,W1992746042,1,actual_openalex_reference,test,openalex_public_health_200
W3216412098,W2029245543,1,actual_openalex_reference,test,openalex_public_health_200
W3216412098,W2070458153,1,actual_openalex_reference,test,openalex_public_health_200
W3216412098,W2077618811,1,actual_openalex_reference,test,openalex_public_health_200
W3216412098,W2106109076,1,actual_openalex_reference,test,openalex_public_health_200
W3216412098,W2130000778,1,actual_openalex_reference,test,openalex_public_health_200
W3216412098,W2136216963,1,actual_openalex_reference,test,openalex_public_health_200
W3216412098,W2137393768,1,actual_openalex_reference,test,openalex_public_health_200
W3216412098,W2157118376,1,actual_openalex_reference,test,openalex_public_health_200
W3216412098,W2160601320,1,actual_openalex_reference,test,openalex_public_health_200
W3216412098,W2161518531,1,actual_openalex_reference,test,openalex_public_health_200
W3216412098,W2224329999,1,actual_openalex_reference,test,openalex_public_health_200
W3216412098,W2233687752,1,actual_openalex_reference,test,openalex_public_health_200
W3216412098,W2248433522,1,actual_openalex_reference,test,openalex_public_health_200
W3216412098,W2297053275,1,actual_openalex_reference,test,openalex_public_health_200
W3216412098,W2602566168,1,actual_openalex_reference,test,openalex_public_health_200
W3216412098,W2762410318,1,actual_openalex_reference,test,openalex_public_health_200
W3216412098,W2775837997,1,actual_openalex_reference,test,openalex_public_health_200
W3216412098,W2902089189,1,actual_openalex_reference,test,openalex_public_health_200
W3216412098,W2908629915,1,actual_openalex_reference,test,openalex_public_health_200
W3216412098,W2949644320,1,actual_openalex_reference,test,openalex_public_health_200
W3216412098,W2995987608,1,actual_openalex_reference,test,openalex_public_health_200
W3216412098,W2998079504,1,actual_openalex_reference,test,openalex_public_health_200
W3202173565,W2047565128,1,actual_openalex_reference,test,openalex_public_health_200
W3202173565,W2049368235,1,actual_openalex_reference,test,openalex_public_health_200
W3202173565,W2066754309,1,actual_openalex_reference,test,openalex_public_health_200
W3202173565,W2076029682,1,actual_openalex_reference,test,openalex_public_health_200
W3202173565,W2114818342,1,actual_openalex_reference,test,openalex_public_health_200
W3202173565,W2115984022,1,actual_openalex_reference,test,openalex_public_health_200
W3202173565,W2120286781,1,actual_openalex_reference,test,openalex_public_health_200
W3202173565,W2127733438,1,actual_openalex_reference,test,openalex_public_health_200
W3202173565,W2141291954,1,actual_openalex_reference,test,openalex_public_health_200
W3202173565,W2161311583,1,actual_openalex_reference,test,openalex_public_health_200
W3202173565,W2171102256,1,actual_openalex_reference,test,openalex_public_health_200
W3202173565,W2259443501,1,actual_openalex_reference,test,openalex_public_health_200
W3202173565,W2401085227,1,actual_openalex_reference,test,openalex_public_health_200
W3202173565,W2752428116,1,actual_openalex_reference,test,openalex_public_health_200
W3202173565,W2765137312,1,actual_openalex_reference,test,openalex_public_health_200
W3202173565,W2887062741,1,actual_openalex_reference,test,openalex_public_health_200
W3202173565,W2902297110,1,actual_openalex_reference,test,openalex_public_health_200
W3202173565,W2997424783,1,actual_openalex_reference,test,openalex_public_health_200
W3202173565,W3012441801,1,actual_openalex_reference,test,openalex_public_health_200
W3202173565,W3014391325,1,actual_openalex_reference,test,openalex_public_health_200
W3202173565,W4244358260,1,actual_openalex_reference,test,openalex_public_health_200
W3039075677,W1963722208,1,actual_openalex_reference,test,openalex_public_health_200
W3039075677,W1972661406,1,actual_openalex_reference,test,openalex_public_health_200
W3039075677,W1986068838,1,actual_openalex_reference,test,openalex_public_health_200
W3039075677,W1993871195,1,actual_openalex_reference,test,openalex_public_health_200
W3039075677,W2029997417,1,actual_openalex_reference,test,openalex_public_health_200
W3039075677,W2032525547,1,actual_openalex_reference,test,openalex_public_health_200
W3039075677,W2043042777,1,actual_openalex_reference,test,openalex_public_health_200
W3039075677,W2118310760,1,actual_openalex_reference,test,openalex_public_health_200
W3039075677,W2154815373,1,actual_openalex_reference,test,openalex_public_health_200
W3039075677,W2164402857,1,actual_openalex_reference,test,openalex_public_health_200
W3039075677,W2173230987,1,actual_openalex_reference,test,openalex_public_health_200
W3039075677,W2283202055,1,actual_openalex_reference,test,openalex_public_health_200
W3039075677,W2307318656,1,actual_openalex_reference,test,openalex_public_health_200
W3039075677,W2318584870,1,actual_openalex_reference,test,openalex_public_health_200
W3039075677,W2322373408,1,actual_openalex_reference,test,openalex_public_health_200
W3039075677,W2333028705,1,actual_openalex_reference,test,openalex_public_health_200
W3039075677,W2465758073,1,actual_openalex_reference,test,openalex_public_health_200
W3039075677,W2592020850,1,actual_openalex_reference,test,openalex_public_health_200
W3039075677,W2784661792,1,actual_openalex_reference,test,openalex_public_health_200
W3039075677,W2804293659,1,actual_openalex_reference,test,openalex_public_health_200
W4200571777,W1979155439,1,actual_openalex_reference,test,openalex_public_health_200
W4200571777,W2060864692,1,actual_openalex_reference,test,openalex_public_health_200
W4200571777,W2128321373,1,actual_openalex_reference,test,openalex_public_health_200
W4200571777,W2140364218,1,actual_openalex_reference,test,openalex_public_health_200
W4200571777,W2181694264,1,actual_openalex_reference,test,openalex_public_health_200
W4200571777,W2402474664,1,actual_openalex_reference,test,openalex_public_health_200
W4200571777,W2728214029,1,actual_openalex_reference,test,openalex_public_health_200
W4200571777,W2793206566,1,actual_openalex_reference,test,openalex_public_health_200
W4200571777,W2795150827,1,actual_openalex_reference,test,openalex_public_health_200
W4200571777,W2887896606,1,actual_openalex_reference,test,openalex_public_health_200
W4200571777,W2919116749,1,actual_openalex_reference,test,openalex_public_health_200
W4200571777,W2921686347,1,actual_openalex_reference,test,openalex_public_health_200
W4200571777,W2943210637,1,actual_openalex_reference,test,openalex_public_health_200
W4200571777,W2994150361,1,actual_openalex_reference,test,openalex_public_health_200
W4200571777,W2999664077,1,actual_openalex_reference,test,openalex_public_health_200
W4200571777,W3005678469,1,actual_openalex_reference,test,openalex_public_health_200
W4200571777,W3119071928,1,actual_openalex_reference,test,openalex_public_health_200
W3209992907,W603659130,1,actual_openalex_reference,test,openalex_public_health_200
W3209992907,W1536358254,1,actual_openalex_reference,test,openalex_public_health_200
W3209992907,W1572625196,1,actual_openalex_reference,test,openalex_public_health_200
W3209992907,W1962928558,1,actual_openalex_reference,test,openalex_public_health_200
W3209992907,W1969503178,1,actual_openalex_reference,test,openalex_public_health_200
W3209992907,W1972907204,1,actual_openalex_reference,test,openalex_public_health_200
W3209992907,W1974809008,1,actual_openalex_reference,test,openalex_public_health_200
W3209992907,W1994004064,1,actual_openalex_reference,test,openalex_public_health_200
W3209992907,W2001256761,1,actual_openalex_reference,test,openalex_public_health_200
W3209992907,W2020251171,1,actual_openalex_reference,test,openalex_public_health_200
W3209992907,W2056393365,1,actual_openalex_reference,test,openalex_public_health_200
W3209992907,W2065685061,1,actual_openalex_reference,test,openalex_public_health_200
W3209992907,W2077722456,1,actual_openalex_reference,test,openalex_public_health_200
W3209992907,W2094458603,1,actual_openalex_reference,test,openalex_public_health_200
W3209992907,W2097575748,1,actual_openalex_reference,test,openalex_public_health_200
W3209992907,W2100119109,1,actual_openalex_reference,test,openalex_public_health_200
W3209992907,W2101478629,1,actual_openalex_reference,test,openalex_public_health_200
W3209992907,W2103343452,1,actual_openalex_reference,test,openalex_public_health_200
W3209992907,W2114818342,1,actual_openalex_reference,test,openalex_public_health_200
W3209992907,W2122849872,1,actual_openalex_reference,test,openalex_public_health_200
W3209992907,W2122856927,1,actual_openalex_reference,test,openalex_public_health_200
W3209992907,W2130106512,1,actual_openalex_reference,test,openalex_public_health_200
W3209992907,W2133353185,1,actual_openalex_reference,test,openalex_public_health_200
W3209992907,W2133685504,1,actual_openalex_reference,test,openalex_public_health_200
W3209992907,W2149249443,1,actual_openalex_reference,test,openalex_public_health_200
W3209992907,W2155335963,1,actual_openalex_reference,test,openalex_public_health_200
W3209992907,W2155767317,1,actual_openalex_reference,test,openalex_public_health_200
W3209992907,W2158788393,1,actual_openalex_reference,test,openalex_public_health_200
W3209992907,W2161151688,1,actual_openalex_reference,test,openalex_public_health_200
W3209992907,W2161239029,1,actual_openalex_reference,test,openalex_public_health_200
W3209992907,W2235125372,1,actual_openalex_reference,test,openalex_public_health_200
W3209992907,W2338077939,1,actual_openalex_reference,test,openalex_public_health_200
W3209992907,W2650343231,1,actual_openalex_reference,test,openalex_public_health_200
W3209992907,W2737141338,1,actual_openalex_reference,test,openalex_public_health_200
W3209992907,W2888848653,1,actual_openalex_reference,test,openalex_public_health_200
W3209992907,W2899942752,1,actual_openalex_reference,test,openalex_public_health_200
W3209992907,W2913803367,1,actual_openalex_reference,test,openalex_public_health_200
W3209992907,W2938439320,1,actual_openalex_reference,test,openalex_public_health_200
W3209992907,W2950607694,1,actual_openalex_reference,test,openalex_public_health_200
W3209992907,W2955330427,1,actual_openalex_reference,test,openalex_public_health_200
W3209992907,W2963818102,1,actual_openalex_reference,test,openalex_public_health_200
W3209992907,W2991884919,1,actual_openalex_reference,test,openalex_public_health_200
W3209992907,W3046809066,1,actual_openalex_reference,test,openalex_public_health_200
W3209992907,W3122690812,1,actual_openalex_reference,test,openalex_public_health_200
W3209992907,W3136918052,1,actual_openalex_reference,test,openalex_public_health_200
W3078556535,W1770287567,1,actual_openalex_reference,test,openalex_public_health_200
W3078556535,W1974791444,1,actual_openalex_reference,test,openalex_public_health_200
W3078556535,W1995401779,1,actual_openalex_reference,test,openalex_public_health_200
W3078556535,W1998504160,1,actual_openalex_reference,test,openalex_public_health_200
W3078556535,W2016747731,1,actual_openalex_reference,test,openalex_public_health_200
W3078556535,W2024762705,1,actual_openalex_reference,test,openalex_public_health_200
W3078556535,W2030551855,1,actual_openalex_reference,test,openalex_public_health_200
W3078556535,W2038672275,1,actual_openalex_reference,test,openalex_public_health_200
W3078556535,W2047236430,1,actual_openalex_reference,test,openalex_public_health_200
W3078556535,W2050733663,1,actual_openalex_reference,test,openalex_public_health_200
W3078556535,W2060611796,1,actual_openalex_reference,test,openalex_public_health_200
W3078556535,W2066268626,1,actual_openalex_reference,test,openalex_public_health_200
W3078556535,W2073049582,1,actual_openalex_reference,test,openalex_public_health_200
W3078556535,W2079936712,1,actual_openalex_reference,test,openalex_public_health_200
W3078556535,W2088335903,1,actual_openalex_reference,test,openalex_public_health_200
W3078556535,W2098466396,1,actual_openalex_reference,test,openalex_public_health_200
W3078556535,W2100187217,1,actual_openalex_reference,test,openalex_public_health_200
W3078556535,W2106708609,1,actual_openalex_reference,test,openalex_public_health_200
W3078556535,W2110110930,1,actual_openalex_reference,test,openalex_public_health_200
W3078556535,W2114718288,1,actual_openalex_reference,test,openalex_public_health_200
W3078556535,W2120106329,1,actual_openalex_reference,test,openalex_public_health_200
W3078556535,W2120455580,1,actual_openalex_reference,test,openalex_public_health_200
W3078556535,W2122349387,1,actual_openalex_reference,test,openalex_public_health_200
W3078556535,W2124252812,1,actual_openalex_reference,test,openalex_public_health_200
W3078556535,W2128484694,1,actual_openalex_reference,test,openalex_public_health_200
W3078556535,W2128509905,1,actual_openalex_reference,test,openalex_public_health_200
W3078556535,W2131170532,1,actual_openalex_reference,test,openalex_public_health_200
W3078556535,W2133992470,1,actual_openalex_reference,test,openalex_public_health_200
W3078556535,W2136414528,1,actual_openalex_reference,test,openalex_public_health_200
W3078556535,W2142137317,1,actual_openalex_reference,test,openalex_public_health_200
W3078556535,W2144187428,1,actual_openalex_reference,test,openalex_public_health_200
W3078556535,W2150120689,1,actual_openalex_reference,test,openalex_public_health_200
W3078556535,W2150386143,1,actual_openalex_reference,test,openalex_public_health_200
W3078556535,W2157323319,1,actual_openalex_reference,test,openalex_public_health_200
W3078556535,W2158079732,1,actual_openalex_reference,test,openalex_public_health_200
W3078556535,W2162325860,1,actual_openalex_reference,test,openalex_public_health_200
W3078556535,W2164291756,1,actual_openalex_reference,test,openalex_public_health_200
W3078556535,W2165960748,1,actual_openalex_reference,test,openalex_public_health_200
W3078556535,W2172114008,1,actual_openalex_reference,test,openalex_public_health_200
W3078556535,W2178124364,1,actual_openalex_reference,test,openalex_public_health_200
W3078556535,W2260741209,1,actual_openalex_reference,test,openalex_public_health_200
W3078556535,W2277664010,1,actual_openalex_reference,test,openalex_public_health_200
W3078556535,W2294352551,1,actual_openalex_reference,test,openalex_public_health_200
W3078556535,W2295378318,1,actual_openalex_reference,test,openalex_public_health_200
W3078556535,W2297369703,1,actual_openalex_reference,test,openalex_public_health_200
W3078556535,W2314878110,1,actual_openalex_reference,test,openalex_public_health_200
W3078556535,W2410586889,1,actual_openalex_reference,test,openalex_public_health_200
W3078556535,W2413226747,1,actual_openalex_reference,test,openalex_public_health_200
W3078556535,W2420158739,1,actual_openalex_reference,test,openalex_public_health_200
W3078556535,W2438204118,1,actual_openalex_reference,test,openalex_public_health_200
W3078556535,W2489979572,1,actual_openalex_reference,test,openalex_public_health_200
W3078556535,W2509714578,1,actual_openalex_reference,test,openalex_public_health_200
W3078556535,W2511485870,1,actual_openalex_reference,test,openalex_public_health_200
W3078556535,W2511609608,1,actual_openalex_reference,test,openalex_public_health_200
W3078556535,W2512230375,1,actual_openalex_reference,test,openalex_public_health_200
W3078556535,W2518586299,1,actual_openalex_reference,test,openalex_public_health_200
W3078556535,W2522171644,1,actual_openalex_reference,test,openalex_public_health_200
W3078556535,W2533312268,1,actual_openalex_reference,test,openalex_public_health_200
W3078556535,W2545453347,1,actual_openalex_reference,test,openalex_public_health_200
W3078556535,W2569440837,1,actual_openalex_reference,test,openalex_public_health_200
W3078556535,W2569512368,1,actual_openalex_reference,test,openalex_public_health_200
W3078556535,W2573472160,1,actual_openalex_reference,test,openalex_public_health_200
W3078556535,W2576744019,1,actual_openalex_reference,test,openalex_public_health_200
W3078556535,W2592593355,1,actual_openalex_reference,test,openalex_public_health_200
W3078556535,W2594402993,1,actual_openalex_reference,test,openalex_public_health_200
W3078556535,W2606716395,1,actual_openalex_reference,test,openalex_public_health_200
W3078556535,W2772556009,1,actual_openalex_reference,test,openalex_public_health_200
W3078556535,W2773664517,1,actual_openalex_reference,test,openalex_public_health_200
W3078556535,W2784446888,1,actual_openalex_reference,test,openalex_public_health_200
W3078556535,W2799353752,1,actual_openalex_reference,test,openalex_public_health_200
W3078556535,W2802155788,1,actual_openalex_reference,test,openalex_public_health_200
W3078556535,W2809685706,1,actual_openalex_reference,test,openalex_public_health_200
W3078556535,W2922655573,1,actual_openalex_reference,test,openalex_public_health_200
W3078556535,W2924612972,1,actual_openalex_reference,test,openalex_public_health_200
W3078556535,W2929351296,1,actual_openalex_reference,test,openalex_public_health_200
W3078556535,W2949089304,1,actual_openalex_reference,test,openalex_public_health_200
W3078556535,W2950770451,1,actual_openalex_reference,test,openalex_public_health_200
W3078556535,W2952644911,1,actual_openalex_reference,test,openalex_public_health_200
W3078556535,W2985990683,1,actual_openalex_reference,test,openalex_public_health_200
W3078556535,W2988684366,1,actual_openalex_reference,test,openalex_public_health_200
W3078556535,W4230669233,1,actual_openalex_reference,test,openalex_public_health_200
W2945620957,W68800603,1,actual_openalex_reference,test,openalex_public_health_200
W2945620957,W193558954,1,actual_openalex_reference,test,openalex_public_health_200
W2945620957,W1942274251,1,actual_openalex_reference,test,openalex_public_health_200
W2945620957,W1960246351,1,actual_openalex_reference,test,openalex_public_health_200
W2945620957,W1968320037,1,actual_openalex_reference,test,openalex_public_health_200
W2945620957,W1972207334,1,actual_openalex_reference,test,openalex_public_health_200
W2945620957,W1993021567,1,actual_openalex_reference,test,openalex_public_health_200
W2945620957,W2031433000,1,actual_openalex_reference,test,openalex_public_health_200
W2945620957,W2035431065,1,actual_openalex_reference,test,openalex_public_health_200
W2945620957,W2042422017,1,actual_openalex_reference,test,openalex_public_health_200
W2945620957,W2135387355,1,actual_openalex_reference,test,openalex_public_health_200
W2945620957,W2141095859,1,actual_openalex_reference,test,openalex_public_health_200
W2945620957,W2149874380,1,actual_openalex_reference,test,openalex_public_health_200
W2945620957,W2331283699,1,actual_openalex_reference,test,openalex_public_health_200
W2945620957,W2346880771,1,actual_openalex_reference,test,openalex_public_health_200
W2945620957,W2412596309,1,actual_openalex_reference,test,openalex_public_health_200
W2959456090,W1880073089,1,actual_openalex_reference,test,openalex_public_health_200
W2959456090,W1963542761,1,actual_openalex_reference,test,openalex_public_health_200
W2959456090,W1975970944,1,actual_openalex_reference,test,openalex_public_health_200
W2959456090,W1985622878,1,actual_openalex_reference,test,openalex_public_health_200
W2959456090,W2028052095,1,actual_openalex_reference,test,openalex_public_health_200
W2959456090,W2044020341,1,actual_openalex_reference,test,openalex_public_health_200
W2959456090,W2044760813,1,actual_openalex_reference,test,openalex_public_health_200
W2959456090,W2057266121,1,actual_openalex_reference,test,openalex_public_health_200
W2959456090,W2071372544,1,actual_openalex_reference,test,openalex_public_health_200
W2959456090,W2107915297,1,actual_openalex_reference,test,openalex_public_health_200
W2959456090,W2123893953,1,actual_openalex_reference,test,openalex_public_health_200
W2959456090,W2131226058,1,actual_openalex_reference,test,openalex_public_health_200
W2959456090,W2138387587,1,actual_openalex_reference,test,openalex_public_health_200
W2959456090,W2139124393,1,actual_openalex_reference,test,openalex_public_health_200
W2959456090,W2144405192,1,actual_openalex_reference,test,openalex_public_health_200
W2959456090,W2226769779,1,actual_openalex_reference,test,openalex_public_health_200
W2959456090,W2612415774,1,actual_openalex_reference,test,openalex_public_health_200
W2959456090,W2767843201,1,actual_openalex_reference,test,openalex_public_health_200
W2959456090,W2792732840,1,actual_openalex_reference,test,openalex_public_health_200
W2959456090,W2809443840,1,actual_openalex_reference,test,openalex_public_health_200
W2959456090,W2884354013,1,actual_openalex_reference,test,openalex_public_health_200
W3137641055,W1969983462,1,actual_openalex_reference,test,openalex_public_health_200
W3137641055,W1999470156,1,actual_openalex_reference,test,openalex_public_health_200
W3137641055,W2023700448,1,actual_openalex_reference,test,openalex_public_health_200
W3137641055,W2040143097,1,actual_openalex_reference,test,openalex_public_health_200
W3137641055,W2040525542,1,actual_openalex_reference,test,openalex_public_health_200
W3137641055,W2049004724,1,actual_openalex_reference,test,openalex_public_health_200
W3137641055,W2058173491,1,actual_openalex_reference,test,openalex_public_health_200
W3137641055,W2082280903,1,actual_openalex_reference,test,openalex_public_health_200
W3137641055,W2100729936,1,actual_openalex_reference,test,openalex_public_health_200
W3137641055,W2102938046,1,actual_openalex_reference,test,openalex_public_health_200
W3137641055,W2104871893,1,actual_openalex_reference,test,openalex_public_health_200
W3137641055,W2107096204,1,actual_openalex_reference,test,openalex_public_health_200
W3137641055,W2109299391,1,actual_openalex_reference,test,openalex_public_health_200
W3137641055,W2115798190,1,actual_openalex_reference,test,openalex_public_health_200
W3137641055,W2118078566,1,actual_openalex_reference,test,openalex_public_health_200
W3137641055,W2118307705,1,actual_openalex_reference,test,openalex_public_health_200
W3137641055,W2135110241,1,actual_openalex_reference,test,openalex_public_health_200
W3137641055,W2139604292,1,actual_openalex_reference,test,openalex_public_health_200
W3137641055,W2160616140,1,actual_openalex_reference,test,openalex_public_health_200
W3137641055,W2543454806,1,actual_openalex_reference,test,openalex_public_health_200
W3137641055,W3033307928,1,actual_openalex_reference,test,openalex_public_health_200
W3137641055,W4233971618,1,actual_openalex_reference,test,openalex_public_health_200
W2922183913,W2120801593,1,actual_openalex_reference,test,openalex_public_health_200
W2922183913,W2291472159,1,actual_openalex_reference,test,openalex_public_health_200
W2922183913,W2480078719,1,actual_openalex_reference,test,openalex_public_health_200
W2922183913,W2515345207,1,actual_openalex_reference,test,openalex_public_health_200
W2922183913,W2769686141,1,actual_openalex_reference,test,openalex_public_health_200
W2922183913,W2922479263,1,actual_openalex_reference,test,openalex_public_health_200
W2922183913,W2986244496,1,actual_openalex_reference,test,openalex_public_health_200
W3210562533,W1970712522,1,actual_openalex_reference,test,openalex_public_health_200
W3210562533,W2014780340,1,actual_openalex_reference,test,openalex_public_health_200
W3210562533,W2056087558,1,actual_openalex_reference,test,openalex_public_health_200
W3210562533,W2070360032,1,actual_openalex_reference,test,openalex_public_health_200
W3210562533,W2072764420,1,actual_openalex_reference,test,openalex_public_health_200
W3210562533,W2098398580,1,actual_openalex_reference,test,openalex_public_health_200
W3210562533,W2108777524,1,actual_openalex_reference,test,openalex_public_health_200
W3210562533,W2114360842,1,actual_openalex_reference,test,openalex_public_health_200
W3210562533,W2114458369,1,actual_openalex_reference,test,openalex_public_health_200
W3210562533,W2136130231,1,actual_openalex_reference,test,openalex_public_health_200
W3210562533,W2136701067,1,actual_openalex_reference,test,openalex_public_health_200
W3210562533,W2147140573,1,actual_openalex_reference,test,openalex_public_health_200
W3210562533,W2159933723,1,actual_openalex_reference,test,openalex_public_health_200
W3210562533,W2286953582,1,actual_openalex_reference,test,openalex_public_health_200
W3210562533,W2342984768,1,actual_openalex_reference,test,openalex_public_health_200
W3210562533,W2344913974,1,actual_openalex_reference,test,openalex_public_health_200
W3210562533,W2405923961,1,actual_openalex_reference,test,openalex_public_health_200
W3210562533,W2469023200,1,actual_openalex_reference,test,openalex_public_health_200
W3210562533,W2521380866,1,actual_openalex_reference,test,openalex_public_health_200
W3210562533,W2581377415,1,actual_openalex_reference,test,openalex_public_health_200
W3210562533,W2621026804,1,actual_openalex_reference,test,openalex_public_health_200
W3210562533,W2744841575,1,actual_openalex_reference,test,openalex_public_health_200
W3210562533,W2750298560,1,actual_openalex_reference,test,openalex_public_health_200
W3210562533,W2793430525,1,actual_openalex_reference,test,openalex_public_health_200
W3210562533,W2912222204,1,actual_openalex_reference,test,openalex_public_health_200
W3210562533,W2939873693,1,actual_openalex_reference,test,openalex_public_health_200
W3210562533,W2971408301,1,actual_openalex_reference,test,openalex_public_health_200
W3210562533,W3001486838,1,actual_openalex_reference,test,openalex_public_health_200
W3210562533,W3016839270,1,actual_openalex_reference,test,openalex_public_health_200
W3210562533,W3021885042,1,actual_openalex_reference,test,openalex_public_health_200
W3210562533,W3157841933,1,actual_openalex_reference,test,openalex_public_health_200
W3210562533,W4240020391,1,actual_openalex_reference,test,openalex_public_health_200
W3210562533,W4365787420,1,actual_openalex_reference,test,openalex_public_health_200
W3165429458,W1832048338,1,actual_openalex_reference,test,openalex_public_health_200
W3165429458,W1928654819,1,actual_openalex_reference,test,openalex_public_health_200
W3165429458,W1950757614,1,actual_openalex_reference,test,openalex_public_health_200
W3165429458,W2072295289,1,actual_openalex_reference,test,openalex_public_health_200
W3165429458,W2097149308,1,actual_openalex_reference,test,openalex_public_health_200
W3165429458,W2097322870,1,actual_openalex_reference,test,openalex_public_health_200
W3165429458,W2163837492,1,actual_openalex_reference,test,openalex_public_health_200
W3165429458,W2183299770,1,actual_openalex_reference,test,openalex_public_health_200
W3165429458,W2210042440,1,actual_openalex_reference,test,openalex_public_health_200
W3165429458,W2256741949,1,actual_openalex_reference,test,openalex_public_health_200
W3165429458,W2343123432,1,actual_openalex_reference,test,openalex_public_health_200
W3165429458,W2509516620,1,actual_openalex_reference,test,openalex_public_health_200
W3165429458,W2511382060,1,actual_openalex_reference,test,openalex_public_health_200
W3165429458,W2519478278,1,actual_openalex_reference,test,openalex_public_health_200
W3165429458,W2582503832,1,actual_openalex_reference,test,openalex_public_health_200
W3165429458,W2594387109,1,actual_openalex_reference,test,openalex_public_health_200
W3165429458,W2800129714,1,actual_openalex_reference,test,openalex_public_health_200
W3165429458,W2884657037,1,actual_openalex_reference,test,openalex_public_health_200
W3165429458,W2892330807,1,actual_openalex_reference,test,openalex_public_health_200
W3165429458,W2897617358,1,actual_openalex_reference,test,openalex_public_health_200
W3165429458,W2908662610,1,actual_openalex_reference,test,openalex_public_health_200
W3165429458,W2952064886,1,actual_openalex_reference,test,openalex_public_health_200
W3165429458,W2955651811,1,actual_openalex_reference,test,openalex_public_health_200
W3165429458,W2973176430,1,actual_openalex_reference,test,openalex_public_health_200
W3165429458,W2990055872,1,actual_openalex_reference,test,openalex_public_health_200
W3165429458,W3018164776,1,actual_openalex_reference,test,openalex_public_health_200
W3165429458,W3047895952,1,actual_openalex_reference,test,openalex_public_health_200
W3165429458,W3084836403,1,actual_openalex_reference,test,openalex_public_health_200
W3165429458,W3092618909,1,actual_openalex_reference,test,openalex_public_health_200
W3165429458,W3128518908,1,actual_openalex_reference,test,openalex_public_health_200
W3133584324,W1581035845,1,actual_openalex_reference,test,openalex_public_health_200
W3133584324,W1741332071,1,actual_openalex_reference,test,openalex_public_health_200
W3133584324,W1875073055,1,actual_openalex_reference,test,openalex_public_health_200
W3133584324,W1946039171,1,actual_openalex_reference,test,openalex_public_health_200
W3133584324,W1964184380,1,actual_openalex_reference,test,openalex_public_health_200
W3133584324,W1966292166,1,actual_openalex_reference,test,openalex_public_health_200
W3133584324,W1967828232,1,actual_openalex_reference,test,openalex_public_health_200
W3133584324,W1972018312,1,actual_openalex_reference,test,openalex_public_health_200
W3133584324,W1977949781,1,actual_openalex_reference,test,openalex_public_health_200
W3133584324,W1981787813,1,actual_openalex_reference,test,openalex_public_health_200
W3133584324,W1992052942,1,actual_openalex_reference,test,openalex_public_health_200
W3133584324,W2004059985,1,actual_openalex_reference,test,openalex_public_health_200
W3133584324,W2041844545,1,actual_openalex_reference,test,openalex_public_health_200
W3133584324,W2055708951,1,actual_openalex_reference,test,openalex_public_health_200
W3133584324,W2058218694,1,actual_openalex_reference,test,openalex_public_health_200
W3133584324,W2062325702,1,actual_openalex_reference,test,openalex_public_health_200
W3133584324,W2077508307,1,actual_openalex_reference,test,openalex_public_health_200
W3133584324,W2104901632,1,actual_openalex_reference,test,openalex_public_health_200
W3133584324,W2119845886,1,actual_openalex_reference,test,openalex_public_health_200
W3133584324,W2123248121,1,actual_openalex_reference,test,openalex_public_health_200
W3133584324,W2127331245,1,actual_openalex_reference,test,openalex_public_health_200
W3133584324,W2130274968,1,actual_openalex_reference,test,openalex_public_health_200
W3133584324,W2140056038,1,actual_openalex_reference,test,openalex_public_health_200
W3133584324,W2152573881,1,actual_openalex_reference,test,openalex_public_health_200
W3133584324,W2153326666,1,actual_openalex_reference,test,openalex_public_health_200
W3133584324,W2160683781,1,actual_openalex_reference,test,openalex_public_health_200
W3133584324,W2161082674,1,actual_openalex_reference,test,openalex_public_health_200
W3133584324,W2192579806,1,actual_openalex_reference,test,openalex_public_health_200
W3133584324,W2333623011,1,actual_openalex_reference,test,openalex_public_health_200
W3133584324,W2527241598,1,actual_openalex_reference,test,openalex_public_health_200
W3133584324,W2592857676,1,actual_openalex_reference,test,openalex_public_health_200
W3133584324,W2592869913,1,actual_openalex_reference,test,openalex_public_health_200
W3133584324,W2748575259,1,actual_openalex_reference,test,openalex_public_health_200
W3133584324,W2769179326,1,actual_openalex_reference,test,openalex_public_health_200
W3133584324,W2795218664,1,actual_openalex_reference,test,openalex_public_health_200
W3133584324,W2918628579,1,actual_openalex_reference,test,openalex_public_health_200
W3133584324,W2940237470,1,actual_openalex_reference,test,openalex_public_health_200
W3133584324,W2942804264,1,actual_openalex_reference,test,openalex_public_health_200
W3133584324,W2960704974,1,actual_openalex_reference,test,openalex_public_health_200
W3133584324,W2962115187,1,actual_openalex_reference,test,openalex_public_health_200
W3133584324,W3010957868,1,actual_openalex_reference,test,openalex_public_health_200
W3133584324,W3020927736,1,actual_openalex_reference,test,openalex_public_health_200
W3133584324,W3048877187,1,actual_openalex_reference,test,openalex_public_health_200
W2981625532,W2063939088,1,actual_openalex_reference,test,openalex_public_health_200
W2981625532,W2073522016,1,actual_openalex_reference,test,openalex_public_health_200
W2981625532,W2075954477,1,actual_openalex_reference,test,openalex_public_health_200
W2981625532,W2083151307,1,actual_openalex_reference,test,openalex_public_health_200
W2981625532,W2105392030,1,actual_openalex_reference,test,openalex_public_health_200
W2981625532,W2146672944,1,actual_openalex_reference,test,openalex_public_health_200
W2981625532,W2507762083,1,actual_openalex_reference,test,openalex_public_health_200
W2981625532,W2729484316,1,actual_openalex_reference,test,openalex_public_health_200
W2981625532,W2735236535,1,actual_openalex_reference,test,openalex_public_health_200
W2981625532,W2888230366,1,actual_openalex_reference,test,openalex_public_health_200
W2981625532,W4298249649,1,actual_openalex_reference,test,openalex_public_health_200
W2970902859,W12168533,1,actual_openalex_reference,test,openalex_public_health_200
W2970902859,W197522491,1,actual_openalex_reference,test,openalex_public_health_200
W2970902859,W1483308241,1,actual_openalex_reference,test,openalex_public_health_200
W2970902859,W1968279892,1,actual_openalex_reference,test,openalex_public_health_200
W2970902859,W1971324361,1,actual_openalex_reference,test,openalex_public_health_200
W2970902859,W1989444474,1,actual_openalex_reference,test,openalex_public_health_200
W2970902859,W1992135491,1,actual_openalex_reference,test,openalex_public_health_200
W2970902859,W1996646117,1,actual_openalex_reference,test,openalex_public_health_200
W2970902859,W1999700178,1,actual_openalex_reference,test,openalex_public_health_200
W2970902859,W1999805916,1,actual_openalex_reference,test,openalex_public_health_200
W2970902859,W2007232658,1,actual_openalex_reference,test,openalex_public_health_200
W2970902859,W2042378472,1,actual_openalex_reference,test,openalex_public_health_200
W2970902859,W2042852601,1,actual_openalex_reference,test,openalex_public_health_200
W2970902859,W2071505229,1,actual_openalex_reference,test,openalex_public_health_200
W2970902859,W2080420090,1,actual_openalex_reference,test,openalex_public_health_200
W2970902859,W2114921087,1,actual_openalex_reference,test,openalex_public_health_200
W2970902859,W2115743127,1,actual_openalex_reference,test,openalex_public_health_200
W2970902859,W2127438174,1,actual_openalex_reference,test,openalex_public_health_200
W2970902859,W2136301328,1,actual_openalex_reference,test,openalex_public_health_200
W2970902859,W2137332485,1,actual_openalex_reference,test,openalex_public_health_200
W2970902859,W2143516331,1,actual_openalex_reference,test,openalex_public_health_200
W2970902859,W2169256291,1,actual_openalex_reference,test,openalex_public_health_200
W2970902859,W2467694856,1,actual_openalex_reference,test,openalex_public_health_200
W2970902859,W2590053426,1,actual_openalex_reference,test,openalex_public_health_200
W2970902859,W2604253869,1,actual_openalex_reference,test,openalex_public_health_200
W2970902859,W2970902859,1,actual_openalex_reference,test,openalex_public_health_200
W2970902859,W4206050306,1,actual_openalex_reference,test,openalex_public_health_200
W3159601192,W44858971,1,actual_openalex_reference,test,openalex_public_health_200
W3159601192,W644223842,1,actual_openalex_reference,test,openalex_public_health_200
W3159601192,W1567026930,1,actual_openalex_reference,test,openalex_public_health_200
W3159601192,W1578807507,1,actual_openalex_reference,test,openalex_public_health_200
W3159601192,W1598497066,1,actual_openalex_reference,test,openalex_public_health_200
W3159601192,W1795362332,1,actual_openalex_reference,test,openalex_public_health_200
W3159601192,W1913914512,1,actual_openalex_reference,test,openalex_public_health_200
W3159601192,W1956586183,1,actual_openalex_reference,test,openalex_public_health_200
W3159601192,W1983721377,1,actual_openalex_reference,test,openalex_public_health_200
W3159601192,W2012771779,1,actual_openalex_reference,test,openalex_public_health_200
W3159601192,W2020494695,1,actual_openalex_reference,test,openalex_public_health_200
W3159601192,W2099364510,1,actual_openalex_reference,test,openalex_public_health_200
W3159601192,W2148756342,1,actual_openalex_reference,test,openalex_public_health_200
W3159601192,W2167877406,1,actual_openalex_reference,test,openalex_public_health_200
W3159601192,W2359675133,1,actual_openalex_reference,test,openalex_public_health_200
W3159601192,W2507743516,1,actual_openalex_reference,test,openalex_public_health_200
W3159601192,W2738446728,1,actual_openalex_reference,test,openalex_public_health_200
W3159601192,W2755847012,1,actual_openalex_reference,test,openalex_public_health_200
W3159601192,W2792426975,1,actual_openalex_reference,test,openalex_public_health_200
W3159601192,W2799901954,1,actual_openalex_reference,test,openalex_public_health_200
W3159601192,W2899227785,1,actual_openalex_reference,test,openalex_public_health_200
W3159601192,W2977745910,1,actual_openalex_reference,test,openalex_public_health_200
W3159601192,W3005641731,1,actual_openalex_reference,test,openalex_public_health_200
W3159601192,W3012625735,1,actual_openalex_reference,test,openalex_public_health_200
W3159601192,W3021765038,1,actual_openalex_reference,test,openalex_public_health_200
W3159601192,W3027302907,1,actual_openalex_reference,test,openalex_public_health_200
W3159601192,W3033752264,1,actual_openalex_reference,test,openalex_public_health_200
W3159601192,W3040234819,1,actual_openalex_reference,test,openalex_public_health_200
W3159601192,W3082272230,1,actual_openalex_reference,test,openalex_public_health_200
W3159601192,W3092292060,1,actual_openalex_reference,test,openalex_public_health_200
W3159601192,W3093172190,1,actual_openalex_reference,test,openalex_public_health_200
W3093442933,W1965207000,1,actual_openalex_reference,test,openalex_public_health_200
W3093442933,W1966661647,1,actual_openalex_reference,test,openalex_public_health_200
W3093442933,W1996299251,1,actual_openalex_reference,test,openalex_public_health_200
W3093442933,W1999227269,1,actual_openalex_reference,test,openalex_public_health_200
W3093442933,W2012683439,1,actual_openalex_reference,test,openalex_public_health_200
W3093442933,W2022995396,1,actual_openalex_reference,test,openalex_public_health_200
W3093442933,W2043624291,1,actual_openalex_reference,test,openalex_public_health_200
W3093442933,W2071271451,1,actual_openalex_reference,test,openalex_public_health_200
W3093442933,W2092021333,1,actual_openalex_reference,test,openalex_public_health_200
W3093442933,W2096928702,1,actual_openalex_reference,test,openalex_public_health_200
W3093442933,W2110893563,1,actual_openalex_reference,test,openalex_public_health_200
W3093442933,W2151685257,1,actual_openalex_reference,test,openalex_public_health_200
W3093442933,W2157465059,1,actual_openalex_reference,test,openalex_public_health_200
W3093442933,W2283257267,1,actual_openalex_reference,test,openalex_public_health_200
W3093442933,W2523199733,1,actual_openalex_reference,test,openalex_public_health_200
W3093442933,W2548862769,1,actual_openalex_reference,test,openalex_public_health_200
W3093442933,W2554708330,1,actual_openalex_reference,test,openalex_public_health_200
W3093442933,W2588733824,1,actual_openalex_reference,test,openalex_public_health_200
W3093442933,W2597578478,1,actual_openalex_reference,test,openalex_public_health_200
W3093442933,W2605617708,1,actual_openalex_reference,test,openalex_public_health_200
W3093442933,W2610919094,1,actual_openalex_reference,test,openalex_public_health_200
W3093442933,W2787099006,1,actual_openalex_reference,test,openalex_public_health_200
W3093442933,W2801599277,1,actual_openalex_reference,test,openalex_public_health_200
W3093442933,W2887918976,1,actual_openalex_reference,test,openalex_public_health_200
W3093442933,W4229695996,1,actual_openalex_reference,test,openalex_public_health_200
W3163155139,W1520470190,1,actual_openalex_reference,test,openalex_public_health_200
W3163155139,W2082396928,1,actual_openalex_reference,test,openalex_public_health_200
W3163155139,W2512497230,1,actual_openalex_reference,test,openalex_public_health_200
W3163155139,W2545564314,1,actual_openalex_reference,test,openalex_public_health_200
W3163155139,W2611971073,1,actual_openalex_reference,test,openalex_public_health_200
W3163155139,W2699501679,1,actual_openalex_reference,test,openalex_public_health_200
W3163155139,W2728515412,1,actual_openalex_reference,test,openalex_public_health_200
W3163155139,W2782469074,1,actual_openalex_reference,test,openalex_public_health_200
W3163155139,W2899545668,1,actual_openalex_reference,test,openalex_public_health_200
W3118521742,W409344806,1,actual_openalex_reference,test,openalex_public_health_200
W3118521742,W1928669025,1,actual_openalex_reference,test,openalex_public_health_200
W3118521742,W1976914296,1,actual_openalex_reference,test,openalex_public_health_200
W3118521742,W1989739995,1,actual_openalex_reference,test,openalex_public_health_200
W3118521742,W2074835651,1,actual_openalex_reference,test,openalex_public_health_200
W3118521742,W2147859682,1,actual_openalex_reference,test,openalex_public_health_200
W3118521742,W2159219432,1,actual_openalex_reference,test,openalex_public_health_200
W3118521742,W2389316302,1,actual_openalex_reference,test,openalex_public_health_200
W3118521742,W2488038306,1,actual_openalex_reference,test,openalex_public_health_200
W3118521742,W2550488083,1,actual_openalex_reference,test,openalex_public_health_200
W3118521742,W2577908941,1,actual_openalex_reference,test,openalex_public_health_200
W3118521742,W2698499584,1,actual_openalex_reference,test,openalex_public_health_200
W3118521742,W2914270522,1,actual_openalex_reference,test,openalex_public_health_200
W3118521742,W2973256520,1,actual_openalex_reference,test,openalex_public_health_200
W3118521742,W3023063267,1,actual_openalex_reference,test,openalex_public_health_200
W3118521742,W3037119598,1,actual_openalex_reference,test,openalex_public_health_200
W3163466820,W1488573449,1,actual_openalex_reference,test,openalex_public_health_200
W3163466820,W1576130268,1,actual_openalex_reference,test,openalex_public_health_200
W3163466820,W1967352725,1,actual_openalex_reference,test,openalex_public_health_200
W3163466820,W1986572965,1,actual_openalex_reference,test,openalex_public_health_200
W3163466820,W1992942888,1,actual_openalex_reference,test,openalex_public_health_200
W3163466820,W2048247328,1,actual_openalex_reference,test,openalex_public_health_200
W3163466820,W2138093326,1,actual_openalex_reference,test,openalex_public_health_200
W3163466820,W2168493303,1,actual_openalex_reference,test,openalex_public_health_200
W3163466820,W2206658808,1,actual_openalex_reference,test,openalex_public_health_200
W3163466820,W2464167099,1,actual_openalex_reference,test,openalex_public_health_200
W3163466820,W2479205308,1,actual_openalex_reference,test,openalex_public_health_200
W3163466820,W2616813871,1,actual_openalex_reference,test,openalex_public_health_200
W3163466820,W2768091325,1,actual_openalex_reference,test,openalex_public_health_200
W3163466820,W2772667142,1,actual_openalex_reference,test,openalex_public_health_200
W3163466820,W2910872315,1,actual_openalex_reference,test,openalex_public_health_200
W3163466820,W2918939197,1,actual_openalex_reference,test,openalex_public_health_200
W3163466820,W2943494044,1,actual_openalex_reference,test,openalex_public_health_200
W3163466820,W2943730329,1,actual_openalex_reference,test,openalex_public_health_200
W3163466820,W4244688462,1,actual_openalex_reference,test,openalex_public_health_200
W3209202400,W1970626203,1,actual_openalex_reference,test,openalex_public_health_200
W3209202400,W1983770932,1,actual_openalex_reference,test,openalex_public_health_200
W3209202400,W2087715538,1,actual_openalex_reference,test,openalex_public_health_200
W3209202400,W2099536410,1,actual_openalex_reference,test,openalex_public_health_200
W3209202400,W2121848299,1,actual_openalex_reference,test,openalex_public_health_200
W3209202400,W2174611818,1,actual_openalex_reference,test,openalex_public_health_200
W3209202400,W2192250368,1,actual_openalex_reference,test,openalex_public_health_200
W3209202400,W2235992787,1,actual_openalex_reference,test,openalex_public_health_200
W3209202400,W2302231610,1,actual_openalex_reference,test,openalex_public_health_200
W3209202400,W2408952404,1,actual_openalex_reference,test,openalex_public_health_200
W3209202400,W2419627639,1,actual_openalex_reference,test,openalex_public_health_200
W3209202400,W2606121080,1,actual_openalex_reference,test,openalex_public_health_200
W3209202400,W2727778053,1,actual_openalex_reference,test,openalex_public_health_200
W3209202400,W2751910173,1,actual_openalex_reference,test,openalex_public_health_200
W3209202400,W2915049067,1,actual_openalex_reference,test,openalex_public_health_200
W3209202400,W2934179069,1,actual_openalex_reference,test,openalex_public_health_200
W3209202400,W2941030521,1,actual_openalex_reference,test,openalex_public_health_200
W3209202400,W3016980907,1,actual_openalex_reference,test,openalex_public_health_200
W3209202400,W3025056237,1,actual_openalex_reference,test,openalex_public_health_200
W3209202400,W3141555702,1,actual_openalex_reference,test,openalex_public_health_200
W3209202400,W3185659911,1,actual_openalex_reference,test,openalex_public_health_200
W3209202400,W4255315845,1,actual_openalex_reference,test,openalex_public_health_200
W4394983045,W19902961,1,actual_openalex_reference,test,openalex_public_health_200
W4394983045,W93046645,1,actual_openalex_reference,test,openalex_public_health_200
W4394983045,W186750614,1,actual_openalex_reference,test,openalex_public_health_200
W4394983045,W1875499724,1,actual_openalex_reference,test,openalex_public_health_200
W4394983045,W1897921401,1,actual_openalex_reference,test,openalex_public_health_200
W4394983045,W1985697256,1,actual_openalex_reference,test,openalex_public_health_200
W4394983045,W1990024572,1,actual_openalex_reference,test,openalex_public_health_200
W4394983045,W2007486984,1,actual_openalex_reference,test,openalex_public_health_200
W4394983045,W2080197694,1,actual_openalex_reference,test,openalex_public_health_200
W4394983045,W2111591811,1,actual_openalex_reference,test,openalex_public_health_200
W4394983045,W2124215004,1,actual_openalex_reference,test,openalex_public_health_200
W4394983045,W2125376440,1,actual_openalex_reference,test,openalex_public_health_200
W4394983045,W2128506946,1,actual_openalex_reference,test,openalex_public_health_200
W4394983045,W2132876233,1,actual_openalex_reference,test,openalex_public_health_200
W4394983045,W2160871282,1,actual_openalex_reference,test,openalex_public_health_200
W4394983045,W2173374253,1,actual_openalex_reference,test,openalex_public_health_200
W4394983045,W2527727650,1,actual_openalex_reference,test,openalex_public_health_200
W4394983045,W2740583320,1,actual_openalex_reference,test,openalex_public_health_200
W4394983045,W2756901186,1,actual_openalex_reference,test,openalex_public_health_200
W3153195345,W12593514,1,actual_openalex_reference,test,openalex_public_health_200
W3153195345,W66038626,1,actual_openalex_reference,test,openalex_public_health_200
W3153195345,W138579872,1,actual_openalex_reference,test,openalex_public_health_200
W3153195345,W147809103,1,actual_openalex_reference,test,openalex_public_health_200
W3153195345,W1792110071,1,actual_openalex_reference,test,openalex_public_health_200
W3153195345,W1822778541,1,actual_openalex_reference,test,openalex_public_health_200
W3153195345,W1980693394,1,actual_openalex_reference,test,openalex_public_health_200
W3153195345,W1992162538,1,actual_openalex_reference,test,openalex_public_health_200
W3153195345,W2029164503,1,actual_openalex_reference,test,openalex_public_health_200
W3153195345,W2043774902,1,actual_openalex_reference,test,openalex_public_health_200
W3153195345,W2057921119,1,actual_openalex_reference,test,openalex_public_health_200
W3153195345,W2094412827,1,actual_openalex_reference,test,openalex_public_health_200
W3153195345,W2098741000,1,actual_openalex_reference,test,openalex_public_health_200
W3153195345,W2100457337,1,actual_openalex_reference,test,openalex_public_health_200
W3153195345,W2100918766,1,actual_openalex_reference,test,openalex_public_health_200
W3153195345,W2102067251,1,actual_openalex_reference,test,openalex_public_health_200
W3153195345,W2113354543,1,actual_openalex_reference,test,openalex_public_health_200
W3153195345,W2115742469,1,actual_openalex_reference,test,openalex_public_health_200
W3153195345,W2136485338,1,actual_openalex_reference,test,openalex_public_health_200
W3153195345,W2144764735,1,actual_openalex_reference,test,openalex_public_health_200
W3153195345,W2145655506,1,actual_openalex_reference,test,openalex_public_health_200
W3153195345,W2146376921,1,actual_openalex_reference,test,openalex_public_health_200
W3153195345,W2148173625,1,actual_openalex_reference,test,openalex_public_health_200
W3153195345,W2156328045,1,actual_openalex_reference,test,openalex_public_health_200
W3153195345,W2160244351,1,actual_openalex_reference,test,openalex_public_health_200
W3153195345,W2166829846,1,actual_openalex_reference,test,openalex_public_health_200
W3153195345,W2170343311,1,actual_openalex_reference,test,openalex_public_health_200
W3153195345,W2200640788,1,actual_openalex_reference,test,openalex_public_health_200
W3153195345,W2222722063,1,actual_openalex_reference,test,openalex_public_health_200
W3153195345,W2294269196,1,actual_openalex_reference,test,openalex_public_health_200
W3153195345,W2401995846,1,actual_openalex_reference,test,openalex_public_health_200
W3153195345,W2599301087,1,actual_openalex_reference,test,openalex_public_health_200
W3153195345,W2610451848,1,actual_openalex_reference,test,openalex_public_health_200
W3153195345,W2737808097,1,actual_openalex_reference,test,openalex_public_health_200
W3153195345,W2793136599,1,actual_openalex_reference,test,openalex_public_health_200
W3153195345,W2902876172,1,actual_openalex_reference,test,openalex_public_health_200
W3153195345,W3010042817,1,actual_openalex_reference,test,openalex_public_health_200
W3209865912,W1843079484,1,actual_openalex_reference,test,openalex_public_health_200
W3209865912,W1969503425,1,actual_openalex_reference,test,openalex_public_health_200
W3209865912,W2041799669,1,actual_openalex_reference,test,openalex_public_health_200
W3209865912,W2054770863,1,actual_openalex_reference,test,openalex_public_health_200
W3209865912,W2073089151,1,actual_openalex_reference,test,openalex_public_health_200
W3209865912,W2077522743,1,actual_openalex_reference,test,openalex_public_health_200
W3209865912,W2088143603,1,actual_openalex_reference,test,openalex_public_health_200
W3209865912,W2140234238,1,actual_openalex_reference,test,openalex_public_health_200
W3209865912,W2148277536,1,actual_openalex_reference,test,openalex_public_health_200
W3209865912,W2170547299,1,actual_openalex_reference,test,openalex_public_health_200
W3209865912,W2277918284,1,actual_openalex_reference,test,openalex_public_health_200
W3209865912,W2321075131,1,actual_openalex_reference,test,openalex_public_health_200
W3209865912,W2605355900,1,actual_openalex_reference,test,openalex_public_health_200
W3209865912,W2729603190,1,actual_openalex_reference,test,openalex_public_health_200
W3209865912,W2784051610,1,actual_openalex_reference,test,openalex_public_health_200
W3209865912,W2941898957,1,actual_openalex_reference,test,openalex_public_health_200
W3209865912,W2952040955,1,actual_openalex_reference,test,openalex_public_health_200
W3209865912,W2968442596,1,actual_openalex_reference,test,openalex_public_health_200
W3209865912,W2971603429,1,actual_openalex_reference,test,openalex_public_health_200
W3209865912,W4241586213,1,actual_openalex_reference,test,openalex_public_health_200
W3183071126,W1984242781,1,actual_openalex_reference,test,openalex_public_health_200
W3183071126,W2073797345,1,actual_openalex_reference,test,openalex_public_health_200
W3183071126,W2082927421,1,actual_openalex_reference,test,openalex_public_health_200
W3183071126,W2110818436,1,actual_openalex_reference,test,openalex_public_health_200
W3183071126,W2143425272,1,actual_openalex_reference,test,openalex_public_health_200
W3183071126,W2144409155,1,actual_openalex_reference,test,openalex_public_health_200
W3183071126,W2487384103,1,actual_openalex_reference,test,openalex_public_health_200
W3183071126,W2765305386,1,actual_openalex_reference,test,openalex_public_health_200
W3183071126,W2800966522,1,actual_openalex_reference,test,openalex_public_health_200
W3183071126,W2884308061,1,actual_openalex_reference,test,openalex_public_health_200
W3183071126,W2894221331,1,actual_openalex_reference,test,openalex_public_health_200
W3183071126,W2909838666,1,actual_openalex_reference,test,openalex_public_health_200
W3183071126,W2913430104,1,actual_openalex_reference,test,openalex_public_health_200
W3183071126,W2916845045,1,actual_openalex_reference,test,openalex_public_health_200
W3183071126,W2924513576,1,actual_openalex_reference,test,openalex_public_health_200
W3183071126,W2966045482,1,actual_openalex_reference,test,openalex_public_health_200
W3183071126,W2971807293,1,actual_openalex_reference,test,openalex_public_health_200
W3183071126,W2991774184,1,actual_openalex_reference,test,openalex_public_health_200
W3183071126,W3037607981,1,actual_openalex_reference,test,openalex_public_health_200
W3183071126,W4211229530,1,actual_openalex_reference,test,openalex_public_health_200
W3183071126,W4411969078,1,actual_openalex_reference,test,openalex_public_health_200
W3120198925,W1487773022,1,actual_openalex_reference,test,openalex_public_health_200
W3120198925,W1517637094,1,actual_openalex_reference,test,openalex_public_health_200
W3120198925,W1587755910,1,actual_openalex_reference,test,openalex_public_health_200
W3120198925,W1995945296,1,actual_openalex_reference,test,openalex_public_health_200
W3120198925,W2037999001,1,actual_openalex_reference,test,openalex_public_health_200
W3120198925,W2057520497,1,actual_openalex_reference,test,openalex_public_health_200
W3120198925,W2060140999,1,actual_openalex_reference,test,openalex_public_health_200
W3120198925,W2089996084,1,actual_openalex_reference,test,openalex_public_health_200
W3120198925,W2347815465,1,actual_openalex_reference,test,openalex_public_health_200
W3120198925,W2354107840,1,actual_openalex_reference,test,openalex_public_health_200
W3120198925,W2580634790,1,actual_openalex_reference,test,openalex_public_health_200
W3120198925,W2725024785,1,actual_openalex_reference,test,openalex_public_health_200
W3120198925,W2735923669,1,actual_openalex_reference,test,openalex_public_health_200
W3120198925,W2899530026,1,actual_openalex_reference,test,openalex_public_health_200
W3120198925,W2914242743,1,actual_openalex_reference,test,openalex_public_health_200
W3120198925,W2980103348,1,actual_openalex_reference,test,openalex_public_health_200
W2913318561,W151588732,1,actual_openalex_reference,test,openalex_public_health_200
W2913318561,W2015711125,1,actual_openalex_reference,test,openalex_public_health_200
W2913318561,W2063249536,1,actual_openalex_reference,test,openalex_public_health_200
W2913318561,W2074276081,1,actual_openalex_reference,test,openalex_public_health_200
W2913318561,W2101113204,1,actual_openalex_reference,test,openalex_public_health_200
W2913318561,W2125267497,1,actual_openalex_reference,test,openalex_public_health_200
W2913318561,W2126651813,1,actual_openalex_reference,test,openalex_public_health_200
W2913318561,W2152620743,1,actual_openalex_reference,test,openalex_public_health_200
W2913318561,W2160505378,1,actual_openalex_reference,test,openalex_public_health_200
W2913318561,W2170675093,1,actual_openalex_reference,test,openalex_public_health_200
W2952163971,W1800815393,1,actual_openalex_reference,test,openalex_public_health_200
W2952163971,W1977733462,1,actual_openalex_reference,test,openalex_public_health_200
W2952163971,W2003356595,1,actual_openalex_reference,test,openalex_public_health_200
W2952163971,W2005306408,1,actual_openalex_reference,test,openalex_public_health_200
W2952163971,W2049153077,1,actual_openalex_reference,test,openalex_public_health_200
W2952163971,W2051780587,1,actual_openalex_reference,test,openalex_public_health_200
W2952163971,W2066358716,1,actual_openalex_reference,test,openalex_public_health_200
W2952163971,W2077184631,1,actual_openalex_reference,test,openalex_public_health_200
W2952163971,W2083865189,1,actual_openalex_reference,test,openalex_public_health_200
W2952163971,W2087558575,1,actual_openalex_reference,test,openalex_public_health_200
W2952163971,W2118520686,1,actual_openalex_reference,test,openalex_public_health_200
W2952163971,W2120728320,1,actual_openalex_reference,test,openalex_public_health_200
W2952163971,W2125876865,1,actual_openalex_reference,test,openalex_public_health_200
W2952163971,W2131015232,1,actual_openalex_reference,test,openalex_public_health_200
W2952163971,W2131523116,1,actual_openalex_reference,test,openalex_public_health_200
W2952163971,W2135541250,1,actual_openalex_reference,test,openalex_public_health_200
W2952163971,W2146384437,1,actual_openalex_reference,test,openalex_public_health_200
W2952163971,W2149171737,1,actual_openalex_reference,test,openalex_public_health_200
W2952163971,W2156989716,1,actual_openalex_reference,test,openalex_public_health_200
W2952163971,W2163860609,1,actual_openalex_reference,test,openalex_public_health_200
W2952163971,W2172128074,1,actual_openalex_reference,test,openalex_public_health_200
W2952163971,W2263329496,1,actual_openalex_reference,test,openalex_public_health_200
W2952163971,W2293040502,1,actual_openalex_reference,test,openalex_public_health_200
W2952163971,W2320628525,1,actual_openalex_reference,test,openalex_public_health_200
W2952163971,W2325531558,1,actual_openalex_reference,test,openalex_public_health_200
W2952163971,W2438684897,1,actual_openalex_reference,test,openalex_public_health_200
W2952163971,W2608140560,1,actual_openalex_reference,test,openalex_public_health_200
W2952163971,W2739307655,1,actual_openalex_reference,test,openalex_public_health_200
W2952163971,W2794001955,1,actual_openalex_reference,test,openalex_public_health_200
W2952163971,W2902225709,1,actual_openalex_reference,test,openalex_public_health_200
W2952163971,W2932712452,1,actual_openalex_reference,test,openalex_public_health_200
W3012228964,W271810198,1,actual_openalex_reference,test,openalex_public_health_200
W3012228964,W1522419168,1,actual_openalex_reference,test,openalex_public_health_200
W3012228964,W1908289572,1,actual_openalex_reference,test,openalex_public_health_200
W3012228964,W1991032712,1,actual_openalex_reference,test,openalex_public_health_200
W3012228964,W2099223340,1,actual_openalex_reference,test,openalex_public_health_200
W3012228964,W2993486768,1,actual_openalex_reference,test,openalex_public_health_200
W2918411638,W1480510906,1,actual_openalex_reference,test,openalex_public_health_200
W2918411638,W1997593272,1,actual_openalex_reference,test,openalex_public_health_200
W2918411638,W2010012513,1,actual_openalex_reference,test,openalex_public_health_200
W2918411638,W2138051429,1,actual_openalex_reference,test,openalex_public_health_200
W2918411638,W2139236131,1,actual_openalex_reference,test,openalex_public_health_200
W2918411638,W2308246113,1,actual_openalex_reference,test,openalex_public_health_200
W2918411638,W2370271921,1,actual_openalex_reference,test,openalex_public_health_200
W2918411638,W2789869902,1,actual_openalex_reference,test,openalex_public_health_200
W2918411638,W2800695690,1,actual_openalex_reference,test,openalex_public_health_200
W4200138983,W1987299915,1,actual_openalex_reference,test,openalex_public_health_200
W4200138983,W1988695634,1,actual_openalex_reference,test,openalex_public_health_200
W4200138983,W2005133512,1,actual_openalex_reference,test,openalex_public_health_200
W4200138983,W2005202415,1,actual_openalex_reference,test,openalex_public_health_200
W4200138983,W2029174913,1,actual_openalex_reference,test,openalex_public_health_200
W4200138983,W2032687345,1,actual_openalex_reference,test,openalex_public_health_200
W4200138983,W2059920153,1,actual_openalex_reference,test,openalex_public_health_200
W4200138983,W2091343509,1,actual_openalex_reference,test,openalex_public_health_200
W4200138983,W2113329764,1,actual_openalex_reference,test,openalex_public_health_200
W4200138983,W2135410441,1,actual_openalex_reference,test,openalex_public_health_200
W4200138983,W2140516726,1,actual_openalex_reference,test,openalex_public_health_200
W4200138983,W2165564028,1,actual_openalex_reference,test,openalex_public_health_200
W4200138983,W2607906608,1,actual_openalex_reference,test,openalex_public_health_200
W4200138983,W2735527928,1,actual_openalex_reference,test,openalex_public_health_200
W4200138983,W2736991436,1,actual_openalex_reference,test,openalex_public_health_200
W4200138983,W2760691927,1,actual_openalex_reference,test,openalex_public_health_200
W4200138983,W2791312499,1,actual_openalex_reference,test,openalex_public_health_200
W4200138983,W2906939514,1,actual_openalex_reference,test,openalex_public_health_200
W4200138983,W2915001911,1,actual_openalex_reference,test,openalex_public_health_200
W4200138983,W2953893474,1,actual_openalex_reference,test,openalex_public_health_200
W3015016866,W1987677291,1,actual_openalex_reference,test,openalex_public_health_200
W3015016866,W2062935400,1,actual_openalex_reference,test,openalex_public_health_200
W3015016866,W2346049207,1,actual_openalex_reference,test,openalex_public_health_200
W3015016866,W2571240042,1,actual_openalex_reference,test,openalex_public_health_200
W3015016866,W2589067153,1,actual_openalex_reference,test,openalex_public_health_200
W3015016866,W2596617588,1,actual_openalex_reference,test,openalex_public_health_200
W3015016866,W2596840398,1,actual_openalex_reference,test,openalex_public_health_200
W3015016866,W2791087886,1,actual_openalex_reference,test,openalex_public_health_200
W3015016866,W2885594308,1,actual_openalex_reference,test,openalex_public_health_200
W2979366792,W2018702494,1,actual_openalex_reference,test,openalex_public_health_200
W2979366792,W2117085946,1,actual_openalex_reference,test,openalex_public_health_200
W2979366792,W2126748070,1,actual_openalex_reference,test,openalex_public_health_200
W2979366792,W2132138222,1,actual_openalex_reference,test,openalex_public_health_200
W2979366792,W2153866900,1,actual_openalex_reference,test,openalex_public_health_200
W2979366792,W2166854483,1,actual_openalex_reference,test,openalex_public_health_200
W2979366792,W2527824850,1,actual_openalex_reference,test,openalex_public_health_200
W2979366792,W2554915350,1,actual_openalex_reference,test,openalex_public_health_200
W3129312826,W16836550,1,actual_openalex_reference,test,openalex_public_health_200
W3129312826,W2136836983,1,actual_openalex_reference,test,openalex_public_health_200
W3129312826,W2142225512,1,actual_openalex_reference,test,openalex_public_health_200
W3129312826,W2399528535,1,actual_openalex_reference,test,openalex_public_health_200
W3129312826,W2987533795,1,actual_openalex_reference,test,openalex_public_health_200
W3129312826,W3025800675,1,actual_openalex_reference,test,openalex_public_health_200
W3129312826,W3037438514,1,actual_openalex_reference,test,openalex_public_health_200
W3129312826,W3081694393,1,actual_openalex_reference,test,openalex_public_health_200
W3129312826,W3087169626,1,actual_openalex_reference,test,openalex_public_health_200
W3129312826,W3110419736,1,actual_openalex_reference,test,openalex_public_health_200
W3127094644,W580350262,1,actual_openalex_reference,test,openalex_public_health_200
W3127094644,W1577231857,1,actual_openalex_reference,test,openalex_public_health_200
W3127094644,W1871731521,1,actual_openalex_reference,test,openalex_public_health_200
W3127094644,W1927410363,1,actual_openalex_reference,test,openalex_public_health_200
W3127094644,W2141694485,1,actual_openalex_reference,test,openalex_public_health_200
W3127094644,W2314398369,1,actual_openalex_reference,test,openalex_public_health_200
W3127094644,W2400968868,1,actual_openalex_reference,test,openalex_public_health_200
W3127094644,W2406368917,1,actual_openalex_reference,test,openalex_public_health_200
W3127094644,W2409931851,1,actual_openalex_reference,test,openalex_public_health_200
W3127094644,W2594293070,1,actual_openalex_reference,test,openalex_public_health_200
W3127094644,W2612374874,1,actual_openalex_reference,test,openalex_public_health_200
W3127094644,W2786211709,1,actual_openalex_reference,test,openalex_public_health_200
W3127094644,W2807713511,1,actual_openalex_reference,test,openalex_public_health_200
W3127094644,W2891164545,1,actual_openalex_reference,test,openalex_public_health_200
W3127094644,W2909425525,1,actual_openalex_reference,test,openalex_public_health_200
W3127094644,W2941857399,1,actual_openalex_reference,test,openalex_public_health_200
W3127094644,W2942420282,1,actual_openalex_reference,test,openalex_public_health_200
W3127094644,W2999830435,1,actual_openalex_reference,test,openalex_public_health_200
W3127094644,W3036435749,1,actual_openalex_reference,test,openalex_public_health_200
W3127094644,W4254830244,1,actual_openalex_reference,test,openalex_public_health_200
W3180462109,W272209,1,actual_openalex_reference,test,openalex_public_health_200
W3180462109,W14398820,1,actual_openalex_reference,test,openalex_public_health_200
W3180462109,W1569861810,1,actual_openalex_reference,test,openalex_public_health_200
W3180462109,W1573903907,1,actual_openalex_reference,test,openalex_public_health_200
W3180462109,W1953433575,1,actual_openalex_reference,test,openalex_public_health_200
W3180462109,W2000671950,1,actual_openalex_reference,test,openalex_public_health_200
W3180462109,W2010136200,1,actual_openalex_reference,test,openalex_public_health_200
W3180462109,W2018368487,1,actual_openalex_reference,test,openalex_public_health_200
W3180462109,W2059724043,1,actual_openalex_reference,test,openalex_public_health_200
W3180462109,W2100250586,1,actual_openalex_reference,test,openalex_public_health_200
W3180462109,W2128149362,1,actual_openalex_reference,test,openalex_public_health_200
W3180462109,W2131720570,1,actual_openalex_reference,test,openalex_public_health_200
W3180462109,W2141562726,1,actual_openalex_reference,test,openalex_public_health_200
W3180462109,W2142797515,1,actual_openalex_reference,test,openalex_public_health_200
W3180462109,W2169431388,1,actual_openalex_reference,test,openalex_public_health_200
W3180462109,W2404552794,1,actual_openalex_reference,test,openalex_public_health_200
W3180462109,W2427637785,1,actual_openalex_reference,test,openalex_public_health_200
W3180462109,W2794717205,1,actual_openalex_reference,test,openalex_public_health_200
W2948144099,W180558692,1,actual_openalex_reference,test,openalex_public_health_200
W2948144099,W1937573170,1,actual_openalex_reference,test,openalex_public_health_200
W2948144099,W2043423416,1,actual_openalex_reference,test,openalex_public_health_200
W2948144099,W2076296993,1,actual_openalex_reference,test,openalex_public_health_200
W2948144099,W2096687122,1,actual_openalex_reference,test,openalex_public_health_200
W2948144099,W2112270226,1,actual_openalex_reference,test,openalex_public_health_200
W2948144099,W2127515011,1,actual_openalex_reference,test,openalex_public_health_200
W2948144099,W2138297714,1,actual_openalex_reference,test,openalex_public_health_200
W2948144099,W2139524347,1,actual_openalex_reference,test,openalex_public_health_200
W2948144099,W2147016542,1,actual_openalex_reference,test,openalex_public_health_200
W2948144099,W2147570947,1,actual_openalex_reference,test,openalex_public_health_200
W2948144099,W2153738735,1,actual_openalex_reference,test,openalex_public_health_200
W2948144099,W2169467289,1,actual_openalex_reference,test,openalex_public_health_200
W2948144099,W2169678441,1,actual_openalex_reference,test,openalex_public_health_200
W2948144099,W2208548126,1,actual_openalex_reference,test,openalex_public_health_200
W2948144099,W2266179496,1,actual_openalex_reference,test,openalex_public_health_200
W2948144099,W2549290589,1,actual_openalex_reference,test,openalex_public_health_200
W2948144099,W2760275688,1,actual_openalex_reference,test,openalex_public_health_200
W2948144099,W4235260277,1,actual_openalex_reference,test,openalex_public_health_200
W3044238104,W1643889104,1,actual_openalex_reference,test,openalex_public_health_200
W3044238104,W1857016869,1,actual_openalex_reference,test,openalex_public_health_200
W3044238104,W1971213554,1,actual_openalex_reference,test,openalex_public_health_200
W3044238104,W1981678355,1,actual_openalex_reference,test,openalex_public_health_200
W3044238104,W1982767852,1,actual_openalex_reference,test,openalex_public_health_200
W3044238104,W1988709465,1,actual_openalex_reference,test,openalex_public_health_200
W3044238104,W1990612986,1,actual_openalex_reference,test,openalex_public_health_200
W3044238104,W1998321598,1,actual_openalex_reference,test,openalex_public_health_200
W3044238104,W2005273232,1,actual_openalex_reference,test,openalex_public_health_200
W3044238104,W2015750611,1,actual_openalex_reference,test,openalex_public_health_200
W3044238104,W2021968547,1,actual_openalex_reference,test,openalex_public_health_200
W3044238104,W2029515932,1,actual_openalex_reference,test,openalex_public_health_200
W3044238104,W2031502502,1,actual_openalex_reference,test,openalex_public_health_200
W3044238104,W2039837456,1,actual_openalex_reference,test,openalex_public_health_200
W3044238104,W2045978101,1,actual_openalex_reference,test,openalex_public_health_200
W3044238104,W2079846656,1,actual_openalex_reference,test,openalex_public_health_200
W3044238104,W2084878083,1,actual_openalex_reference,test,openalex_public_health_200
W3044238104,W2086186627,1,actual_openalex_reference,test,openalex_public_health_200
W3044238104,W2088394439,1,actual_openalex_reference,test,openalex_public_health_200
W3044238104,W2101741974,1,actual_openalex_reference,test,openalex_public_health_200
W3044238104,W2109671318,1,actual_openalex_reference,test,openalex_public_health_200
W3044238104,W2112797831,1,actual_openalex_reference,test,openalex_public_health_200
W3044238104,W2141860584,1,actual_openalex_reference,test,openalex_public_health_200
W3044238104,W2142263640,1,actual_openalex_reference,test,openalex_public_health_200
W3044238104,W2142836104,1,actual_openalex_reference,test,openalex_public_health_200
W3044238104,W2143263778,1,actual_openalex_reference,test,openalex_public_health_200
W3044238104,W2143726221,1,actual_openalex_reference,test,openalex_public_health_200
W3044238104,W2151550599,1,actual_openalex_reference,test,openalex_public_health_200
W3044238104,W2164730961,1,actual_openalex_reference,test,openalex_public_health_200
W3044238104,W2218643654,1,actual_openalex_reference,test,openalex_public_health_200
W3044238104,W2324783950,1,actual_openalex_reference,test,openalex_public_health_200
W3044238104,W2413599605,1,actual_openalex_reference,test,openalex_public_health_200
W3044238104,W2475237810,1,actual_openalex_reference,test,openalex_public_health_200
W3044238104,W2547246158,1,actual_openalex_reference,test,openalex_public_health_200
W3044238104,W2572041771,1,actual_openalex_reference,test,openalex_public_health_200
W3044238104,W2728680743,1,actual_openalex_reference,test,openalex_public_health_200
W3044238104,W2767894551,1,actual_openalex_reference,test,openalex_public_health_200
W3044238104,W2788240672,1,actual_openalex_reference,test,openalex_public_health_200
W3044238104,W2868111620,1,actual_openalex_reference,test,openalex_public_health_200
W3044238104,W2890648071,1,actual_openalex_reference,test,openalex_public_health_200
W3044238104,W2898731968,1,actual_openalex_reference,test,openalex_public_health_200
W3044238104,W2953835713,1,actual_openalex_reference,test,openalex_public_health_200
W3044238104,W3022983968,1,actual_openalex_reference,test,openalex_public_health_200
W3044238104,W3033123150,1,actual_openalex_reference,test,openalex_public_health_200
W2930433337,W580809633,1,actual_openalex_reference,test,openalex_public_health_200
W2930433337,W1912837288,1,actual_openalex_reference,test,openalex_public_health_200
W2930433337,W1997328044,1,actual_openalex_reference,test,openalex_public_health_200
W2930433337,W2015159090,1,actual_openalex_reference,test,openalex_public_health_200
W2930433337,W2092563699,1,actual_openalex_reference,test,openalex_public_health_200
W2930433337,W2111727998,1,actual_openalex_reference,test,openalex_public_health_200
W2930433337,W2128702329,1,actual_openalex_reference,test,openalex_public_health_200
W2930433337,W2147761588,1,actual_openalex_reference,test,openalex_public_health_200
W2930433337,W2158543557,1,actual_openalex_reference,test,openalex_public_health_200
W2930433337,W2158607966,1,actual_openalex_reference,test,openalex_public_health_200
W2930433337,W2415444382,1,actual_openalex_reference,test,openalex_public_health_200
W2930433337,W2488426658,1,actual_openalex_reference,test,openalex_public_health_200
W2930433337,W2560294695,1,actual_openalex_reference,test,openalex_public_health_200
W2930433337,W2572359438,1,actual_openalex_reference,test,openalex_public_health_200
W2930433337,W2591626669,1,actual_openalex_reference,test,openalex_public_health_200
W2930433337,W4249737141,1,actual_openalex_reference,test,openalex_public_health_200
W3165679852,W12371306,1,actual_openalex_reference,test,openalex_public_health_200
W3165679852,W41789558,1,actual_openalex_reference,test,openalex_public_health_200
W3165679852,W1989966110,1,actual_openalex_reference,test,openalex_public_health_200
W3165679852,W2056298081,1,actual_openalex_reference,test,openalex_public_health_200
W3165679852,W2087781576,1,actual_openalex_reference,test,openalex_public_health_200
W3165679852,W2105514542,1,actual_openalex_reference,test,openalex_public_health_200
W3165679852,W2105587944,1,actual_openalex_reference,test,openalex_public_health_200
W3165679852,W2116062317,1,actual_openalex_reference,test,openalex_public_health_200
W3165679852,W2135955479,1,actual_openalex_reference,test,openalex_public_health_200
W3165679852,W2156596225,1,actual_openalex_reference,test,openalex_public_health_200
W3165679852,W2333736406,1,actual_openalex_reference,test,openalex_public_health_200
W3165679852,W2429008953,1,actual_openalex_reference,test,openalex_public_health_200
W3165679852,W2807663762,1,actual_openalex_reference,test,openalex_public_health_200
W3165679852,W2938011873,1,actual_openalex_reference,test,openalex_public_health_200
W3165679852,W2952094509,1,actual_openalex_reference,test,openalex_public_health_200
W3165679852,W3001812421,1,actual_openalex_reference,test,openalex_public_health_200
W3165679852,W3013643336,1,actual_openalex_reference,test,openalex_public_health_200
W3165679852,W3048279998,1,actual_openalex_reference,test,openalex_public_health_200
W3165679852,W3080359817,1,actual_openalex_reference,test,openalex_public_health_200
W3087673064,W1739551746,1,actual_openalex_reference,test,openalex_public_health_200
W3087673064,W2005106038,1,actual_openalex_reference,test,openalex_public_health_200
W3087673064,W2015443078,1,actual_openalex_reference,test,openalex_public_health_200
W3087673064,W2024652295,1,actual_openalex_reference,test,openalex_public_health_200
W3087673064,W2032611882,1,actual_openalex_reference,test,openalex_public_health_200
W3087673064,W2051213338,1,actual_openalex_reference,test,openalex_public_health_200
W3087673064,W2053575134,1,actual_openalex_reference,test,openalex_public_health_200
W3087673064,W2069475420,1,actual_openalex_reference,test,openalex_public_health_200
W3087673064,W2085760474,1,actual_openalex_reference,test,openalex_public_health_200
W3087673064,W2127515011,1,actual_openalex_reference,test,openalex_public_health_200
W3087673064,W2139937483,1,actual_openalex_reference,test,openalex_public_health_200
W3087673064,W2174633628,1,actual_openalex_reference,test,openalex_public_health_200
W3087673064,W2307297057,1,actual_openalex_reference,test,openalex_public_health_200
W3087673064,W2560381700,1,actual_openalex_reference,test,openalex_public_health_200
W3087673064,W2584506185,1,actual_openalex_reference,test,openalex_public_health_200
W3087673064,W2610920808,1,actual_openalex_reference,test,openalex_public_health_200
W3087673064,W2768085204,1,actual_openalex_reference,test,openalex_public_health_200
W3087673064,W2788601299,1,actual_openalex_reference,test,openalex_public_health_200
W3087673064,W2794743880,1,actual_openalex_reference,test,openalex_public_health_200
W3087673064,W2809255171,1,actual_openalex_reference,test,openalex_public_health_200
W3087673064,W2905890184,1,actual_openalex_reference,test,openalex_public_health_200
W3087673064,W3007176240,1,actual_openalex_reference,test,openalex_public_health_200
W3087673064,W3015387765,1,actual_openalex_reference,test,openalex_public_health_200
W3087673064,W3015988827,1,actual_openalex_reference,test,openalex_public_health_200
W3087673064,W3038537196,1,actual_openalex_reference,test,openalex_public_health_200
W2924338030,W2360470,1,actual_openalex_reference,test,openalex_public_health_200
W2924338030,W393502056,1,actual_openalex_reference,test,openalex_public_health_200
W2924338030,W1554944419,1,actual_openalex_reference,test,openalex_public_health_200
W2924338030,W1590099016,1,actual_openalex_reference,test,openalex_public_health_200
W2924338030,W1802066206,1,actual_openalex_reference,test,openalex_public_health_200
W2924338030,W1868427328,1,actual_openalex_reference,test,openalex_public_health_200
W2924338030,W1891063291,1,actual_openalex_reference,test,openalex_public_health_200
W2924338030,W1921733975,1,actual_openalex_reference,test,openalex_public_health_200
W2924338030,W1938988291,1,actual_openalex_reference,test,openalex_public_health_200
W2924338030,W1966716734,1,actual_openalex_reference,test,openalex_public_health_200
W2924338030,W1973795974,1,actual_openalex_reference,test,openalex_public_health_200
W2924338030,W1997116644,1,actual_openalex_reference,test,openalex_public_health_200
W2924338030,W2004003285,1,actual_openalex_reference,test,openalex_public_health_200
W2924338030,W2006341561,1,actual_openalex_reference,test,openalex_public_health_200
W2924338030,W2008681174,1,actual_openalex_reference,test,openalex_public_health_200
W2924338030,W2014732507,1,actual_openalex_reference,test,openalex_public_health_200
W2924338030,W2035630713,1,actual_openalex_reference,test,openalex_public_health_200
W2924338030,W2036154210,1,actual_openalex_reference,test,openalex_public_health_200
W2924338030,W2054245407,1,actual_openalex_reference,test,openalex_public_health_200
W2924338030,W2057780602,1,actual_openalex_reference,test,openalex_public_health_200
W2924338030,W2062111202,1,actual_openalex_reference,test,openalex_public_health_200
W2924338030,W2066769587,1,actual_openalex_reference,test,openalex_public_health_200
W2924338030,W2070123858,1,actual_openalex_reference,test,openalex_public_health_200
W2924338030,W2077109204,1,actual_openalex_reference,test,openalex_public_health_200
W2924338030,W2078271269,1,actual_openalex_reference,test,openalex_public_health_200
W2924338030,W2081306861,1,actual_openalex_reference,test,openalex_public_health_200
W2924338030,W2089387135,1,actual_openalex_reference,test,openalex_public_health_200
W2924338030,W2090562839,1,actual_openalex_reference,test,openalex_public_health_200
W2924338030,W2104258796,1,actual_openalex_reference,test,openalex_public_health_200
W2924338030,W2107662809,1,actual_openalex_reference,test,openalex_public_health_200
W2924338030,W2128615039,1,actual_openalex_reference,test,openalex_public_health_200
W2924338030,W2140359307,1,actual_openalex_reference,test,openalex_public_health_200
W2924338030,W2150780222,1,actual_openalex_reference,test,openalex_public_health_200
W2924338030,W2163697531,1,actual_openalex_reference,test,openalex_public_health_200
W2924338030,W2164434252,1,actual_openalex_reference,test,openalex_public_health_200
W2924338030,W2169552330,1,actual_openalex_reference,test,openalex_public_health_200
W2924338030,W2277016231,1,actual_openalex_reference,test,openalex_public_health_200
W2924338030,W2325638722,1,actual_openalex_reference,test,openalex_public_health_200
W2924338030,W2328176404,1,actual_openalex_reference,test,openalex_public_health_200
W2924338030,W2342007011,1,actual_openalex_reference,test,openalex_public_health_200
W2924338030,W2397616787,1,actual_openalex_reference,test,openalex_public_health_200
W2924338030,W2462484842,1,actual_openalex_reference,test,openalex_public_health_200
W2924338030,W2475392251,1,actual_openalex_reference,test,openalex_public_health_200
W2924338030,W2519105412,1,actual_openalex_reference,test,openalex_public_health_200
W2924338030,W2529531782,1,actual_openalex_reference,test,openalex_public_health_200
W2924338030,W2561135550,1,actual_openalex_reference,test,openalex_public_health_200
W2924338030,W2566404397,1,actual_openalex_reference,test,openalex_public_health_200
W2924338030,W2581495709,1,actual_openalex_reference,test,openalex_public_health_200
W2924338030,W2594736572,1,actual_openalex_reference,test,openalex_public_health_200
W2924338030,W2794764561,1,actual_openalex_reference,test,openalex_public_health_200
W2924338030,W2804193890,1,actual_openalex_reference,test,openalex_public_health_200
W2924338030,W3020992444,1,actual_openalex_reference,test,openalex_public_health_200
W2924338030,W4237787367,1,actual_openalex_reference,test,openalex_public_health_200
W3123109015,W80122098,1,actual_openalex_reference,test,openalex_public_health_200
W3123109015,W1965267351,1,actual_openalex_reference,test,openalex_public_health_200
W3123109015,W1986572128,1,actual_openalex_reference,test,openalex_public_health_200
W3123109015,W1987045352,1,actual_openalex_reference,test,openalex_public_health_200
W3123109015,W2021276676,1,actual_openalex_reference,test,openalex_public_health_200
W3123109015,W2040162677,1,actual_openalex_reference,test,openalex_public_health_200
W3123109015,W2040846074,1,actual_openalex_reference,test,openalex_public_health_200
W3123109015,W2043887862,1,actual_openalex_reference,test,openalex_public_health_200
W3123109015,W2105887261,1,actual_openalex_reference,test,openalex_public_health_200
W3123109015,W2107100228,1,actual_openalex_reference,test,openalex_public_health_200
W3123109015,W2109086273,1,actual_openalex_reference,test,openalex_public_health_200
W3123109015,W2119504522,1,actual_openalex_reference,test,openalex_public_health_200
W3123109015,W2145274457,1,actual_openalex_reference,test,openalex_public_health_200
W3123109015,W2150784261,1,actual_openalex_reference,test,openalex_public_health_200
W3123109015,W2158940378,1,actual_openalex_reference,test,openalex_public_health_200
W3123109015,W2159143892,1,actual_openalex_reference,test,openalex_public_health_200
W3123109015,W2164415361,1,actual_openalex_reference,test,openalex_public_health_200
W3123109015,W2316187337,1,actual_openalex_reference,test,openalex_public_health_200
W3123109015,W2404026992,1,actual_openalex_reference,test,openalex_public_health_200
W2927350975,W1476359573,1,actual_openalex_reference,test,openalex_public_health_200
W2927350975,W1991635648,1,actual_openalex_reference,test,openalex_public_health_200
W2927350975,W2004870019,1,actual_openalex_reference,test,openalex_public_health_200
W2927350975,W2011856621,1,actual_openalex_reference,test,openalex_public_health_200
W2927350975,W2084154288,1,actual_openalex_reference,test,openalex_public_health_200
W2927350975,W2105321265,1,actual_openalex_reference,test,openalex_public_health_200
W2927350975,W2122601282,1,actual_openalex_reference,test,openalex_public_health_200
W2927350975,W2128363176,1,actual_openalex_reference,test,openalex_public_health_200
W2927350975,W2134510288,1,actual_openalex_reference,test,openalex_public_health_200
W2927350975,W2144119528,1,actual_openalex_reference,test,openalex_public_health_200
W2927350975,W2151694392,1,actual_openalex_reference,test,openalex_public_health_200
W2927350975,W2162661914,1,actual_openalex_reference,test,openalex_public_health_200
W2927350975,W2166620155,1,actual_openalex_reference,test,openalex_public_health_200
W2927350975,W2170681306,1,actual_openalex_reference,test,openalex_public_health_200
W2927350975,W2171531157,1,actual_openalex_reference,test,openalex_public_health_200
W2927350975,W2211041297,1,actual_openalex_reference,test,openalex_public_health_200
W2927350975,W2211926419,1,actual_openalex_reference,test,openalex_public_health_200
W2927350975,W2238325717,1,actual_openalex_reference,test,openalex_public_health_200
W2927350975,W2292306469,1,actual_openalex_reference,test,openalex_public_health_200
W2927350975,W2295214957,1,actual_openalex_reference,test,openalex_public_health_200
W2927350975,W2296628900,1,actual_openalex_reference,test,openalex_public_health_200
W2927350975,W2312402975,1,actual_openalex_reference,test,openalex_public_health_200
W2927350975,W2331391767,1,actual_openalex_reference,test,openalex_public_health_200
W2927350975,W2339066690,1,actual_openalex_reference,test,openalex_public_health_200
W2927350975,W2351713777,1,actual_openalex_reference,test,openalex_public_health_200
W2927350975,W2410033672,1,actual_openalex_reference,test,openalex_public_health_200
W2927350975,W2416666225,1,actual_openalex_reference,test,openalex_public_health_200
W2927350975,W2464409233,1,actual_openalex_reference,test,openalex_public_health_200
W2927350975,W2520354990,1,actual_openalex_reference,test,openalex_public_health_200
W2927350975,W2534815759,1,actual_openalex_reference,test,openalex_public_health_200
W2927350975,W2540679460,1,actual_openalex_reference,test,openalex_public_health_200
W2927350975,W2544515433,1,actual_openalex_reference,test,openalex_public_health_200
W2927350975,W2560406103,1,actual_openalex_reference,test,openalex_public_health_200
W2927350975,W2568883455,1,actual_openalex_reference,test,openalex_public_health_200
W2927350975,W2569838358,1,actual_openalex_reference,test,openalex_public_health_200
W2927350975,W2570573066,1,actual_openalex_reference,test,openalex_public_health_200
W2927350975,W2600576663,1,actual_openalex_reference,test,openalex_public_health_200
W2927350975,W2600818775,1,actual_openalex_reference,test,openalex_public_health_200
W2927350975,W2610809899,1,actual_openalex_reference,test,openalex_public_health_200
W2927350975,W2617658766,1,actual_openalex_reference,test,openalex_public_health_200
W2927350975,W2620598678,1,actual_openalex_reference,test,openalex_public_health_200
W2927350975,W2621934227,1,actual_openalex_reference,test,openalex_public_health_200
W2927350975,W2623879525,1,actual_openalex_reference,test,openalex_public_health_200
W2927350975,W2624201961,1,actual_openalex_reference,test,openalex_public_health_200
W2927350975,W2746129468,1,actual_openalex_reference,test,openalex_public_health_200
W2927350975,W2746234273,1,actual_openalex_reference,test,openalex_public_health_200
W2927350975,W2747959777,1,actual_openalex_reference,test,openalex_public_health_200
W2927350975,W2751256442,1,actual_openalex_reference,test,openalex_public_health_200
W2927350975,W2752249605,1,actual_openalex_reference,test,openalex_public_health_200
W2927350975,W2752467588,1,actual_openalex_reference,test,openalex_public_health_200
W2927350975,W2756095970,1,actual_openalex_reference,test,openalex_public_health_200
W2927350975,W2762471643,1,actual_openalex_reference,test,openalex_public_health_200
W2927350975,W2765689199,1,actual_openalex_reference,test,openalex_public_health_200
W2927350975,W2767164435,1,actual_openalex_reference,test,openalex_public_health_200
W2927350975,W2767825669,1,actual_openalex_reference,test,openalex_public_health_200
W2927350975,W2768842881,1,actual_openalex_reference,test,openalex_public_health_200
W2927350975,W2771809952,1,actual_openalex_reference,test,openalex_public_health_200
W2927350975,W2773383142,1,actual_openalex_reference,test,openalex_public_health_200
W2927350975,W2782487189,1,actual_openalex_reference,test,openalex_public_health_200
W2927350975,W2791828642,1,actual_openalex_reference,test,openalex_public_health_200
W2927350975,W2792887635,1,actual_openalex_reference,test,openalex_public_health_200
W2927350975,W3022903699,1,actual_openalex_reference,test,openalex_public_health_200
W2927350975,W4297918240,1,actual_openalex_reference,test,openalex_public_health_200
W3180351800,W1018035237,1,actual_openalex_reference,test,openalex_public_health_200
W3180351800,W1971631504,1,actual_openalex_reference,test,openalex_public_health_200
W3180351800,W1986572965,1,actual_openalex_reference,test,openalex_public_health_200
W3180351800,W2019017434,1,actual_openalex_reference,test,openalex_public_health_200
W3180351800,W2053061982,1,actual_openalex_reference,test,openalex_public_health_200
W3180351800,W2058287234,1,actual_openalex_reference,test,openalex_public_health_200
W3180351800,W2068055929,1,actual_openalex_reference,test,openalex_public_health_200
W3180351800,W2114949397,1,actual_openalex_reference,test,openalex_public_health_200
W3180351800,W2132555912,1,actual_openalex_reference,test,openalex_public_health_200
W3180351800,W2149264570,1,actual_openalex_reference,test,openalex_public_health_200
W3180351800,W2162896254,1,actual_openalex_reference,test,openalex_public_health_200
W3180351800,W2277329615,1,actual_openalex_reference,test,openalex_public_health_200
W3180351800,W2279591508,1,actual_openalex_reference,test,openalex_public_health_200
W3180351800,W2284729601,1,actual_openalex_reference,test,openalex_public_health_200
W3180351800,W2519546524,1,actual_openalex_reference,test,openalex_public_health_200
W3180351800,W2527609546,1,actual_openalex_reference,test,openalex_public_health_200
W3180351800,W2551155208,1,actual_openalex_reference,test,openalex_public_health_200
W3180351800,W2582550385,1,actual_openalex_reference,test,openalex_public_health_200
W3180351800,W2737419427,1,actual_openalex_reference,test,openalex_public_health_200
W3180351800,W2785096890,1,actual_openalex_reference,test,openalex_public_health_200
W3180351800,W2791286064,1,actual_openalex_reference,test,openalex_public_health_200
W3180351800,W2903022533,1,actual_openalex_reference,test,openalex_public_health_200
W3180351800,W3002884575,1,actual_openalex_reference,test,openalex_public_health_200
W3180351800,W3012908116,1,actual_openalex_reference,test,openalex_public_health_200
W3180351800,W3048317652,1,actual_openalex_reference,test,openalex_public_health_200
W3180351800,W3086458808,1,actual_openalex_reference,test,openalex_public_health_200
W3180351800,W3131385652,1,actual_openalex_reference,test,openalex_public_health_200
W3180351800,W3149756319,1,actual_openalex_reference,test,openalex_public_health_200
W3180351800,W4247665917,1,actual_openalex_reference,test,openalex_public_health_200
W3012482664,W1972307436,1,actual_openalex_reference,test,openalex_public_health_200
W3012482664,W2007052336,1,actual_openalex_reference,test,openalex_public_health_200
W3012482664,W2030735517,1,actual_openalex_reference,test,openalex_public_health_200
W3012482664,W2115699961,1,actual_openalex_reference,test,openalex_public_health_200
W3012482664,W2150465443,1,actual_openalex_reference,test,openalex_public_health_200
W3012482664,W2157867937,1,actual_openalex_reference,test,openalex_public_health_200
W3012482664,W2315836616,1,actual_openalex_reference,test,openalex_public_health_200
W3012482664,W2396686298,1,actual_openalex_reference,test,openalex_public_health_200
W3012482664,W2409411219,1,actual_openalex_reference,test,openalex_public_health_200
W3012482664,W2412538741,1,actual_openalex_reference,test,openalex_public_health_200
W3012482664,W2415103472,1,actual_openalex_reference,test,openalex_public_health_200
W3012482664,W2421549332,1,actual_openalex_reference,test,openalex_public_health_200
W3012482664,W2467212161,1,actual_openalex_reference,test,openalex_public_health_200
W3012482664,W2600703856,1,actual_openalex_reference,test,openalex_public_health_200
W3012482664,W2748255248,1,actual_openalex_reference,test,openalex_public_health_200
W3012482664,W2806075828,1,actual_openalex_reference,test,openalex_public_health_200
W3012482664,W2899851781,1,actual_openalex_reference,test,openalex_public_health_200
W3012482664,W2909067316,1,actual_openalex_reference,test,openalex_public_health_200
W3012482664,W2947003093,1,actual_openalex_reference,test,openalex_public_health_200
W3134316632,W1511133160,1,actual_openalex_reference,test,openalex_public_health_200
W3134316632,W1571861162,1,actual_openalex_reference,test,openalex_public_health_200
W3134316632,W2019959710,1,actual_openalex_reference,test,openalex_public_health_200
W3134316632,W2031333360,1,actual_openalex_reference,test,openalex_public_health_200
W3134316632,W2032518524,1,actual_openalex_reference,test,openalex_public_health_200
W3134316632,W2063367331,1,actual_openalex_reference,test,openalex_public_health_200
W3134316632,W2086825163,1,actual_openalex_reference,test,openalex_public_health_200
W3134316632,W2097586518,1,actual_openalex_reference,test,openalex_public_health_200
W3134316632,W2098097831,1,actual_openalex_reference,test,openalex_public_health_200
W3134316632,W2122309093,1,actual_openalex_reference,test,openalex_public_health_200
W3134316632,W2124342071,1,actual_openalex_reference,test,openalex_public_health_200
W3134316632,W2125374879,1,actual_openalex_reference,test,openalex_public_health_200
W3134316632,W2129553559,1,actual_openalex_reference,test,openalex_public_health_200
W3134316632,W2132766100,1,actual_openalex_reference,test,openalex_public_health_200
W3134316632,W2148280655,1,actual_openalex_reference,test,openalex_public_health_200
W3134316632,W2182118264,1,actual_openalex_reference,test,openalex_public_health_200
W3134316632,W2325238760,1,actual_openalex_reference,test,openalex_public_health_200
W3134316632,W2345552351,1,actual_openalex_reference,test,openalex_public_health_200
W3134316632,W2563053532,1,actual_openalex_reference,test,openalex_public_health_200
W3134316632,W2770887445,1,actual_openalex_reference,test,openalex_public_health_200
W3134316632,W2885808325,1,actual_openalex_reference,test,openalex_public_health_200
W2962241687,W176511374,1,actual_openalex_reference,test,openalex_public_health_200
W2962241687,W197104959,1,actual_openalex_reference,test,openalex_public_health_200
W2962241687,W1503140168,1,actual_openalex_reference,test,openalex_public_health_200
W2962241687,W1637740051,1,actual_openalex_reference,test,openalex_public_health_200
W2962241687,W1824808911,1,actual_openalex_reference,test,openalex_public_health_200
W2962241687,W1957881882,1,actual_openalex_reference,test,openalex_public_health_200
W2962241687,W1965456513,1,actual_openalex_reference,test,openalex_public_health_200
W2962241687,W1971982062,1,actual_openalex_reference,test,openalex_public_health_200
W2962241687,W1977064325,1,actual_openalex_reference,test,openalex_public_health_200
W2962241687,W1990263623,1,actual_openalex_reference,test,openalex_public_health_200
W2962241687,W2001618376,1,actual_openalex_reference,test,openalex_public_health_200
W2962241687,W2004700006,1,actual_openalex_reference,test,openalex_public_health_200
W2962241687,W2010163891,1,actual_openalex_reference,test,openalex_public_health_200
W2962241687,W2014829172,1,actual_openalex_reference,test,openalex_public_health_200
W2962241687,W2015074813,1,actual_openalex_reference,test,openalex_public_health_200
W2962241687,W2016499494,1,actual_openalex_reference,test,openalex_public_health_200
W2962241687,W2040106495,1,actual_openalex_reference,test,openalex_public_health_200
W2962241687,W2048257759,1,actual_openalex_reference,test,openalex_public_health_200
W2962241687,W2048558482,1,actual_openalex_reference,test,openalex_public_health_200
W2962241687,W2052457812,1,actual_openalex_reference,test,openalex_public_health_200
W2962241687,W2073212094,1,actual_openalex_reference,test,openalex_public_health_200
W2962241687,W2081473949,1,actual_openalex_reference,test,openalex_public_health_200
W2962241687,W2083300393,1,actual_openalex_reference,test,openalex_public_health_200
W2962241687,W2083756088,1,actual_openalex_reference,test,openalex_public_health_200
W2962241687,W2091631842,1,actual_openalex_reference,test,openalex_public_health_200
W2962241687,W2095663042,1,actual_openalex_reference,test,openalex_public_health_200
W2962241687,W2109452153,1,actual_openalex_reference,test,openalex_public_health_200
W2962241687,W2110397079,1,actual_openalex_reference,test,openalex_public_health_200
W2962241687,W2114793680,1,actual_openalex_reference,test,openalex_public_health_200
W2962241687,W2118409616,1,actual_openalex_reference,test,openalex_public_health_200
W2962241687,W2119005669,1,actual_openalex_reference,test,openalex_public_health_200
W2962241687,W2122590113,1,actual_openalex_reference,test,openalex_public_health_200
W2962241687,W2131518934,1,actual_openalex_reference,test,openalex_public_health_200
W2962241687,W2132747405,1,actual_openalex_reference,test,openalex_public_health_200
W2962241687,W2136823874,1,actual_openalex_reference,test,openalex_public_health_200
W2962241687,W2138199849,1,actual_openalex_reference,test,openalex_public_health_200
W2962241687,W2141170928,1,actual_openalex_reference,test,openalex_public_health_200
W2962241687,W2144744179,1,actual_openalex_reference,test,openalex_public_health_200
W2962241687,W2162706221,1,actual_openalex_reference,test,openalex_public_health_200
W2962241687,W2166939330,1,actual_openalex_reference,test,openalex_public_health_200
W2962241687,W2167283176,1,actual_openalex_reference,test,openalex_public_health_200
W2962241687,W2169939199,1,actual_openalex_reference,test,openalex_public_health_200
W2962241687,W2324723463,1,actual_openalex_reference,test,openalex_public_health_200
W2962241687,W2399485448,1,actual_openalex_reference,test,openalex_public_health_200
W2962241687,W3004225533,1,actual_openalex_reference,test,openalex_public_health_200
W2962241687,W4300618933,1,actual_openalex_reference,test,openalex_public_health_200
W2961680347,W176759912,1,actual_openalex_reference,test,openalex_public_health_200
W2961680347,W1815311081,1,actual_openalex_reference,test,openalex_public_health_200
W2961680347,W1964184380,1,actual_openalex_reference,test,openalex_public_health_200
W2961680347,W1966854042,1,actual_openalex_reference,test,openalex_public_health_200
W2961680347,W1971061678,1,actual_openalex_reference,test,openalex_public_health_200
W2961680347,W1989067086,1,actual_openalex_reference,test,openalex_public_health_200
W2961680347,W1998388034,1,actual_openalex_reference,test,openalex_public_health_200
W2961680347,W2006565594,1,actual_openalex_reference,test,openalex_public_health_200
W2961680347,W2010234625,1,actual_openalex_reference,test,openalex_public_health_200
W2961680347,W2017189194,1,actual_openalex_reference,test,openalex_public_health_200
W2961680347,W2024530669,1,actual_openalex_reference,test,openalex_public_health_200
W2961680347,W2059026322,1,actual_openalex_reference,test,openalex_public_health_200
W2961680347,W2060254042,1,actual_openalex_reference,test,openalex_public_health_200
W2961680347,W2082975018,1,actual_openalex_reference,test,openalex_public_health_200
W2961680347,W2083637865,1,actual_openalex_reference,test,openalex_public_health_200
W2961680347,W2088602048,1,actual_openalex_reference,test,openalex_public_health_200
W2961680347,W2097772356,1,actual_openalex_reference,test,openalex_public_health_200
W2961680347,W2102658874,1,actual_openalex_reference,test,openalex_public_health_200
W2961680347,W2102902846,1,actual_openalex_reference,test,openalex_public_health_200
W2961680347,W2114445980,1,actual_openalex_reference,test,openalex_public_health_200
W2961680347,W2119724249,1,actual_openalex_reference,test,openalex_public_health_200
W2961680347,W2120336033,1,actual_openalex_reference,test,openalex_public_health_200
W2961680347,W2128882537,1,actual_openalex_reference,test,openalex_public_health_200
W2961680347,W2130388731,1,actual_openalex_reference,test,openalex_public_health_200
W2961680347,W2136443800,1,actual_openalex_reference,test,openalex_public_health_200
W2961680347,W2146873296,1,actual_openalex_reference,test,openalex_public_health_200
W2961680347,W2147819976,1,actual_openalex_reference,test,openalex_public_health_200
W2961680347,W2377652104,1,actual_openalex_reference,test,openalex_public_health_200
W2961680347,W2464802211,1,actual_openalex_reference,test,openalex_public_health_200
W2961680347,W2514481205,1,actual_openalex_reference,test,openalex_public_health_200
W2961680347,W2515583036,1,actual_openalex_reference,test,openalex_public_health_200
W2961680347,W2525044508,1,actual_openalex_reference,test,openalex_public_health_200
W2961680347,W2558397051,1,actual_openalex_reference,test,openalex_public_health_200
W2961680347,W2583854923,1,actual_openalex_reference,test,openalex_public_health_200
W2961680347,W2607031541,1,actual_openalex_reference,test,openalex_public_health_200
W2961680347,W2741895794,1,actual_openalex_reference,test,openalex_public_health_200
W2961680347,W2753844903,1,actual_openalex_reference,test,openalex_public_health_200
W2961680347,W2755539188,1,actual_openalex_reference,test,openalex_public_health_200
W2961680347,W2758211676,1,actual_openalex_reference,test,openalex_public_health_200
W2961680347,W2759820314,1,actual_openalex_reference,test,openalex_public_health_200
W2961680347,W2760249215,1,actual_openalex_reference,test,openalex_public_health_200
W2961680347,W2775972192,1,actual_openalex_reference,test,openalex_public_health_200
W2961680347,W2783861527,1,actual_openalex_reference,test,openalex_public_health_200
W2961680347,W2786810883,1,actual_openalex_reference,test,openalex_public_health_200
W2961680347,W2809767017,1,actual_openalex_reference,test,openalex_public_health_200
W2961680347,W2885750622,1,actual_openalex_reference,test,openalex_public_health_200
W2961680347,W2890789430,1,actual_openalex_reference,test,openalex_public_health_200
W2961680347,W2900520542,1,actual_openalex_reference,test,openalex_public_health_200
W2961680347,W2901830335,1,actual_openalex_reference,test,openalex_public_health_200
W2961680347,W2907589549,1,actual_openalex_reference,test,openalex_public_health_200
W2961680347,W3001728035,1,actual_openalex_reference,test,openalex_public_health_200
W2961680347,W3124992502,1,actual_openalex_reference,test,openalex_public_health_200
W2961680347,W4238251256,1,actual_openalex_reference,test,openalex_public_health_200
W2928120177,W257701435,1,actual_openalex_reference,test,openalex_public_health_200
W2928120177,W1524985746,1,actual_openalex_reference,test,openalex_public_health_200
W2928120177,W1889479422,1,actual_openalex_reference,test,openalex_public_health_200
W2928120177,W1936569206,1,actual_openalex_reference,test,openalex_public_health_200
W2928120177,W1969663483,1,actual_openalex_reference,test,openalex_public_health_200
W2928120177,W2003411104,1,actual_openalex_reference,test,openalex_public_health_200
W2928120177,W2068374682,1,actual_openalex_reference,test,openalex_public_health_200
W2928120177,W2085118372,1,actual_openalex_reference,test,openalex_public_health_200
W2928120177,W2104213426,1,actual_openalex_reference,test,openalex_public_health_200
W2928120177,W2105447009,1,actual_openalex_reference,test,openalex_public_health_200
W2928120177,W2105852486,1,actual_openalex_reference,test,openalex_public_health_200
W2928120177,W2107981536,1,actual_openalex_reference,test,openalex_public_health_200
W2928120177,W2142311426,1,actual_openalex_reference,test,openalex_public_health_200
W2928120177,W2150763571,1,actual_openalex_reference,test,openalex_public_health_200
W2928120177,W2170889235,1,actual_openalex_reference,test,openalex_public_health_200
W2928120177,W2285376571,1,actual_openalex_reference,test,openalex_public_health_200
W2928120177,W2621244135,1,actual_openalex_reference,test,openalex_public_health_200
W2928120177,W2799378436,1,actual_openalex_reference,test,openalex_public_health_200
W2928120177,W2884773664,1,actual_openalex_reference,test,openalex_public_health_200
W2928120177,W2897900441,1,actual_openalex_reference,test,openalex_public_health_200
W2928120177,W4211155124,1,actual_openalex_reference,test,openalex_public_health_200
W2928120177,W4322703438,1,actual_openalex_reference,test,openalex_public_health_200
W3032972640,W204493199,1,actual_openalex_reference,test,openalex_public_health_200
W3032972640,W1987649014,1,actual_openalex_reference,test,openalex_public_health_200
W3032972640,W2002619266,1,actual_openalex_reference,test,openalex_public_health_200
W3032972640,W2052563978,1,actual_openalex_reference,test,openalex_public_health_200
W3032972640,W2083169344,1,actual_openalex_reference,test,openalex_public_health_200
W3032972640,W2105487064,1,actual_openalex_reference,test,openalex_public_health_200
W3032972640,W2114921087,1,actual_openalex_reference,test,openalex_public_health_200
W3032972640,W2131943818,1,actual_openalex_reference,test,openalex_public_health_200
W3032972640,W2135973305,1,actual_openalex_reference,test,openalex_public_health_200
W3032972640,W2154112437,1,actual_openalex_reference,test,openalex_public_health_200
W3032972640,W2332720870,1,actual_openalex_reference,test,openalex_public_health_200
W3032972640,W2341725526,1,actual_openalex_reference,test,openalex_public_health_200
W3032972640,W2613611060,1,actual_openalex_reference,test,openalex_public_health_200
W3032972640,W2886307360,1,actual_openalex_reference,test,openalex_public_health_200
W3032972640,W2910319134,1,actual_openalex_reference,test,openalex_public_health_200
W3032972640,W2910871368,1,actual_openalex_reference,test,openalex_public_health_200
W3032972640,W2955745220,1,actual_openalex_reference,test,openalex_public_health_200
W3032972640,W4294185218,1,actual_openalex_reference,test,openalex_public_health_200
W4200494997,W434170,1,actual_openalex_reference,test,openalex_public_health_200
W4200494997,W1534995493,1,actual_openalex_reference,test,openalex_public_health_200
W4200494997,W1607931568,1,actual_openalex_reference,test,openalex_public_health_200
W4200494997,W1963528632,1,actual_openalex_reference,test,openalex_public_health_200
W4200494997,W1963542761,1,actual_openalex_reference,test,openalex_public_health_200
W4200494997,W1976499671,1,actual_openalex_reference,test,openalex_public_health_200
W4200494997,W1978121495,1,actual_openalex_reference,test,openalex_public_health_200
W4200494997,W1994879603,1,actual_openalex_reference,test,openalex_public_health_200
W4200494997,W1995660726,1,actual_openalex_reference,test,openalex_public_health_200
W4200494997,W1996641418,1,actual_openalex_reference,test,openalex_public_health_200
W4200494997,W1999613945,1,actual_openalex_reference,test,openalex_public_health_200
W4200494997,W2001389730,1,actual_openalex_reference,test,openalex_public_health_200
W4200494997,W2005779061,1,actual_openalex_reference,test,openalex_public_health_200
W4200494997,W2019861082,1,actual_openalex_reference,test,openalex_public_health_200
W4200494997,W2022050193,1,actual_openalex_reference,test,openalex_public_health_200
W4200494997,W2031935607,1,actual_openalex_reference,test,openalex_public_health_200
W4200494997,W2038955988,1,actual_openalex_reference,test,openalex_public_health_200
W4200494997,W2047439787,1,actual_openalex_reference,test,openalex_public_health_200
W4200494997,W2050885009,1,actual_openalex_reference,test,openalex_public_health_200
W4200494997,W2056617023,1,actual_openalex_reference,test,openalex_public_health_200
W4200494997,W2060062898,1,actual_openalex_reference,test,openalex_public_health_200
W4200494997,W2067174909,1,actual_openalex_reference,test,openalex_public_health_200
W4200494997,W2073914999,1,actual_openalex_reference,test,openalex_public_health_200
W4200494997,W2080779226,1,actual_openalex_reference,test,openalex_public_health_200
W4200494997,W2081693079,1,actual_openalex_reference,test,openalex_public_health_200
W4200494997,W2090009771,1,actual_openalex_reference,test,openalex_public_health_200
W4200494997,W2099083070,1,actual_openalex_reference,test,openalex_public_health_200
W4200494997,W2107915297,1,actual_openalex_reference,test,openalex_public_health_200
W4200494997,W2110871531,1,actual_openalex_reference,test,openalex_public_health_200
W4200494997,W2117976256,1,actual_openalex_reference,test,openalex_public_health_200
W4200494997,W2118480909,1,actual_openalex_reference,test,openalex_public_health_200
W4200494997,W2120518161,1,actual_openalex_reference,test,openalex_public_health_200
W4200494997,W2120772351,1,actual_openalex_reference,test,openalex_public_health_200
W4200494997,W2121297416,1,actual_openalex_reference,test,openalex_public_health_200
W4200494997,W2122413738,1,actual_openalex_reference,test,openalex_public_health_200
W4200494997,W2123139638,1,actual_openalex_reference,test,openalex_public_health_200
W4200494997,W2123153288,1,actual_openalex_reference,test,openalex_public_health_200
W4200494997,W2127322768,1,actual_openalex_reference,test,openalex_public_health_200
W4200494997,W2130216499,1,actual_openalex_reference,test,openalex_public_health_200
W4200494997,W2144288821,1,actual_openalex_reference,test,openalex_public_health_200
W4200494997,W2148596215,1,actual_openalex_reference,test,openalex_public_health_200
W4200494997,W2158501592,1,actual_openalex_reference,test,openalex_public_health_200
W4200494997,W2164235117,1,actual_openalex_reference,test,openalex_public_health_200
W4200494997,W2169734424,1,actual_openalex_reference,test,openalex_public_health_200
W4200494997,W2170948660,1,actual_openalex_reference,test,openalex_public_health_200
W4200494997,W2288446565,1,actual_openalex_reference,test,openalex_public_health_200
W4200494997,W2466287489,1,actual_openalex_reference,test,openalex_public_health_200
W4200494997,W2569462802,1,actual_openalex_reference,test,openalex_public_health_200
W4200494997,W2754938564,1,actual_openalex_reference,test,openalex_public_health_200
W4200494997,W2789518264,1,actual_openalex_reference,test,openalex_public_health_200
W4200494997,W2958736583,1,actual_openalex_reference,test,openalex_public_health_200
W4200494997,W2991408158,1,actual_openalex_reference,test,openalex_public_health_200
W4200494997,W3081208031,1,actual_openalex_reference,test,openalex_public_health_200
W4200494997,W3092180926,1,actual_openalex_reference,test,openalex_public_health_200
W4200494997,W3110418371,1,actual_openalex_reference,test,openalex_public_health_200
W4200494997,W3112209297,1,actual_openalex_reference,test,openalex_public_health_200
W4200494997,W3190923317,1,actual_openalex_reference,test,openalex_public_health_200
W2968739197,W1793448543,1,actual_openalex_reference,test,openalex_public_health_200
W2968739197,W2045566874,1,actual_openalex_reference,test,openalex_public_health_200
W2968739197,W2047800629,1,actual_openalex_reference,test,openalex_public_health_200
W2968739197,W2051202229,1,actual_openalex_reference,test,openalex_public_health_200
W2968739197,W2088537936,1,actual_openalex_reference,test,openalex_public_health_200
W2968739197,W2090171482,1,actual_openalex_reference,test,openalex_public_health_200
W2968739197,W2134226432,1,actual_openalex_reference,test,openalex_public_health_200
W2968739197,W2154268744,1,actual_openalex_reference,test,openalex_public_health_200
W2968739197,W2168376940,1,actual_openalex_reference,test,openalex_public_health_200
W2968739197,W2318723339,1,actual_openalex_reference,test,openalex_public_health_200
W2968739197,W2484691537,1,actual_openalex_reference,test,openalex_public_health_200
W2968739197,W2906138861,1,actual_openalex_reference,test,openalex_public_health_200
W2968739197,W4229852047,1,actual_openalex_reference,test,openalex_public_health_200
W2968739197,W4244812713,1,actual_openalex_reference,test,openalex_public_health_200
W3003478563,W375767774,1,actual_openalex_reference,test,openalex_public_health_200
W3003478563,W575586093,1,actual_openalex_reference,test,openalex_public_health_200
W3003478563,W1544361543,1,actual_openalex_reference,test,openalex_public_health_200
W3003478563,W1607118314,1,actual_openalex_reference,test,openalex_public_health_200
W3003478563,W1971724447,1,actual_openalex_reference,test,openalex_public_health_200
W3003478563,W2001930212,1,actual_openalex_reference,test,openalex_public_health_200
W3003478563,W2008501037,1,actual_openalex_reference,test,openalex_public_health_200
W3003478563,W2013524659,1,actual_openalex_reference,test,openalex_public_health_200
W3003478563,W2028762953,1,actual_openalex_reference,test,openalex_public_health_200
W3003478563,W2035222149,1,actual_openalex_reference,test,openalex_public_health_200
W3003478563,W2078564324,1,actual_openalex_reference,test,openalex_public_health_200
W3003478563,W2094597256,1,actual_openalex_reference,test,openalex_public_health_200
W3003478563,W2115411265,1,actual_openalex_reference,test,openalex_public_health_200
W3003478563,W2119274094,1,actual_openalex_reference,test,openalex_public_health_200
W3003478563,W2122193925,1,actual_openalex_reference,test,openalex_public_health_200
W3003478563,W2124837713,1,actual_openalex_reference,test,openalex_public_health_200
W3003478563,W2130399884,1,actual_openalex_reference,test,openalex_public_health_200
W3003478563,W2147614415,1,actual_openalex_reference,test,openalex_public_health_200
W3003478563,W2149304626,1,actual_openalex_reference,test,openalex_public_health_200
W3003478563,W2153914458,1,actual_openalex_reference,test,openalex_public_health_200
W3003478563,W2155332470,1,actual_openalex_reference,test,openalex_public_health_200
W3003478563,W2157023976,1,actual_openalex_reference,test,openalex_public_health_200
W3003478563,W2157066588,1,actual_openalex_reference,test,openalex_public_health_200
W3003478563,W2232488048,1,actual_openalex_reference,test,openalex_public_health_200
W3003478563,W2267348248,1,actual_openalex_reference,test,openalex_public_health_200
W3003478563,W2526188696,1,actual_openalex_reference,test,openalex_public_health_200
W3003478563,W2612380183,1,actual_openalex_reference,test,openalex_public_health_200
W3003478563,W2789716149,1,actual_openalex_reference,test,openalex_public_health_200
W3003478563,W2793620910,1,actual_openalex_reference,test,openalex_public_health_200
W3003478563,W2800446161,1,actual_openalex_reference,test,openalex_public_health_200
W3003478563,W2902480719,1,actual_openalex_reference,test,openalex_public_health_200
W3003478563,W2945529211,1,actual_openalex_reference,test,openalex_public_health_200
W3003478563,W4323053961,1,actual_openalex_reference,test,openalex_public_health_200
W3176494283,W67540683,1,actual_openalex_reference,test,openalex_public_health_200
W3176494283,W1191307076,1,actual_openalex_reference,test,openalex_public_health_200
W3176494283,W1996247646,1,actual_openalex_reference,test,openalex_public_health_200
W3176494283,W2056440339,1,actual_openalex_reference,test,openalex_public_health_200
W3176494283,W2058287234,1,actual_openalex_reference,test,openalex_public_health_200
W3176494283,W2092482346,1,actual_openalex_reference,test,openalex_public_health_200
W3176494283,W2149264570,1,actual_openalex_reference,test,openalex_public_health_200
W3176494283,W2257542253,1,actual_openalex_reference,test,openalex_public_health_200
W3176494283,W2507701987,1,actual_openalex_reference,test,openalex_public_health_200
W3176494283,W2553998144,1,actual_openalex_reference,test,openalex_public_health_200
W3176494283,W2891032945,1,actual_openalex_reference,test,openalex_public_health_200
W3176494283,W2905446581,1,actual_openalex_reference,test,openalex_public_health_200
W3176494283,W2956159301,1,actual_openalex_reference,test,openalex_public_health_200
W3176494283,W3016059376,1,actual_openalex_reference,test,openalex_public_health_200
W3176494283,W3017276030,1,actual_openalex_reference,test,openalex_public_health_200
W3176494283,W3021374159,1,actual_openalex_reference,test,openalex_public_health_200
W3176494283,W3045663152,1,actual_openalex_reference,test,openalex_public_health_200
W3176494283,W3083702987,1,actual_openalex_reference,test,openalex_public_health_200
W3176494283,W3185032459,1,actual_openalex_reference,test,openalex_public_health_200
W3166851566,W613140020,1,actual_openalex_reference,test,openalex_public_health_200
W3166851566,W1526712941,1,actual_openalex_reference,test,openalex_public_health_200
W3166851566,W1533885846,1,actual_openalex_reference,test,openalex_public_health_200
W3166851566,W1566970641,1,actual_openalex_reference,test,openalex_public_health_200
W3166851566,W1957468070,1,actual_openalex_reference,test,openalex_public_health_200
W3166851566,W1963620879,1,actual_openalex_reference,test,openalex_public_health_200
W3166851566,W1998192955,1,actual_openalex_reference,test,openalex_public_health_200
W3166851566,W1998912595,1,actual_openalex_reference,test,openalex_public_health_200
W3166851566,W2039015342,1,actual_openalex_reference,test,openalex_public_health_200
W3166851566,W2053138484,1,actual_openalex_reference,test,openalex_public_health_200
W3166851566,W2059840575,1,actual_openalex_reference,test,openalex_public_health_200
W3166851566,W2063290945,1,actual_openalex_reference,test,openalex_public_health_200
W3166851566,W2070016267,1,actual_openalex_reference,test,openalex_public_health_200
W3166851566,W2079484041,1,actual_openalex_reference,test,openalex_public_health_200
W3166851566,W2098844221,1,actual_openalex_reference,test,openalex_public_health_200
W3166851566,W2103832831,1,actual_openalex_reference,test,openalex_public_health_200
W3166851566,W2136451344,1,actual_openalex_reference,test,openalex_public_health_200
W3166851566,W2139346944,1,actual_openalex_reference,test,openalex_public_health_200
W3166851566,W2151020819,1,actual_openalex_reference,test,openalex_public_health_200
W3166851566,W2152027865,1,actual_openalex_reference,test,openalex_public_health_200
W3166851566,W2153222072,1,actual_openalex_reference,test,openalex_public_health_200
W3166851566,W2157814392,1,actual_openalex_reference,test,openalex_public_health_200
W3166851566,W2162156387,1,actual_openalex_reference,test,openalex_public_health_200
W3166851566,W2245743849,1,actual_openalex_reference,test,openalex_public_health_200
W3166851566,W2547243349,1,actual_openalex_reference,test,openalex_public_health_200
W3166851566,W2574271863,1,actual_openalex_reference,test,openalex_public_health_200
W3166851566,W2598213559,1,actual_openalex_reference,test,openalex_public_health_200
W3166851566,W2599234343,1,actual_openalex_reference,test,openalex_public_health_200
W3166851566,W2609446105,1,actual_openalex_reference,test,openalex_public_health_200
W3166851566,W2612166593,1,actual_openalex_reference,test,openalex_public_health_200
W3166851566,W2640271157,1,actual_openalex_reference,test,openalex_public_health_200
W3166851566,W2739358083,1,actual_openalex_reference,test,openalex_public_health_200
W3166851566,W2743899933,1,actual_openalex_reference,test,openalex_public_health_200
W3166851566,W2757460696,1,actual_openalex_reference,test,openalex_public_health_200
W3166851566,W2765304416,1,actual_openalex_reference,test,openalex_public_health_200
W3166851566,W2770837559,1,actual_openalex_reference,test,openalex_public_health_200
W3166851566,W2786185116,1,actual_openalex_reference,test,openalex_public_health_200
W3166851566,W2789603165,1,actual_openalex_reference,test,openalex_public_health_200
W3166851566,W2791404096,1,actual_openalex_reference,test,openalex_public_health_200
W3166851566,W2795468797,1,actual_openalex_reference,test,openalex_public_health_200
W3166851566,W2798762490,1,actual_openalex_reference,test,openalex_public_health_200
W3166851566,W2799678512,1,actual_openalex_reference,test,openalex_public_health_200
W3166851566,W2888401437,1,actual_openalex_reference,test,openalex_public_health_200
W3166851566,W2927203543,1,actual_openalex_reference,test,openalex_public_health_200
W3166851566,W2948764453,1,actual_openalex_reference,test,openalex_public_health_200
W3166851566,W2949646948,1,actual_openalex_reference,test,openalex_public_health_200
W3166851566,W2969043960,1,actual_openalex_reference,test,openalex_public_health_200
W3166851566,W2970478437,1,actual_openalex_reference,test,openalex_public_health_200
W3166851566,W2996436107,1,actual_openalex_reference,test,openalex_public_health_200
W3166851566,W3009848935,1,actual_openalex_reference,test,openalex_public_health_200
W3166851566,W3022083955,1,actual_openalex_reference,test,openalex_public_health_200
W3166851566,W3151685851,1,actual_openalex_reference,test,openalex_public_health_200
W3166851566,W4230501897,1,actual_openalex_reference,test,openalex_public_health_200
W3166851566,W4407855718,1,actual_openalex_reference,test,openalex_public_health_200
W2957037554,W1488161792,1,actual_openalex_reference,test,openalex_public_health_200
W2957037554,W1525966930,1,actual_openalex_reference,test,openalex_public_health_200
W2957037554,W1932634215,1,actual_openalex_reference,test,openalex_public_health_200
W2957037554,W1967085970,1,actual_openalex_reference,test,openalex_public_health_200
W2957037554,W1982445817,1,actual_openalex_reference,test,openalex_public_health_200
W2957037554,W1987892650,1,actual_openalex_reference,test,openalex_public_health_200
W2957037554,W2058682623,1,actual_openalex_reference,test,openalex_public_health_200
W2957037554,W2107553021,1,actual_openalex_reference,test,openalex_public_health_200
W2957037554,W2122546560,1,actual_openalex_reference,test,openalex_public_health_200
W2957037554,W2148871703,1,actual_openalex_reference,test,openalex_public_health_200
W2957037554,W2152304691,1,actual_openalex_reference,test,openalex_public_health_200
W2957037554,W2169581571,1,actual_openalex_reference,test,openalex_public_health_200
W2957037554,W2592613312,1,actual_openalex_reference,test,openalex_public_health_200
W2957037554,W2767767650,1,actual_openalex_reference,test,openalex_public_health_200
W3092976179,W1568830959,1,actual_openalex_reference,test,openalex_public_health_200
W3092976179,W2061077134,1,actual_openalex_reference,test,openalex_public_health_200
W3092976179,W2102685896,1,actual_openalex_reference,test,openalex_public_health_200
W3092976179,W2150263497,1,actual_openalex_reference,test,openalex_public_health_200
W3092976179,W2320033864,1,actual_openalex_reference,test,openalex_public_health_200
W3092976179,W2893711498,1,actual_openalex_reference,test,openalex_public_health_200
W2969002945,W1998944127,1,actual_openalex_reference,test,openalex_public_health_200
W2969002945,W2096036318,1,actual_openalex_reference,test,openalex_public_health_200
W2969002945,W2153621536,1,actual_openalex_reference,test,openalex_public_health_200
W2969002945,W2485683380,1,actual_openalex_reference,test,openalex_public_health_200
W2969002945,W2620931968,1,actual_openalex_reference,test,openalex_public_health_200
W2969002945,W2745353370,1,actual_openalex_reference,test,openalex_public_health_200
W2969002945,W2765461075,1,actual_openalex_reference,test,openalex_public_health_200
W2969002945,W2771544779,1,actual_openalex_reference,test,openalex_public_health_200
W2969002945,W2795991955,1,actual_openalex_reference,test,openalex_public_health_200
W3157938528,W1516766014,1,actual_openalex_reference,test,openalex_public_health_200
W3157938528,W2184616384,1,actual_openalex_reference,test,openalex_public_health_200
W3157938528,W2590501409,1,actual_openalex_reference,test,openalex_public_health_200
W3157938528,W2604972304,1,actual_openalex_reference,test,openalex_public_health_200
W3157938528,W2788397415,1,actual_openalex_reference,test,openalex_public_health_200
W3157938528,W3003044952,1,actual_openalex_reference,test,openalex_public_health_200
W3157938528,W3010804485,1,actual_openalex_reference,test,openalex_public_health_200
W3157938528,W3011396411,1,actual_openalex_reference,test,openalex_public_health_200
W3157938528,W3013222458,1,actual_openalex_reference,test,openalex_public_health_200
W3157938528,W3013476253,1,actual_openalex_reference,test,openalex_public_health_200
W3157938528,W3020582030,1,actual_openalex_reference,test,openalex_public_health_200
W3157938528,W3089708485,1,actual_openalex_reference,test,openalex_public_health_200
W3157938528,W3207264784,1,actual_openalex_reference,test,openalex_public_health_200
W3157938528,W3207430678,1,actual_openalex_reference,test,openalex_public_health_200
W3157938528,W3209821821,1,actual_openalex_reference,test,openalex_public_health_200
W3157938528,W4230988866,1,actual_openalex_reference,test,openalex_public_health_200
W3046209393,W1783623079,1,actual_openalex_reference,test,openalex_public_health_200
W3046209393,W1866842189,1,actual_openalex_reference,test,openalex_public_health_200
W3046209393,W1944694096,1,actual_openalex_reference,test,openalex_public_health_200
W3046209393,W1987813441,1,actual_openalex_reference,test,openalex_public_health_200
W3046209393,W2029175095,1,actual_openalex_reference,test,openalex_public_health_200
W3046209393,W2148843006,1,actual_openalex_reference,test,openalex_public_health_200
W3046209393,W2320992543,1,actual_openalex_reference,test,openalex_public_health_200
W3046209393,W2322786801,1,actual_openalex_reference,test,openalex_public_health_200
W3046209393,W2472957723,1,actual_openalex_reference,test,openalex_public_health_200
W3046209393,W2535384070,1,actual_openalex_reference,test,openalex_public_health_200
W3046209393,W2553359562,1,actual_openalex_reference,test,openalex_public_health_200
W3046209393,W2601945978,1,actual_openalex_reference,test,openalex_public_health_200
W3046209393,W2606085033,1,actual_openalex_reference,test,openalex_public_health_200
W3046209393,W2770914248,1,actual_openalex_reference,test,openalex_public_health_200
W3046209393,W2772466284,1,actual_openalex_reference,test,openalex_public_health_200
W3046209393,W2808732972,1,actual_openalex_reference,test,openalex_public_health_200
W3046209393,W2891776640,1,actual_openalex_reference,test,openalex_public_health_200
W3046209393,W2897954378,1,actual_openalex_reference,test,openalex_public_health_200
W3046209393,W2917231618,1,actual_openalex_reference,test,openalex_public_health_200
W3046209393,W2932940330,1,actual_openalex_reference,test,openalex_public_health_200
W3046434187,W1508151299,1,actual_openalex_reference,test,openalex_public_health_200
W3046434187,W1589297446,1,actual_openalex_reference,test,openalex_public_health_200
W3046434187,W1922495425,1,actual_openalex_reference,test,openalex_public_health_200
W3046434187,W1976988018,1,actual_openalex_reference,test,openalex_public_health_200
W3046434187,W1979987816,1,actual_openalex_reference,test,openalex_public_health_200
W3046434187,W1983290796,1,actual_openalex_reference,test,openalex_public_health_200
W3046434187,W1991086971,1,actual_openalex_reference,test,openalex_public_health_200
W3046434187,W2000414525,1,actual_openalex_reference,test,openalex_public_health_200
W3046434187,W2000623019,1,actual_openalex_reference,test,openalex_public_health_200
W3046434187,W2014434275,1,actual_openalex_reference,test,openalex_public_health_200
W3046434187,W2015444630,1,actual_openalex_reference,test,openalex_public_health_200
W3046434187,W2025213083,1,actual_openalex_reference,test,openalex_public_health_200
W3046434187,W2027339676,1,actual_openalex_reference,test,openalex_public_health_200
W3046434187,W2030551855,1,actual_openalex_reference,test,openalex_public_health_200
W3046434187,W2034934630,1,actual_openalex_reference,test,openalex_public_health_200
W3046434187,W2037657217,1,actual_openalex_reference,test,openalex_public_health_200
W3046434187,W2037842606,1,actual_openalex_reference,test,openalex_public_health_200
W3046434187,W2043855329,1,actual_openalex_reference,test,openalex_public_health_200
W3046434187,W2052056237,1,actual_openalex_reference,test,openalex_public_health_200
W3046434187,W2056496915,1,actual_openalex_reference,test,openalex_public_health_200
W3046434187,W2059710887,1,actual_openalex_reference,test,openalex_public_health_200
W3046434187,W2066133532,1,actual_openalex_reference,test,openalex_public_health_200
W3046434187,W2066938684,1,actual_openalex_reference,test,openalex_public_health_200
W3046434187,W2070963238,1,actual_openalex_reference,test,openalex_public_health_200
W3046434187,W2071294321,1,actual_openalex_reference,test,openalex_public_health_200
W3046434187,W2090916389,1,actual_openalex_reference,test,openalex_public_health_200
W3046434187,W2112440338,1,actual_openalex_reference,test,openalex_public_health_200
W3046434187,W2113180976,1,actual_openalex_reference,test,openalex_public_health_200
W3046434187,W2113610670,1,actual_openalex_reference,test,openalex_public_health_200
W3046434187,W2113932936,1,actual_openalex_reference,test,openalex_public_health_200
W3046434187,W2114465153,1,actual_openalex_reference,test,openalex_public_health_200
W3046434187,W2124960416,1,actual_openalex_reference,test,openalex_public_health_200
W3046434187,W2127733438,1,actual_openalex_reference,test,openalex_public_health_200
W3046434187,W2128834734,1,actual_openalex_reference,test,openalex_public_health_200
W3046434187,W2133153680,1,actual_openalex_reference,test,openalex_public_health_200
W3046434187,W2133681957,1,actual_openalex_reference,test,openalex_public_health_200
W3046434187,W2135955479,1,actual_openalex_reference,test,openalex_public_health_200
W3046434187,W2136176657,1,actual_openalex_reference,test,openalex_public_health_200
W3046434187,W2137891369,1,actual_openalex_reference,test,openalex_public_health_200
W3046434187,W2138614085,1,actual_openalex_reference,test,openalex_public_health_200
W3046434187,W2142594136,1,actual_openalex_reference,test,openalex_public_health_200
W3046434187,W2142624133,1,actual_openalex_reference,test,openalex_public_health_200
W3046434187,W2147211798,1,actual_openalex_reference,test,openalex_public_health_200
W3046434187,W2152993340,1,actual_openalex_reference,test,openalex_public_health_200
W3046434187,W2157019823,1,actual_openalex_reference,test,openalex_public_health_200
W3046434187,W2162790097,1,actual_openalex_reference,test,openalex_public_health_200
W3046434187,W2165688683,1,actual_openalex_reference,test,openalex_public_health_200
W3046434187,W2167493826,1,actual_openalex_reference,test,openalex_public_health_200
W3046434187,W2168034879,1,actual_openalex_reference,test,openalex_public_health_200
W3046434187,W2171200548,1,actual_openalex_reference,test,openalex_public_health_200
W3046434187,W2172302155,1,actual_openalex_reference,test,openalex_public_health_200
W3046434187,W2173612159,1,actual_openalex_reference,test,openalex_public_health_200
W3046434187,W2189995501,1,actual_openalex_reference,test,openalex_public_health_200
W3046434187,W2199236045,1,actual_openalex_reference,test,openalex_public_health_200
W3046434187,W2254006688,1,actual_openalex_reference,test,openalex_public_health_200
W3046434187,W2259306485,1,actual_openalex_reference,test,openalex_public_health_200
W3046434187,W2266552834,1,actual_openalex_reference,test,openalex_public_health_200
W3046434187,W2271242314,1,actual_openalex_reference,test,openalex_public_health_200
W3046434187,W2272826944,1,actual_openalex_reference,test,openalex_public_health_200
W3046434187,W2280906263,1,actual_openalex_reference,test,openalex_public_health_200
W3046434187,W2299228959,1,actual_openalex_reference,test,openalex_public_health_200
W3046434187,W2325897109,1,actual_openalex_reference,test,openalex_public_health_200
W3046434187,W2328936268,1,actual_openalex_reference,test,openalex_public_health_200
W3046434187,W2406345780,1,actual_openalex_reference,test,openalex_public_health_200
W3046434187,W2460107925,1,actual_openalex_reference,test,openalex_public_health_200
W3046434187,W2462661817,1,actual_openalex_reference,test,openalex_public_health_200
W3046434187,W2472994826,1,actual_openalex_reference,test,openalex_public_health_200
W3046434187,W2512391640,1,actual_openalex_reference,test,openalex_public_health_200
W3046434187,W2517473207,1,actual_openalex_reference,test,openalex_public_health_200
W3046434187,W2526119559,1,actual_openalex_reference,test,openalex_public_health_200
W3046434187,W2542918300,1,actual_openalex_reference,test,openalex_public_health_200
W3046434187,W2557837784,1,actual_openalex_reference,test,openalex_public_health_200
W3046434187,W2578070438,1,actual_openalex_reference,test,openalex_public_health_200
W3046434187,W2584678375,1,actual_openalex_reference,test,openalex_public_health_200
W3046434187,W2592155053,1,actual_openalex_reference,test,openalex_public_health_200
W3046434187,W2594834397,1,actual_openalex_reference,test,openalex_public_health_200
W3046434187,W2603245055,1,actual_openalex_reference,test,openalex_public_health_200
W3046434187,W2603738034,1,actual_openalex_reference,test,openalex_public_health_200
W3046434187,W2603936267,1,actual_openalex_reference,test,openalex_public_health_200
W3046434187,W2605261330,1,actual_openalex_reference,test,openalex_public_health_200
W3046434187,W2610099256,1,actual_openalex_reference,test,openalex_public_health_200
W3046434187,W2613585525,1,actual_openalex_reference,test,openalex_public_health_200
W3046434187,W2619741537,1,actual_openalex_reference,test,openalex_public_health_200
W3046434187,W2737141338,1,actual_openalex_reference,test,openalex_public_health_200
W3046434187,W2738161666,1,actual_openalex_reference,test,openalex_public_health_200
W3046434187,W2742416990,1,actual_openalex_reference,test,openalex_public_health_200
W3046434187,W2744737984,1,actual_openalex_reference,test,openalex_public_health_200
W3046434187,W2745067063,1,actual_openalex_reference,test,openalex_public_health_200
W3046434187,W2751132766,1,actual_openalex_reference,test,openalex_public_health_200
W3046434187,W2753458334,1,actual_openalex_reference,test,openalex_public_health_200
W3046434187,W2754894339,1,actual_openalex_reference,test,openalex_public_health_200
W3046434187,W2758691957,1,actual_openalex_reference,test,openalex_public_health_200
W3046434187,W2766605863,1,actual_openalex_reference,test,openalex_public_health_200
W3046434187,W2766764213,1,actual_openalex_reference,test,openalex_public_health_200
W3046434187,W2767773297,1,actual_openalex_reference,test,openalex_public_health_200
W3046434187,W2773161822,1,actual_openalex_reference,test,openalex_public_health_200
W3046434187,W2779454305,1,actual_openalex_reference,test,openalex_public_health_200
W3046434187,W2786029971,1,actual_openalex_reference,test,openalex_public_health_200
W3046434187,W2790485673,1,actual_openalex_reference,test,openalex_public_health_200
W3046434187,W2790543572,1,actual_openalex_reference,test,openalex_public_health_200
W3046434187,W2793228617,1,actual_openalex_reference,test,openalex_public_health_200
W3046434187,W2793956832,1,actual_openalex_reference,test,openalex_public_health_200
W3046434187,W2794497120,1,actual_openalex_reference,test,openalex_public_health_200
W3046434187,W2795296957,1,actual_openalex_reference,test,openalex_public_health_200
W3046434187,W2799817188,1,actual_openalex_reference,test,openalex_public_health_200
W3046434187,W2803179768,1,actual_openalex_reference,test,openalex_public_health_200
W3046434187,W2803457340,1,actual_openalex_reference,test,openalex_public_health_200
W3046434187,W2805503715,1,actual_openalex_reference,test,openalex_public_health_200
W3046434187,W2805848039,1,actual_openalex_reference,test,openalex_public_health_200
W3046434187,W2807510566,1,actual_openalex_reference,test,openalex_public_health_200
W3046434187,W2807645182,1,actual_openalex_reference,test,openalex_public_health_200
W3046434187,W2810120972,1,actual_openalex_reference,test,openalex_public_health_200
W3046434187,W2883837264,1,actual_openalex_reference,test,openalex_public_health_200
W3046434187,W2884353330,1,actual_openalex_reference,test,openalex_public_health_200
W3046434187,W2886719640,1,actual_openalex_reference,test,openalex_public_health_200
W3046434187,W2888408905,1,actual_openalex_reference,test,openalex_public_health_200
W3046434187,W2888780725,1,actual_openalex_reference,test,openalex_public_health_200
W3046434187,W2890592401,1,actual_openalex_reference,test,openalex_public_health_200
W3046434187,W2891999640,1,actual_openalex_reference,test,openalex_public_health_200
W3046434187,W2894659360,1,actual_openalex_reference,test,openalex_public_health_200
W3046434187,W2897888001,1,actual_openalex_reference,test,openalex_public_health_200
W3046434187,W2898067888,1,actual_openalex_reference,test,openalex_public_health_200
W3046434187,W2899375611,1,actual_openalex_reference,test,openalex_public_health_200
W3046434187,W2900840091,1,actual_openalex_reference,test,openalex_public_health_200
W3046434187,W2901502504,1,actual_openalex_reference,test,openalex_public_health_200
W3046434187,W2901845010,1,actual_openalex_reference,test,openalex_public_health_200
W3046434187,W2902001641,1,actual_openalex_reference,test,openalex_public_health_200
W3046434187,W2904212552,1,actual_openalex_reference,test,openalex_public_health_200
W3046434187,W2910079163,1,actual_openalex_reference,test,openalex_public_health_200
W3046434187,W2910185668,1,actual_openalex_reference,test,openalex_public_health_200
W3046434187,W2911690592,1,actual_openalex_reference,test,openalex_public_health_200
W3046434187,W2914629057,1,actual_openalex_reference,test,openalex_public_health_200
W3046434187,W2921494062,1,actual_openalex_reference,test,openalex_public_health_200
W3046434187,W2938201679,1,actual_openalex_reference,test,openalex_public_health_200
W3046434187,W2941128525,1,actual_openalex_reference,test,openalex_public_health_200
W3046434187,W2942169161,1,actual_openalex_reference,test,openalex_public_health_200
W3046434187,W2945976376,1,actual_openalex_reference,test,openalex_public_health_200
W3046434187,W2946439873,1,actual_openalex_reference,test,openalex_public_health_200
W3046434187,W2964112445,1,actual_openalex_reference,test,openalex_public_health_200
W3046434187,W2965184829,1,actual_openalex_reference,test,openalex_public_health_200
W3046434187,W2966139534,1,actual_openalex_reference,test,openalex_public_health_200
W3046434187,W2966153498,1,actual_openalex_reference,test,openalex_public_health_200
W3046434187,W2972679514,1,actual_openalex_reference,test,openalex_public_health_200
W3046434187,W2973370959,1,actual_openalex_reference,test,openalex_public_health_200
W3046434187,W2983884078,1,actual_openalex_reference,test,openalex_public_health_200
W3046434187,W2985554306,1,actual_openalex_reference,test,openalex_public_health_200
W3046434187,W4237230653,1,actual_openalex_reference,test,openalex_public_health_200
W3046434187,W4250853877,1,actual_openalex_reference,test,openalex_public_health_200
W3046434187,W4255187571,1,actual_openalex_reference,test,openalex_public_health_200
W3046434187,W4255454209,1,actual_openalex_reference,test,openalex_public_health_200
W2966663261,W1489162654,1,actual_openalex_reference,test,openalex_public_health_200
W2966663261,W1763952521,1,actual_openalex_reference,test,openalex_public_health_200
W2966663261,W1969614821,1,actual_openalex_reference,test,openalex_public_health_200
W2966663261,W1997491414,1,actual_openalex_reference,test,openalex_public_health_200
W2966663261,W1999543219,1,actual_openalex_reference,test,openalex_public_health_200
W2966663261,W2004476696,1,actual_openalex_reference,test,openalex_public_health_200
W2966663261,W2070568063,1,actual_openalex_reference,test,openalex_public_health_200
W2966663261,W2112497696,1,actual_openalex_reference,test,openalex_public_health_200
W2966663261,W2119345063,1,actual_openalex_reference,test,openalex_public_health_200
W2966663261,W2119817288,1,actual_openalex_reference,test,openalex_public_health_200
W2966663261,W2127568306,1,actual_openalex_reference,test,openalex_public_health_200
W2966663261,W2129154410,1,actual_openalex_reference,test,openalex_public_health_200
W2966663261,W2156887466,1,actual_openalex_reference,test,openalex_public_health_200
W2966663261,W2771861718,1,actual_openalex_reference,test,openalex_public_health_200
W2966663261,W2889037189,1,actual_openalex_reference,test,openalex_public_health_200
W2966663261,W2896117872,1,actual_openalex_reference,test,openalex_public_health_200
W2966295070,W2097451449,1,actual_openalex_reference,test,openalex_public_health_200
W2966295070,W2100959589,1,actual_openalex_reference,test,openalex_public_health_200
W2966295070,W2102925803,1,actual_openalex_reference,test,openalex_public_health_200
W2966295070,W2159620123,1,actual_openalex_reference,test,openalex_public_health_200
W2966295070,W2161100023,1,actual_openalex_reference,test,openalex_public_health_200
W2966295070,W2173044948,1,actual_openalex_reference,test,openalex_public_health_200
W2966295070,W2514392201,1,actual_openalex_reference,test,openalex_public_health_200
W2966295070,W2515229045,1,actual_openalex_reference,test,openalex_public_health_200
W2966295070,W2592497608,1,actual_openalex_reference,test,openalex_public_health_200
W2966295070,W2594786397,1,actual_openalex_reference,test,openalex_public_health_200
W2966295070,W2747396859,1,actual_openalex_reference,test,openalex_public_health_200
W2966295070,W2799293201,1,actual_openalex_reference,test,openalex_public_health_200
W2966295070,W2810918273,1,actual_openalex_reference,test,openalex_public_health_200
W2966295070,W2886958752,1,actual_openalex_reference,test,openalex_public_health_200
W2966295070,W2888682362,1,actual_openalex_reference,test,openalex_public_health_200
W2966295070,W2917630356,1,actual_openalex_reference,test,openalex_public_health_200
W2966295070,W2918113380,1,actual_openalex_reference,test,openalex_public_health_200
W2966295070,W3013027001,1,actual_openalex_reference,test,openalex_public_health_200
W3213385462,W1879799308,1,actual_openalex_reference,test,openalex_public_health_200
W3213385462,W1898998282,1,actual_openalex_reference,test,openalex_public_health_200
W3213385462,W1965473743,1,actual_openalex_reference,test,openalex_public_health_200
W3213385462,W1986968410,1,actual_openalex_reference,test,openalex_public_health_200
W3213385462,W2006631014,1,actual_openalex_reference,test,openalex_public_health_200
W3213385462,W2025533609,1,actual_openalex_reference,test,openalex_public_health_200
W3213385462,W2049509560,1,actual_openalex_reference,test,openalex_public_health_200
W3213385462,W2111945586,1,actual_openalex_reference,test,openalex_public_health_200
W3213385462,W2122900948,1,actual_openalex_reference,test,openalex_public_health_200
W3213385462,W2148924243,1,actual_openalex_reference,test,openalex_public_health_200
W3213385462,W2153105655,1,actual_openalex_reference,test,openalex_public_health_200
W3213385462,W2495790597,1,actual_openalex_reference,test,openalex_public_health_200
W3213385462,W2603303001,1,actual_openalex_reference,test,openalex_public_health_200
W3213385462,W2751448906,1,actual_openalex_reference,test,openalex_public_health_200
W3213385462,W2754579317,1,actual_openalex_reference,test,openalex_public_health_200
W3213385462,W2761777036,1,actual_openalex_reference,test,openalex_public_health_200
W3213385462,W2762689525,1,actual_openalex_reference,test,openalex_public_health_200
W3213385462,W2768466327,1,actual_openalex_reference,test,openalex_public_health_200
W3213385462,W2769692738,1,actual_openalex_reference,test,openalex_public_health_200
W3213385462,W2770014729,1,actual_openalex_reference,test,openalex_public_health_200
W3213385462,W2772482629,1,actual_openalex_reference,test,openalex_public_health_200
W3213385462,W2781944063,1,actual_openalex_reference,test,openalex_public_health_200
W3213385462,W2793007799,1,actual_openalex_reference,test,openalex_public_health_200
W3213385462,W2794746044,1,actual_openalex_reference,test,openalex_public_health_200
W3213385462,W2796382035,1,actual_openalex_reference,test,openalex_public_health_200
W3213385462,W2885003196,1,actual_openalex_reference,test,openalex_public_health_200
W3213385462,W2903713635,1,actual_openalex_reference,test,openalex_public_health_200
W3213385462,W2982350975,1,actual_openalex_reference,test,openalex_public_health_200
W3213385462,W2983711995,1,actual_openalex_reference,test,openalex_public_health_200
W3213385462,W2985863359,1,actual_openalex_reference,test,openalex_public_health_200
W3213385462,W3103147365,1,actual_openalex_reference,test,openalex_public_health_200
W3213385462,W3108106255,1,actual_openalex_reference,test,openalex_public_health_200
W3213385462,W4297901865,1,actual_openalex_reference,test,openalex_public_health_200
W2970824280,W1498806970,1,actual_openalex_reference,test,openalex_public_health_200
W2970824280,W1782975369,1,actual_openalex_reference,test,openalex_public_health_200
W2970824280,W1829280477,1,actual_openalex_reference,test,openalex_public_health_200
W2970824280,W1942847712,1,actual_openalex_reference,test,openalex_public_health_200
W2970824280,W1977560610,1,actual_openalex_reference,test,openalex_public_health_200
W2970824280,W1992453374,1,actual_openalex_reference,test,openalex_public_health_200
W2970824280,W2060531713,1,actual_openalex_reference,test,openalex_public_health_200
W2970824280,W2061680825,1,actual_openalex_reference,test,openalex_public_health_200
W2970824280,W2073038123,1,actual_openalex_reference,test,openalex_public_health_200
W2970824280,W2102940302,1,actual_openalex_reference,test,openalex_public_health_200
W2970824280,W2115225189,1,actual_openalex_reference,test,openalex_public_health_200
W2970824280,W2133685504,1,actual_openalex_reference,test,openalex_public_health_200
W2970824280,W2138390185,1,actual_openalex_reference,test,openalex_public_health_200
W2970824280,W2143552714,1,actual_openalex_reference,test,openalex_public_health_200
W2970824280,W2200011422,1,actual_openalex_reference,test,openalex_public_health_200
W2970824280,W2221848753,1,actual_openalex_reference,test,openalex_public_health_200
W2970824280,W2315650975,1,actual_openalex_reference,test,openalex_public_health_200
W2970824280,W2337606069,1,actual_openalex_reference,test,openalex_public_health_200
W2970824280,W2410248240,1,actual_openalex_reference,test,openalex_public_health_200
W2970824280,W2519670684,1,actual_openalex_reference,test,openalex_public_health_200
W2970824280,W2573624079,1,actual_openalex_reference,test,openalex_public_health_200
W2970824280,W2612341106,1,actual_openalex_reference,test,openalex_public_health_200
W2970824280,W2614695515,1,actual_openalex_reference,test,openalex_public_health_200
W2970824280,W2772777925,1,actual_openalex_reference,test,openalex_public_health_200
W2970824280,W2803359307,1,actual_openalex_reference,test,openalex_public_health_200
W2970824280,W2892303699,1,actual_openalex_reference,test,openalex_public_health_200
W3115535070,W1970553845,1,actual_openalex_reference,test,openalex_public_health_200
W3115535070,W1993708032,1,actual_openalex_reference,test,openalex_public_health_200
W3115535070,W2024761771,1,actual_openalex_reference,test,openalex_public_health_200
W3115535070,W2112123828,1,actual_openalex_reference,test,openalex_public_health_200
W3115535070,W2121097528,1,actual_openalex_reference,test,openalex_public_health_200
W3115535070,W2164100789,1,actual_openalex_reference,test,openalex_public_health_200
W3115535070,W2220823483,1,actual_openalex_reference,test,openalex_public_health_200
W3115535070,W2310134829,1,actual_openalex_reference,test,openalex_public_health_200
W3115535070,W2763914637,1,actual_openalex_reference,test,openalex_public_health_200
W3115535070,W2767181049,1,actual_openalex_reference,test,openalex_public_health_200
W3115535070,W2771220711,1,actual_openalex_reference,test,openalex_public_health_200
W3115535070,W2791654058,1,actual_openalex_reference,test,openalex_public_health_200
W3115535070,W2795357818,1,actual_openalex_reference,test,openalex_public_health_200
W3115535070,W2807806091,1,actual_openalex_reference,test,openalex_public_health_200
W3115535070,W2883468577,1,actual_openalex_reference,test,openalex_public_health_200
W3115535070,W2903559296,1,actual_openalex_reference,test,openalex_public_health_200
W3115535070,W2939725481,1,actual_openalex_reference,test,openalex_public_health_200
W3115535070,W2944974304,1,actual_openalex_reference,test,openalex_public_health_200
W3115535070,W2954947036,1,actual_openalex_reference,test,openalex_public_health_200
W3115535070,W2993621147,1,actual_openalex_reference,test,openalex_public_health_200
W3115535070,W3042381812,1,actual_openalex_reference,test,openalex_public_health_200
W3088701405,W305057862,1,actual_openalex_reference,test,openalex_public_health_200
W3088701405,W1551416449,1,actual_openalex_reference,test,openalex_public_health_200
W3088701405,W1946619523,1,actual_openalex_reference,test,openalex_public_health_200
W3088701405,W2082045336,1,actual_openalex_reference,test,openalex_public_health_200
W3088701405,W2099811597,1,actual_openalex_reference,test,openalex_public_health_200
W3088701405,W2114798065,1,actual_openalex_reference,test,openalex_public_health_200
W3088701405,W2120788106,1,actual_openalex_reference,test,openalex_public_health_200
W3088701405,W2122038369,1,actual_openalex_reference,test,openalex_public_health_200
W3088701405,W2130682378,1,actual_openalex_reference,test,openalex_public_health_200
W3088701405,W2141743921,1,actual_openalex_reference,test,openalex_public_health_200
W3088701405,W2152489130,1,actual_openalex_reference,test,openalex_public_health_200
W3088701405,W2155226770,1,actual_openalex_reference,test,openalex_public_health_200
W3088701405,W2156635774,1,actual_openalex_reference,test,openalex_public_health_200
W3088701405,W2171440972,1,actual_openalex_reference,test,openalex_public_health_200
W3088701405,W2188633567,1,actual_openalex_reference,test,openalex_public_health_200
W3088701405,W2345330259,1,actual_openalex_reference,test,openalex_public_health_200
W3088701405,W2464940968,1,actual_openalex_reference,test,openalex_public_health_200
W3088701405,W2491424232,1,actual_openalex_reference,test,openalex_public_health_200
W3088701405,W2604131003,1,actual_openalex_reference,test,openalex_public_health_200
W3088701405,W2773696698,1,actual_openalex_reference,test,openalex_public_health_200
W3088701405,W2810590604,1,actual_openalex_reference,test,openalex_public_health_200
W3088701405,W2951720242,1,actual_openalex_reference,test,openalex_public_health_200
W3088701405,W2953360539,1,actual_openalex_reference,test,openalex_public_health_200
W3088701405,W2981789153,1,actual_openalex_reference,test,openalex_public_health_200
W3088701405,W2988428744,1,actual_openalex_reference,test,openalex_public_health_200
W3088701405,W3016507283,1,actual_openalex_reference,test,openalex_public_health_200
W3088701405,W4320801925,1,actual_openalex_reference,test,openalex_public_health_200
W2967109798,W111924924,1,actual_openalex_reference,test,openalex_public_health_200
W2967109798,W1693225422,1,actual_openalex_reference,test,openalex_public_health_200
W2967109798,W1890443126,1,actual_openalex_reference,test,openalex_public_health_200
W2967109798,W1910813762,1,actual_openalex_reference,test,openalex_public_health_200
W2967109798,W1965175092,1,actual_openalex_reference,test,openalex_public_health_200
W2967109798,W1975194986,1,actual_openalex_reference,test,openalex_public_health_200
W2967109798,W1995752685,1,actual_openalex_reference,test,openalex_public_health_200
W2967109798,W2001643095,1,actual_openalex_reference,test,openalex_public_health_200
W2967109798,W2004548026,1,actual_openalex_reference,test,openalex_public_health_200
W2967109798,W2011862459,1,actual_openalex_reference,test,openalex_public_health_200
W2967109798,W2012196585,1,actual_openalex_reference,test,openalex_public_health_200
W2967109798,W2012365327,1,actual_openalex_reference,test,openalex_public_health_200
W2967109798,W2013334861,1,actual_openalex_reference,test,openalex_public_health_200
W2967109798,W2024030592,1,actual_openalex_reference,test,openalex_public_health_200
W2967109798,W2025001119,1,actual_openalex_reference,test,openalex_public_health_200
W2967109798,W2059769936,1,actual_openalex_reference,test,openalex_public_health_200
W2967109798,W2064815984,1,actual_openalex_reference,test,openalex_public_health_200
W2967109798,W2073228865,1,actual_openalex_reference,test,openalex_public_health_200
W2967109798,W2077869269,1,actual_openalex_reference,test,openalex_public_health_200
W2967109798,W2084177740,1,actual_openalex_reference,test,openalex_public_health_200
W2967109798,W2089638136,1,actual_openalex_reference,test,openalex_public_health_200
W2967109798,W2104305294,1,actual_openalex_reference,test,openalex_public_health_200
W2967109798,W2104549970,1,actual_openalex_reference,test,openalex_public_health_200
W2967109798,W2105178646,1,actual_openalex_reference,test,openalex_public_health_200
W2967109798,W2108598630,1,actual_openalex_reference,test,openalex_public_health_200
W2967109798,W2109577885,1,actual_openalex_reference,test,openalex_public_health_200
W2967109798,W2110351640,1,actual_openalex_reference,test,openalex_public_health_200
W2967109798,W2115420193,1,actual_openalex_reference,test,openalex_public_health_200
W2967109798,W2117422749,1,actual_openalex_reference,test,openalex_public_health_200
W2967109798,W2119483434,1,actual_openalex_reference,test,openalex_public_health_200
W2967109798,W2128823898,1,actual_openalex_reference,test,openalex_public_health_200
W2967109798,W2129184019,1,actual_openalex_reference,test,openalex_public_health_200
W2967109798,W2129591132,1,actual_openalex_reference,test,openalex_public_health_200
W2967109798,W2130850760,1,actual_openalex_reference,test,openalex_public_health_200
W2967109798,W2131754135,1,actual_openalex_reference,test,openalex_public_health_200
W2967109798,W2135734084,1,actual_openalex_reference,test,openalex_public_health_200
W2967109798,W2139892051,1,actual_openalex_reference,test,openalex_public_health_200
W2967109798,W2144017255,1,actual_openalex_reference,test,openalex_public_health_200
W2967109798,W2145736155,1,actual_openalex_reference,test,openalex_public_health_200
W2967109798,W2153355254,1,actual_openalex_reference,test,openalex_public_health_200
W2967109798,W2153483571,1,actual_openalex_reference,test,openalex_public_health_200
W2967109798,W2153869328,1,actual_openalex_reference,test,openalex_public_health_200
W2967109798,W2164248975,1,actual_openalex_reference,test,openalex_public_health_200
W2967109798,W2167993491,1,actual_openalex_reference,test,openalex_public_health_200
W2967109798,W2168503035,1,actual_openalex_reference,test,openalex_public_health_200
W2967109798,W2169171816,1,actual_openalex_reference,test,openalex_public_health_200
W2967109798,W2169244146,1,actual_openalex_reference,test,openalex_public_health_200
W2967109798,W2171152411,1,actual_openalex_reference,test,openalex_public_health_200
W2967109798,W2203223285,1,actual_openalex_reference,test,openalex_public_health_200
W2967109798,W2260201183,1,actual_openalex_reference,test,openalex_public_health_200
W2967109798,W2327239345,1,actual_openalex_reference,test,openalex_public_health_200
W2967109798,W2337475205,1,actual_openalex_reference,test,openalex_public_health_200
W2967109798,W2422122748,1,actual_openalex_reference,test,openalex_public_health_200
W2967109798,W2422529335,1,actual_openalex_reference,test,openalex_public_health_200
W2967109798,W2591084106,1,actual_openalex_reference,test,openalex_public_health_200
W2967109798,W2772316791,1,actual_openalex_reference,test,openalex_public_health_200
W2967109798,W2772387493,1,actual_openalex_reference,test,openalex_public_health_200
W2967109798,W2885162707,1,actual_openalex_reference,test,openalex_public_health_200
W3137136159,W13034104,1,actual_openalex_reference,test,openalex_public_health_200
W3137136159,W187055434,1,actual_openalex_reference,test,openalex_public_health_200
W3137136159,W1533618852,1,actual_openalex_reference,test,openalex_public_health_200
W3137136159,W1554663460,1,actual_openalex_reference,test,openalex_public_health_200
W3137136159,W1927417898,1,actual_openalex_reference,test,openalex_public_health_200
W3137136159,W1945441522,1,actual_openalex_reference,test,openalex_public_health_200
W3137136159,W1969997001,1,actual_openalex_reference,test,openalex_public_health_200
W3137136159,W1973684169,1,actual_openalex_reference,test,openalex_public_health_200
W3137136159,W1991131376,1,actual_openalex_reference,test,openalex_public_health_200
W3137136159,W2051519772,1,actual_openalex_reference,test,openalex_public_health_200
W3137136159,W2069316943,1,actual_openalex_reference,test,openalex_public_health_200
W3137136159,W2071154717,1,actual_openalex_reference,test,openalex_public_health_200
W3137136159,W2077090733,1,actual_openalex_reference,test,openalex_public_health_200
W3137136159,W2078376347,1,actual_openalex_reference,test,openalex_public_health_200
W3137136159,W2087347434,1,actual_openalex_reference,test,openalex_public_health_200
W3137136159,W2110270352,1,actual_openalex_reference,test,openalex_public_health_200
W3137136159,W2124906668,1,actual_openalex_reference,test,openalex_public_health_200
W3137136159,W2127262969,1,actual_openalex_reference,test,openalex_public_health_200
W3137136159,W2146502635,1,actual_openalex_reference,test,openalex_public_health_200
W3137136159,W2164407672,1,actual_openalex_reference,test,openalex_public_health_200
W3137136159,W2217303271,1,actual_openalex_reference,test,openalex_public_health_200
W3137136159,W2244501064,1,actual_openalex_reference,test,openalex_public_health_200
W3137136159,W2402318176,1,actual_openalex_reference,test,openalex_public_health_200
W3137136159,W2409700347,1,actual_openalex_reference,test,openalex_public_health_200
W3137136159,W2415884407,1,actual_openalex_reference,test,openalex_public_health_200
W3137136159,W2472069995,1,actual_openalex_reference,test,openalex_public_health_200
W3137136159,W2473155704,1,actual_openalex_reference,test,openalex_public_health_200
W3137136159,W2596338372,1,actual_openalex_reference,test,openalex_public_health_200
W3137136159,W2756983969,1,actual_openalex_reference,test,openalex_public_health_200
W3137136159,W2765449478,1,actual_openalex_reference,test,openalex_public_health_200
W3137136159,W2883572200,1,actual_openalex_reference,test,openalex_public_health_200
W3137136159,W2884299195,1,actual_openalex_reference,test,openalex_public_health_200
W3137136159,W2898390306,1,actual_openalex_reference,test,openalex_public_health_200
W3137136159,W2901312569,1,actual_openalex_reference,test,openalex_public_health_200
W3137136159,W2912501419,1,actual_openalex_reference,test,openalex_public_health_200
W3137136159,W4388297464,1,actual_openalex_reference,test,openalex_public_health_200
W3107481194,W1494628843,1,actual_openalex_reference,test,openalex_public_health_200
W3107481194,W1983173496,1,actual_openalex_reference,test,openalex_public_health_200
W3107481194,W1997297480,1,actual_openalex_reference,test,openalex_public_health_200
W3107481194,W2027665073,1,actual_openalex_reference,test,openalex_public_health_200
W3107481194,W2062065585,1,actual_openalex_reference,test,openalex_public_health_200
W3107481194,W2145137020,1,actual_openalex_reference,test,openalex_public_health_200
W3107481194,W2417974185,1,actual_openalex_reference,test,openalex_public_health_200
W3107481194,W2942232661,1,actual_openalex_reference,test,openalex_public_health_200
W3107481194,W2993000307,1,actual_openalex_reference,test,openalex_public_health_200
W3107481194,W3020922991,1,actual_openalex_reference,test,openalex_public_health_200
W3108846562,W2545140478,1,actual_openalex_reference,test,openalex_public_health_200
W3108846562,W2942885910,1,actual_openalex_reference,test,openalex_public_health_200
W3108846562,W2994603864,1,actual_openalex_reference,test,openalex_public_health_200
W3108846562,W3015424098,1,actual_openalex_reference,test,openalex_public_health_200
W3108846562,W3034062233,1,actual_openalex_reference,test,openalex_public_health_200
W3108846562,W3042089010,1,actual_openalex_reference,test,openalex_public_health_200
W3108846562,W3068859699,1,actual_openalex_reference,test,openalex_public_health_200
W3108846562,W3090782106,1,actual_openalex_reference,test,openalex_public_health_200
W3195151522,W1603640418,1,actual_openalex_reference,test,openalex_public_health_200
W3195151522,W1984742686,1,actual_openalex_reference,test,openalex_public_health_200
W3195151522,W1999574084,1,actual_openalex_reference,test,openalex_public_health_200
W3195151522,W2001205030,1,actual_openalex_reference,test,openalex_public_health_200
W3195151522,W2039689649,1,actual_openalex_reference,test,openalex_public_health_200
W3195151522,W2068912461,1,actual_openalex_reference,test,openalex_public_health_200
W3195151522,W2069236210,1,actual_openalex_reference,test,openalex_public_health_200
W3195151522,W2083525619,1,actual_openalex_reference,test,openalex_public_health_200
W3195151522,W2104548316,1,actual_openalex_reference,test,openalex_public_health_200
W3195151522,W2110801263,1,actual_openalex_reference,test,openalex_public_health_200
W3195151522,W2130410032,1,actual_openalex_reference,test,openalex_public_health_200
W3195151522,W2132260239,1,actual_openalex_reference,test,openalex_public_health_200
W3195151522,W2133422078,1,actual_openalex_reference,test,openalex_public_health_200
W3195151522,W2156639337,1,actual_openalex_reference,test,openalex_public_health_200
W3195151522,W2164013535,1,actual_openalex_reference,test,openalex_public_health_200
W3195151522,W2166867592,1,actual_openalex_reference,test,openalex_public_health_200
W3195151522,W2169456326,1,actual_openalex_reference,test,openalex_public_health_200
W3195151522,W2179438025,1,actual_openalex_reference,test,openalex_public_health_200
W3195151522,W2256756668,1,actual_openalex_reference,test,openalex_public_health_200
W3195151522,W2403716171,1,actual_openalex_reference,test,openalex_public_health_200
W3195151522,W2417675333,1,actual_openalex_reference,test,openalex_public_health_200
W3195151522,W2460397732,1,actual_openalex_reference,test,openalex_public_health_200
W3195151522,W2600432485,1,actual_openalex_reference,test,openalex_public_health_200
W3195151522,W2763782529,1,actual_openalex_reference,test,openalex_public_health_200
W3195151522,W2903899730,1,actual_openalex_reference,test,openalex_public_health_200
W3195151522,W2950221693,1,actual_openalex_reference,test,openalex_public_health_200
W3195151522,W2953275535,1,actual_openalex_reference,test,openalex_public_health_200
W3195151522,W2984691945,1,actual_openalex_reference,test,openalex_public_health_200
W3195151522,W2997280954,1,actual_openalex_reference,test,openalex_public_health_200
W3195151522,W3001897055,1,actual_openalex_reference,test,openalex_public_health_200
W3195151522,W3004280078,1,actual_openalex_reference,test,openalex_public_health_200
W3195151522,W3008827533,1,actual_openalex_reference,test,openalex_public_health_200
W3195151522,W3011508296,1,actual_openalex_reference,test,openalex_public_health_200
W3195151522,W3011797708,1,actual_openalex_reference,test,openalex_public_health_200
W3195151522,W3012379316,1,actual_openalex_reference,test,openalex_public_health_200
W3195151522,W3013312197,1,actual_openalex_reference,test,openalex_public_health_200
W3195151522,W3016845862,1,actual_openalex_reference,test,openalex_public_health_200
W3195151522,W3020909574,1,actual_openalex_reference,test,openalex_public_health_200
W3195151522,W3024562929,1,actual_openalex_reference,test,openalex_public_health_200
W3195151522,W3038261609,1,actual_openalex_reference,test,openalex_public_health_200
W3195151522,W3041960835,1,actual_openalex_reference,test,openalex_public_health_200
W3195151522,W3045552416,1,actual_openalex_reference,test,openalex_public_health_200
W3195151522,W3045802278,1,actual_openalex_reference,test,openalex_public_health_200
W3195151522,W3046988613,1,actual_openalex_reference,test,openalex_public_health_200
W3195151522,W3082709602,1,actual_openalex_reference,test,openalex_public_health_200
W3195151522,W3087862874,1,actual_openalex_reference,test,openalex_public_health_200
W3195151522,W3088256443,1,actual_openalex_reference,test,openalex_public_health_200
W3195151522,W3096735186,1,actual_openalex_reference,test,openalex_public_health_200
W3195151522,W3099879096,1,actual_openalex_reference,test,openalex_public_health_200
W3195151522,W3158303369,1,actual_openalex_reference,test,openalex_public_health_200
W3195151522,W4240790008,1,actual_openalex_reference,test,openalex_public_health_200
W3121048865,W1555335348,1,actual_openalex_reference,test,openalex_public_health_200
W3121048865,W1886459410,1,actual_openalex_reference,test,openalex_public_health_200
W3121048865,W1980039051,1,actual_openalex_reference,test,openalex_public_health_200
W3121048865,W2008689489,1,actual_openalex_reference,test,openalex_public_health_200
W3121048865,W2051499964,1,actual_openalex_reference,test,openalex_public_health_200
W3121048865,W2071761931,1,actual_openalex_reference,test,openalex_public_health_200
W3121048865,W2086671764,1,actual_openalex_reference,test,openalex_public_health_200
W3121048865,W2090242634,1,actual_openalex_reference,test,openalex_public_health_200
W3121048865,W2100449587,1,actual_openalex_reference,test,openalex_public_health_200
W3121048865,W2103745921,1,actual_openalex_reference,test,openalex_public_health_200
W3121048865,W2106451026,1,actual_openalex_reference,test,openalex_public_health_200
W3121048865,W2139001711,1,actual_openalex_reference,test,openalex_public_health_200
W3121048865,W2164973508,1,actual_openalex_reference,test,openalex_public_health_200
W3121048865,W2165171258,1,actual_openalex_reference,test,openalex_public_health_200
W3121048865,W2167939649,1,actual_openalex_reference,test,openalex_public_health_200
W3121048865,W2283645502,1,actual_openalex_reference,test,openalex_public_health_200
W3121048865,W2615959687,1,actual_openalex_reference,test,openalex_public_health_200
W3121048865,W2728785574,1,actual_openalex_reference,test,openalex_public_health_200
W3121048865,W2765197353,1,actual_openalex_reference,test,openalex_public_health_200
W3121048865,W2893960660,1,actual_openalex_reference,test,openalex_public_health_200
W3121048865,W2948188541,1,actual_openalex_reference,test,openalex_public_health_200
W3121048865,W2981861109,1,actual_openalex_reference,test,openalex_public_health_200
W3164105977,W207370343,1,actual_openalex_reference,test,openalex_public_health_200
W3164105977,W1973475258,1,actual_openalex_reference,test,openalex_public_health_200
W3164105977,W1978627329,1,actual_openalex_reference,test,openalex_public_health_200
W3164105977,W1989699975,1,actual_openalex_reference,test,openalex_public_health_200
W3164105977,W2011697599,1,actual_openalex_reference,test,openalex_public_health_200
W3164105977,W2045533747,1,actual_openalex_reference,test,openalex_public_health_200
W3164105977,W2045561656,1,actual_openalex_reference,test,openalex_public_health_200
W3164105977,W2045978101,1,actual_openalex_reference,test,openalex_public_health_200
W3164105977,W2054186928,1,actual_openalex_reference,test,openalex_public_health_200
W3164105977,W2055370551,1,actual_openalex_reference,test,openalex_public_health_200
W3164105977,W2080310980,1,actual_openalex_reference,test,openalex_public_health_200
W3164105977,W2082304601,1,actual_openalex_reference,test,openalex_public_health_200
W3164105977,W2083655341,1,actual_openalex_reference,test,openalex_public_health_200
W3164105977,W2084003187,1,actual_openalex_reference,test,openalex_public_health_200
W3164105977,W2086358431,1,actual_openalex_reference,test,openalex_public_health_200
W3164105977,W2091630088,1,actual_openalex_reference,test,openalex_public_health_200
W3164105977,W2109325327,1,actual_openalex_reference,test,openalex_public_health_200
W3164105977,W2138109837,1,actual_openalex_reference,test,openalex_public_health_200
W3164105977,W2147254926,1,actual_openalex_reference,test,openalex_public_health_200
W3164105977,W2150621857,1,actual_openalex_reference,test,openalex_public_health_200
W3164105977,W2289895447,1,actual_openalex_reference,test,openalex_public_health_200
W3164105977,W2291020993,1,actual_openalex_reference,test,openalex_public_health_200
W3164105977,W2309691632,1,actual_openalex_reference,test,openalex_public_health_200
W3164105977,W2394834963,1,actual_openalex_reference,test,openalex_public_health_200
W4252273931,W1481649183,1,actual_openalex_reference,test,openalex_public_health_200
W4252273931,W1553795439,1,actual_openalex_reference,test,openalex_public_health_200
W4252273931,W1570864123,1,actual_openalex_reference,test,openalex_public_health_200
W4252273931,W1575150324,1,actual_openalex_reference,test,openalex_public_health_200
W4252273931,W1604684519,1,actual_openalex_reference,test,openalex_public_health_200
W4252273931,W1977588871,1,actual_openalex_reference,test,openalex_public_health_200
W4252273931,W2522368004,1,actual_openalex_reference,test,openalex_public_health_200
W4252273931,W2550498443,1,actual_openalex_reference,test,openalex_public_health_200
W4252273931,W2789338373,1,actual_openalex_reference,test,openalex_public_health_200
W4252273931,W2799835839,1,actual_openalex_reference,test,openalex_public_health_200
W4252273931,W2891466127,1,actual_openalex_reference,test,openalex_public_health_200
W4252273931,W2923829237,1,actual_openalex_reference,test,openalex_public_health_200
W4252273931,W4237817360,1,actual_openalex_reference,test,openalex_public_health_200
W4252273931,W4254171815,1,actual_openalex_reference,test,openalex_public_health_200
W2996383047,W1532733209,1,actual_openalex_reference,test,openalex_public_health_200
W2996383047,W1749998966,1,actual_openalex_reference,test,openalex_public_health_200
W2996383047,W1757557138,1,actual_openalex_reference,test,openalex_public_health_200
W2996383047,W1854736465,1,actual_openalex_reference,test,openalex_public_health_200
W2996383047,W1960974681,1,actual_openalex_reference,test,openalex_public_health_200
W2996383047,W2016623562,1,actual_openalex_reference,test,openalex_public_health_200
W2996383047,W2050215441,1,actual_openalex_reference,test,openalex_public_health_200
W2996383047,W2058454385,1,actual_openalex_reference,test,openalex_public_health_200
W2996383047,W2058949112,1,actual_openalex_reference,test,openalex_public_health_200
W2996383047,W2082841499,1,actual_openalex_reference,test,openalex_public_health_200
W2996383047,W2099185954,1,actual_openalex_reference,test,openalex_public_health_200
W2996383047,W2101986593,1,actual_openalex_reference,test,openalex_public_health_200
W2996383047,W2103650142,1,actual_openalex_reference,test,openalex_public_health_200
W2996383047,W2107963892,1,actual_openalex_reference,test,openalex_public_health_200
W2996383047,W2110065044,1,actual_openalex_reference,test,openalex_public_health_200
W2996383047,W2112354069,1,actual_openalex_reference,test,openalex_public_health_200
W2996383047,W2129197708,1,actual_openalex_reference,test,openalex_public_health_200
W2996383047,W2147925086,1,actual_openalex_reference,test,openalex_public_health_200
W2996383047,W2149200261,1,actual_openalex_reference,test,openalex_public_health_200
W2996383047,W2150466340,1,actual_openalex_reference,test,openalex_public_health_200
W2996383047,W2152269861,1,actual_openalex_reference,test,openalex_public_health_200
W2996383047,W2166574937,1,actual_openalex_reference,test,openalex_public_health_200
W2996383047,W2171389474,1,actual_openalex_reference,test,openalex_public_health_200
W2996383047,W2301365876,1,actual_openalex_reference,test,openalex_public_health_200
W2996383047,W2325466288,1,actual_openalex_reference,test,openalex_public_health_200
W2996383047,W2331937044,1,actual_openalex_reference,test,openalex_public_health_200
W2996383047,W2462129657,1,actual_openalex_reference,test,openalex_public_health_200
W2996383047,W2486094847,1,actual_openalex_reference,test,openalex_public_health_200
W2996383047,W2587179992,1,actual_openalex_reference,test,openalex_public_health_200
W2996383047,W2689644554,1,actual_openalex_reference,test,openalex_public_health_200
W2996383047,W2765915913,1,actual_openalex_reference,test,openalex_public_health_200
W2996383047,W2766276615,1,actual_openalex_reference,test,openalex_public_health_200
W2996383047,W2775007109,1,actual_openalex_reference,test,openalex_public_health_200
W2996383047,W2790635010,1,actual_openalex_reference,test,openalex_public_health_200
W2996383047,W2794105678,1,actual_openalex_reference,test,openalex_public_health_200
W2996383047,W2803664483,1,actual_openalex_reference,test,openalex_public_health_200
W2996383047,W2898791608,1,actual_openalex_reference,test,openalex_public_health_200
W2996383047,W2929259921,1,actual_openalex_reference,test,openalex_public_health_200
W2996383047,W3208633066,1,actual_openalex_reference,test,openalex_public_health_200
W2991586159,W167138412,1,actual_openalex_reference,test,openalex_public_health_200
W2991586159,W1550275457,1,actual_openalex_reference,test,openalex_public_health_200
W2991586159,W1681426172,1,actual_openalex_reference,test,openalex_public_health_200
W2991586159,W1760226955,1,actual_openalex_reference,test,openalex_public_health_200
W2991586159,W1903272631,1,actual_openalex_reference,test,openalex_public_health_200
W2991586159,W2018201144,1,actual_openalex_reference,test,openalex_public_health_200
W2991586159,W2032541700,1,actual_openalex_reference,test,openalex_public_health_200
W2991586159,W2061125915,1,actual_openalex_reference,test,openalex_public_health_200
W2991586159,W2069340802,1,actual_openalex_reference,test,openalex_public_health_200
W2991586159,W2069590125,1,actual_openalex_reference,test,openalex_public_health_200
W2991586159,W2072819350,1,actual_openalex_reference,test,openalex_public_health_200
W2991586159,W2081215353,1,actual_openalex_reference,test,openalex_public_health_200
W2991586159,W2105501846,1,actual_openalex_reference,test,openalex_public_health_200
W2991586159,W2111892415,1,actual_openalex_reference,test,openalex_public_health_200
W2991586159,W2112042732,1,actual_openalex_reference,test,openalex_public_health_200
W2991586159,W2116325068,1,actual_openalex_reference,test,openalex_public_health_200
W2991586159,W2116820166,1,actual_openalex_reference,test,openalex_public_health_200
W2991586159,W2127811226,1,actual_openalex_reference,test,openalex_public_health_200
W2991586159,W2132237350,1,actual_openalex_reference,test,openalex_public_health_200
W2991586159,W2133375545,1,actual_openalex_reference,test,openalex_public_health_200
W2991586159,W2142774812,1,actual_openalex_reference,test,openalex_public_health_200
W2991586159,W2154872868,1,actual_openalex_reference,test,openalex_public_health_200
W2991586159,W2159971629,1,actual_openalex_reference,test,openalex_public_health_200
W2991586159,W2160137609,1,actual_openalex_reference,test,openalex_public_health_200
W2991586159,W2160978056,1,actual_openalex_reference,test,openalex_public_health_200
W2991586159,W2163287225,1,actual_openalex_reference,test,openalex_public_health_200
W2991586159,W2167585597,1,actual_openalex_reference,test,openalex_public_health_200
W2991586159,W2169434152,1,actual_openalex_reference,test,openalex_public_health_200
W2991586159,W2247171379,1,actual_openalex_reference,test,openalex_public_health_200
W2991586159,W2560473567,1,actual_openalex_reference,test,openalex_public_health_200
W2991586159,W2756249919,1,actual_openalex_reference,test,openalex_public_health_200
W2991586159,W2756925929,1,actual_openalex_reference,test,openalex_public_health_200
W2991586159,W2769024145,1,actual_openalex_reference,test,openalex_public_health_200
W2991586159,W2790232142,1,actual_openalex_reference,test,openalex_public_health_200
W2991586159,W2883818662,1,actual_openalex_reference,test,openalex_public_health_200
W2991586159,W2968902859,1,actual_openalex_reference,test,openalex_public_health_200
W2991586159,W3025238321,1,actual_openalex_reference,test,openalex_public_health_200
W2991586159,W3026468133,1,actual_openalex_reference,test,openalex_public_health_200
W4200115418,W54348722,1,actual_openalex_reference,test,openalex_public_health_200
W4200115418,W1602196365,1,actual_openalex_reference,test,openalex_public_health_200
W4200115418,W1964174440,1,actual_openalex_reference,test,openalex_public_health_200
W4200115418,W1971392026,1,actual_openalex_reference,test,openalex_public_health_200
W4200115418,W1976687696,1,actual_openalex_reference,test,openalex_public_health_200
W4200115418,W1978110678,1,actual_openalex_reference,test,openalex_public_health_200
W4200115418,W1979191716,1,actual_openalex_reference,test,openalex_public_health_200
W4200115418,W1979290264,1,actual_openalex_reference,test,openalex_public_health_200
W4200115418,W2023738889,1,actual_openalex_reference,test,openalex_public_health_200
W4200115418,W2041085983,1,actual_openalex_reference,test,openalex_public_health_200
W4200115418,W2045507107,1,actual_openalex_reference,test,openalex_public_health_200
W4200115418,W2061157445,1,actual_openalex_reference,test,openalex_public_health_200
W4200115418,W2069163452,1,actual_openalex_reference,test,openalex_public_health_200
W4200115418,W2079611351,1,actual_openalex_reference,test,openalex_public_health_200
W4200115418,W2091344071,1,actual_openalex_reference,test,openalex_public_health_200
W4200115418,W2111490990,1,actual_openalex_reference,test,openalex_public_health_200
W4200115418,W2118020692,1,actual_openalex_reference,test,openalex_public_health_200
W4200115418,W2120924077,1,actual_openalex_reference,test,openalex_public_health_200
W4200115418,W2129598873,1,actual_openalex_reference,test,openalex_public_health_200
W4200115418,W2148014502,1,actual_openalex_reference,test,openalex_public_health_200
W4200115418,W2149336656,1,actual_openalex_reference,test,openalex_public_health_200
W4200115418,W2161074502,1,actual_openalex_reference,test,openalex_public_health_200
W4200115418,W2166218540,1,actual_openalex_reference,test,openalex_public_health_200
W4200115418,W2170661255,1,actual_openalex_reference,test,openalex_public_health_200
W4200115418,W2232959405,1,actual_openalex_reference,test,openalex_public_health_200
W4200115418,W2285170246,1,actual_openalex_reference,test,openalex_public_health_200
W4200115418,W2342289779,1,actual_openalex_reference,test,openalex_public_health_200
W4200115418,W2471581953,1,actual_openalex_reference,test,openalex_public_health_200
W4200115418,W2581729511,1,actual_openalex_reference,test,openalex_public_health_200
W4200115418,W2750602941,1,actual_openalex_reference,test,openalex_public_health_200
W4200115418,W2770289357,1,actual_openalex_reference,test,openalex_public_health_200
W4200115418,W2782625861,1,actual_openalex_reference,test,openalex_public_health_200
W4200115418,W2810845328,1,actual_openalex_reference,test,openalex_public_health_200
W4200115418,W2970881110,1,actual_openalex_reference,test,openalex_public_health_200
W4200115418,W3127829149,1,actual_openalex_reference,test,openalex_public_health_200
W3158165973,W65828984,1,actual_openalex_reference,test,openalex_public_health_200
W3158165973,W278308212,1,actual_openalex_reference,test,openalex_public_health_200
W3158165973,W1817614869,1,actual_openalex_reference,test,openalex_public_health_200
W3158165973,W2037900651,1,actual_openalex_reference,test,openalex_public_health_200
W3158165973,W2054347139,1,actual_openalex_reference,test,openalex_public_health_200
W3158165973,W2108476551,1,actual_openalex_reference,test,openalex_public_health_200
W3158165973,W2135487927,1,actual_openalex_reference,test,openalex_public_health_200
W3158165973,W2137315308,1,actual_openalex_reference,test,openalex_public_health_200
W3158165973,W2244674613,1,actual_openalex_reference,test,openalex_public_health_200
W3158165973,W2342725659,1,actual_openalex_reference,test,openalex_public_health_200
W3158165973,W2472994826,1,actual_openalex_reference,test,openalex_public_health_200
W3158165973,W2605491919,1,actual_openalex_reference,test,openalex_public_health_200
W3158165973,W2806147567,1,actual_openalex_reference,test,openalex_public_health_200
W3158165973,W2893049758,1,actual_openalex_reference,test,openalex_public_health_200
W3158165973,W2942029710,1,actual_openalex_reference,test,openalex_public_health_200
W3158165973,W2983844272,1,actual_openalex_reference,test,openalex_public_health_200
W3158165973,W3008187404,1,actual_openalex_reference,test,openalex_public_health_200
W3158165973,W3025840518,1,actual_openalex_reference,test,openalex_public_health_200
W3158165973,W3080485799,1,actual_openalex_reference,test,openalex_public_health_200
W3158165973,W3081892744,1,actual_openalex_reference,test,openalex_public_health_200
W3158165973,W3085381664,1,actual_openalex_reference,test,openalex_public_health_200
W3027995446,W1493755649,1,actual_openalex_reference,test,openalex_public_health_200
W3027995446,W1495705901,1,actual_openalex_reference,test,openalex_public_health_200
W3027995446,W1606105143,1,actual_openalex_reference,test,openalex_public_health_200
W3027995446,W1650519873,1,actual_openalex_reference,test,openalex_public_health_200
W3027995446,W2026014532,1,actual_openalex_reference,test,openalex_public_health_200
W3027995446,W2039970658,1,actual_openalex_reference,test,openalex_public_health_200
W3027995446,W2042680533,1,actual_openalex_reference,test,openalex_public_health_200
W3027995446,W2066218616,1,actual_openalex_reference,test,openalex_public_health_200
W3027995446,W2081588127,1,actual_openalex_reference,test,openalex_public_health_200
W3027995446,W2115202060,1,actual_openalex_reference,test,openalex_public_health_200
W3027995446,W2117967525,1,actual_openalex_reference,test,openalex_public_health_200
W3027995446,W2124162977,1,actual_openalex_reference,test,openalex_public_health_200
W3027995446,W2140187566,1,actual_openalex_reference,test,openalex_public_health_200
W3027995446,W2156288921,1,actual_openalex_reference,test,openalex_public_health_200
W3027995446,W2156385926,1,actual_openalex_reference,test,openalex_public_health_200
W3027995446,W2160459224,1,actual_openalex_reference,test,openalex_public_health_200
W3027995446,W2169025331,1,actual_openalex_reference,test,openalex_public_health_200
W3027995446,W2171962796,1,actual_openalex_reference,test,openalex_public_health_200
W3027995446,W2252874986,1,actual_openalex_reference,test,openalex_public_health_200
W3027995446,W2472138188,1,actual_openalex_reference,test,openalex_public_health_200
W3027995446,W2625405291,1,actual_openalex_reference,test,openalex_public_health_200
W3027995446,W2740162871,1,actual_openalex_reference,test,openalex_public_health_200
W3027995446,W2755424060,1,actual_openalex_reference,test,openalex_public_health_200
W3027995446,W2772446209,1,actual_openalex_reference,test,openalex_public_health_200
W3027995446,W2781481293,1,actual_openalex_reference,test,openalex_public_health_200
W3027995446,W2791523882,1,actual_openalex_reference,test,openalex_public_health_200
W3027995446,W2794300909,1,actual_openalex_reference,test,openalex_public_health_200
W3027995446,W4247321322,1,actual_openalex_reference,test,openalex_public_health_200
W3005053691,W2011478557,1,actual_openalex_reference,test,openalex_public_health_200
W3005053691,W2015886773,1,actual_openalex_reference,test,openalex_public_health_200
W3005053691,W2017392762,1,actual_openalex_reference,test,openalex_public_health_200
W3005053691,W2109962853,1,actual_openalex_reference,test,openalex_public_health_200
W3005053691,W2316887341,1,actual_openalex_reference,test,openalex_public_health_200
W3005053691,W2318423822,1,actual_openalex_reference,test,openalex_public_health_200
W3005053691,W2409722585,1,actual_openalex_reference,test,openalex_public_health_200
W3005053691,W2524370369,1,actual_openalex_reference,test,openalex_public_health_200
W3025692045,W69422728,1,actual_openalex_reference,test,openalex_public_health_200
W3025692045,W88587120,1,actual_openalex_reference,test,openalex_public_health_200
W3025692045,W1071309689,1,actual_openalex_reference,test,openalex_public_health_200
W3025692045,W1970439560,1,actual_openalex_reference,test,openalex_public_health_200
W3025692045,W1974696554,1,actual_openalex_reference,test,openalex_public_health_200
W3025692045,W2002684283,1,actual_openalex_reference,test,openalex_public_health_200
W3025692045,W2015859975,1,actual_openalex_reference,test,openalex_public_health_200
W3025692045,W2062396541,1,actual_openalex_reference,test,openalex_public_health_200
W3025692045,W2072094149,1,actual_openalex_reference,test,openalex_public_health_200
W3025692045,W2098184601,1,actual_openalex_reference,test,openalex_public_health_200
W3025692045,W2118029488,1,actual_openalex_reference,test,openalex_public_health_200
W3025692045,W2128861984,1,actual_openalex_reference,test,openalex_public_health_200
W3025692045,W2135424721,1,actual_openalex_reference,test,openalex_public_health_200
W3025692045,W2144607828,1,actual_openalex_reference,test,openalex_public_health_200
W3025692045,W2171843668,1,actual_openalex_reference,test,openalex_public_health_200
W3025692045,W2228459834,1,actual_openalex_reference,test,openalex_public_health_200
W3025692045,W2464732122,1,actual_openalex_reference,test,openalex_public_health_200
W3025692045,W2557659496,1,actual_openalex_reference,test,openalex_public_health_200
W3025692045,W2562320276,1,actual_openalex_reference,test,openalex_public_health_200
W3025692045,W2611795015,1,actual_openalex_reference,test,openalex_public_health_200
W3025692045,W2766805981,1,actual_openalex_reference,test,openalex_public_health_200
W3025692045,W2801203190,1,actual_openalex_reference,test,openalex_public_health_200
W3025692045,W2802278998,1,actual_openalex_reference,test,openalex_public_health_200
W3025692045,W2903246167,1,actual_openalex_reference,test,openalex_public_health_200
W3210352368,W1017348960,1,actual_openalex_reference,test,openalex_public_health_200
W3210352368,W1538074723,1,actual_openalex_reference,test,openalex_public_health_200
W3210352368,W1570836961,1,actual_openalex_reference,test,openalex_public_health_200
W3210352368,W1579199588,1,actual_openalex_reference,test,openalex_public_health_200
W3210352368,W1964571618,1,actual_openalex_reference,test,openalex_public_health_200
W3210352368,W1995667567,1,actual_openalex_reference,test,openalex_public_health_200
W3210352368,W2019105474,1,actual_openalex_reference,test,openalex_public_health_200
W3210352368,W2047435891,1,actual_openalex_reference,test,openalex_public_health_200
W3210352368,W2056795947,1,actual_openalex_reference,test,openalex_public_health_200
W3210352368,W2082329327,1,actual_openalex_reference,test,openalex_public_health_200
W3210352368,W2125808943,1,actual_openalex_reference,test,openalex_public_health_200
W3210352368,W2133545486,1,actual_openalex_reference,test,openalex_public_health_200
W3210352368,W2144171867,1,actual_openalex_reference,test,openalex_public_health_200
W3210352368,W2255153102,1,actual_openalex_reference,test,openalex_public_health_200
W3210352368,W2266884634,1,actual_openalex_reference,test,openalex_public_health_200
W3210352368,W2296643994,1,actual_openalex_reference,test,openalex_public_health_200
W3210352368,W2474204065,1,actual_openalex_reference,test,openalex_public_health_200
W3210352368,W2511118048,1,actual_openalex_reference,test,openalex_public_health_200
W3210352368,W2551233461,1,actual_openalex_reference,test,openalex_public_health_200
W3210352368,W2560238333,1,actual_openalex_reference,test,openalex_public_health_200
W3210352368,W2600903010,1,actual_openalex_reference,test,openalex_public_health_200
W3210352368,W2620295310,1,actual_openalex_reference,test,openalex_public_health_200
W3210352368,W2735492962,1,actual_openalex_reference,test,openalex_public_health_200
W3210352368,W2942104049,1,actual_openalex_reference,test,openalex_public_health_200
W3210352368,W2950156131,1,actual_openalex_reference,test,openalex_public_health_200
W3210352368,W2990817150,1,actual_openalex_reference,test,openalex_public_health_200
W3210352368,W3082172843,1,actual_openalex_reference,test,openalex_public_health_200
W3210352368,W3093313806,1,actual_openalex_reference,test,openalex_public_health_200
W3036161738,W1455103969,1,actual_openalex_reference,test,openalex_public_health_200
W3036161738,W1584103078,1,actual_openalex_reference,test,openalex_public_health_200
W3036161738,W1964842164,1,actual_openalex_reference,test,openalex_public_health_200
W3036161738,W1966418594,1,actual_openalex_reference,test,openalex_public_health_200
W3036161738,W1974202249,1,actual_openalex_reference,test,openalex_public_health_200
W3036161738,W1977977041,1,actual_openalex_reference,test,openalex_public_health_200
W3036161738,W2000888132,1,actual_openalex_reference,test,openalex_public_health_200
W3036161738,W2001859801,1,actual_openalex_reference,test,openalex_public_health_200
W3036161738,W2005039531,1,actual_openalex_reference,test,openalex_public_health_200
W3036161738,W2025482641,1,actual_openalex_reference,test,openalex_public_health_200
W3036161738,W2030452981,1,actual_openalex_reference,test,openalex_public_health_200
W3036161738,W2051848824,1,actual_openalex_reference,test,openalex_public_health_200
W3036161738,W2072353781,1,actual_openalex_reference,test,openalex_public_health_200
W3036161738,W2076748073,1,actual_openalex_reference,test,openalex_public_health_200
W3036161738,W2076758805,1,actual_openalex_reference,test,openalex_public_health_200
W3036161738,W2093233575,1,actual_openalex_reference,test,openalex_public_health_200
W3036161738,W2110994097,1,actual_openalex_reference,test,openalex_public_health_200
W3036161738,W2120820700,1,actual_openalex_reference,test,openalex_public_health_200
W3036161738,W2124891580,1,actual_openalex_reference,test,openalex_public_health_200
W3036161738,W2125269912,1,actual_openalex_reference,test,openalex_public_health_200
W3036161738,W2127649569,1,actual_openalex_reference,test,openalex_public_health_200
W3036161738,W2134152600,1,actual_openalex_reference,test,openalex_public_health_200
W3036161738,W2154563310,1,actual_openalex_reference,test,openalex_public_health_200
W3036161738,W2156993753,1,actual_openalex_reference,test,openalex_public_health_200
W3036161738,W2162268796,1,actual_openalex_reference,test,openalex_public_health_200
W3036161738,W2168633609,1,actual_openalex_reference,test,openalex_public_health_200
W3036161738,W2178558026,1,actual_openalex_reference,test,openalex_public_health_200
W3036161738,W2178782520,1,actual_openalex_reference,test,openalex_public_health_200
W3036161738,W2201730536,1,actual_openalex_reference,test,openalex_public_health_200
W3036161738,W2340920808,1,actual_openalex_reference,test,openalex_public_health_200
W3036161738,W2344609239,1,actual_openalex_reference,test,openalex_public_health_200
W3036161738,W2416090446,1,actual_openalex_reference,test,openalex_public_health_200
W3036161738,W2443522207,1,actual_openalex_reference,test,openalex_public_health_200
W3036161738,W2467062165,1,actual_openalex_reference,test,openalex_public_health_200
W3036161738,W2497615355,1,actual_openalex_reference,test,openalex_public_health_200
W3036161738,W2743899933,1,actual_openalex_reference,test,openalex_public_health_200
W3036161738,W2761623956,1,actual_openalex_reference,test,openalex_public_health_200
W3036161738,W2778592342,1,actual_openalex_reference,test,openalex_public_health_200
W3036161738,W2787506823,1,actual_openalex_reference,test,openalex_public_health_200
W3036161738,W2806233769,1,actual_openalex_reference,test,openalex_public_health_200
W3036161738,W2886137798,1,actual_openalex_reference,test,openalex_public_health_200
W3036161738,W2887822862,1,actual_openalex_reference,test,openalex_public_health_200
W3036161738,W2888728326,1,actual_openalex_reference,test,openalex_public_health_200
W3036161738,W2893990305,1,actual_openalex_reference,test,openalex_public_health_200
W3036161738,W2895148522,1,actual_openalex_reference,test,openalex_public_health_200
W3036161738,W2901863386,1,actual_openalex_reference,test,openalex_public_health_200
W3036161738,W2913925468,1,actual_openalex_reference,test,openalex_public_health_200
W3036161738,W2956101614,1,actual_openalex_reference,test,openalex_public_health_200
W3036161738,W4235022538,1,actual_openalex_reference,test,openalex_public_health_200
W3159711941,W1524860085,1,actual_openalex_reference,test,openalex_public_health_200
W3159711941,W1964333290,1,actual_openalex_reference,test,openalex_public_health_200
W3159711941,W1976292331,1,actual_openalex_reference,test,openalex_public_health_200
W3159711941,W2008854521,1,actual_openalex_reference,test,openalex_public_health_200
W3159711941,W2013159382,1,actual_openalex_reference,test,openalex_public_health_200
W3159711941,W2125153556,1,actual_openalex_reference,test,openalex_public_health_200
W3159711941,W2158764002,1,actual_openalex_reference,test,openalex_public_health_200
W3159711941,W2160513595,1,actual_openalex_reference,test,openalex_public_health_200
W3159711941,W2170946983,1,actual_openalex_reference,test,openalex_public_health_200
W3159711941,W2755728137,1,actual_openalex_reference,test,openalex_public_health_200
W3159711941,W2765969603,1,actual_openalex_reference,test,openalex_public_health_200
W3159711941,W2791654626,1,actual_openalex_reference,test,openalex_public_health_200
W3159711941,W2810634164,1,actual_openalex_reference,test,openalex_public_health_200
W3159711941,W2920120169,1,actual_openalex_reference,test,openalex_public_health_200
W3159711941,W2938949242,1,actual_openalex_reference,test,openalex_public_health_200
W3094745327,W35020601,1,actual_openalex_reference,test,openalex_public_health_200
W3094745327,W147427616,1,actual_openalex_reference,test,openalex_public_health_200
W3094745327,W1507490315,1,actual_openalex_reference,test,openalex_public_health_200
W3094745327,W1541116708,1,actual_openalex_reference,test,openalex_public_health_200
W3094745327,W1583712827,1,actual_openalex_reference,test,openalex_public_health_200
W3094745327,W1757990252,1,actual_openalex_reference,test,openalex_public_health_200
W3094745327,W1964358138,1,actual_openalex_reference,test,openalex_public_health_200
W3094745327,W1964399253,1,actual_openalex_reference,test,openalex_public_health_200
W3094745327,W1981302870,1,actual_openalex_reference,test,openalex_public_health_200
W3094745327,W1990075447,1,actual_openalex_reference,test,openalex_public_health_200
W3094745327,W1991864978,1,actual_openalex_reference,test,openalex_public_health_200
W3094745327,W2013316279,1,actual_openalex_reference,test,openalex_public_health_200
W3094745327,W2039704177,1,actual_openalex_reference,test,openalex_public_health_200
W3094745327,W2041400110,1,actual_openalex_reference,test,openalex_public_health_200
W3094745327,W2059612241,1,actual_openalex_reference,test,openalex_public_health_200
W3094745327,W2081501832,1,actual_openalex_reference,test,openalex_public_health_200
W3094745327,W2086475585,1,actual_openalex_reference,test,openalex_public_health_200
W3094745327,W2086559019,1,actual_openalex_reference,test,openalex_public_health_200
W3094745327,W2109171070,1,actual_openalex_reference,test,openalex_public_health_200
W3094745327,W2114626522,1,actual_openalex_reference,test,openalex_public_health_200
W3094745327,W2115472069,1,actual_openalex_reference,test,openalex_public_health_200
W3094745327,W2115975140,1,actual_openalex_reference,test,openalex_public_health_200
W3094745327,W2134979879,1,actual_openalex_reference,test,openalex_public_health_200
W3094745327,W2150296023,1,actual_openalex_reference,test,openalex_public_health_200
W3094745327,W2160940234,1,actual_openalex_reference,test,openalex_public_health_200
W3094745327,W2203863404,1,actual_openalex_reference,test,openalex_public_health_200
W3094745327,W2246154510,1,actual_openalex_reference,test,openalex_public_health_200
W3094745327,W2334236049,1,actual_openalex_reference,test,openalex_public_health_200
W3094745327,W2345553623,1,actual_openalex_reference,test,openalex_public_health_200
W3094745327,W2376962955,1,actual_openalex_reference,test,openalex_public_health_200
W3094745327,W2398659548,1,actual_openalex_reference,test,openalex_public_health_200
W3094745327,W2475346275,1,actual_openalex_reference,test,openalex_public_health_200
W3094745327,W2560124981,1,actual_openalex_reference,test,openalex_public_health_200
W3094745327,W2583669203,1,actual_openalex_reference,test,openalex_public_health_200
W3094745327,W2584505743,1,actual_openalex_reference,test,openalex_public_health_200
W3094745327,W2602679156,1,actual_openalex_reference,test,openalex_public_health_200
W3094745327,W2753717823,1,actual_openalex_reference,test,openalex_public_health_200
W3094745327,W2764088232,1,actual_openalex_reference,test,openalex_public_health_200
W3094745327,W2766784631,1,actual_openalex_reference,test,openalex_public_health_200
W3094745327,W2796312514,1,actual_openalex_reference,test,openalex_public_health_200
W3094745327,W2796354758,1,actual_openalex_reference,test,openalex_public_health_200
W3094745327,W2801060237,1,actual_openalex_reference,test,openalex_public_health_200
W3094745327,W2804844335,1,actual_openalex_reference,test,openalex_public_health_200
W3094745327,W2805476976,1,actual_openalex_reference,test,openalex_public_health_200
W3094745327,W2810309495,1,actual_openalex_reference,test,openalex_public_health_200
W3094745327,W2886447592,1,actual_openalex_reference,test,openalex_public_health_200
W3094745327,W2887017941,1,actual_openalex_reference,test,openalex_public_health_200
W3094745327,W2889223207,1,actual_openalex_reference,test,openalex_public_health_200
W3094745327,W2894187260,1,actual_openalex_reference,test,openalex_public_health_200
W3094745327,W2921995610,1,actual_openalex_reference,test,openalex_public_health_200
W3094745327,W2948086807,1,actual_openalex_reference,test,openalex_public_health_200
W3094745327,W2950102488,1,actual_openalex_reference,test,openalex_public_health_200
W3094745327,W2954252628,1,actual_openalex_reference,test,openalex_public_health_200
W3094745327,W4230719417,1,actual_openalex_reference,test,openalex_public_health_200
W3183246900,W2297353067,1,actual_openalex_reference,test,openalex_public_health_200
W3183246900,W2313406286,1,actual_openalex_reference,test,openalex_public_health_200
W3183246900,W2340335372,1,actual_openalex_reference,test,openalex_public_health_200
W3183246900,W2790949877,1,actual_openalex_reference,test,openalex_public_health_200
W3183246900,W2948620865,1,actual_openalex_reference,test,openalex_public_health_200
W3183246900,W2975827419,1,actual_openalex_reference,test,openalex_public_health_200
W3183246900,W3003217347,1,actual_openalex_reference,test,openalex_public_health_200
W3183246900,W3006044281,1,actual_openalex_reference,test,openalex_public_health_200
W3183246900,W3025831013,1,actual_openalex_reference,test,openalex_public_health_200
W3183246900,W3035269429,1,actual_openalex_reference,test,openalex_public_health_200
W3183246900,W3087295223,1,actual_openalex_reference,test,openalex_public_health_200
W3183246900,W3094735727,1,actual_openalex_reference,test,openalex_public_health_200
W3183246900,W3108821813,1,actual_openalex_reference,test,openalex_public_health_200
W2954691295,W1597738263,1,actual_openalex_reference,test,openalex_public_health_200
W2954691295,W1993803400,1,actual_openalex_reference,test,openalex_public_health_200
W2954691295,W2003645760,1,actual_openalex_reference,test,openalex_public_health_200
W2954691295,W2044951291,1,actual_openalex_reference,test,openalex_public_health_200
W2954691295,W2068759027,1,actual_openalex_reference,test,openalex_public_health_200
W2954691295,W2098787760,1,actual_openalex_reference,test,openalex_public_health_200
W2954691295,W2101630041,1,actual_openalex_reference,test,openalex_public_health_200
W2954691295,W2122313047,1,actual_openalex_reference,test,openalex_public_health_200
W2954691295,W2168680123,1,actual_openalex_reference,test,openalex_public_health_200
W2954691295,W2262354148,1,actual_openalex_reference,test,openalex_public_health_200
W2954691295,W2281714200,1,actual_openalex_reference,test,openalex_public_health_200
W2954691295,W2474536315,1,actual_openalex_reference,test,openalex_public_health_200
W2954691295,W2475265505,1,actual_openalex_reference,test,openalex_public_health_200
W2954691295,W2509346813,1,actual_openalex_reference,test,openalex_public_health_200
W2954691295,W2615303317,1,actual_openalex_reference,test,openalex_public_health_200
W2954691295,W2625408084,1,actual_openalex_reference,test,openalex_public_health_200
W2954691295,W2806810697,1,actual_openalex_reference,test,openalex_public_health_200
W2954691295,W2807103532,1,actual_openalex_reference,test,openalex_public_health_200
W2954691295,W3025561479,1,actual_openalex_reference,test,openalex_public_health_200
W2954691295,W4292226832,1,actual_openalex_reference,test,openalex_public_health_200
W3135336128,W1600958960,1,actual_openalex_reference,test,openalex_public_health_200
W3135336128,W1971069338,1,actual_openalex_reference,test,openalex_public_health_200
W3135336128,W1985369305,1,actual_openalex_reference,test,openalex_public_health_200
W3135336128,W1986234805,1,actual_openalex_reference,test,openalex_public_health_200
W3135336128,W1993708032,1,actual_openalex_reference,test,openalex_public_health_200
W3135336128,W1994014704,1,actual_openalex_reference,test,openalex_public_health_200
W3135336128,W2011832733,1,actual_openalex_reference,test,openalex_public_health_200
W3135336128,W2036400522,1,actual_openalex_reference,test,openalex_public_health_200
W3135336128,W2060544149,1,actual_openalex_reference,test,openalex_public_health_200
W3135336128,W2085020411,1,actual_openalex_reference,test,openalex_public_health_200
W3135336128,W2095645712,1,actual_openalex_reference,test,openalex_public_health_200
W3135336128,W2098538096,1,actual_openalex_reference,test,openalex_public_health_200
W3135336128,W2103556204,1,actual_openalex_reference,test,openalex_public_health_200
W3135336128,W2107073645,1,actual_openalex_reference,test,openalex_public_health_200
W3135336128,W2113024584,1,actual_openalex_reference,test,openalex_public_health_200
W3135336128,W2124558473,1,actual_openalex_reference,test,openalex_public_health_200
W3135336128,W2150359371,1,actual_openalex_reference,test,openalex_public_health_200
W3135336128,W2226817873,1,actual_openalex_reference,test,openalex_public_health_200
W3135336128,W2272263214,1,actual_openalex_reference,test,openalex_public_health_200
W3135336128,W2332951586,1,actual_openalex_reference,test,openalex_public_health_200
W3135336128,W2337254011,1,actual_openalex_reference,test,openalex_public_health_200
W3135336128,W2402599050,1,actual_openalex_reference,test,openalex_public_health_200
W3135336128,W2403678903,1,actual_openalex_reference,test,openalex_public_health_200
W3135336128,W2469664559,1,actual_openalex_reference,test,openalex_public_health_200
W3135336128,W2582896210,1,actual_openalex_reference,test,openalex_public_health_200
W3135336128,W2606247503,1,actual_openalex_reference,test,openalex_public_health_200
W3135336128,W2787107952,1,actual_openalex_reference,test,openalex_public_health_200
W3135336128,W2891387709,1,actual_openalex_reference,test,openalex_public_health_200
W3135336128,W2914413971,1,actual_openalex_reference,test,openalex_public_health_200
W3135336128,W2922041500,1,actual_openalex_reference,test,openalex_public_health_200
W3135336128,W2931826777,1,actual_openalex_reference,test,openalex_public_health_200
W3135336128,W2941884731,1,actual_openalex_reference,test,openalex_public_health_200
W3135336128,W2950419159,1,actual_openalex_reference,test,openalex_public_health_200
W3135336128,W2963224072,1,actual_openalex_reference,test,openalex_public_health_200
W3135336128,W2984149348,1,actual_openalex_reference,test,openalex_public_health_200
W3135336128,W3006494999,1,actual_openalex_reference,test,openalex_public_health_200
W3135336128,W3013785478,1,actual_openalex_reference,test,openalex_public_health_200
W3135336128,W3021842026,1,actual_openalex_reference,test,openalex_public_health_200
W3135336128,W3048248941,1,actual_openalex_reference,test,openalex_public_health_200
W3135336128,W4206296122,1,actual_openalex_reference,test,openalex_public_health_200
W3194131642,W1980827057,1,actual_openalex_reference,test,openalex_public_health_200
W3194131642,W2005736123,1,actual_openalex_reference,test,openalex_public_health_200
W3194131642,W2006192124,1,actual_openalex_reference,test,openalex_public_health_200
W3194131642,W2011196781,1,actual_openalex_reference,test,openalex_public_health_200
W3194131642,W2016414405,1,actual_openalex_reference,test,openalex_public_health_200
W3194131642,W2022851527,1,actual_openalex_reference,test,openalex_public_health_200
W3194131642,W2030265039,1,actual_openalex_reference,test,openalex_public_health_200
W3194131642,W2031467319,1,actual_openalex_reference,test,openalex_public_health_200
W3194131642,W2033581798,1,actual_openalex_reference,test,openalex_public_health_200
W3194131642,W2064273736,1,actual_openalex_reference,test,openalex_public_health_200
W3194131642,W2089392576,1,actual_openalex_reference,test,openalex_public_health_200
W3194131642,W2118094772,1,actual_openalex_reference,test,openalex_public_health_200
W3194131642,W2129514368,1,actual_openalex_reference,test,openalex_public_health_200
W3194131642,W2131246210,1,actual_openalex_reference,test,openalex_public_health_200
W3194131642,W2138541522,1,actual_openalex_reference,test,openalex_public_health_200
W3194131642,W2151776275,1,actual_openalex_reference,test,openalex_public_health_200
W3194131642,W2162166103,1,actual_openalex_reference,test,openalex_public_health_200
W3194131642,W2172207517,1,actual_openalex_reference,test,openalex_public_health_200
W3194131642,W2232540240,1,actual_openalex_reference,test,openalex_public_health_200
W3194131642,W2280058722,1,actual_openalex_reference,test,openalex_public_health_200
W3194131642,W2289229009,1,actual_openalex_reference,test,openalex_public_health_200
W3194131642,W2513079336,1,actual_openalex_reference,test,openalex_public_health_200
W3194131642,W2575081296,1,actual_openalex_reference,test,openalex_public_health_200
W3194131642,W2602694331,1,actual_openalex_reference,test,openalex_public_health_200
W3194131642,W2610618910,1,actual_openalex_reference,test,openalex_public_health_200
W3194131642,W2742595140,1,actual_openalex_reference,test,openalex_public_health_200
W3194131642,W2766462773,1,actual_openalex_reference,test,openalex_public_health_200
W3194131642,W2789353212,1,actual_openalex_reference,test,openalex_public_health_200
W3194131642,W2795544179,1,actual_openalex_reference,test,openalex_public_health_200
W3194131642,W2795896481,1,actual_openalex_reference,test,openalex_public_health_200
W3194131642,W2895497426,1,actual_openalex_reference,test,openalex_public_health_200
W3194131642,W2897829001,1,actual_openalex_reference,test,openalex_public_health_200
W3194131642,W2901292332,1,actual_openalex_reference,test,openalex_public_health_200
W3194131642,W2904921939,1,actual_openalex_reference,test,openalex_public_health_200
W3194131642,W2905235893,1,actual_openalex_reference,test,openalex_public_health_200
W3194131642,W2907823975,1,actual_openalex_reference,test,openalex_public_health_200
W3194131642,W2914729768,1,actual_openalex_reference,test,openalex_public_health_200
W3194131642,W2915853457,1,actual_openalex_reference,test,openalex_public_health_200
W3194131642,W2916153257,1,actual_openalex_reference,test,openalex_public_health_200
W3194131642,W2918621261,1,actual_openalex_reference,test,openalex_public_health_200
W3194131642,W2921967166,1,actual_openalex_reference,test,openalex_public_health_200
W3194131642,W2925747097,1,actual_openalex_reference,test,openalex_public_health_200
W3194131642,W2947295947,1,actual_openalex_reference,test,openalex_public_health_200
W3194131642,W2949721872,1,actual_openalex_reference,test,openalex_public_health_200
W3194131642,W2952195535,1,actual_openalex_reference,test,openalex_public_health_200
W3194131642,W2967049462,1,actual_openalex_reference,test,openalex_public_health_200
W3194131642,W2973957080,1,actual_openalex_reference,test,openalex_public_health_200
W3194131642,W2998708677,1,actual_openalex_reference,test,openalex_public_health_200
W3194131642,W3000420643,1,actual_openalex_reference,test,openalex_public_health_200
W3194131642,W3005718174,1,actual_openalex_reference,test,openalex_public_health_200
W3194131642,W3016922254,1,actual_openalex_reference,test,openalex_public_health_200
W3194131642,W3028723393,1,actual_openalex_reference,test,openalex_public_health_200
W3194131642,W3046095696,1,actual_openalex_reference,test,openalex_public_health_200
W3194131642,W3047746361,1,actual_openalex_reference,test,openalex_public_health_200
W3194131642,W3048877187,1,actual_openalex_reference,test,openalex_public_health_200
W3194131642,W3084355811,1,actual_openalex_reference,test,openalex_public_health_200
W3194131642,W4250538421,1,actual_openalex_reference,test,openalex_public_health_200
W3135744204,W1556416454,1,actual_openalex_reference,test,openalex_public_health_200
W3135744204,W1677085288,1,actual_openalex_reference,test,openalex_public_health_200
W3135744204,W1930837752,1,actual_openalex_reference,test,openalex_public_health_200
W3135744204,W1982902928,1,actual_openalex_reference,test,openalex_public_health_200
W3135744204,W1985046972,1,actual_openalex_reference,test,openalex_public_health_200
W3135744204,W2034215881,1,actual_openalex_reference,test,openalex_public_health_200
W3135744204,W2057921119,1,actual_openalex_reference,test,openalex_public_health_200
W3135744204,W2059106770,1,actual_openalex_reference,test,openalex_public_health_200
W3135744204,W2067811991,1,actual_openalex_reference,test,openalex_public_health_200
W3135744204,W2103694750,1,actual_openalex_reference,test,openalex_public_health_200
W3135744204,W2113023791,1,actual_openalex_reference,test,openalex_public_health_200
W3135744204,W2115321988,1,actual_openalex_reference,test,openalex_public_health_200
W3135744204,W2123137119,1,actual_openalex_reference,test,openalex_public_health_200
W3135744204,W2123944944,1,actual_openalex_reference,test,openalex_public_health_200
W3135744204,W2139161509,1,actual_openalex_reference,test,openalex_public_health_200
W3135744204,W2156457783,1,actual_openalex_reference,test,openalex_public_health_200
W3135744204,W2159835000,1,actual_openalex_reference,test,openalex_public_health_200
W3135744204,W2162218725,1,actual_openalex_reference,test,openalex_public_health_200
W3135744204,W2169834209,1,actual_openalex_reference,test,openalex_public_health_200
W3135744204,W2170649441,1,actual_openalex_reference,test,openalex_public_health_200
W3135744204,W2224840149,1,actual_openalex_reference,test,openalex_public_health_200
W3135744204,W2274670229,1,actual_openalex_reference,test,openalex_public_health_200
W3135744204,W2277377139,1,actual_openalex_reference,test,openalex_public_health_200
W3135744204,W2507358907,1,actual_openalex_reference,test,openalex_public_health_200
W3135744204,W2522480816,1,actual_openalex_reference,test,openalex_public_health_200
W3135744204,W2559242475,1,actual_openalex_reference,test,openalex_public_health_200
W3135744204,W2572657948,1,actual_openalex_reference,test,openalex_public_health_200
W3135744204,W2601556391,1,actual_openalex_reference,test,openalex_public_health_200
W3135744204,W2613171116,1,actual_openalex_reference,test,openalex_public_health_200
W3135744204,W2751884637,1,actual_openalex_reference,test,openalex_public_health_200
W3135744204,W2774938022,1,actual_openalex_reference,test,openalex_public_health_200
W3135744204,W2788329364,1,actual_openalex_reference,test,openalex_public_health_200
W3135744204,W2807128124,1,actual_openalex_reference,test,openalex_public_health_200
W3135744204,W2887335099,1,actual_openalex_reference,test,openalex_public_health_200
W3135744204,W2912654919,1,actual_openalex_reference,test,openalex_public_health_200
W3135744204,W2954810319,1,actual_openalex_reference,test,openalex_public_health_200
W3135744204,W2977858923,1,actual_openalex_reference,test,openalex_public_health_200
W3135744204,W2995246142,1,actual_openalex_reference,test,openalex_public_health_200
W3135744204,W3011153309,1,actual_openalex_reference,test,openalex_public_health_200
W3135744204,W3110655636,1,actual_openalex_reference,test,openalex_public_health_200
W3132744753,W2297690656,1,actual_openalex_reference,test,openalex_public_health_200
W3132744753,W2608645592,1,actual_openalex_reference,test,openalex_public_health_200
W3132744753,W3038692229,1,actual_openalex_reference,test,openalex_public_health_200
W3132744753,W3041461678,1,actual_openalex_reference,test,openalex_public_health_200
W3132744753,W3093247573,1,actual_openalex_reference,test,openalex_public_health_200
W3132744753,W3095379573,1,actual_openalex_reference,test,openalex_public_health_200
W3132744753,W3110624068,1,actual_openalex_reference,test,openalex_public_health_200
W2909008157,W1855711646,1,actual_openalex_reference,test,openalex_public_health_200
W2909008157,W1857386661,1,actual_openalex_reference,test,openalex_public_health_200
W2909008157,W2006393383,1,actual_openalex_reference,test,openalex_public_health_200
W2909008157,W2112751341,1,actual_openalex_reference,test,openalex_public_health_200
W2909008157,W2114364424,1,actual_openalex_reference,test,openalex_public_health_200
W2909008157,W2115864584,1,actual_openalex_reference,test,openalex_public_health_200
W2909008157,W2116537033,1,actual_openalex_reference,test,openalex_public_health_200
W2909008157,W2116745306,1,actual_openalex_reference,test,openalex_public_health_200
W2909008157,W2127855202,1,actual_openalex_reference,test,openalex_public_health_200
W2909008157,W2128066661,1,actual_openalex_reference,test,openalex_public_health_200
W2909008157,W2135931599,1,actual_openalex_reference,test,openalex_public_health_200
W2909008157,W2140405768,1,actual_openalex_reference,test,openalex_public_health_200
W2909008157,W2143294149,1,actual_openalex_reference,test,openalex_public_health_200
W2909008157,W2159608353,1,actual_openalex_reference,test,openalex_public_health_200
W2909008157,W2163842303,1,actual_openalex_reference,test,openalex_public_health_200
W2909008157,W2166000498,1,actual_openalex_reference,test,openalex_public_health_200
W2909008157,W2167807738,1,actual_openalex_reference,test,openalex_public_health_200
W2909008157,W2190409916,1,actual_openalex_reference,test,openalex_public_health_200
W2909008157,W2296954492,1,actual_openalex_reference,test,openalex_public_health_200
W2909008157,W2497721881,1,actual_openalex_reference,test,openalex_public_health_200
W2909008157,W2531663067,1,actual_openalex_reference,test,openalex_public_health_200
W2909008157,W2563032279,1,actual_openalex_reference,test,openalex_public_health_200
W2909008157,W2606538284,1,actual_openalex_reference,test,openalex_public_health_200
W2909008157,W2748939874,1,actual_openalex_reference,test,openalex_public_health_200
W2909008157,W2754261531,1,actual_openalex_reference,test,openalex_public_health_200
W2909008157,W2765544800,1,actual_openalex_reference,test,openalex_public_health_200
W2909008157,W2808192013,1,actual_openalex_reference,test,openalex_public_health_200
W2909008157,W4254965081,1,actual_openalex_reference,test,openalex_public_health_200
W2909008157,W4292528167,1,actual_openalex_reference,test,openalex_public_health_200
W2953490199,W1021737805,1,actual_openalex_reference,test,openalex_public_health_200
W2953490199,W2118755887,1,actual_openalex_reference,test,openalex_public_health_200
W2953490199,W2148631711,1,actual_openalex_reference,test,openalex_public_health_200
W2953490199,W2154410907,1,actual_openalex_reference,test,openalex_public_health_200
W2953490199,W2596725530,1,actual_openalex_reference,test,openalex_public_health_200
W2953490199,W2604718291,1,actual_openalex_reference,test,openalex_public_health_200
W2953490199,W2605341040,1,actual_openalex_reference,test,openalex_public_health_200
W2953490199,W2627004165,1,actual_openalex_reference,test,openalex_public_health_200
W2953490199,W2772927421,1,actual_openalex_reference,test,openalex_public_health_200
W2953490199,W2781471255,1,actual_openalex_reference,test,openalex_public_health_200
W2953490199,W2921316182,1,actual_openalex_reference,test,openalex_public_health_200
W2911662841,W72513637,1,actual_openalex_reference,test,openalex_public_health_200
W2911662841,W1562693234,1,actual_openalex_reference,test,openalex_public_health_200
W2911662841,W1980121541,1,actual_openalex_reference,test,openalex_public_health_200
W2911662841,W2004106419,1,actual_openalex_reference,test,openalex_public_health_200
W2911662841,W2029878680,1,actual_openalex_reference,test,openalex_public_health_200
W2911662841,W2038664614,1,actual_openalex_reference,test,openalex_public_health_200
W2911662841,W2041644933,1,actual_openalex_reference,test,openalex_public_health_200
W2911662841,W2046521862,1,actual_openalex_reference,test,openalex_public_health_200
W2911662841,W2092288223,1,actual_openalex_reference,test,openalex_public_health_200
W2911662841,W2094949320,1,actual_openalex_reference,test,openalex_public_health_200
W2911662841,W2097045093,1,actual_openalex_reference,test,openalex_public_health_200
W2911662841,W2120238938,1,actual_openalex_reference,test,openalex_public_health_200
W2911662841,W2126439253,1,actual_openalex_reference,test,openalex_public_health_200
W2911662841,W2143138689,1,actual_openalex_reference,test,openalex_public_health_200
W2911662841,W2146784013,1,actual_openalex_reference,test,openalex_public_health_200
W2911662841,W2151169884,1,actual_openalex_reference,test,openalex_public_health_200
W2911662841,W2499942134,1,actual_openalex_reference,test,openalex_public_health_200
W2911662841,W2560814907,1,actual_openalex_reference,test,openalex_public_health_200
W2970428805,W1749000795,1,actual_openalex_reference,test,openalex_public_health_200
W2970428805,W1994288775,1,actual_openalex_reference,test,openalex_public_health_200
W2970428805,W2022790420,1,actual_openalex_reference,test,openalex_public_health_200
W2970428805,W2037523113,1,actual_openalex_reference,test,openalex_public_health_200
W2970428805,W2074631761,1,actual_openalex_reference,test,openalex_public_health_200
W2970428805,W2086825163,1,actual_openalex_reference,test,openalex_public_health_200
W2970428805,W2104281457,1,actual_openalex_reference,test,openalex_public_health_200
W2970428805,W2139734049,1,actual_openalex_reference,test,openalex_public_health_200
W2970428805,W2161368546,1,actual_openalex_reference,test,openalex_public_health_200
W2970428805,W2168446770,1,actual_openalex_reference,test,openalex_public_health_200
W2970428805,W2170768690,1,actual_openalex_reference,test,openalex_public_health_200
W2970428805,W2226828934,1,actual_openalex_reference,test,openalex_public_health_200
W2970428805,W2295505638,1,actual_openalex_reference,test,openalex_public_health_200
W2970428805,W2471687632,1,actual_openalex_reference,test,openalex_public_health_200
W2970428805,W2603592506,1,actual_openalex_reference,test,openalex_public_health_200
W2970428805,W2620810469,1,actual_openalex_reference,test,openalex_public_health_200
W2970428805,W2738060001,1,actual_openalex_reference,test,openalex_public_health_200
W2970428805,W2751792491,1,actual_openalex_reference,test,openalex_public_health_200
W2970428805,W2752632013,1,actual_openalex_reference,test,openalex_public_health_200
W2970428805,W2755884307,1,actual_openalex_reference,test,openalex_public_health_200
W2970428805,W2765920057,1,actual_openalex_reference,test,openalex_public_health_200
W2970428805,W2767167949,1,actual_openalex_reference,test,openalex_public_health_200
W2970428805,W2788911326,1,actual_openalex_reference,test,openalex_public_health_200
W2970428805,W2789887815,1,actual_openalex_reference,test,openalex_public_health_200
W2970428805,W2805584443,1,actual_openalex_reference,test,openalex_public_health_200
W2970428805,W2896578598,1,actual_openalex_reference,test,openalex_public_health_200
W2970428805,W2901372774,1,actual_openalex_reference,test,openalex_public_health_200
W2970428805,W2928467655,1,actual_openalex_reference,test,openalex_public_health_200
W2970428805,W2944238144,1,actual_openalex_reference,test,openalex_public_health_200
W2970428805,W3178295071,1,actual_openalex_reference,test,openalex_public_health_200
W2990038131,W1516225561,1,actual_openalex_reference,test,openalex_public_health_200
W2990038131,W1842102211,1,actual_openalex_reference,test,openalex_public_health_200
W2990038131,W1941298340,1,actual_openalex_reference,test,openalex_public_health_200
W2990038131,W1988602098,1,actual_openalex_reference,test,openalex_public_health_200
W2990038131,W1999586571,1,actual_openalex_reference,test,openalex_public_health_200
W2990038131,W2016791473,1,actual_openalex_reference,test,openalex_public_health_200
W2990038131,W2016912597,1,actual_openalex_reference,test,openalex_public_health_200
W2990038131,W2032492109,1,actual_openalex_reference,test,openalex_public_health_200
W2990038131,W2033120822,1,actual_openalex_reference,test,openalex_public_health_200
W2990038131,W2086853483,1,actual_openalex_reference,test,openalex_public_health_200
W2990038131,W2098131249,1,actual_openalex_reference,test,openalex_public_health_200
W2990038131,W2101555571,1,actual_openalex_reference,test,openalex_public_health_200
W2990038131,W2106014350,1,actual_openalex_reference,test,openalex_public_health_200
W2990038131,W2109948781,1,actual_openalex_reference,test,openalex_public_health_200
W2990038131,W2117058735,1,actual_openalex_reference,test,openalex_public_health_200
W2990038131,W2117063430,1,actual_openalex_reference,test,openalex_public_health_200
W2990038131,W2117465360,1,actual_openalex_reference,test,openalex_public_health_200
W2990038131,W2120439612,1,actual_openalex_reference,test,openalex_public_health_200
W2990038131,W2120548508,1,actual_openalex_reference,test,openalex_public_health_200
W2990038131,W2124812634,1,actual_openalex_reference,test,openalex_public_health_200
W2990038131,W2127982547,1,actual_openalex_reference,test,openalex_public_health_200
W2990038131,W2129494790,1,actual_openalex_reference,test,openalex_public_health_200
W2990038131,W2549545655,1,actual_openalex_reference,test,openalex_public_health_200
W2990038131,W2562186790,1,actual_openalex_reference,test,openalex_public_health_200
W2990038131,W2788706728,1,actual_openalex_reference,test,openalex_public_health_200
W2990038131,W2791002158,1,actual_openalex_reference,test,openalex_public_health_200
W2990038131,W2885103884,1,actual_openalex_reference,test,openalex_public_health_200
W2990038131,W2900044275,1,actual_openalex_reference,test,openalex_public_health_200
W2982536034,W967931286,1,actual_openalex_reference,test,openalex_public_health_200
W2982536034,W1973101750,1,actual_openalex_reference,test,openalex_public_health_200
W2982536034,W1993900282,1,actual_openalex_reference,test,openalex_public_health_200
W2982536034,W2010968235,1,actual_openalex_reference,test,openalex_public_health_200
W2982536034,W2013690651,1,actual_openalex_reference,test,openalex_public_health_200
W2982536034,W2048380539,1,actual_openalex_reference,test,openalex_public_health_200
W2982536034,W2059492321,1,actual_openalex_reference,test,openalex_public_health_200
W2982536034,W2063053088,1,actual_openalex_reference,test,openalex_public_health_200
W2982536034,W2112327432,1,actual_openalex_reference,test,openalex_public_health_200
W2982536034,W2148806081,1,actual_openalex_reference,test,openalex_public_health_200
W2982536034,W2154227017,1,actual_openalex_reference,test,openalex_public_health_200
W2982536034,W2163785631,1,actual_openalex_reference,test,openalex_public_health_200
W2982536034,W2168392681,1,actual_openalex_reference,test,openalex_public_health_200
W2982536034,W2223303194,1,actual_openalex_reference,test,openalex_public_health_200
W2982536034,W2319531326,1,actual_openalex_reference,test,openalex_public_health_200
W2982536034,W2325911959,1,actual_openalex_reference,test,openalex_public_health_200
W2982536034,W2340673683,1,actual_openalex_reference,test,openalex_public_health_200
W2982536034,W2401033418,1,actual_openalex_reference,test,openalex_public_health_200
W2982536034,W2433954454,1,actual_openalex_reference,test,openalex_public_health_200
W2982536034,W2505342606,1,actual_openalex_reference,test,openalex_public_health_200
W2982536034,W2588337660,1,actual_openalex_reference,test,openalex_public_health_200
W2982536034,W2592435883,1,actual_openalex_reference,test,openalex_public_health_200
W2982536034,W2611560467,1,actual_openalex_reference,test,openalex_public_health_200
W2982536034,W2624580950,1,actual_openalex_reference,test,openalex_public_health_200
W2982536034,W2802969275,1,actual_openalex_reference,test,openalex_public_health_200
W2982536034,W2884219388,1,actual_openalex_reference,test,openalex_public_health_200
W2988053505,W46943262,1,actual_openalex_reference,test,openalex_public_health_200
W2988053505,W1577895244,1,actual_openalex_reference,test,openalex_public_health_200
W2988053505,W1589531606,1,actual_openalex_reference,test,openalex_public_health_200
W2988053505,W1830727481,1,actual_openalex_reference,test,openalex_public_health_200
W2988053505,W1931428308,1,actual_openalex_reference,test,openalex_public_health_200
W2988053505,W1970338528,1,actual_openalex_reference,test,openalex_public_health_200
W2988053505,W1975120587,1,actual_openalex_reference,test,openalex_public_health_200
W2988053505,W1980626076,1,actual_openalex_reference,test,openalex_public_health_200
W2988053505,W1981203554,1,actual_openalex_reference,test,openalex_public_health_200
W2988053505,W1998148517,1,actual_openalex_reference,test,openalex_public_health_200
W2988053505,W2003859935,1,actual_openalex_reference,test,openalex_public_health_200
W2988053505,W2004498026,1,actual_openalex_reference,test,openalex_public_health_200
W2988053505,W2005180597,1,actual_openalex_reference,test,openalex_public_health_200
W2988053505,W2008168015,1,actual_openalex_reference,test,openalex_public_health_200
W2988053505,W2011074917,1,actual_openalex_reference,test,openalex_public_health_200
W2988053505,W2015909273,1,actual_openalex_reference,test,openalex_public_health_200
W2988053505,W2028029738,1,actual_openalex_reference,test,openalex_public_health_200
W2988053505,W2042876447,1,actual_openalex_reference,test,openalex_public_health_200
W2988053505,W2044847186,1,actual_openalex_reference,test,openalex_public_health_200
W2988053505,W2050981859,1,actual_openalex_reference,test,openalex_public_health_200
W2988053505,W2051301435,1,actual_openalex_reference,test,openalex_public_health_200
W2988053505,W2053662956,1,actual_openalex_reference,test,openalex_public_health_200
W2988053505,W2055893161,1,actual_openalex_reference,test,openalex_public_health_200
W2988053505,W2058706878,1,actual_openalex_reference,test,openalex_public_health_200
W2988053505,W2061275021,1,actual_openalex_reference,test,openalex_public_health_200
W2988053505,W2068448240,1,actual_openalex_reference,test,openalex_public_health_200
W2988053505,W2073510390,1,actual_openalex_reference,test,openalex_public_health_200
W2988053505,W2079118859,1,actual_openalex_reference,test,openalex_public_health_200
W2988053505,W2081454569,1,actual_openalex_reference,test,openalex_public_health_200
W2988053505,W2083448965,1,actual_openalex_reference,test,openalex_public_health_200
W2988053505,W2085868830,1,actual_openalex_reference,test,openalex_public_health_200
W2988053505,W2088335903,1,actual_openalex_reference,test,openalex_public_health_200
W2988053505,W2097088780,1,actual_openalex_reference,test,openalex_public_health_200
W2988053505,W2101221024,1,actual_openalex_reference,test,openalex_public_health_200
W2988053505,W2108077860,1,actual_openalex_reference,test,openalex_public_health_200
W2988053505,W2109826821,1,actual_openalex_reference,test,openalex_public_health_200
W2988053505,W2111078331,1,actual_openalex_reference,test,openalex_public_health_200
W2988053505,W2112516755,1,actual_openalex_reference,test,openalex_public_health_200
W2988053505,W2113041016,1,actual_openalex_reference,test,openalex_public_health_200
W2988053505,W2113402602,1,actual_openalex_reference,test,openalex_public_health_200
W2988053505,W2113507178,1,actual_openalex_reference,test,openalex_public_health_200
W2988053505,W2114241545,1,actual_openalex_reference,test,openalex_public_health_200
W2988053505,W2114713612,1,actual_openalex_reference,test,openalex_public_health_200
W2988053505,W2122552375,1,actual_openalex_reference,test,openalex_public_health_200
W2988053505,W2122657809,1,actual_openalex_reference,test,openalex_public_health_200
W2988053505,W2125233222,1,actual_openalex_reference,test,openalex_public_health_200
W2988053505,W2130410032,1,actual_openalex_reference,test,openalex_public_health_200
W2988053505,W2131858707,1,actual_openalex_reference,test,openalex_public_health_200
W2988053505,W2133748715,1,actual_openalex_reference,test,openalex_public_health_200
W2988053505,W2134755636,1,actual_openalex_reference,test,openalex_public_health_200
W2988053505,W2135459172,1,actual_openalex_reference,test,openalex_public_health_200
W2988053505,W2138479893,1,actual_openalex_reference,test,openalex_public_health_200
W2988053505,W2140785503,1,actual_openalex_reference,test,openalex_public_health_200
W2988053505,W2142238693,1,actual_openalex_reference,test,openalex_public_health_200
W2988053505,W2144786624,1,actual_openalex_reference,test,openalex_public_health_200
W2988053505,W2146613803,1,actual_openalex_reference,test,openalex_public_health_200
W2988053505,W2147294427,1,actual_openalex_reference,test,openalex_public_health_200
W2988053505,W2151418659,1,actual_openalex_reference,test,openalex_public_health_200
W2988053505,W2153449996,1,actual_openalex_reference,test,openalex_public_health_200
W2988053505,W2153946565,1,actual_openalex_reference,test,openalex_public_health_200
W2988053505,W2156604743,1,actual_openalex_reference,test,openalex_public_health_200
W2988053505,W2157725915,1,actual_openalex_reference,test,openalex_public_health_200
W2988053505,W2157779589,1,actual_openalex_reference,test,openalex_public_health_200
W2988053505,W2157938929,1,actual_openalex_reference,test,openalex_public_health_200
W2988053505,W2160283131,1,actual_openalex_reference,test,openalex_public_health_200
W2988053505,W2180866616,1,actual_openalex_reference,test,openalex_public_health_200
W2988053505,W2258515607,1,actual_openalex_reference,test,openalex_public_health_200
W2988053505,W2329413583,1,actual_openalex_reference,test,openalex_public_health_200
W2988053505,W2342026043,1,actual_openalex_reference,test,openalex_public_health_200
W2988053505,W2409442371,1,actual_openalex_reference,test,openalex_public_health_200
W2988053505,W2412814655,1,actual_openalex_reference,test,openalex_public_health_200
W2988053505,W2414173527,1,actual_openalex_reference,test,openalex_public_health_200
W2988053505,W2509714578,1,actual_openalex_reference,test,openalex_public_health_200
W2988053505,W2553606959,1,actual_openalex_reference,test,openalex_public_health_200
W2988053505,W2568883211,1,actual_openalex_reference,test,openalex_public_health_200
W2988053505,W2572747845,1,actual_openalex_reference,test,openalex_public_health_200
W2988053505,W2592348698,1,actual_openalex_reference,test,openalex_public_health_200
W2988053505,W2593335798,1,actual_openalex_reference,test,openalex_public_health_200
W2988053505,W2734465900,1,actual_openalex_reference,test,openalex_public_health_200
W2988053505,W2751944817,1,actual_openalex_reference,test,openalex_public_health_200
W2988053505,W2762691444,1,actual_openalex_reference,test,openalex_public_health_200
W2988053505,W2765859429,1,actual_openalex_reference,test,openalex_public_health_200
W2988053505,W2767123244,1,actual_openalex_reference,test,openalex_public_health_200
W2988053505,W2790277778,1,actual_openalex_reference,test,openalex_public_health_200
W2988053505,W2794797190,1,actual_openalex_reference,test,openalex_public_health_200
W2988053505,W2795784950,1,actual_openalex_reference,test,openalex_public_health_200
W2988053505,W2797313874,1,actual_openalex_reference,test,openalex_public_health_200
W2988053505,W2799691134,1,actual_openalex_reference,test,openalex_public_health_200
W2988053505,W2800149297,1,actual_openalex_reference,test,openalex_public_health_200
W2988053505,W2801964202,1,actual_openalex_reference,test,openalex_public_health_200
W2988053505,W2804103146,1,actual_openalex_reference,test,openalex_public_health_200
W2988053505,W2807994109,1,actual_openalex_reference,test,openalex_public_health_200
W2988053505,W2809254765,1,actual_openalex_reference,test,openalex_public_health_200
W2988053505,W2892068086,1,actual_openalex_reference,test,openalex_public_health_200
W2988053505,W2896444321,1,actual_openalex_reference,test,openalex_public_health_200
W2988053505,W2898034536,1,actual_openalex_reference,test,openalex_public_health_200
W2988053505,W2905001553,1,actual_openalex_reference,test,openalex_public_health_200
W2988053505,W2910698406,1,actual_openalex_reference,test,openalex_public_health_200
W2988053505,W4237835565,1,actual_openalex_reference,test,openalex_public_health_200
W2988053505,W4240887102,1,actual_openalex_reference,test,openalex_public_health_200
W2988053505,W4297900285,1,actual_openalex_reference,test,openalex_public_health_200
W2920131519,W1882457022,1,actual_openalex_reference,test,openalex_public_health_200
W2920131519,W1969394965,1,actual_openalex_reference,test,openalex_public_health_200
W2920131519,W1981747359,1,actual_openalex_reference,test,openalex_public_health_200
W2920131519,W1993513427,1,actual_openalex_reference,test,openalex_public_health_200
W2920131519,W2001840515,1,actual_openalex_reference,test,openalex_public_health_200
W2920131519,W2022539328,1,actual_openalex_reference,test,openalex_public_health_200
W2920131519,W2098450425,1,actual_openalex_reference,test,openalex_public_health_200
W2920131519,W2102018535,1,actual_openalex_reference,test,openalex_public_health_200
W2920131519,W2108753044,1,actual_openalex_reference,test,openalex_public_health_200
W2920131519,W2115616757,1,actual_openalex_reference,test,openalex_public_health_200
W2920131519,W2122941526,1,actual_openalex_reference,test,openalex_public_health_200
W2920131519,W2141170928,1,actual_openalex_reference,test,openalex_public_health_200
W2920131519,W2148924243,1,actual_openalex_reference,test,openalex_public_health_200
W2920131519,W2149854979,1,actual_openalex_reference,test,openalex_public_health_200
W2920131519,W2161791962,1,actual_openalex_reference,test,openalex_public_health_200
W2920131519,W2162313854,1,actual_openalex_reference,test,openalex_public_health_200
W2920131519,W2163068346,1,actual_openalex_reference,test,openalex_public_health_200
W2920131519,W2291068505,1,actual_openalex_reference,test,openalex_public_health_200
W2920131519,W2331330406,1,actual_openalex_reference,test,openalex_public_health_200
W2920131519,W2334259804,1,actual_openalex_reference,test,openalex_public_health_200
W2920131519,W2425091006,1,actual_openalex_reference,test,openalex_public_health_200
W2920131519,W4210370016,1,actual_openalex_reference,test,openalex_public_health_200
W3135348556,W69723364,1,actual_openalex_reference,test,openalex_public_health_200
W3135348556,W181007807,1,actual_openalex_reference,test,openalex_public_health_200
W3135348556,W1971765404,1,actual_openalex_reference,test,openalex_public_health_200
W3135348556,W1976187674,1,actual_openalex_reference,test,openalex_public_health_200
W3135348556,W1979548182,1,actual_openalex_reference,test,openalex_public_health_200
W3135348556,W1985281164,1,actual_openalex_reference,test,openalex_public_health_200
W3135348556,W2032494774,1,actual_openalex_reference,test,openalex_public_health_200
W3135348556,W2034821979,1,actual_openalex_reference,test,openalex_public_health_200
W3135348556,W2096846002,1,actual_openalex_reference,test,openalex_public_health_200
W3135348556,W2101625270,1,actual_openalex_reference,test,openalex_public_health_200
W3135348556,W2116254089,1,actual_openalex_reference,test,openalex_public_health_200
W3135348556,W2117967403,1,actual_openalex_reference,test,openalex_public_health_200
W3135348556,W2129346208,1,actual_openalex_reference,test,openalex_public_health_200
W3135348556,W2134848169,1,actual_openalex_reference,test,openalex_public_health_200
W3135348556,W2142147644,1,actual_openalex_reference,test,openalex_public_health_200
W3135348556,W2147570947,1,actual_openalex_reference,test,openalex_public_health_200
W3135348556,W2154144399,1,actual_openalex_reference,test,openalex_public_health_200
W3135348556,W2163877786,1,actual_openalex_reference,test,openalex_public_health_200
W3135348556,W2164161400,1,actual_openalex_reference,test,openalex_public_health_200
W3135348556,W2571919040,1,actual_openalex_reference,test,openalex_public_health_200
W3135348556,W2618626721,1,actual_openalex_reference,test,openalex_public_health_200
W3135348556,W2728248626,1,actual_openalex_reference,test,openalex_public_health_200
W3135348556,W2734368601,1,actual_openalex_reference,test,openalex_public_health_200
W3135348556,W2765496044,1,actual_openalex_reference,test,openalex_public_health_200
W3135348556,W2806715345,1,actual_openalex_reference,test,openalex_public_health_200
W3135348556,W2905021676,1,actual_openalex_reference,test,openalex_public_health_200
W3135348556,W2942836378,1,actual_openalex_reference,test,openalex_public_health_200
W3135348556,W3040372782,1,actual_openalex_reference,test,openalex_public_health_200
W3135348556,W3197554461,1,actual_openalex_reference,test,openalex_public_health_200
W3135348556,W4231483020,1,actual_openalex_reference,test,openalex_public_health_200
W7161140217,W1989196367,1,actual_openalex_reference,test,openalex_public_health_200
W7161140217,W2029787693,1,actual_openalex_reference,test,openalex_public_health_200
W7161140217,W2035290153,1,actual_openalex_reference,test,openalex_public_health_200
W7161140217,W2067824905,1,actual_openalex_reference,test,openalex_public_health_200
W7161140217,W2343343747,1,actual_openalex_reference,test,openalex_public_health_200
W7161140217,W2884319800,1,actual_openalex_reference,test,openalex_public_health_200
W7161140217,W2972556171,1,actual_openalex_reference,test,openalex_public_health_200
W7161140217,W2995710552,1,actual_openalex_reference,test,openalex_public_health_200
W7161140217,W2999649683,1,actual_openalex_reference,test,openalex_public_health_200
W7161140217,W3088648469,1,actual_openalex_reference,test,openalex_public_health_200
W7161140217,W3128807196,1,actual_openalex_reference,test,openalex_public_health_200
W7161140217,W3139291660,1,actual_openalex_reference,test,openalex_public_health_200
W7161140217,W3165880217,1,actual_openalex_reference,test,openalex_public_health_200
W7161140217,W4205800616,1,actual_openalex_reference,test,openalex_public_health_200
W7161140217,W4386979714,1,actual_openalex_reference,test,openalex_public_health_200
W7161140217,W4387530793,1,actual_openalex_reference,test,openalex_public_health_200
W7161140217,W4387539547,1,actual_openalex_reference,test,openalex_public_health_200
W7161140217,W4392742357,1,actual_openalex_reference,test,openalex_public_health_200
W7161140217,W4395666153,1,actual_openalex_reference,test,openalex_public_health_200
W7161140217,W4404611365,1,actual_openalex_reference,test,openalex_public_health_200
W7161140217,W4406195166,1,actual_openalex_reference,test,openalex_public_health_200
W7161140217,W4413835423,1,actual_openalex_reference,test,openalex_public_health_200
W7166514897,W2467751070,1,actual_openalex_reference,test,openalex_public_health_200
W7166514897,W2771455310,1,actual_openalex_reference,test,openalex_public_health_200
W7166514897,W3033864637,1,actual_openalex_reference,test,openalex_public_health_200
W7166514897,W3109614732,1,actual_openalex_reference,test,openalex_public_health_200
W7166514897,W3174179070,1,actual_openalex_reference,test,openalex_public_health_200
W7166514897,W3208201081,1,actual_openalex_reference,test,openalex_public_health_200
W7166514897,W4205510052,1,actual_openalex_reference,test,openalex_public_health_200
W7166514897,W4206747045,1,actual_openalex_reference,test,openalex_public_health_200
W7166514897,W4220781156,1,actual_openalex_reference,test,openalex_public_health_200
W7166514897,W4379053031,1,actual_openalex_reference,test,openalex_public_health_200
W7166514897,W4390692055,1,actual_openalex_reference,test,openalex_public_health_200
W7166514897,W4393230082,1,actual_openalex_reference,test,openalex_public_health_200
W7166514897,W4414993141,1,actual_openalex_reference,test,openalex_public_health_200
W7166514897,W4416666611,1,actual_openalex_reference,test,openalex_public_health_200
W7166514897,W4416910700,1,actual_openalex_reference,test,openalex_public_health_200
W7166514897,W4416979401,1,actual_openalex_reference,test,openalex_public_health_200
W4384118627,W1930945525,1,actual_openalex_reference,test,openalex_public_health_200
W4384118627,W1967782911,1,actual_openalex_reference,test,openalex_public_health_200
W4384118627,W2033483054,1,actual_openalex_reference,test,openalex_public_health_200
W4384118627,W2076879331,1,actual_openalex_reference,test,openalex_public_health_200
W4384118627,W2084432982,1,actual_openalex_reference,test,openalex_public_health_200
W4384118627,W2089948824,1,actual_openalex_reference,test,openalex_public_health_200
W4384118627,W2126865845,1,actual_openalex_reference,test,openalex_public_health_200
W4384118627,W2194441916,1,actual_openalex_reference,test,openalex_public_health_200
W4384118627,W2803922463,1,actual_openalex_reference,test,openalex_public_health_200
W4384118627,W3084194636,1,actual_openalex_reference,test,openalex_public_health_200
W7124165894,W1537612585,1,actual_openalex_reference,test,openalex_public_health_200
W7124165894,W1993712001,1,actual_openalex_reference,test,openalex_public_health_200
W7124165894,W2032894542,1,actual_openalex_reference,test,openalex_public_health_200
W7124165894,W2041247701,1,actual_openalex_reference,test,openalex_public_health_200
W7124165894,W2068012691,1,actual_openalex_reference,test,openalex_public_health_200
W7124165894,W2079902751,1,actual_openalex_reference,test,openalex_public_health_200
W7124165894,W2087117638,1,actual_openalex_reference,test,openalex_public_health_200
W7124165894,W2098269141,1,actual_openalex_reference,test,openalex_public_health_200
W7124165894,W2119791199,1,actual_openalex_reference,test,openalex_public_health_200
W7124165894,W2164889791,1,actual_openalex_reference,test,openalex_public_health_200
W7124165894,W2211105598,1,actual_openalex_reference,test,openalex_public_health_200
W7124165894,W2256756668,1,actual_openalex_reference,test,openalex_public_health_200
W7124165894,W2559978238,1,actual_openalex_reference,test,openalex_public_health_200
W7124165894,W2594220414,1,actual_openalex_reference,test,openalex_public_health_200
W7124165894,W2597732596,1,actual_openalex_reference,test,openalex_public_health_200
W7124165894,W2655976600,1,actual_openalex_reference,test,openalex_public_health_200
W7124165894,W2887913717,1,actual_openalex_reference,test,openalex_public_health_200
W7124165894,W2889037189,1,actual_openalex_reference,test,openalex_public_health_200
W7124165894,W2943793383,1,actual_openalex_reference,test,openalex_public_health_200
W7124165894,W2950665285,1,actual_openalex_reference,test,openalex_public_health_200
W7124165894,W2974084556,1,actual_openalex_reference,test,openalex_public_health_200
W7124165894,W2978597857,1,actual_openalex_reference,test,openalex_public_health_200
W7124165894,W3021602560,1,actual_openalex_reference,test,openalex_public_health_200
W7124165894,W3047659837,1,actual_openalex_reference,test,openalex_public_health_200
W7124165894,W3095198749,1,actual_openalex_reference,test,openalex_public_health_200
W7124165894,W3096219269,1,actual_openalex_reference,test,openalex_public_health_200
W7124165894,W3096386225,1,actual_openalex_reference,test,openalex_public_health_200
W7124165894,W3134260725,1,actual_openalex_reference,test,openalex_public_health_200
W7124165894,W3147781127,1,actual_openalex_reference,test,openalex_public_health_200
W7124165894,W3210552972,1,actual_openalex_reference,test,openalex_public_health_200
W7124165894,W4205102279,1,actual_openalex_reference,test,openalex_public_health_200
W7124165894,W4205416089,1,actual_openalex_reference,test,openalex_public_health_200
W7124165894,W4229009493,1,actual_openalex_reference,test,openalex_public_health_200
W7124165894,W4251161773,1,actual_openalex_reference,test,openalex_public_health_200
W7124165894,W4256400688,1,actual_openalex_reference,test,openalex_public_health_200
W7124165894,W4282823964,1,actual_openalex_reference,test,openalex_public_health_200
W7124165894,W4285040551,1,actual_openalex_reference,test,openalex_public_health_200
W7124165894,W4322774859,1,actual_openalex_reference,test,openalex_public_health_200
W7124165894,W4360615992,1,actual_openalex_reference,test,openalex_public_health_200
W7124165894,W4386162034,1,actual_openalex_reference,test,openalex_public_health_200
W7124165894,W4388822270,1,actual_openalex_reference,test,openalex_public_health_200
W7124165894,W4392699830,1,actual_openalex_reference,test,openalex_public_health_200
W7124165894,W4396896434,1,actual_openalex_reference,test,openalex_public_health_200
W7124165894,W4402135312,1,actual_openalex_reference,test,openalex_public_health_200
W7124165894,W4404262682,1,actual_openalex_reference,test,openalex_public_health_200
W7124165894,W4408520869,1,actual_openalex_reference,test,openalex_public_health_200
W7124165894,W4412003186,1,actual_openalex_reference,test,openalex_public_health_200
W7131893688,W1978733850,1,actual_openalex_reference,test,openalex_public_health_200
W7131893688,W1980371517,1,actual_openalex_reference,test,openalex_public_health_200
W7131893688,W1987451814,1,actual_openalex_reference,test,openalex_public_health_200
W7131893688,W1996628529,1,actual_openalex_reference,test,openalex_public_health_200
W7131893688,W2016304110,1,actual_openalex_reference,test,openalex_public_health_200
W7131893688,W2057749648,1,actual_openalex_reference,test,openalex_public_health_200
W7131893688,W2068027757,1,actual_openalex_reference,test,openalex_public_health_200
W7131893688,W2125607758,1,actual_openalex_reference,test,openalex_public_health_200
W7131893688,W2126275349,1,actual_openalex_reference,test,openalex_public_health_200
W7131893688,W2129553396,1,actual_openalex_reference,test,openalex_public_health_200
W7131893688,W2133484963,1,actual_openalex_reference,test,openalex_public_health_200
W7131893688,W2168325380,1,actual_openalex_reference,test,openalex_public_health_200
W7131893688,W2416067382,1,actual_openalex_reference,test,openalex_public_health_200
W7131893688,W2581113141,1,actual_openalex_reference,test,openalex_public_health_200
W7131893688,W2946966503,1,actual_openalex_reference,test,openalex_public_health_200
W7131893688,W4231166027,1,actual_openalex_reference,test,openalex_public_health_200
W7131893688,W4251272743,1,actual_openalex_reference,test,openalex_public_health_200
W4392657296,W3094989866,1,actual_openalex_reference,test,openalex_public_health_200
W4392657296,W3105368210,1,actual_openalex_reference,test,openalex_public_health_200
W4392657296,W3116820699,1,actual_openalex_reference,test,openalex_public_health_200
W4392657296,W4231357601,1,actual_openalex_reference,test,openalex_public_health_200
W4392657296,W4281617636,1,actual_openalex_reference,test,openalex_public_health_200
W4392657296,W4292866271,1,actual_openalex_reference,test,openalex_public_health_200
W4392657296,W4296167920,1,actual_openalex_reference,test,openalex_public_health_200
W4392657296,W4312851721,1,actual_openalex_reference,test,openalex_public_health_200
W4392657296,W4312986778,1,actual_openalex_reference,test,openalex_public_health_200
W4392657296,W4364376626,1,actual_openalex_reference,test,openalex_public_health_200
W4392657296,W4372269075,1,actual_openalex_reference,test,openalex_public_health_200
W4405365894,W2778361295,1,actual_openalex_reference,test,openalex_public_health_200
W4405365894,W4284963111,1,actual_openalex_reference,test,openalex_public_health_200
W4405365894,W4309518196,1,actual_openalex_reference,test,openalex_public_health_200
W4405365894,W4401914194,1,actual_openalex_reference,test,openalex_public_health_200
W4400250116,W2163430099,1,actual_openalex_reference,test,openalex_public_health_200
W4400250116,W2793797331,1,actual_openalex_reference,test,openalex_public_health_200
W4400250116,W2800688645,1,actual_openalex_reference,test,openalex_public_health_200
W4400250116,W2885255194,1,actual_openalex_reference,test,openalex_public_health_200
W4400250116,W2887039808,1,actual_openalex_reference,test,openalex_public_health_200
W4400250116,W2892753477,1,actual_openalex_reference,test,openalex_public_health_200
W4400250116,W2901130349,1,actual_openalex_reference,test,openalex_public_health_200
W4400250116,W2923036816,1,actual_openalex_reference,test,openalex_public_health_200
W4400250116,W2991519923,1,actual_openalex_reference,test,openalex_public_health_200
W4400250116,W3004547878,1,actual_openalex_reference,test,openalex_public_health_200
W4400250116,W3010958196,1,actual_openalex_reference,test,openalex_public_health_200
W4400250116,W3011157405,1,actual_openalex_reference,test,openalex_public_health_200
W4400250116,W3046837479,1,actual_openalex_reference,test,openalex_public_health_200
W4400250116,W3049118544,1,actual_openalex_reference,test,openalex_public_health_200
W4400250116,W3159433173,1,actual_openalex_reference,test,openalex_public_health_200
W4400250116,W4200381920,1,actual_openalex_reference,test,openalex_public_health_200
W4400250116,W4221115207,1,actual_openalex_reference,test,openalex_public_health_200
W4400250116,W4226075651,1,actual_openalex_reference,test,openalex_public_health_200
W4400250116,W4297347735,1,actual_openalex_reference,test,openalex_public_health_200
W4400250116,W4312052301,1,actual_openalex_reference,test,openalex_public_health_200
W4400250116,W4321781504,1,actual_openalex_reference,test,openalex_public_health_200
W4400250116,W4353051719,1,actual_openalex_reference,test,openalex_public_health_200
W4400250116,W4385299135,1,actual_openalex_reference,test,openalex_public_health_200
W7165560156,W2070244975,1,actual_openalex_reference,test,openalex_public_health_200
W7165560156,W2075211899,1,actual_openalex_reference,test,openalex_public_health_200
W7165560156,W2346610964,1,actual_openalex_reference,test,openalex_public_health_200
W7165560156,W2605459466,1,actual_openalex_reference,test,openalex_public_health_200
W7165560156,W2768998640,1,actual_openalex_reference,test,openalex_public_health_200
W7165560156,W2995038472,1,actual_openalex_reference,test,openalex_public_health_200
W7165560156,W3104589131,1,actual_openalex_reference,test,openalex_public_health_200
W7165560156,W3134452096,1,actual_openalex_reference,test,openalex_public_health_200
W7165560156,W4224223400,1,actual_openalex_reference,test,openalex_public_health_200
W7165560156,W4391134888,1,actual_openalex_reference,test,openalex_public_health_200
W7165560156,W4391656721,1,actual_openalex_reference,test,openalex_public_health_200
W7165560156,W4392796714,1,actual_openalex_reference,test,openalex_public_health_200
W7165560156,W4405074091,1,actual_openalex_reference,test,openalex_public_health_200
W7165560156,W4408828505,1,actual_openalex_reference,test,openalex_public_health_200
W7165560156,W4415525040,1,actual_openalex_reference,test,openalex_public_health_200
W4413241106,W2887030627,1,actual_openalex_reference,test,openalex_public_health_200
W4413241106,W4408177090,1,actual_openalex_reference,test,openalex_public_health_200
W4413241106,W4408527982,1,actual_openalex_reference,test,openalex_public_health_200
W4413241106,W4412037222,1,actual_openalex_reference,test,openalex_public_health_200
W7163407317,W3017185871,1,actual_openalex_reference,test,openalex_public_health_200
W7163407317,W3133926101,1,actual_openalex_reference,test,openalex_public_health_200
W7163407317,W3134546660,1,actual_openalex_reference,test,openalex_public_health_200
W7163407317,W3176334718,1,actual_openalex_reference,test,openalex_public_health_200
W7163407317,W3190876559,1,actual_openalex_reference,test,openalex_public_health_200
W7163407317,W3198100855,1,actual_openalex_reference,test,openalex_public_health_200
W7163407317,W3203103361,1,actual_openalex_reference,test,openalex_public_health_200
W7163407317,W3212435177,1,actual_openalex_reference,test,openalex_public_health_200
W7163407317,W4210645638,1,actual_openalex_reference,test,openalex_public_health_200
W7163407317,W4220772066,1,actual_openalex_reference,test,openalex_public_health_200
W7163407317,W4290805617,1,actual_openalex_reference,test,openalex_public_health_200
W7163407317,W4292241804,1,actual_openalex_reference,test,openalex_public_health_200
W7163407317,W4292243626,1,actual_openalex_reference,test,openalex_public_health_200
W7163407317,W4295088296,1,actual_openalex_reference,test,openalex_public_health_200
W7163407317,W4310231992,1,actual_openalex_reference,test,openalex_public_health_200
W7163407317,W4317532287,1,actual_openalex_reference,test,openalex_public_health_200
W7163407317,W4321441190,1,actual_openalex_reference,test,openalex_public_health_200
W7163407317,W4365511507,1,actual_openalex_reference,test,openalex_public_health_200
W7163407317,W4378575401,1,actual_openalex_reference,test,openalex_public_health_200
W7163407317,W4383896884,1,actual_openalex_reference,test,openalex_public_health_200
W7163407317,W4386438004,1,actual_openalex_reference,test,openalex_public_health_200
W7163407317,W4387812663,1,actual_openalex_reference,test,openalex_public_health_200
W7163407317,W4389348701,1,actual_openalex_reference,test,openalex_public_health_200
W7163407317,W4390943713,1,actual_openalex_reference,test,openalex_public_health_200
W7163407317,W4391558130,1,actual_openalex_reference,test,openalex_public_health_200
W7163407317,W4391606772,1,actual_openalex_reference,test,openalex_public_health_200
W7163407317,W4392884082,1,actual_openalex_reference,test,openalex_public_health_200
W7163407317,W4393046670,1,actual_openalex_reference,test,openalex_public_health_200
W7163407317,W4394874522,1,actual_openalex_reference,test,openalex_public_health_200
W7163407317,W4401169513,1,actual_openalex_reference,test,openalex_public_health_200
W7163407317,W4401547975,1,actual_openalex_reference,test,openalex_public_health_200
W7163407317,W4402755334,1,actual_openalex_reference,test,openalex_public_health_200
W7163407317,W4404595382,1,actual_openalex_reference,test,openalex_public_health_200
W7163407317,W4405170656,1,actual_openalex_reference,test,openalex_public_health_200
W7163407317,W4405175702,1,actual_openalex_reference,test,openalex_public_health_200
W7163407317,W4405887858,1,actual_openalex_reference,test,openalex_public_health_200
W7163407317,W4407054243,1,actual_openalex_reference,test,openalex_public_health_200
W7163407317,W4407920963,1,actual_openalex_reference,test,openalex_public_health_200
W7163407317,W4408524423,1,actual_openalex_reference,test,openalex_public_health_200
W7163407317,W4409283889,1,actual_openalex_reference,test,openalex_public_health_200
W7163407317,W4409368601,1,actual_openalex_reference,test,openalex_public_health_200
W7163407317,W4409614012,1,actual_openalex_reference,test,openalex_public_health_200
W4404365541,W82480787,1,actual_openalex_reference,test,openalex_public_health_200
W4404365541,W1978127527,1,actual_openalex_reference,test,openalex_public_health_200
W4404365541,W2016420259,1,actual_openalex_reference,test,openalex_public_health_200
W4404365541,W2050868713,1,actual_openalex_reference,test,openalex_public_health_200
W4404365541,W2083551778,1,actual_openalex_reference,test,openalex_public_health_200
W4404365541,W2084126337,1,actual_openalex_reference,test,openalex_public_health_200
W4404365541,W2087735159,1,actual_openalex_reference,test,openalex_public_health_200
W4404365541,W2088563464,1,actual_openalex_reference,test,openalex_public_health_200
W4404365541,W2099756586,1,actual_openalex_reference,test,openalex_public_health_200
W4404365541,W2154697268,1,actual_openalex_reference,test,openalex_public_health_200
W4404365541,W2238955836,1,actual_openalex_reference,test,openalex_public_health_200
W4404365541,W2964451631,1,actual_openalex_reference,test,openalex_public_health_200
W4404365541,W3110555175,1,actual_openalex_reference,test,openalex_public_health_200
W4404365541,W3200327520,1,actual_openalex_reference,test,openalex_public_health_200
W4404365541,W4205551513,1,actual_openalex_reference,test,openalex_public_health_200
W4404365541,W4237609333,1,actual_openalex_reference,test,openalex_public_health_200
W4404365541,W4244589387,1,actual_openalex_reference,test,openalex_public_health_200
W4404365541,W4387755076,1,actual_openalex_reference,test,openalex_public_health_200
W4404365541,W4393931051,1,actual_openalex_reference,test,openalex_public_health_200
W7130573093,W2000847106,1,actual_openalex_reference,test,openalex_public_health_200
W7130573093,W2093265236,1,actual_openalex_reference,test,openalex_public_health_200
W7130573093,W2156159883,1,actual_openalex_reference,test,openalex_public_health_200
W7130573093,W2944947851,1,actual_openalex_reference,test,openalex_public_health_200
W7130573093,W4304631552,1,actual_openalex_reference,test,openalex_public_health_200
W7130573093,W4387811739,1,actual_openalex_reference,test,openalex_public_health_200
W7130573093,W4404599554,1,actual_openalex_reference,test,openalex_public_health_200
W7130573093,W4404696639,1,actual_openalex_reference,test,openalex_public_health_200
W4414293092,W1928799935,1,actual_openalex_reference,test,openalex_public_health_200
W4414293092,W1971564824,1,actual_openalex_reference,test,openalex_public_health_200
W4414293092,W1996788494,1,actual_openalex_reference,test,openalex_public_health_200
W4414293092,W1997311184,1,actual_openalex_reference,test,openalex_public_health_200
W4414293092,W2022127993,1,actual_openalex_reference,test,openalex_public_health_200
W4414293092,W2060740193,1,actual_openalex_reference,test,openalex_public_health_200
W4414293092,W2071040218,1,actual_openalex_reference,test,openalex_public_health_200
W4414293092,W2097718969,1,actual_openalex_reference,test,openalex_public_health_200
W4414293092,W2102002793,1,actual_openalex_reference,test,openalex_public_health_200
W4414293092,W2135607284,1,actual_openalex_reference,test,openalex_public_health_200
W4414293092,W2153763344,1,actual_openalex_reference,test,openalex_public_health_200
W4414293092,W2159661705,1,actual_openalex_reference,test,openalex_public_health_200
W4414293092,W2160913617,1,actual_openalex_reference,test,openalex_public_health_200
W4414293092,W2187570475,1,actual_openalex_reference,test,openalex_public_health_200
W4414293092,W2303706388,1,actual_openalex_reference,test,openalex_public_health_200
W4414293092,W2782095023,1,actual_openalex_reference,test,openalex_public_health_200
W4414293092,W2883811756,1,actual_openalex_reference,test,openalex_public_health_200
W4414293092,W2891140236,1,actual_openalex_reference,test,openalex_public_health_200
W4414293092,W2928220480,1,actual_openalex_reference,test,openalex_public_health_200
W4414293092,W2940091552,1,actual_openalex_reference,test,openalex_public_health_200
W4414293092,W2958210097,1,actual_openalex_reference,test,openalex_public_health_200
W4414293092,W2973002259,1,actual_openalex_reference,test,openalex_public_health_200
W4414293092,W3083554338,1,actual_openalex_reference,test,openalex_public_health_200
W4414293092,W3119400596,1,actual_openalex_reference,test,openalex_public_health_200
W4414293092,W3158080874,1,actual_openalex_reference,test,openalex_public_health_200
W4414293092,W3173578118,1,actual_openalex_reference,test,openalex_public_health_200
W4414293092,W3175806594,1,actual_openalex_reference,test,openalex_public_health_200
W4414293092,W3201325144,1,actual_openalex_reference,test,openalex_public_health_200
W4414293092,W4200529257,1,actual_openalex_reference,test,openalex_public_health_200
W4414293092,W4213174091,1,actual_openalex_reference,test,openalex_public_health_200
W4414293092,W4231435606,1,actual_openalex_reference,test,openalex_public_health_200
W4414293092,W4281553578,1,actual_openalex_reference,test,openalex_public_health_200
W4414293092,W4299285336,1,actual_openalex_reference,test,openalex_public_health_200
W4414293092,W4310238865,1,actual_openalex_reference,test,openalex_public_health_200
W4414293092,W4375955566,1,actual_openalex_reference,test,openalex_public_health_200
W4414293092,W4386241815,1,actual_openalex_reference,test,openalex_public_health_200
W4414293092,W4391349960,1,actual_openalex_reference,test,openalex_public_health_200
W4414293092,W4392005472,1,actual_openalex_reference,test,openalex_public_health_200
W4414293092,W4405855511,1,actual_openalex_reference,test,openalex_public_health_200
W4404571477,W2124656409,1,actual_openalex_reference,test,openalex_public_health_200
W4404571477,W2158269238,1,actual_openalex_reference,test,openalex_public_health_200
W4404571477,W2396191367,1,actual_openalex_reference,test,openalex_public_health_200
W4404571477,W2399828993,1,actual_openalex_reference,test,openalex_public_health_200
W4404571477,W2508504312,1,actual_openalex_reference,test,openalex_public_health_200
W4404571477,W2566432044,1,actual_openalex_reference,test,openalex_public_health_200
W4404571477,W2616911995,1,actual_openalex_reference,test,openalex_public_health_200
W4404571477,W2744868300,1,actual_openalex_reference,test,openalex_public_health_200
W4404571477,W2749658895,1,actual_openalex_reference,test,openalex_public_health_200
W4404571477,W2761920516,1,actual_openalex_reference,test,openalex_public_health_200
W4404571477,W2927960701,1,actual_openalex_reference,test,openalex_public_health_200
W4404571477,W2949941775,1,actual_openalex_reference,test,openalex_public_health_200
W4404571477,W3012006449,1,actual_openalex_reference,test,openalex_public_health_200
W4404571477,W3013534864,1,actual_openalex_reference,test,openalex_public_health_200
W4404571477,W3015106848,1,actual_openalex_reference,test,openalex_public_health_200
W4404571477,W3088577010,1,actual_openalex_reference,test,openalex_public_health_200
W4404571477,W3136138984,1,actual_openalex_reference,test,openalex_public_health_200
W4404571477,W3209259671,1,actual_openalex_reference,test,openalex_public_health_200
W4404571477,W4210936667,1,actual_openalex_reference,test,openalex_public_health_200
W4404571477,W4212877599,1,actual_openalex_reference,test,openalex_public_health_200
W4404571477,W4224282750,1,actual_openalex_reference,test,openalex_public_health_200
W4404571477,W4315629511,1,actual_openalex_reference,test,openalex_public_health_200
W4404571477,W4321788032,1,actual_openalex_reference,test,openalex_public_health_200
W7133668707,W140921356,1,actual_openalex_reference,test,openalex_public_health_200
W7133668707,W1545585374,1,actual_openalex_reference,test,openalex_public_health_200
W7133668707,W1819331685,1,actual_openalex_reference,test,openalex_public_health_200
W7133668707,W1875787624,1,actual_openalex_reference,test,openalex_public_health_200
W7133668707,W1968019654,1,actual_openalex_reference,test,openalex_public_health_200
W7133668707,W1975646125,1,actual_openalex_reference,test,openalex_public_health_200
W7133668707,W1977167384,1,actual_openalex_reference,test,openalex_public_health_200
W7133668707,W1983775120,1,actual_openalex_reference,test,openalex_public_health_200
W7133668707,W1987152535,1,actual_openalex_reference,test,openalex_public_health_200
W7133668707,W2005858550,1,actual_openalex_reference,test,openalex_public_health_200
W7133668707,W2040390273,1,actual_openalex_reference,test,openalex_public_health_200
W7133668707,W2045645752,1,actual_openalex_reference,test,openalex_public_health_200
W7133668707,W2045696270,1,actual_openalex_reference,test,openalex_public_health_200
W7133668707,W2056517678,1,actual_openalex_reference,test,openalex_public_health_200
W7133668707,W2061159538,1,actual_openalex_reference,test,openalex_public_health_200
W7133668707,W2062116638,1,actual_openalex_reference,test,openalex_public_health_200
W7133668707,W2063140977,1,actual_openalex_reference,test,openalex_public_health_200
W7133668707,W2067131857,1,actual_openalex_reference,test,openalex_public_health_200
W7133668707,W2079087557,1,actual_openalex_reference,test,openalex_public_health_200
W7133668707,W2081377931,1,actual_openalex_reference,test,openalex_public_health_200
W7133668707,W2081672705,1,actual_openalex_reference,test,openalex_public_health_200
W7133668707,W2082781025,1,actual_openalex_reference,test,openalex_public_health_200
W7133668707,W2085748808,1,actual_openalex_reference,test,openalex_public_health_200
W7133668707,W2087577967,1,actual_openalex_reference,test,openalex_public_health_200
W7133668707,W2096278734,1,actual_openalex_reference,test,openalex_public_health_200
W7133668707,W2097376050,1,actual_openalex_reference,test,openalex_public_health_200
W7133668707,W2097935692,1,actual_openalex_reference,test,openalex_public_health_200
W7133668707,W2099386892,1,actual_openalex_reference,test,openalex_public_health_200
W7133668707,W2099901798,1,actual_openalex_reference,test,openalex_public_health_200
W7133668707,W2108064168,1,actual_openalex_reference,test,openalex_public_health_200
W7133668707,W2111013861,1,actual_openalex_reference,test,openalex_public_health_200
W7133668707,W2111334238,1,actual_openalex_reference,test,openalex_public_health_200
W7133668707,W2114151614,1,actual_openalex_reference,test,openalex_public_health_200
W7133668707,W2114991398,1,actual_openalex_reference,test,openalex_public_health_200
W7133668707,W2118320241,1,actual_openalex_reference,test,openalex_public_health_200
W7133668707,W2123164501,1,actual_openalex_reference,test,openalex_public_health_200
W7133668707,W2133753269,1,actual_openalex_reference,test,openalex_public_health_200
W7133668707,W2136426646,1,actual_openalex_reference,test,openalex_public_health_200
W7133668707,W2147225218,1,actual_openalex_reference,test,openalex_public_health_200
W7133668707,W2150294972,1,actual_openalex_reference,test,openalex_public_health_200
W7133668707,W2150861778,1,actual_openalex_reference,test,openalex_public_health_200
W7133668707,W2151525582,1,actual_openalex_reference,test,openalex_public_health_200
W7133668707,W2159990399,1,actual_openalex_reference,test,openalex_public_health_200
W7133668707,W2160138109,1,actual_openalex_reference,test,openalex_public_health_200
W7133668707,W2161937173,1,actual_openalex_reference,test,openalex_public_health_200
W7133668707,W2163193871,1,actual_openalex_reference,test,openalex_public_health_200
W7133668707,W2164073760,1,actual_openalex_reference,test,openalex_public_health_200
W7133668707,W2164692100,1,actual_openalex_reference,test,openalex_public_health_200
W7133668707,W2170182498,1,actual_openalex_reference,test,openalex_public_health_200
W7133668707,W2172370221,1,actual_openalex_reference,test,openalex_public_health_200
W7133668707,W2180539407,1,actual_openalex_reference,test,openalex_public_health_200
W7133668707,W2180574465,1,actual_openalex_reference,test,openalex_public_health_200
W7133668707,W2182190412,1,actual_openalex_reference,test,openalex_public_health_200
W7133668707,W2223714789,1,actual_openalex_reference,test,openalex_public_health_200
W7133668707,W2253728781,1,actual_openalex_reference,test,openalex_public_health_200
W7133668707,W2322712713,1,actual_openalex_reference,test,openalex_public_health_200
W7133668707,W2409941578,1,actual_openalex_reference,test,openalex_public_health_200
W7133668707,W2431469065,1,actual_openalex_reference,test,openalex_public_health_200
W7133668707,W2550254786,1,actual_openalex_reference,test,openalex_public_health_200
W7133668707,W2594245954,1,actual_openalex_reference,test,openalex_public_health_200
W7133668707,W2729947798,1,actual_openalex_reference,test,openalex_public_health_200
W7133668707,W2755004305,1,actual_openalex_reference,test,openalex_public_health_200
W7133668707,W2762022349,1,actual_openalex_reference,test,openalex_public_health_200
W7133668707,W2786989445,1,actual_openalex_reference,test,openalex_public_health_200
W7133668707,W2790966175,1,actual_openalex_reference,test,openalex_public_health_200
W7133668707,W2794358532,1,actual_openalex_reference,test,openalex_public_health_200
W7133668707,W2900118386,1,actual_openalex_reference,test,openalex_public_health_200
W7133668707,W2913415110,1,actual_openalex_reference,test,openalex_public_health_200
W7133668707,W2921167819,1,actual_openalex_reference,test,openalex_public_health_200
W7133668707,W3012256304,1,actual_openalex_reference,test,openalex_public_health_200
W7133668707,W3015745139,1,actual_openalex_reference,test,openalex_public_health_200
W7133668707,W3028020818,1,actual_openalex_reference,test,openalex_public_health_200
W7133668707,W3047603741,1,actual_openalex_reference,test,openalex_public_health_200
W7133668707,W3109690279,1,actual_openalex_reference,test,openalex_public_health_200
W7133668707,W3120856023,1,actual_openalex_reference,test,openalex_public_health_200
W7133668707,W3127403212,1,actual_openalex_reference,test,openalex_public_health_200
W7133668707,W3158479394,1,actual_openalex_reference,test,openalex_public_health_200
W7133668707,W3162915149,1,actual_openalex_reference,test,openalex_public_health_200
W7133668707,W3205199003,1,actual_openalex_reference,test,openalex_public_health_200
W7133668707,W4205231073,1,actual_openalex_reference,test,openalex_public_health_200
W7133668707,W4210776166,1,actual_openalex_reference,test,openalex_public_health_200
W7133668707,W4234119997,1,actual_openalex_reference,test,openalex_public_health_200
W7133668707,W4235235876,1,actual_openalex_reference,test,openalex_public_health_200
W7133668707,W4244697140,1,actual_openalex_reference,test,openalex_public_health_200
W7133668707,W4248318879,1,actual_openalex_reference,test,openalex_public_health_200
W7133668707,W4297627151,1,actual_openalex_reference,test,openalex_public_health_200
W7133668707,W4306925917,1,actual_openalex_reference,test,openalex_public_health_200
W7133668707,W4309013939,1,actual_openalex_reference,test,openalex_public_health_200
W7133668707,W4382600506,1,actual_openalex_reference,test,openalex_public_health_200
W7133668707,W4387060275,1,actual_openalex_reference,test,openalex_public_health_200
W7133668707,W4388902738,1,actual_openalex_reference,test,openalex_public_health_200
W7133668707,W4389656315,1,actual_openalex_reference,test,openalex_public_health_200
W7133668707,W4390057739,1,actual_openalex_reference,test,openalex_public_health_200
W7133668707,W4396893927,1,actual_openalex_reference,test,openalex_public_health_200
W7133668707,W4399816078,1,actual_openalex_reference,test,openalex_public_health_200
W7133668707,W4402295363,1,actual_openalex_reference,test,openalex_public_health_200
W7133668707,W4402750616,1,actual_openalex_reference,test,openalex_public_health_200
W7133668707,W4403163177,1,actual_openalex_reference,test,openalex_public_health_200
W7133668707,W4408295647,1,actual_openalex_reference,test,openalex_public_health_200
W7133668707,W4408362867,1,actual_openalex_reference,test,openalex_public_health_200
W7133668707,W4409112020,1,actual_openalex_reference,test,openalex_public_health_200
W7161006381,W2001442493,1,actual_openalex_reference,test,openalex_public_health_200
W7161006381,W2005133873,1,actual_openalex_reference,test,openalex_public_health_200
W7161006381,W2077818284,1,actual_openalex_reference,test,openalex_public_health_200
W7161006381,W2085815446,1,actual_openalex_reference,test,openalex_public_health_200
W7161006381,W2096452841,1,actual_openalex_reference,test,openalex_public_health_200
W7161006381,W2150957645,1,actual_openalex_reference,test,openalex_public_health_200
W7161006381,W2595038737,1,actual_openalex_reference,test,openalex_public_health_200
W7161006381,W2997860137,1,actual_openalex_reference,test,openalex_public_health_200
W7161006381,W3152520657,1,actual_openalex_reference,test,openalex_public_health_200
W7161006381,W3160475423,1,actual_openalex_reference,test,openalex_public_health_200
W7161006381,W3171376798,1,actual_openalex_reference,test,openalex_public_health_200
W7161006381,W3195692126,1,actual_openalex_reference,test,openalex_public_health_200
W7161006381,W3206617408,1,actual_openalex_reference,test,openalex_public_health_200
W7161006381,W4221159399,1,actual_openalex_reference,test,openalex_public_health_200
W7161006381,W4288035529,1,actual_openalex_reference,test,openalex_public_health_200
W7161006381,W4311160181,1,actual_openalex_reference,test,openalex_public_health_200
W7161006381,W4323668076,1,actual_openalex_reference,test,openalex_public_health_200
W7161006381,W4386278659,1,actual_openalex_reference,test,openalex_public_health_200
W7161006381,W4387932142,1,actual_openalex_reference,test,openalex_public_health_200
W7161006381,W4390141344,1,actual_openalex_reference,test,openalex_public_health_200
W7161006381,W4391229408,1,actual_openalex_reference,test,openalex_public_health_200
W7161006381,W4394577024,1,actual_openalex_reference,test,openalex_public_health_200
W7161006381,W4400315230,1,actual_openalex_reference,test,openalex_public_health_200
W7161006381,W4400497964,1,actual_openalex_reference,test,openalex_public_health_200
W7161006381,W4401161916,1,actual_openalex_reference,test,openalex_public_health_200
W7161006381,W4403584735,1,actual_openalex_reference,test,openalex_public_health_200
W7161006381,W4404919786,1,actual_openalex_reference,test,openalex_public_health_200
W7161006381,W4405250565,1,actual_openalex_reference,test,openalex_public_health_200
W7161006381,W4406868811,1,actual_openalex_reference,test,openalex_public_health_200
W7161006381,W4408287635,1,actual_openalex_reference,test,openalex_public_health_200
W7161006381,W4409470270,1,actual_openalex_reference,test,openalex_public_health_200
W7161006381,W4411823731,1,actual_openalex_reference,test,openalex_public_health_200
W7161006381,W4414132981,1,actual_openalex_reference,test,openalex_public_health_200
W4403237442,W647869256,1,actual_openalex_reference,test,openalex_public_health_200
W4403237442,W2105188305,1,actual_openalex_reference,test,openalex_public_health_200
W4403237442,W2780929683,1,actual_openalex_reference,test,openalex_public_health_200
W4403237442,W2891179537,1,actual_openalex_reference,test,openalex_public_health_200
W4403237442,W3091155963,1,actual_openalex_reference,test,openalex_public_health_200
W4403237442,W3128698777,1,actual_openalex_reference,test,openalex_public_health_200
W4403237442,W4281692267,1,actual_openalex_reference,test,openalex_public_health_200
W4403237442,W4285582634,1,actual_openalex_reference,test,openalex_public_health_200
W4403237442,W4378516802,1,actual_openalex_reference,test,openalex_public_health_200
W4403237442,W4382238801,1,actual_openalex_reference,test,openalex_public_health_200
W4416357103,W1988089886,1,actual_openalex_reference,test,openalex_public_health_200
W4416357103,W2000637330,1,actual_openalex_reference,test,openalex_public_health_200
W4416357103,W2015605491,1,actual_openalex_reference,test,openalex_public_health_200
W4416357103,W2034173078,1,actual_openalex_reference,test,openalex_public_health_200
W4416357103,W2085461391,1,actual_openalex_reference,test,openalex_public_health_200
W4416357103,W2097497906,1,actual_openalex_reference,test,openalex_public_health_200
W4416357103,W2108799971,1,actual_openalex_reference,test,openalex_public_health_200
W4416357103,W2119055396,1,actual_openalex_reference,test,openalex_public_health_200
W4416357103,W2119287388,1,actual_openalex_reference,test,openalex_public_health_200
W4416357103,W2120445700,1,actual_openalex_reference,test,openalex_public_health_200
W4416357103,W2154794026,1,actual_openalex_reference,test,openalex_public_health_200
W4416357103,W2167117589,1,actual_openalex_reference,test,openalex_public_health_200
W4416357103,W2263052627,1,actual_openalex_reference,test,openalex_public_health_200
W4416357103,W2610451848,1,actual_openalex_reference,test,openalex_public_health_200
W4416357103,W2625070420,1,actual_openalex_reference,test,openalex_public_health_200
W4416357103,W2762689525,1,actual_openalex_reference,test,openalex_public_health_200
W4416357103,W3173578288,1,actual_openalex_reference,test,openalex_public_health_200
W4416357103,W4313909290,1,actual_openalex_reference,test,openalex_public_health_200
W4416357103,W4386242984,1,actual_openalex_reference,test,openalex_public_health_200
W4416357103,W4402461871,1,actual_openalex_reference,test,openalex_public_health_200
W4404630267,W1498689470,1,actual_openalex_reference,test,openalex_public_health_200
W4404630267,W1509926487,1,actual_openalex_reference,test,openalex_public_health_200
W4404630267,W1521933398,1,actual_openalex_reference,test,openalex_public_health_200
W4404630267,W1601462232,1,actual_openalex_reference,test,openalex_public_health_200
W4404630267,W1634250897,1,actual_openalex_reference,test,openalex_public_health_200
W4404630267,W1922555179,1,actual_openalex_reference,test,openalex_public_health_200
W4404630267,W1975621320,1,actual_openalex_reference,test,openalex_public_health_200
W4404630267,W1978611831,1,actual_openalex_reference,test,openalex_public_health_200
W4404630267,W2014593621,1,actual_openalex_reference,test,openalex_public_health_200
W4404630267,W2065888192,1,actual_openalex_reference,test,openalex_public_health_200
W4404630267,W2070936810,1,actual_openalex_reference,test,openalex_public_health_200
W4404630267,W2072878021,1,actual_openalex_reference,test,openalex_public_health_200
W4404630267,W2093544337,1,actual_openalex_reference,test,openalex_public_health_200
W4404630267,W2097236372,1,actual_openalex_reference,test,openalex_public_health_200
W4404630267,W2101513674,1,actual_openalex_reference,test,openalex_public_health_200
W4404630267,W2102418649,1,actual_openalex_reference,test,openalex_public_health_200
W4404630267,W2105019626,1,actual_openalex_reference,test,openalex_public_health_200
W4404630267,W2107337543,1,actual_openalex_reference,test,openalex_public_health_200
W4404630267,W2115039102,1,actual_openalex_reference,test,openalex_public_health_200
W4404630267,W2121304943,1,actual_openalex_reference,test,openalex_public_health_200
W4404630267,W2131590106,1,actual_openalex_reference,test,openalex_public_health_200
W4404630267,W2133611039,1,actual_openalex_reference,test,openalex_public_health_200
W4404630267,W2134543957,1,actual_openalex_reference,test,openalex_public_health_200
W4404630267,W2138877746,1,actual_openalex_reference,test,openalex_public_health_200
W4404630267,W2143647463,1,actual_openalex_reference,test,openalex_public_health_200
W4404630267,W2154965665,1,actual_openalex_reference,test,openalex_public_health_200
W4404630267,W2168380813,1,actual_openalex_reference,test,openalex_public_health_200
W4404630267,W2171480031,1,actual_openalex_reference,test,openalex_public_health_200
W4404630267,W2173291953,1,actual_openalex_reference,test,openalex_public_health_200
W4404630267,W2226522616,1,actual_openalex_reference,test,openalex_public_health_200
W4404630267,W2398109257,1,actual_openalex_reference,test,openalex_public_health_200
W4404630267,W2410741141,1,actual_openalex_reference,test,openalex_public_health_200
W4404630267,W2469418149,1,actual_openalex_reference,test,openalex_public_health_200
W4404630267,W2512273152,1,actual_openalex_reference,test,openalex_public_health_200
W4404630267,W2555082051,1,actual_openalex_reference,test,openalex_public_health_200
W4404630267,W2886406582,1,actual_openalex_reference,test,openalex_public_health_200
W4404630267,W2915674157,1,actual_openalex_reference,test,openalex_public_health_200
W4404630267,W2940451327,1,actual_openalex_reference,test,openalex_public_health_200
W4404630267,W2944339246,1,actual_openalex_reference,test,openalex_public_health_200
W4404630267,W3016665813,1,actual_openalex_reference,test,openalex_public_health_200
W4404630267,W3115702908,1,actual_openalex_reference,test,openalex_public_health_200
W4404630267,W3207712663,1,actual_openalex_reference,test,openalex_public_health_200
W4404630267,W4221121940,1,actual_openalex_reference,test,openalex_public_health_200
W4404630267,W4291709937,1,actual_openalex_reference,test,openalex_public_health_200
W4404630267,W4306742313,1,actual_openalex_reference,test,openalex_public_health_200
W4404630267,W4309711138,1,actual_openalex_reference,test,openalex_public_health_200
W4404630267,W4388734512,1,actual_openalex_reference,test,openalex_public_health_200
W4404630267,W4391598231,1,actual_openalex_reference,test,openalex_public_health_200
W4416431020,W2579948861,1,actual_openalex_reference,test,openalex_public_health_200
W4416431020,W2767528809,1,actual_openalex_reference,test,openalex_public_health_200
W4416431020,W2806597675,1,actual_openalex_reference,test,openalex_public_health_200
W4416431020,W2942328444,1,actual_openalex_reference,test,openalex_public_health_200
W4416431020,W3010696793,1,actual_openalex_reference,test,openalex_public_health_200
W4416431020,W4293545408,1,actual_openalex_reference,test,openalex_public_health_200
W4416431020,W4390571214,1,actual_openalex_reference,test,openalex_public_health_200
W4416431020,W4396576656,1,actual_openalex_reference,test,openalex_public_health_200
W4416431020,W4408462947,1,actual_openalex_reference,test,openalex_public_health_200
W4416431020,W4411236175,1,actual_openalex_reference,test,openalex_public_health_200
W7154134837,W2038546283,1,actual_openalex_reference,test,openalex_public_health_200
W7154134837,W2898090387,1,actual_openalex_reference,test,openalex_public_health_200
W7154134837,W2911997298,1,actual_openalex_reference,test,openalex_public_health_200
W7154134837,W2928467655,1,actual_openalex_reference,test,openalex_public_health_200
W7154134837,W3086405286,1,actual_openalex_reference,test,openalex_public_health_200
W7154134837,W3118833597,1,actual_openalex_reference,test,openalex_public_health_200
W7154134837,W4205725575,1,actual_openalex_reference,test,openalex_public_health_200
W7154134837,W4296293246,1,actual_openalex_reference,test,openalex_public_health_200
W7154134837,W4364381184,1,actual_openalex_reference,test,openalex_public_health_200
W7154134837,W4367627938,1,actual_openalex_reference,test,openalex_public_health_200
W7154134837,W4379966938,1,actual_openalex_reference,test,openalex_public_health_200
W7154134837,W4388380147,1,actual_openalex_reference,test,openalex_public_health_200
W7154134837,W4403074504,1,actual_openalex_reference,test,openalex_public_health_200
W7154134837,W4406080792,1,actual_openalex_reference,test,openalex_public_health_200
W7154134837,W4406434554,1,actual_openalex_reference,test,openalex_public_health_200
W7154134837,W4409874679,1,actual_openalex_reference,test,openalex_public_health_200
W7154134837,W4411315623,1,actual_openalex_reference,test,openalex_public_health_200
W7154134837,W4412992773,1,actual_openalex_reference,test,openalex_public_health_200
W4315567598,W1557459633,1,actual_openalex_reference,test,openalex_public_health_200
W4315567598,W1663891531,1,actual_openalex_reference,test,openalex_public_health_200
W4315567598,W1992898057,1,actual_openalex_reference,test,openalex_public_health_200
W4315567598,W2006432935,1,actual_openalex_reference,test,openalex_public_health_200
W4315567598,W2027726324,1,actual_openalex_reference,test,openalex_public_health_200
W4315567598,W2038948919,1,actual_openalex_reference,test,openalex_public_health_200
W4315567598,W2120613473,1,actual_openalex_reference,test,openalex_public_health_200
W4315567598,W2148423334,1,actual_openalex_reference,test,openalex_public_health_200
W4315567598,W2318927825,1,actual_openalex_reference,test,openalex_public_health_200
W4315567598,W2542052991,1,actual_openalex_reference,test,openalex_public_health_200
W4315567598,W2579226480,1,actual_openalex_reference,test,openalex_public_health_200
W4315567598,W2761582490,1,actual_openalex_reference,test,openalex_public_health_200
W4315567598,W2899238667,1,actual_openalex_reference,test,openalex_public_health_200
W4315567598,W3022673180,1,actual_openalex_reference,test,openalex_public_health_200
W4315567598,W3042559148,1,actual_openalex_reference,test,openalex_public_health_200
W4315567598,W3112372360,1,actual_openalex_reference,test,openalex_public_health_200
W4315567598,W3198557502,1,actual_openalex_reference,test,openalex_public_health_200
W4315567598,W4210523311,1,actual_openalex_reference,test,openalex_public_health_200
W4315567598,W4230342729,1,actual_openalex_reference,test,openalex_public_health_200
W4407966652,W32410718,1,actual_openalex_reference,test,openalex_public_health_200
W4407966652,W1903772995,1,actual_openalex_reference,test,openalex_public_health_200
W4407966652,W1964576254,1,actual_openalex_reference,test,openalex_public_health_200
W4407966652,W1980752110,1,actual_openalex_reference,test,openalex_public_health_200
W4407966652,W1984594430,1,actual_openalex_reference,test,openalex_public_health_200
W4407966652,W1987277473,1,actual_openalex_reference,test,openalex_public_health_200
W4407966652,W1990541831,1,actual_openalex_reference,test,openalex_public_health_200
W4407966652,W1990962769,1,actual_openalex_reference,test,openalex_public_health_200
W4407966652,W2005098231,1,actual_openalex_reference,test,openalex_public_health_200
W4407966652,W2018844720,1,actual_openalex_reference,test,openalex_public_health_200
W4407966652,W2019379536,1,actual_openalex_reference,test,openalex_public_health_200
W4407966652,W2025714172,1,actual_openalex_reference,test,openalex_public_health_200
W4407966652,W2056889663,1,actual_openalex_reference,test,openalex_public_health_200
W4407966652,W2061359963,1,actual_openalex_reference,test,openalex_public_health_200
W4407966652,W2065758238,1,actual_openalex_reference,test,openalex_public_health_200
W4407966652,W2069688309,1,actual_openalex_reference,test,openalex_public_health_200
W4407966652,W2078593081,1,actual_openalex_reference,test,openalex_public_health_200
W4407966652,W2119648721,1,actual_openalex_reference,test,openalex_public_health_200
W4407966652,W2143661214,1,actual_openalex_reference,test,openalex_public_health_200
W4407966652,W2230940961,1,actual_openalex_reference,test,openalex_public_health_200
W4407966652,W2240864276,1,actual_openalex_reference,test,openalex_public_health_200
W4407966652,W2412618811,1,actual_openalex_reference,test,openalex_public_health_200
W4407966652,W2470314249,1,actual_openalex_reference,test,openalex_public_health_200
W4407966652,W2505361552,1,actual_openalex_reference,test,openalex_public_health_200
W4407966652,W2512197569,1,actual_openalex_reference,test,openalex_public_health_200
W4407966652,W2553185880,1,actual_openalex_reference,test,openalex_public_health_200
W4407966652,W2625707258,1,actual_openalex_reference,test,openalex_public_health_200
W4407966652,W2785428848,1,actual_openalex_reference,test,openalex_public_health_200
W4407966652,W2943415606,1,actual_openalex_reference,test,openalex_public_health_200
W4407966652,W2982386537,1,actual_openalex_reference,test,openalex_public_health_200
W4407966652,W3113412500,1,actual_openalex_reference,test,openalex_public_health_200
W4407966652,W3199397480,1,actual_openalex_reference,test,openalex_public_health_200
W4407966652,W3206746747,1,actual_openalex_reference,test,openalex_public_health_200
W4407966652,W3214627173,1,actual_openalex_reference,test,openalex_public_health_200
W4407966652,W4225155319,1,actual_openalex_reference,test,openalex_public_health_200
W4407966652,W4225583295,1,actual_openalex_reference,test,openalex_public_health_200
W4407966652,W4226263009,1,actual_openalex_reference,test,openalex_public_health_200
W4407966652,W4282043960,1,actual_openalex_reference,test,openalex_public_health_200
W4407966652,W4282838048,1,actual_openalex_reference,test,openalex_public_health_200
W4407966652,W4291708116,1,actual_openalex_reference,test,openalex_public_health_200
W4407966652,W4300135757,1,actual_openalex_reference,test,openalex_public_health_200
W4407966652,W4306160662,1,actual_openalex_reference,test,openalex_public_health_200
W4407966652,W4380878667,1,actual_openalex_reference,test,openalex_public_health_200
W4407966652,W4385335041,1,actual_openalex_reference,test,openalex_public_health_200
W4407966652,W4391820799,1,actual_openalex_reference,test,openalex_public_health_200
W4407966652,W4399150131,1,actual_openalex_reference,test,openalex_public_health_200
W4407966652,W4399386983,1,actual_openalex_reference,test,openalex_public_health_200
W4407966652,W4401584795,1,actual_openalex_reference,test,openalex_public_health_200
W4407966652,W4402279945,1,actual_openalex_reference,test,openalex_public_health_200
W4407966652,W4402783550,1,actual_openalex_reference,test,openalex_public_health_200
W4407966652,W4411608396,1,actual_openalex_reference,test,openalex_public_health_200
W7115677090,W2002369769,1,actual_openalex_reference,test,openalex_public_health_200
W7115677090,W2047665531,1,actual_openalex_reference,test,openalex_public_health_200
W7115677090,W2051257543,1,actual_openalex_reference,test,openalex_public_health_200
W7115677090,W2070623276,1,actual_openalex_reference,test,openalex_public_health_200
W7115677090,W2329233056,1,actual_openalex_reference,test,openalex_public_health_200
W7115677090,W2335906282,1,actual_openalex_reference,test,openalex_public_health_200
W7115677090,W2614114963,1,actual_openalex_reference,test,openalex_public_health_200
W7115677090,W2744053202,1,actual_openalex_reference,test,openalex_public_health_200
W7115677090,W2753784369,1,actual_openalex_reference,test,openalex_public_health_200
W7115677090,W2901457757,1,actual_openalex_reference,test,openalex_public_health_200
W7115677090,W2999283725,1,actual_openalex_reference,test,openalex_public_health_200
W7115677090,W3011522762,1,actual_openalex_reference,test,openalex_public_health_200
W7115677090,W3037172138,1,actual_openalex_reference,test,openalex_public_health_200
W7115677090,W3044821423,1,actual_openalex_reference,test,openalex_public_health_200
W7115677090,W3084241803,1,actual_openalex_reference,test,openalex_public_health_200
W7115677090,W3110220146,1,actual_openalex_reference,test,openalex_public_health_200
W7115677090,W3112659503,1,actual_openalex_reference,test,openalex_public_health_200
W7115677090,W4292070882,1,actual_openalex_reference,test,openalex_public_health_200
W7115677090,W4298087167,1,actual_openalex_reference,test,openalex_public_health_200
W7115677090,W4310025011,1,actual_openalex_reference,test,openalex_public_health_200
W7115677090,W4380550588,1,actual_openalex_reference,test,openalex_public_health_200
W7115677090,W4386814625,1,actual_openalex_reference,test,openalex_public_health_200
W7115677090,W4388942806,1,actual_openalex_reference,test,openalex_public_health_200
W7115677090,W4390988651,1,actual_openalex_reference,test,openalex_public_health_200
W7115677090,W4406365741,1,actual_openalex_reference,test,openalex_public_health_200
W4415757152,W1987611967,1,actual_openalex_reference,test,openalex_public_health_200
W4415757152,W1999443299,1,actual_openalex_reference,test,openalex_public_health_200
W4415757152,W2048279040,1,actual_openalex_reference,test,openalex_public_health_200
W4415757152,W2123146480,1,actual_openalex_reference,test,openalex_public_health_200
W4415757152,W2315559961,1,actual_openalex_reference,test,openalex_public_health_200
W4415757152,W2332464153,1,actual_openalex_reference,test,openalex_public_health_200
W4415757152,W2333391037,1,actual_openalex_reference,test,openalex_public_health_200
W4415757152,W2889060632,1,actual_openalex_reference,test,openalex_public_health_200
W4415757152,W2997070661,1,actual_openalex_reference,test,openalex_public_health_200
W4415757152,W3009545554,1,actual_openalex_reference,test,openalex_public_health_200
W4415757152,W3111504530,1,actual_openalex_reference,test,openalex_public_health_200
W4415757152,W3114496787,1,actual_openalex_reference,test,openalex_public_health_200
W4415757152,W4376565539,1,actual_openalex_reference,test,openalex_public_health_200
W4415757152,W4411533581,1,actual_openalex_reference,test,openalex_public_health_200
W4412493466,W1510070068,1,actual_openalex_reference,test,openalex_public_health_200
W4412493466,W1939947548,1,actual_openalex_reference,test,openalex_public_health_200
W4412493466,W2007402616,1,actual_openalex_reference,test,openalex_public_health_200
W4412493466,W2034583832,1,actual_openalex_reference,test,openalex_public_health_200
W4412493466,W2035151633,1,actual_openalex_reference,test,openalex_public_health_200
W4412493466,W2046954222,1,actual_openalex_reference,test,openalex_public_health_200
W4412493466,W2074334468,1,actual_openalex_reference,test,openalex_public_health_200
W4412493466,W2096612261,1,actual_openalex_reference,test,openalex_public_health_200
W4412493466,W2105739781,1,actual_openalex_reference,test,openalex_public_health_200
W4412493466,W2117053834,1,actual_openalex_reference,test,openalex_public_health_200
W4412493466,W2145323249,1,actual_openalex_reference,test,openalex_public_health_200
W4412493466,W2155468870,1,actual_openalex_reference,test,openalex_public_health_200
W4412493466,W2156260018,1,actual_openalex_reference,test,openalex_public_health_200
W4412493466,W2165305466,1,actual_openalex_reference,test,openalex_public_health_200
W4412493466,W2292925430,1,actual_openalex_reference,test,openalex_public_health_200
W4412493466,W2599234343,1,actual_openalex_reference,test,openalex_public_health_200
W4412493466,W2789337119,1,actual_openalex_reference,test,openalex_public_health_200
W4412493466,W2806731294,1,actual_openalex_reference,test,openalex_public_health_200
W4412493466,W2806749674,1,actual_openalex_reference,test,openalex_public_health_200
W4412493466,W2885206714,1,actual_openalex_reference,test,openalex_public_health_200
W4412493466,W2888157924,1,actual_openalex_reference,test,openalex_public_health_200
W4412493466,W2942480445,1,actual_openalex_reference,test,openalex_public_health_200
W4412493466,W2981041320,1,actual_openalex_reference,test,openalex_public_health_200
W4412493466,W2994428837,1,actual_openalex_reference,test,openalex_public_health_200
W4412493466,W3017274169,1,actual_openalex_reference,test,openalex_public_health_200
W4412493466,W3019012744,1,actual_openalex_reference,test,openalex_public_health_200
W4412493466,W3024954258,1,actual_openalex_reference,test,openalex_public_health_200
W4412493466,W3174571661,1,actual_openalex_reference,test,openalex_public_health_200
W4412493466,W4200123146,1,actual_openalex_reference,test,openalex_public_health_200
W4412493466,W4214733347,1,actual_openalex_reference,test,openalex_public_health_200
W4412493466,W4285606095,1,actual_openalex_reference,test,openalex_public_health_200
W4412493466,W4295233302,1,actual_openalex_reference,test,openalex_public_health_200
W4412493466,W4307750376,1,actual_openalex_reference,test,openalex_public_health_200
W4407066698,W1606709542,1,actual_openalex_reference,test,openalex_public_health_200
W4407066698,W2019879298,1,actual_openalex_reference,test,openalex_public_health_200
W4407066698,W2036954961,1,actual_openalex_reference,test,openalex_public_health_200
W4407066698,W2116556675,1,actual_openalex_reference,test,openalex_public_health_200
W4407066698,W2137542469,1,actual_openalex_reference,test,openalex_public_health_200
W4407066698,W2160184512,1,actual_openalex_reference,test,openalex_public_health_200
W4407066698,W2171288628,1,actual_openalex_reference,test,openalex_public_health_200
W4407066698,W2184424684,1,actual_openalex_reference,test,openalex_public_health_200
W4407066698,W2321688437,1,actual_openalex_reference,test,openalex_public_health_200
W4407066698,W2604187924,1,actual_openalex_reference,test,openalex_public_health_200
W4407066698,W2905250927,1,actual_openalex_reference,test,openalex_public_health_200
W4407066698,W2910093182,1,actual_openalex_reference,test,openalex_public_health_200
W4407066698,W3013720756,1,actual_openalex_reference,test,openalex_public_health_200
W4407066698,W3044969744,1,actual_openalex_reference,test,openalex_public_health_200
W4407066698,W3092398687,1,actual_openalex_reference,test,openalex_public_health_200
W4407066698,W3097107649,1,actual_openalex_reference,test,openalex_public_health_200
W4407066698,W3146523976,1,actual_openalex_reference,test,openalex_public_health_200
W4407066698,W3166189624,1,actual_openalex_reference,test,openalex_public_health_200
W4407066698,W4236799507,1,actual_openalex_reference,test,openalex_public_health_200
W4407066698,W4367337057,1,actual_openalex_reference,test,openalex_public_health_200
W4413919936,W29035256,1,actual_openalex_reference,test,openalex_public_health_200
W4413919936,W127454258,1,actual_openalex_reference,test,openalex_public_health_200
W4413919936,W620870677,1,actual_openalex_reference,test,openalex_public_health_200
W4413919936,W1917386015,1,actual_openalex_reference,test,openalex_public_health_200
W4413919936,W1981979988,1,actual_openalex_reference,test,openalex_public_health_200
W4413919936,W1983188945,1,actual_openalex_reference,test,openalex_public_health_200
W4413919936,W1985422029,1,actual_openalex_reference,test,openalex_public_health_200
W4413919936,W2014370576,1,actual_openalex_reference,test,openalex_public_health_200
W4413919936,W2018206062,1,actual_openalex_reference,test,openalex_public_health_200
W4413919936,W2020532280,1,actual_openalex_reference,test,openalex_public_health_200
W4413919936,W2025604314,1,actual_openalex_reference,test,openalex_public_health_200
W4413919936,W2037395479,1,actual_openalex_reference,test,openalex_public_health_200
W4413919936,W2062085623,1,actual_openalex_reference,test,openalex_public_health_200
W4413919936,W2066783548,1,actual_openalex_reference,test,openalex_public_health_200
W4413919936,W2069597107,1,actual_openalex_reference,test,openalex_public_health_200
W4413919936,W2071315237,1,actual_openalex_reference,test,openalex_public_health_200
W4413919936,W2079320255,1,actual_openalex_reference,test,openalex_public_health_200
W4413919936,W2079682188,1,actual_openalex_reference,test,openalex_public_health_200
W4413919936,W2080714701,1,actual_openalex_reference,test,openalex_public_health_200
W4413919936,W2082505208,1,actual_openalex_reference,test,openalex_public_health_200
W4413919936,W2082516826,1,actual_openalex_reference,test,openalex_public_health_200
W4413919936,W2089257968,1,actual_openalex_reference,test,openalex_public_health_200
W4413919936,W2091945923,1,actual_openalex_reference,test,openalex_public_health_200
W4413919936,W2104351593,1,actual_openalex_reference,test,openalex_public_health_200
W4413919936,W2110801571,1,actual_openalex_reference,test,openalex_public_health_200
W4413919936,W2110804359,1,actual_openalex_reference,test,openalex_public_health_200
W4413919936,W2118456468,1,actual_openalex_reference,test,openalex_public_health_200
W4413919936,W2120692442,1,actual_openalex_reference,test,openalex_public_health_200
W4413919936,W2120892748,1,actual_openalex_reference,test,openalex_public_health_200
W4413919936,W2122659245,1,actual_openalex_reference,test,openalex_public_health_200
W4413919936,W2124359698,1,actual_openalex_reference,test,openalex_public_health_200
W4413919936,W2141799028,1,actual_openalex_reference,test,openalex_public_health_200
W4413919936,W2142223860,1,actual_openalex_reference,test,openalex_public_health_200
W4413919936,W2146321865,1,actual_openalex_reference,test,openalex_public_health_200
W4413919936,W2148720103,1,actual_openalex_reference,test,openalex_public_health_200
W4413919936,W2151982739,1,actual_openalex_reference,test,openalex_public_health_200
W4413919936,W2158795116,1,actual_openalex_reference,test,openalex_public_health_200
W4413919936,W2159684112,1,actual_openalex_reference,test,openalex_public_health_200
W4413919936,W2160215492,1,actual_openalex_reference,test,openalex_public_health_200
W4413919936,W2160903957,1,actual_openalex_reference,test,openalex_public_health_200
W4413919936,W2161293039,1,actual_openalex_reference,test,openalex_public_health_200
W4413919936,W2162969866,1,actual_openalex_reference,test,openalex_public_health_200
W4413919936,W2163393282,1,actual_openalex_reference,test,openalex_public_health_200
W4413919936,W2167002612,1,actual_openalex_reference,test,openalex_public_health_200
W4413919936,W2167662144,1,actual_openalex_reference,test,openalex_public_health_200
W4413919936,W2172295241,1,actual_openalex_reference,test,openalex_public_health_200
W4413919936,W2178425085,1,actual_openalex_reference,test,openalex_public_health_200
W4413919936,W2189615419,1,actual_openalex_reference,test,openalex_public_health_200
W4413919936,W2221436208,1,actual_openalex_reference,test,openalex_public_health_200
W4413919936,W2254272094,1,actual_openalex_reference,test,openalex_public_health_200
W4413919936,W2256212288,1,actual_openalex_reference,test,openalex_public_health_200
W4413919936,W2263371256,1,actual_openalex_reference,test,openalex_public_health_200
W4413919936,W2272605321,1,actual_openalex_reference,test,openalex_public_health_200
W4413919936,W2419594916,1,actual_openalex_reference,test,openalex_public_health_200
W4413919936,W2487810004,1,actual_openalex_reference,test,openalex_public_health_200
W4413919936,W2522409769,1,actual_openalex_reference,test,openalex_public_health_200
W4413919936,W2529034339,1,actual_openalex_reference,test,openalex_public_health_200
W4413919936,W2567048147,1,actual_openalex_reference,test,openalex_public_health_200
W4413919936,W2652018312,1,actual_openalex_reference,test,openalex_public_health_200
W4413919936,W2752486367,1,actual_openalex_reference,test,openalex_public_health_200
W4413919936,W2762823924,1,actual_openalex_reference,test,openalex_public_health_200
W4413919936,W2797318817,1,actual_openalex_reference,test,openalex_public_health_200
W4413919936,W2801847470,1,actual_openalex_reference,test,openalex_public_health_200
W4413919936,W2801851815,1,actual_openalex_reference,test,openalex_public_health_200
W4413919936,W2895828124,1,actual_openalex_reference,test,openalex_public_health_200
W4413919936,W2941652024,1,actual_openalex_reference,test,openalex_public_health_200
W4413919936,W2949461991,1,actual_openalex_reference,test,openalex_public_health_200
W4413919936,W2949659481,1,actual_openalex_reference,test,openalex_public_health_200
W4413919936,W2990872107,1,actual_openalex_reference,test,openalex_public_health_200
W4413919936,W3008036663,1,actual_openalex_reference,test,openalex_public_health_200
W4413919936,W3014675778,1,actual_openalex_reference,test,openalex_public_health_200
W4413919936,W3019769040,1,actual_openalex_reference,test,openalex_public_health_200
W4413919936,W3036277884,1,actual_openalex_reference,test,openalex_public_health_200
W4413919936,W3037523963,1,actual_openalex_reference,test,openalex_public_health_200
W4413919936,W3080371539,1,actual_openalex_reference,test,openalex_public_health_200
W4413919936,W3092018595,1,actual_openalex_reference,test,openalex_public_health_200
W4413919936,W3095178328,1,actual_openalex_reference,test,openalex_public_health_200
W4413919936,W3110719261,1,actual_openalex_reference,test,openalex_public_health_200
W4413919936,W3117708965,1,actual_openalex_reference,test,openalex_public_health_200
W4413919936,W3131646350,1,actual_openalex_reference,test,openalex_public_health_200
W4413919936,W3133319264,1,actual_openalex_reference,test,openalex_public_health_200
W4413919936,W3136140163,1,actual_openalex_reference,test,openalex_public_health_200
W4413919936,W3143714690,1,actual_openalex_reference,test,openalex_public_health_200
W4413919936,W3156140324,1,actual_openalex_reference,test,openalex_public_health_200
W4413919936,W3165844637,1,actual_openalex_reference,test,openalex_public_health_200
W4413919936,W3186075043,1,actual_openalex_reference,test,openalex_public_health_200
W4413919936,W3189210925,1,actual_openalex_reference,test,openalex_public_health_200
W4413919936,W3190046405,1,actual_openalex_reference,test,openalex_public_health_200
W4413919936,W3208622369,1,actual_openalex_reference,test,openalex_public_health_200
W4413919936,W4200389410,1,actual_openalex_reference,test,openalex_public_health_200
W4413919936,W4213390210,1,actual_openalex_reference,test,openalex_public_health_200
W4413919936,W4214826463,1,actual_openalex_reference,test,openalex_public_health_200
W4413919936,W4288068224,1,actual_openalex_reference,test,openalex_public_health_200
W4413919936,W4293724325,1,actual_openalex_reference,test,openalex_public_health_200
W4413919936,W4295067559,1,actual_openalex_reference,test,openalex_public_health_200
W4413919936,W4297819558,1,actual_openalex_reference,test,openalex_public_health_200
W4413919936,W4323565576,1,actual_openalex_reference,test,openalex_public_health_200
W4413919936,W4381278586,1,actual_openalex_reference,test,openalex_public_health_200
W4413919936,W4389432270,1,actual_openalex_reference,test,openalex_public_health_200
W4413919936,W4407356204,1,actual_openalex_reference,test,openalex_public_health_200
W4415291192,W1988768044,1,actual_openalex_reference,test,openalex_public_health_200
W4415291192,W2025655555,1,actual_openalex_reference,test,openalex_public_health_200
W4415291192,W2102619694,1,actual_openalex_reference,test,openalex_public_health_200
W4415291192,W2102667591,1,actual_openalex_reference,test,openalex_public_health_200
W4415291192,W2108234281,1,actual_openalex_reference,test,openalex_public_health_200
W4415291192,W2109261582,1,actual_openalex_reference,test,openalex_public_health_200
W4415291192,W2131491275,1,actual_openalex_reference,test,openalex_public_health_200
W4415291192,W2135662674,1,actual_openalex_reference,test,openalex_public_health_200
W4415291192,W2164947997,1,actual_openalex_reference,test,openalex_public_health_200
W4415291192,W2171589310,1,actual_openalex_reference,test,openalex_public_health_200
W4415291192,W2294346876,1,actual_openalex_reference,test,openalex_public_health_200
W4415291192,W2559646639,1,actual_openalex_reference,test,openalex_public_health_200
W4415291192,W2593034715,1,actual_openalex_reference,test,openalex_public_health_200
W4415291192,W2616477998,1,actual_openalex_reference,test,openalex_public_health_200
W4415291192,W2617839689,1,actual_openalex_reference,test,openalex_public_health_200
W4415291192,W2751912697,1,actual_openalex_reference,test,openalex_public_health_200
W4415291192,W2770105596,1,actual_openalex_reference,test,openalex_public_health_200
W4415291192,W2803893354,1,actual_openalex_reference,test,openalex_public_health_200
W4415291192,W2898615051,1,actual_openalex_reference,test,openalex_public_health_200
W4415291192,W2950993016,1,actual_openalex_reference,test,openalex_public_health_200
W4415291192,W3013975168,1,actual_openalex_reference,test,openalex_public_health_200
W4415291192,W3131883730,1,actual_openalex_reference,test,openalex_public_health_200
W4415291192,W3143879731,1,actual_openalex_reference,test,openalex_public_health_200
W4415291192,W3199406456,1,actual_openalex_reference,test,openalex_public_health_200
W4415291192,W3207135252,1,actual_openalex_reference,test,openalex_public_health_200
W4415291192,W4206100856,1,actual_openalex_reference,test,openalex_public_health_200
W4415291192,W4281293946,1,actual_openalex_reference,test,openalex_public_health_200
W4415291192,W4282838644,1,actual_openalex_reference,test,openalex_public_health_200
W4415291192,W4296806298,1,actual_openalex_reference,test,openalex_public_health_200
W4415291192,W4309739673,1,actual_openalex_reference,test,openalex_public_health_200
W4415291192,W4360992925,1,actual_openalex_reference,test,openalex_public_health_200
W4415291192,W4387410159,1,actual_openalex_reference,test,openalex_public_health_200
W4415291192,W4390811885,1,actual_openalex_reference,test,openalex_public_health_200
W4415291192,W4394694796,1,actual_openalex_reference,test,openalex_public_health_200
W4415291192,W4401560173,1,actual_openalex_reference,test,openalex_public_health_200
W4415291192,W4406016973,1,actual_openalex_reference,test,openalex_public_health_200
W4403769260,W2720563149,1,actual_openalex_reference,test,openalex_public_health_200
W4403769260,W2807837660,1,actual_openalex_reference,test,openalex_public_health_200
W4403769260,W2905057925,1,actual_openalex_reference,test,openalex_public_health_200
W4403769260,W2926258909,1,actual_openalex_reference,test,openalex_public_health_200
W4403769260,W2972148888,1,actual_openalex_reference,test,openalex_public_health_200
W4403769260,W3010652094,1,actual_openalex_reference,test,openalex_public_health_200
W4403769260,W3012784802,1,actual_openalex_reference,test,openalex_public_health_200
W4403769260,W3016200335,1,actual_openalex_reference,test,openalex_public_health_200
W4403769260,W3035120131,1,actual_openalex_reference,test,openalex_public_health_200
W4403769260,W3047981221,1,actual_openalex_reference,test,openalex_public_health_200
W4403769260,W3085922849,1,actual_openalex_reference,test,openalex_public_health_200
W4403769260,W3122227443,1,actual_openalex_reference,test,openalex_public_health_200
W4403769260,W3131569910,1,actual_openalex_reference,test,openalex_public_health_200
W4403769260,W3154878770,1,actual_openalex_reference,test,openalex_public_health_200
W4403769260,W3162262012,1,actual_openalex_reference,test,openalex_public_health_200
W4403769260,W3164150643,1,actual_openalex_reference,test,openalex_public_health_200
W4403769260,W3205741109,1,actual_openalex_reference,test,openalex_public_health_200
W4403769260,W4200052327,1,actual_openalex_reference,test,openalex_public_health_200
W4403769260,W4205150760,1,actual_openalex_reference,test,openalex_public_health_200
W4403769260,W4283025117,1,actual_openalex_reference,test,openalex_public_health_200
W4403769260,W4286750091,1,actual_openalex_reference,test,openalex_public_health_200
W4403769260,W4288063124,1,actual_openalex_reference,test,openalex_public_health_200
W4403769260,W4295681675,1,actual_openalex_reference,test,openalex_public_health_200
W4403769260,W4306631539,1,actual_openalex_reference,test,openalex_public_health_200
W4403769260,W4309844128,1,actual_openalex_reference,test,openalex_public_health_200
W4403769260,W4310335759,1,actual_openalex_reference,test,openalex_public_health_200
W4403769260,W4313448276,1,actual_openalex_reference,test,openalex_public_health_200
W4403769260,W4317470498,1,actual_openalex_reference,test,openalex_public_health_200
W4403769260,W4318579868,1,actual_openalex_reference,test,openalex_public_health_200
W4403769260,W4319160749,1,actual_openalex_reference,test,openalex_public_health_200
W4403769260,W4320482504,1,actual_openalex_reference,test,openalex_public_health_200
W4403769260,W4364379297,1,actual_openalex_reference,test,openalex_public_health_200
W4403769260,W4386431270,1,actual_openalex_reference,test,openalex_public_health_200
W4403769260,W4386863703,1,actual_openalex_reference,test,openalex_public_health_200
W7160238343,W3000470536,1,actual_openalex_reference,test,openalex_public_health_200
W7160238343,W3006126546,1,actual_openalex_reference,test,openalex_public_health_200
W7160238343,W3120174480,1,actual_openalex_reference,test,openalex_public_health_200
W7160238343,W3129135046,1,actual_openalex_reference,test,openalex_public_health_200
W7160238343,W3158352693,1,actual_openalex_reference,test,openalex_public_health_200
W7160238343,W3167726185,1,actual_openalex_reference,test,openalex_public_health_200
W7160238343,W3175998072,1,actual_openalex_reference,test,openalex_public_health_200
W7160238343,W3179749652,1,actual_openalex_reference,test,openalex_public_health_200
W7160238343,W3186583976,1,actual_openalex_reference,test,openalex_public_health_200
W7160238343,W3193535210,1,actual_openalex_reference,test,openalex_public_health_200
W7160238343,W3201038964,1,actual_openalex_reference,test,openalex_public_health_200
W7160238343,W3212299353,1,actual_openalex_reference,test,openalex_public_health_200
W7160238343,W4200059997,1,actual_openalex_reference,test,openalex_public_health_200
W7160238343,W4281622442,1,actual_openalex_reference,test,openalex_public_health_200
W7160238343,W4284702587,1,actual_openalex_reference,test,openalex_public_health_200
W7160238343,W4304184452,1,actual_openalex_reference,test,openalex_public_health_200
W7160238343,W4311428909,1,actual_openalex_reference,test,openalex_public_health_200
W7160238343,W4312113131,1,actual_openalex_reference,test,openalex_public_health_200
W7160238343,W4320030090,1,actual_openalex_reference,test,openalex_public_health_200
W7160238343,W4327677059,1,actual_openalex_reference,test,openalex_public_health_200
W7160238343,W4367320017,1,actual_openalex_reference,test,openalex_public_health_200
W7160238343,W4367597896,1,actual_openalex_reference,test,openalex_public_health_200
W7160238343,W4378532990,1,actual_openalex_reference,test,openalex_public_health_200
W7160238343,W4378808254,1,actual_openalex_reference,test,openalex_public_health_200
W7160238343,W4384665248,1,actual_openalex_reference,test,openalex_public_health_200
W7160238343,W4385766001,1,actual_openalex_reference,test,openalex_public_health_200
W7160238343,W4387440952,1,actual_openalex_reference,test,openalex_public_health_200
W7160238343,W4388594189,1,actual_openalex_reference,test,openalex_public_health_200
W7160238343,W4396930754,1,actual_openalex_reference,test,openalex_public_health_200
W7160238343,W4399240356,1,actual_openalex_reference,test,openalex_public_health_200
W7160238343,W4402318554,1,actual_openalex_reference,test,openalex_public_health_200
W7160238343,W4407955267,1,actual_openalex_reference,test,openalex_public_health_200
W7160238343,W4408537172,1,actual_openalex_reference,test,openalex_public_health_200
W7160238343,W4411276786,1,actual_openalex_reference,test,openalex_public_health_200
W7160238343,W4411713318,1,actual_openalex_reference,test,openalex_public_health_200
W7160238343,W4411968407,1,actual_openalex_reference,test,openalex_public_health_200
W7160238343,W4412815393,1,actual_openalex_reference,test,openalex_public_health_200
W7160238343,W4412890584,1,actual_openalex_reference,test,openalex_public_health_200
W7160238343,W4413117853,1,actual_openalex_reference,test,openalex_public_health_200
W7160238343,W4413347888,1,actual_openalex_reference,test,openalex_public_health_200
W7160238343,W4414373971,1,actual_openalex_reference,test,openalex_public_health_200
W4402721078,W176787813,1,actual_openalex_reference,test,openalex_public_health_200
W4402721078,W301622561,1,actual_openalex_reference,test,openalex_public_health_200
W4402721078,W2067348422,1,actual_openalex_reference,test,openalex_public_health_200
W4402721078,W2166281097,1,actual_openalex_reference,test,openalex_public_health_200
W4402721078,W2171369299,1,actual_openalex_reference,test,openalex_public_health_200
W4402721078,W2596338372,1,actual_openalex_reference,test,openalex_public_health_200
W4402721078,W2885667894,1,actual_openalex_reference,test,openalex_public_health_200
W4402721078,W2943494044,1,actual_openalex_reference,test,openalex_public_health_200
W4402721078,W3024611904,1,actual_openalex_reference,test,openalex_public_health_200
W4402721078,W3090885808,1,actual_openalex_reference,test,openalex_public_health_200
W4402721078,W3107666400,1,actual_openalex_reference,test,openalex_public_health_200
W4402721078,W3114162479,1,actual_openalex_reference,test,openalex_public_health_200
W4402721078,W3117648547,1,actual_openalex_reference,test,openalex_public_health_200
W4402721078,W3124912855,1,actual_openalex_reference,test,openalex_public_health_200
W4402721078,W3213145161,1,actual_openalex_reference,test,openalex_public_health_200
W4402721078,W4200440901,1,actual_openalex_reference,test,openalex_public_health_200
W4402721078,W4210447593,1,actual_openalex_reference,test,openalex_public_health_200
W4402721078,W4212938111,1,actual_openalex_reference,test,openalex_public_health_200
W4402721078,W4220803843,1,actual_openalex_reference,test,openalex_public_health_200
W4402721078,W4220898868,1,actual_openalex_reference,test,openalex_public_health_200
W4414869791,W2031555996,1,actual_openalex_reference,test,openalex_public_health_200
W4414869791,W2050154620,1,actual_openalex_reference,test,openalex_public_health_200
W4414869791,W2259699284,1,actual_openalex_reference,test,openalex_public_health_200
W4414869791,W2330350746,1,actual_openalex_reference,test,openalex_public_health_200
W4414869791,W2860446664,1,actual_openalex_reference,test,openalex_public_health_200
W4414869791,W2913949823,1,actual_openalex_reference,test,openalex_public_health_200
W4412578413,W1950859859,1,actual_openalex_reference,test,openalex_public_health_200
W4412578413,W2065813340,1,actual_openalex_reference,test,openalex_public_health_200
W4412578413,W2414563569,1,actual_openalex_reference,test,openalex_public_health_200
W4412578413,W2789727743,1,actual_openalex_reference,test,openalex_public_health_200
W4412578413,W2791737235,1,actual_openalex_reference,test,openalex_public_health_200
W4412578413,W2981915126,1,actual_openalex_reference,test,openalex_public_health_200
W4412578413,W3003817622,1,actual_openalex_reference,test,openalex_public_health_200
W4412578413,W3080667022,1,actual_openalex_reference,test,openalex_public_health_200
W4412578413,W3086457340,1,actual_openalex_reference,test,openalex_public_health_200
W4412578413,W3152705473,1,actual_openalex_reference,test,openalex_public_health_200
W4412578413,W4211265378,1,actual_openalex_reference,test,openalex_public_health_200
W4412578413,W4224041723,1,actual_openalex_reference,test,openalex_public_health_200
W4412578413,W4386861534,1,actual_openalex_reference,test,openalex_public_health_200
W4412578413,W4387435427,1,actual_openalex_reference,test,openalex_public_health_200
W4412578413,W4387439311,1,actual_openalex_reference,test,openalex_public_health_200
W4412578413,W4391220025,1,actual_openalex_reference,test,openalex_public_health_200
W4366960099,W1494628843,1,actual_openalex_reference,test,openalex_public_health_200
W4366960099,W1968854755,1,actual_openalex_reference,test,openalex_public_health_200
W4366960099,W3196414206,1,actual_openalex_reference,test,openalex_public_health_200
W4366960099,W3196834553,1,actual_openalex_reference,test,openalex_public_health_200
W4366960099,W4280588300,1,actual_openalex_reference,test,openalex_public_health_200
W4366960099,W4385144804,1,actual_openalex_reference,test,openalex_public_health_200
W4416247480,W596623478,1,actual_openalex_reference,test,openalex_public_health_200
W4416247480,W1992536587,1,actual_openalex_reference,test,openalex_public_health_200
W4416247480,W2017871126,1,actual_openalex_reference,test,openalex_public_health_200
W4416247480,W2018098195,1,actual_openalex_reference,test,openalex_public_health_200
W4416247480,W2037082989,1,actual_openalex_reference,test,openalex_public_health_200
W4416247480,W2050701338,1,actual_openalex_reference,test,openalex_public_health_200
W4416247480,W2074589859,1,actual_openalex_reference,test,openalex_public_health_200
W4416247480,W2075869197,1,actual_openalex_reference,test,openalex_public_health_200
W4416247480,W2109098122,1,actual_openalex_reference,test,openalex_public_health_200
W4416247480,W2109926048,1,actual_openalex_reference,test,openalex_public_health_200
W4416247480,W2116086876,1,actual_openalex_reference,test,openalex_public_health_200
W4416247480,W2139048178,1,actual_openalex_reference,test,openalex_public_health_200
W4416247480,W2149135975,1,actual_openalex_reference,test,openalex_public_health_200
W4416247480,W2157267774,1,actual_openalex_reference,test,openalex_public_health_200
W4416247480,W2294699989,1,actual_openalex_reference,test,openalex_public_health_200
W4416247480,W2414680936,1,actual_openalex_reference,test,openalex_public_health_200
W4416247480,W2607634803,1,actual_openalex_reference,test,openalex_public_health_200
W4416247480,W2770112099,1,actual_openalex_reference,test,openalex_public_health_200
W4416247480,W2887036112,1,actual_openalex_reference,test,openalex_public_health_200
W4416247480,W2950281301,1,actual_openalex_reference,test,openalex_public_health_200
W4416247480,W2959015283,1,actual_openalex_reference,test,openalex_public_health_200
W4416247480,W2966712431,1,actual_openalex_reference,test,openalex_public_health_200
W4416247480,W2980404306,1,actual_openalex_reference,test,openalex_public_health_200
W4416247480,W3093403510,1,actual_openalex_reference,test,openalex_public_health_200
W4416247480,W3151129679,1,actual_openalex_reference,test,openalex_public_health_200
W4416247480,W4220698183,1,actual_openalex_reference,test,openalex_public_health_200
W4416247480,W4386010287,1,actual_openalex_reference,test,openalex_public_health_200
W4416247480,W4394872719,1,actual_openalex_reference,test,openalex_public_health_200
W4416247480,W4402207487,1,actual_openalex_reference,test,openalex_public_health_200
W4416247480,W4408585887,1,actual_openalex_reference,test,openalex_public_health_200
W7164177385,W1967586250,1,actual_openalex_reference,test,openalex_public_health_200
W7164177385,W2020564947,1,actual_openalex_reference,test,openalex_public_health_200
W7164177385,W2040945835,1,actual_openalex_reference,test,openalex_public_health_200
W7164177385,W2043544743,1,actual_openalex_reference,test,openalex_public_health_200
W7164177385,W2053825508,1,actual_openalex_reference,test,openalex_public_health_200
W7164177385,W2054964979,1,actual_openalex_reference,test,openalex_public_health_200
W7164177385,W2096167208,1,actual_openalex_reference,test,openalex_public_health_200
W7164177385,W2097854212,1,actual_openalex_reference,test,openalex_public_health_200
W7164177385,W2099950831,1,actual_openalex_reference,test,openalex_public_health_200
W7164177385,W2110074893,1,actual_openalex_reference,test,openalex_public_health_200
W7164177385,W2110539138,1,actual_openalex_reference,test,openalex_public_health_200
W7164177385,W2119585582,1,actual_openalex_reference,test,openalex_public_health_200
W7164177385,W2124656409,1,actual_openalex_reference,test,openalex_public_health_200
W7164177385,W2170679460,1,actual_openalex_reference,test,openalex_public_health_200
W7164177385,W2465975592,1,actual_openalex_reference,test,openalex_public_health_200
W7164177385,W2606821096,1,actual_openalex_reference,test,openalex_public_health_200
W7164177385,W2768371199,1,actual_openalex_reference,test,openalex_public_health_200
W7164177385,W2981798550,1,actual_openalex_reference,test,openalex_public_health_200
W7164177385,W3011750488,1,actual_openalex_reference,test,openalex_public_health_200
W7164177385,W3024066122,1,actual_openalex_reference,test,openalex_public_health_200
W7164177385,W3106920130,1,actual_openalex_reference,test,openalex_public_health_200
W7164177385,W4245232822,1,actual_openalex_reference,test,openalex_public_health_200
W4413010001,W1847439038,1,actual_openalex_reference,test,openalex_public_health_200
W4413010001,W1902253190,1,actual_openalex_reference,test,openalex_public_health_200
W4413010001,W1980117702,1,actual_openalex_reference,test,openalex_public_health_200
W4413010001,W2037102659,1,actual_openalex_reference,test,openalex_public_health_200
W4413010001,W2067642424,1,actual_openalex_reference,test,openalex_public_health_200
W4413010001,W2067864190,1,actual_openalex_reference,test,openalex_public_health_200
W4413010001,W2119405892,1,actual_openalex_reference,test,openalex_public_health_200
W4413010001,W2122115192,1,actual_openalex_reference,test,openalex_public_health_200
W4413010001,W2136052109,1,actual_openalex_reference,test,openalex_public_health_200
W4413010001,W2142149055,1,actual_openalex_reference,test,openalex_public_health_200
W4413010001,W2157129285,1,actual_openalex_reference,test,openalex_public_health_200
W4413010001,W2166405126,1,actual_openalex_reference,test,openalex_public_health_200
W4413010001,W2292933427,1,actual_openalex_reference,test,openalex_public_health_200
W4413010001,W2416641010,1,actual_openalex_reference,test,openalex_public_health_200
W4413010001,W2594862922,1,actual_openalex_reference,test,openalex_public_health_200
W4413010001,W2611195265,1,actual_openalex_reference,test,openalex_public_health_200
W4413010001,W2731246448,1,actual_openalex_reference,test,openalex_public_health_200
W4413010001,W2777249857,1,actual_openalex_reference,test,openalex_public_health_200
W4413010001,W2804387127,1,actual_openalex_reference,test,openalex_public_health_200
W4413010001,W2886649958,1,actual_openalex_reference,test,openalex_public_health_200
W4413010001,W2892146716,1,actual_openalex_reference,test,openalex_public_health_200
W4413010001,W2955148740,1,actual_openalex_reference,test,openalex_public_health_200
W4413010001,W3004995823,1,actual_openalex_reference,test,openalex_public_health_200
W4413010001,W3014295162,1,actual_openalex_reference,test,openalex_public_health_200
W4413010001,W3022089061,1,actual_openalex_reference,test,openalex_public_health_200
W4413010001,W3032360840,1,actual_openalex_reference,test,openalex_public_health_200
W4413010001,W3038385426,1,actual_openalex_reference,test,openalex_public_health_200
W4413010001,W3038797657,1,actual_openalex_reference,test,openalex_public_health_200
W4413010001,W3082765662,1,actual_openalex_reference,test,openalex_public_health_200
W4413010001,W3087152454,1,actual_openalex_reference,test,openalex_public_health_200
W4413010001,W3091929931,1,actual_openalex_reference,test,openalex_public_health_200
W4413010001,W3123033717,1,actual_openalex_reference,test,openalex_public_health_200
W4413010001,W3128807196,1,actual_openalex_reference,test,openalex_public_health_200
W4413010001,W3130420812,1,actual_openalex_reference,test,openalex_public_health_200
W4413010001,W3139291660,1,actual_openalex_reference,test,openalex_public_health_200
W4413010001,W3146962856,1,actual_openalex_reference,test,openalex_public_health_200
W4413010001,W3156162986,1,actual_openalex_reference,test,openalex_public_health_200
W4413010001,W3158258706,1,actual_openalex_reference,test,openalex_public_health_200
W4413010001,W3161299991,1,actual_openalex_reference,test,openalex_public_health_200
W4413010001,W3200760521,1,actual_openalex_reference,test,openalex_public_health_200
W4413010001,W3210445363,1,actual_openalex_reference,test,openalex_public_health_200
W4413010001,W3214275014,1,actual_openalex_reference,test,openalex_public_health_200
W4413010001,W3216046142,1,actual_openalex_reference,test,openalex_public_health_200
W4413010001,W4200226123,1,actual_openalex_reference,test,openalex_public_health_200
W4413010001,W4223918446,1,actual_openalex_reference,test,openalex_public_health_200
W4413010001,W4224067206,1,actual_openalex_reference,test,openalex_public_health_200
W4413010001,W4281291729,1,actual_openalex_reference,test,openalex_public_health_200
W4413010001,W4292247067,1,actual_openalex_reference,test,openalex_public_health_200
W4413010001,W4293661193,1,actual_openalex_reference,test,openalex_public_health_200
W4413010001,W4296626993,1,actual_openalex_reference,test,openalex_public_health_200
W4413010001,W4297312174,1,actual_openalex_reference,test,openalex_public_health_200
W4413010001,W4308687094,1,actual_openalex_reference,test,openalex_public_health_200
W4413010001,W4311956750,1,actual_openalex_reference,test,openalex_public_health_200
W4413010001,W4360616529,1,actual_openalex_reference,test,openalex_public_health_200
W4413010001,W4360961708,1,actual_openalex_reference,test,openalex_public_health_200
W4413010001,W4386155489,1,actual_openalex_reference,test,openalex_public_health_200
W4410723550,W199510873,1,actual_openalex_reference,test,openalex_public_health_200
W4410723550,W1972036562,1,actual_openalex_reference,test,openalex_public_health_200
W4410723550,W2107670283,1,actual_openalex_reference,test,openalex_public_health_200
W4410723550,W2114625697,1,actual_openalex_reference,test,openalex_public_health_200
W4410723550,W2125005244,1,actual_openalex_reference,test,openalex_public_health_200
W4410723550,W2134782473,1,actual_openalex_reference,test,openalex_public_health_200
W4410723550,W2416175220,1,actual_openalex_reference,test,openalex_public_health_200
W4410723550,W2418531230,1,actual_openalex_reference,test,openalex_public_health_200
W4410723550,W2550714446,1,actual_openalex_reference,test,openalex_public_health_200
W4410723550,W2604837458,1,actual_openalex_reference,test,openalex_public_health_200
W4410723550,W2612075450,1,actual_openalex_reference,test,openalex_public_health_200
W4410723550,W2612334930,1,actual_openalex_reference,test,openalex_public_health_200
W4410723550,W2725449842,1,actual_openalex_reference,test,openalex_public_health_200
W4410723550,W2796751065,1,actual_openalex_reference,test,openalex_public_health_200
W4410723550,W2900966197,1,actual_openalex_reference,test,openalex_public_health_200
W4410723550,W3012706068,1,actual_openalex_reference,test,openalex_public_health_200
W4410723550,W3015783265,1,actual_openalex_reference,test,openalex_public_health_200
W4410723550,W3080725470,1,actual_openalex_reference,test,openalex_public_health_200
W4410723550,W3126574749,1,actual_openalex_reference,test,openalex_public_health_200
W4410723550,W3155123002,1,actual_openalex_reference,test,openalex_public_health_200
W4410723550,W3198480432,1,actual_openalex_reference,test,openalex_public_health_200
W4410723550,W4377102817,1,actual_openalex_reference,test,openalex_public_health_200
W4410723550,W4379055645,1,actual_openalex_reference,test,openalex_public_health_200
W4410723550,W4391151516,1,actual_openalex_reference,test,openalex_public_health_200
W7128064776,W1499793228,1,actual_openalex_reference,test,openalex_public_health_200
W7128064776,W2049080106,1,actual_openalex_reference,test,openalex_public_health_200
W7128064776,W2098159245,1,actual_openalex_reference,test,openalex_public_health_200
W7128064776,W2906270375,1,actual_openalex_reference,test,openalex_public_health_200
W7128064776,W2963232509,1,actual_openalex_reference,test,openalex_public_health_200
W7128064776,W3100513141,1,actual_openalex_reference,test,openalex_public_health_200
W7128064776,W3195556027,1,actual_openalex_reference,test,openalex_public_health_200
W7128064776,W4238046310,1,actual_openalex_reference,test,openalex_public_health_200
W7128064776,W4313511339,1,actual_openalex_reference,test,openalex_public_health_200
W7128064776,W4353059269,1,actual_openalex_reference,test,openalex_public_health_200
W7128064776,W4387562833,1,actual_openalex_reference,test,openalex_public_health_200
W7128064776,W4388566495,1,actual_openalex_reference,test,openalex_public_health_200
W7128064776,W4394981823,1,actual_openalex_reference,test,openalex_public_health_200
W7128064776,W4407393617,1,actual_openalex_reference,test,openalex_public_health_200
W4401844188,W2576238224,1,actual_openalex_reference,test,openalex_public_health_200
W4401844188,W2589121646,1,actual_openalex_reference,test,openalex_public_health_200
W4401844188,W2753078093,1,actual_openalex_reference,test,openalex_public_health_200
W4401844188,W2765124237,1,actual_openalex_reference,test,openalex_public_health_200
W4401844188,W2788329364,1,actual_openalex_reference,test,openalex_public_health_200
W4401844188,W2889799877,1,actual_openalex_reference,test,openalex_public_health_200
W4401844188,W2913709719,1,actual_openalex_reference,test,openalex_public_health_200
W4401844188,W2945176144,1,actual_openalex_reference,test,openalex_public_health_200
W4401844188,W2949640156,1,actual_openalex_reference,test,openalex_public_health_200
W4401844188,W3036341200,1,actual_openalex_reference,test,openalex_public_health_200
W4401844188,W3188630077,1,actual_openalex_reference,test,openalex_public_health_200
W4401844188,W4207002397,1,actual_openalex_reference,test,openalex_public_health_200
W4401844188,W4220938135,1,actual_openalex_reference,test,openalex_public_health_200
W4401844188,W4291916214,1,actual_openalex_reference,test,openalex_public_health_200
W4413322733,W2010049072,1,actual_openalex_reference,test,openalex_public_health_200
W4413322733,W2046339686,1,actual_openalex_reference,test,openalex_public_health_200
W4413322733,W2056261002,1,actual_openalex_reference,test,openalex_public_health_200
W4413322733,W2171908398,1,actual_openalex_reference,test,openalex_public_health_200
W4413322733,W2324029232,1,actual_openalex_reference,test,openalex_public_health_200
W4413322733,W2905878809,1,actual_openalex_reference,test,openalex_public_health_200
W4413322733,W2953496316,1,actual_openalex_reference,test,openalex_public_health_200
W4413322733,W2979526726,1,actual_openalex_reference,test,openalex_public_health_200
W4413322733,W3089984853,1,actual_openalex_reference,test,openalex_public_health_200
W4413322733,W3125611161,1,actual_openalex_reference,test,openalex_public_health_200
W4413322733,W4283662139,1,actual_openalex_reference,test,openalex_public_health_200
W4413322733,W4313503884,1,actual_openalex_reference,test,openalex_public_health_200
W4413322733,W4315647742,1,actual_openalex_reference,test,openalex_public_health_200
W4413322733,W4393119405,1,actual_openalex_reference,test,openalex_public_health_200
W4413322733,W4401615460,1,actual_openalex_reference,test,openalex_public_health_200
W4404993749,W1985305350,1,actual_openalex_reference,test,openalex_public_health_200
W4404993749,W2094631910,1,actual_openalex_reference,test,openalex_public_health_200
W4404993749,W2152308270,1,actual_openalex_reference,test,openalex_public_health_200
W4404993749,W2161029207,1,actual_openalex_reference,test,openalex_public_health_200
W4404993749,W2968895516,1,actual_openalex_reference,test,openalex_public_health_200
W4404993749,W4220796319,1,actual_openalex_reference,test,openalex_public_health_200
W4404993749,W4387742431,1,actual_openalex_reference,test,openalex_public_health_200
W7117490479,W13811575,1,actual_openalex_reference,test,openalex_public_health_200
W7117490479,W271810198,1,actual_openalex_reference,test,openalex_public_health_200
W7117490479,W1522419168,1,actual_openalex_reference,test,openalex_public_health_200
W7117490479,W1968201943,1,actual_openalex_reference,test,openalex_public_health_200
W7117490479,W2050425148,1,actual_openalex_reference,test,openalex_public_health_200
W7117490479,W2087956051,1,actual_openalex_reference,test,openalex_public_health_200
W7117490479,W2121349276,1,actual_openalex_reference,test,openalex_public_health_200
W7117490479,W2169583634,1,actual_openalex_reference,test,openalex_public_health_200
W7117490479,W4206546042,1,actual_openalex_reference,test,openalex_public_health_200
W7117490479,W4237564398,1,actual_openalex_reference,test,openalex_public_health_200
W7117490479,W4281389388,1,actual_openalex_reference,test,openalex_public_health_200
W7117490479,W4386099078,1,actual_openalex_reference,test,openalex_public_health_200
W4387780941,W779065802,1,actual_openalex_reference,test,openalex_public_health_200
W4387780941,W1973383209,1,actual_openalex_reference,test,openalex_public_health_200
W4387780941,W2034658238,1,actual_openalex_reference,test,openalex_public_health_200
W4387780941,W2133817570,1,actual_openalex_reference,test,openalex_public_health_200
W4387780941,W2155956605,1,actual_openalex_reference,test,openalex_public_health_200
W4387780941,W2783771722,1,actual_openalex_reference,test,openalex_public_health_200
W4387780941,W2952758388,1,actual_openalex_reference,test,openalex_public_health_200
W4387780941,W2955219487,1,actual_openalex_reference,test,openalex_public_health_200
W4387780941,W4234282985,1,actual_openalex_reference,test,openalex_public_health_200
W4387780941,W4307539204,1,actual_openalex_reference,test,openalex_public_health_200
W4404619674,W1002002657,1,actual_openalex_reference,test,openalex_public_health_200
W4404619674,W1786487218,1,actual_openalex_reference,test,openalex_public_health_200
W4404619674,W2037674832,1,actual_openalex_reference,test,openalex_public_health_200
W4404619674,W2041741066,1,actual_openalex_reference,test,openalex_public_health_200
W4404619674,W2049442881,1,actual_openalex_reference,test,openalex_public_health_200
W4404619674,W2138695840,1,actual_openalex_reference,test,openalex_public_health_200
W4404619674,W2141119777,1,actual_openalex_reference,test,openalex_public_health_200
W4404619674,W2325311377,1,actual_openalex_reference,test,openalex_public_health_200
W4404619674,W2582034117,1,actual_openalex_reference,test,openalex_public_health_200
W4404619674,W2587925795,1,actual_openalex_reference,test,openalex_public_health_200
W4404619674,W2610346477,1,actual_openalex_reference,test,openalex_public_health_200
W4404619674,W2773586704,1,actual_openalex_reference,test,openalex_public_health_200
W4404619674,W2902049053,1,actual_openalex_reference,test,openalex_public_health_200
W4404619674,W2923063610,1,actual_openalex_reference,test,openalex_public_health_200
W4404619674,W2969184621,1,actual_openalex_reference,test,openalex_public_health_200
W4404619674,W2997787770,1,actual_openalex_reference,test,openalex_public_health_200
W4404619674,W3004654095,1,actual_openalex_reference,test,openalex_public_health_200
W4404619674,W3023639742,1,actual_openalex_reference,test,openalex_public_health_200
W4404619674,W3113279508,1,actual_openalex_reference,test,openalex_public_health_200
W4404619674,W3165012325,1,actual_openalex_reference,test,openalex_public_health_200
W4404619674,W3189106108,1,actual_openalex_reference,test,openalex_public_health_200
W4404619674,W4308369851,1,actual_openalex_reference,test,openalex_public_health_200
W4404619674,W4309242654,1,actual_openalex_reference,test,openalex_public_health_200
W4404619674,W4324319427,1,actual_openalex_reference,test,openalex_public_health_200
W4404619674,W4366389462,1,actual_openalex_reference,test,openalex_public_health_200
W4404619674,W4367674025,1,actual_openalex_reference,test,openalex_public_health_200
W7162467935,W1936728507,1,actual_openalex_reference,test,openalex_public_health_200
W7162467935,W1969209329,1,actual_openalex_reference,test,openalex_public_health_200
W7162467935,W2023408468,1,actual_openalex_reference,test,openalex_public_health_200
W7162467935,W2097947025,1,actual_openalex_reference,test,openalex_public_health_200
W7162467935,W2108978314,1,actual_openalex_reference,test,openalex_public_health_200
W7162467935,W2142113620,1,actual_openalex_reference,test,openalex_public_health_200
W7162467935,W2149892712,1,actual_openalex_reference,test,openalex_public_health_200
W7162467935,W2762047174,1,actual_openalex_reference,test,openalex_public_health_200
W7162467935,W2800834635,1,actual_openalex_reference,test,openalex_public_health_200
W7162467935,W2964991885,1,actual_openalex_reference,test,openalex_public_health_200
W7162467935,W2992033677,1,actual_openalex_reference,test,openalex_public_health_200
W7162467935,W2993119987,1,actual_openalex_reference,test,openalex_public_health_200
W7162467935,W3031279354,1,actual_openalex_reference,test,openalex_public_health_200
W7162467935,W3156458251,1,actual_openalex_reference,test,openalex_public_health_200
W7162467935,W3184918695,1,actual_openalex_reference,test,openalex_public_health_200
W7162467935,W3188409022,1,actual_openalex_reference,test,openalex_public_health_200
W7162467935,W3210213307,1,actual_openalex_reference,test,openalex_public_health_200
W7162467935,W4206638317,1,actual_openalex_reference,test,openalex_public_health_200
W7162467935,W4214574545,1,actual_openalex_reference,test,openalex_public_health_200
W7162467935,W4226113272,1,actual_openalex_reference,test,openalex_public_health_200
W7162467935,W4377691791,1,actual_openalex_reference,test,openalex_public_health_200
W7162467935,W4388822183,1,actual_openalex_reference,test,openalex_public_health_200
W7162467935,W4391808031,1,actual_openalex_reference,test,openalex_public_health_200
W7162467935,W4399256399,1,actual_openalex_reference,test,openalex_public_health_200
W7162467935,W4403202317,1,actual_openalex_reference,test,openalex_public_health_200
W7162467935,W4405670661,1,actual_openalex_reference,test,openalex_public_health_200
W7162467935,W4406344630,1,actual_openalex_reference,test,openalex_public_health_200
W7162467935,W4407569873,1,actual_openalex_reference,test,openalex_public_health_200
W7162467935,W4407802131,1,actual_openalex_reference,test,openalex_public_health_200
W7162467935,W4408890772,1,actual_openalex_reference,test,openalex_public_health_200
W4413396854,W1586961826,1,actual_openalex_reference,test,openalex_public_health_200
W4413396854,W1965561480,1,actual_openalex_reference,test,openalex_public_health_200
W4413396854,W1971621965,1,actual_openalex_reference,test,openalex_public_health_200
W4413396854,W1972258244,1,actual_openalex_reference,test,openalex_public_health_200
W4413396854,W2005306344,1,actual_openalex_reference,test,openalex_public_health_200
W4413396854,W2045248432,1,actual_openalex_reference,test,openalex_public_health_200
W4413396854,W2148924243,1,actual_openalex_reference,test,openalex_public_health_200
W4413396854,W2150309002,1,actual_openalex_reference,test,openalex_public_health_200
W4413396854,W2440142330,1,actual_openalex_reference,test,openalex_public_health_200
W4413396854,W2796990712,1,actual_openalex_reference,test,openalex_public_health_200
W4413396854,W2949644363,1,actual_openalex_reference,test,openalex_public_health_200
W4413396854,W3095045330,1,actual_openalex_reference,test,openalex_public_health_200
W4413396854,W4226241607,1,actual_openalex_reference,test,openalex_public_health_200
W4413396854,W4308006899,1,actual_openalex_reference,test,openalex_public_health_200
W4413396854,W4308834514,1,actual_openalex_reference,test,openalex_public_health_200
W4413396854,W4388913402,1,actual_openalex_reference,test,openalex_public_health_200
W4413396854,W4405945364,1,actual_openalex_reference,test,openalex_public_health_200
W7140393432,W2107078676,1,actual_openalex_reference,test,openalex_public_health_200
W7140393432,W2109014926,1,actual_openalex_reference,test,openalex_public_health_200
W7140393432,W2133674686,1,actual_openalex_reference,test,openalex_public_health_200
W7140393432,W2133693353,1,actual_openalex_reference,test,openalex_public_health_200
W7140393432,W2146733033,1,actual_openalex_reference,test,openalex_public_health_200
W7140393432,W2506522983,1,actual_openalex_reference,test,openalex_public_health_200
W7140393432,W2800095585,1,actual_openalex_reference,test,openalex_public_health_200
W7140393432,W3005387593,1,actual_openalex_reference,test,openalex_public_health_200
W7140393432,W3043944795,1,actual_openalex_reference,test,openalex_public_health_200
W7140393432,W3044165840,1,actual_openalex_reference,test,openalex_public_health_200
W7140393432,W3044343571,1,actual_openalex_reference,test,openalex_public_health_200
W7140393432,W3045187914,1,actual_openalex_reference,test,openalex_public_health_200
W7140393432,W3121928554,1,actual_openalex_reference,test,openalex_public_health_200
W7140393432,W3133213334,1,actual_openalex_reference,test,openalex_public_health_200
W7140393432,W3145243353,1,actual_openalex_reference,test,openalex_public_health_200
W7140393432,W3147513778,1,actual_openalex_reference,test,openalex_public_health_200
W7140393432,W3172086495,1,actual_openalex_reference,test,openalex_public_health_200
W7140393432,W3180626178,1,actual_openalex_reference,test,openalex_public_health_200
W7140393432,W4200254862,1,actual_openalex_reference,test,openalex_public_health_200
W7140393432,W4200490733,1,actual_openalex_reference,test,openalex_public_health_200
W7140393432,W4238340562,1,actual_openalex_reference,test,openalex_public_health_200
W7140393432,W4242648176,1,actual_openalex_reference,test,openalex_public_health_200
W7140393432,W4281730371,1,actual_openalex_reference,test,openalex_public_health_200
W7140393432,W4281855430,1,actual_openalex_reference,test,openalex_public_health_200
W7140393432,W4282590574,1,actual_openalex_reference,test,openalex_public_health_200
W7140393432,W4308834534,1,actual_openalex_reference,test,openalex_public_health_200
W7140393432,W4381888790,1,actual_openalex_reference,test,openalex_public_health_200
W7140393432,W4401826515,1,actual_openalex_reference,test,openalex_public_health_200
W4404435274,W1985704586,1,actual_openalex_reference,test,openalex_public_health_200
W4404435274,W2555963217,1,actual_openalex_reference,test,openalex_public_health_200
W4404435274,W2769220249,1,actual_openalex_reference,test,openalex_public_health_200
W4404435274,W3016644070,1,actual_openalex_reference,test,openalex_public_health_200
W4404435274,W4250470659,1,actual_openalex_reference,test,openalex_public_health_200
W4404435274,W4280504694,1,actual_openalex_reference,test,openalex_public_health_200
W4404435274,W4295759702,1,actual_openalex_reference,test,openalex_public_health_200
W4404435274,W4296836558,1,actual_openalex_reference,test,openalex_public_health_200
W4404435274,W4317781041,1,actual_openalex_reference,test,openalex_public_health_200
W7147519698,W1968671949,1,actual_openalex_reference,test,openalex_public_health_200
W7147519698,W2159100725,1,actual_openalex_reference,test,openalex_public_health_200
W7147519698,W2576802954,1,actual_openalex_reference,test,openalex_public_health_200
W7147519698,W2810778397,1,actual_openalex_reference,test,openalex_public_health_200
W7147519698,W2962876462,1,actual_openalex_reference,test,openalex_public_health_200
W7147519698,W2977467374,1,actual_openalex_reference,test,openalex_public_health_200
W7147519698,W3022082873,1,actual_openalex_reference,test,openalex_public_health_200
W7147519698,W3045123951,1,actual_openalex_reference,test,openalex_public_health_200
W7147519698,W3097498919,1,actual_openalex_reference,test,openalex_public_health_200
W7147519698,W3108125240,1,actual_openalex_reference,test,openalex_public_health_200
W7147519698,W3190217956,1,actual_openalex_reference,test,openalex_public_health_200
W7147519698,W3199337593,1,actual_openalex_reference,test,openalex_public_health_200
W7147519698,W3202681138,1,actual_openalex_reference,test,openalex_public_health_200
W7147519698,W3208416198,1,actual_openalex_reference,test,openalex_public_health_200
W7147519698,W4214860479,1,actual_openalex_reference,test,openalex_public_health_200
W7147519698,W4220740548,1,actual_openalex_reference,test,openalex_public_health_200
W7147519698,W4224072519,1,actual_openalex_reference,test,openalex_public_health_200
W7147519698,W4225294487,1,actual_openalex_reference,test,openalex_public_health_200
W7147519698,W4229000489,1,actual_openalex_reference,test,openalex_public_health_200
W7147519698,W4308559944,1,actual_openalex_reference,test,openalex_public_health_200
W7147519698,W4312790856,1,actual_openalex_reference,test,openalex_public_health_200
W4410404004,W1989995063,1,actual_openalex_reference,test,openalex_public_health_200
W4410404004,W2013578576,1,actual_openalex_reference,test,openalex_public_health_200
W4410404004,W2071808384,1,actual_openalex_reference,test,openalex_public_health_200
W4410404004,W2076595549,1,actual_openalex_reference,test,openalex_public_health_200
W4410404004,W2337149414,1,actual_openalex_reference,test,openalex_public_health_200
W4410404004,W2528398295,1,actual_openalex_reference,test,openalex_public_health_200
W4410404004,W2595385489,1,actual_openalex_reference,test,openalex_public_health_200
W4410404004,W2764285415,1,actual_openalex_reference,test,openalex_public_health_200
W4410404004,W2797943701,1,actual_openalex_reference,test,openalex_public_health_200
W4410404004,W2990649841,1,actual_openalex_reference,test,openalex_public_health_200
W4410404004,W3006299868,1,actual_openalex_reference,test,openalex_public_health_200
W4410404004,W3044969744,1,actual_openalex_reference,test,openalex_public_health_200
W4410404004,W3107612108,1,actual_openalex_reference,test,openalex_public_health_200
W4410404004,W3126863164,1,actual_openalex_reference,test,openalex_public_health_200
W4410404004,W3162064336,1,actual_openalex_reference,test,openalex_public_health_200
W4410404004,W3180016080,1,actual_openalex_reference,test,openalex_public_health_200
W4410404004,W3199388945,1,actual_openalex_reference,test,openalex_public_health_200
W4410404004,W4221042021,1,actual_openalex_reference,test,openalex_public_health_200
W4410404004,W4288364210,1,actual_openalex_reference,test,openalex_public_health_200
W4410404004,W4311549127,1,actual_openalex_reference,test,openalex_public_health_200
W4410404004,W4379095244,1,actual_openalex_reference,test,openalex_public_health_200
W4410404004,W4403450749,1,actual_openalex_reference,test,openalex_public_health_200
W4410404004,W4404739913,1,actual_openalex_reference,test,openalex_public_health_200
W4410404004,W4406690305,1,actual_openalex_reference,test,openalex_public_health_200
W4410404004,W4406915098,1,actual_openalex_reference,test,openalex_public_health_200
W4404758995,W1538280296,1,actual_openalex_reference,test,openalex_public_health_200
W4404758995,W1548453476,1,actual_openalex_reference,test,openalex_public_health_200
W4404758995,W1966243580,1,actual_openalex_reference,test,openalex_public_health_200
W4404758995,W1980339772,1,actual_openalex_reference,test,openalex_public_health_200
W4404758995,W1986022270,1,actual_openalex_reference,test,openalex_public_health_200
W4404758995,W2012742732,1,actual_openalex_reference,test,openalex_public_health_200
W4404758995,W2022295058,1,actual_openalex_reference,test,openalex_public_health_200
W4404758995,W2023273135,1,actual_openalex_reference,test,openalex_public_health_200
W4404758995,W2026352867,1,actual_openalex_reference,test,openalex_public_health_200
W4404758995,W2033499033,1,actual_openalex_reference,test,openalex_public_health_200
W4404758995,W2075642610,1,actual_openalex_reference,test,openalex_public_health_200
W4404758995,W2092481181,1,actual_openalex_reference,test,openalex_public_health_200
W4404758995,W2104431032,1,actual_openalex_reference,test,openalex_public_health_200
W4404758995,W2123776532,1,actual_openalex_reference,test,openalex_public_health_200
W4404758995,W2125799409,1,actual_openalex_reference,test,openalex_public_health_200
W4404758995,W2135960418,1,actual_openalex_reference,test,openalex_public_health_200
W4404758995,W2202018601,1,actual_openalex_reference,test,openalex_public_health_200
W4404758995,W2471648529,1,actual_openalex_reference,test,openalex_public_health_200
W4404758995,W2516253469,1,actual_openalex_reference,test,openalex_public_health_200
W4404758995,W2546629056,1,actual_openalex_reference,test,openalex_public_health_200
W4404758995,W2570618306,1,actual_openalex_reference,test,openalex_public_health_200
W4404758995,W2808615542,1,actual_openalex_reference,test,openalex_public_health_200
W4404758995,W2837657249,1,actual_openalex_reference,test,openalex_public_health_200
W4404758995,W2940776063,1,actual_openalex_reference,test,openalex_public_health_200
W4404758995,W3036919333,1,actual_openalex_reference,test,openalex_public_health_200
W4404758995,W4240990204,1,actual_openalex_reference,test,openalex_public_health_200
W7140275783,W82136381,1,actual_openalex_reference,test,openalex_public_health_200
W7140275783,W2031535915,1,actual_openalex_reference,test,openalex_public_health_200
W7140275783,W2074385318,1,actual_openalex_reference,test,openalex_public_health_200
W7140275783,W2138543244,1,actual_openalex_reference,test,openalex_public_health_200
W7140275783,W2153836018,1,actual_openalex_reference,test,openalex_public_health_200
W7140275783,W2156723039,1,actual_openalex_reference,test,openalex_public_health_200
W7140275783,W2226122726,1,actual_openalex_reference,test,openalex_public_health_200
W7140275783,W2264304184,1,actual_openalex_reference,test,openalex_public_health_200
W7140275783,W2429180991,1,actual_openalex_reference,test,openalex_public_health_200
W7140275783,W2520539431,1,actual_openalex_reference,test,openalex_public_health_200
W7140275783,W2807293003,1,actual_openalex_reference,test,openalex_public_health_200
W7140275783,W2894843815,1,actual_openalex_reference,test,openalex_public_health_200
W7140275783,W2912899818,1,actual_openalex_reference,test,openalex_public_health_200
W7140275783,W2957306136,1,actual_openalex_reference,test,openalex_public_health_200
W7140275783,W3009236942,1,actual_openalex_reference,test,openalex_public_health_200
W7140275783,W3046181510,1,actual_openalex_reference,test,openalex_public_health_200
W7140275783,W3046304852,1,actual_openalex_reference,test,openalex_public_health_200
W7140275783,W3087436873,1,actual_openalex_reference,test,openalex_public_health_200
W7140275783,W3098324603,1,actual_openalex_reference,test,openalex_public_health_200
W7140275783,W3130719076,1,actual_openalex_reference,test,openalex_public_health_200
W7140275783,W3138965201,1,actual_openalex_reference,test,openalex_public_health_200
W7140275783,W3203221853,1,actual_openalex_reference,test,openalex_public_health_200
W7140275783,W4294770832,1,actual_openalex_reference,test,openalex_public_health_200
W7140275783,W4296809780,1,actual_openalex_reference,test,openalex_public_health_200
W7140275783,W4304142094,1,actual_openalex_reference,test,openalex_public_health_200
W7140275783,W4309769567,1,actual_openalex_reference,test,openalex_public_health_200
W7140275783,W4313174518,1,actual_openalex_reference,test,openalex_public_health_200
W7140275783,W4384274204,1,actual_openalex_reference,test,openalex_public_health_200
W7140275783,W4387115185,1,actual_openalex_reference,test,openalex_public_health_200
W7140275783,W4387124351,1,actual_openalex_reference,test,openalex_public_health_200
W7140275783,W4387670854,1,actual_openalex_reference,test,openalex_public_health_200
W7140275783,W4389396063,1,actual_openalex_reference,test,openalex_public_health_200
W7140275783,W4394597532,1,actual_openalex_reference,test,openalex_public_health_200
W7140275783,W4403996338,1,actual_openalex_reference,test,openalex_public_health_200
W7140275783,W4404519425,1,actual_openalex_reference,test,openalex_public_health_200
W7140275783,W4405833260,1,actual_openalex_reference,test,openalex_public_health_200
W7140275783,W4406130015,1,actual_openalex_reference,test,openalex_public_health_200
W7140275783,W4409123238,1,actual_openalex_reference,test,openalex_public_health_200
W4387369585,W2143502943,1,actual_openalex_reference,test,openalex_public_health_200
W4387369585,W2152075431,1,actual_openalex_reference,test,openalex_public_health_200
W4387369585,W2158563370,1,actual_openalex_reference,test,openalex_public_health_200
W4387369585,W2326491386,1,actual_openalex_reference,test,openalex_public_health_200
W4387369585,W2547588026,1,actual_openalex_reference,test,openalex_public_health_200
W4387369585,W2781651954,1,actual_openalex_reference,test,openalex_public_health_200
W4387369585,W2960311112,1,actual_openalex_reference,test,openalex_public_health_200
W4387369585,W3011286798,1,actual_openalex_reference,test,openalex_public_health_200
W4387369585,W3088841688,1,actual_openalex_reference,test,openalex_public_health_200
W4387369585,W3118063320,1,actual_openalex_reference,test,openalex_public_health_200
W4387369585,W3128606883,1,actual_openalex_reference,test,openalex_public_health_200
W4387369585,W3128850451,1,actual_openalex_reference,test,openalex_public_health_200
W4387369585,W3184124213,1,actual_openalex_reference,test,openalex_public_health_200
W4387369585,W3190165961,1,actual_openalex_reference,test,openalex_public_health_200
W4387369585,W3203222786,1,actual_openalex_reference,test,openalex_public_health_200
W4387369585,W3215443005,1,actual_openalex_reference,test,openalex_public_health_200
W4387369585,W4220967479,1,actual_openalex_reference,test,openalex_public_health_200
W4403658431,W2004733995,1,actual_openalex_reference,test,openalex_public_health_200
W4403658431,W2059094298,1,actual_openalex_reference,test,openalex_public_health_200
W4403658431,W2163191809,1,actual_openalex_reference,test,openalex_public_health_200
W4403658431,W2217160487,1,actual_openalex_reference,test,openalex_public_health_200
W4403658431,W2622574578,1,actual_openalex_reference,test,openalex_public_health_200
W4403658431,W2979584918,1,actual_openalex_reference,test,openalex_public_health_200
W4403658431,W2986585177,1,actual_openalex_reference,test,openalex_public_health_200
W4403658431,W3039868574,1,actual_openalex_reference,test,openalex_public_health_200
W4403658431,W3040519113,1,actual_openalex_reference,test,openalex_public_health_200
W4403658431,W3082927099,1,actual_openalex_reference,test,openalex_public_health_200
W4403658431,W3122379173,1,actual_openalex_reference,test,openalex_public_health_200
W4403658431,W3128672450,1,actual_openalex_reference,test,openalex_public_health_200
W4403658431,W3135266921,1,actual_openalex_reference,test,openalex_public_health_200
W4403658431,W3152874118,1,actual_openalex_reference,test,openalex_public_health_200
W4403658431,W3191188430,1,actual_openalex_reference,test,openalex_public_health_200
W4403658431,W3206037682,1,actual_openalex_reference,test,openalex_public_health_200
W4403658431,W4200301019,1,actual_openalex_reference,test,openalex_public_health_200
W4403658431,W4206604626,1,actual_openalex_reference,test,openalex_public_health_200
W4403658431,W4242176344,1,actual_openalex_reference,test,openalex_public_health_200
W4415968170,W1561120249,1,actual_openalex_reference,test,openalex_public_health_200
W4415968170,W1592328723,1,actual_openalex_reference,test,openalex_public_health_200
W4415968170,W2102113773,1,actual_openalex_reference,test,openalex_public_health_200
W4415968170,W2104129218,1,actual_openalex_reference,test,openalex_public_health_200
W4415968170,W2140338892,1,actual_openalex_reference,test,openalex_public_health_200
W4415968170,W2158089900,1,actual_openalex_reference,test,openalex_public_health_200
W4415968170,W2171723943,1,actual_openalex_reference,test,openalex_public_health_200
W4415968170,W2809470238,1,actual_openalex_reference,test,openalex_public_health_200
W4415968170,W2857953237,1,actual_openalex_reference,test,openalex_public_health_200
W4415968170,W2891976836,1,actual_openalex_reference,test,openalex_public_health_200
W4415968170,W3084942085,1,actual_openalex_reference,test,openalex_public_health_200
W4415968170,W3095953467,1,actual_openalex_reference,test,openalex_public_health_200
W4415968170,W3194421108,1,actual_openalex_reference,test,openalex_public_health_200
W4415968170,W4283216020,1,actual_openalex_reference,test,openalex_public_health_200
W4415968170,W4283698857,1,actual_openalex_reference,test,openalex_public_health_200
W4415968170,W4310011245,1,actual_openalex_reference,test,openalex_public_health_200
W4415968170,W4311069501,1,actual_openalex_reference,test,openalex_public_health_200
W4415968170,W4319656152,1,actual_openalex_reference,test,openalex_public_health_200
W4415968170,W4324311544,1,actual_openalex_reference,test,openalex_public_health_200
W4415968170,W4386483939,1,actual_openalex_reference,test,openalex_public_health_200
W4415968170,W4389194089,1,actual_openalex_reference,test,openalex_public_health_200
W4415968170,W4401686147,1,actual_openalex_reference,test,openalex_public_health_200
W4415968170,W4401957944,1,actual_openalex_reference,test,openalex_public_health_200
W4415968170,W4403175572,1,actual_openalex_reference,test,openalex_public_health_200
W4403914710,W1972045332,1,actual_openalex_reference,test,openalex_public_health_200
W4403914710,W2014763362,1,actual_openalex_reference,test,openalex_public_health_200
W4403914710,W2030573168,1,actual_openalex_reference,test,openalex_public_health_200
W4403914710,W2101372308,1,actual_openalex_reference,test,openalex_public_health_200
W4403914710,W2408869615,1,actual_openalex_reference,test,openalex_public_health_200
W4403914710,W2531071968,1,actual_openalex_reference,test,openalex_public_health_200
W4403914710,W2625462649,1,actual_openalex_reference,test,openalex_public_health_200
W4403914710,W2893624654,1,actual_openalex_reference,test,openalex_public_health_200
W4403914710,W2916513882,1,actual_openalex_reference,test,openalex_public_health_200
W4403914710,W3020273098,1,actual_openalex_reference,test,openalex_public_health_200
W4403914710,W3126082717,1,actual_openalex_reference,test,openalex_public_health_200
W4403914710,W3184169254,1,actual_openalex_reference,test,openalex_public_health_200
W4403914710,W3199372775,1,actual_openalex_reference,test,openalex_public_health_200
W4403914710,W3203280637,1,actual_openalex_reference,test,openalex_public_health_200
W4403914710,W4211112510,1,actual_openalex_reference,test,openalex_public_health_200
W4403914710,W4214517616,1,actual_openalex_reference,test,openalex_public_health_200
W4403914710,W4214582667,1,actual_openalex_reference,test,openalex_public_health_200
W4403914710,W4214808781,1,actual_openalex_reference,test,openalex_public_health_200
W4403914710,W4229042526,1,actual_openalex_reference,test,openalex_public_health_200
W4403914710,W4281791778,1,actual_openalex_reference,test,openalex_public_health_200
W4403914710,W4294983384,1,actual_openalex_reference,test,openalex_public_health_200
W4403914710,W4306407991,1,actual_openalex_reference,test,openalex_public_health_200
W4403914710,W4318323513,1,actual_openalex_reference,test,openalex_public_health_200
W4403914710,W4389670636,1,actual_openalex_reference,test,openalex_public_health_200
W4403914710,W4391425623,1,actual_openalex_reference,test,openalex_public_health_200
W4403914710,W4392737622,1,actual_openalex_reference,test,openalex_public_health_200
W4408964237,W1986882617,1,actual_openalex_reference,test,openalex_public_health_200
W4408964237,W1991216933,1,actual_openalex_reference,test,openalex_public_health_200
W4408964237,W1997859052,1,actual_openalex_reference,test,openalex_public_health_200
W4408964237,W2043151740,1,actual_openalex_reference,test,openalex_public_health_200
W4408964237,W2055395503,1,actual_openalex_reference,test,openalex_public_health_200
W4408964237,W2066500115,1,actual_openalex_reference,test,openalex_public_health_200
W4408964237,W2076798058,1,actual_openalex_reference,test,openalex_public_health_200
W4408964237,W2081281918,1,actual_openalex_reference,test,openalex_public_health_200
W4408964237,W2091782967,1,actual_openalex_reference,test,openalex_public_health_200
W4408964237,W2095478347,1,actual_openalex_reference,test,openalex_public_health_200
W4408964237,W2109429705,1,actual_openalex_reference,test,openalex_public_health_200
W4408964237,W2141925819,1,actual_openalex_reference,test,openalex_public_health_200
W4408964237,W2148788003,1,actual_openalex_reference,test,openalex_public_health_200
W4408964237,W2152859935,1,actual_openalex_reference,test,openalex_public_health_200
W4408964237,W2159188031,1,actual_openalex_reference,test,openalex_public_health_200
W4408964237,W2161187032,1,actual_openalex_reference,test,openalex_public_health_200
W4408964237,W2274428118,1,actual_openalex_reference,test,openalex_public_health_200
W4408964237,W2419414214,1,actual_openalex_reference,test,openalex_public_health_200
W4408964237,W2421692008,1,actual_openalex_reference,test,openalex_public_health_200
W4408964237,W2557091347,1,actual_openalex_reference,test,openalex_public_health_200
W4408964237,W2783755048,1,actual_openalex_reference,test,openalex_public_health_200
W4408964237,W2808444757,1,actual_openalex_reference,test,openalex_public_health_200
W4408964237,W2967939346,1,actual_openalex_reference,test,openalex_public_health_200
W4408964237,W2974081916,1,actual_openalex_reference,test,openalex_public_health_200
W4408964237,W2979291688,1,actual_openalex_reference,test,openalex_public_health_200
W4408964237,W2982183961,1,actual_openalex_reference,test,openalex_public_health_200
W4408964237,W2998649508,1,actual_openalex_reference,test,openalex_public_health_200
W4408964237,W3006424097,1,actual_openalex_reference,test,openalex_public_health_200
W4408964237,W3020685746,1,actual_openalex_reference,test,openalex_public_health_200
W4408964237,W4390538707,1,actual_openalex_reference,test,openalex_public_health_200
W4379228962,W1935243421,1,actual_openalex_reference,test,openalex_public_health_200
W4379228962,W2005850081,1,actual_openalex_reference,test,openalex_public_health_200
W4379228962,W2173374253,1,actual_openalex_reference,test,openalex_public_health_200
W4379228962,W2286636876,1,actual_openalex_reference,test,openalex_public_health_200
W4379228962,W2557682648,1,actual_openalex_reference,test,openalex_public_health_200
W4379228962,W2586092923,1,actual_openalex_reference,test,openalex_public_health_200
W4379228962,W2783506982,1,actual_openalex_reference,test,openalex_public_health_200
W4379228962,W2783511780,1,actual_openalex_reference,test,openalex_public_health_200
W4379228962,W2803193286,1,actual_openalex_reference,test,openalex_public_health_200
W4379228962,W2897252076,1,actual_openalex_reference,test,openalex_public_health_200
W4379228962,W2908604021,1,actual_openalex_reference,test,openalex_public_health_200
W4379228962,W2921697394,1,actual_openalex_reference,test,openalex_public_health_200
W4379228962,W2953732485,1,actual_openalex_reference,test,openalex_public_health_200
W4379228962,W2982656276,1,actual_openalex_reference,test,openalex_public_health_200
W4379228962,W2991742128,1,actual_openalex_reference,test,openalex_public_health_200
W4379228962,W2997645135,1,actual_openalex_reference,test,openalex_public_health_200
W4379228962,W3008837075,1,actual_openalex_reference,test,openalex_public_health_200
W4379228962,W3015288581,1,actual_openalex_reference,test,openalex_public_health_200
W4379228962,W3015447330,1,actual_openalex_reference,test,openalex_public_health_200
W4379228962,W3031608610,1,actual_openalex_reference,test,openalex_public_health_200
W4379228962,W3145663861,1,actual_openalex_reference,test,openalex_public_health_200
W4379228962,W3193256280,1,actual_openalex_reference,test,openalex_public_health_200
W4379228962,W3201155639,1,actual_openalex_reference,test,openalex_public_health_200
W4379228962,W3209891639,1,actual_openalex_reference,test,openalex_public_health_200
W4379228962,W4200161664,1,actual_openalex_reference,test,openalex_public_health_200
W4379228962,W4206604062,1,actual_openalex_reference,test,openalex_public_health_200
W4379228962,W4210690538,1,actual_openalex_reference,test,openalex_public_health_200
W4379228962,W4236669541,1,actual_openalex_reference,test,openalex_public_health_200
W4379228962,W4295548728,1,actual_openalex_reference,test,openalex_public_health_200
W4361279575,W72396897,1,actual_openalex_reference,test,openalex_public_health_200
W4361279575,W1499014747,1,actual_openalex_reference,test,openalex_public_health_200
W4361279575,W1530640702,1,actual_openalex_reference,test,openalex_public_health_200
W4361279575,W1607620167,1,actual_openalex_reference,test,openalex_public_health_200
W4361279575,W1946055414,1,actual_openalex_reference,test,openalex_public_health_200
W4361279575,W2051839108,1,actual_openalex_reference,test,openalex_public_health_200
W4361279575,W2091463957,1,actual_openalex_reference,test,openalex_public_health_200
W4361279575,W2167734079,1,actual_openalex_reference,test,openalex_public_health_200
W4361279575,W2326647264,1,actual_openalex_reference,test,openalex_public_health_200
W4361279575,W2404015714,1,actual_openalex_reference,test,openalex_public_health_200
W4361279575,W3041519762,1,actual_openalex_reference,test,openalex_public_health_200
W7155166907,W2101642122,1,actual_openalex_reference,test,openalex_public_health_200
W7155166907,W2102461707,1,actual_openalex_reference,test,openalex_public_health_200
W7155166907,W2127045006,1,actual_openalex_reference,test,openalex_public_health_200
W7155166907,W2139846512,1,actual_openalex_reference,test,openalex_public_health_200
W7155166907,W2170812841,1,actual_openalex_reference,test,openalex_public_health_200
W7155166907,W2186474657,1,actual_openalex_reference,test,openalex_public_health_200
W7155166907,W2329413583,1,actual_openalex_reference,test,openalex_public_health_200
W7155166907,W2885668867,1,actual_openalex_reference,test,openalex_public_health_200
W7155166907,W2905805750,1,actual_openalex_reference,test,openalex_public_health_200
W7155166907,W2923666109,1,actual_openalex_reference,test,openalex_public_health_200
W7155166907,W2949437710,1,actual_openalex_reference,test,openalex_public_health_200
W7155166907,W2953038115,1,actual_openalex_reference,test,openalex_public_health_200
W7155166907,W2961201202,1,actual_openalex_reference,test,openalex_public_health_200
W7155166907,W2969452336,1,actual_openalex_reference,test,openalex_public_health_200
W7155166907,W2975329194,1,actual_openalex_reference,test,openalex_public_health_200
W7155166907,W3022622123,1,actual_openalex_reference,test,openalex_public_health_200
W7155166907,W3044240219,1,actual_openalex_reference,test,openalex_public_health_200
W7155166907,W3084581047,1,actual_openalex_reference,test,openalex_public_health_200
W7155166907,W3092021059,1,actual_openalex_reference,test,openalex_public_health_200
W7155166907,W3215285697,1,actual_openalex_reference,test,openalex_public_health_200
W7155166907,W4221059896,1,actual_openalex_reference,test,openalex_public_health_200
W7155166907,W4312128766,1,actual_openalex_reference,test,openalex_public_health_200
W7155166907,W4319985718,1,actual_openalex_reference,test,openalex_public_health_200
W7155166907,W4367597817,1,actual_openalex_reference,test,openalex_public_health_200
W7155166907,W4387330588,1,actual_openalex_reference,test,openalex_public_health_200
W7155166907,W4402641467,1,actual_openalex_reference,test,openalex_public_health_200
W7155166907,W4403758798,1,actual_openalex_reference,test,openalex_public_health_200
W7155166907,W4414152673,1,actual_openalex_reference,test,openalex_public_health_200
W4362571168,W2053293344,1,actual_openalex_reference,test,openalex_public_health_200
W4362571168,W2145137020,1,actual_openalex_reference,test,openalex_public_health_200
W4362571168,W2725216843,1,actual_openalex_reference,test,openalex_public_health_200
W4362571168,W2903607556,1,actual_openalex_reference,test,openalex_public_health_200
W4362571168,W3130051164,1,actual_openalex_reference,test,openalex_public_health_200
W4362571168,W3144617765,1,actual_openalex_reference,test,openalex_public_health_200
W4362571168,W3187585064,1,actual_openalex_reference,test,openalex_public_health_200
W4362571168,W4210791249,1,actual_openalex_reference,test,openalex_public_health_200
W4405258931,W111171619,1,actual_openalex_reference,test,openalex_public_health_200
W4405258931,W1205050976,1,actual_openalex_reference,test,openalex_public_health_200
W4405258931,W1221905311,1,actual_openalex_reference,test,openalex_public_health_200
W4405258931,W1550432745,1,actual_openalex_reference,test,openalex_public_health_200
W4405258931,W2013508741,1,actual_openalex_reference,test,openalex_public_health_200
W4405258931,W2067495470,1,actual_openalex_reference,test,openalex_public_health_200
W4405258931,W2097288859,1,actual_openalex_reference,test,openalex_public_health_200
W4405258931,W2102599248,1,actual_openalex_reference,test,openalex_public_health_200
W4405258931,W2128027469,1,actual_openalex_reference,test,openalex_public_health_200
W4405258931,W2132421755,1,actual_openalex_reference,test,openalex_public_health_200
W4405258931,W2155508256,1,actual_openalex_reference,test,openalex_public_health_200
W4405258931,W2171083059,1,actual_openalex_reference,test,openalex_public_health_200
W4405258931,W2559810771,1,actual_openalex_reference,test,openalex_public_health_200
W4405258931,W2907279940,1,actual_openalex_reference,test,openalex_public_health_200
W4405258931,W2919024472,1,actual_openalex_reference,test,openalex_public_health_200
W4405258931,W3095686818,1,actual_openalex_reference,test,openalex_public_health_200
W4405258931,W3107511728,1,actual_openalex_reference,test,openalex_public_health_200
W4405258931,W3113702721,1,actual_openalex_reference,test,openalex_public_health_200
W4405258931,W3211180634,1,actual_openalex_reference,test,openalex_public_health_200
W4405258931,W4311604676,1,actual_openalex_reference,test,openalex_public_health_200
W4405258931,W4323652276,1,actual_openalex_reference,test,openalex_public_health_200
W7131251591,W1532559046,1,actual_openalex_reference,test,openalex_public_health_200
W7131251591,W1964120484,1,actual_openalex_reference,test,openalex_public_health_200
W7131251591,W1990975455,1,actual_openalex_reference,test,openalex_public_health_200
W7131251591,W2032160091,1,actual_openalex_reference,test,openalex_public_health_200
W7131251591,W2083614812,1,actual_openalex_reference,test,openalex_public_health_200
W7131251591,W2108512869,1,actual_openalex_reference,test,openalex_public_health_200
W7131251591,W2110835349,1,actual_openalex_reference,test,openalex_public_health_200
W7131251591,W2118130809,1,actual_openalex_reference,test,openalex_public_health_200
W7131251591,W2118982822,1,actual_openalex_reference,test,openalex_public_health_200
W7131251591,W2125225248,1,actual_openalex_reference,test,openalex_public_health_200
W7131251591,W2136847298,1,actual_openalex_reference,test,openalex_public_health_200
W7131251591,W2151849424,1,actual_openalex_reference,test,openalex_public_health_200
W7131251591,W2166924814,1,actual_openalex_reference,test,openalex_public_health_200
W7131251591,W2205335187,1,actual_openalex_reference,test,openalex_public_health_200
W7131251591,W2322358787,1,actual_openalex_reference,test,openalex_public_health_200
W7131251591,W2518633434,1,actual_openalex_reference,test,openalex_public_health_200
W7131251591,W2587970647,1,actual_openalex_reference,test,openalex_public_health_200
W7131251591,W2781938185,1,actual_openalex_reference,test,openalex_public_health_200
W7131251591,W2801159594,1,actual_openalex_reference,test,openalex_public_health_200
W7131251591,W2901954177,1,actual_openalex_reference,test,openalex_public_health_200
W7131251591,W2944363757,1,actual_openalex_reference,test,openalex_public_health_200
W7131251591,W3005235420,1,actual_openalex_reference,test,openalex_public_health_200
W7131251591,W3006553977,1,actual_openalex_reference,test,openalex_public_health_200
W7131251591,W3012942850,1,actual_openalex_reference,test,openalex_public_health_200
W7131251591,W3089405925,1,actual_openalex_reference,test,openalex_public_health_200
W7131251591,W3092502920,1,actual_openalex_reference,test,openalex_public_health_200
W7131251591,W3165390869,1,actual_openalex_reference,test,openalex_public_health_200
W7131251591,W3172429520,1,actual_openalex_reference,test,openalex_public_health_200
W7131251591,W4206339719,1,actual_openalex_reference,test,openalex_public_health_200
W7131251591,W4211177544,1,actual_openalex_reference,test,openalex_public_health_200
W7131251591,W4327977237,1,actual_openalex_reference,test,openalex_public_health_200
W7131251591,W4365140367,1,actual_openalex_reference,test,openalex_public_health_200
W7131251591,W4387447320,1,actual_openalex_reference,test,openalex_public_health_200
W7131251591,W4402089512,1,actual_openalex_reference,test,openalex_public_health_200
W7131251591,W4402581108,1,actual_openalex_reference,test,openalex_public_health_200
W7131251591,W4403283794,1,actual_openalex_reference,test,openalex_public_health_200
W7131251591,W4409517196,1,actual_openalex_reference,test,openalex_public_health_200
W4415513880,W1571624993,1,actual_openalex_reference,test,openalex_public_health_200
W4415513880,W1832528987,1,actual_openalex_reference,test,openalex_public_health_200
W4415513880,W1984916146,1,actual_openalex_reference,test,openalex_public_health_200
W4415513880,W2008435861,1,actual_openalex_reference,test,openalex_public_health_200
W4415513880,W2119716443,1,actual_openalex_reference,test,openalex_public_health_200
W4415513880,W2122609222,1,actual_openalex_reference,test,openalex_public_health_200
W4415513880,W2170241784,1,actual_openalex_reference,test,openalex_public_health_200
W4415513880,W4303958814,1,actual_openalex_reference,test,openalex_public_health_200
W4415513880,W4377043826,1,actual_openalex_reference,test,openalex_public_health_200
W4381489327,W2098752671,1,actual_openalex_reference,test,openalex_public_health_200
W4381489327,W2138664283,1,actual_openalex_reference,test,openalex_public_health_200
W4381489327,W2521512889,1,actual_openalex_reference,test,openalex_public_health_200
W4381489327,W2560553696,1,actual_openalex_reference,test,openalex_public_health_200
W4381489327,W2767844969,1,actual_openalex_reference,test,openalex_public_health_200
W4381489327,W2770289357,1,actual_openalex_reference,test,openalex_public_health_200
W4381489327,W2800556194,1,actual_openalex_reference,test,openalex_public_health_200
W4381489327,W2946577852,1,actual_openalex_reference,test,openalex_public_health_200
W4381489327,W3005861677,1,actual_openalex_reference,test,openalex_public_health_200
W4381489327,W3024677066,1,actual_openalex_reference,test,openalex_public_health_200
W4381489327,W3062979841,1,actual_openalex_reference,test,openalex_public_health_200
W4381489327,W3095800751,1,actual_openalex_reference,test,openalex_public_health_200
W4381489327,W3157736113,1,actual_openalex_reference,test,openalex_public_health_200
W4381489327,W3174147029,1,actual_openalex_reference,test,openalex_public_health_200
W4381489327,W3192230105,1,actual_openalex_reference,test,openalex_public_health_200
W4381489327,W4200288315,1,actual_openalex_reference,test,openalex_public_health_200
W4381489327,W4213452705,1,actual_openalex_reference,test,openalex_public_health_200
W4381489327,W4280506190,1,actual_openalex_reference,test,openalex_public_health_200
W4381489327,W4297830902,1,actual_openalex_reference,test,openalex_public_health_200
W4381489327,W4311589970,1,actual_openalex_reference,test,openalex_public_health_200
W4381489327,W4372357791,1,actual_openalex_reference,test,openalex_public_health_200
W4409798476,W1968116997,1,actual_openalex_reference,test,openalex_public_health_200
W4409798476,W1994275595,1,actual_openalex_reference,test,openalex_public_health_200
W4409798476,W2045030413,1,actual_openalex_reference,test,openalex_public_health_200
W4409798476,W2078294506,1,actual_openalex_reference,test,openalex_public_health_200
W4409798476,W2104872799,1,actual_openalex_reference,test,openalex_public_health_200
W4409798476,W2739713380,1,actual_openalex_reference,test,openalex_public_health_200
W4409798476,W2922163122,1,actual_openalex_reference,test,openalex_public_health_200
W4409798476,W2947619092,1,actual_openalex_reference,test,openalex_public_health_200
W4409798476,W3011193041,1,actual_openalex_reference,test,openalex_public_health_200
W4409798476,W3080172165,1,actual_openalex_reference,test,openalex_public_health_200
W4409798476,W3085616550,1,actual_openalex_reference,test,openalex_public_health_200
W4409798476,W3196122178,1,actual_openalex_reference,test,openalex_public_health_200
W4409798476,W3210672120,1,actual_openalex_reference,test,openalex_public_health_200
W4409798476,W4200437630,1,actual_openalex_reference,test,openalex_public_health_200
W4409798476,W4230955257,1,actual_openalex_reference,test,openalex_public_health_200
W4409798476,W4282587939,1,actual_openalex_reference,test,openalex_public_health_200
W4409798476,W4367857479,1,actual_openalex_reference,test,openalex_public_health_200
W4409798476,W4383315951,1,actual_openalex_reference,test,openalex_public_health_200
W4409798476,W4391035317,1,actual_openalex_reference,test,openalex_public_health_200
W4409798476,W4396230700,1,actual_openalex_reference,test,openalex_public_health_200
W4410396278,W1510534565,1,actual_openalex_reference,test,openalex_public_health_200
W4410396278,W1591477834,1,actual_openalex_reference,test,openalex_public_health_200
W4410396278,W2001530132,1,actual_openalex_reference,test,openalex_public_health_200
W4410396278,W2036755724,1,actual_openalex_reference,test,openalex_public_health_200
W4410396278,W2093969254,1,actual_openalex_reference,test,openalex_public_health_200
W4410396278,W2102160876,1,actual_openalex_reference,test,openalex_public_health_200
W4410396278,W2103685216,1,actual_openalex_reference,test,openalex_public_health_200
W4410396278,W2117438470,1,actual_openalex_reference,test,openalex_public_health_200
W4410396278,W2125767815,1,actual_openalex_reference,test,openalex_public_health_200
W4410396278,W2151675629,1,actual_openalex_reference,test,openalex_public_health_200
W4410396278,W2157112789,1,actual_openalex_reference,test,openalex_public_health_200
W4410396278,W2159747114,1,actual_openalex_reference,test,openalex_public_health_200
W4410396278,W2167956674,1,actual_openalex_reference,test,openalex_public_health_200
W4410396278,W2170693080,1,actual_openalex_reference,test,openalex_public_health_200
W4410396278,W2792346454,1,actual_openalex_reference,test,openalex_public_health_200
W4410396278,W2810834053,1,actual_openalex_reference,test,openalex_public_health_200
W4410396278,W2889740935,1,actual_openalex_reference,test,openalex_public_health_200
W4410396278,W2911646665,1,actual_openalex_reference,test,openalex_public_health_200
W4410396278,W2945290839,1,actual_openalex_reference,test,openalex_public_health_200
W4410396278,W2958608034,1,actual_openalex_reference,test,openalex_public_health_200
W4410396278,W2966054831,1,actual_openalex_reference,test,openalex_public_health_200
W4410396278,W2982689965,1,actual_openalex_reference,test,openalex_public_health_200
W4410396278,W3041506792,1,actual_openalex_reference,test,openalex_public_health_200
W4410396278,W3106628060,1,actual_openalex_reference,test,openalex_public_health_200
W4410396278,W3134350950,1,actual_openalex_reference,test,openalex_public_health_200
W4410396278,W4206302832,1,actual_openalex_reference,test,openalex_public_health_200
W4410396278,W4210963896,1,actual_openalex_reference,test,openalex_public_health_200
W4410396278,W4224308117,1,actual_openalex_reference,test,openalex_public_health_200
W4410396278,W4283466971,1,actual_openalex_reference,test,openalex_public_health_200
W4410396278,W4289313607,1,actual_openalex_reference,test,openalex_public_health_200
W4410396278,W4297347475,1,actual_openalex_reference,test,openalex_public_health_200
W4410396278,W4303579261,1,actual_openalex_reference,test,openalex_public_health_200
W4410396278,W4312187436,1,actual_openalex_reference,test,openalex_public_health_200
W4410396278,W4312205576,1,actual_openalex_reference,test,openalex_public_health_200
W4410396278,W4313488073,1,actual_openalex_reference,test,openalex_public_health_200
W4415445884,W389529359,1,actual_openalex_reference,test,openalex_public_health_200
W4415445884,W1964363948,1,actual_openalex_reference,test,openalex_public_health_200
W4415445884,W1990281799,1,actual_openalex_reference,test,openalex_public_health_200
W4415445884,W1992848799,1,actual_openalex_reference,test,openalex_public_health_200
W4415445884,W2007821952,1,actual_openalex_reference,test,openalex_public_health_200
W4415445884,W2021618608,1,actual_openalex_reference,test,openalex_public_health_200
W4415445884,W2042644029,1,actual_openalex_reference,test,openalex_public_health_200
W4415445884,W2083329137,1,actual_openalex_reference,test,openalex_public_health_200
W4415445884,W2104859098,1,actual_openalex_reference,test,openalex_public_health_200
W4415445884,W2110515204,1,actual_openalex_reference,test,openalex_public_health_200
W4415445884,W2157621311,1,actual_openalex_reference,test,openalex_public_health_200
W4415445884,W2180957644,1,actual_openalex_reference,test,openalex_public_health_200
W4415445884,W2322561751,1,actual_openalex_reference,test,openalex_public_health_200
W4415445884,W2626747013,1,actual_openalex_reference,test,openalex_public_health_200
W4415445884,W2750939519,1,actual_openalex_reference,test,openalex_public_health_200
W4415445884,W2765353884,1,actual_openalex_reference,test,openalex_public_health_200
W4415445884,W2883170063,1,actual_openalex_reference,test,openalex_public_health_200
W4415445884,W2890704415,1,actual_openalex_reference,test,openalex_public_health_200
W4415445884,W2896670722,1,actual_openalex_reference,test,openalex_public_health_200
W4415445884,W2946308460,1,actual_openalex_reference,test,openalex_public_health_200
W4415445884,W2966391969,1,actual_openalex_reference,test,openalex_public_health_200
W4415445884,W2968962742,1,actual_openalex_reference,test,openalex_public_health_200
W4415445884,W2980387489,1,actual_openalex_reference,test,openalex_public_health_200
W4415445884,W2981379014,1,actual_openalex_reference,test,openalex_public_health_200
W4415445884,W2982039269,1,actual_openalex_reference,test,openalex_public_health_200
W4415445884,W2996386735,1,actual_openalex_reference,test,openalex_public_health_200
W4415445884,W2997942808,1,actual_openalex_reference,test,openalex_public_health_200
W4415445884,W3000335089,1,actual_openalex_reference,test,openalex_public_health_200
W4415445884,W3008722485,1,actual_openalex_reference,test,openalex_public_health_200
W4415445884,W3009370203,1,actual_openalex_reference,test,openalex_public_health_200
W4415445884,W3010806276,1,actual_openalex_reference,test,openalex_public_health_200
W4415445884,W3014894278,1,actual_openalex_reference,test,openalex_public_health_200
W4415445884,W3020519453,1,actual_openalex_reference,test,openalex_public_health_200
W4415445884,W3026746140,1,actual_openalex_reference,test,openalex_public_health_200
W4415445884,W3033083491,1,actual_openalex_reference,test,openalex_public_health_200
W4415445884,W3103895226,1,actual_openalex_reference,test,openalex_public_health_200
W4415445884,W3111438812,1,actual_openalex_reference,test,openalex_public_health_200
W4415445884,W3133901883,1,actual_openalex_reference,test,openalex_public_health_200
W4415445884,W3152161302,1,actual_openalex_reference,test,openalex_public_health_200
W4415445884,W3204123321,1,actual_openalex_reference,test,openalex_public_health_200
W4415445884,W3205424188,1,actual_openalex_reference,test,openalex_public_health_200
W4415445884,W3216808629,1,actual_openalex_reference,test,openalex_public_health_200
W4415445884,W4205529462,1,actual_openalex_reference,test,openalex_public_health_200
W4415445884,W4226071395,1,actual_openalex_reference,test,openalex_public_health_200
W4415445884,W4250046281,1,actual_openalex_reference,test,openalex_public_health_200
W4415445884,W4292109341,1,actual_openalex_reference,test,openalex_public_health_200
W4415445884,W4320730511,1,actual_openalex_reference,test,openalex_public_health_200
W4415445884,W4382133611,1,actual_openalex_reference,test,openalex_public_health_200
W4415445884,W4382776064,1,actual_openalex_reference,test,openalex_public_health_200
W4415445884,W4387617251,1,actual_openalex_reference,test,openalex_public_health_200
W4415445884,W4394690182,1,actual_openalex_reference,test,openalex_public_health_200
W4415445884,W4399478021,1,actual_openalex_reference,test,openalex_public_health_200
W4415445884,W4399587805,1,actual_openalex_reference,test,openalex_public_health_200
W4415445884,W4401477358,1,actual_openalex_reference,test,openalex_public_health_200
W4415445884,W4404046395,1,actual_openalex_reference,test,openalex_public_health_200
W4415445884,W4410519217,1,actual_openalex_reference,test,openalex_public_health_200
W4415445884,W4411755493,1,actual_openalex_reference,test,openalex_public_health_200
W4417488413,W2063547080,1,actual_openalex_reference,test,openalex_public_health_200
W4417488413,W2068374682,1,actual_openalex_reference,test,openalex_public_health_200
W4417488413,W2098752671,1,actual_openalex_reference,test,openalex_public_health_200
W4417488413,W2488038306,1,actual_openalex_reference,test,openalex_public_health_200
W4417488413,W2580095023,1,actual_openalex_reference,test,openalex_public_health_200
W4417488413,W2896013147,1,actual_openalex_reference,test,openalex_public_health_200
W4417488413,W2905130386,1,actual_openalex_reference,test,openalex_public_health_200
W4417488413,W2912324110,1,actual_openalex_reference,test,openalex_public_health_200
W4417488413,W2966399639,1,actual_openalex_reference,test,openalex_public_health_200
W4417488413,W2995660892,1,actual_openalex_reference,test,openalex_public_health_200
W4417488413,W3086944290,1,actual_openalex_reference,test,openalex_public_health_200
W4417488413,W3168776199,1,actual_openalex_reference,test,openalex_public_health_200
W4417488413,W3188856753,1,actual_openalex_reference,test,openalex_public_health_200
W4417488413,W3213224513,1,actual_openalex_reference,test,openalex_public_health_200
W4417488413,W4283214919,1,actual_openalex_reference,test,openalex_public_health_200
W4417488413,W4384665329,1,actual_openalex_reference,test,openalex_public_health_200
W4417488413,W4386765672,1,actual_openalex_reference,test,openalex_public_health_200
W4417488413,W4393375906,1,actual_openalex_reference,test,openalex_public_health_200
W4417488413,W4406612961,1,actual_openalex_reference,test,openalex_public_health_200
W4388534576,W1978490255,1,actual_openalex_reference,test,openalex_public_health_200
W4388534576,W2063007022,1,actual_openalex_reference,test,openalex_public_health_200
W4388534576,W2064077394,1,actual_openalex_reference,test,openalex_public_health_200
W4388534576,W2098356636,1,actual_openalex_reference,test,openalex_public_health_200
W4388534576,W2163543624,1,actual_openalex_reference,test,openalex_public_health_200
W4388534576,W2883195199,1,actual_openalex_reference,test,openalex_public_health_200
W4388534576,W2974319466,1,actual_openalex_reference,test,openalex_public_health_200
W4388534576,W3187136054,1,actual_openalex_reference,test,openalex_public_health_200
W4388534576,W3197253811,1,actual_openalex_reference,test,openalex_public_health_200
W4388534576,W3203069855,1,actual_openalex_reference,test,openalex_public_health_200
W4388534576,W4205703181,1,actual_openalex_reference,test,openalex_public_health_200
W4388534576,W4220716567,1,actual_openalex_reference,test,openalex_public_health_200
W4388534576,W4293372340,1,actual_openalex_reference,test,openalex_public_health_200
W4410280926,W2123215356,1,actual_openalex_reference,test,openalex_public_health_200
W4410280926,W2772246762,1,actual_openalex_reference,test,openalex_public_health_200
W4410280926,W3001961502,1,actual_openalex_reference,test,openalex_public_health_200
W4410280926,W3014488149,1,actual_openalex_reference,test,openalex_public_health_200
W4410280926,W3042729294,1,actual_openalex_reference,test,openalex_public_health_200
W4410280926,W3043198564,1,actual_openalex_reference,test,openalex_public_health_200
W4410280926,W4361218070,1,actual_openalex_reference,test,openalex_public_health_200
W4410280926,W4382655253,1,actual_openalex_reference,test,openalex_public_health_200
W4410280926,W4393204522,1,actual_openalex_reference,test,openalex_public_health_200
W4390770289,W2120767360,1,actual_openalex_reference,test,openalex_public_health_200
W4390770289,W2764177017,1,actual_openalex_reference,test,openalex_public_health_200
W4390770289,W2951473866,1,actual_openalex_reference,test,openalex_public_health_200
W4390770289,W3126606950,1,actual_openalex_reference,test,openalex_public_health_200
W4390770289,W3181132949,1,actual_openalex_reference,test,openalex_public_health_200
W4390770289,W3197162943,1,actual_openalex_reference,test,openalex_public_health_200
W4390770289,W3198210930,1,actual_openalex_reference,test,openalex_public_health_200
W4390770289,W4282822188,1,actual_openalex_reference,test,openalex_public_health_200
W4390770289,W4283756250,1,actual_openalex_reference,test,openalex_public_health_200
W4390770289,W4289831035,1,actual_openalex_reference,test,openalex_public_health_200
W4390770289,W4296049735,1,actual_openalex_reference,test,openalex_public_health_200
W4390770289,W4308952029,1,actual_openalex_reference,test,openalex_public_health_200
W4390770289,W4312126575,1,actual_openalex_reference,test,openalex_public_health_200
W4390770289,W4312449188,1,actual_openalex_reference,test,openalex_public_health_200
W4390770289,W4362472353,1,actual_openalex_reference,test,openalex_public_health_200
W4390770289,W4375866879,1,actual_openalex_reference,test,openalex_public_health_200
W4390770289,W4382919396,1,actual_openalex_reference,test,openalex_public_health_200
W4390770289,W4390770289,1,actual_openalex_reference,test,openalex_public_health_200
W4417022408,W1965988916,1,actual_openalex_reference,test,openalex_public_health_200
W4417022408,W1977932419,1,actual_openalex_reference,test,openalex_public_health_200
W4417022408,W1983076004,1,actual_openalex_reference,test,openalex_public_health_200
W4417022408,W2004820795,1,actual_openalex_reference,test,openalex_public_health_200
W4417022408,W2007314414,1,actual_openalex_reference,test,openalex_public_health_200
W4417022408,W2008417058,1,actual_openalex_reference,test,openalex_public_health_200
W4417022408,W2017784929,1,actual_openalex_reference,test,openalex_public_health_200
W4417022408,W2040525542,1,actual_openalex_reference,test,openalex_public_health_200
W4417022408,W2050040190,1,actual_openalex_reference,test,openalex_public_health_200
W4417022408,W2055911575,1,actual_openalex_reference,test,openalex_public_health_200
W4417022408,W2087317301,1,actual_openalex_reference,test,openalex_public_health_200
W4417022408,W2118506472,1,actual_openalex_reference,test,openalex_public_health_200
W4417022408,W2126221171,1,actual_openalex_reference,test,openalex_public_health_200
W4417022408,W2127162777,1,actual_openalex_reference,test,openalex_public_health_200
W4417022408,W2128017454,1,actual_openalex_reference,test,openalex_public_health_200
W4417022408,W2140708045,1,actual_openalex_reference,test,openalex_public_health_200
W4417022408,W2148321928,1,actual_openalex_reference,test,openalex_public_health_200
W4417022408,W2151135619,1,actual_openalex_reference,test,openalex_public_health_200
W4417022408,W2167356762,1,actual_openalex_reference,test,openalex_public_health_200
W4417022408,W2168918982,1,actual_openalex_reference,test,openalex_public_health_200
W4417022408,W2169717724,1,actual_openalex_reference,test,openalex_public_health_200
W4417022408,W2338521186,1,actual_openalex_reference,test,openalex_public_health_200
W4417022408,W2343984959,1,actual_openalex_reference,test,openalex_public_health_200
W4417022408,W2465351792,1,actual_openalex_reference,test,openalex_public_health_200
W4417022408,W2607697627,1,actual_openalex_reference,test,openalex_public_health_200
W4417022408,W2763710570,1,actual_openalex_reference,test,openalex_public_health_200
W4417022408,W2799891393,1,actual_openalex_reference,test,openalex_public_health_200
W4417022408,W2809169176,1,actual_openalex_reference,test,openalex_public_health_200
W4417022408,W2903933376,1,actual_openalex_reference,test,openalex_public_health_200
W4417022408,W2940530514,1,actual_openalex_reference,test,openalex_public_health_200
W4417022408,W2945230631,1,actual_openalex_reference,test,openalex_public_health_200
W4417022408,W2951912016,1,actual_openalex_reference,test,openalex_public_health_200
W4417022408,W2991609373,1,actual_openalex_reference,test,openalex_public_health_200
W4417022408,W3007787571,1,actual_openalex_reference,test,openalex_public_health_200
W4417022408,W3020415095,1,actual_openalex_reference,test,openalex_public_health_200
W4417022408,W3109577208,1,actual_openalex_reference,test,openalex_public_health_200
W4417022408,W3131055609,1,actual_openalex_reference,test,openalex_public_health_200
W4417022408,W3132661792,1,actual_openalex_reference,test,openalex_public_health_200
W4417022408,W3138983025,1,actual_openalex_reference,test,openalex_public_health_200
W4417022408,W3163954709,1,actual_openalex_reference,test,openalex_public_health_200
W4417022408,W3164271582,1,actual_openalex_reference,test,openalex_public_health_200
W4417022408,W3175291267,1,actual_openalex_reference,test,openalex_public_health_200
W4417022408,W3185275727,1,actual_openalex_reference,test,openalex_public_health_200
W4417022408,W4224470052,1,actual_openalex_reference,test,openalex_public_health_200
W4417022408,W4283828513,1,actual_openalex_reference,test,openalex_public_health_200
W4417022408,W4302763611,1,actual_openalex_reference,test,openalex_public_health_200
W4417022408,W4303699385,1,actual_openalex_reference,test,openalex_public_health_200
W4417022408,W4313493401,1,actual_openalex_reference,test,openalex_public_health_200
W4417022408,W4317425739,1,actual_openalex_reference,test,openalex_public_health_200
W4417022408,W4321113242,1,actual_openalex_reference,test,openalex_public_health_200
W4417022408,W4362601272,1,actual_openalex_reference,test,openalex_public_health_200
W4417022408,W4383092914,1,actual_openalex_reference,test,openalex_public_health_200
W4417022408,W4385123804,1,actual_openalex_reference,test,openalex_public_health_200
W4417022408,W4387209062,1,actual_openalex_reference,test,openalex_public_health_200
W4417022408,W4387865552,1,actual_openalex_reference,test,openalex_public_health_200
W4417022408,W4388539829,1,actual_openalex_reference,test,openalex_public_health_200
W4417022408,W4391095791,1,actual_openalex_reference,test,openalex_public_health_200
W4417022408,W4399042313,1,actual_openalex_reference,test,openalex_public_health_200
W4417022408,W4400163549,1,actual_openalex_reference,test,openalex_public_health_200
W4417022408,W4400211159,1,actual_openalex_reference,test,openalex_public_health_200
W4417022408,W4401369965,1,actual_openalex_reference,test,openalex_public_health_200
W4417022408,W4403145942,1,actual_openalex_reference,test,openalex_public_health_200
W4417022408,W4403479110,1,actual_openalex_reference,test,openalex_public_health_200
W4417022408,W4403679309,1,actual_openalex_reference,test,openalex_public_health_200
W4417022408,W4405467475,1,actual_openalex_reference,test,openalex_public_health_200
W7130317192,W2149264570,1,actual_openalex_reference,test,openalex_public_health_200
W7130317192,W2912793225,1,actual_openalex_reference,test,openalex_public_health_200
W7130317192,W2964393476,1,actual_openalex_reference,test,openalex_public_health_200
W7130317192,W3087363782,1,actual_openalex_reference,test,openalex_public_health_200
W7130317192,W3093810429,1,actual_openalex_reference,test,openalex_public_health_200
W7130317192,W3095808671,1,actual_openalex_reference,test,openalex_public_health_200
W7130317192,W3203310594,1,actual_openalex_reference,test,openalex_public_health_200
W7130317192,W4224247522,1,actual_openalex_reference,test,openalex_public_health_200
W7130317192,W4294636632,1,actual_openalex_reference,test,openalex_public_health_200
W7130317192,W4315796018,1,actual_openalex_reference,test,openalex_public_health_200
W7130317192,W4320920608,1,actual_openalex_reference,test,openalex_public_health_200
W7130317192,W4323532507,1,actual_openalex_reference,test,openalex_public_health_200
W7130317192,W4324063277,1,actual_openalex_reference,test,openalex_public_health_200
W7130317192,W4387948781,1,actual_openalex_reference,test,openalex_public_health_200
W7130317192,W4390016282,1,actual_openalex_reference,test,openalex_public_health_200
W7130317192,W4396896362,1,actual_openalex_reference,test,openalex_public_health_200
W7130317192,W4402929079,1,actual_openalex_reference,test,openalex_public_health_200
W4408725797,W2037842606,1,actual_openalex_reference,test,openalex_public_health_200
W4408725797,W2121567763,1,actual_openalex_reference,test,openalex_public_health_200
W4408725797,W2127597920,1,actual_openalex_reference,test,openalex_public_health_200
W4408725797,W2260971526,1,actual_openalex_reference,test,openalex_public_health_200
W4408725797,W2269767031,1,actual_openalex_reference,test,openalex_public_health_200
W4408725797,W2345794491,1,actual_openalex_reference,test,openalex_public_health_200
W4408725797,W2479953748,1,actual_openalex_reference,test,openalex_public_health_200
W4408725797,W2570881823,1,actual_openalex_reference,test,openalex_public_health_200
W4408725797,W2582264034,1,actual_openalex_reference,test,openalex_public_health_200
W4408725797,W2734661147,1,actual_openalex_reference,test,openalex_public_health_200
W4408725797,W2771703012,1,actual_openalex_reference,test,openalex_public_health_200
W4408725797,W2888960110,1,actual_openalex_reference,test,openalex_public_health_200
W4408725797,W2903137997,1,actual_openalex_reference,test,openalex_public_health_200
W4408725797,W2963258848,1,actual_openalex_reference,test,openalex_public_health_200
W4408725797,W2990988204,1,actual_openalex_reference,test,openalex_public_health_200
W4408725797,W3006472315,1,actual_openalex_reference,test,openalex_public_health_200
W4408725797,W3083783524,1,actual_openalex_reference,test,openalex_public_health_200
W4408725797,W3097099993,1,actual_openalex_reference,test,openalex_public_health_200
W4408725797,W3120591033,1,actual_openalex_reference,test,openalex_public_health_200
W4408725797,W3160592999,1,actual_openalex_reference,test,openalex_public_health_200
W4408725797,W3193551109,1,actual_openalex_reference,test,openalex_public_health_200
W4408725797,W3204601227,1,actual_openalex_reference,test,openalex_public_health_200
W4408725797,W3207200417,1,actual_openalex_reference,test,openalex_public_health_200
W4408725797,W3207298171,1,actual_openalex_reference,test,openalex_public_health_200
W4408725797,W4200482819,1,actual_openalex_reference,test,openalex_public_health_200
W4408725797,W4220680859,1,actual_openalex_reference,test,openalex_public_health_200
W4408725797,W4220957832,1,actual_openalex_reference,test,openalex_public_health_200
W4408725797,W4313332551,1,actual_openalex_reference,test,openalex_public_health_200
W4408725797,W4389553562,1,actual_openalex_reference,test,openalex_public_health_200
W4415696250,W377127517,1,actual_openalex_reference,test,openalex_public_health_200
W4415696250,W2101815851,1,actual_openalex_reference,test,openalex_public_health_200
W4415696250,W2123786168,1,actual_openalex_reference,test,openalex_public_health_200
W4415696250,W2151953803,1,actual_openalex_reference,test,openalex_public_health_200
W4415696250,W2510729300,1,actual_openalex_reference,test,openalex_public_health_200
W4415696250,W2740365284,1,actual_openalex_reference,test,openalex_public_health_200
W4415696250,W4315647928,1,actual_openalex_reference,test,openalex_public_health_200
W4415696250,W4362669085,1,actual_openalex_reference,test,openalex_public_health_200
W4415696250,W4390100503,1,actual_openalex_reference,test,openalex_public_health_200
W4402991805,W1532055560,1,actual_openalex_reference,test,openalex_public_health_200
W4402991805,W1535475051,1,actual_openalex_reference,test,openalex_public_health_200
W4402991805,W1902102829,1,actual_openalex_reference,test,openalex_public_health_200
W4402991805,W1981585160,1,actual_openalex_reference,test,openalex_public_health_200
W4402991805,W2091630088,1,actual_openalex_reference,test,openalex_public_health_200
W4402991805,W2168173748,1,actual_openalex_reference,test,openalex_public_health_200
W4402991805,W2329950081,1,actual_openalex_reference,test,openalex_public_health_200
W4402991805,W2411546115,1,actual_openalex_reference,test,openalex_public_health_200
W4402991805,W2902735037,1,actual_openalex_reference,test,openalex_public_health_200
W4402991805,W2994823655,1,actual_openalex_reference,test,openalex_public_health_200
W4402991805,W2998814241,1,actual_openalex_reference,test,openalex_public_health_200
W4402991805,W3013368019,1,actual_openalex_reference,test,openalex_public_health_200
W4402991805,W3081495960,1,actual_openalex_reference,test,openalex_public_health_200
W4402991805,W4307032353,1,actual_openalex_reference,test,openalex_public_health_200
W4402991805,W4321122484,1,actual_openalex_reference,test,openalex_public_health_200
W4402991805,W4402991805,1,actual_openalex_reference,test,openalex_public_health_200
W4388413750,W1496772144,1,actual_openalex_reference,test,openalex_public_health_200
W4388413750,W2044878779,1,actual_openalex_reference,test,openalex_public_health_200
W4388413750,W2130313782,1,actual_openalex_reference,test,openalex_public_health_200
W4388413750,W2314829362,1,actual_openalex_reference,test,openalex_public_health_200
W4388413750,W2788614233,1,actual_openalex_reference,test,openalex_public_health_200
W4388413750,W2973471358,1,actual_openalex_reference,test,openalex_public_health_200
W4388413750,W2976628284,1,actual_openalex_reference,test,openalex_public_health_200
W4388413750,W2989984128,1,actual_openalex_reference,test,openalex_public_health_200
W4388413750,W2999815631,1,actual_openalex_reference,test,openalex_public_health_200
W4388413750,W3012866565,1,actual_openalex_reference,test,openalex_public_health_200
W4388413750,W3086606671,1,actual_openalex_reference,test,openalex_public_health_200
W4388413750,W3173605482,1,actual_openalex_reference,test,openalex_public_health_200
W4388413750,W3180533706,1,actual_openalex_reference,test,openalex_public_health_200
W4388413750,W3198999908,1,actual_openalex_reference,test,openalex_public_health_200
W4388413750,W4214768428,1,actual_openalex_reference,test,openalex_public_health_200
W4388413750,W4224032627,1,actual_openalex_reference,test,openalex_public_health_200
W4388413750,W4234862620,1,actual_openalex_reference,test,openalex_public_health_200
W4388413750,W4294237790,1,actual_openalex_reference,test,openalex_public_health_200
W4388413750,W4312518260,1,actual_openalex_reference,test,openalex_public_health_200
W4388413750,W4313596274,1,actual_openalex_reference,test,openalex_public_health_200
W4388413750,W4361285717,1,actual_openalex_reference,test,openalex_public_health_200
W4410239877,W1516702239,1,actual_openalex_reference,test,openalex_public_health_200
W4410239877,W1519266993,1,actual_openalex_reference,test,openalex_public_health_200
W4410239877,W1605984840,1,actual_openalex_reference,test,openalex_public_health_200
W4410239877,W1945381458,1,actual_openalex_reference,test,openalex_public_health_200
W4410239877,W1946252112,1,actual_openalex_reference,test,openalex_public_health_200
W4410239877,W1983534583,1,actual_openalex_reference,test,openalex_public_health_200
W4410239877,W2016611014,1,actual_openalex_reference,test,openalex_public_health_200
W4410239877,W2024777827,1,actual_openalex_reference,test,openalex_public_health_200
W4410239877,W2044896772,1,actual_openalex_reference,test,openalex_public_health_200
W4410239877,W2075623854,1,actual_openalex_reference,test,openalex_public_health_200
W4410239877,W2076469869,1,actual_openalex_reference,test,openalex_public_health_200
W4410239877,W2083331006,1,actual_openalex_reference,test,openalex_public_health_200
W4410239877,W2088587174,1,actual_openalex_reference,test,openalex_public_health_200
W4410239877,W2095858214,1,actual_openalex_reference,test,openalex_public_health_200
W4410239877,W2096420865,1,actual_openalex_reference,test,openalex_public_health_200
W4410239877,W2098466396,1,actual_openalex_reference,test,openalex_public_health_200
W4410239877,W2100444509,1,actual_openalex_reference,test,openalex_public_health_200
W4410239877,W2109181904,1,actual_openalex_reference,test,openalex_public_health_200
W4410239877,W2109934033,1,actual_openalex_reference,test,openalex_public_health_200
W4410239877,W2116192383,1,actual_openalex_reference,test,openalex_public_health_200
W4410239877,W2123077746,1,actual_openalex_reference,test,openalex_public_health_200
W4410239877,W2130753397,1,actual_openalex_reference,test,openalex_public_health_200
W4410239877,W2139424524,1,actual_openalex_reference,test,openalex_public_health_200
W4410239877,W2140784970,1,actual_openalex_reference,test,openalex_public_health_200
W4410239877,W2143880872,1,actual_openalex_reference,test,openalex_public_health_200
W4410239877,W2153751017,1,actual_openalex_reference,test,openalex_public_health_200
W4410239877,W2155742778,1,actual_openalex_reference,test,openalex_public_health_200
W4410239877,W2161005004,1,actual_openalex_reference,test,openalex_public_health_200
W4410239877,W2161035355,1,actual_openalex_reference,test,openalex_public_health_200
W4410239877,W2180651407,1,actual_openalex_reference,test,openalex_public_health_200
W4410239877,W2423846244,1,actual_openalex_reference,test,openalex_public_health_200
W4410239877,W2513727910,1,actual_openalex_reference,test,openalex_public_health_200
W4410239877,W2525424881,1,actual_openalex_reference,test,openalex_public_health_200
W4410239877,W2755331695,1,actual_openalex_reference,test,openalex_public_health_200
W4410239877,W2776694869,1,actual_openalex_reference,test,openalex_public_health_200
W4410239877,W2794917856,1,actual_openalex_reference,test,openalex_public_health_200
W4410239877,W2909205300,1,actual_openalex_reference,test,openalex_public_health_200
W4410239877,W2951464304,1,actual_openalex_reference,test,openalex_public_health_200
W4410239877,W2979559636,1,actual_openalex_reference,test,openalex_public_health_200
W4410239877,W3005235420,1,actual_openalex_reference,test,openalex_public_health_200
W4410239877,W3021354499,1,actual_openalex_reference,test,openalex_public_health_200
W4410239877,W3097426061,1,actual_openalex_reference,test,openalex_public_health_200
W4410239877,W3098787201,1,actual_openalex_reference,test,openalex_public_health_200
W4410239877,W3120963636,1,actual_openalex_reference,test,openalex_public_health_200
W4410239877,W3185029066,1,actual_openalex_reference,test,openalex_public_health_200
W4410239877,W3202042390,1,actual_openalex_reference,test,openalex_public_health_200
W4410239877,W4241760433,1,actual_openalex_reference,test,openalex_public_health_200
W4410239877,W4283525654,1,actual_openalex_reference,test,openalex_public_health_200
W4410239877,W4285608015,1,actual_openalex_reference,test,openalex_public_health_200
W4410239877,W4287147346,1,actual_openalex_reference,test,openalex_public_health_200
W4410239877,W4384557425,1,actual_openalex_reference,test,openalex_public_health_200
W4410239877,W4394612764,1,actual_openalex_reference,test,openalex_public_health_200
W4410239877,W4400360806,1,actual_openalex_reference,test,openalex_public_health_200
W4410239877,W4400924386,1,actual_openalex_reference,test,openalex_public_health_200
W4410239877,W4405024080,1,actual_openalex_reference,test,openalex_public_health_200
W7116979087,W2014250927,1,actual_openalex_reference,test,openalex_public_health_200
W7116979087,W2055191401,1,actual_openalex_reference,test,openalex_public_health_200
W7116979087,W2067982833,1,actual_openalex_reference,test,openalex_public_health_200
W7116979087,W2122135218,1,actual_openalex_reference,test,openalex_public_health_200
W7116979087,W2620875397,1,actual_openalex_reference,test,openalex_public_health_200
W7116979087,W2745191999,1,actual_openalex_reference,test,openalex_public_health_200
W7116979087,W2891533221,1,actual_openalex_reference,test,openalex_public_health_200
W7116979087,W2972594980,1,actual_openalex_reference,test,openalex_public_health_200
W7116979087,W3011041837,1,actual_openalex_reference,test,openalex_public_health_200
W7116979087,W3046271607,1,actual_openalex_reference,test,openalex_public_health_200
W7116979087,W3191617386,1,actual_openalex_reference,test,openalex_public_health_200
W7116979087,W4200162826,1,actual_openalex_reference,test,openalex_public_health_200
W7116979087,W4280612868,1,actual_openalex_reference,test,openalex_public_health_200
W7116979087,W4361217913,1,actual_openalex_reference,test,openalex_public_health_200
W7116979087,W4389002801,1,actual_openalex_reference,test,openalex_public_health_200
W7116979087,W4390726848,1,actual_openalex_reference,test,openalex_public_health_200
W7116979087,W4400958125,1,actual_openalex_reference,test,openalex_public_health_200
W4385466142,W146138603,1,actual_openalex_reference,test,openalex_public_health_200
W4385466142,W2000544223,1,actual_openalex_reference,test,openalex_public_health_200
W4385466142,W2020573722,1,actual_openalex_reference,test,openalex_public_health_200
W4385466142,W2087931752,1,actual_openalex_reference,test,openalex_public_health_200
W4385466142,W2090753969,1,actual_openalex_reference,test,openalex_public_health_200
W4385466142,W2117943824,1,actual_openalex_reference,test,openalex_public_health_200
W4385466142,W2167322740,1,actual_openalex_reference,test,openalex_public_health_200
W4385466142,W2171000262,1,actual_openalex_reference,test,openalex_public_health_200
W4385466142,W2324775684,1,actual_openalex_reference,test,openalex_public_health_200
W4385466142,W2335142389,1,actual_openalex_reference,test,openalex_public_health_200
W4385466142,W2577393674,1,actual_openalex_reference,test,openalex_public_health_200
W4385466142,W2890583040,1,actual_openalex_reference,test,openalex_public_health_200
W4385466142,W2901660053,1,actual_openalex_reference,test,openalex_public_health_200
W4385466142,W2944530411,1,actual_openalex_reference,test,openalex_public_health_200
W4385466142,W4245335158,1,actual_openalex_reference,test,openalex_public_health_200
W4414347144,W818599937,1,actual_openalex_reference,test,openalex_public_health_200
W4414347144,W1969490837,1,actual_openalex_reference,test,openalex_public_health_200
W4414347144,W1978629440,1,actual_openalex_reference,test,openalex_public_health_200
W4414347144,W2019448011,1,actual_openalex_reference,test,openalex_public_health_200
W4414347144,W2024297830,1,actual_openalex_reference,test,openalex_public_health_200
W4414347144,W2042240809,1,actual_openalex_reference,test,openalex_public_health_200
W4414347144,W2058349347,1,actual_openalex_reference,test,openalex_public_health_200
W4414347144,W2069108353,1,actual_openalex_reference,test,openalex_public_health_200
W4414347144,W2095112541,1,actual_openalex_reference,test,openalex_public_health_200
W4414347144,W2106651576,1,actual_openalex_reference,test,openalex_public_health_200
W4414347144,W2110968330,1,actual_openalex_reference,test,openalex_public_health_200
W4414347144,W2111996677,1,actual_openalex_reference,test,openalex_public_health_200
W4414347144,W2120068921,1,actual_openalex_reference,test,openalex_public_health_200
W4414347144,W2121813046,1,actual_openalex_reference,test,openalex_public_health_200
W4414347144,W2127249471,1,actual_openalex_reference,test,openalex_public_health_200
W4414347144,W2138813382,1,actual_openalex_reference,test,openalex_public_health_200
W4414347144,W2143467023,1,actual_openalex_reference,test,openalex_public_health_200
W4414347144,W2149704542,1,actual_openalex_reference,test,openalex_public_health_200
W4414347144,W2154499261,1,actual_openalex_reference,test,openalex_public_health_200
W4414347144,W2162594742,1,actual_openalex_reference,test,openalex_public_health_200
W4414347144,W2171262162,1,actual_openalex_reference,test,openalex_public_health_200
W4414347144,W2196590745,1,actual_openalex_reference,test,openalex_public_health_200
W4414347144,W2218230993,1,actual_openalex_reference,test,openalex_public_health_200
W4414347144,W2324682148,1,actual_openalex_reference,test,openalex_public_health_200
W4414347144,W2467301324,1,actual_openalex_reference,test,openalex_public_health_200
W4414347144,W2516705713,1,actual_openalex_reference,test,openalex_public_health_200
W4414347144,W2559771149,1,actual_openalex_reference,test,openalex_public_health_200
W4414347144,W2560073249,1,actual_openalex_reference,test,openalex_public_health_200
W4414347144,W2577780816,1,actual_openalex_reference,test,openalex_public_health_200
W4414347144,W2744499028,1,actual_openalex_reference,test,openalex_public_health_200
W4414347144,W2765708496,1,actual_openalex_reference,test,openalex_public_health_200
W4414347144,W2767537537,1,actual_openalex_reference,test,openalex_public_health_200
W4414347144,W2792090029,1,actual_openalex_reference,test,openalex_public_health_200
W4414347144,W2803068101,1,actual_openalex_reference,test,openalex_public_health_200
W4414347144,W2804221978,1,actual_openalex_reference,test,openalex_public_health_200
W4414347144,W2883470132,1,actual_openalex_reference,test,openalex_public_health_200
W4414347144,W2889325024,1,actual_openalex_reference,test,openalex_public_health_200
W4414347144,W2968602706,1,actual_openalex_reference,test,openalex_public_health_200
W4414347144,W3088220883,1,actual_openalex_reference,test,openalex_public_health_200
W4414347144,W3145369164,1,actual_openalex_reference,test,openalex_public_health_200
W4414347144,W3216471017,1,actual_openalex_reference,test,openalex_public_health_200
W4414347144,W4206209544,1,actual_openalex_reference,test,openalex_public_health_200
W4414347144,W4309072367,1,actual_openalex_reference,test,openalex_public_health_200
W4414347144,W4381687487,1,actual_openalex_reference,test,openalex_public_health_200
W4414347144,W4390103431,1,actual_openalex_reference,test,openalex_public_health_200
W4414347144,W4395085523,1,actual_openalex_reference,test,openalex_public_health_200
W4399584165,W1966220669,1,actual_openalex_reference,test,openalex_public_health_200
W4399584165,W1998798071,1,actual_openalex_reference,test,openalex_public_health_200
W4399584165,W2087025094,1,actual_openalex_reference,test,openalex_public_health_200
W4399584165,W2104342003,1,actual_openalex_reference,test,openalex_public_health_200
W4399584165,W2340168033,1,actual_openalex_reference,test,openalex_public_health_200
W4399584165,W2423211451,1,actual_openalex_reference,test,openalex_public_health_200
W4399584165,W2597105150,1,actual_openalex_reference,test,openalex_public_health_200
W4399584165,W2895080024,1,actual_openalex_reference,test,openalex_public_health_200
W4399584165,W3016082862,1,actual_openalex_reference,test,openalex_public_health_200
W7140140129,W1590169480,1,actual_openalex_reference,test,openalex_public_health_200
W7140140129,W1729017034,1,actual_openalex_reference,test,openalex_public_health_200
W7140140129,W1840107086,1,actual_openalex_reference,test,openalex_public_health_200
W7140140129,W2014913485,1,actual_openalex_reference,test,openalex_public_health_200
W7140140129,W2025563953,1,actual_openalex_reference,test,openalex_public_health_200
W7140140129,W2035282516,1,actual_openalex_reference,test,openalex_public_health_200
W7140140129,W2089308539,1,actual_openalex_reference,test,openalex_public_health_200
W7140140129,W2094311731,1,actual_openalex_reference,test,openalex_public_health_200
W7140140129,W2095277223,1,actual_openalex_reference,test,openalex_public_health_200
W7140140129,W2096953437,1,actual_openalex_reference,test,openalex_public_health_200
W7140140129,W2106578986,1,actual_openalex_reference,test,openalex_public_health_200
W7140140129,W2115077961,1,actual_openalex_reference,test,openalex_public_health_200
W7140140129,W2127576365,1,actual_openalex_reference,test,openalex_public_health_200
W7140140129,W2137168497,1,actual_openalex_reference,test,openalex_public_health_200
W7140140129,W2138207763,1,actual_openalex_reference,test,openalex_public_health_200
W7140140129,W2155767317,1,actual_openalex_reference,test,openalex_public_health_200
W7140140129,W2162556586,1,actual_openalex_reference,test,openalex_public_health_200
W7140140129,W2179438025,1,actual_openalex_reference,test,openalex_public_health_200
W7140140129,W2343078016,1,actual_openalex_reference,test,openalex_public_health_200
W7140140129,W2432815617,1,actual_openalex_reference,test,openalex_public_health_200
W7140140129,W2506589757,1,actual_openalex_reference,test,openalex_public_health_200
W7140140129,W2516133025,1,actual_openalex_reference,test,openalex_public_health_200
W7140140129,W2681049877,1,actual_openalex_reference,test,openalex_public_health_200
W7140140129,W2765953694,1,actual_openalex_reference,test,openalex_public_health_200
W7140140129,W2766484195,1,actual_openalex_reference,test,openalex_public_health_200
W7140140129,W2768696083,1,actual_openalex_reference,test,openalex_public_health_200
W7140140129,W2796879453,1,actual_openalex_reference,test,openalex_public_health_200
W7140140129,W2807690604,1,actual_openalex_reference,test,openalex_public_health_200
W7140140129,W2924603825,1,actual_openalex_reference,test,openalex_public_health_200
W7140140129,W2926046099,1,actual_openalex_reference,test,openalex_public_health_200
W7140140129,W2932438086,1,actual_openalex_reference,test,openalex_public_health_200
W7140140129,W2940262519,1,actual_openalex_reference,test,openalex_public_health_200
W7140140129,W2963088478,1,actual_openalex_reference,test,openalex_public_health_200
W7140140129,W2972603645,1,actual_openalex_reference,test,openalex_public_health_200
W7140140129,W2981340699,1,actual_openalex_reference,test,openalex_public_health_200
W7140140129,W2992562982,1,actual_openalex_reference,test,openalex_public_health_200
W7140140129,W3107742638,1,actual_openalex_reference,test,openalex_public_health_200
W7140140129,W3139183589,1,actual_openalex_reference,test,openalex_public_health_200
W7140140129,W3142999731,1,actual_openalex_reference,test,openalex_public_health_200
W7140140129,W3155216420,1,actual_openalex_reference,test,openalex_public_health_200
W7140140129,W3163905944,1,actual_openalex_reference,test,openalex_public_health_200
W7140140129,W4214659732,1,actual_openalex_reference,test,openalex_public_health_200
W7140140129,W4229027128,1,actual_openalex_reference,test,openalex_public_health_200
W7140140129,W4280495192,1,actual_openalex_reference,test,openalex_public_health_200
W7140140129,W4283574701,1,actual_openalex_reference,test,openalex_public_health_200
W7140140129,W4283832416,1,actual_openalex_reference,test,openalex_public_health_200
W7140140129,W4378173293,1,actual_openalex_reference,test,openalex_public_health_200
W7140140129,W4385858101,1,actual_openalex_reference,test,openalex_public_health_200
W7140140129,W4391116301,1,actual_openalex_reference,test,openalex_public_health_200
W7140140129,W4392170673,1,actual_openalex_reference,test,openalex_public_health_200
W7140140129,W4394011011,1,actual_openalex_reference,test,openalex_public_health_200
W7140140129,W4401895772,1,actual_openalex_reference,test,openalex_public_health_200
W7140140129,W4401928231,1,actual_openalex_reference,test,openalex_public_health_200
W7140140129,W4405524255,1,actual_openalex_reference,test,openalex_public_health_200
W7140140129,W4410168819,1,actual_openalex_reference,test,openalex_public_health_200
W7140140129,W7118527124,1,actual_openalex_reference,test,openalex_public_health_200
W7140140129,W7127597686,1,actual_openalex_reference,test,openalex_public_health_200
W4411320351,W1851671157,1,actual_openalex_reference,test,openalex_public_health_200
W4411320351,W2049319562,1,actual_openalex_reference,test,openalex_public_health_200
W4411320351,W2114939854,1,actual_openalex_reference,test,openalex_public_health_200
W4411320351,W2146576387,1,actual_openalex_reference,test,openalex_public_health_200
W4411320351,W2953985735,1,actual_openalex_reference,test,openalex_public_health_200
W4411320351,W2963023874,1,actual_openalex_reference,test,openalex_public_health_200
W4411320351,W3003625375,1,actual_openalex_reference,test,openalex_public_health_200
W4411320351,W3038146146,1,actual_openalex_reference,test,openalex_public_health_200
W4411320351,W3091107536,1,actual_openalex_reference,test,openalex_public_health_200
W4411320351,W4200612021,1,actual_openalex_reference,test,openalex_public_health_200
W4411320351,W4255156894,1,actual_openalex_reference,test,openalex_public_health_200
W4411320351,W4376630089,1,actual_openalex_reference,test,openalex_public_health_200
W4411320351,W4386836659,1,actual_openalex_reference,test,openalex_public_health_200
W4411320351,W4388654690,1,actual_openalex_reference,test,openalex_public_health_200
W4411320351,W4391127097,1,actual_openalex_reference,test,openalex_public_health_200
W4411320351,W4400551490,1,actual_openalex_reference,test,openalex_public_health_200
W4400279753,W2802990218,1,actual_openalex_reference,test,openalex_public_health_200
W4400279753,W2809415996,1,actual_openalex_reference,test,openalex_public_health_200
W4400279753,W2949941775,1,actual_openalex_reference,test,openalex_public_health_200
W4400279753,W2953611911,1,actual_openalex_reference,test,openalex_public_health_200
W4400279753,W3015106848,1,actual_openalex_reference,test,openalex_public_health_200
W4400279753,W3037122226,1,actual_openalex_reference,test,openalex_public_health_200
W4400279753,W3132804113,1,actual_openalex_reference,test,openalex_public_health_200
W4400279753,W3176290932,1,actual_openalex_reference,test,openalex_public_health_200
W4400279753,W4200140956,1,actual_openalex_reference,test,openalex_public_health_200
W4400279753,W4282929045,1,actual_openalex_reference,test,openalex_public_health_200
W4400279753,W4304184138,1,actual_openalex_reference,test,openalex_public_health_200
W4400279753,W4306322075,1,actual_openalex_reference,test,openalex_public_health_200
W4400279753,W4308738489,1,actual_openalex_reference,test,openalex_public_health_200
W4400279753,W4377104709,1,actual_openalex_reference,test,openalex_public_health_200
W7133526591,W2048505134,1,actual_openalex_reference,test,openalex_public_health_200
W7133526591,W2049747547,1,actual_openalex_reference,test,openalex_public_health_200
W7133526591,W2300361757,1,actual_openalex_reference,test,openalex_public_health_200
W7133526591,W2472844965,1,actual_openalex_reference,test,openalex_public_health_200
W7133526591,W2793750436,1,actual_openalex_reference,test,openalex_public_health_200
W7133526591,W2964306065,1,actual_openalex_reference,test,openalex_public_health_200
W7133526591,W3080977665,1,actual_openalex_reference,test,openalex_public_health_200
W7133526591,W3193251485,1,actual_openalex_reference,test,openalex_public_health_200
W7133526591,W3196736743,1,actual_openalex_reference,test,openalex_public_health_200
W7133526591,W4220881417,1,actual_openalex_reference,test,openalex_public_health_200
W7133526591,W4220933870,1,actual_openalex_reference,test,openalex_public_health_200
W7133526591,W4244080777,1,actual_openalex_reference,test,openalex_public_health_200
W7133526591,W4281389666,1,actual_openalex_reference,test,openalex_public_health_200
W7133526591,W4283258308,1,actual_openalex_reference,test,openalex_public_health_200
W7133526591,W4283329745,1,actual_openalex_reference,test,openalex_public_health_200
W7133526591,W4306178266,1,actual_openalex_reference,test,openalex_public_health_200
W7133526591,W4306914044,1,actual_openalex_reference,test,openalex_public_health_200
W7133526591,W4317356890,1,actual_openalex_reference,test,openalex_public_health_200
W7133526591,W4318317806,1,actual_openalex_reference,test,openalex_public_health_200
W7133526591,W4386116463,1,actual_openalex_reference,test,openalex_public_health_200
W7133526591,W4387473402,1,actual_openalex_reference,test,openalex_public_health_200
W7133526591,W4389489562,1,actual_openalex_reference,test,openalex_public_health_200
W7133526591,W4395048212,1,actual_openalex_reference,test,openalex_public_health_200
W4390637442,W2124820553,1,actual_openalex_reference,test,openalex_public_health_200
W4390637442,W2132783905,1,actual_openalex_reference,test,openalex_public_health_200
W4390637442,W3169785478,1,actual_openalex_reference,test,openalex_public_health_200
W4390637442,W4206115754,1,actual_openalex_reference,test,openalex_public_health_200
W4390637442,W4212963940,1,actual_openalex_reference,test,openalex_public_health_200
W4413801116,W2173646598,1,actual_openalex_reference,test,openalex_public_health_200
W4413801116,W2890522215,1,actual_openalex_reference,test,openalex_public_health_200
W4413801116,W3095317576,1,actual_openalex_reference,test,openalex_public_health_200
W4413801116,W3121857154,1,actual_openalex_reference,test,openalex_public_health_200
W4413801116,W3201143082,1,actual_openalex_reference,test,openalex_public_health_200
W4413801116,W4284891097,1,actual_openalex_reference,test,openalex_public_health_200
W4413801116,W4316037940,1,actual_openalex_reference,test,openalex_public_health_200
W4413801116,W4387440479,1,actual_openalex_reference,test,openalex_public_health_200
W4413801116,W4410781232,1,actual_openalex_reference,test,openalex_public_health_200
W4413972551,W1572565029,1,actual_openalex_reference,test,openalex_public_health_200
W4413972551,W1817313188,1,actual_openalex_reference,test,openalex_public_health_200
W4413972551,W2101016616,1,actual_openalex_reference,test,openalex_public_health_200
W4413972551,W2473943285,1,actual_openalex_reference,test,openalex_public_health_200
W4413972551,W2783637675,1,actual_openalex_reference,test,openalex_public_health_200
W4413972551,W2860214372,1,actual_openalex_reference,test,openalex_public_health_200
W4413972551,W2911367784,1,actual_openalex_reference,test,openalex_public_health_200
W4413972551,W2968439373,1,actual_openalex_reference,test,openalex_public_health_200
W4413972551,W3032147501,1,actual_openalex_reference,test,openalex_public_health_200
W4413972551,W3042431207,1,actual_openalex_reference,test,openalex_public_health_200
W4413972551,W3157061212,1,actual_openalex_reference,test,openalex_public_health_200
W4413972551,W4248477344,1,actual_openalex_reference,test,openalex_public_health_200
W4413972551,W4324146050,1,actual_openalex_reference,test,openalex_public_health_200
W4413972551,W4380084875,1,actual_openalex_reference,test,openalex_public_health_200
W4413972551,W4403462570,1,actual_openalex_reference,test,openalex_public_health_200
W4413972551,W4410038643,1,actual_openalex_reference,test,openalex_public_health_200
W4413972551,W4410975218,1,actual_openalex_reference,test,openalex_public_health_200
W4413972551,W4411640576,1,actual_openalex_reference,test,openalex_public_health_200
W4412751726,W2004888286,1,actual_openalex_reference,test,openalex_public_health_200
W4412751726,W2022677793,1,actual_openalex_reference,test,openalex_public_health_200
W4412751726,W2092410731,1,actual_openalex_reference,test,openalex_public_health_200
W4412751726,W2160907951,1,actual_openalex_reference,test,openalex_public_health_200
W4412751726,W2972582343,1,actual_openalex_reference,test,openalex_public_health_200
W4412751726,W3039320527,1,actual_openalex_reference,test,openalex_public_health_200
W4412751726,W4283155902,1,actual_openalex_reference,test,openalex_public_health_200
W4412751726,W4306699083,1,actual_openalex_reference,test,openalex_public_health_200
W4412751726,W4306928310,1,actual_openalex_reference,test,openalex_public_health_200
W4412751726,W4313907985,1,actual_openalex_reference,test,openalex_public_health_200
W4412751726,W4381487420,1,actual_openalex_reference,test,openalex_public_health_200
W4412751726,W4384204902,1,actual_openalex_reference,test,openalex_public_health_200
W4412751726,W4404392169,1,actual_openalex_reference,test,openalex_public_health_200
W4412751726,W4405442028,1,actual_openalex_reference,test,openalex_public_health_200
W4410909544,W2477357483,1,actual_openalex_reference,test,openalex_public_health_200
W4410909544,W2993323136,1,actual_openalex_reference,test,openalex_public_health_200
W4410909544,W3112183991,1,actual_openalex_reference,test,openalex_public_health_200
W4410909544,W4224232557,1,actual_openalex_reference,test,openalex_public_health_200
W4410909544,W4292543058,1,actual_openalex_reference,test,openalex_public_health_200
W4391292773,W331120041,1,actual_openalex_reference,test,openalex_public_health_200
W4391292773,W1518706803,1,actual_openalex_reference,test,openalex_public_health_200
W4391292773,W1723155957,1,actual_openalex_reference,test,openalex_public_health_200
W4391292773,W1746059519,1,actual_openalex_reference,test,openalex_public_health_200
W4391292773,W1929048319,1,actual_openalex_reference,test,openalex_public_health_200
W4391292773,W2001483895,1,actual_openalex_reference,test,openalex_public_health_200
W4391292773,W2010960445,1,actual_openalex_reference,test,openalex_public_health_200
W4391292773,W2051981359,1,actual_openalex_reference,test,openalex_public_health_200
W4391292773,W2052770638,1,actual_openalex_reference,test,openalex_public_health_200
W4391292773,W2085247538,1,actual_openalex_reference,test,openalex_public_health_200
W4391292773,W2091637698,1,actual_openalex_reference,test,openalex_public_health_200
W4391292773,W2104606863,1,actual_openalex_reference,test,openalex_public_health_200
W4391292773,W2118277542,1,actual_openalex_reference,test,openalex_public_health_200
W4391292773,W2121441166,1,actual_openalex_reference,test,openalex_public_health_200
W4391292773,W2125430873,1,actual_openalex_reference,test,openalex_public_health_200
W4391292773,W2131740198,1,actual_openalex_reference,test,openalex_public_health_200
W4391292773,W2133469263,1,actual_openalex_reference,test,openalex_public_health_200
W4391292773,W2158116314,1,actual_openalex_reference,test,openalex_public_health_200
W4391292773,W2166056160,1,actual_openalex_reference,test,openalex_public_health_200
W4391292773,W2240591609,1,actual_openalex_reference,test,openalex_public_health_200
W4391292773,W2313136255,1,actual_openalex_reference,test,openalex_public_health_200
W4391292773,W2408349200,1,actual_openalex_reference,test,openalex_public_health_200
W4391292773,W2576045289,1,actual_openalex_reference,test,openalex_public_health_200
W4391292773,W2739645949,1,actual_openalex_reference,test,openalex_public_health_200
W4391292773,W2772997641,1,actual_openalex_reference,test,openalex_public_health_200
W4391292773,W2795975046,1,actual_openalex_reference,test,openalex_public_health_200
W4391292773,W2800215666,1,actual_openalex_reference,test,openalex_public_health_200
W4391292773,W2884247131,1,actual_openalex_reference,test,openalex_public_health_200
W4391292773,W2896241287,1,actual_openalex_reference,test,openalex_public_health_200
W4391292773,W2939656451,1,actual_openalex_reference,test,openalex_public_health_200
W4391292773,W2987666330,1,actual_openalex_reference,test,openalex_public_health_200
W4391292773,W3012360379,1,actual_openalex_reference,test,openalex_public_health_200
W4391292773,W3175699962,1,actual_openalex_reference,test,openalex_public_health_200
W4391292773,W3191227500,1,actual_openalex_reference,test,openalex_public_health_200
W4391292773,W4252106176,1,actual_openalex_reference,test,openalex_public_health_200
W4391292773,W4320486909,1,actual_openalex_reference,test,openalex_public_health_200
W4391292773,W4386272043,1,actual_openalex_reference,test,openalex_public_health_200
W4416926162,W1947392633,1,actual_openalex_reference,test,openalex_public_health_200
W4416926162,W1950614143,1,actual_openalex_reference,test,openalex_public_health_200
W4416926162,W1965824480,1,actual_openalex_reference,test,openalex_public_health_200
W4416926162,W1998589658,1,actual_openalex_reference,test,openalex_public_health_200
W4416926162,W2002852361,1,actual_openalex_reference,test,openalex_public_health_200
W4416926162,W2033941910,1,actual_openalex_reference,test,openalex_public_health_200
W4416926162,W2082131453,1,actual_openalex_reference,test,openalex_public_health_200
W4416926162,W2130639898,1,actual_openalex_reference,test,openalex_public_health_200
W4416926162,W2148747104,1,actual_openalex_reference,test,openalex_public_health_200
W4416926162,W2155634899,1,actual_openalex_reference,test,openalex_public_health_200
W4416926162,W2167858830,1,actual_openalex_reference,test,openalex_public_health_200
W4416926162,W2268730289,1,actual_openalex_reference,test,openalex_public_health_200
W4416926162,W2590697805,1,actual_openalex_reference,test,openalex_public_health_200
W4416926162,W2623642094,1,actual_openalex_reference,test,openalex_public_health_200
W4416926162,W2735205845,1,actual_openalex_reference,test,openalex_public_health_200
W4416926162,W2765469355,1,actual_openalex_reference,test,openalex_public_health_200
W4416926162,W2767258143,1,actual_openalex_reference,test,openalex_public_health_200
W4416926162,W2891132661,1,actual_openalex_reference,test,openalex_public_health_200
W4416926162,W2897993656,1,actual_openalex_reference,test,openalex_public_health_200
W4416926162,W2952865039,1,actual_openalex_reference,test,openalex_public_health_200
W4416926162,W3012093861,1,actual_openalex_reference,test,openalex_public_health_200
W4416926162,W3013238801,1,actual_openalex_reference,test,openalex_public_health_200
W4416926162,W3125244157,1,actual_openalex_reference,test,openalex_public_health_200
W4416926162,W3153203527,1,actual_openalex_reference,test,openalex_public_health_200
W4416926162,W3173650886,1,actual_openalex_reference,test,openalex_public_health_200
W4416926162,W4220933620,1,actual_openalex_reference,test,openalex_public_health_200
W4416926162,W4308732296,1,actual_openalex_reference,test,openalex_public_health_200
W4416926162,W4388021415,1,actual_openalex_reference,test,openalex_public_health_200
W4416926162,W4389373661,1,actual_openalex_reference,test,openalex_public_health_200
W4416926162,W4399748310,1,actual_openalex_reference,test,openalex_public_health_200
W7106582451,W1993935807,1,actual_openalex_reference,test,openalex_public_health_200
W7106582451,W2003511408,1,actual_openalex_reference,test,openalex_public_health_200
W7106582451,W2018026368,1,actual_openalex_reference,test,openalex_public_health_200
W7106582451,W2050660031,1,actual_openalex_reference,test,openalex_public_health_200
W7106582451,W2098464555,1,actual_openalex_reference,test,openalex_public_health_200
W7106582451,W2138345049,1,actual_openalex_reference,test,openalex_public_health_200
W7106582451,W2144567501,1,actual_openalex_reference,test,openalex_public_health_200
W7106582451,W2535390093,1,actual_openalex_reference,test,openalex_public_health_200
W7106582451,W2833754317,1,actual_openalex_reference,test,openalex_public_health_200
W7106582451,W3034693034,1,actual_openalex_reference,test,openalex_public_health_200
W7106582451,W3177445805,1,actual_openalex_reference,test,openalex_public_health_200
W7106582451,W4384922299,1,actual_openalex_reference,test,openalex_public_health_200
W7106582451,W4400060174,1,actual_openalex_reference,test,openalex_public_health_200
W7106582451,W4403816984,1,actual_openalex_reference,test,openalex_public_health_200
W7106582451,W4403929566,1,actual_openalex_reference,test,openalex_public_health_200
W7106582451,W4408845517,1,actual_openalex_reference,test,openalex_public_health_200
W7106582451,W4409644669,1,actual_openalex_reference,test,openalex_public_health_200
W7106582451,W4415652143,1,actual_openalex_reference,test,openalex_public_health_200
W4400096700,W1970328266,1,actual_openalex_reference,test,openalex_public_health_200
W4400096700,W2025580438,1,actual_openalex_reference,test,openalex_public_health_200
W4400096700,W2060674048,1,actual_openalex_reference,test,openalex_public_health_200
W4400096700,W2089675828,1,actual_openalex_reference,test,openalex_public_health_200
W4400096700,W2138536238,1,actual_openalex_reference,test,openalex_public_health_200
W4400096700,W2269385095,1,actual_openalex_reference,test,openalex_public_health_200
W4400096700,W2623966741,1,actual_openalex_reference,test,openalex_public_health_200
W4400096700,W2792059100,1,actual_openalex_reference,test,openalex_public_health_200
W4400096700,W2805556283,1,actual_openalex_reference,test,openalex_public_health_200
W4400096700,W2811445561,1,actual_openalex_reference,test,openalex_public_health_200
W4400096700,W2916744250,1,actual_openalex_reference,test,openalex_public_health_200
W4400096700,W2938128910,1,actual_openalex_reference,test,openalex_public_health_200
W4400096700,W3082746234,1,actual_openalex_reference,test,openalex_public_health_200
W4400096700,W3203515993,1,actual_openalex_reference,test,openalex_public_health_200
W4415599682,W1536872066,1,actual_openalex_reference,test,openalex_public_health_200
W4415599682,W2016406977,1,actual_openalex_reference,test,openalex_public_health_200
W4415599682,W2038764350,1,actual_openalex_reference,test,openalex_public_health_200
W4415599682,W2057921119,1,actual_openalex_reference,test,openalex_public_health_200
W4415599682,W2102693683,1,actual_openalex_reference,test,openalex_public_health_200
W4415599682,W2113360681,1,actual_openalex_reference,test,openalex_public_health_200
W4415599682,W2118141165,1,actual_openalex_reference,test,openalex_public_health_200
W4415599682,W2137928006,1,actual_openalex_reference,test,openalex_public_health_200
W4415599682,W2159915440,1,actual_openalex_reference,test,openalex_public_health_200
W4415599682,W2280768380,1,actual_openalex_reference,test,openalex_public_health_200
W4415599682,W2289209455,1,actual_openalex_reference,test,openalex_public_health_200
W4415599682,W2400863320,1,actual_openalex_reference,test,openalex_public_health_200
W4415599682,W2473259520,1,actual_openalex_reference,test,openalex_public_health_200
W4415599682,W2603592506,1,actual_openalex_reference,test,openalex_public_health_200
W4415599682,W2605610464,1,actual_openalex_reference,test,openalex_public_health_200
W4415599682,W2783732442,1,actual_openalex_reference,test,openalex_public_health_200
W4415599682,W2789704391,1,actual_openalex_reference,test,openalex_public_health_200
W4415599682,W2792719107,1,actual_openalex_reference,test,openalex_public_health_200
W4415599682,W2795114635,1,actual_openalex_reference,test,openalex_public_health_200
W4415599682,W2795357818,1,actual_openalex_reference,test,openalex_public_health_200
W4415599682,W2801708447,1,actual_openalex_reference,test,openalex_public_health_200
W4415599682,W2807042617,1,actual_openalex_reference,test,openalex_public_health_200
W4415599682,W2808332364,1,actual_openalex_reference,test,openalex_public_health_200
W4415599682,W2810407186,1,actual_openalex_reference,test,openalex_public_health_200
W4415599682,W2849998291,1,actual_openalex_reference,test,openalex_public_health_200
W4415599682,W2906422489,1,actual_openalex_reference,test,openalex_public_health_200
W4415599682,W2908603773,1,actual_openalex_reference,test,openalex_public_health_200
W4415599682,W2945854004,1,actual_openalex_reference,test,openalex_public_health_200
W4415599682,W2975239184,1,actual_openalex_reference,test,openalex_public_health_200
W4415599682,W2999294928,1,actual_openalex_reference,test,openalex_public_health_200
W4415599682,W3045978371,1,actual_openalex_reference,test,openalex_public_health_200
W4415599682,W3097747199,1,actual_openalex_reference,test,openalex_public_health_200
W4415599682,W3118615836,1,actual_openalex_reference,test,openalex_public_health_200
W4415599682,W3122686584,1,actual_openalex_reference,test,openalex_public_health_200
W4415599682,W3151253577,1,actual_openalex_reference,test,openalex_public_health_200
W4415599682,W3182230366,1,actual_openalex_reference,test,openalex_public_health_200
W4415599682,W4206035522,1,actual_openalex_reference,test,openalex_public_health_200
W4415599682,W4206108256,1,actual_openalex_reference,test,openalex_public_health_200
W4415599682,W4211102801,1,actual_openalex_reference,test,openalex_public_health_200
W4415599682,W4212795136,1,actual_openalex_reference,test,openalex_public_health_200
W4415599682,W4214639750,1,actual_openalex_reference,test,openalex_public_health_200
W4415599682,W4220696985,1,actual_openalex_reference,test,openalex_public_health_200
W4415599682,W4220916330,1,actual_openalex_reference,test,openalex_public_health_200
W4415599682,W4224308652,1,actual_openalex_reference,test,openalex_public_health_200
W4415599682,W4280612664,1,actual_openalex_reference,test,openalex_public_health_200
W4415599682,W4286209895,1,actual_openalex_reference,test,openalex_public_health_200
W4415599682,W4291901797,1,actual_openalex_reference,test,openalex_public_health_200
W4415599682,W4303968957,1,actual_openalex_reference,test,openalex_public_health_200
W4415599682,W4308300431,1,actual_openalex_reference,test,openalex_public_health_200
W4415599682,W4311194459,1,actual_openalex_reference,test,openalex_public_health_200
W4415599682,W4313214543,1,actual_openalex_reference,test,openalex_public_health_200
W4415599682,W4317107870,1,actual_openalex_reference,test,openalex_public_health_200
W4415599682,W4378903297,1,actual_openalex_reference,test,openalex_public_health_200
W4415599682,W4387229859,1,actual_openalex_reference,test,openalex_public_health_200
W4415599682,W4403535635,1,actual_openalex_reference,test,openalex_public_health_200
W4398206547,W50008804,1,actual_openalex_reference,test,openalex_public_health_200
W4398206547,W76674196,1,actual_openalex_reference,test,openalex_public_health_200
W4398206547,W1534215101,1,actual_openalex_reference,test,openalex_public_health_200
W4398206547,W1723014990,1,actual_openalex_reference,test,openalex_public_health_200
W4398206547,W1772992353,1,actual_openalex_reference,test,openalex_public_health_200
W4398206547,W1978426883,1,actual_openalex_reference,test,openalex_public_health_200
W4398206547,W1985088770,1,actual_openalex_reference,test,openalex_public_health_200
W4398206547,W2007306038,1,actual_openalex_reference,test,openalex_public_health_200
W4398206547,W2010696604,1,actual_openalex_reference,test,openalex_public_health_200
W4398206547,W2022696494,1,actual_openalex_reference,test,openalex_public_health_200
W4398206547,W2060137227,1,actual_openalex_reference,test,openalex_public_health_200
W4398206547,W2082503141,1,actual_openalex_reference,test,openalex_public_health_200
W4398206547,W2092793728,1,actual_openalex_reference,test,openalex_public_health_200
W4398206547,W2126420606,1,actual_openalex_reference,test,openalex_public_health_200
W4398206547,W2164405652,1,actual_openalex_reference,test,openalex_public_health_200
W4398206547,W2343189124,1,actual_openalex_reference,test,openalex_public_health_200
W4398206547,W2546828523,1,actual_openalex_reference,test,openalex_public_health_200
W4398206547,W2580323684,1,actual_openalex_reference,test,openalex_public_health_200
W4398206547,W2909128435,1,actual_openalex_reference,test,openalex_public_health_200
W4398206547,W2922160947,1,actual_openalex_reference,test,openalex_public_health_200
W4398206547,W2980327451,1,actual_openalex_reference,test,openalex_public_health_200
W4398206547,W4250179682,1,actual_openalex_reference,test,openalex_public_health_200
W4398206547,W4288725111,1,actual_openalex_reference,test,openalex_public_health_200
W4398206547,W4289536379,1,actual_openalex_reference,test,openalex_public_health_200
W4398206547,W4381804854,1,actual_openalex_reference,test,openalex_public_health_200
W4409605112,W2418299377,1,actual_openalex_reference,test,openalex_public_health_200
W4409605112,W2946739594,1,actual_openalex_reference,test,openalex_public_health_200
W4409605112,W3105299322,1,actual_openalex_reference,test,openalex_public_health_200
W4409605112,W3133213334,1,actual_openalex_reference,test,openalex_public_health_200
W4409605112,W3135322405,1,actual_openalex_reference,test,openalex_public_health_200
W4409605112,W3135799949,1,actual_openalex_reference,test,openalex_public_health_200
W4409605112,W3157757605,1,actual_openalex_reference,test,openalex_public_health_200
W4409605112,W3183831752,1,actual_openalex_reference,test,openalex_public_health_200
W4409605112,W3210445363,1,actual_openalex_reference,test,openalex_public_health_200
W4409605112,W4200575684,1,actual_openalex_reference,test,openalex_public_health_200
W4409605112,W4213090106,1,actual_openalex_reference,test,openalex_public_health_200
W4409605112,W4294959492,1,actual_openalex_reference,test,openalex_public_health_200
W4409605112,W4307468413,1,actual_openalex_reference,test,openalex_public_health_200
W4409605112,W4309529648,1,actual_openalex_reference,test,openalex_public_health_200
W4409605112,W4317623044,1,actual_openalex_reference,test,openalex_public_health_200
W4409605112,W4381489326,1,actual_openalex_reference,test,openalex_public_health_200
W4409605112,W4382344612,1,actual_openalex_reference,test,openalex_public_health_200
W4409605112,W4383069736,1,actual_openalex_reference,test,openalex_public_health_200
W4409605112,W4383819602,1,actual_openalex_reference,test,openalex_public_health_200
W4409605112,W4384926091,1,actual_openalex_reference,test,openalex_public_health_200
W4409605112,W4388989551,1,actual_openalex_reference,test,openalex_public_health_200
W4409605112,W4390405887,1,actual_openalex_reference,test,openalex_public_health_200
W4409605112,W4390589518,1,actual_openalex_reference,test,openalex_public_health_200
W4409605112,W4392169701,1,actual_openalex_reference,test,openalex_public_health_200
W4410461390,W1997538585,1,actual_openalex_reference,test,openalex_public_health_200
W4410461390,W2031915537,1,actual_openalex_reference,test,openalex_public_health_200
W4410461390,W2141926802,1,actual_openalex_reference,test,openalex_public_health_200
W4410461390,W2152925090,1,actual_openalex_reference,test,openalex_public_health_200
W4410461390,W2552099557,1,actual_openalex_reference,test,openalex_public_health_200
W4410461390,W2580764267,1,actual_openalex_reference,test,openalex_public_health_200
W4410461390,W2763875663,1,actual_openalex_reference,test,openalex_public_health_200
W4410461390,W2805575723,1,actual_openalex_reference,test,openalex_public_health_200
W4410461390,W2808444757,1,actual_openalex_reference,test,openalex_public_health_200
W4410461390,W2947843536,1,actual_openalex_reference,test,openalex_public_health_200
W4410461390,W3006424097,1,actual_openalex_reference,test,openalex_public_health_200
W4410461390,W3082618371,1,actual_openalex_reference,test,openalex_public_health_200
W4410461390,W3206822105,1,actual_openalex_reference,test,openalex_public_health_200
W4410461390,W4211038303,1,actual_openalex_reference,test,openalex_public_health_200
W4410461390,W4250685861,1,actual_openalex_reference,test,openalex_public_health_200
W4410461390,W4298128226,1,actual_openalex_reference,test,openalex_public_health_200
W4410461390,W4396571719,1,actual_openalex_reference,test,openalex_public_health_200
W4318589264,W1985668304,1,actual_openalex_reference,test,openalex_public_health_200
W4318589264,W2006046203,1,actual_openalex_reference,test,openalex_public_health_200
W4318589264,W2047500209,1,actual_openalex_reference,test,openalex_public_health_200
W4318589264,W2064307068,1,actual_openalex_reference,test,openalex_public_health_200
W4318589264,W2066140996,1,actual_openalex_reference,test,openalex_public_health_200
W4318589264,W2072273713,1,actual_openalex_reference,test,openalex_public_health_200
W4318589264,W2087769907,1,actual_openalex_reference,test,openalex_public_health_200
W4318589264,W2157651417,1,actual_openalex_reference,test,openalex_public_health_200
W4318589264,W2164407672,1,actual_openalex_reference,test,openalex_public_health_200
W4318589264,W2296376093,1,actual_openalex_reference,test,openalex_public_health_200
W4318589264,W2313728305,1,actual_openalex_reference,test,openalex_public_health_200
W4318589264,W2511824339,1,actual_openalex_reference,test,openalex_public_health_200
W4318589264,W2541700678,1,actual_openalex_reference,test,openalex_public_health_200
W4318589264,W2942754344,1,actual_openalex_reference,test,openalex_public_health_200
W4412364745,W1537052581,1,actual_openalex_reference,test,openalex_public_health_200
W4412364745,W1966381158,1,actual_openalex_reference,test,openalex_public_health_200
W4412364745,W1990447077,1,actual_openalex_reference,test,openalex_public_health_200
W4412364745,W1991223265,1,actual_openalex_reference,test,openalex_public_health_200
W4412364745,W2008669204,1,actual_openalex_reference,test,openalex_public_health_200
W4412364745,W2026353489,1,actual_openalex_reference,test,openalex_public_health_200
W4412364745,W2028650862,1,actual_openalex_reference,test,openalex_public_health_200
W4412364745,W2040820194,1,actual_openalex_reference,test,openalex_public_health_200
W4412364745,W2080515378,1,actual_openalex_reference,test,openalex_public_health_200
W4412364745,W2099805722,1,actual_openalex_reference,test,openalex_public_health_200
W4412364745,W2100358124,1,actual_openalex_reference,test,openalex_public_health_200
W4412364745,W2115426800,1,actual_openalex_reference,test,openalex_public_health_200
W4412364745,W2118502261,1,actual_openalex_reference,test,openalex_public_health_200
W4412364745,W2122096184,1,actual_openalex_reference,test,openalex_public_health_200
W4412364745,W2138969935,1,actual_openalex_reference,test,openalex_public_health_200
W4412364745,W2147186578,1,actual_openalex_reference,test,openalex_public_health_200
W4412364745,W2150663699,1,actual_openalex_reference,test,openalex_public_health_200
W4412364745,W2154133188,1,actual_openalex_reference,test,openalex_public_health_200
W4412364745,W2156367884,1,actual_openalex_reference,test,openalex_public_health_200
W4412364745,W2169712827,1,actual_openalex_reference,test,openalex_public_health_200
W4412364745,W2611248402,1,actual_openalex_reference,test,openalex_public_health_200
W4412364745,W2799830501,1,actual_openalex_reference,test,openalex_public_health_200
W4412364745,W2889639449,1,actual_openalex_reference,test,openalex_public_health_200
W4412364745,W2906404416,1,actual_openalex_reference,test,openalex_public_health_200
W4412364745,W3123306174,1,actual_openalex_reference,test,openalex_public_health_200
W4412364745,W3144091276,1,actual_openalex_reference,test,openalex_public_health_200
W4412364745,W3216660642,1,actual_openalex_reference,test,openalex_public_health_200
W4412364745,W4231258019,1,actual_openalex_reference,test,openalex_public_health_200
W4412364745,W4320855218,1,actual_openalex_reference,test,openalex_public_health_200
W4412364745,W4392145544,1,actual_openalex_reference,test,openalex_public_health_200
W4399383557,W1507015478,1,actual_openalex_reference,test,openalex_public_health_200
W4399383557,W2110448405,1,actual_openalex_reference,test,openalex_public_health_200
W4399383557,W2901449178,1,actual_openalex_reference,test,openalex_public_health_200
W4399383557,W2920882131,1,actual_openalex_reference,test,openalex_public_health_200
W4399383557,W2949819557,1,actual_openalex_reference,test,openalex_public_health_200
W4399383557,W2984303857,1,actual_openalex_reference,test,openalex_public_health_200
W4399383557,W2992507207,1,actual_openalex_reference,test,openalex_public_health_200
W4399383557,W3118545566,1,actual_openalex_reference,test,openalex_public_health_200
W4399383557,W3164320826,1,actual_openalex_reference,test,openalex_public_health_200
W4399383557,W3169045170,1,actual_openalex_reference,test,openalex_public_health_200
W4399383557,W3196352636,1,actual_openalex_reference,test,openalex_public_health_200
W4399383557,W4213135001,1,actual_openalex_reference,test,openalex_public_health_200
W4399383557,W4220926034,1,actual_openalex_reference,test,openalex_public_health_200
W4399383557,W4223444955,1,actual_openalex_reference,test,openalex_public_health_200
W4399383557,W4236904596,1,actual_openalex_reference,test,openalex_public_health_200
W4399383557,W4281913728,1,actual_openalex_reference,test,openalex_public_health_200
W4399383557,W4288725113,1,actual_openalex_reference,test,openalex_public_health_200
W4399383557,W4310056240,1,actual_openalex_reference,test,openalex_public_health_200
W4399383557,W4322502708,1,actual_openalex_reference,test,openalex_public_health_200
W4399383557,W4385606908,1,actual_openalex_reference,test,openalex_public_health_200
W4399383557,W4387932833,1,actual_openalex_reference,test,openalex_public_health_200
W4393194653,W2014647876,1,actual_openalex_reference,test,openalex_public_health_200
W4393194653,W2273774298,1,actual_openalex_reference,test,openalex_public_health_200
W4393194653,W2464964112,1,actual_openalex_reference,test,openalex_public_health_200
W4393194653,W2498299989,1,actual_openalex_reference,test,openalex_public_health_200
W4393194653,W2615273993,1,actual_openalex_reference,test,openalex_public_health_200
W4393194653,W2737197777,1,actual_openalex_reference,test,openalex_public_health_200
W4393194653,W2911855296,1,actual_openalex_reference,test,openalex_public_health_200
W4393194653,W3021807284,1,actual_openalex_reference,test,openalex_public_health_200
W4393194653,W3022679469,1,actual_openalex_reference,test,openalex_public_health_200
W4393194653,W3034708083,1,actual_openalex_reference,test,openalex_public_health_200
W4393194653,W3035678763,1,actual_openalex_reference,test,openalex_public_health_200
W4393194653,W3062506780,1,actual_openalex_reference,test,openalex_public_health_200
W4393194653,W3067636892,1,actual_openalex_reference,test,openalex_public_health_200
W4393194653,W3095354079,1,actual_openalex_reference,test,openalex_public_health_200
W4393194653,W3120645789,1,actual_openalex_reference,test,openalex_public_health_200
W4393194653,W3160195245,1,actual_openalex_reference,test,openalex_public_health_200
W4393194653,W3215474244,1,actual_openalex_reference,test,openalex_public_health_200
W4393194653,W4214635899,1,actual_openalex_reference,test,openalex_public_health_200
W4393194653,W4318049694,1,actual_openalex_reference,test,openalex_public_health_200
W4409074788,W2004405500,1,actual_openalex_reference,test,openalex_public_health_200
W4409074788,W2091652854,1,actual_openalex_reference,test,openalex_public_health_200
W4409074788,W2480307713,1,actual_openalex_reference,test,openalex_public_health_200
W4409074788,W2793706260,1,actual_openalex_reference,test,openalex_public_health_200
W4409074788,W2801625478,1,actual_openalex_reference,test,openalex_public_health_200
W4409074788,W2990427812,1,actual_openalex_reference,test,openalex_public_health_200
W4409074788,W3010511801,1,actual_openalex_reference,test,openalex_public_health_200
W4409074788,W3015103912,1,actual_openalex_reference,test,openalex_public_health_200
W4409074788,W3137769071,1,actual_openalex_reference,test,openalex_public_health_200
W4409074788,W4391043251,1,actual_openalex_reference,test,openalex_public_health_200
W4379231593,W1556941270,1,actual_openalex_reference,test,openalex_public_health_200
W4379231593,W1969029123,1,actual_openalex_reference,test,openalex_public_health_200
W4379231593,W2000567562,1,actual_openalex_reference,test,openalex_public_health_200
W4379231593,W2044140253,1,actual_openalex_reference,test,openalex_public_health_200
W4379231593,W2053997966,1,actual_openalex_reference,test,openalex_public_health_200
W4379231593,W2079358753,1,actual_openalex_reference,test,openalex_public_health_200
W4379231593,W2312463810,1,actual_openalex_reference,test,openalex_public_health_200
W4379231593,W2548532484,1,actual_openalex_reference,test,openalex_public_health_200
W4379231593,W2566832827,1,actual_openalex_reference,test,openalex_public_health_200
W4379231593,W2765706718,1,actual_openalex_reference,test,openalex_public_health_200
W4379231593,W2802136563,1,actual_openalex_reference,test,openalex_public_health_200
W4379231593,W2907195315,1,actual_openalex_reference,test,openalex_public_health_200
W4379231593,W2913299774,1,actual_openalex_reference,test,openalex_public_health_200
W4379231593,W2967975127,1,actual_openalex_reference,test,openalex_public_health_200
W4379231593,W3014710468,1,actual_openalex_reference,test,openalex_public_health_200
W4379231593,W3038536927,1,actual_openalex_reference,test,openalex_public_health_200
W4379231593,W3106908696,1,actual_openalex_reference,test,openalex_public_health_200
W4379231593,W3109007585,1,actual_openalex_reference,test,openalex_public_health_200
W4379231593,W3121232681,1,actual_openalex_reference,test,openalex_public_health_200
W4379231593,W3136155063,1,actual_openalex_reference,test,openalex_public_health_200
W4379231593,W4206966182,1,actual_openalex_reference,test,openalex_public_health_200
W4379231593,W4213085091,1,actual_openalex_reference,test,openalex_public_health_200
W4379231593,W4220702948,1,actual_openalex_reference,test,openalex_public_health_200
W4379231593,W4229018150,1,actual_openalex_reference,test,openalex_public_health_200
W4379231593,W4281564454,1,actual_openalex_reference,test,openalex_public_health_200
W4379231593,W4283327801,1,actual_openalex_reference,test,openalex_public_health_200
W4379231593,W4283639750,1,actual_openalex_reference,test,openalex_public_health_200
W4379231593,W4283744619,1,actual_openalex_reference,test,openalex_public_health_200
W4392881572,W1914369367,1,actual_openalex_reference,test,openalex_public_health_200
W4392881572,W1923926731,1,actual_openalex_reference,test,openalex_public_health_200
W4392881572,W1976861616,1,actual_openalex_reference,test,openalex_public_health_200
W4392881572,W2010348352,1,actual_openalex_reference,test,openalex_public_health_200
W4392881572,W2011309176,1,actual_openalex_reference,test,openalex_public_health_200
W4392881572,W2012648272,1,actual_openalex_reference,test,openalex_public_health_200
W4392881572,W2038674454,1,actual_openalex_reference,test,openalex_public_health_200
W4392881572,W2126038173,1,actual_openalex_reference,test,openalex_public_health_200
W4392881572,W2127625785,1,actual_openalex_reference,test,openalex_public_health_200
W4392881572,W2136455011,1,actual_openalex_reference,test,openalex_public_health_200
W4392881572,W2149608872,1,actual_openalex_reference,test,openalex_public_health_200
W4392881572,W2153610778,1,actual_openalex_reference,test,openalex_public_health_200
W4392881572,W2154703907,1,actual_openalex_reference,test,openalex_public_health_200
W4392881572,W2162929904,1,actual_openalex_reference,test,openalex_public_health_200
W4392881572,W2391673631,1,actual_openalex_reference,test,openalex_public_health_200
W4392881572,W2568758762,1,actual_openalex_reference,test,openalex_public_health_200
W4392881572,W2607263590,1,actual_openalex_reference,test,openalex_public_health_200
W4392881572,W2607320967,1,actual_openalex_reference,test,openalex_public_health_200
W4392881572,W2766219621,1,actual_openalex_reference,test,openalex_public_health_200
W4392881572,W2798538395,1,actual_openalex_reference,test,openalex_public_health_200
W4392881572,W2800047018,1,actual_openalex_reference,test,openalex_public_health_200
W4392881572,W2803888054,1,actual_openalex_reference,test,openalex_public_health_200
W4392881572,W2808466979,1,actual_openalex_reference,test,openalex_public_health_200
W4392881572,W2810184287,1,actual_openalex_reference,test,openalex_public_health_200
W4392881572,W2889750549,1,actual_openalex_reference,test,openalex_public_health_200
W4392881572,W2895627931,1,actual_openalex_reference,test,openalex_public_health_200
W4392881572,W2904204708,1,actual_openalex_reference,test,openalex_public_health_200
W4392881572,W2947503959,1,actual_openalex_reference,test,openalex_public_health_200
W4392881572,W2994391901,1,actual_openalex_reference,test,openalex_public_health_200
W4392881572,W3003441052,1,actual_openalex_reference,test,openalex_public_health_200
W4392881572,W3030217397,1,actual_openalex_reference,test,openalex_public_health_200
W4392881572,W3042313430,1,actual_openalex_reference,test,openalex_public_health_200
W4392881572,W3122732621,1,actual_openalex_reference,test,openalex_public_health_200
W4392881572,W3136308697,1,actual_openalex_reference,test,openalex_public_health_200
W4392881572,W3203663634,1,actual_openalex_reference,test,openalex_public_health_200
W4392881572,W3205716933,1,actual_openalex_reference,test,openalex_public_health_200
W4392881572,W3216427917,1,actual_openalex_reference,test,openalex_public_health_200
W4392881572,W4210456424,1,actual_openalex_reference,test,openalex_public_health_200
W4392881572,W4221017486,1,actual_openalex_reference,test,openalex_public_health_200
W4392881572,W4282927331,1,actual_openalex_reference,test,openalex_public_health_200
W4392881572,W4283214803,1,actual_openalex_reference,test,openalex_public_health_200
W4392881572,W4301352023,1,actual_openalex_reference,test,openalex_public_health_200
W4392881572,W4305072792,1,actual_openalex_reference,test,openalex_public_health_200
W4392881572,W4310244871,1,actual_openalex_reference,test,openalex_public_health_200
W4392881572,W4311074346,1,actual_openalex_reference,test,openalex_public_health_200
W4392881572,W4388928649,1,actual_openalex_reference,test,openalex_public_health_200
W4392881572,W4390336364,1,actual_openalex_reference,test,openalex_public_health_200
W4408052556,W65831105,1,actual_openalex_reference,test,openalex_public_health_200
W4408052556,W1978668514,1,actual_openalex_reference,test,openalex_public_health_200
W4408052556,W2006917576,1,actual_openalex_reference,test,openalex_public_health_200
W4408052556,W2027455169,1,actual_openalex_reference,test,openalex_public_health_200
W4408052556,W2075331845,1,actual_openalex_reference,test,openalex_public_health_200
W4408052556,W2128974029,1,actual_openalex_reference,test,openalex_public_health_200
W4408052556,W2520155342,1,actual_openalex_reference,test,openalex_public_health_200
W4408052556,W2615710420,1,actual_openalex_reference,test,openalex_public_health_200
W4408052556,W2765185461,1,actual_openalex_reference,test,openalex_public_health_200
W4408052556,W2789843538,1,actual_openalex_reference,test,openalex_public_health_200
W4408052556,W2807773783,1,actual_openalex_reference,test,openalex_public_health_200
W4408052556,W2942826041,1,actual_openalex_reference,test,openalex_public_health_200
W4408052556,W2951764279,1,actual_openalex_reference,test,openalex_public_health_200
W4408052556,W2968680829,1,actual_openalex_reference,test,openalex_public_health_200
W4408052556,W2989658460,1,actual_openalex_reference,test,openalex_public_health_200
W4408052556,W3005564067,1,actual_openalex_reference,test,openalex_public_health_200
W4408052556,W3007172120,1,actual_openalex_reference,test,openalex_public_health_200
W4408052556,W3087062922,1,actual_openalex_reference,test,openalex_public_health_200
W4408052556,W3110076471,1,actual_openalex_reference,test,openalex_public_health_200
W4408052556,W3164057401,1,actual_openalex_reference,test,openalex_public_health_200
W4408052556,W3176049070,1,actual_openalex_reference,test,openalex_public_health_200
W4408052556,W3202060848,1,actual_openalex_reference,test,openalex_public_health_200
W4408052556,W4210299461,1,actual_openalex_reference,test,openalex_public_health_200
W4408052556,W4220917009,1,actual_openalex_reference,test,openalex_public_health_200
W4408052556,W4220999759,1,actual_openalex_reference,test,openalex_public_health_200
W4408052556,W4385295837,1,actual_openalex_reference,test,openalex_public_health_200
W4408052556,W4390811885,1,actual_openalex_reference,test,openalex_public_health_200
W4408052556,W4392877223,1,actual_openalex_reference,test,openalex_public_health_200
W4408052556,W4402191474,1,actual_openalex_reference,test,openalex_public_health_200
W4415397145,W1815173778,1,actual_openalex_reference,test,openalex_public_health_200
W4415397145,W1982082735,1,actual_openalex_reference,test,openalex_public_health_200
W4415397145,W1988533676,1,actual_openalex_reference,test,openalex_public_health_200
W4415397145,W1994792235,1,actual_openalex_reference,test,openalex_public_health_200
W4415397145,W2021817988,1,actual_openalex_reference,test,openalex_public_health_200
W4415397145,W2093254284,1,actual_openalex_reference,test,openalex_public_health_200
W4415397145,W2101319977,1,actual_openalex_reference,test,openalex_public_health_200
W4415397145,W2107236446,1,actual_openalex_reference,test,openalex_public_health_200
W4415397145,W2112420046,1,actual_openalex_reference,test,openalex_public_health_200
W4415397145,W2126983182,1,actual_openalex_reference,test,openalex_public_health_200
W4415397145,W2130735432,1,actual_openalex_reference,test,openalex_public_health_200
W4415397145,W2143027151,1,actual_openalex_reference,test,openalex_public_health_200
W4415397145,W2148989480,1,actual_openalex_reference,test,openalex_public_health_200
W4415397145,W2160085982,1,actual_openalex_reference,test,openalex_public_health_200
W4415397145,W2161042210,1,actual_openalex_reference,test,openalex_public_health_200
W4415397145,W2161383304,1,actual_openalex_reference,test,openalex_public_health_200
W4415397145,W2162707107,1,actual_openalex_reference,test,openalex_public_health_200
W4415397145,W2164629000,1,actual_openalex_reference,test,openalex_public_health_200
W4415397145,W2167209441,1,actual_openalex_reference,test,openalex_public_health_200
W4415397145,W2295712220,1,actual_openalex_reference,test,openalex_public_health_200
W4415397145,W2402830803,1,actual_openalex_reference,test,openalex_public_health_200
W4415397145,W2467632962,1,actual_openalex_reference,test,openalex_public_health_200
W4415397145,W2545765752,1,actual_openalex_reference,test,openalex_public_health_200
W4415397145,W2788955701,1,actual_openalex_reference,test,openalex_public_health_200
W4415397145,W2792778499,1,actual_openalex_reference,test,openalex_public_health_200
W4415397145,W2808450349,1,actual_openalex_reference,test,openalex_public_health_200
W4415397145,W2996062957,1,actual_openalex_reference,test,openalex_public_health_200
W4415397145,W3008444477,1,actual_openalex_reference,test,openalex_public_health_200
W4415397145,W3088078835,1,actual_openalex_reference,test,openalex_public_health_200
W4415397145,W3088263488,1,actual_openalex_reference,test,openalex_public_health_200
W4415397145,W3124531510,1,actual_openalex_reference,test,openalex_public_health_200
W4415397145,W4205340742,1,actual_openalex_reference,test,openalex_public_health_200
W4415397145,W4281862870,1,actual_openalex_reference,test,openalex_public_health_200
W4415397145,W4283518510,1,actual_openalex_reference,test,openalex_public_health_200
W4415397145,W4298038408,1,actual_openalex_reference,test,openalex_public_health_200
W4415397145,W4381512073,1,actual_openalex_reference,test,openalex_public_health_200
W4415397145,W4387610663,1,actual_openalex_reference,test,openalex_public_health_200
W4415397145,W4391385232,1,actual_openalex_reference,test,openalex_public_health_200
W4415397145,W4395694646,1,actual_openalex_reference,test,openalex_public_health_200
W4415397145,W4401056161,1,actual_openalex_reference,test,openalex_public_health_200
W4408892746,W1551416449,1,actual_openalex_reference,test,openalex_public_health_200
W4408892746,W1573388575,1,actual_openalex_reference,test,openalex_public_health_200
W4408892746,W1975131853,1,actual_openalex_reference,test,openalex_public_health_200
W4408892746,W2123284229,1,actual_openalex_reference,test,openalex_public_health_200
W4408892746,W2129316616,1,actual_openalex_reference,test,openalex_public_health_200
W4408892746,W2138101609,1,actual_openalex_reference,test,openalex_public_health_200
W4408892746,W2157566824,1,actual_openalex_reference,test,openalex_public_health_200
W4408892746,W2160120158,1,actual_openalex_reference,test,openalex_public_health_200
W4408892746,W2167415803,1,actual_openalex_reference,test,openalex_public_health_200
W4408892746,W2378662559,1,actual_openalex_reference,test,openalex_public_health_200
W4408892746,W2408349200,1,actual_openalex_reference,test,openalex_public_health_200
W4408892746,W2771275858,1,actual_openalex_reference,test,openalex_public_health_200
W4408892746,W2772318002,1,actual_openalex_reference,test,openalex_public_health_200
W4408892746,W2800942183,1,actual_openalex_reference,test,openalex_public_health_200
W4408892746,W2802387235,1,actual_openalex_reference,test,openalex_public_health_200
W4408892746,W2977035594,1,actual_openalex_reference,test,openalex_public_health_200
W4408892746,W3173615049,1,actual_openalex_reference,test,openalex_public_health_200
W4408892746,W3184782444,1,actual_openalex_reference,test,openalex_public_health_200
W4408892746,W4232973632,1,actual_openalex_reference,test,openalex_public_health_200
W4408892746,W4308168670,1,actual_openalex_reference,test,openalex_public_health_200
W4408892746,W4313263345,1,actual_openalex_reference,test,openalex_public_health_200
W4408892746,W4396808881,1,actual_openalex_reference,test,openalex_public_health_200
W7117545303,W1980409234,1,actual_openalex_reference,test,openalex_public_health_200
W7117545303,W1994722462,1,actual_openalex_reference,test,openalex_public_health_200
W7117545303,W2023634826,1,actual_openalex_reference,test,openalex_public_health_200
W7117545303,W2033487580,1,actual_openalex_reference,test,openalex_public_health_200
W7117545303,W2075950485,1,actual_openalex_reference,test,openalex_public_health_200
W7117545303,W2077971786,1,actual_openalex_reference,test,openalex_public_health_200
W7117545303,W2103743784,1,actual_openalex_reference,test,openalex_public_health_200
W7117545303,W2168802084,1,actual_openalex_reference,test,openalex_public_health_200
W7117545303,W2311316693,1,actual_openalex_reference,test,openalex_public_health_200
W7117545303,W2316365243,1,actual_openalex_reference,test,openalex_public_health_200
W7117545303,W2793530746,1,actual_openalex_reference,test,openalex_public_health_200
W7117545303,W2811349416,1,actual_openalex_reference,test,openalex_public_health_200
W7117545303,W2891378911,1,actual_openalex_reference,test,openalex_public_health_200
W7117545303,W2991115256,1,actual_openalex_reference,test,openalex_public_health_200
W7117545303,W3033834328,1,actual_openalex_reference,test,openalex_public_health_200
W7117545303,W3034988508,1,actual_openalex_reference,test,openalex_public_health_200
W7117545303,W3046681862,1,actual_openalex_reference,test,openalex_public_health_200
W7117545303,W3098022168,1,actual_openalex_reference,test,openalex_public_health_200
W7117545303,W3127240394,1,actual_openalex_reference,test,openalex_public_health_200
W7117545303,W3164029460,1,actual_openalex_reference,test,openalex_public_health_200
W7117545303,W3183831752,1,actual_openalex_reference,test,openalex_public_health_200
W7117545303,W3210357984,1,actual_openalex_reference,test,openalex_public_health_200
W7117545303,W3210445363,1,actual_openalex_reference,test,openalex_public_health_200
W7117545303,W3211056590,1,actual_openalex_reference,test,openalex_public_health_200
W7117545303,W3216784243,1,actual_openalex_reference,test,openalex_public_health_200
W7117545303,W4205667072,1,actual_openalex_reference,test,openalex_public_health_200
W7117545303,W4210741943,1,actual_openalex_reference,test,openalex_public_health_200
W7117545303,W4280551894,1,actual_openalex_reference,test,openalex_public_health_200
W7117545303,W4282007854,1,actual_openalex_reference,test,openalex_public_health_200
W7117545303,W4285386758,1,actual_openalex_reference,test,openalex_public_health_200
W7117545303,W4286685942,1,actual_openalex_reference,test,openalex_public_health_200
W7117545303,W4294191069,1,actual_openalex_reference,test,openalex_public_health_200
W7117545303,W4392230480,1,actual_openalex_reference,test,openalex_public_health_200
W7117545303,W4400961673,1,actual_openalex_reference,test,openalex_public_health_200
W4403991491,W1971765404,1,actual_openalex_reference,test,openalex_public_health_200
W4403991491,W1975073930,1,actual_openalex_reference,test,openalex_public_health_200
W4403991491,W1977759655,1,actual_openalex_reference,test,openalex_public_health_200
W4403991491,W2037588148,1,actual_openalex_reference,test,openalex_public_health_200
W4403991491,W2069635511,1,actual_openalex_reference,test,openalex_public_health_200
W4403991491,W2110056808,1,actual_openalex_reference,test,openalex_public_health_200
W4403991491,W2112818819,1,actual_openalex_reference,test,openalex_public_health_200
W4403991491,W2126824225,1,actual_openalex_reference,test,openalex_public_health_200
W4403991491,W2142225512,1,actual_openalex_reference,test,openalex_public_health_200
W4403991491,W2142915111,1,actual_openalex_reference,test,openalex_public_health_200
W4403991491,W2296061379,1,actual_openalex_reference,test,openalex_public_health_200
W4403991491,W2616064701,1,actual_openalex_reference,test,openalex_public_health_200
W4403991491,W2793184643,1,actual_openalex_reference,test,openalex_public_health_200
W4403991491,W2894602879,1,actual_openalex_reference,test,openalex_public_health_200
W4403991491,W2951622876,1,actual_openalex_reference,test,openalex_public_health_200
W4403991491,W3004607801,1,actual_openalex_reference,test,openalex_public_health_200
W4403991491,W3042815046,1,actual_openalex_reference,test,openalex_public_health_200
W4403991491,W3084042743,1,actual_openalex_reference,test,openalex_public_health_200
W4403991491,W3174605556,1,actual_openalex_reference,test,openalex_public_health_200
W4403991491,W4205349777,1,actual_openalex_reference,test,openalex_public_health_200
W4409545691,W1502664876,1,actual_openalex_reference,test,openalex_public_health_200
W4409545691,W1994904616,1,actual_openalex_reference,test,openalex_public_health_200
W4409545691,W2010824979,1,actual_openalex_reference,test,openalex_public_health_200
W4409545691,W2044870190,1,actual_openalex_reference,test,openalex_public_health_200
W4409545691,W2060329993,1,actual_openalex_reference,test,openalex_public_health_200
W4409545691,W2080834606,1,actual_openalex_reference,test,openalex_public_health_200
W4409545691,W2098314489,1,actual_openalex_reference,test,openalex_public_health_200
W4409545691,W2102321716,1,actual_openalex_reference,test,openalex_public_health_200
W4409545691,W2126274169,1,actual_openalex_reference,test,openalex_public_health_200
W4409545691,W2130544037,1,actual_openalex_reference,test,openalex_public_health_200
W4409545691,W2134405149,1,actual_openalex_reference,test,openalex_public_health_200
W4409545691,W2139898950,1,actual_openalex_reference,test,openalex_public_health_200
W4409545691,W2157043395,1,actual_openalex_reference,test,openalex_public_health_200
W4409545691,W2157489298,1,actual_openalex_reference,test,openalex_public_health_200
W4409545691,W2158946056,1,actual_openalex_reference,test,openalex_public_health_200
W4409545691,W2161951565,1,actual_openalex_reference,test,openalex_public_health_200
W4409545691,W2162569917,1,actual_openalex_reference,test,openalex_public_health_200
W4409545691,W2164696398,1,actual_openalex_reference,test,openalex_public_health_200
W4409545691,W2168346688,1,actual_openalex_reference,test,openalex_public_health_200
W4409545691,W2170210088,1,actual_openalex_reference,test,openalex_public_health_200
W4409545691,W2171498982,1,actual_openalex_reference,test,openalex_public_health_200
W4409545691,W2264767503,1,actual_openalex_reference,test,openalex_public_health_200
W4409545691,W2593977293,1,actual_openalex_reference,test,openalex_public_health_200
W4409545691,W2756360627,1,actual_openalex_reference,test,openalex_public_health_200
W4409545691,W2898821382,1,actual_openalex_reference,test,openalex_public_health_200
W4409545691,W2937141947,1,actual_openalex_reference,test,openalex_public_health_200
W4409545691,W3038506903,1,actual_openalex_reference,test,openalex_public_health_200
W4409545691,W3108227758,1,actual_openalex_reference,test,openalex_public_health_200
W4409545691,W3116642107,1,actual_openalex_reference,test,openalex_public_health_200
W4409545691,W4296300782,1,actual_openalex_reference,test,openalex_public_health_200
W4409545691,W4309719905,1,actual_openalex_reference,test,openalex_public_health_200
W4409545691,W4388161940,1,actual_openalex_reference,test,openalex_public_health_200
W4409545691,W4391969790,1,actual_openalex_reference,test,openalex_public_health_200
W4409545691,W4394932876,1,actual_openalex_reference,test,openalex_public_health_200
W4412018080,W124140706,1,actual_openalex_reference,test,openalex_public_health_200
W4412018080,W1498826774,1,actual_openalex_reference,test,openalex_public_health_200
W4412018080,W1630893959,1,actual_openalex_reference,test,openalex_public_health_200
W4412018080,W2091716987,1,actual_openalex_reference,test,openalex_public_health_200
W4412018080,W2111308825,1,actual_openalex_reference,test,openalex_public_health_200
W4412018080,W2116814997,1,actual_openalex_reference,test,openalex_public_health_200
W4412018080,W2165658295,1,actual_openalex_reference,test,openalex_public_health_200
W4412018080,W2171041537,1,actual_openalex_reference,test,openalex_public_health_200
W4412018080,W2175124151,1,actual_openalex_reference,test,openalex_public_health_200
W4412018080,W2280404143,1,actual_openalex_reference,test,openalex_public_health_200
W4412018080,W2322458195,1,actual_openalex_reference,test,openalex_public_health_200
W4412018080,W2339237259,1,actual_openalex_reference,test,openalex_public_health_200
W4412018080,W2412050484,1,actual_openalex_reference,test,openalex_public_health_200
W4412018080,W2470592194,1,actual_openalex_reference,test,openalex_public_health_200
W4412018080,W2489120825,1,actual_openalex_reference,test,openalex_public_health_200
W4412018080,W2507861132,1,actual_openalex_reference,test,openalex_public_health_200
W4412018080,W2531842886,1,actual_openalex_reference,test,openalex_public_health_200
W4412018080,W2598707759,1,actual_openalex_reference,test,openalex_public_health_200
W4412018080,W2607506746,1,actual_openalex_reference,test,openalex_public_health_200
W4412018080,W2609580994,1,actual_openalex_reference,test,openalex_public_health_200
W4412018080,W2759984178,1,actual_openalex_reference,test,openalex_public_health_200
W4412018080,W2766276615,1,actual_openalex_reference,test,openalex_public_health_200
W4412018080,W2772511004,1,actual_openalex_reference,test,openalex_public_health_200
W4412018080,W2899399031,1,actual_openalex_reference,test,openalex_public_health_200
W4412018080,W2987646299,1,actual_openalex_reference,test,openalex_public_health_200
W4412018080,W3022423927,1,actual_openalex_reference,test,openalex_public_health_200
W4412018080,W3093028256,1,actual_openalex_reference,test,openalex_public_health_200
W4412018080,W3119257354,1,actual_openalex_reference,test,openalex_public_health_200
W4412018080,W3136463644,1,actual_openalex_reference,test,openalex_public_health_200
W4412018080,W3160792770,1,actual_openalex_reference,test,openalex_public_health_200
W4412018080,W4206804244,1,actual_openalex_reference,test,openalex_public_health_200
W4412018080,W4247943214,1,actual_openalex_reference,test,openalex_public_health_200
W4412018080,W4290080889,1,actual_openalex_reference,test,openalex_public_health_200
W4412018080,W4296934757,1,actual_openalex_reference,test,openalex_public_health_200
W4412018080,W4321503749,1,actual_openalex_reference,test,openalex_public_health_200
W4412018080,W4360946583,1,actual_openalex_reference,test,openalex_public_health_200
W4412018080,W4385647895,1,actual_openalex_reference,test,openalex_public_health_200
W4412018080,W4388571403,1,actual_openalex_reference,test,openalex_public_health_200
W4412018080,W4393053714,1,actual_openalex_reference,test,openalex_public_health_200
W4412018080,W4393063402,1,actual_openalex_reference,test,openalex_public_health_200
W4412018080,W4406366797,1,actual_openalex_reference,test,openalex_public_health_200
W4412018080,W4406389366,1,actual_openalex_reference,test,openalex_public_health_200
W4387058425,W1879400878,1,actual_openalex_reference,test,openalex_public_health_200
W4387058425,W1943019356,1,actual_openalex_reference,test,openalex_public_health_200
W4387058425,W1965999023,1,actual_openalex_reference,test,openalex_public_health_200
W4387058425,W1976770755,1,actual_openalex_reference,test,openalex_public_health_200
W4387058425,W2047465441,1,actual_openalex_reference,test,openalex_public_health_200
W4387058425,W2074344667,1,actual_openalex_reference,test,openalex_public_health_200
W4387058425,W2138664283,1,actual_openalex_reference,test,openalex_public_health_200
W4387058425,W2324101925,1,actual_openalex_reference,test,openalex_public_health_200
W4387058425,W2552889634,1,actual_openalex_reference,test,openalex_public_health_200
W4387058425,W2565142850,1,actual_openalex_reference,test,openalex_public_health_200
W4387058425,W2566284233,1,actual_openalex_reference,test,openalex_public_health_200
W4387058425,W2589067153,1,actual_openalex_reference,test,openalex_public_health_200
W4387058425,W2591345351,1,actual_openalex_reference,test,openalex_public_health_200
W4387058425,W2594757882,1,actual_openalex_reference,test,openalex_public_health_200
W4387058425,W2610391153,1,actual_openalex_reference,test,openalex_public_health_200
W4387058425,W2767724716,1,actual_openalex_reference,test,openalex_public_health_200
W4387058425,W2889024340,1,actual_openalex_reference,test,openalex_public_health_200
W4387058425,W2899276722,1,actual_openalex_reference,test,openalex_public_health_200
W4387058425,W2930856395,1,actual_openalex_reference,test,openalex_public_health_200
W4387058425,W2963591220,1,actual_openalex_reference,test,openalex_public_health_200
W4387058425,W2980399258,1,actual_openalex_reference,test,openalex_public_health_200
W4387058425,W3046315942,1,actual_openalex_reference,test,openalex_public_health_200
W4387058425,W3084183616,1,actual_openalex_reference,test,openalex_public_health_200
W4387058425,W3087375142,1,actual_openalex_reference,test,openalex_public_health_200
W4387058425,W3093731998,1,actual_openalex_reference,test,openalex_public_health_200
W4387058425,W3133913092,1,actual_openalex_reference,test,openalex_public_health_200
W4387058425,W3160303224,1,actual_openalex_reference,test,openalex_public_health_200
W4387058425,W3174022334,1,actual_openalex_reference,test,openalex_public_health_200
W4387058425,W3202964085,1,actual_openalex_reference,test,openalex_public_health_200
W4387058425,W4285799355,1,actual_openalex_reference,test,openalex_public_health_200
W4387058425,W4296810132,1,actual_openalex_reference,test,openalex_public_health_200
W4387058425,W4299913202,1,actual_openalex_reference,test,openalex_public_health_200
W4401062479,W1801876107,1,actual_openalex_reference,test,openalex_public_health_200
W4401062479,W1990013137,1,actual_openalex_reference,test,openalex_public_health_200
W4401062479,W2005564292,1,actual_openalex_reference,test,openalex_public_health_200
W4401062479,W2007804646,1,actual_openalex_reference,test,openalex_public_health_200
W4401062479,W2033383345,1,actual_openalex_reference,test,openalex_public_health_200
W4401062479,W2042201137,1,actual_openalex_reference,test,openalex_public_health_200
W4401062479,W2059999488,1,actual_openalex_reference,test,openalex_public_health_200
W4401062479,W2129315771,1,actual_openalex_reference,test,openalex_public_health_200
W4401062479,W2135499879,1,actual_openalex_reference,test,openalex_public_health_200
W4401062479,W2150158921,1,actual_openalex_reference,test,openalex_public_health_200
W4401062479,W2160087354,1,actual_openalex_reference,test,openalex_public_health_200
W4401062479,W2231156824,1,actual_openalex_reference,test,openalex_public_health_200
W4401062479,W2346877445,1,actual_openalex_reference,test,openalex_public_health_200
W4401062479,W2351547314,1,actual_openalex_reference,test,openalex_public_health_200
W4401062479,W2737720491,1,actual_openalex_reference,test,openalex_public_health_200
W4401062479,W2769895972,1,actual_openalex_reference,test,openalex_public_health_200
W4401062479,W2794056739,1,actual_openalex_reference,test,openalex_public_health_200
W4401062479,W2884338375,1,actual_openalex_reference,test,openalex_public_health_200
W4401062479,W2903563962,1,actual_openalex_reference,test,openalex_public_health_200
W4401062479,W2983887256,1,actual_openalex_reference,test,openalex_public_health_200
W4401062479,W3173716263,1,actual_openalex_reference,test,openalex_public_health_200
W4401062479,W3191638612,1,actual_openalex_reference,test,openalex_public_health_200
W4401062479,W4214925550,1,actual_openalex_reference,test,openalex_public_health_200
W4401062479,W4307657953,1,actual_openalex_reference,test,openalex_public_health_200
W4401710722,W2042329979,1,actual_openalex_reference,test,openalex_public_health_200
W4401710722,W2118241155,1,actual_openalex_reference,test,openalex_public_health_200
W4401710722,W2591709377,1,actual_openalex_reference,test,openalex_public_health_200
W4401710722,W2787145330,1,actual_openalex_reference,test,openalex_public_health_200
W4401710722,W2982639572,1,actual_openalex_reference,test,openalex_public_health_200
W4401710722,W3002684411,1,actual_openalex_reference,test,openalex_public_health_200
W4401710722,W3207132694,1,actual_openalex_reference,test,openalex_public_health_200
W4401710722,W3214281930,1,actual_openalex_reference,test,openalex_public_health_200
W4401710722,W4283266336,1,actual_openalex_reference,test,openalex_public_health_200
W4401710722,W4385982086,1,actual_openalex_reference,test,openalex_public_health_200
W4401710722,W4387439723,1,actual_openalex_reference,test,openalex_public_health_200
W4401710722,W4389248031,1,actual_openalex_reference,test,openalex_public_health_200
W4402785869,W259768252,1,actual_openalex_reference,test,openalex_public_health_200
W4402785869,W1926055518,1,actual_openalex_reference,test,openalex_public_health_200
W4402785869,W1971320070,1,actual_openalex_reference,test,openalex_public_health_200
W4402785869,W1983321708,1,actual_openalex_reference,test,openalex_public_health_200
W4402785869,W2032621998,1,actual_openalex_reference,test,openalex_public_health_200
W4402785869,W2037906263,1,actual_openalex_reference,test,openalex_public_health_200
W4402785869,W2039343977,1,actual_openalex_reference,test,openalex_public_health_200
W4402785869,W2055553307,1,actual_openalex_reference,test,openalex_public_health_200
W4402785869,W2067864190,1,actual_openalex_reference,test,openalex_public_health_200
W4402785869,W2098067718,1,actual_openalex_reference,test,openalex_public_health_200
W4402785869,W2127378763,1,actual_openalex_reference,test,openalex_public_health_200
W4402785869,W2155131169,1,actual_openalex_reference,test,openalex_public_health_200
W4402785869,W2168802084,1,actual_openalex_reference,test,openalex_public_health_200
W4402785869,W2292933427,1,actual_openalex_reference,test,openalex_public_health_200
W4402785869,W2337002970,1,actual_openalex_reference,test,openalex_public_health_200
W4402785869,W2418299377,1,actual_openalex_reference,test,openalex_public_health_200
W4402785869,W2468608471,1,actual_openalex_reference,test,openalex_public_health_200
W4402785869,W2560498347,1,actual_openalex_reference,test,openalex_public_health_200
W4402785869,W2560534168,1,actual_openalex_reference,test,openalex_public_health_200
W4402785869,W2735057293,1,actual_openalex_reference,test,openalex_public_health_200
W4402785869,W2738525451,1,actual_openalex_reference,test,openalex_public_health_200
W4402785869,W2761237143,1,actual_openalex_reference,test,openalex_public_health_200
W4402785869,W2883236608,1,actual_openalex_reference,test,openalex_public_health_200
W4402785869,W2890643375,1,actual_openalex_reference,test,openalex_public_health_200
W4402785869,W2899463234,1,actual_openalex_reference,test,openalex_public_health_200
W4402785869,W2901250702,1,actual_openalex_reference,test,openalex_public_health_200
W4402785869,W2905151409,1,actual_openalex_reference,test,openalex_public_health_200
W4402785869,W2913556000,1,actual_openalex_reference,test,openalex_public_health_200
W4402785869,W2965376690,1,actual_openalex_reference,test,openalex_public_health_200
W4402785869,W2997188530,1,actual_openalex_reference,test,openalex_public_health_200
W4402785869,W3016543251,1,actual_openalex_reference,test,openalex_public_health_200
W4402785869,W3043027340,1,actual_openalex_reference,test,openalex_public_health_200
W4402785869,W3045142264,1,actual_openalex_reference,test,openalex_public_health_200
W4402785869,W3045322336,1,actual_openalex_reference,test,openalex_public_health_200
W4402785869,W3080161700,1,actual_openalex_reference,test,openalex_public_health_200
W4402785869,W3127377388,1,actual_openalex_reference,test,openalex_public_health_200
W4402785869,W3131120432,1,actual_openalex_reference,test,openalex_public_health_200
W4402785869,W3131684563,1,actual_openalex_reference,test,openalex_public_health_200
W4402785869,W3132873952,1,actual_openalex_reference,test,openalex_public_health_200
W4402785869,W3133213334,1,actual_openalex_reference,test,openalex_public_health_200
W4402785869,W3135322405,1,actual_openalex_reference,test,openalex_public_health_200
W4402785869,W3173645721,1,actual_openalex_reference,test,openalex_public_health_200
W4402785869,W3209107648,1,actual_openalex_reference,test,openalex_public_health_200
W4402785869,W3212702920,1,actual_openalex_reference,test,openalex_public_health_200
W4402785869,W4200254862,1,actual_openalex_reference,test,openalex_public_health_200
W4402785869,W4200295543,1,actual_openalex_reference,test,openalex_public_health_200
W4402785869,W4213335299,1,actual_openalex_reference,test,openalex_public_health_200
W4402785869,W4283212519,1,actual_openalex_reference,test,openalex_public_health_200
W4402785869,W4285386758,1,actual_openalex_reference,test,openalex_public_health_200
W4402785869,W4285795595,1,actual_openalex_reference,test,openalex_public_health_200
W4402785869,W4286203333,1,actual_openalex_reference,test,openalex_public_health_200
W4402785869,W4292513346,1,actual_openalex_reference,test,openalex_public_health_200
W4402785869,W4297540605,1,actual_openalex_reference,test,openalex_public_health_200
W4402785869,W4310987541,1,actual_openalex_reference,test,openalex_public_health_200
W4402785869,W4362648321,1,actual_openalex_reference,test,openalex_public_health_200
W4402785869,W4364379323,1,actual_openalex_reference,test,openalex_public_health_200
W4402785869,W4379967636,1,actual_openalex_reference,test,openalex_public_health_200
W4402785869,W4386648375,1,actual_openalex_reference,test,openalex_public_health_200
W4402785869,W4388020651,1,actual_openalex_reference,test,openalex_public_health_200
W4402785869,W4388633572,1,actual_openalex_reference,test,openalex_public_health_200
W4402785869,W4389085869,1,actual_openalex_reference,test,openalex_public_health_200
W4402785869,W4389546506,1,actual_openalex_reference,test,openalex_public_health_200
W4402785869,W4389728972,1,actual_openalex_reference,test,openalex_public_health_200
W4414355178,W2072897539,1,actual_openalex_reference,test,openalex_public_health_200
W4414355178,W2324034495,1,actual_openalex_reference,test,openalex_public_health_200
W4414355178,W2548445238,1,actual_openalex_reference,test,openalex_public_health_200
W4414355178,W2795840518,1,actual_openalex_reference,test,openalex_public_health_200
W4414355178,W2970055619,1,actual_openalex_reference,test,openalex_public_health_200
W4414355178,W3083397448,1,actual_openalex_reference,test,openalex_public_health_200
W4414355178,W3104204519,1,actual_openalex_reference,test,openalex_public_health_200
W4414355178,W3113949113,1,actual_openalex_reference,test,openalex_public_health_200
W4414355178,W4367048118,1,actual_openalex_reference,test,openalex_public_health_200
W4414355178,W4367175244,1,actual_openalex_reference,test,openalex_public_health_200
W4414355178,W4386116960,1,actual_openalex_reference,test,openalex_public_health_200
W4414355178,W4387241979,1,actual_openalex_reference,test,openalex_public_health_200
W4414355178,W4387777183,1,actual_openalex_reference,test,openalex_public_health_200
W4414355178,W4393386372,1,actual_openalex_reference,test,openalex_public_health_200
W4414355178,W4402628706,1,actual_openalex_reference,test,openalex_public_health_200
W4413058302,W2009268789,1,actual_openalex_reference,test,openalex_public_health_200
W4413058302,W2072633789,1,actual_openalex_reference,test,openalex_public_health_200
W4413058302,W2127484731,1,actual_openalex_reference,test,openalex_public_health_200
W4413058302,W2129375743,1,actual_openalex_reference,test,openalex_public_health_200
W4413058302,W2143104968,1,actual_openalex_reference,test,openalex_public_health_200
W4413058302,W2146814140,1,actual_openalex_reference,test,openalex_public_health_200
W4413058302,W2149264570,1,actual_openalex_reference,test,openalex_public_health_200
W4413058302,W2217303271,1,actual_openalex_reference,test,openalex_public_health_200
W4413058302,W2337997940,1,actual_openalex_reference,test,openalex_public_health_200
W4413058302,W2472425358,1,actual_openalex_reference,test,openalex_public_health_200
W4413058302,W2520096476,1,actual_openalex_reference,test,openalex_public_health_200
W4413058302,W2581977098,1,actual_openalex_reference,test,openalex_public_health_200
W4413058302,W2589164015,1,actual_openalex_reference,test,openalex_public_health_200
W4413058302,W2737965883,1,actual_openalex_reference,test,openalex_public_health_200
W4413058302,W2770621073,1,actual_openalex_reference,test,openalex_public_health_200
W4413058302,W2784038503,1,actual_openalex_reference,test,openalex_public_health_200
W4413058302,W2793929865,1,actual_openalex_reference,test,openalex_public_health_200
W4413058302,W2805771987,1,actual_openalex_reference,test,openalex_public_health_200
W4413058302,W2806166921,1,actual_openalex_reference,test,openalex_public_health_200
W4413058302,W2808731100,1,actual_openalex_reference,test,openalex_public_health_200
W4413058302,W2808840989,1,actual_openalex_reference,test,openalex_public_health_200
W4413058302,W2810018884,1,actual_openalex_reference,test,openalex_public_health_200
W4413058302,W2888128325,1,actual_openalex_reference,test,openalex_public_health_200
W4413058302,W2911684750,1,actual_openalex_reference,test,openalex_public_health_200
W4413058302,W2915605351,1,actual_openalex_reference,test,openalex_public_health_200
W4413058302,W2993554412,1,actual_openalex_reference,test,openalex_public_health_200
W4413058302,W2998624672,1,actual_openalex_reference,test,openalex_public_health_200
W4413058302,W3007709568,1,actual_openalex_reference,test,openalex_public_health_200
W4413058302,W3028701927,1,actual_openalex_reference,test,openalex_public_health_200
W4413058302,W3033165341,1,actual_openalex_reference,test,openalex_public_health_200
W4413058302,W3095808671,1,actual_openalex_reference,test,openalex_public_health_200
W4413058302,W3108038114,1,actual_openalex_reference,test,openalex_public_health_200
W4413058302,W3126982923,1,actual_openalex_reference,test,openalex_public_health_200
W4413058302,W3131385652,1,actual_openalex_reference,test,openalex_public_health_200
W4413058302,W3135929794,1,actual_openalex_reference,test,openalex_public_health_200
W4413058302,W3137518197,1,actual_openalex_reference,test,openalex_public_health_200
W4413058302,W3158232359,1,actual_openalex_reference,test,openalex_public_health_200
W4413058302,W3161455746,1,actual_openalex_reference,test,openalex_public_health_200
W4413058302,W3162059815,1,actual_openalex_reference,test,openalex_public_health_200
W4413058302,W4213283844,1,actual_openalex_reference,test,openalex_public_health_200
W4413058302,W4221059073,1,actual_openalex_reference,test,openalex_public_health_200
W4413058302,W4288426635,1,actual_openalex_reference,test,openalex_public_health_200
W4413058302,W4295510117,1,actual_openalex_reference,test,openalex_public_health_200
W4413058302,W4308981839,1,actual_openalex_reference,test,openalex_public_health_200
W4413058302,W4311263986,1,actual_openalex_reference,test,openalex_public_health_200
W4413058302,W4313824920,1,actual_openalex_reference,test,openalex_public_health_200
W4413058302,W4379780290,1,actual_openalex_reference,test,openalex_public_health_200
W4413058302,W4382727913,1,actual_openalex_reference,test,openalex_public_health_200
W4413058302,W4388837283,1,actual_openalex_reference,test,openalex_public_health_200
W4413058302,W4390339535,1,actual_openalex_reference,test,openalex_public_health_200
W4413058302,W4391169031,1,actual_openalex_reference,test,openalex_public_health_200
W4413058302,W4391743282,1,actual_openalex_reference,test,openalex_public_health_200
W4413058302,W4406381138,1,actual_openalex_reference,test,openalex_public_health_200
W4413058302,W4407609978,1,actual_openalex_reference,test,openalex_public_health_200
W4399434945,W2112774138,1,actual_openalex_reference,test,openalex_public_health_200
W4399434945,W2911218998,1,actual_openalex_reference,test,openalex_public_health_200
W4399434945,W3010161909,1,actual_openalex_reference,test,openalex_public_health_200
W4399434945,W3115177249,1,actual_openalex_reference,test,openalex_public_health_200
W4399434945,W3186514928,1,actual_openalex_reference,test,openalex_public_health_200
W4399434945,W3212274553,1,actual_openalex_reference,test,openalex_public_health_200
W4399434945,W4210456251,1,actual_openalex_reference,test,openalex_public_health_200
W4399434945,W4280596188,1,actual_openalex_reference,test,openalex_public_health_200
W4399434945,W4311911876,1,actual_openalex_reference,test,openalex_public_health_200
W4399434945,W4378904421,1,actual_openalex_reference,test,openalex_public_health_200
W4399434945,W4390022583,1,actual_openalex_reference,test,openalex_public_health_200
W4399434945,W4391678291,1,actual_openalex_reference,test,openalex_public_health_200
W4403491827,W2743899933,1,actual_openalex_reference,test,openalex_public_health_200
W4403491827,W2765091655,1,actual_openalex_reference,test,openalex_public_health_200
W4403491827,W3015431761,1,actual_openalex_reference,test,openalex_public_health_200
W4403491827,W3190611303,1,actual_openalex_reference,test,openalex_public_health_200
W4403491827,W3201125609,1,actual_openalex_reference,test,openalex_public_health_200
W4403491827,W4225263314,1,actual_openalex_reference,test,openalex_public_health_200
W4403491827,W4327862231,1,actual_openalex_reference,test,openalex_public_health_200
W4403491827,W4387046883,1,actual_openalex_reference,test,openalex_public_health_200
W4403491827,W4387728871,1,actual_openalex_reference,test,openalex_public_health_200
W4403491827,W4387729451,1,actual_openalex_reference,test,openalex_public_health_200
W4406714046,W2119323978,1,actual_openalex_reference,test,openalex_public_health_200
W4406714046,W2781535566,1,actual_openalex_reference,test,openalex_public_health_200
W4406714046,W2808297040,1,actual_openalex_reference,test,openalex_public_health_200
W4406714046,W2903563962,1,actual_openalex_reference,test,openalex_public_health_200
W4406714046,W2909111441,1,actual_openalex_reference,test,openalex_public_health_200
W4406714046,W2909230078,1,actual_openalex_reference,test,openalex_public_health_200
W4406714046,W2910434299,1,actual_openalex_reference,test,openalex_public_health_200
W4406714046,W2922500791,1,actual_openalex_reference,test,openalex_public_health_200
W4406714046,W2923138872,1,actual_openalex_reference,test,openalex_public_health_200
W4406714046,W3083881843,1,actual_openalex_reference,test,openalex_public_health_200
W4406714046,W3091514640,1,actual_openalex_reference,test,openalex_public_health_200
W4406714046,W3146462243,1,actual_openalex_reference,test,openalex_public_health_200
W4406714046,W3194713895,1,actual_openalex_reference,test,openalex_public_health_200
W4406714046,W3206726630,1,actual_openalex_reference,test,openalex_public_health_200
W4406714046,W3206913772,1,actual_openalex_reference,test,openalex_public_health_200
W4406714046,W4210351579,1,actual_openalex_reference,test,openalex_public_health_200
W4406714046,W4283271244,1,actual_openalex_reference,test,openalex_public_health_200
W4406714046,W4283381496,1,actual_openalex_reference,test,openalex_public_health_200
W4406714046,W4289731214,1,actual_openalex_reference,test,openalex_public_health_200
W4406714046,W4296710205,1,actual_openalex_reference,test,openalex_public_health_200
W4406714046,W4312113095,1,actual_openalex_reference,test,openalex_public_health_200
W4366993398,W1929195370,1,actual_openalex_reference,test,openalex_public_health_200
W4366993398,W2462103009,1,actual_openalex_reference,test,openalex_public_health_200
W4366993398,W3006532590,1,actual_openalex_reference,test,openalex_public_health_200
W4366993398,W3036717916,1,actual_openalex_reference,test,openalex_public_health_200
W4366993398,W3185174308,1,actual_openalex_reference,test,openalex_public_health_200
W4366993398,W4245680933,1,actual_openalex_reference,test,openalex_public_health_200
W4366993398,W4388839226,1,actual_openalex_reference,test,openalex_public_health_200
W4409862642,W1935392444,1,actual_openalex_reference,test,openalex_public_health_200
W4409862642,W1938451804,1,actual_openalex_reference,test,openalex_public_health_200
W4409862642,W1997570781,1,actual_openalex_reference,test,openalex_public_health_200
W4409862642,W2027426725,1,actual_openalex_reference,test,openalex_public_health_200
W4409862642,W2079000049,1,actual_openalex_reference,test,openalex_public_health_200
W4409862642,W2096093282,1,actual_openalex_reference,test,openalex_public_health_200
W4409862642,W2097039487,1,actual_openalex_reference,test,openalex_public_health_200
W4409862642,W2104830768,1,actual_openalex_reference,test,openalex_public_health_200
W4409862642,W2122413738,1,actual_openalex_reference,test,openalex_public_health_200
W4409862642,W2122673596,1,actual_openalex_reference,test,openalex_public_health_200
W4409862642,W2131944185,1,actual_openalex_reference,test,openalex_public_health_200
W4409862642,W2141052558,1,actual_openalex_reference,test,openalex_public_health_200
W4409862642,W2147978858,1,actual_openalex_reference,test,openalex_public_health_200
W4409862642,W2158807953,1,actual_openalex_reference,test,openalex_public_health_200
W4409862642,W2179438025,1,actual_openalex_reference,test,openalex_public_health_200
W4409862642,W2197124664,1,actual_openalex_reference,test,openalex_public_health_200
W4409862642,W2529635913,1,actual_openalex_reference,test,openalex_public_health_200
W4409862642,W2731948244,1,actual_openalex_reference,test,openalex_public_health_200
W4409862642,W2790463575,1,actual_openalex_reference,test,openalex_public_health_200
W4409862642,W2883136071,1,actual_openalex_reference,test,openalex_public_health_200
W4409862642,W2945907215,1,actual_openalex_reference,test,openalex_public_health_200
W4409862642,W2952001873,1,actual_openalex_reference,test,openalex_public_health_200
W4409862642,W2952167528,1,actual_openalex_reference,test,openalex_public_health_200
W4409862642,W3040907365,1,actual_openalex_reference,test,openalex_public_health_200
W4409862642,W3042896257,1,actual_openalex_reference,test,openalex_public_health_200
W4409862642,W4214848912,1,actual_openalex_reference,test,openalex_public_health_200
W4409862642,W4281557603,1,actual_openalex_reference,test,openalex_public_health_200
W4409862642,W4365136997,1,actual_openalex_reference,test,openalex_public_health_200
W4409862642,W4387439667,1,actual_openalex_reference,test,openalex_public_health_200
W4409862642,W4387729939,1,actual_openalex_reference,test,openalex_public_health_200
W4409862642,W4387784138,1,actual_openalex_reference,test,openalex_public_health_200
W4409862642,W4389054226,1,actual_openalex_reference,test,openalex_public_health_200
W4409862642,W4402516518,1,actual_openalex_reference,test,openalex_public_health_200
W7130513268,W1856414226,1,actual_openalex_reference,test,openalex_public_health_200
W7130513268,W1923105694,1,actual_openalex_reference,test,openalex_public_health_200
W7130513268,W2206221728,1,actual_openalex_reference,test,openalex_public_health_200
W7130513268,W2563036039,1,actual_openalex_reference,test,openalex_public_health_200
W7130513268,W2770376792,1,actual_openalex_reference,test,openalex_public_health_200
W7130513268,W3007101059,1,actual_openalex_reference,test,openalex_public_health_200
W7130513268,W3106671190,1,actual_openalex_reference,test,openalex_public_health_200
W7130513268,W4205194110,1,actual_openalex_reference,test,openalex_public_health_200
W7130513268,W4235269330,1,actual_openalex_reference,test,openalex_public_health_200
W7130513268,W4281706241,1,actual_openalex_reference,test,openalex_public_health_200
W7130513268,W4311020989,1,actual_openalex_reference,test,openalex_public_health_200
W7130513268,W4323669953,1,actual_openalex_reference,test,openalex_public_health_200
W7130513268,W4381470054,1,actual_openalex_reference,test,openalex_public_health_200
W7130513268,W4385694336,1,actual_openalex_reference,test,openalex_public_health_200
W7130513268,W4386125367,1,actual_openalex_reference,test,openalex_public_health_200
W7130513268,W4396518586,1,actual_openalex_reference,test,openalex_public_health_200
W7130513268,W4399178023,1,actual_openalex_reference,test,openalex_public_health_200
W7130513268,W4401685763,1,actual_openalex_reference,test,openalex_public_health_200
W7130513268,W4402630528,1,actual_openalex_reference,test,openalex_public_health_200
W7130513268,W4409708349,1,actual_openalex_reference,test,openalex_public_health_200
W4387300266,W2154286617,1,actual_openalex_reference,test,openalex_public_health_200
W4387300266,W2343546364,1,actual_openalex_reference,test,openalex_public_health_200
W4387300266,W2766824403,1,actual_openalex_reference,test,openalex_public_health_200
W4387300266,W2884523263,1,actual_openalex_reference,test,openalex_public_health_200
W4387300266,W4205331652,1,actual_openalex_reference,test,openalex_public_health_200
W4413186028,W1989500227,1,actual_openalex_reference,test,openalex_public_health_200
W4413186028,W2004003285,1,actual_openalex_reference,test,openalex_public_health_200
W4413186028,W2336832105,1,actual_openalex_reference,test,openalex_public_health_200
W4413186028,W2765742218,1,actual_openalex_reference,test,openalex_public_health_200
W4413186028,W2796560011,1,actual_openalex_reference,test,openalex_public_health_200
W4413186028,W3141810826,1,actual_openalex_reference,test,openalex_public_health_200
W4413186028,W3175377699,1,actual_openalex_reference,test,openalex_public_health_200
W4413186028,W3200777939,1,actual_openalex_reference,test,openalex_public_health_200
W4413186028,W4200004004,1,actual_openalex_reference,test,openalex_public_health_200
W4413186028,W4225369391,1,actual_openalex_reference,test,openalex_public_health_200
W4413186028,W4388313883,1,actual_openalex_reference,test,openalex_public_health_200
W4413186028,W4391999096,1,actual_openalex_reference,test,openalex_public_health_200
W4413186028,W4392017475,1,actual_openalex_reference,test,openalex_public_health_200
W4413186028,W4392138775,1,actual_openalex_reference,test,openalex_public_health_200
W4413186028,W4392767376,1,actual_openalex_reference,test,openalex_public_health_200
W4413186028,W4393868243,1,actual_openalex_reference,test,openalex_public_health_200
W4401115607,W1564129571,1,actual_openalex_reference,test,openalex_public_health_200
W4401115607,W2085170568,1,actual_openalex_reference,test,openalex_public_health_200
W4401115607,W2124119537,1,actual_openalex_reference,test,openalex_public_health_200
W4401115607,W2160947415,1,actual_openalex_reference,test,openalex_public_health_200
W4401115607,W2621451168,1,actual_openalex_reference,test,openalex_public_health_200
W4401115607,W2739827800,1,actual_openalex_reference,test,openalex_public_health_200
W4401115607,W2779862203,1,actual_openalex_reference,test,openalex_public_health_200
W4401115607,W2796738250,1,actual_openalex_reference,test,openalex_public_health_200
W4401115607,W2895777033,1,actual_openalex_reference,test,openalex_public_health_200
W4401115607,W2915263249,1,actual_openalex_reference,test,openalex_public_health_200
W4401115607,W2916306217,1,actual_openalex_reference,test,openalex_public_health_200
W4401115607,W2941428213,1,actual_openalex_reference,test,openalex_public_health_200
W4401115607,W3008631807,1,actual_openalex_reference,test,openalex_public_health_200
W4401115607,W3116327324,1,actual_openalex_reference,test,openalex_public_health_200
W4401115607,W4212875654,1,actual_openalex_reference,test,openalex_public_health_200
W4401115607,W4221060362,1,actual_openalex_reference,test,openalex_public_health_200
W4401115607,W4281476829,1,actual_openalex_reference,test,openalex_public_health_200
W4401115607,W4286218394,1,actual_openalex_reference,test,openalex_public_health_200
W4401115607,W4293516211,1,actual_openalex_reference,test,openalex_public_health_200
W4401115607,W4295206902,1,actual_openalex_reference,test,openalex_public_health_200
W4401115607,W4311609832,1,actual_openalex_reference,test,openalex_public_health_200
W4401115607,W4322009723,1,actual_openalex_reference,test,openalex_public_health_200
W4401115607,W4389358954,1,actual_openalex_reference,test,openalex_public_health_200
W4401115607,W4390347106,1,actual_openalex_reference,test,openalex_public_health_200
W4387060524,W1485381082,1,actual_openalex_reference,test,openalex_public_health_200
W4387060524,W2010163891,1,actual_openalex_reference,test,openalex_public_health_200
W4387060524,W2015259450,1,actual_openalex_reference,test,openalex_public_health_200
W4387060524,W2034630609,1,actual_openalex_reference,test,openalex_public_health_200
W4387060524,W2040106495,1,actual_openalex_reference,test,openalex_public_health_200
W4387060524,W2074076764,1,actual_openalex_reference,test,openalex_public_health_200
W4387060524,W2079462520,1,actual_openalex_reference,test,openalex_public_health_200
W4387060524,W2109997301,1,actual_openalex_reference,test,openalex_public_health_200
W4387060524,W2111430804,1,actual_openalex_reference,test,openalex_public_health_200
W4387060524,W2116105345,1,actual_openalex_reference,test,openalex_public_health_200
W4387060524,W2142566496,1,actual_openalex_reference,test,openalex_public_health_200
W4387060524,W2412406779,1,actual_openalex_reference,test,openalex_public_health_200
W4387060524,W2591012029,1,actual_openalex_reference,test,openalex_public_health_200
W4387060524,W2802815410,1,actual_openalex_reference,test,openalex_public_health_200
W4387060524,W2932509986,1,actual_openalex_reference,test,openalex_public_health_200
W4387060524,W2945136105,1,actual_openalex_reference,test,openalex_public_health_200
W4387060524,W2945609608,1,actual_openalex_reference,test,openalex_public_health_200
W4387060524,W3005361123,1,actual_openalex_reference,test,openalex_public_health_200
W4387060524,W3112622795,1,actual_openalex_reference,test,openalex_public_health_200
W4387060524,W3196122178,1,actual_openalex_reference,test,openalex_public_health_200
W4387060524,W3216613068,1,actual_openalex_reference,test,openalex_public_health_200
W4387060524,W4205192657,1,actual_openalex_reference,test,openalex_public_health_200
W4387060524,W4376224469,1,actual_openalex_reference,test,openalex_public_health_200
W4385699081,W1974831289,1,actual_openalex_reference,test,openalex_public_health_200
W4385699081,W1984444306,1,actual_openalex_reference,test,openalex_public_health_200
W4385699081,W2001329467,1,actual_openalex_reference,test,openalex_public_health_200
W4385699081,W2019053284,1,actual_openalex_reference,test,openalex_public_health_200
W4385699081,W2025913463,1,actual_openalex_reference,test,openalex_public_health_200
W4385699081,W2030094585,1,actual_openalex_reference,test,openalex_public_health_200
W4385699081,W2085449563,1,actual_openalex_reference,test,openalex_public_health_200
W4385699081,W2089192288,1,actual_openalex_reference,test,openalex_public_health_200
W4385699081,W2130770773,1,actual_openalex_reference,test,openalex_public_health_200
W4385699081,W2523622019,1,actual_openalex_reference,test,openalex_public_health_200
W4385699081,W3013970537,1,actual_openalex_reference,test,openalex_public_health_200
W4405649858,W1501555425,1,actual_openalex_reference,test,openalex_public_health_200
W4405649858,W1532394125,1,actual_openalex_reference,test,openalex_public_health_200
W4405649858,W1979290264,1,actual_openalex_reference,test,openalex_public_health_200
W4405649858,W2045253105,1,actual_openalex_reference,test,openalex_public_health_200
W4405649858,W2068057555,1,actual_openalex_reference,test,openalex_public_health_200
W4405649858,W2075161275,1,actual_openalex_reference,test,openalex_public_health_200
W4405649858,W2093815692,1,actual_openalex_reference,test,openalex_public_health_200
W4405649858,W2105379085,1,actual_openalex_reference,test,openalex_public_health_200
W4405649858,W2587842441,1,actual_openalex_reference,test,openalex_public_health_200
W4405649858,W2936015247,1,actual_openalex_reference,test,openalex_public_health_200
W4405649858,W2952226491,1,actual_openalex_reference,test,openalex_public_health_200
W4405649858,W2997843172,1,actual_openalex_reference,test,openalex_public_health_200
W4405649858,W3204161976,1,actual_openalex_reference,test,openalex_public_health_200
W4405649858,W4235181109,1,actual_openalex_reference,test,openalex_public_health_200
W4405649858,W4362594545,1,actual_openalex_reference,test,openalex_public_health_200
W4405649858,W4383114119,1,actual_openalex_reference,test,openalex_public_health_200
W4405649858,W4390122589,1,actual_openalex_reference,test,openalex_public_health_200
W4401727404,W561707523,1,actual_openalex_reference,test,openalex_public_health_200
W4401727404,W1868839629,1,actual_openalex_reference,test,openalex_public_health_200
W4401727404,W2028865791,1,actual_openalex_reference,test,openalex_public_health_200
W4401727404,W2067074496,1,actual_openalex_reference,test,openalex_public_health_200
W4401727404,W2074181164,1,actual_openalex_reference,test,openalex_public_health_200
W4401727404,W2106236192,1,actual_openalex_reference,test,openalex_public_health_200
W4401727404,W2274561055,1,actual_openalex_reference,test,openalex_public_health_200
W4401727404,W2305719714,1,actual_openalex_reference,test,openalex_public_health_200
W4401727404,W2991150301,1,actual_openalex_reference,test,openalex_public_health_200
W4401727404,W4289278101,1,actual_openalex_reference,test,openalex_public_health_200
W4401727404,W4368342468,1,actual_openalex_reference,test,openalex_public_health_200
W4388486840,W1733178703,1,actual_openalex_reference,test,openalex_public_health_200
W4388486840,W1932806540,1,actual_openalex_reference,test,openalex_public_health_200
W4388486840,W1951724000,1,actual_openalex_reference,test,openalex_public_health_200
W4388486840,W1968407436,1,actual_openalex_reference,test,openalex_public_health_200
W4388486840,W1988980547,1,actual_openalex_reference,test,openalex_public_health_200
W4388486840,W2000641158,1,actual_openalex_reference,test,openalex_public_health_200
W4388486840,W2015611314,1,actual_openalex_reference,test,openalex_public_health_200
W4388486840,W2020906829,1,actual_openalex_reference,test,openalex_public_health_200
W4388486840,W2073829144,1,actual_openalex_reference,test,openalex_public_health_200
W4388486840,W2076045307,1,actual_openalex_reference,test,openalex_public_health_200
W4388486840,W2077326785,1,actual_openalex_reference,test,openalex_public_health_200
W4388486840,W2086152477,1,actual_openalex_reference,test,openalex_public_health_200
W4388486840,W2111222009,1,actual_openalex_reference,test,openalex_public_health_200
W4388486840,W2112436476,1,actual_openalex_reference,test,openalex_public_health_200
W4388486840,W2116560236,1,actual_openalex_reference,test,openalex_public_health_200
W4388486840,W2116851507,1,actual_openalex_reference,test,openalex_public_health_200
W4388486840,W2126930911,1,actual_openalex_reference,test,openalex_public_health_200
W4388486840,W2128442442,1,actual_openalex_reference,test,openalex_public_health_200
W4388486840,W2133860786,1,actual_openalex_reference,test,openalex_public_health_200
W4388486840,W2135468575,1,actual_openalex_reference,test,openalex_public_health_200
W4388486840,W2135955479,1,actual_openalex_reference,test,openalex_public_health_200
W4388486840,W2137293995,1,actual_openalex_reference,test,openalex_public_health_200
W4388486840,W2147265214,1,actual_openalex_reference,test,openalex_public_health_200
W4388486840,W2151169884,1,actual_openalex_reference,test,openalex_public_health_200
W4388486840,W2154565625,1,actual_openalex_reference,test,openalex_public_health_200
W4388486840,W2156708853,1,actual_openalex_reference,test,openalex_public_health_200
W4388486840,W2165463649,1,actual_openalex_reference,test,openalex_public_health_200
W4388486840,W2169006847,1,actual_openalex_reference,test,openalex_public_health_200
W4388486840,W2169744441,1,actual_openalex_reference,test,openalex_public_health_200
W4388486840,W2174075945,1,actual_openalex_reference,test,openalex_public_health_200
W4388486840,W2175604508,1,actual_openalex_reference,test,openalex_public_health_200
W4388486840,W2234959129,1,actual_openalex_reference,test,openalex_public_health_200
W4388486840,W2424625414,1,actual_openalex_reference,test,openalex_public_health_200
W4388486840,W2437726963,1,actual_openalex_reference,test,openalex_public_health_200
W4388486840,W2460850757,1,actual_openalex_reference,test,openalex_public_health_200
W4388486840,W2461204754,1,actual_openalex_reference,test,openalex_public_health_200
W4388486840,W2480622037,1,actual_openalex_reference,test,openalex_public_health_200
W4388486840,W2741618637,1,actual_openalex_reference,test,openalex_public_health_200
W4388486840,W2748261468,1,actual_openalex_reference,test,openalex_public_health_200
W4388486840,W2767476711,1,actual_openalex_reference,test,openalex_public_health_200
W4388486840,W2786358356,1,actual_openalex_reference,test,openalex_public_health_200
W4388486840,W2887889066,1,actual_openalex_reference,test,openalex_public_health_200
W4388486840,W2900682800,1,actual_openalex_reference,test,openalex_public_health_200
W4388486840,W2901422000,1,actual_openalex_reference,test,openalex_public_health_200
W4388486840,W2908629719,1,actual_openalex_reference,test,openalex_public_health_200
W4388486840,W2947540948,1,actual_openalex_reference,test,openalex_public_health_200
W4388486840,W2958005486,1,actual_openalex_reference,test,openalex_public_health_200
W4388486840,W2982054096,1,actual_openalex_reference,test,openalex_public_health_200
W4388486840,W3132154397,1,actual_openalex_reference,test,openalex_public_health_200
W4388486840,W3153284744,1,actual_openalex_reference,test,openalex_public_health_200
W4388486840,W3181353823,1,actual_openalex_reference,test,openalex_public_health_200
W4388486840,W3196634722,1,actual_openalex_reference,test,openalex_public_health_200
W4388486840,W4214879521,1,actual_openalex_reference,test,openalex_public_health_200
W4388486840,W4243256412,1,actual_openalex_reference,test,openalex_public_health_200
W4388486840,W4246711051,1,actual_openalex_reference,test,openalex_public_health_200
W4388486840,W4280508177,1,actual_openalex_reference,test,openalex_public_health_200
W4388486840,W4295234382,1,actual_openalex_reference,test,openalex_public_health_200
W4388486840,W4313279384,1,actual_openalex_reference,test,openalex_public_health_200
W4385693102,W1798468849,1,actual_openalex_reference,test,openalex_public_health_200
W4385693102,W1944495410,1,actual_openalex_reference,test,openalex_public_health_200
W4385693102,W1987628633,1,actual_openalex_reference,test,openalex_public_health_200
W4385693102,W1989360414,1,actual_openalex_reference,test,openalex_public_health_200
W4385693102,W1990197368,1,actual_openalex_reference,test,openalex_public_health_200
W4385693102,W2012170006,1,actual_openalex_reference,test,openalex_public_health_200
W4385693102,W2022212199,1,actual_openalex_reference,test,openalex_public_health_200
W4385693102,W2049645915,1,actual_openalex_reference,test,openalex_public_health_200
W4385693102,W2058867900,1,actual_openalex_reference,test,openalex_public_health_200
W4385693102,W2072072998,1,actual_openalex_reference,test,openalex_public_health_200
W4385693102,W2084057771,1,actual_openalex_reference,test,openalex_public_health_200
W4385693102,W2085821614,1,actual_openalex_reference,test,openalex_public_health_200
W4385693102,W2094227723,1,actual_openalex_reference,test,openalex_public_health_200
W4385693102,W2104959288,1,actual_openalex_reference,test,openalex_public_health_200
W4385693102,W2114187598,1,actual_openalex_reference,test,openalex_public_health_200
W4385693102,W2133094746,1,actual_openalex_reference,test,openalex_public_health_200
W4385693102,W2135984742,1,actual_openalex_reference,test,openalex_public_health_200
W4385693102,W2139736795,1,actual_openalex_reference,test,openalex_public_health_200
W4385693102,W2142354435,1,actual_openalex_reference,test,openalex_public_health_200
W4385693102,W2151711082,1,actual_openalex_reference,test,openalex_public_health_200
W4385693102,W2152957004,1,actual_openalex_reference,test,openalex_public_health_200
W4385693102,W2314005869,1,actual_openalex_reference,test,openalex_public_health_200
W4385693102,W2314955644,1,actual_openalex_reference,test,openalex_public_health_200
W4385693102,W2397695628,1,actual_openalex_reference,test,openalex_public_health_200
W4385693102,W2509125294,1,actual_openalex_reference,test,openalex_public_health_200
W4385693102,W2519227584,1,actual_openalex_reference,test,openalex_public_health_200
W4385693102,W2594015507,1,actual_openalex_reference,test,openalex_public_health_200
W4385693102,W2779727662,1,actual_openalex_reference,test,openalex_public_health_200
W4385693102,W2793408865,1,actual_openalex_reference,test,openalex_public_health_200
W4385693102,W2921154254,1,actual_openalex_reference,test,openalex_public_health_200
W4385693102,W2965614949,1,actual_openalex_reference,test,openalex_public_health_200
W4385693102,W2965802270,1,actual_openalex_reference,test,openalex_public_health_200
W4385693102,W3047938201,1,actual_openalex_reference,test,openalex_public_health_200
W4385693102,W3080087915,1,actual_openalex_reference,test,openalex_public_health_200
W4385693102,W3205399234,1,actual_openalex_reference,test,openalex_public_health_200
W4385693102,W4226315532,1,actual_openalex_reference,test,openalex_public_health_200
W4385693102,W4311588017,1,actual_openalex_reference,test,openalex_public_health_200
W4387376541,W1781996959,1,actual_openalex_reference,test,openalex_public_health_200
W4387376541,W1965731781,1,actual_openalex_reference,test,openalex_public_health_200
W4387376541,W2017819453,1,actual_openalex_reference,test,openalex_public_health_200
W4387376541,W2045184811,1,actual_openalex_reference,test,openalex_public_health_200
W4387376541,W2087262141,1,actual_openalex_reference,test,openalex_public_health_200
W4387376541,W2150265974,1,actual_openalex_reference,test,openalex_public_health_200
W4387376541,W2258812364,1,actual_openalex_reference,test,openalex_public_health_200
W4387376541,W2292265138,1,actual_openalex_reference,test,openalex_public_health_200
W4387376541,W2559919174,1,actual_openalex_reference,test,openalex_public_health_200
W4387376541,W2735070691,1,actual_openalex_reference,test,openalex_public_health_200
W4387376541,W2747466986,1,actual_openalex_reference,test,openalex_public_health_200
W4387376541,W2783805452,1,actual_openalex_reference,test,openalex_public_health_200
W4387376541,W2802402656,1,actual_openalex_reference,test,openalex_public_health_200
W4387376541,W2889466036,1,actual_openalex_reference,test,openalex_public_health_200
W4387376541,W2896663961,1,actual_openalex_reference,test,openalex_public_health_200
W4387376541,W2909485498,1,actual_openalex_reference,test,openalex_public_health_200
W4387376541,W2943810356,1,actual_openalex_reference,test,openalex_public_health_200
W4387376541,W2946471011,1,actual_openalex_reference,test,openalex_public_health_200
W4387376541,W3164934541,1,actual_openalex_reference,test,openalex_public_health_200
W4387376541,W4210974608,1,actual_openalex_reference,test,openalex_public_health_200
W4387376541,W4295759702,1,actual_openalex_reference,test,openalex_public_health_200
W4387376541,W4295872591,1,actual_openalex_reference,test,openalex_public_health_200
W4408935220,W1482160415,1,actual_openalex_reference,test,openalex_public_health_200
W4408935220,W1505693447,1,actual_openalex_reference,test,openalex_public_health_200
W4408935220,W1870614750,1,actual_openalex_reference,test,openalex_public_health_200
W4408935220,W1919257374,1,actual_openalex_reference,test,openalex_public_health_200
W4408935220,W1919573053,1,actual_openalex_reference,test,openalex_public_health_200
W4408935220,W1932013441,1,actual_openalex_reference,test,openalex_public_health_200
W4408935220,W1960950781,1,actual_openalex_reference,test,openalex_public_health_200
W4408935220,W1965621126,1,actual_openalex_reference,test,openalex_public_health_200
W4408935220,W1974116356,1,actual_openalex_reference,test,openalex_public_health_200
W4408935220,W1995568925,1,actual_openalex_reference,test,openalex_public_health_200
W4408935220,W2009397164,1,actual_openalex_reference,test,openalex_public_health_200
W4408935220,W2013565107,1,actual_openalex_reference,test,openalex_public_health_200
W4408935220,W2017607178,1,actual_openalex_reference,test,openalex_public_health_200
W4408935220,W2021387905,1,actual_openalex_reference,test,openalex_public_health_200
W4408935220,W2031698823,1,actual_openalex_reference,test,openalex_public_health_200
W4408935220,W2046183549,1,actual_openalex_reference,test,openalex_public_health_200
W4408935220,W2047669864,1,actual_openalex_reference,test,openalex_public_health_200
W4408935220,W2058199020,1,actual_openalex_reference,test,openalex_public_health_200
W4408935220,W2058510199,1,actual_openalex_reference,test,openalex_public_health_200
W4408935220,W2059247797,1,actual_openalex_reference,test,openalex_public_health_200
W4408935220,W2079430455,1,actual_openalex_reference,test,openalex_public_health_200
W4408935220,W2079955869,1,actual_openalex_reference,test,openalex_public_health_200
W4408935220,W2088351092,1,actual_openalex_reference,test,openalex_public_health_200
W4408935220,W2093044565,1,actual_openalex_reference,test,openalex_public_health_200
W4408935220,W2094057369,1,actual_openalex_reference,test,openalex_public_health_200
W4408935220,W2099085143,1,actual_openalex_reference,test,openalex_public_health_200
W4408935220,W2099310610,1,actual_openalex_reference,test,openalex_public_health_200
W4408935220,W2101291993,1,actual_openalex_reference,test,openalex_public_health_200
W4408935220,W2101751258,1,actual_openalex_reference,test,openalex_public_health_200
W4408935220,W2102163928,1,actual_openalex_reference,test,openalex_public_health_200
W4408935220,W2102619694,1,actual_openalex_reference,test,openalex_public_health_200
W4408935220,W2102856132,1,actual_openalex_reference,test,openalex_public_health_200
W4408935220,W2103441770,1,actual_openalex_reference,test,openalex_public_health_200
W4408935220,W2103809514,1,actual_openalex_reference,test,openalex_public_health_200
W4408935220,W2104817686,1,actual_openalex_reference,test,openalex_public_health_200
W4408935220,W2106578986,1,actual_openalex_reference,test,openalex_public_health_200
W4408935220,W2107158607,1,actual_openalex_reference,test,openalex_public_health_200
W4408935220,W2107940314,1,actual_openalex_reference,test,openalex_public_health_200
W4408935220,W2111281047,1,actual_openalex_reference,test,openalex_public_health_200
W4408935220,W2111373249,1,actual_openalex_reference,test,openalex_public_health_200
W4408935220,W2119180969,1,actual_openalex_reference,test,openalex_public_health_200
W4408935220,W2119444539,1,actual_openalex_reference,test,openalex_public_health_200
W4408935220,W2120024428,1,actual_openalex_reference,test,openalex_public_health_200
W4408935220,W2122653793,1,actual_openalex_reference,test,openalex_public_health_200
W4408935220,W2125618579,1,actual_openalex_reference,test,openalex_public_health_200
W4408935220,W2128020846,1,actual_openalex_reference,test,openalex_public_health_200
W4408935220,W2129034036,1,actual_openalex_reference,test,openalex_public_health_200
W4408935220,W2131271579,1,actual_openalex_reference,test,openalex_public_health_200
W4408935220,W2131850946,1,actual_openalex_reference,test,openalex_public_health_200
W4408935220,W2132261072,1,actual_openalex_reference,test,openalex_public_health_200
W4408935220,W2133097426,1,actual_openalex_reference,test,openalex_public_health_200
W4408935220,W2133550787,1,actual_openalex_reference,test,openalex_public_health_200
W4408935220,W2135623109,1,actual_openalex_reference,test,openalex_public_health_200
W4408935220,W2136939537,1,actual_openalex_reference,test,openalex_public_health_200
W4408935220,W2139424524,1,actual_openalex_reference,test,openalex_public_health_200
W4408935220,W2141052558,1,actual_openalex_reference,test,openalex_public_health_200
W4408935220,W2146172048,1,actual_openalex_reference,test,openalex_public_health_200
W4408935220,W2147575903,1,actual_openalex_reference,test,openalex_public_health_200
W4408935220,W2147841875,1,actual_openalex_reference,test,openalex_public_health_200
W4408935220,W2149992227,1,actual_openalex_reference,test,openalex_public_health_200
W4408935220,W2150290251,1,actual_openalex_reference,test,openalex_public_health_200
W4408935220,W2152015607,1,actual_openalex_reference,test,openalex_public_health_200
W4408935220,W2155742778,1,actual_openalex_reference,test,openalex_public_health_200
W4408935220,W2161282108,1,actual_openalex_reference,test,openalex_public_health_200
W4408935220,W2166214412,1,actual_openalex_reference,test,openalex_public_health_200
W4408935220,W2167702845,1,actual_openalex_reference,test,openalex_public_health_200
W4408935220,W2224015589,1,actual_openalex_reference,test,openalex_public_health_200
W4408935220,W2256320743,1,actual_openalex_reference,test,openalex_public_health_200
W4408935220,W2267484242,1,actual_openalex_reference,test,openalex_public_health_200
W4408935220,W2417700665,1,actual_openalex_reference,test,openalex_public_health_200
W4408935220,W2484172152,1,actual_openalex_reference,test,openalex_public_health_200
W4408935220,W2513727910,1,actual_openalex_reference,test,openalex_public_health_200
W4408935220,W2525424881,1,actual_openalex_reference,test,openalex_public_health_200
W4408935220,W2555684532,1,actual_openalex_reference,test,openalex_public_health_200
W4408935220,W2590061388,1,actual_openalex_reference,test,openalex_public_health_200
W4408935220,W2738161666,1,actual_openalex_reference,test,openalex_public_health_200
W4408935220,W2744532138,1,actual_openalex_reference,test,openalex_public_health_200
W4408935220,W2745253735,1,actual_openalex_reference,test,openalex_public_health_200
W4408935220,W2809154107,1,actual_openalex_reference,test,openalex_public_health_200
W4408935220,W2875438208,1,actual_openalex_reference,test,openalex_public_health_200
W4408935220,W2888308804,1,actual_openalex_reference,test,openalex_public_health_200
W4408935220,W2900744933,1,actual_openalex_reference,test,openalex_public_health_200
W4408935220,W2901102079,1,actual_openalex_reference,test,openalex_public_health_200
W4408935220,W2901808518,1,actual_openalex_reference,test,openalex_public_health_200
W4408935220,W2901817564,1,actual_openalex_reference,test,openalex_public_health_200
W4408935220,W2905777665,1,actual_openalex_reference,test,openalex_public_health_200
W4408935220,W2910000216,1,actual_openalex_reference,test,openalex_public_health_200
W4408935220,W2926775091,1,actual_openalex_reference,test,openalex_public_health_200
W4408935220,W2945257420,1,actual_openalex_reference,test,openalex_public_health_200
W4408935220,W2950006249,1,actual_openalex_reference,test,openalex_public_health_200
W4408935220,W2951903204,1,actual_openalex_reference,test,openalex_public_health_200
W4408935220,W2952387841,1,actual_openalex_reference,test,openalex_public_health_200
W4408935220,W2952656021,1,actual_openalex_reference,test,openalex_public_health_200
W4408935220,W2955572165,1,actual_openalex_reference,test,openalex_public_health_200
W4408935220,W2963522523,1,actual_openalex_reference,test,openalex_public_health_200
W4408935220,W2969232360,1,actual_openalex_reference,test,openalex_public_health_200
W4408935220,W2982348757,1,actual_openalex_reference,test,openalex_public_health_200
W4408935220,W2994806905,1,actual_openalex_reference,test,openalex_public_health_200
W4408935220,W3000284396,1,actual_openalex_reference,test,openalex_public_health_200
W4408935220,W3002421980,1,actual_openalex_reference,test,openalex_public_health_200
W4408935220,W3015478421,1,actual_openalex_reference,test,openalex_public_health_200
W4408935220,W3019415451,1,actual_openalex_reference,test,openalex_public_health_200
W4408935220,W3029643930,1,actual_openalex_reference,test,openalex_public_health_200
W4408935220,W3042377502,1,actual_openalex_reference,test,openalex_public_health_200
W4408935220,W3042553227,1,actual_openalex_reference,test,openalex_public_health_200
W4408935220,W3043458365,1,actual_openalex_reference,test,openalex_public_health_200
W4408935220,W3044645851,1,actual_openalex_reference,test,openalex_public_health_200
W4408935220,W3049395404,1,actual_openalex_reference,test,openalex_public_health_200
W4408935220,W3049653943,1,actual_openalex_reference,test,openalex_public_health_200
W4408935220,W3080233034,1,actual_openalex_reference,test,openalex_public_health_200
W4408935220,W3080234186,1,actual_openalex_reference,test,openalex_public_health_200
W4408935220,W3082437809,1,actual_openalex_reference,test,openalex_public_health_200
W4408935220,W3088612983,1,actual_openalex_reference,test,openalex_public_health_200
W4408935220,W3095583226,1,actual_openalex_reference,test,openalex_public_health_200
W4408935220,W3099161553,1,actual_openalex_reference,test,openalex_public_health_200
W4408935220,W3117150273,1,actual_openalex_reference,test,openalex_public_health_200
W4408935220,W3120080346,1,actual_openalex_reference,test,openalex_public_health_200
W4408935220,W3127226787,1,actual_openalex_reference,test,openalex_public_health_200
W4408935220,W3128665611,1,actual_openalex_reference,test,openalex_public_health_200
W4408935220,W3131055609,1,actual_openalex_reference,test,openalex_public_health_200
W4408935220,W3151972193,1,actual_openalex_reference,test,openalex_public_health_200
W4408935220,W3160799631,1,actual_openalex_reference,test,openalex_public_health_200
W4408935220,W3167867098,1,actual_openalex_reference,test,openalex_public_health_200
W4408935220,W3174488923,1,actual_openalex_reference,test,openalex_public_health_200
W4408935220,W3179396968,1,actual_openalex_reference,test,openalex_public_health_200
W4408935220,W3208107712,1,actual_openalex_reference,test,openalex_public_health_200
W4408935220,W3208696114,1,actual_openalex_reference,test,openalex_public_health_200
W4408935220,W4200268179,1,actual_openalex_reference,test,openalex_public_health_200
W4408935220,W4200289630,1,actual_openalex_reference,test,openalex_public_health_200
W4408935220,W4214898553,1,actual_openalex_reference,test,openalex_public_health_200
W4408935220,W4223619555,1,actual_openalex_reference,test,openalex_public_health_200
W4408935220,W4223904904,1,actual_openalex_reference,test,openalex_public_health_200
W4408935220,W4247053599,1,actual_openalex_reference,test,openalex_public_health_200
W4408935220,W4281644866,1,actual_openalex_reference,test,openalex_public_health_200
W4408935220,W4285730410,1,actual_openalex_reference,test,openalex_public_health_200
W4408935220,W4295023999,1,actual_openalex_reference,test,openalex_public_health_200
W4408935220,W4296694430,1,actual_openalex_reference,test,openalex_public_health_200
W4408935220,W4296949390,1,actual_openalex_reference,test,openalex_public_health_200
W4408935220,W4307321261,1,actual_openalex_reference,test,openalex_public_health_200
W4408935220,W4313545714,1,actual_openalex_reference,test,openalex_public_health_200
W4408935220,W4320032610,1,actual_openalex_reference,test,openalex_public_health_200
W4408935220,W4322488453,1,actual_openalex_reference,test,openalex_public_health_200
W4408935220,W4322493856,1,actual_openalex_reference,test,openalex_public_health_200
W4408935220,W4323812849,1,actual_openalex_reference,test,openalex_public_health_200
W4408935220,W4327557976,1,actual_openalex_reference,test,openalex_public_health_200
W4408935220,W4361017358,1,actual_openalex_reference,test,openalex_public_health_200
W4408935220,W4362521122,1,actual_openalex_reference,test,openalex_public_health_200
W4408935220,W4375950553,1,actual_openalex_reference,test,openalex_public_health_200
W4408935220,W4380723918,1,actual_openalex_reference,test,openalex_public_health_200
W4408935220,W4380988148,1,actual_openalex_reference,test,openalex_public_health_200
W4408935220,W4381429325,1,actual_openalex_reference,test,openalex_public_health_200
W4408935220,W4387909170,1,actual_openalex_reference,test,openalex_public_health_200
W4408935220,W4389683331,1,actual_openalex_reference,test,openalex_public_health_200
W4408935220,W4401688066,1,actual_openalex_reference,test,openalex_public_health_200
W4382393525,W1231528343,1,actual_openalex_reference,test,openalex_public_health_200
W4382393525,W2014317758,1,actual_openalex_reference,test,openalex_public_health_200
W4382393525,W2069457400,1,actual_openalex_reference,test,openalex_public_health_200
W4382393525,W2107702660,1,actual_openalex_reference,test,openalex_public_health_200
W4382393525,W2107955785,1,actual_openalex_reference,test,openalex_public_health_200
W4382393525,W2135030794,1,actual_openalex_reference,test,openalex_public_health_200
W4382393525,W2136570100,1,actual_openalex_reference,test,openalex_public_health_200
W4382393525,W2142450330,1,actual_openalex_reference,test,openalex_public_health_200
W4382393525,W2163879599,1,actual_openalex_reference,test,openalex_public_health_200
W4382393525,W2172300711,1,actual_openalex_reference,test,openalex_public_health_200
W4382393525,W2728992664,1,actual_openalex_reference,test,openalex_public_health_200
W4382393525,W2910908930,1,actual_openalex_reference,test,openalex_public_health_200
W4382393525,W2981067716,1,actual_openalex_reference,test,openalex_public_health_200
W4382393525,W2983721590,1,actual_openalex_reference,test,openalex_public_health_200
W4382393525,W3115697258,1,actual_openalex_reference,test,openalex_public_health_200
W4382393525,W4232830084,1,actual_openalex_reference,test,openalex_public_health_200
W4382393525,W4238095265,1,actual_openalex_reference,test,openalex_public_health_200
W4377091825,W2109664311,1,actual_openalex_reference,test,openalex_public_health_200
W4377091825,W2172107654,1,actual_openalex_reference,test,openalex_public_health_200
W4377091825,W2346488245,1,actual_openalex_reference,test,openalex_public_health_200
W4377091825,W2766584026,1,actual_openalex_reference,test,openalex_public_health_200
W4377091825,W2808907017,1,actual_openalex_reference,test,openalex_public_health_200
W4377091825,W2910383399,1,actual_openalex_reference,test,openalex_public_health_200
W4377091825,W3003193338,1,actual_openalex_reference,test,openalex_public_health_200
W4377091825,W3005454586,1,actual_openalex_reference,test,openalex_public_health_200
W4377091825,W3021231807,1,actual_openalex_reference,test,openalex_public_health_200
W4377091825,W3114888132,1,actual_openalex_reference,test,openalex_public_health_200
W4377091825,W3133439130,1,actual_openalex_reference,test,openalex_public_health_200
W4377091825,W4224237795,1,actual_openalex_reference,test,openalex_public_health_200
W4377091825,W4245301835,1,actual_openalex_reference,test,openalex_public_health_200
W4389162202,W2532031923,1,actual_openalex_reference,test,openalex_public_health_200
W4389162202,W2915962190,1,actual_openalex_reference,test,openalex_public_health_200
W4389162202,W2922354709,1,actual_openalex_reference,test,openalex_public_health_200
W4389162202,W2938190956,1,actual_openalex_reference,test,openalex_public_health_200
W4389162202,W2943817069,1,actual_openalex_reference,test,openalex_public_health_200
W4389162202,W3045714398,1,actual_openalex_reference,test,openalex_public_health_200
W4389162202,W3119646592,1,actual_openalex_reference,test,openalex_public_health_200
W4389162202,W3120645789,1,actual_openalex_reference,test,openalex_public_health_200
W4389162202,W3150048650,1,actual_openalex_reference,test,openalex_public_health_200
W4389162202,W3158890285,1,actual_openalex_reference,test,openalex_public_health_200
W4389162202,W3186388373,1,actual_openalex_reference,test,openalex_public_health_200
W4389162202,W3200484606,1,actual_openalex_reference,test,openalex_public_health_200
W4389162202,W3206454347,1,actual_openalex_reference,test,openalex_public_health_200
W4389162202,W4282927422,1,actual_openalex_reference,test,openalex_public_health_200
W4389162202,W4304759120,1,actual_openalex_reference,test,openalex_public_health_200
W4389162202,W4309717456,1,actual_openalex_reference,test,openalex_public_health_200
W4389162202,W4315648449,1,actual_openalex_reference,test,openalex_public_health_200
W4319876450,W1558704041,1,actual_openalex_reference,test,openalex_public_health_200
W4319876450,W2051426927,1,actual_openalex_reference,test,openalex_public_health_200
W4319876450,W2075281896,1,actual_openalex_reference,test,openalex_public_health_200
W4319876450,W2083025098,1,actual_openalex_reference,test,openalex_public_health_200
W4319876450,W2088278218,1,actual_openalex_reference,test,openalex_public_health_200
W4319876450,W2148977460,1,actual_openalex_reference,test,openalex_public_health_200
W4319876450,W2801333367,1,actual_openalex_reference,test,openalex_public_health_200
W4319876450,W2895334792,1,actual_openalex_reference,test,openalex_public_health_200
W4319876450,W3010860768,1,actual_openalex_reference,test,openalex_public_health_200
W4319876450,W3016111745,1,actual_openalex_reference,test,openalex_public_health_200
W4319876450,W3092293742,1,actual_openalex_reference,test,openalex_public_health_200
W4319876450,W3111196688,1,actual_openalex_reference,test,openalex_public_health_200
W4319876450,W4211132876,1,actual_openalex_reference,test,openalex_public_health_200
W4319876450,W4302014118,1,actual_openalex_reference,test,openalex_public_health_200
W4395069207,W1982912468,1,actual_openalex_reference,test,openalex_public_health_200
W4395069207,W1991722426,1,actual_openalex_reference,test,openalex_public_health_200
W4395069207,W2001129735,1,actual_openalex_reference,test,openalex_public_health_200
W4395069207,W2007338284,1,actual_openalex_reference,test,openalex_public_health_200
W4395069207,W2070302310,1,actual_openalex_reference,test,openalex_public_health_200
W4395069207,W2088377752,1,actual_openalex_reference,test,openalex_public_health_200
W4395069207,W2096093282,1,actual_openalex_reference,test,openalex_public_health_200
W4395069207,W2132616675,1,actual_openalex_reference,test,openalex_public_health_200
W4395069207,W2144428918,1,actual_openalex_reference,test,openalex_public_health_200
W4395069207,W2153665016,1,actual_openalex_reference,test,openalex_public_health_200
W4395069207,W2157520592,1,actual_openalex_reference,test,openalex_public_health_200
W4395069207,W2159946309,1,actual_openalex_reference,test,openalex_public_health_200
W4395069207,W2170747616,1,actual_openalex_reference,test,openalex_public_health_200
W4395069207,W2229357787,1,actual_openalex_reference,test,openalex_public_health_200
W4395069207,W2400905887,1,actual_openalex_reference,test,openalex_public_health_200
W4395069207,W2546827624,1,actual_openalex_reference,test,openalex_public_health_200
W4395069207,W2772169110,1,actual_openalex_reference,test,openalex_public_health_200
W4395069207,W2795710375,1,actual_openalex_reference,test,openalex_public_health_200
W4395069207,W2883251903,1,actual_openalex_reference,test,openalex_public_health_200
W4395069207,W2891078715,1,actual_openalex_reference,test,openalex_public_health_200
W4395069207,W2898506897,1,actual_openalex_reference,test,openalex_public_health_200
W4395069207,W2949236085,1,actual_openalex_reference,test,openalex_public_health_200
W4395069207,W2951464304,1,actual_openalex_reference,test,openalex_public_health_200
W4395069207,W2990618091,1,actual_openalex_reference,test,openalex_public_health_200
W4395069207,W3005235420,1,actual_openalex_reference,test,openalex_public_health_200
W4395069207,W3036135788,1,actual_openalex_reference,test,openalex_public_health_200
W4395069207,W3045244624,1,actual_openalex_reference,test,openalex_public_health_200
W4395069207,W3167459359,1,actual_openalex_reference,test,openalex_public_health_200
W4395069207,W3202634790,1,actual_openalex_reference,test,openalex_public_health_200
W4395069207,W4210812290,1,actual_openalex_reference,test,openalex_public_health_200
W4395069207,W4220942143,1,actual_openalex_reference,test,openalex_public_health_200
W4395069207,W4304084232,1,actual_openalex_reference,test,openalex_public_health_200
W4395069207,W4307425019,1,actual_openalex_reference,test,openalex_public_health_200
W4395069207,W4311031959,1,actual_openalex_reference,test,openalex_public_health_200
W4395069207,W4317869812,1,actual_openalex_reference,test,openalex_public_health_200
W4395069207,W4368358469,1,actual_openalex_reference,test,openalex_public_health_200
W4395069207,W4377012548,1,actual_openalex_reference,test,openalex_public_health_200
W4395069207,W4389160997,1,actual_openalex_reference,test,openalex_public_health_200
W4395069207,W4392746819,1,actual_openalex_reference,test,openalex_public_health_200
W4387964989,W1551675929,1,actual_openalex_reference,test,openalex_public_health_200
W4387964989,W2035718426,1,actual_openalex_reference,test,openalex_public_health_200
W4387964989,W2057788121,1,actual_openalex_reference,test,openalex_public_health_200
W4387964989,W2115531910,1,actual_openalex_reference,test,openalex_public_health_200
W4387964989,W2116257995,1,actual_openalex_reference,test,openalex_public_health_200
W4387964989,W2118277625,1,actual_openalex_reference,test,openalex_public_health_200
W4387964989,W2129854220,1,actual_openalex_reference,test,openalex_public_health_200
W4387964989,W2143313661,1,actual_openalex_reference,test,openalex_public_health_200
W4387964989,W2171958609,1,actual_openalex_reference,test,openalex_public_health_200
W4387964989,W2605249189,1,actual_openalex_reference,test,openalex_public_health_200
W4387964989,W2737971463,1,actual_openalex_reference,test,openalex_public_health_200
W4387964989,W2766809004,1,actual_openalex_reference,test,openalex_public_health_200
W4387964989,W2785982840,1,actual_openalex_reference,test,openalex_public_health_200
W4387964989,W2800218564,1,actual_openalex_reference,test,openalex_public_health_200
W4387964989,W2912958819,1,actual_openalex_reference,test,openalex_public_health_200
W4387964989,W2915251396,1,actual_openalex_reference,test,openalex_public_health_200
W4387964989,W2922679921,1,actual_openalex_reference,test,openalex_public_health_200
W4387964989,W3107590251,1,actual_openalex_reference,test,openalex_public_health_200
W4387964989,W3128866608,1,actual_openalex_reference,test,openalex_public_health_200
W4387964989,W3179134106,1,actual_openalex_reference,test,openalex_public_health_200
W4387964989,W3185830352,1,actual_openalex_reference,test,openalex_public_health_200
W4387964989,W4281400105,1,actual_openalex_reference,test,openalex_public_health_200
W4387964989,W4285088752,1,actual_openalex_reference,test,openalex_public_health_200
W4387964989,W4285588852,1,actual_openalex_reference,test,openalex_public_health_200
W4387964989,W4290963696,1,actual_openalex_reference,test,openalex_public_health_200
W4387964989,W4295693963,1,actual_openalex_reference,test,openalex_public_health_200
W4387964989,W4312018702,1,actual_openalex_reference,test,openalex_public_health_200
W4387964989,W4319066407,1,actual_openalex_reference,test,openalex_public_health_200
W4387964989,W4379618973,1,actual_openalex_reference,test,openalex_public_health_200
W4401515576,W1511008110,1,actual_openalex_reference,test,openalex_public_health_200
W4401515576,W1967319325,1,actual_openalex_reference,test,openalex_public_health_200
W4401515576,W2097491647,1,actual_openalex_reference,test,openalex_public_health_200
W4401515576,W2153065470,1,actual_openalex_reference,test,openalex_public_health_200
W4401515576,W2273535490,1,actual_openalex_reference,test,openalex_public_health_200
W4401515576,W2300098702,1,actual_openalex_reference,test,openalex_public_health_200
W4401515576,W2412153247,1,actual_openalex_reference,test,openalex_public_health_200
W4401515576,W2482332858,1,actual_openalex_reference,test,openalex_public_health_200
W4401515576,W2519431323,1,actual_openalex_reference,test,openalex_public_health_200
W4401515576,W2589226646,1,actual_openalex_reference,test,openalex_public_health_200
W4401515576,W2609936523,1,actual_openalex_reference,test,openalex_public_health_200
W4401515576,W2650321106,1,actual_openalex_reference,test,openalex_public_health_200
W4401515576,W2659047349,1,actual_openalex_reference,test,openalex_public_health_200
W4401515576,W2686975948,1,actual_openalex_reference,test,openalex_public_health_200
W4401515576,W2743526398,1,actual_openalex_reference,test,openalex_public_health_200
W4401515576,W2745794351,1,actual_openalex_reference,test,openalex_public_health_200
W4401515576,W2771066123,1,actual_openalex_reference,test,openalex_public_health_200
W4401515576,W2773154510,1,actual_openalex_reference,test,openalex_public_health_200
W4401515576,W2773161822,1,actual_openalex_reference,test,openalex_public_health_200
W4401515576,W2783208776,1,actual_openalex_reference,test,openalex_public_health_200
W4401515576,W2789532771,1,actual_openalex_reference,test,openalex_public_health_200
W4401515576,W2804938199,1,actual_openalex_reference,test,openalex_public_health_200
W4401515576,W2805473026,1,actual_openalex_reference,test,openalex_public_health_200
W4401515576,W2805727550,1,actual_openalex_reference,test,openalex_public_health_200
W4401515576,W2884368199,1,actual_openalex_reference,test,openalex_public_health_200
W4401515576,W2908688678,1,actual_openalex_reference,test,openalex_public_health_200
W4401515576,W2912460214,1,actual_openalex_reference,test,openalex_public_health_200
W4401515576,W2916082845,1,actual_openalex_reference,test,openalex_public_health_200
W4401515576,W2940461661,1,actual_openalex_reference,test,openalex_public_health_200
W4401515576,W2946769236,1,actual_openalex_reference,test,openalex_public_health_200
W4401515576,W2946848218,1,actual_openalex_reference,test,openalex_public_health_200
W4401515576,W2964722715,1,actual_openalex_reference,test,openalex_public_health_200
W4401515576,W2967418189,1,actual_openalex_reference,test,openalex_public_health_200
W4401515576,W2974287536,1,actual_openalex_reference,test,openalex_public_health_200
W4401515576,W3007304429,1,actual_openalex_reference,test,openalex_public_health_200
W4401515576,W3087018937,1,actual_openalex_reference,test,openalex_public_health_200
W4401515576,W3107741684,1,actual_openalex_reference,test,openalex_public_health_200
W4401515576,W3113734454,1,actual_openalex_reference,test,openalex_public_health_200
W4401515576,W3127568978,1,actual_openalex_reference,test,openalex_public_health_200
W4401515576,W3133269630,1,actual_openalex_reference,test,openalex_public_health_200
W4401515576,W3188249461,1,actual_openalex_reference,test,openalex_public_health_200
W4401515576,W4214665128,1,actual_openalex_reference,test,openalex_public_health_200
W4401515576,W4293532143,1,actual_openalex_reference,test,openalex_public_health_200
W4401515576,W4309100063,1,actual_openalex_reference,test,openalex_public_health_200
W4401515576,W4388706468,1,actual_openalex_reference,test,openalex_public_health_200
W4401515576,W4390771075,1,actual_openalex_reference,test,openalex_public_health_200
W4401515576,W4391678291,1,actual_openalex_reference,test,openalex_public_health_200
W4401515576,W4396646584,1,actual_openalex_reference,test,openalex_public_health_200
W4396861844,W1979423658,1,actual_openalex_reference,test,openalex_public_health_200
W4396861844,W2119713247,1,actual_openalex_reference,test,openalex_public_health_200
W4396861844,W2134265199,1,actual_openalex_reference,test,openalex_public_health_200
W4396861844,W2772020427,1,actual_openalex_reference,test,openalex_public_health_200
W4396861844,W2902361178,1,actual_openalex_reference,test,openalex_public_health_200
W4396861844,W2921444220,1,actual_openalex_reference,test,openalex_public_health_200
W4396861844,W2926098506,1,actual_openalex_reference,test,openalex_public_health_200
W4396861844,W2952265930,1,actual_openalex_reference,test,openalex_public_health_200
W4396861844,W2964029936,1,actual_openalex_reference,test,openalex_public_health_200
W4396861844,W2982339807,1,actual_openalex_reference,test,openalex_public_health_200
W4396861844,W3093156920,1,actual_openalex_reference,test,openalex_public_health_200
W4396861844,W3095031703,1,actual_openalex_reference,test,openalex_public_health_200
W4396861844,W3119751906,1,actual_openalex_reference,test,openalex_public_health_200
W4396861844,W3125549910,1,actual_openalex_reference,test,openalex_public_health_200
W4396861844,W3138357330,1,actual_openalex_reference,test,openalex_public_health_200
W4396861844,W3167289666,1,actual_openalex_reference,test,openalex_public_health_200
W4396861844,W3195013760,1,actual_openalex_reference,test,openalex_public_health_200
W4396861844,W3198547748,1,actual_openalex_reference,test,openalex_public_health_200
W4396861844,W3205332672,1,actual_openalex_reference,test,openalex_public_health_200
W4396861844,W3214074562,1,actual_openalex_reference,test,openalex_public_health_200
W4396861844,W4224120391,1,actual_openalex_reference,test,openalex_public_health_200
W4396861844,W4224309509,1,actual_openalex_reference,test,openalex_public_health_200
W4396861844,W4282007582,1,actual_openalex_reference,test,openalex_public_health_200
W4396861844,W4313891195,1,actual_openalex_reference,test,openalex_public_health_200
W4394616942,W55248499,1,actual_openalex_reference,test,openalex_public_health_200
W4394616942,W1659749843,1,actual_openalex_reference,test,openalex_public_health_200
W4394616942,W1722228117,1,actual_openalex_reference,test,openalex_public_health_200
W4394616942,W1851671157,1,actual_openalex_reference,test,openalex_public_health_200
W4394616942,W1934960365,1,actual_openalex_reference,test,openalex_public_health_200
W4394616942,W1977014047,1,actual_openalex_reference,test,openalex_public_health_200
W4394616942,W2007783161,1,actual_openalex_reference,test,openalex_public_health_200
W4394616942,W2023500898,1,actual_openalex_reference,test,openalex_public_health_200
W4394616942,W2029134643,1,actual_openalex_reference,test,openalex_public_health_200
W4394616942,W2031204208,1,actual_openalex_reference,test,openalex_public_health_200
W4394616942,W2041534267,1,actual_openalex_reference,test,openalex_public_health_200
W4394616942,W2046847066,1,actual_openalex_reference,test,openalex_public_health_200
W4394616942,W2051026082,1,actual_openalex_reference,test,openalex_public_health_200
W4394616942,W2051237733,1,actual_openalex_reference,test,openalex_public_health_200
W4394616942,W2080963585,1,actual_openalex_reference,test,openalex_public_health_200
W4394616942,W2081199042,1,actual_openalex_reference,test,openalex_public_health_200
W4394616942,W2131435871,1,actual_openalex_reference,test,openalex_public_health_200
W4394616942,W2144231894,1,actual_openalex_reference,test,openalex_public_health_200
W4394616942,W2149275727,1,actual_openalex_reference,test,openalex_public_health_200
W4394616942,W2150882666,1,actual_openalex_reference,test,openalex_public_health_200
W4394616942,W2162286268,1,actual_openalex_reference,test,openalex_public_health_200
W4394616942,W2167763440,1,actual_openalex_reference,test,openalex_public_health_200
W4394616942,W2290114808,1,actual_openalex_reference,test,openalex_public_health_200
W4394616942,W2311316693,1,actual_openalex_reference,test,openalex_public_health_200
W4394616942,W2513643530,1,actual_openalex_reference,test,openalex_public_health_200
W4394616942,W2562578972,1,actual_openalex_reference,test,openalex_public_health_200
W4394616942,W2572467979,1,actual_openalex_reference,test,openalex_public_health_200
W4394616942,W2598207101,1,actual_openalex_reference,test,openalex_public_health_200
W4394616942,W2659286080,1,actual_openalex_reference,test,openalex_public_health_200
W4394616942,W2743161196,1,actual_openalex_reference,test,openalex_public_health_200
W4394616942,W2782284388,1,actual_openalex_reference,test,openalex_public_health_200
W4394616942,W2810390464,1,actual_openalex_reference,test,openalex_public_health_200
W4394616942,W2901665003,1,actual_openalex_reference,test,openalex_public_health_200
W4394616942,W2920628646,1,actual_openalex_reference,test,openalex_public_health_200
W4394616942,W2969319976,1,actual_openalex_reference,test,openalex_public_health_200
W4394616942,W3001389374,1,actual_openalex_reference,test,openalex_public_health_200
W4394616942,W3004827414,1,actual_openalex_reference,test,openalex_public_health_200
W4394616942,W3034928045,1,actual_openalex_reference,test,openalex_public_health_200
W4394616942,W3095008460,1,actual_openalex_reference,test,openalex_public_health_200
W4394616942,W3128928065,1,actual_openalex_reference,test,openalex_public_health_200
W4394616942,W3131229139,1,actual_openalex_reference,test,openalex_public_health_200
W4394616942,W3134734061,1,actual_openalex_reference,test,openalex_public_health_200
W4394616942,W3174018987,1,actual_openalex_reference,test,openalex_public_health_200
W4394616942,W3174338720,1,actual_openalex_reference,test,openalex_public_health_200
W4394616942,W3194070259,1,actual_openalex_reference,test,openalex_public_health_200
W4394616942,W3194135909,1,actual_openalex_reference,test,openalex_public_health_200
W4394616942,W3197283875,1,actual_openalex_reference,test,openalex_public_health_200
W4394616942,W3207165663,1,actual_openalex_reference,test,openalex_public_health_200
W4394616942,W3216227555,1,actual_openalex_reference,test,openalex_public_health_200
W4394616942,W4200564056,1,actual_openalex_reference,test,openalex_public_health_200
W4394616942,W4200612021,1,actual_openalex_reference,test,openalex_public_health_200
W4394616942,W4214582077,1,actual_openalex_reference,test,openalex_public_health_200
W4394616942,W4220821209,1,actual_openalex_reference,test,openalex_public_health_200
W4394616942,W4224094626,1,actual_openalex_reference,test,openalex_public_health_200
W4394616942,W4281664058,1,actual_openalex_reference,test,openalex_public_health_200
W4394616942,W4281705751,1,actual_openalex_reference,test,openalex_public_health_200
W4394616942,W4283797975,1,actual_openalex_reference,test,openalex_public_health_200
W4394616942,W4289174109,1,actual_openalex_reference,test,openalex_public_health_200
W4394616942,W4295725505,1,actual_openalex_reference,test,openalex_public_health_200
W4394616942,W4306697786,1,actual_openalex_reference,test,openalex_public_health_200
W4394616942,W4309293547,1,actual_openalex_reference,test,openalex_public_health_200
W4394616942,W4367835443,1,actual_openalex_reference,test,openalex_public_health_200
W4394616942,W4381849169,1,actual_openalex_reference,test,openalex_public_health_200
W4394616942,W4384666247,1,actual_openalex_reference,test,openalex_public_health_200
W4389794614,W2074581919,1,actual_openalex_reference,test,openalex_public_health_200
W4389794614,W2768631977,1,actual_openalex_reference,test,openalex_public_health_200
W4389794614,W2962684876,1,actual_openalex_reference,test,openalex_public_health_200
W4389794614,W4225287054,1,actual_openalex_reference,test,openalex_public_health_200
W4389794614,W4286485308,1,actual_openalex_reference,test,openalex_public_health_200
W4389794614,W4316193371,1,actual_openalex_reference,test,openalex_public_health_200
W4385231155,W1763952521,1,actual_openalex_reference,test,openalex_public_health_200
W4385231155,W1980951436,1,actual_openalex_reference,test,openalex_public_health_200
W4385231155,W1986191025,1,actual_openalex_reference,test,openalex_public_health_200
W4385231155,W2028046413,1,actual_openalex_reference,test,openalex_public_health_200
W4385231155,W2070608209,1,actual_openalex_reference,test,openalex_public_health_200
W4385231155,W2074473216,1,actual_openalex_reference,test,openalex_public_health_200
W4385231155,W2098930738,1,actual_openalex_reference,test,openalex_public_health_200
W4385231155,W2105668062,1,actual_openalex_reference,test,openalex_public_health_200
W4385231155,W2112497696,1,actual_openalex_reference,test,openalex_public_health_200
W4385231155,W2127568306,1,actual_openalex_reference,test,openalex_public_health_200
W4385231155,W2130479394,1,actual_openalex_reference,test,openalex_public_health_200
W4385231155,W2134967712,1,actual_openalex_reference,test,openalex_public_health_200
W4385231155,W2151407038,1,actual_openalex_reference,test,openalex_public_health_200
W4385231155,W2162013089,1,actual_openalex_reference,test,openalex_public_health_200
W4385231155,W2206554718,1,actual_openalex_reference,test,openalex_public_health_200
W4385231155,W2254305612,1,actual_openalex_reference,test,openalex_public_health_200
W4385231155,W2485464167,1,actual_openalex_reference,test,openalex_public_health_200
W4385231155,W2509455191,1,actual_openalex_reference,test,openalex_public_health_200
W4385231155,W2512703240,1,actual_openalex_reference,test,openalex_public_health_200
W4385231155,W2539158308,1,actual_openalex_reference,test,openalex_public_health_200
W4385231155,W2586637063,1,actual_openalex_reference,test,openalex_public_health_200
W4385231155,W2620609073,1,actual_openalex_reference,test,openalex_public_health_200
W4385231155,W2804822363,1,actual_openalex_reference,test,openalex_public_health_200
W4385231155,W2805286501,1,actual_openalex_reference,test,openalex_public_health_200
W4385231155,W2896117872,1,actual_openalex_reference,test,openalex_public_health_200
W4385231155,W2917611156,1,actual_openalex_reference,test,openalex_public_health_200
W4385231155,W2936037260,1,actual_openalex_reference,test,openalex_public_health_200
W4385231155,W2946574254,1,actual_openalex_reference,test,openalex_public_health_200
W4385231155,W2950737688,1,actual_openalex_reference,test,openalex_public_health_200
W4385231155,W2970962776,1,actual_openalex_reference,test,openalex_public_health_200
W4385231155,W3003446445,1,actual_openalex_reference,test,openalex_public_health_200
W4385231155,W3004227146,1,actual_openalex_reference,test,openalex_public_health_200
W4385231155,W3017541213,1,actual_openalex_reference,test,openalex_public_health_200
W4385231155,W3037613717,1,actual_openalex_reference,test,openalex_public_health_200
W4385231155,W3048560933,1,actual_openalex_reference,test,openalex_public_health_200
W4385231155,W3083014601,1,actual_openalex_reference,test,openalex_public_health_200
W4385231155,W3095635136,1,actual_openalex_reference,test,openalex_public_health_200
W4385231155,W3121658347,1,actual_openalex_reference,test,openalex_public_health_200
W4385231155,W3176566252,1,actual_openalex_reference,test,openalex_public_health_200
W4385231155,W3180408004,1,actual_openalex_reference,test,openalex_public_health_200
W4385231155,W3180794092,1,actual_openalex_reference,test,openalex_public_health_200
W4385231155,W3184654824,1,actual_openalex_reference,test,openalex_public_health_200
W4385231155,W3213944687,1,actual_openalex_reference,test,openalex_public_health_200
W4385231155,W4200171952,1,actual_openalex_reference,test,openalex_public_health_200
W4385231155,W4206782141,1,actual_openalex_reference,test,openalex_public_health_200
W4385231155,W4210985704,1,actual_openalex_reference,test,openalex_public_health_200
W4385231155,W4214862782,1,actual_openalex_reference,test,openalex_public_health_200
W4385231155,W4225436102,1,actual_openalex_reference,test,openalex_public_health_200
W4385231155,W4229014054,1,actual_openalex_reference,test,openalex_public_health_200
W4385231155,W4280489222,1,actual_openalex_reference,test,openalex_public_health_200
W4385231155,W4283802705,1,actual_openalex_reference,test,openalex_public_health_200
W4362734061,W1501676591,1,actual_openalex_reference,test,openalex_public_health_200
W4362734061,W1511380243,1,actual_openalex_reference,test,openalex_public_health_200
W4362734061,W1574127634,1,actual_openalex_reference,test,openalex_public_health_200
W4362734061,W2182867386,1,actual_openalex_reference,test,openalex_public_health_200
W4362734061,W2728680715,1,actual_openalex_reference,test,openalex_public_health_200
W4362734061,W3215731988,1,actual_openalex_reference,test,openalex_public_health_200
W4362734061,W4243491521,1,actual_openalex_reference,test,openalex_public_health_200
W4380267104,W1958535246,1,actual_openalex_reference,test,openalex_public_health_200
W4380267104,W1994522464,1,actual_openalex_reference,test,openalex_public_health_200
W4380267104,W2025376268,1,actual_openalex_reference,test,openalex_public_health_200
W4380267104,W2051366813,1,actual_openalex_reference,test,openalex_public_health_200
W4380267104,W2097768735,1,actual_openalex_reference,test,openalex_public_health_200
W4380267104,W2118672557,1,actual_openalex_reference,test,openalex_public_health_200
W4380267104,W2134458339,1,actual_openalex_reference,test,openalex_public_health_200
W4380267104,W2172107654,1,actual_openalex_reference,test,openalex_public_health_200
W4380267104,W2315631840,1,actual_openalex_reference,test,openalex_public_health_200
W4380267104,W2345282114,1,actual_openalex_reference,test,openalex_public_health_200
W4380267104,W2496974376,1,actual_openalex_reference,test,openalex_public_health_200
W4380267104,W2582743722,1,actual_openalex_reference,test,openalex_public_health_200
W4380267104,W2760237777,1,actual_openalex_reference,test,openalex_public_health_200
W4380267104,W2790496367,1,actual_openalex_reference,test,openalex_public_health_200
W4380267104,W2849618949,1,actual_openalex_reference,test,openalex_public_health_200
W4380267104,W2890492732,1,actual_openalex_reference,test,openalex_public_health_200
W4380267104,W2897693281,1,actual_openalex_reference,test,openalex_public_health_200
W4380267104,W2991474708,1,actual_openalex_reference,test,openalex_public_health_200
W4380267104,W3012261821,1,actual_openalex_reference,test,openalex_public_health_200
W4380267104,W3013041080,1,actual_openalex_reference,test,openalex_public_health_200
W4380267104,W3014703200,1,actual_openalex_reference,test,openalex_public_health_200
W4380267104,W3018759244,1,actual_openalex_reference,test,openalex_public_health_200
W4380267104,W3023607849,1,actual_openalex_reference,test,openalex_public_health_200
W4380267104,W3024232104,1,actual_openalex_reference,test,openalex_public_health_200
W4380267104,W3184829782,1,actual_openalex_reference,test,openalex_public_health_200
W4380267104,W4311288520,1,actual_openalex_reference,test,openalex_public_health_200
W4409011346,W1588180320,1,actual_openalex_reference,test,openalex_public_health_200
W4409011346,W2044423782,1,actual_openalex_reference,test,openalex_public_health_200
W4409011346,W2085945934,1,actual_openalex_reference,test,openalex_public_health_200
W4409011346,W2099829015,1,actual_openalex_reference,test,openalex_public_health_200
W4409011346,W2158208370,1,actual_openalex_reference,test,openalex_public_health_200
W4409011346,W2278877986,1,actual_openalex_reference,test,openalex_public_health_200
W4409011346,W2296765379,1,actual_openalex_reference,test,openalex_public_health_200
W4409011346,W2314390563,1,actual_openalex_reference,test,openalex_public_health_200
W4409011346,W2321063947,1,actual_openalex_reference,test,openalex_public_health_200
W4409011346,W2401490977,1,actual_openalex_reference,test,openalex_public_health_200
W4409011346,W2471761637,1,actual_openalex_reference,test,openalex_public_health_200
W4409011346,W2525657973,1,actual_openalex_reference,test,openalex_public_health_200
W4409011346,W2588290393,1,actual_openalex_reference,test,openalex_public_health_200
W4409011346,W2742845599,1,actual_openalex_reference,test,openalex_public_health_200
W4409011346,W2796524400,1,actual_openalex_reference,test,openalex_public_health_200
W4409011346,W3011717003,1,actual_openalex_reference,test,openalex_public_health_200
W4409011346,W3080721809,1,actual_openalex_reference,test,openalex_public_health_200
W4409011346,W4315618912,1,actual_openalex_reference,test,openalex_public_health_200
W4409011346,W4402118710,1,actual_openalex_reference,test,openalex_public_health_200
W4409011346,W4404663539,1,actual_openalex_reference,test,openalex_public_health_200
W4380083713,W1716554424,1,actual_openalex_reference,test,openalex_public_health_200
W4380083713,W1968888153,1,actual_openalex_reference,test,openalex_public_health_200
W4380083713,W1987239345,1,actual_openalex_reference,test,openalex_public_health_200
W4380083713,W1992676701,1,actual_openalex_reference,test,openalex_public_health_200
W4380083713,W2009032448,1,actual_openalex_reference,test,openalex_public_health_200
W4380083713,W2026207706,1,actual_openalex_reference,test,openalex_public_health_200
W4380083713,W2043123337,1,actual_openalex_reference,test,openalex_public_health_200
W4380083713,W2098496957,1,actual_openalex_reference,test,openalex_public_health_200
W4380083713,W2105982363,1,actual_openalex_reference,test,openalex_public_health_200
W4380083713,W2164777277,1,actual_openalex_reference,test,openalex_public_health_200
W4380083713,W2334822747,1,actual_openalex_reference,test,openalex_public_health_200
W4380083713,W2406250872,1,actual_openalex_reference,test,openalex_public_health_200
W4380083713,W2416358706,1,actual_openalex_reference,test,openalex_public_health_200
W4380083713,W2419592887,1,actual_openalex_reference,test,openalex_public_health_200
W4380083713,W2439512107,1,actual_openalex_reference,test,openalex_public_health_200
W4380083713,W2494623578,1,actual_openalex_reference,test,openalex_public_health_200
W4380083713,W2530981261,1,actual_openalex_reference,test,openalex_public_health_200
W4380083713,W2535716471,1,actual_openalex_reference,test,openalex_public_health_200
W4380083713,W2581152134,1,actual_openalex_reference,test,openalex_public_health_200
W4380083713,W2591758309,1,actual_openalex_reference,test,openalex_public_health_200
W4380083713,W2592300427,1,actual_openalex_reference,test,openalex_public_health_200
W4380083713,W2593376911,1,actual_openalex_reference,test,openalex_public_health_200
W4380083713,W2603335062,1,actual_openalex_reference,test,openalex_public_health_200
W4380083713,W2616435857,1,actual_openalex_reference,test,openalex_public_health_200
W4380083713,W2623880334,1,actual_openalex_reference,test,openalex_public_health_200
W4380083713,W2627080261,1,actual_openalex_reference,test,openalex_public_health_200
W4380083713,W2735433740,1,actual_openalex_reference,test,openalex_public_health_200
W4380083713,W2782923173,1,actual_openalex_reference,test,openalex_public_health_200
W4380083713,W2808173364,1,actual_openalex_reference,test,openalex_public_health_200
W4380083713,W2949288164,1,actual_openalex_reference,test,openalex_public_health_200
W4380083713,W2964629328,1,actual_openalex_reference,test,openalex_public_health_200
W4380083713,W2978689883,1,actual_openalex_reference,test,openalex_public_health_200
W4380083713,W2994951912,1,actual_openalex_reference,test,openalex_public_health_200
W4380083713,W3001491398,1,actual_openalex_reference,test,openalex_public_health_200
W4380083713,W3013179493,1,actual_openalex_reference,test,openalex_public_health_200
W4380083713,W3027851788,1,actual_openalex_reference,test,openalex_public_health_200
W4380083713,W3032358717,1,actual_openalex_reference,test,openalex_public_health_200
W4380083713,W3048086671,1,actual_openalex_reference,test,openalex_public_health_200
W4380083713,W3119679721,1,actual_openalex_reference,test,openalex_public_health_200
W4380083713,W3122633345,1,actual_openalex_reference,test,openalex_public_health_200
W4380083713,W3131069019,1,actual_openalex_reference,test,openalex_public_health_200
W4380083713,W3138113199,1,actual_openalex_reference,test,openalex_public_health_200
W4380083713,W3159143441,1,actual_openalex_reference,test,openalex_public_health_200
W4380083713,W3186837898,1,actual_openalex_reference,test,openalex_public_health_200
W4380083713,W3192851081,1,actual_openalex_reference,test,openalex_public_health_200
W4380083713,W3193845370,1,actual_openalex_reference,test,openalex_public_health_200
W4380083713,W3197466724,1,actual_openalex_reference,test,openalex_public_health_200
W4380083713,W3201433013,1,actual_openalex_reference,test,openalex_public_health_200
W4380083713,W4214712428,1,actual_openalex_reference,test,openalex_public_health_200
W4380083713,W4251809588,1,actual_openalex_reference,test,openalex_public_health_200
W4380083713,W4281864787,1,actual_openalex_reference,test,openalex_public_health_200
W4380083713,W4283204030,1,actual_openalex_reference,test,openalex_public_health_200
W4380083713,W4295945106,1,actual_openalex_reference,test,openalex_public_health_200
W4380083713,W4317567298,1,actual_openalex_reference,test,openalex_public_health_200
W4390881411,W656072420,1,actual_openalex_reference,test,openalex_public_health_200
W4390881411,W1784053566,1,actual_openalex_reference,test,openalex_public_health_200
W4390881411,W2028724255,1,actual_openalex_reference,test,openalex_public_health_200
W4390881411,W2038764350,1,actual_openalex_reference,test,openalex_public_health_200
W4390881411,W2407467502,1,actual_openalex_reference,test,openalex_public_health_200
W4390881411,W2807042617,1,actual_openalex_reference,test,openalex_public_health_200
W4390881411,W2898948646,1,actual_openalex_reference,test,openalex_public_health_200
W4390881411,W2914513696,1,actual_openalex_reference,test,openalex_public_health_200
W4390881411,W2916717999,1,actual_openalex_reference,test,openalex_public_health_200
W4390881411,W3007114336,1,actual_openalex_reference,test,openalex_public_health_200
W4390881411,W3021456740,1,actual_openalex_reference,test,openalex_public_health_200
W4390881411,W3136832400,1,actual_openalex_reference,test,openalex_public_health_200
W4390881411,W3165699099,1,actual_openalex_reference,test,openalex_public_health_200
W4390881411,W3197018010,1,actual_openalex_reference,test,openalex_public_health_200
W4390881411,W4322631206,1,actual_openalex_reference,test,openalex_public_health_200
W4390881411,W4376630198,1,actual_openalex_reference,test,openalex_public_health_200
W4402048114,W138724517,1,actual_openalex_reference,test,openalex_public_health_200
W4402048114,W2009245658,1,actual_openalex_reference,test,openalex_public_health_200
W4402048114,W2129002747,1,actual_openalex_reference,test,openalex_public_health_200
W4402048114,W2150544552,1,actual_openalex_reference,test,openalex_public_health_200
W4402048114,W2591920304,1,actual_openalex_reference,test,openalex_public_health_200
W4402048114,W2994121905,1,actual_openalex_reference,test,openalex_public_health_200
W4402048114,W3034169036,1,actual_openalex_reference,test,openalex_public_health_200
W4402048114,W3108730362,1,actual_openalex_reference,test,openalex_public_health_200
W4402048114,W3129374884,1,actual_openalex_reference,test,openalex_public_health_200
W4402048114,W3160019155,1,actual_openalex_reference,test,openalex_public_health_200
W4402048114,W3200010326,1,actual_openalex_reference,test,openalex_public_health_200
W4402048114,W3201896935,1,actual_openalex_reference,test,openalex_public_health_200
W4402048114,W4225129392,1,actual_openalex_reference,test,openalex_public_health_200
W4402048114,W4293049005,1,actual_openalex_reference,test,openalex_public_health_200
W4402048114,W4312190347,1,actual_openalex_reference,test,openalex_public_health_200
W4402048114,W4313454793,1,actual_openalex_reference,test,openalex_public_health_200
W4402048114,W4321004739,1,actual_openalex_reference,test,openalex_public_health_200
W4402048114,W4323045461,1,actual_openalex_reference,test,openalex_public_health_200
W4402048114,W4390970849,1,actual_openalex_reference,test,openalex_public_health_200
W4402048114,W4392920902,1,actual_openalex_reference,test,openalex_public_health_200
W4402048114,W4393925424,1,actual_openalex_reference,test,openalex_public_health_200
W4406199133,W1701957739,1,actual_openalex_reference,test,openalex_public_health_200
W4406199133,W1979290264,1,actual_openalex_reference,test,openalex_public_health_200
W4406199133,W1987523814,1,actual_openalex_reference,test,openalex_public_health_200
W4406199133,W2091909048,1,actual_openalex_reference,test,openalex_public_health_200
W4406199133,W2104959288,1,actual_openalex_reference,test,openalex_public_health_200
W4406199133,W2106760415,1,actual_openalex_reference,test,openalex_public_health_200
W4406199133,W2131411314,1,actual_openalex_reference,test,openalex_public_health_200
W4406199133,W2133164081,1,actual_openalex_reference,test,openalex_public_health_200
W4406199133,W2153422278,1,actual_openalex_reference,test,openalex_public_health_200
W4406199133,W2163467994,1,actual_openalex_reference,test,openalex_public_health_200
W4406199133,W2594648011,1,actual_openalex_reference,test,openalex_public_health_200
W4406199133,W2946346596,1,actual_openalex_reference,test,openalex_public_health_200
W4406199133,W2980554015,1,actual_openalex_reference,test,openalex_public_health_200
W4406199133,W4372236723,1,actual_openalex_reference,test,openalex_public_health_200
W4406199133,W4386945209,1,actual_openalex_reference,test,openalex_public_health_200
W4406199133,W4387357701,1,actual_openalex_reference,test,openalex_public_health_200
W4381987953,W1498996436,1,actual_openalex_reference,test,openalex_public_health_200
W4381987953,W1960798130,1,actual_openalex_reference,test,openalex_public_health_200
W4381987953,W1973700809,1,actual_openalex_reference,test,openalex_public_health_200
W4381987953,W2006924028,1,actual_openalex_reference,test,openalex_public_health_200
W4381987953,W2013901211,1,actual_openalex_reference,test,openalex_public_health_200
W4381987953,W2044115095,1,actual_openalex_reference,test,openalex_public_health_200
W4381987953,W2056500540,1,actual_openalex_reference,test,openalex_public_health_200
W4381987953,W2073193712,1,actual_openalex_reference,test,openalex_public_health_200
W4381987953,W2078904464,1,actual_openalex_reference,test,openalex_public_health_200
W4381987953,W2101853614,1,actual_openalex_reference,test,openalex_public_health_200
W4381987953,W2117163620,1,actual_openalex_reference,test,openalex_public_health_200
W4381987953,W2146483619,1,actual_openalex_reference,test,openalex_public_health_200
W4381987953,W2410874608,1,actual_openalex_reference,test,openalex_public_health_200
W4381987953,W2416632535,1,actual_openalex_reference,test,openalex_public_health_200
W4381987953,W2511173241,1,actual_openalex_reference,test,openalex_public_health_200
W4381987953,W2586432521,1,actual_openalex_reference,test,openalex_public_health_200
W4381987953,W2737136273,1,actual_openalex_reference,test,openalex_public_health_200
W4381987953,W2793806780,1,actual_openalex_reference,test,openalex_public_health_200
W4381987953,W2803989437,1,actual_openalex_reference,test,openalex_public_health_200
W4381987953,W2901314939,1,actual_openalex_reference,test,openalex_public_health_200
W4381987953,W2912177757,1,actual_openalex_reference,test,openalex_public_health_200
W4381987953,W2914612445,1,actual_openalex_reference,test,openalex_public_health_200
W4381987953,W2937910100,1,actual_openalex_reference,test,openalex_public_health_200
W4381987953,W2981327684,1,actual_openalex_reference,test,openalex_public_health_200
W4381987953,W3087196604,1,actual_openalex_reference,test,openalex_public_health_200
W4381987953,W3105381727,1,actual_openalex_reference,test,openalex_public_health_200
W4381987953,W3109649321,1,actual_openalex_reference,test,openalex_public_health_200
W4381987953,W3139132812,1,actual_openalex_reference,test,openalex_public_health_200
W4381987953,W3144707745,1,actual_openalex_reference,test,openalex_public_health_200
W4381987953,W3155212905,1,actual_openalex_reference,test,openalex_public_health_200
W4381987953,W3167641537,1,actual_openalex_reference,test,openalex_public_health_200
W4381987953,W3168736022,1,actual_openalex_reference,test,openalex_public_health_200
W4381987953,W4214903069,1,actual_openalex_reference,test,openalex_public_health_200
W4392699830,W143880323,1,actual_openalex_reference,test,openalex_public_health_200
W4392699830,W1530364137,1,actual_openalex_reference,test,openalex_public_health_200
W4392699830,W1578438134,1,actual_openalex_reference,test,openalex_public_health_200
W4392699830,W1963690783,1,actual_openalex_reference,test,openalex_public_health_200
W4392699830,W1978100642,1,actual_openalex_reference,test,openalex_public_health_200
W4392699830,W1999390565,1,actual_openalex_reference,test,openalex_public_health_200
W4392699830,W2021520922,1,actual_openalex_reference,test,openalex_public_health_200
W4392699830,W2023490488,1,actual_openalex_reference,test,openalex_public_health_200
W4392699830,W2035587893,1,actual_openalex_reference,test,openalex_public_health_200
W4392699830,W2067506266,1,actual_openalex_reference,test,openalex_public_health_200
W4392699830,W2070608209,1,actual_openalex_reference,test,openalex_public_health_200
W4392699830,W2074032101,1,actual_openalex_reference,test,openalex_public_health_200
W4392699830,W2090458882,1,actual_openalex_reference,test,openalex_public_health_200
W4392699830,W2094393090,1,actual_openalex_reference,test,openalex_public_health_200
W4392699830,W2098232873,1,actual_openalex_reference,test,openalex_public_health_200
W4392699830,W2105332186,1,actual_openalex_reference,test,openalex_public_health_200
W4392699830,W2107607409,1,actual_openalex_reference,test,openalex_public_health_200
W4392699830,W2108234281,1,actual_openalex_reference,test,openalex_public_health_200
W4392699830,W2111647009,1,actual_openalex_reference,test,openalex_public_health_200
W4392699830,W2117458899,1,actual_openalex_reference,test,openalex_public_health_200
W4392699830,W2118441980,1,actual_openalex_reference,test,openalex_public_health_200
W4392699830,W2119303378,1,actual_openalex_reference,test,openalex_public_health_200
W4392699830,W2122349387,1,actual_openalex_reference,test,openalex_public_health_200
W4392699830,W2128110156,1,actual_openalex_reference,test,openalex_public_health_200
W4392699830,W2128428920,1,actual_openalex_reference,test,openalex_public_health_200
W4392699830,W2132262459,1,actual_openalex_reference,test,openalex_public_health_200
W4392699830,W2136607351,1,actual_openalex_reference,test,openalex_public_health_200
W4392699830,W2142868265,1,actual_openalex_reference,test,openalex_public_health_200
W4392699830,W2146484674,1,actual_openalex_reference,test,openalex_public_health_200
W4392699830,W2160378127,1,actual_openalex_reference,test,openalex_public_health_200
W4392699830,W2164663536,1,actual_openalex_reference,test,openalex_public_health_200
W4392699830,W2166765429,1,actual_openalex_reference,test,openalex_public_health_200
W4392699830,W2169981472,1,actual_openalex_reference,test,openalex_public_health_200
W4392699830,W2171126517,1,actual_openalex_reference,test,openalex_public_health_200
W4392699830,W2211105598,1,actual_openalex_reference,test,openalex_public_health_200
W4392699830,W2313507415,1,actual_openalex_reference,test,openalex_public_health_200
W4392699830,W2314092001,1,actual_openalex_reference,test,openalex_public_health_200
W4392699830,W2316564661,1,actual_openalex_reference,test,openalex_public_health_200
W4392699830,W2319186198,1,actual_openalex_reference,test,openalex_public_health_200
W4392699830,W2322358787,1,actual_openalex_reference,test,openalex_public_health_200
W4392699830,W2470441134,1,actual_openalex_reference,test,openalex_public_health_200
W4392699830,W2594220414,1,actual_openalex_reference,test,openalex_public_health_200
W4392699830,W2619822300,1,actual_openalex_reference,test,openalex_public_health_200
W4392699830,W2624662907,1,actual_openalex_reference,test,openalex_public_health_200
W4392699830,W2786394271,1,actual_openalex_reference,test,openalex_public_health_200
W4392699830,W2801159594,1,actual_openalex_reference,test,openalex_public_health_200
W4392699830,W2807308836,1,actual_openalex_reference,test,openalex_public_health_200
W4392699830,W2949362157,1,actual_openalex_reference,test,openalex_public_health_200
W4392699830,W2970420961,1,actual_openalex_reference,test,openalex_public_health_200
W4392699830,W2974361058,1,actual_openalex_reference,test,openalex_public_health_200
W4392699830,W2990427812,1,actual_openalex_reference,test,openalex_public_health_200
W4392699830,W2994057239,1,actual_openalex_reference,test,openalex_public_health_200
W4392699830,W3004219529,1,actual_openalex_reference,test,openalex_public_health_200
W4392699830,W3005235420,1,actual_openalex_reference,test,openalex_public_health_200
W4392699830,W3010838109,1,actual_openalex_reference,test,openalex_public_health_200
W4392699830,W3039519802,1,actual_openalex_reference,test,openalex_public_health_200
W4392699830,W3044991665,1,actual_openalex_reference,test,openalex_public_health_200
W4392699830,W3047659837,1,actual_openalex_reference,test,openalex_public_health_200
W4392699830,W3048079539,1,actual_openalex_reference,test,openalex_public_health_200
W4392699830,W3095402549,1,actual_openalex_reference,test,openalex_public_health_200
W4392699830,W3112902030,1,actual_openalex_reference,test,openalex_public_health_200
W4392699830,W3186338429,1,actual_openalex_reference,test,openalex_public_health_200
W4392699830,W3207050823,1,actual_openalex_reference,test,openalex_public_health_200
W4392699830,W3208691473,1,actual_openalex_reference,test,openalex_public_health_200
W4392699830,W3208931858,1,actual_openalex_reference,test,openalex_public_health_200
W4392699830,W3211402536,1,actual_openalex_reference,test,openalex_public_health_200
W4392699830,W4206339719,1,actual_openalex_reference,test,openalex_public_health_200
W4392699830,W4280560584,1,actual_openalex_reference,test,openalex_public_health_200
W4392699830,W4282591806,1,actual_openalex_reference,test,openalex_public_health_200
W4392699830,W4306353191,1,actual_openalex_reference,test,openalex_public_health_200
W4392699830,W4307425304,1,actual_openalex_reference,test,openalex_public_health_200
W4392699830,W4309506674,1,actual_openalex_reference,test,openalex_public_health_200
W4392699830,W4362659117,1,actual_openalex_reference,test,openalex_public_health_200
W4392699830,W4379879718,1,actual_openalex_reference,test,openalex_public_health_200
W4392699830,W4390684452,1,actual_openalex_reference,test,openalex_public_health_200
W4380204282,W1490428665,1,actual_openalex_reference,test,openalex_public_health_200
W4380204282,W2129744698,1,actual_openalex_reference,test,openalex_public_health_200
W4380204282,W2144474523,1,actual_openalex_reference,test,openalex_public_health_200
W4380204282,W2145873531,1,actual_openalex_reference,test,openalex_public_health_200
W4380204282,W2170100202,1,actual_openalex_reference,test,openalex_public_health_200
W4380204282,W2174570517,1,actual_openalex_reference,test,openalex_public_health_200
W4380204282,W2336669428,1,actual_openalex_reference,test,openalex_public_health_200
W4380204282,W2460481313,1,actual_openalex_reference,test,openalex_public_health_200
W4380204282,W2573078836,1,actual_openalex_reference,test,openalex_public_health_200
W4380204282,W2576871826,1,actual_openalex_reference,test,openalex_public_health_200
W4380204282,W2590347810,1,actual_openalex_reference,test,openalex_public_health_200
W4380204282,W2591889721,1,actual_openalex_reference,test,openalex_public_health_200
W4380204282,W2608727333,1,actual_openalex_reference,test,openalex_public_health_200
W4380204282,W2807028242,1,actual_openalex_reference,test,openalex_public_health_200
W4380204282,W2807187407,1,actual_openalex_reference,test,openalex_public_health_200
W4380204282,W2855005837,1,actual_openalex_reference,test,openalex_public_health_200
W4380204282,W2888335373,1,actual_openalex_reference,test,openalex_public_health_200
W4380204282,W2888371785,1,actual_openalex_reference,test,openalex_public_health_200
W4380204282,W2889519144,1,actual_openalex_reference,test,openalex_public_health_200
W4380204282,W2904914146,1,actual_openalex_reference,test,openalex_public_health_200
W4380204282,W2961018688,1,actual_openalex_reference,test,openalex_public_health_200
W4380204282,W2989045710,1,actual_openalex_reference,test,openalex_public_health_200
W4380204282,W3007577090,1,actual_openalex_reference,test,openalex_public_health_200
W4380204282,W3030477991,1,actual_openalex_reference,test,openalex_public_health_200
W4380204282,W3044240219,1,actual_openalex_reference,test,openalex_public_health_200
W4380204282,W3125361282,1,actual_openalex_reference,test,openalex_public_health_200
W4380204282,W3125736948,1,actual_openalex_reference,test,openalex_public_health_200
W4380204282,W3127608790,1,actual_openalex_reference,test,openalex_public_health_200
W4380204282,W3138643731,1,actual_openalex_reference,test,openalex_public_health_200
W4380204282,W3141483754,1,actual_openalex_reference,test,openalex_public_health_200
W4380204282,W3157995831,1,actual_openalex_reference,test,openalex_public_health_200
W4380204282,W3176922493,1,actual_openalex_reference,test,openalex_public_health_200
W4380204282,W3214573913,1,actual_openalex_reference,test,openalex_public_health_200
W4380204282,W4200212609,1,actual_openalex_reference,test,openalex_public_health_200
W4380204282,W4214902130,1,actual_openalex_reference,test,openalex_public_health_200
W4380204282,W4295367184,1,actual_openalex_reference,test,openalex_public_health_200
W4380204282,W4307973375,1,actual_openalex_reference,test,openalex_public_health_200
W4366201699,W1557479848,1,actual_openalex_reference,test,openalex_public_health_200
W4366201699,W1987614881,1,actual_openalex_reference,test,openalex_public_health_200
W4366201699,W2137743503,1,actual_openalex_reference,test,openalex_public_health_200
W4366201699,W2149547370,1,actual_openalex_reference,test,openalex_public_health_200
W4366201699,W2149693475,1,actual_openalex_reference,test,openalex_public_health_200
W4366201699,W2158292788,1,actual_openalex_reference,test,openalex_public_health_200
W4366201699,W2162591032,1,actual_openalex_reference,test,openalex_public_health_200
W4366201699,W2463951396,1,actual_openalex_reference,test,openalex_public_health_200
W4366201699,W2527077375,1,actual_openalex_reference,test,openalex_public_health_200
W4366201699,W2624362894,1,actual_openalex_reference,test,openalex_public_health_200
W4366201699,W2792492758,1,actual_openalex_reference,test,openalex_public_health_200
W4366201699,W2885420892,1,actual_openalex_reference,test,openalex_public_health_200
W4366201699,W2906408393,1,actual_openalex_reference,test,openalex_public_health_200
W4366201699,W2922409609,1,actual_openalex_reference,test,openalex_public_health_200
W4366201699,W2971035958,1,actual_openalex_reference,test,openalex_public_health_200
W4366201699,W2971920743,1,actual_openalex_reference,test,openalex_public_health_200
W4366201699,W2981603047,1,actual_openalex_reference,test,openalex_public_health_200
W4366201699,W2987887102,1,actual_openalex_reference,test,openalex_public_health_200
W4366201699,W3014540856,1,actual_openalex_reference,test,openalex_public_health_200
W4366201699,W3022769978,1,actual_openalex_reference,test,openalex_public_health_200
W4366201699,W3046703154,1,actual_openalex_reference,test,openalex_public_health_200
W4366201699,W3104888748,1,actual_openalex_reference,test,openalex_public_health_200
W4366201699,W3131098294,1,actual_openalex_reference,test,openalex_public_health_200
W4366201699,W4206903838,1,actual_openalex_reference,test,openalex_public_health_200
W4366201699,W4210647040,1,actual_openalex_reference,test,openalex_public_health_200
W4366201699,W4210662364,1,actual_openalex_reference,test,openalex_public_health_200
W4366201699,W4290794138,1,actual_openalex_reference,test,openalex_public_health_200
W4392878180,W1969842121,1,actual_openalex_reference,test,openalex_public_health_200
W4392878180,W2023307648,1,actual_openalex_reference,test,openalex_public_health_200
W4392878180,W2067864190,1,actual_openalex_reference,test,openalex_public_health_200
W4392878180,W2086169261,1,actual_openalex_reference,test,openalex_public_health_200
W4392878180,W2103180179,1,actual_openalex_reference,test,openalex_public_health_200
W4392878180,W2122614664,1,actual_openalex_reference,test,openalex_public_health_200
W4392878180,W2140929205,1,actual_openalex_reference,test,openalex_public_health_200
W4392878180,W2261821866,1,actual_openalex_reference,test,openalex_public_health_200
W4392878180,W2281276715,1,actual_openalex_reference,test,openalex_public_health_200
W4392878180,W2292933427,1,actual_openalex_reference,test,openalex_public_health_200
W4392878180,W2470699658,1,actual_openalex_reference,test,openalex_public_health_200
W4392878180,W2472333850,1,actual_openalex_reference,test,openalex_public_health_200
W4392878180,W2535677916,1,actual_openalex_reference,test,openalex_public_health_200
W4392878180,W2589255758,1,actual_openalex_reference,test,openalex_public_health_200
W4392878180,W2756760898,1,actual_openalex_reference,test,openalex_public_health_200
W4392878180,W2790053320,1,actual_openalex_reference,test,openalex_public_health_200
W4392878180,W2791939953,1,actual_openalex_reference,test,openalex_public_health_200
W4389615439,W1423910982,1,actual_openalex_reference,test,openalex_public_health_200
W4389615439,W1505661468,1,actual_openalex_reference,test,openalex_public_health_200
W4389615439,W1963771706,1,actual_openalex_reference,test,openalex_public_health_200
W4389615439,W1972695216,1,actual_openalex_reference,test,openalex_public_health_200
W4389615439,W2058172018,1,actual_openalex_reference,test,openalex_public_health_200
W4389615439,W2086169261,1,actual_openalex_reference,test,openalex_public_health_200
W4389615439,W2121878804,1,actual_openalex_reference,test,openalex_public_health_200
W4389615439,W2320904447,1,actual_openalex_reference,test,openalex_public_health_200
W4389615439,W2738946310,1,actual_openalex_reference,test,openalex_public_health_200
W4389615439,W2790053320,1,actual_openalex_reference,test,openalex_public_health_200
W4389615439,W2889503750,1,actual_openalex_reference,test,openalex_public_health_200
W4389615439,W2902759438,1,actual_openalex_reference,test,openalex_public_health_200
W4389615439,W2904401797,1,actual_openalex_reference,test,openalex_public_health_200
W4389615439,W2934348335,1,actual_openalex_reference,test,openalex_public_health_200
W4389615439,W3004953896,1,actual_openalex_reference,test,openalex_public_health_200
W4389615439,W3200609323,1,actual_openalex_reference,test,openalex_public_health_200
W4389615439,W4200522897,1,actual_openalex_reference,test,openalex_public_health_200
W4389615439,W4220970268,1,actual_openalex_reference,test,openalex_public_health_200
W4389615439,W4225255729,1,actual_openalex_reference,test,openalex_public_health_200
W4389615439,W4387561235,1,actual_openalex_reference,test,openalex_public_health_200
W4322758766,W132137063,1,actual_openalex_reference,test,openalex_public_health_200
W4322758766,W206396107,1,actual_openalex_reference,test,openalex_public_health_200
W4322758766,W1969813006,1,actual_openalex_reference,test,openalex_public_health_200
W4322758766,W1977332629,1,actual_openalex_reference,test,openalex_public_health_200
W4322758766,W2000830595,1,actual_openalex_reference,test,openalex_public_health_200
W4322758766,W2013862396,1,actual_openalex_reference,test,openalex_public_health_200
W4322758766,W2029451014,1,actual_openalex_reference,test,openalex_public_health_200
W4322758766,W2034324618,1,actual_openalex_reference,test,openalex_public_health_200
W4322758766,W2046036800,1,actual_openalex_reference,test,openalex_public_health_200
W4322758766,W2053334579,1,actual_openalex_reference,test,openalex_public_health_200
W4322758766,W2056337182,1,actual_openalex_reference,test,openalex_public_health_200
W4322758766,W2056650790,1,actual_openalex_reference,test,openalex_public_health_200
W4322758766,W2070817933,1,actual_openalex_reference,test,openalex_public_health_200
W4322758766,W2070938403,1,actual_openalex_reference,test,openalex_public_health_200
W4322758766,W2076096246,1,actual_openalex_reference,test,openalex_public_health_200
W4322758766,W2078776995,1,actual_openalex_reference,test,openalex_public_health_200
W4322758766,W2093264707,1,actual_openalex_reference,test,openalex_public_health_200
W4322758766,W2096020754,1,actual_openalex_reference,test,openalex_public_health_200
W4322758766,W2101814172,1,actual_openalex_reference,test,openalex_public_health_200
W4322758766,W2107197369,1,actual_openalex_reference,test,openalex_public_health_200
W4322758766,W2109533585,1,actual_openalex_reference,test,openalex_public_health_200
W4322758766,W2112600538,1,actual_openalex_reference,test,openalex_public_health_200
W4322758766,W2138340012,1,actual_openalex_reference,test,openalex_public_health_200
W4322758766,W2144431629,1,actual_openalex_reference,test,openalex_public_health_200
W4322758766,W2146714341,1,actual_openalex_reference,test,openalex_public_health_200
W4322758766,W2148487678,1,actual_openalex_reference,test,openalex_public_health_200
W4322758766,W2149397918,1,actual_openalex_reference,test,openalex_public_health_200
W4322758766,W2154119593,1,actual_openalex_reference,test,openalex_public_health_200
W4322758766,W2157101406,1,actual_openalex_reference,test,openalex_public_health_200
W4322758766,W2158081965,1,actual_openalex_reference,test,openalex_public_health_200
W4322758766,W2161896195,1,actual_openalex_reference,test,openalex_public_health_200
W4322758766,W2163368327,1,actual_openalex_reference,test,openalex_public_health_200
W4322758766,W2163394606,1,actual_openalex_reference,test,openalex_public_health_200
W4322758766,W2167536052,1,actual_openalex_reference,test,openalex_public_health_200
W4322758766,W2168362256,1,actual_openalex_reference,test,openalex_public_health_200
W4322758766,W2185800458,1,actual_openalex_reference,test,openalex_public_health_200
W4322758766,W2546101538,1,actual_openalex_reference,test,openalex_public_health_200
W4322758766,W2627365802,1,actual_openalex_reference,test,openalex_public_health_200
W4322758766,W2885554851,1,actual_openalex_reference,test,openalex_public_health_200
W4322758766,W2911290735,1,actual_openalex_reference,test,openalex_public_health_200
W4322758766,W2912553965,1,actual_openalex_reference,test,openalex_public_health_200
W4322758766,W2946304274,1,actual_openalex_reference,test,openalex_public_health_200
W4322758766,W2995529218,1,actual_openalex_reference,test,openalex_public_health_200
W4322758766,W3044514170,1,actual_openalex_reference,test,openalex_public_health_200
W4322758766,W3049260136,1,actual_openalex_reference,test,openalex_public_health_200
W4322758766,W3112746111,1,actual_openalex_reference,test,openalex_public_health_200
W4322758766,W3202327299,1,actual_openalex_reference,test,openalex_public_health_200
W4322758766,W3205666088,1,actual_openalex_reference,test,openalex_public_health_200
W4322758766,W4290391368,1,actual_openalex_reference,test,openalex_public_health_200
W4386743250,W1525155476,1,actual_openalex_reference,test,openalex_public_health_200
W4386743250,W1561161989,1,actual_openalex_reference,test,openalex_public_health_200
W4386743250,W1893716005,1,actual_openalex_reference,test,openalex_public_health_200
W4386743250,W1963078052,1,actual_openalex_reference,test,openalex_public_health_200
W4386743250,W1994609097,1,actual_openalex_reference,test,openalex_public_health_200
W4386743250,W2033831018,1,actual_openalex_reference,test,openalex_public_health_200
W4386743250,W2034967895,1,actual_openalex_reference,test,openalex_public_health_200
W4386743250,W2049080666,1,actual_openalex_reference,test,openalex_public_health_200
W4386743250,W2049453239,1,actual_openalex_reference,test,openalex_public_health_200
W4386743250,W2066452525,1,actual_openalex_reference,test,openalex_public_health_200
W4386743250,W2104496301,1,actual_openalex_reference,test,openalex_public_health_200
W4386743250,W2106579025,1,actual_openalex_reference,test,openalex_public_health_200
W4386743250,W2108741937,1,actual_openalex_reference,test,openalex_public_health_200
W4386743250,W2128294336,1,actual_openalex_reference,test,openalex_public_health_200
W4386743250,W2161279169,1,actual_openalex_reference,test,openalex_public_health_200
W4386743250,W2397468779,1,actual_openalex_reference,test,openalex_public_health_200
W4386743250,W2460182448,1,actual_openalex_reference,test,openalex_public_health_200
W4386743250,W2515871180,1,actual_openalex_reference,test,openalex_public_health_200
W4386743250,W2530873855,1,actual_openalex_reference,test,openalex_public_health_200
W4386743250,W2579561924,1,actual_openalex_reference,test,openalex_public_health_200
W4386743250,W2618259954,1,actual_openalex_reference,test,openalex_public_health_200
W4386743250,W2759709779,1,actual_openalex_reference,test,openalex_public_health_200
W4386743250,W2785685814,1,actual_openalex_reference,test,openalex_public_health_200
W4386743250,W2804348952,1,actual_openalex_reference,test,openalex_public_health_200
W4386743250,W2805052286,1,actual_openalex_reference,test,openalex_public_health_200
W4386743250,W2808512127,1,actual_openalex_reference,test,openalex_public_health_200
W4386743250,W2902387406,1,actual_openalex_reference,test,openalex_public_health_200
W4386743250,W2913044550,1,actual_openalex_reference,test,openalex_public_health_200
W4386743250,W2937491562,1,actual_openalex_reference,test,openalex_public_health_200
W4386743250,W2947083487,1,actual_openalex_reference,test,openalex_public_health_200
W4386743250,W2948264510,1,actual_openalex_reference,test,openalex_public_health_200
W4386743250,W2952554360,1,actual_openalex_reference,test,openalex_public_health_200
W4386743250,W2965034792,1,actual_openalex_reference,test,openalex_public_health_200
W4386743250,W2987758904,1,actual_openalex_reference,test,openalex_public_health_200
W4386743250,W2991524326,1,actual_openalex_reference,test,openalex_public_health_200
W4386743250,W2995003707,1,actual_openalex_reference,test,openalex_public_health_200
W4386743250,W2995830068,1,actual_openalex_reference,test,openalex_public_health_200
W4386743250,W3128675889,1,actual_openalex_reference,test,openalex_public_health_200
W4386743250,W3136912419,1,actual_openalex_reference,test,openalex_public_health_200
W4386743250,W3137651914,1,actual_openalex_reference,test,openalex_public_health_200
W4386743250,W3137819202,1,actual_openalex_reference,test,openalex_public_health_200
W4386743250,W3154529326,1,actual_openalex_reference,test,openalex_public_health_200
W4386743250,W3193715371,1,actual_openalex_reference,test,openalex_public_health_200
W4386743250,W3194022374,1,actual_openalex_reference,test,openalex_public_health_200
W4386743250,W3195927099,1,actual_openalex_reference,test,openalex_public_health_200
W4386743250,W3199376373,1,actual_openalex_reference,test,openalex_public_health_200
W4386743250,W3203467158,1,actual_openalex_reference,test,openalex_public_health_200
W4386743250,W3205736634,1,actual_openalex_reference,test,openalex_public_health_200
W4386743250,W4200110643,1,actual_openalex_reference,test,openalex_public_health_200
W4386743250,W4205146327,1,actual_openalex_reference,test,openalex_public_health_200
W4386743250,W4220799358,1,actual_openalex_reference,test,openalex_public_health_200
W4386743250,W4220981732,1,actual_openalex_reference,test,openalex_public_health_200
W4386743250,W4221137360,1,actual_openalex_reference,test,openalex_public_health_200
W4386743250,W4225274111,1,actual_openalex_reference,test,openalex_public_health_200
W4386743250,W4226126125,1,actual_openalex_reference,test,openalex_public_health_200
W4386743250,W4245637152,1,actual_openalex_reference,test,openalex_public_health_200
W4386743250,W4285048289,1,actual_openalex_reference,test,openalex_public_health_200
W4386743250,W4287510061,1,actual_openalex_reference,test,openalex_public_health_200
W4386743250,W4295813857,1,actual_openalex_reference,test,openalex_public_health_200
W4386743250,W4304193754,1,actual_openalex_reference,test,openalex_public_health_200
W4386743250,W4307412994,1,actual_openalex_reference,test,openalex_public_health_200
W4386743250,W4311477075,1,actual_openalex_reference,test,openalex_public_health_200
W4386743250,W4313493295,1,actual_openalex_reference,test,openalex_public_health_200
W4386743250,W4319936551,1,actual_openalex_reference,test,openalex_public_health_200
W4380677105,W1418648328,1,actual_openalex_reference,test,openalex_public_health_200
W4380677105,W1509476752,1,actual_openalex_reference,test,openalex_public_health_200
W4380677105,W1534146668,1,actual_openalex_reference,test,openalex_public_health_200
W4380677105,W2043201725,1,actual_openalex_reference,test,openalex_public_health_200
W4380677105,W2062116009,1,actual_openalex_reference,test,openalex_public_health_200
W4380677105,W2107707090,1,actual_openalex_reference,test,openalex_public_health_200
W4380677105,W2108938030,1,actual_openalex_reference,test,openalex_public_health_200
W4380677105,W2112844117,1,actual_openalex_reference,test,openalex_public_health_200
W4380677105,W2122080232,1,actual_openalex_reference,test,openalex_public_health_200
W4380677105,W2123625537,1,actual_openalex_reference,test,openalex_public_health_200
W4380677105,W2125374879,1,actual_openalex_reference,test,openalex_public_health_200
W4380677105,W2133959349,1,actual_openalex_reference,test,openalex_public_health_200
W4380677105,W2148924243,1,actual_openalex_reference,test,openalex_public_health_200
W4380677105,W2331376297,1,actual_openalex_reference,test,openalex_public_health_200
W4380677105,W2581684202,1,actual_openalex_reference,test,openalex_public_health_200
W4380677105,W2735376054,1,actual_openalex_reference,test,openalex_public_health_200
W4380677105,W2778746975,1,actual_openalex_reference,test,openalex_public_health_200
W4380677105,W2801542394,1,actual_openalex_reference,test,openalex_public_health_200
W4380677105,W2896615180,1,actual_openalex_reference,test,openalex_public_health_200
W4380677105,W3001945172,1,actual_openalex_reference,test,openalex_public_health_200
W4380677105,W4212934552,1,actual_openalex_reference,test,openalex_public_health_200
W4380677105,W4281620060,1,actual_openalex_reference,test,openalex_public_health_200
W4380677105,W4302194811,1,actual_openalex_reference,test,openalex_public_health_200
W4390884650,W1484864026,1,actual_openalex_reference,test,openalex_public_health_200
W4390884650,W2023510680,1,actual_openalex_reference,test,openalex_public_health_200
W4390884650,W2095102834,1,actual_openalex_reference,test,openalex_public_health_200
W4390884650,W2324798954,1,actual_openalex_reference,test,openalex_public_health_200
W4390884650,W2589986453,1,actual_openalex_reference,test,openalex_public_health_200
W4390884650,W2741249858,1,actual_openalex_reference,test,openalex_public_health_200
W4390884650,W2773419012,1,actual_openalex_reference,test,openalex_public_health_200
W4390884650,W2886901099,1,actual_openalex_reference,test,openalex_public_health_200
W4390884650,W2898473998,1,actual_openalex_reference,test,openalex_public_health_200
W4390884650,W2943244250,1,actual_openalex_reference,test,openalex_public_health_200
W4390884650,W2998159233,1,actual_openalex_reference,test,openalex_public_health_200
W4390884650,W3008593853,1,actual_openalex_reference,test,openalex_public_health_200
W4390884650,W3024497076,1,actual_openalex_reference,test,openalex_public_health_200
W4390884650,W3027720039,1,actual_openalex_reference,test,openalex_public_health_200
W4390884650,W3094294376,1,actual_openalex_reference,test,openalex_public_health_200
W4390884650,W3107334132,1,actual_openalex_reference,test,openalex_public_health_200
W4390884650,W3197950975,1,actual_openalex_reference,test,openalex_public_health_200
W4390884650,W3205343095,1,actual_openalex_reference,test,openalex_public_health_200
W4390884650,W4200347898,1,actual_openalex_reference,test,openalex_public_health_200
W4390884650,W4220883540,1,actual_openalex_reference,test,openalex_public_health_200
W4390884650,W4294767497,1,actual_openalex_reference,test,openalex_public_health_200
W4390884650,W4312212150,1,actual_openalex_reference,test,openalex_public_health_200
W4390884650,W4385429138,1,actual_openalex_reference,test,openalex_public_health_200
W4378173278,W1972242861,1,actual_openalex_reference,test,openalex_public_health_200
W4378173278,W2007898003,1,actual_openalex_reference,test,openalex_public_health_200
W4378173278,W2028345823,1,actual_openalex_reference,test,openalex_public_health_200
W4378173278,W2102582267,1,actual_openalex_reference,test,openalex_public_health_200
W4378173278,W2177219642,1,actual_openalex_reference,test,openalex_public_health_200
W4378173278,W2315302680,1,actual_openalex_reference,test,openalex_public_health_200
W4378173278,W3012787562,1,actual_openalex_reference,test,openalex_public_health_200
W4378173278,W3158891756,1,actual_openalex_reference,test,openalex_public_health_200
W4378173278,W3171743016,1,actual_openalex_reference,test,openalex_public_health_200
W4378173278,W4224312218,1,actual_openalex_reference,test,openalex_public_health_200
W4406951516,W1487000972,1,actual_openalex_reference,test,openalex_public_health_200
W4406951516,W1497487370,1,actual_openalex_reference,test,openalex_public_health_200
W4406951516,W1562933495,1,actual_openalex_reference,test,openalex_public_health_200
W4406951516,W1567644277,1,actual_openalex_reference,test,openalex_public_health_200
W4406951516,W1778706908,1,actual_openalex_reference,test,openalex_public_health_200
W4406951516,W1975946830,1,actual_openalex_reference,test,openalex_public_health_200
W4406951516,W1979388003,1,actual_openalex_reference,test,openalex_public_health_200
W4406951516,W1988705120,1,actual_openalex_reference,test,openalex_public_health_200
W4406951516,W1994229361,1,actual_openalex_reference,test,openalex_public_health_200
W4406951516,W1995399706,1,actual_openalex_reference,test,openalex_public_health_200
W4406951516,W1999853885,1,actual_openalex_reference,test,openalex_public_health_200
W4406951516,W2002396782,1,actual_openalex_reference,test,openalex_public_health_200
W4406951516,W2012256095,1,actual_openalex_reference,test,openalex_public_health_200
W4406951516,W2015451662,1,actual_openalex_reference,test,openalex_public_health_200
W4406951516,W2016035003,1,actual_openalex_reference,test,openalex_public_health_200
W4406951516,W2018255452,1,actual_openalex_reference,test,openalex_public_health_200
W4406951516,W2021604300,1,actual_openalex_reference,test,openalex_public_health_200
W4406951516,W2024632733,1,actual_openalex_reference,test,openalex_public_health_200
W4406951516,W2027768622,1,actual_openalex_reference,test,openalex_public_health_200
W4406951516,W2037557484,1,actual_openalex_reference,test,openalex_public_health_200
W4406951516,W2048147764,1,actual_openalex_reference,test,openalex_public_health_200
W4406951516,W2055837965,1,actual_openalex_reference,test,openalex_public_health_200
W4406951516,W2064554575,1,actual_openalex_reference,test,openalex_public_health_200
W4406951516,W2070257463,1,actual_openalex_reference,test,openalex_public_health_200
W4406951516,W2081228936,1,actual_openalex_reference,test,openalex_public_health_200
W4406951516,W2085279657,1,actual_openalex_reference,test,openalex_public_health_200
W4406951516,W2085848156,1,actual_openalex_reference,test,openalex_public_health_200
W4406951516,W2089457241,1,actual_openalex_reference,test,openalex_public_health_200
W4406951516,W2096318880,1,actual_openalex_reference,test,openalex_public_health_200
W4406951516,W2098206081,1,actual_openalex_reference,test,openalex_public_health_200
W4406951516,W2106203255,1,actual_openalex_reference,test,openalex_public_health_200
W4406951516,W2109887283,1,actual_openalex_reference,test,openalex_public_health_200
W4406951516,W2110859357,1,actual_openalex_reference,test,openalex_public_health_200
W4406951516,W2114359033,1,actual_openalex_reference,test,openalex_public_health_200
W4406951516,W2122757174,1,actual_openalex_reference,test,openalex_public_health_200
W4406951516,W2146220644,1,actual_openalex_reference,test,openalex_public_health_200
W4406951516,W2149059050,1,actual_openalex_reference,test,openalex_public_health_200
W4406951516,W2152261853,1,actual_openalex_reference,test,openalex_public_health_200
W4406951516,W2156495218,1,actual_openalex_reference,test,openalex_public_health_200
W4406951516,W2157823046,1,actual_openalex_reference,test,openalex_public_health_200
W4406951516,W2158686665,1,actual_openalex_reference,test,openalex_public_health_200
W4406951516,W2160799914,1,actual_openalex_reference,test,openalex_public_health_200
W4406951516,W2161475263,1,actual_openalex_reference,test,openalex_public_health_200
W4406951516,W2166712248,1,actual_openalex_reference,test,openalex_public_health_200
W4406951516,W2185897848,1,actual_openalex_reference,test,openalex_public_health_200
W4406951516,W2256729371,1,actual_openalex_reference,test,openalex_public_health_200
W4406951516,W2265508723,1,actual_openalex_reference,test,openalex_public_health_200
W4406951516,W2331307877,1,actual_openalex_reference,test,openalex_public_health_200
W4406951516,W2343068897,1,actual_openalex_reference,test,openalex_public_health_200
W4406951516,W2344112864,1,actual_openalex_reference,test,openalex_public_health_200
W4406951516,W2512864320,1,actual_openalex_reference,test,openalex_public_health_200
W4406951516,W2591898919,1,actual_openalex_reference,test,openalex_public_health_200
W4406951516,W2610353045,1,actual_openalex_reference,test,openalex_public_health_200
W4406951516,W2610610681,1,actual_openalex_reference,test,openalex_public_health_200
W4406951516,W2615740406,1,actual_openalex_reference,test,openalex_public_health_200
W4406951516,W2619799607,1,actual_openalex_reference,test,openalex_public_health_200
W4406951516,W2753009015,1,actual_openalex_reference,test,openalex_public_health_200
W4406951516,W2789365146,1,actual_openalex_reference,test,openalex_public_health_200
W4406951516,W2793001549,1,actual_openalex_reference,test,openalex_public_health_200
W4406951516,W2796960018,1,actual_openalex_reference,test,openalex_public_health_200
W4406951516,W2886879115,1,actual_openalex_reference,test,openalex_public_health_200
W4406951516,W2887692790,1,actual_openalex_reference,test,openalex_public_health_200
W4406951516,W2888084850,1,actual_openalex_reference,test,openalex_public_health_200
W4406951516,W2907404650,1,actual_openalex_reference,test,openalex_public_health_200
W4406951516,W2937361053,1,actual_openalex_reference,test,openalex_public_health_200
W4406951516,W2943845219,1,actual_openalex_reference,test,openalex_public_health_200
W4406951516,W2955362548,1,actual_openalex_reference,test,openalex_public_health_200
W4406951516,W2955978437,1,actual_openalex_reference,test,openalex_public_health_200
W4406951516,W2971001315,1,actual_openalex_reference,test,openalex_public_health_200
W4406951516,W3006519530,1,actual_openalex_reference,test,openalex_public_health_200
W4406951516,W3012585012,1,actual_openalex_reference,test,openalex_public_health_200
W4406951516,W3034416452,1,actual_openalex_reference,test,openalex_public_health_200
W4406951516,W3037207502,1,actual_openalex_reference,test,openalex_public_health_200
W4406951516,W3042498646,1,actual_openalex_reference,test,openalex_public_health_200
W4406951516,W3088993044,1,actual_openalex_reference,test,openalex_public_health_200
W4406951516,W3121493722,1,actual_openalex_reference,test,openalex_public_health_200
W4406951516,W3132469970,1,actual_openalex_reference,test,openalex_public_health_200
W4406951516,W3141051005,1,actual_openalex_reference,test,openalex_public_health_200
W4406951516,W3183312330,1,actual_openalex_reference,test,openalex_public_health_200
W4406951516,W3194104506,1,actual_openalex_reference,test,openalex_public_health_200
W4406951516,W3195465519,1,actual_openalex_reference,test,openalex_public_health_200
W4406951516,W3202990418,1,actual_openalex_reference,test,openalex_public_health_200
W4406951516,W4200374700,1,actual_openalex_reference,test,openalex_public_health_200
W4406951516,W4281296290,1,actual_openalex_reference,test,openalex_public_health_200
W4406951516,W4281390746,1,actual_openalex_reference,test,openalex_public_health_200
W4406951516,W4281756950,1,actual_openalex_reference,test,openalex_public_health_200
W4406951516,W4292250228,1,actual_openalex_reference,test,openalex_public_health_200
W4406951516,W4301586909,1,actual_openalex_reference,test,openalex_public_health_200
W4406951516,W4308955895,1,actual_openalex_reference,test,openalex_public_health_200
W4406951516,W4311830683,1,actual_openalex_reference,test,openalex_public_health_200
W4406951516,W4313218259,1,actual_openalex_reference,test,openalex_public_health_200
W4406951516,W4313423747,1,actual_openalex_reference,test,openalex_public_health_200
W4406951516,W4317821368,1,actual_openalex_reference,test,openalex_public_health_200
W4406951516,W4319082337,1,actual_openalex_reference,test,openalex_public_health_200
W4406951516,W4320855896,1,actual_openalex_reference,test,openalex_public_health_200
W4406951516,W4381793889,1,actual_openalex_reference,test,openalex_public_health_200
W4406951516,W4387694807,1,actual_openalex_reference,test,openalex_public_health_200
W4406951516,W4388520498,1,actual_openalex_reference,test,openalex_public_health_200
W4406951516,W4388681376,1,actual_openalex_reference,test,openalex_public_health_200
W4406951516,W4389481440,1,actual_openalex_reference,test,openalex_public_health_200
W4406951516,W4392592656,1,actual_openalex_reference,test,openalex_public_health_200
W4388408500,W1997405750,1,actual_openalex_reference,test,openalex_public_health_200
W4388408500,W2097202556,1,actual_openalex_reference,test,openalex_public_health_200
W4388408500,W2105102057,1,actual_openalex_reference,test,openalex_public_health_200
W4388408500,W2150913357,1,actual_openalex_reference,test,openalex_public_health_200
W4388408500,W2618851150,1,actual_openalex_reference,test,openalex_public_health_200
W4388408500,W2765992545,1,actual_openalex_reference,test,openalex_public_health_200
W4388408500,W2886687368,1,actual_openalex_reference,test,openalex_public_health_200
W4388408500,W2924399050,1,actual_openalex_reference,test,openalex_public_health_200
W4388408500,W2962862931,1,actual_openalex_reference,test,openalex_public_health_200
W4388408500,W3022406948,1,actual_openalex_reference,test,openalex_public_health_200
W4388408500,W3035152028,1,actual_openalex_reference,test,openalex_public_health_200
W4388408500,W3048402188,1,actual_openalex_reference,test,openalex_public_health_200
W4388408500,W3111752360,1,actual_openalex_reference,test,openalex_public_health_200
W4388408500,W3120427435,1,actual_openalex_reference,test,openalex_public_health_200
W4388408500,W3127029760,1,actual_openalex_reference,test,openalex_public_health_200
W4388408500,W3134812415,1,actual_openalex_reference,test,openalex_public_health_200
W4388408500,W3138099204,1,actual_openalex_reference,test,openalex_public_health_200
W4388408500,W3160843172,1,actual_openalex_reference,test,openalex_public_health_200
W4388408500,W3196642649,1,actual_openalex_reference,test,openalex_public_health_200
W4388408500,W3196889901,1,actual_openalex_reference,test,openalex_public_health_200
W4388408500,W4321787908,1,actual_openalex_reference,test,openalex_public_health_200
W4391145159,W1935962209,1,actual_openalex_reference,test,openalex_public_health_200
W4391145159,W1967114531,1,actual_openalex_reference,test,openalex_public_health_200
W4391145159,W2018084308,1,actual_openalex_reference,test,openalex_public_health_200
W4391145159,W2127673034,1,actual_openalex_reference,test,openalex_public_health_200
W4391145159,W2132974770,1,actual_openalex_reference,test,openalex_public_health_200
W4391145159,W2167503197,1,actual_openalex_reference,test,openalex_public_health_200
W4391145159,W2168594794,1,actual_openalex_reference,test,openalex_public_health_200
W4391145159,W2480433457,1,actual_openalex_reference,test,openalex_public_health_200
W4391145159,W2608446001,1,actual_openalex_reference,test,openalex_public_health_200
W4391145159,W2621305184,1,actual_openalex_reference,test,openalex_public_health_200
W4391145159,W2914014906,1,actual_openalex_reference,test,openalex_public_health_200
W4391145159,W2967315114,1,actual_openalex_reference,test,openalex_public_health_200
W4391145159,W3027936000,1,actual_openalex_reference,test,openalex_public_health_200
W4391145159,W3043787350,1,actual_openalex_reference,test,openalex_public_health_200
W4391145159,W3094506985,1,actual_openalex_reference,test,openalex_public_health_200
W4391145159,W3114997626,1,actual_openalex_reference,test,openalex_public_health_200
W4391145159,W3128785876,1,actual_openalex_reference,test,openalex_public_health_200
W4391145159,W4207039283,1,actual_openalex_reference,test,openalex_public_health_200
W4391145159,W4221114005,1,actual_openalex_reference,test,openalex_public_health_200
W4391145159,W4282919200,1,actual_openalex_reference,test,openalex_public_health_200
W4391145159,W4294668069,1,actual_openalex_reference,test,openalex_public_health_200
W4379535863,W12593514,1,actual_openalex_reference,test,openalex_public_health_200
W4379535863,W1504002008,1,actual_openalex_reference,test,openalex_public_health_200
W4379535863,W1738800656,1,actual_openalex_reference,test,openalex_public_health_200
W4379535863,W1998666778,1,actual_openalex_reference,test,openalex_public_health_200
W4379535863,W2013419753,1,actual_openalex_reference,test,openalex_public_health_200
W4379535863,W2051373600,1,actual_openalex_reference,test,openalex_public_health_200
W4379535863,W2068864833,1,actual_openalex_reference,test,openalex_public_health_200
W4379535863,W2104057213,1,actual_openalex_reference,test,openalex_public_health_200
W4379535863,W2106531356,1,actual_openalex_reference,test,openalex_public_health_200
W4379535863,W2132607367,1,actual_openalex_reference,test,openalex_public_health_200
W4379535863,W2155173154,1,actual_openalex_reference,test,openalex_public_health_200
W4379535863,W2160978056,1,actual_openalex_reference,test,openalex_public_health_200
W4379535863,W2185736427,1,actual_openalex_reference,test,openalex_public_health_200
W4379535863,W2298577200,1,actual_openalex_reference,test,openalex_public_health_200
W4379535863,W2552036997,1,actual_openalex_reference,test,openalex_public_health_200
W4379535863,W2561465639,1,actual_openalex_reference,test,openalex_public_health_200
W4379535863,W2762689525,1,actual_openalex_reference,test,openalex_public_health_200
W4379535863,W2809263275,1,actual_openalex_reference,test,openalex_public_health_200
W4379535863,W2811485232,1,actual_openalex_reference,test,openalex_public_health_200
W4379535863,W2920946424,1,actual_openalex_reference,test,openalex_public_health_200
W4379535863,W2931157677,1,actual_openalex_reference,test,openalex_public_health_200
W4379535863,W3152705473,1,actual_openalex_reference,test,openalex_public_health_200
W4379535863,W3186770515,1,actual_openalex_reference,test,openalex_public_health_200
W4379535863,W4220940767,1,actual_openalex_reference,test,openalex_public_health_200
W4379535863,W4220997273,1,actual_openalex_reference,test,openalex_public_health_200
W4379535863,W4234954338,1,actual_openalex_reference,test,openalex_public_health_200
W4379535863,W4284706961,1,actual_openalex_reference,test,openalex_public_health_200
W4379535863,W4293105048,1,actual_openalex_reference,test,openalex_public_health_200
W4391786176,W96440389,1,actual_openalex_reference,test,openalex_public_health_200
W4391786176,W167150692,1,actual_openalex_reference,test,openalex_public_health_200
W4391786176,W2028308897,1,actual_openalex_reference,test,openalex_public_health_200
W4391786176,W2140839461,1,actual_openalex_reference,test,openalex_public_health_200
W4391786176,W2153244834,1,actual_openalex_reference,test,openalex_public_health_200
W4391786176,W2337997036,1,actual_openalex_reference,test,openalex_public_health_200
W4391786176,W2416049508,1,actual_openalex_reference,test,openalex_public_health_200
W4391786176,W2792504922,1,actual_openalex_reference,test,openalex_public_health_200
W4391786176,W2899431402,1,actual_openalex_reference,test,openalex_public_health_200
W4391786176,W4229009235,1,actual_openalex_reference,test,openalex_public_health_200
W4403977424,W2013578576,1,actual_openalex_reference,test,openalex_public_health_200
W4403977424,W2532031923,1,actual_openalex_reference,test,openalex_public_health_200
W4403977424,W3096402020,1,actual_openalex_reference,test,openalex_public_health_200
W4403977424,W3106960351,1,actual_openalex_reference,test,openalex_public_health_200
W4403977424,W4323347441,1,actual_openalex_reference,test,openalex_public_health_200
W4403977424,W4366401669,1,actual_openalex_reference,test,openalex_public_health_200
W4403977424,W4386638803,1,actual_openalex_reference,test,openalex_public_health_200
W4403977424,W4387708294,1,actual_openalex_reference,test,openalex_public_health_200
W4403977424,W4389048023,1,actual_openalex_reference,test,openalex_public_health_200
W4403977424,W4390555006,1,actual_openalex_reference,test,openalex_public_health_200
W4403977424,W4391807746,1,actual_openalex_reference,test,openalex_public_health_200
W4403977424,W4393972594,1,actual_openalex_reference,test,openalex_public_health_200
W4403977424,W4398174758,1,actual_openalex_reference,test,openalex_public_health_200
W4403977424,W4399500626,1,actual_openalex_reference,test,openalex_public_health_200
W4393165654,W340427262,1,actual_openalex_reference,test,openalex_public_health_200
W4393165654,W949505399,1,actual_openalex_reference,test,openalex_public_health_200
W4393165654,W1931922687,1,actual_openalex_reference,test,openalex_public_health_200
W4393165654,W1972420563,1,actual_openalex_reference,test,openalex_public_health_200
W4393165654,W1987986314,1,actual_openalex_reference,test,openalex_public_health_200
W4393165654,W2007629892,1,actual_openalex_reference,test,openalex_public_health_200
W4393165654,W2015388605,1,actual_openalex_reference,test,openalex_public_health_200
W4393165654,W2024004980,1,actual_openalex_reference,test,openalex_public_health_200
W4393165654,W2060028595,1,actual_openalex_reference,test,openalex_public_health_200
W4393165654,W2078554713,1,actual_openalex_reference,test,openalex_public_health_200
W4393165654,W2097978957,1,actual_openalex_reference,test,openalex_public_health_200
W4393165654,W2099085143,1,actual_openalex_reference,test,openalex_public_health_200
W4393165654,W2113522472,1,actual_openalex_reference,test,openalex_public_health_200
W4393165654,W2118859920,1,actual_openalex_reference,test,openalex_public_health_200
W4393165654,W2119444539,1,actual_openalex_reference,test,openalex_public_health_200
W4393165654,W2119800520,1,actual_openalex_reference,test,openalex_public_health_200
W4393165654,W2122753628,1,actual_openalex_reference,test,openalex_public_health_200
W4393165654,W2130272097,1,actual_openalex_reference,test,openalex_public_health_200
W4393165654,W2137033565,1,actual_openalex_reference,test,openalex_public_health_200
W4393165654,W2142773663,1,actual_openalex_reference,test,openalex_public_health_200
W4393165654,W2147038136,1,actual_openalex_reference,test,openalex_public_health_200
W4393165654,W2149992227,1,actual_openalex_reference,test,openalex_public_health_200
W4393165654,W2162274751,1,actual_openalex_reference,test,openalex_public_health_200
W4393165654,W2167394796,1,actual_openalex_reference,test,openalex_public_health_200
W4393165654,W2168652819,1,actual_openalex_reference,test,openalex_public_health_200
W4393165654,W2170369422,1,actual_openalex_reference,test,openalex_public_health_200
W4393165654,W2235337769,1,actual_openalex_reference,test,openalex_public_health_200
W4393165654,W2267301389,1,actual_openalex_reference,test,openalex_public_health_200
W4393165654,W2418028534,1,actual_openalex_reference,test,openalex_public_health_200
W4393165654,W2530590997,1,actual_openalex_reference,test,openalex_public_health_200
W4393165654,W2539895521,1,actual_openalex_reference,test,openalex_public_health_200
W4393165654,W2545778327,1,actual_openalex_reference,test,openalex_public_health_200
W4393165654,W2552457465,1,actual_openalex_reference,test,openalex_public_health_200
W4393165654,W2559324192,1,actual_openalex_reference,test,openalex_public_health_200
W4393165654,W2586572121,1,actual_openalex_reference,test,openalex_public_health_200
W4393165654,W2725449842,1,actual_openalex_reference,test,openalex_public_health_200
W4393165654,W2728631269,1,actual_openalex_reference,test,openalex_public_health_200
W4393165654,W2740066316,1,actual_openalex_reference,test,openalex_public_health_200
W4393165654,W2767318416,1,actual_openalex_reference,test,openalex_public_health_200
W4393165654,W2785155226,1,actual_openalex_reference,test,openalex_public_health_200
W4393165654,W2787927001,1,actual_openalex_reference,test,openalex_public_health_200
W4393165654,W2790128637,1,actual_openalex_reference,test,openalex_public_health_200
W4393165654,W2792511320,1,actual_openalex_reference,test,openalex_public_health_200
W4393165654,W2803912068,1,actual_openalex_reference,test,openalex_public_health_200
W4393165654,W2809930648,1,actual_openalex_reference,test,openalex_public_health_200
W4393165654,W2884817568,1,actual_openalex_reference,test,openalex_public_health_200
W4393165654,W2913803367,1,actual_openalex_reference,test,openalex_public_health_200
W4393165654,W2923733843,1,actual_openalex_reference,test,openalex_public_health_200
W4393165654,W2949771812,1,actual_openalex_reference,test,openalex_public_health_200
W4393165654,W2949867654,1,actual_openalex_reference,test,openalex_public_health_200
W4393165654,W2950399408,1,actual_openalex_reference,test,openalex_public_health_200
W4393165654,W2951407752,1,actual_openalex_reference,test,openalex_public_health_200
W4393165654,W2953376513,1,actual_openalex_reference,test,openalex_public_health_200
W4393165654,W2969271119,1,actual_openalex_reference,test,openalex_public_health_200
W4393165654,W2983802053,1,actual_openalex_reference,test,openalex_public_health_200
W4393165654,W2986177632,1,actual_openalex_reference,test,openalex_public_health_200
W4393165654,W3018160686,1,actual_openalex_reference,test,openalex_public_health_200
W4393165654,W3021000798,1,actual_openalex_reference,test,openalex_public_health_200
W4393165654,W3047186578,1,actual_openalex_reference,test,openalex_public_health_200
W4393165654,W3082828004,1,actual_openalex_reference,test,openalex_public_health_200
W4393165654,W3088286028,1,actual_openalex_reference,test,openalex_public_health_200
W4393165654,W3095124337,1,actual_openalex_reference,test,openalex_public_health_200
W4393165654,W3112556428,1,actual_openalex_reference,test,openalex_public_health_200
W4393165654,W3134796170,1,actual_openalex_reference,test,openalex_public_health_200
W4393165654,W3154999102,1,actual_openalex_reference,test,openalex_public_health_200
W4393165654,W3158130085,1,actual_openalex_reference,test,openalex_public_health_200
W4393165654,W3165182384,1,actual_openalex_reference,test,openalex_public_health_200
W4393165654,W3165525129,1,actual_openalex_reference,test,openalex_public_health_200
W4393165654,W3204561130,1,actual_openalex_reference,test,openalex_public_health_200
W4393165654,W3208107712,1,actual_openalex_reference,test,openalex_public_health_200
W4393165654,W4200590659,1,actual_openalex_reference,test,openalex_public_health_200
W4393165654,W4205925671,1,actual_openalex_reference,test,openalex_public_health_200
W4393165654,W4224139973,1,actual_openalex_reference,test,openalex_public_health_200
W4393165654,W4225406492,1,actual_openalex_reference,test,openalex_public_health_200
W4393165654,W4291002766,1,actual_openalex_reference,test,openalex_public_health_200
W4393165654,W4295154874,1,actual_openalex_reference,test,openalex_public_health_200
W4393165654,W4298139896,1,actual_openalex_reference,test,openalex_public_health_200
W4393165654,W4306153989,1,actual_openalex_reference,test,openalex_public_health_200
W4393165654,W4313480025,1,actual_openalex_reference,test,openalex_public_health_200
W4393165654,W4321239599,1,actual_openalex_reference,test,openalex_public_health_200
W4393165654,W4382599683,1,actual_openalex_reference,test,openalex_public_health_200
W4393165654,W4387540959,1,actual_openalex_reference,test,openalex_public_health_200
W4397040413,W1976059582,1,actual_openalex_reference,test,openalex_public_health_200
W4397040413,W1996848020,1,actual_openalex_reference,test,openalex_public_health_200
W4397040413,W2009233643,1,actual_openalex_reference,test,openalex_public_health_200
W4397040413,W2011498449,1,actual_openalex_reference,test,openalex_public_health_200
W4397040413,W2063939061,1,actual_openalex_reference,test,openalex_public_health_200
W4397040413,W2122639668,1,actual_openalex_reference,test,openalex_public_health_200
W4397040413,W2132894645,1,actual_openalex_reference,test,openalex_public_health_200
W4397040413,W2160517070,1,actual_openalex_reference,test,openalex_public_health_200
W4397040413,W2176002782,1,actual_openalex_reference,test,openalex_public_health_200
W4397040413,W2341244791,1,actual_openalex_reference,test,openalex_public_health_200
W4397040413,W2399250750,1,actual_openalex_reference,test,openalex_public_health_200
W4397040413,W2538729894,1,actual_openalex_reference,test,openalex_public_health_200
W4397040413,W2622788893,1,actual_openalex_reference,test,openalex_public_health_200
W4397040413,W2853298552,1,actual_openalex_reference,test,openalex_public_health_200
W4397040413,W2910449636,1,actual_openalex_reference,test,openalex_public_health_200
W4397040413,W2944723594,1,actual_openalex_reference,test,openalex_public_health_200
W4397040413,W2969341676,1,actual_openalex_reference,test,openalex_public_health_200
W4397040413,W2998624130,1,actual_openalex_reference,test,openalex_public_health_200
W4397040413,W3008931071,1,actual_openalex_reference,test,openalex_public_health_200
W4397040413,W3122180754,1,actual_openalex_reference,test,openalex_public_health_200
W4397040413,W3184354049,1,actual_openalex_reference,test,openalex_public_health_200
W4397040413,W3197002717,1,actual_openalex_reference,test,openalex_public_health_200
W4397040413,W3212379938,1,actual_openalex_reference,test,openalex_public_health_200
W4397040413,W4225276640,1,actual_openalex_reference,test,openalex_public_health_200
W4397040413,W4294188995,1,actual_openalex_reference,test,openalex_public_health_200
W4397040413,W4307179393,1,actual_openalex_reference,test,openalex_public_health_200
W4397040413,W4381165325,1,actual_openalex_reference,test,openalex_public_health_200
W4397040413,W4387081884,1,actual_openalex_reference,test,openalex_public_health_200
W4397040413,W4388024197,1,actual_openalex_reference,test,openalex_public_health_200
W4397040413,W4388798685,1,actual_openalex_reference,test,openalex_public_health_200
W4397040413,W4391303818,1,actual_openalex_reference,test,openalex_public_health_200
W4409152842,W276378826,1,actual_openalex_reference,test,openalex_public_health_200
W4409152842,W1967407510,1,actual_openalex_reference,test,openalex_public_health_200
W4409152842,W1970232220,1,actual_openalex_reference,test,openalex_public_health_200
W4409152842,W2020816047,1,actual_openalex_reference,test,openalex_public_health_200
W4409152842,W2037613342,1,actual_openalex_reference,test,openalex_public_health_200
W4409152842,W2062859898,1,actual_openalex_reference,test,openalex_public_health_200
W4409152842,W2082429191,1,actual_openalex_reference,test,openalex_public_health_200
W4409152842,W2083372859,1,actual_openalex_reference,test,openalex_public_health_200
W4409152842,W2096064309,1,actual_openalex_reference,test,openalex_public_health_200
W4409152842,W2098167941,1,actual_openalex_reference,test,openalex_public_health_200
W4409152842,W2103747393,1,actual_openalex_reference,test,openalex_public_health_200
W4409152842,W2112880160,1,actual_openalex_reference,test,openalex_public_health_200
W4409152842,W2122994276,1,actual_openalex_reference,test,openalex_public_health_200
W4409152842,W2124026197,1,actual_openalex_reference,test,openalex_public_health_200
W4409152842,W2129153475,1,actual_openalex_reference,test,openalex_public_health_200
W4409152842,W2163341755,1,actual_openalex_reference,test,openalex_public_health_200
W4409152842,W2168974130,1,actual_openalex_reference,test,openalex_public_health_200
W4409152842,W2290466312,1,actual_openalex_reference,test,openalex_public_health_200
W4409152842,W2318325277,1,actual_openalex_reference,test,openalex_public_health_200
W4409152842,W2466579264,1,actual_openalex_reference,test,openalex_public_health_200
W4409152842,W2572413358,1,actual_openalex_reference,test,openalex_public_health_200
W4409152842,W2752591735,1,actual_openalex_reference,test,openalex_public_health_200
W4409152842,W2765322245,1,actual_openalex_reference,test,openalex_public_health_200
W4409152842,W2790057789,1,actual_openalex_reference,test,openalex_public_health_200
W4409152842,W2795830099,1,actual_openalex_reference,test,openalex_public_health_200
W4409152842,W3013374708,1,actual_openalex_reference,test,openalex_public_health_200
W4409152842,W3023915741,1,actual_openalex_reference,test,openalex_public_health_200
W4409152842,W3031193514,1,actual_openalex_reference,test,openalex_public_health_200
W4409152842,W3037383844,1,actual_openalex_reference,test,openalex_public_health_200
W4409152842,W3083406432,1,actual_openalex_reference,test,openalex_public_health_200
W4409152842,W3091611681,1,actual_openalex_reference,test,openalex_public_health_200
W4409152842,W3091955191,1,actual_openalex_reference,test,openalex_public_health_200
W4409152842,W3126232912,1,actual_openalex_reference,test,openalex_public_health_200
W4409152842,W3133550736,1,actual_openalex_reference,test,openalex_public_health_200
W4409152842,W3149078497,1,actual_openalex_reference,test,openalex_public_health_200
W4409152842,W3167019654,1,actual_openalex_reference,test,openalex_public_health_200
W4409152842,W3177828909,1,actual_openalex_reference,test,openalex_public_health_200
W4409152842,W3188896950,1,actual_openalex_reference,test,openalex_public_health_200
W4409152842,W3189646261,1,actual_openalex_reference,test,openalex_public_health_200
W4409152842,W3201920193,1,actual_openalex_reference,test,openalex_public_health_200
W4409152842,W3207670255,1,actual_openalex_reference,test,openalex_public_health_200
W4409152842,W4223416633,1,actual_openalex_reference,test,openalex_public_health_200
W4409152842,W4224795202,1,actual_openalex_reference,test,openalex_public_health_200
W4409152842,W4224862904,1,actual_openalex_reference,test,openalex_public_health_200
W4409152842,W4225286967,1,actual_openalex_reference,test,openalex_public_health_200
W4409152842,W4230962467,1,actual_openalex_reference,test,openalex_public_health_200
W4409152842,W4248872320,1,actual_openalex_reference,test,openalex_public_health_200
W4409152842,W4281790889,1,actual_openalex_reference,test,openalex_public_health_200
W4409152842,W4283270353,1,actual_openalex_reference,test,openalex_public_health_200
W4409152842,W4284710161,1,actual_openalex_reference,test,openalex_public_health_200
W4409152842,W4302009232,1,actual_openalex_reference,test,openalex_public_health_200
W4409152842,W4323359837,1,actual_openalex_reference,test,openalex_public_health_200
W4409152842,W4327907165,1,actual_openalex_reference,test,openalex_public_health_200
W4409152842,W4361217381,1,actual_openalex_reference,test,openalex_public_health_200
W4409152842,W4367672587,1,actual_openalex_reference,test,openalex_public_health_200
W4409152842,W4368343294,1,actual_openalex_reference,test,openalex_public_health_200
W4409152842,W4376115227,1,actual_openalex_reference,test,openalex_public_health_200
W4409152842,W4385409809,1,actual_openalex_reference,test,openalex_public_health_200
W4409152842,W4391328340,1,actual_openalex_reference,test,openalex_public_health_200
W4409152842,W4393279561,1,actual_openalex_reference,test,openalex_public_health_200
W4409152842,W4393985831,1,actual_openalex_reference,test,openalex_public_health_200
W4409152842,W4396504194,1,actual_openalex_reference,test,openalex_public_health_200
W4409152842,W4399180445,1,actual_openalex_reference,test,openalex_public_health_200
W4409152842,W4399469045,1,actual_openalex_reference,test,openalex_public_health_200
W4409152842,W4399721522,1,actual_openalex_reference,test,openalex_public_health_200
W4409152842,W4400906358,1,actual_openalex_reference,test,openalex_public_health_200
W4409152842,W4402039601,1,actual_openalex_reference,test,openalex_public_health_200
W4321016488,W1976540977,1,actual_openalex_reference,test,openalex_public_health_200
W4321016488,W2000463295,1,actual_openalex_reference,test,openalex_public_health_200
W4321016488,W2035655441,1,actual_openalex_reference,test,openalex_public_health_200
W4321016488,W2047641691,1,actual_openalex_reference,test,openalex_public_health_200
W4321016488,W2142408683,1,actual_openalex_reference,test,openalex_public_health_200
W4321016488,W2146575867,1,actual_openalex_reference,test,openalex_public_health_200
W4321016488,W2152815564,1,actual_openalex_reference,test,openalex_public_health_200
W4321016488,W2154794026,1,actual_openalex_reference,test,openalex_public_health_200
W4321016488,W2293621304,1,actual_openalex_reference,test,openalex_public_health_200
W4321016488,W2319336489,1,actual_openalex_reference,test,openalex_public_health_200
W4321016488,W2338349399,1,actual_openalex_reference,test,openalex_public_health_200
W4321016488,W2562170589,1,actual_openalex_reference,test,openalex_public_health_200
W4321016488,W2573914304,1,actual_openalex_reference,test,openalex_public_health_200
W4321016488,W2603592506,1,actual_openalex_reference,test,openalex_public_health_200
W4321016488,W2605610464,1,actual_openalex_reference,test,openalex_public_health_200
W4321016488,W2789692613,1,actual_openalex_reference,test,openalex_public_health_200
W4321016488,W2800651690,1,actual_openalex_reference,test,openalex_public_health_200
W4321016488,W2911640446,1,actual_openalex_reference,test,openalex_public_health_200
W4321016488,W2915300568,1,actual_openalex_reference,test,openalex_public_health_200
W4321016488,W2917748843,1,actual_openalex_reference,test,openalex_public_health_200
W4321016488,W2964500345,1,actual_openalex_reference,test,openalex_public_health_200
W4321016488,W2991360884,1,actual_openalex_reference,test,openalex_public_health_200
W4321016488,W2993589240,1,actual_openalex_reference,test,openalex_public_health_200
W4321016488,W2999226656,1,actual_openalex_reference,test,openalex_public_health_200
W4321016488,W3012820582,1,actual_openalex_reference,test,openalex_public_health_200
W4321016488,W3013596322,1,actual_openalex_reference,test,openalex_public_health_200
W4321016488,W3047655780,1,actual_openalex_reference,test,openalex_public_health_200
W4321016488,W3049152847,1,actual_openalex_reference,test,openalex_public_health_200
W4321016488,W3093262577,1,actual_openalex_reference,test,openalex_public_health_200
W4321016488,W3159879821,1,actual_openalex_reference,test,openalex_public_health_200
W4321016488,W3167314090,1,actual_openalex_reference,test,openalex_public_health_200
W4321016488,W4200099280,1,actual_openalex_reference,test,openalex_public_health_200
W4321016488,W4280594477,1,actual_openalex_reference,test,openalex_public_health_200
W4381250029,W119649473,1,actual_openalex_reference,test,openalex_public_health_200
W4381250029,W158971885,1,actual_openalex_reference,test,openalex_public_health_200
W4381250029,W1809230663,1,actual_openalex_reference,test,openalex_public_health_200
W4381250029,W1932640386,1,actual_openalex_reference,test,openalex_public_health_200
W4381250029,W2057847137,1,actual_openalex_reference,test,openalex_public_health_200
W4381250029,W2078893656,1,actual_openalex_reference,test,openalex_public_health_200
W4381250029,W2107934786,1,actual_openalex_reference,test,openalex_public_health_200
W4381250029,W2129658376,1,actual_openalex_reference,test,openalex_public_health_200
W4381250029,W2139116636,1,actual_openalex_reference,test,openalex_public_health_200
W4381250029,W2155631006,1,actual_openalex_reference,test,openalex_public_health_200
W4381250029,W2157146503,1,actual_openalex_reference,test,openalex_public_health_200
W4381250029,W2158296941,1,actual_openalex_reference,test,openalex_public_health_200
W4381250029,W2171916300,1,actual_openalex_reference,test,openalex_public_health_200
W4381250029,W2262182479,1,actual_openalex_reference,test,openalex_public_health_200
W4381250029,W2265755165,1,actual_openalex_reference,test,openalex_public_health_200
W4381250029,W2604459030,1,actual_openalex_reference,test,openalex_public_health_200
W4381250029,W2606247503,1,actual_openalex_reference,test,openalex_public_health_200
W4381250029,W2616807020,1,actual_openalex_reference,test,openalex_public_health_200
W4381250029,W2761498056,1,actual_openalex_reference,test,openalex_public_health_200
W4381250029,W2765815272,1,actual_openalex_reference,test,openalex_public_health_200
W4381250029,W2782607491,1,actual_openalex_reference,test,openalex_public_health_200
W4381250029,W2801536245,1,actual_openalex_reference,test,openalex_public_health_200
W4381250029,W2803843936,1,actual_openalex_reference,test,openalex_public_health_200
W4381250029,W2804186780,1,actual_openalex_reference,test,openalex_public_health_200
W4381250029,W2968633786,1,actual_openalex_reference,test,openalex_public_health_200
W4381250029,W2981915126,1,actual_openalex_reference,test,openalex_public_health_200
W4381250029,W3024577114,1,actual_openalex_reference,test,openalex_public_health_200
W4381250029,W3083075450,1,actual_openalex_reference,test,openalex_public_health_200
W4381250029,W3133676810,1,actual_openalex_reference,test,openalex_public_health_200
W4381250029,W3152318336,1,actual_openalex_reference,test,openalex_public_health_200
W4381250029,W3183821498,1,actual_openalex_reference,test,openalex_public_health_200
W4381250029,W4247307618,1,actual_openalex_reference,test,openalex_public_health_200
W4381250029,W4303696321,1,actual_openalex_reference,test,openalex_public_health_200
W4361286060,W2027414202,1,actual_openalex_reference,test,openalex_public_health_200
W4361286060,W2092720062,1,actual_openalex_reference,test,openalex_public_health_200
W4361286060,W2115158098,1,actual_openalex_reference,test,openalex_public_health_200
W4361286060,W2128555222,1,actual_openalex_reference,test,openalex_public_health_200
W4361286060,W2274563858,1,actual_openalex_reference,test,openalex_public_health_200
W4361286060,W2417586247,1,actual_openalex_reference,test,openalex_public_health_200
W4361286060,W4250043586,1,actual_openalex_reference,test,openalex_public_health_200
W4387668598,W1498177998,1,actual_openalex_reference,test,openalex_public_health_200
W4387668598,W1813126036,1,actual_openalex_reference,test,openalex_public_health_200
W4387668598,W1971797578,1,actual_openalex_reference,test,openalex_public_health_200
W4387668598,W1997121422,1,actual_openalex_reference,test,openalex_public_health_200
W4387668598,W1997378480,1,actual_openalex_reference,test,openalex_public_health_200
W4387668598,W2009982325,1,actual_openalex_reference,test,openalex_public_health_200
W4387668598,W2014142722,1,actual_openalex_reference,test,openalex_public_health_200
W4387668598,W2062077984,1,actual_openalex_reference,test,openalex_public_health_200
W4387668598,W2092147963,1,actual_openalex_reference,test,openalex_public_health_200
W4387668598,W2132053012,1,actual_openalex_reference,test,openalex_public_health_200
W4387668598,W2295167515,1,actual_openalex_reference,test,openalex_public_health_200
W4387668598,W2315413233,1,actual_openalex_reference,test,openalex_public_health_200
W4387668598,W2331693782,1,actual_openalex_reference,test,openalex_public_health_200
W4387668598,W2333298561,1,actual_openalex_reference,test,openalex_public_health_200
W4387668598,W2550363388,1,actual_openalex_reference,test,openalex_public_health_200
W4387668598,W2575716667,1,actual_openalex_reference,test,openalex_public_health_200
W4387668598,W2609922584,1,actual_openalex_reference,test,openalex_public_health_200
W4387668598,W2796172345,1,actual_openalex_reference,test,openalex_public_health_200
W4387668598,W2908625725,1,actual_openalex_reference,test,openalex_public_health_200
W4387668598,W2911860197,1,actual_openalex_reference,test,openalex_public_health_200
W4387668598,W2940588384,1,actual_openalex_reference,test,openalex_public_health_200
W4387668598,W2950885645,1,actual_openalex_reference,test,openalex_public_health_200
W4387668598,W3022535278,1,actual_openalex_reference,test,openalex_public_health_200
W4387668598,W3047784793,1,actual_openalex_reference,test,openalex_public_health_200
W4387668598,W3092773346,1,actual_openalex_reference,test,openalex_public_health_200
W4387668598,W3130246887,1,actual_openalex_reference,test,openalex_public_health_200
W4387668598,W3159598791,1,actual_openalex_reference,test,openalex_public_health_200
W4387668598,W3193782309,1,actual_openalex_reference,test,openalex_public_health_200
W4387668598,W4383371087,1,actual_openalex_reference,test,openalex_public_health_200
W4387668598,W4383820047,1,actual_openalex_reference,test,openalex_public_health_200
W4394912117,W1685900114,1,actual_openalex_reference,test,openalex_public_health_200
W4394912117,W1977440249,1,actual_openalex_reference,test,openalex_public_health_200
W4394912117,W2017109985,1,actual_openalex_reference,test,openalex_public_health_200
W4394912117,W2058310491,1,actual_openalex_reference,test,openalex_public_health_200
W4394912117,W2065344169,1,actual_openalex_reference,test,openalex_public_health_200
W4394912117,W2078241739,1,actual_openalex_reference,test,openalex_public_health_200
W4394912117,W2104882209,1,actual_openalex_reference,test,openalex_public_health_200
W4394912117,W2105717070,1,actual_openalex_reference,test,openalex_public_health_200
W4394912117,W2113797612,1,actual_openalex_reference,test,openalex_public_health_200
W4394912117,W2161254436,1,actual_openalex_reference,test,openalex_public_health_200
W4394912117,W2171032518,1,actual_openalex_reference,test,openalex_public_health_200
W4394912117,W2294517449,1,actual_openalex_reference,test,openalex_public_health_200
W4394912117,W2317484485,1,actual_openalex_reference,test,openalex_public_health_200
W4394912117,W2319638768,1,actual_openalex_reference,test,openalex_public_health_200
W4394912117,W2333337175,1,actual_openalex_reference,test,openalex_public_health_200
W4394912117,W2464700444,1,actual_openalex_reference,test,openalex_public_health_200
W4394912117,W2473912624,1,actual_openalex_reference,test,openalex_public_health_200
W4394912117,W2512616244,1,actual_openalex_reference,test,openalex_public_health_200
W4394912117,W2519857811,1,actual_openalex_reference,test,openalex_public_health_200
W4394912117,W2549292870,1,actual_openalex_reference,test,openalex_public_health_200
W4394912117,W2594015507,1,actual_openalex_reference,test,openalex_public_health_200
W4394912117,W2736144330,1,actual_openalex_reference,test,openalex_public_health_200
W4394912117,W2789288632,1,actual_openalex_reference,test,openalex_public_health_200
W4394912117,W2802133977,1,actual_openalex_reference,test,openalex_public_health_200
W4394912117,W2807916740,1,actual_openalex_reference,test,openalex_public_health_200
W4394912117,W2890150891,1,actual_openalex_reference,test,openalex_public_health_200
W4394912117,W2899709838,1,actual_openalex_reference,test,openalex_public_health_200
W4394912117,W2948360678,1,actual_openalex_reference,test,openalex_public_health_200
W4394912117,W3010290720,1,actual_openalex_reference,test,openalex_public_health_200
W4394912117,W4220950708,1,actual_openalex_reference,test,openalex_public_health_200
W4394912117,W4225277554,1,actual_openalex_reference,test,openalex_public_health_200
W4394912117,W4254924799,1,actual_openalex_reference,test,openalex_public_health_200
W4394912117,W4282930918,1,actual_openalex_reference,test,openalex_public_health_200
W4394912117,W4310809449,1,actual_openalex_reference,test,openalex_public_health_200
W4394912117,W4313317241,1,actual_openalex_reference,test,openalex_public_health_200
W4394912117,W4388771896,1,actual_openalex_reference,test,openalex_public_health_200
W4316254318,W1731609304,1,actual_openalex_reference,test,openalex_public_health_200
W4316254318,W2035280000,1,actual_openalex_reference,test,openalex_public_health_200
W4316254318,W2095337039,1,actual_openalex_reference,test,openalex_public_health_200
W4316254318,W2135491220,1,actual_openalex_reference,test,openalex_public_health_200
W4316254318,W2139243915,1,actual_openalex_reference,test,openalex_public_health_200
W4316254318,W2146361074,1,actual_openalex_reference,test,openalex_public_health_200
W4316254318,W2161145174,1,actual_openalex_reference,test,openalex_public_health_200
W4316254318,W2510166876,1,actual_openalex_reference,test,openalex_public_health_200
W4316254318,W2739307655,1,actual_openalex_reference,test,openalex_public_health_200
W4316254318,W2781197506,1,actual_openalex_reference,test,openalex_public_health_200
W4316254318,W2783782203,1,actual_openalex_reference,test,openalex_public_health_200
W4316254318,W2791503638,1,actual_openalex_reference,test,openalex_public_health_200
W4316254318,W2803328587,1,actual_openalex_reference,test,openalex_public_health_200
W4316254318,W2811341285,1,actual_openalex_reference,test,openalex_public_health_200
W4316254318,W2888318695,1,actual_openalex_reference,test,openalex_public_health_200
W4316254318,W2895014091,1,actual_openalex_reference,test,openalex_public_health_200
W4316254318,W2956587597,1,actual_openalex_reference,test,openalex_public_health_200
W4316254318,W3044591296,1,actual_openalex_reference,test,openalex_public_health_200
W4316254318,W3083159913,1,actual_openalex_reference,test,openalex_public_health_200
W4316254318,W3094791310,1,actual_openalex_reference,test,openalex_public_health_200
W4316254318,W4205868340,1,actual_openalex_reference,test,openalex_public_health_200
W4316254318,W4206285160,1,actual_openalex_reference,test,openalex_public_health_200
W4316254318,W4214605708,1,actual_openalex_reference,test,openalex_public_health_200
W4316254318,W4225546353,1,actual_openalex_reference,test,openalex_public_health_200
W4316254318,W4287147126,1,actual_openalex_reference,test,openalex_public_health_200
W4316254318,W4294959532,1,actual_openalex_reference,test,openalex_public_health_200
W4408238737,W2019881421,1,actual_openalex_reference,test,openalex_public_health_200
W4408238737,W2144589352,1,actual_openalex_reference,test,openalex_public_health_200
W4408238737,W2164627518,1,actual_openalex_reference,test,openalex_public_health_200
W4408238737,W2280404143,1,actual_openalex_reference,test,openalex_public_health_200
W4408238737,W2744096412,1,actual_openalex_reference,test,openalex_public_health_200
W4408238737,W2939370765,1,actual_openalex_reference,test,openalex_public_health_200
W4408238737,W2982027455,1,actual_openalex_reference,test,openalex_public_health_200
W4408238737,W3092099992,1,actual_openalex_reference,test,openalex_public_health_200
W4408238737,W3129417435,1,actual_openalex_reference,test,openalex_public_health_200
W4408238737,W3135995051,1,actual_openalex_reference,test,openalex_public_health_200
W4408238737,W3175449766,1,actual_openalex_reference,test,openalex_public_health_200
W4408238737,W3214221365,1,actual_openalex_reference,test,openalex_public_health_200
W4408238737,W4205238243,1,actual_openalex_reference,test,openalex_public_health_200
W4408238737,W4213330133,1,actual_openalex_reference,test,openalex_public_health_200
W4408238737,W4214948077,1,actual_openalex_reference,test,openalex_public_health_200
W4408238737,W4280491279,1,actual_openalex_reference,test,openalex_public_health_200
W4408238737,W4282032903,1,actual_openalex_reference,test,openalex_public_health_200
W4408238737,W4307836675,1,actual_openalex_reference,test,openalex_public_health_200
W4403772883,W78952707,1,actual_openalex_reference,test,openalex_public_health_200
W4403772883,W2103921658,1,actual_openalex_reference,test,openalex_public_health_200
W4403772883,W2117648121,1,actual_openalex_reference,test,openalex_public_health_200
W4403772883,W2131480333,1,actual_openalex_reference,test,openalex_public_health_200
W4403772883,W2474812513,1,actual_openalex_reference,test,openalex_public_health_200
W4403772883,W2599076725,1,actual_openalex_reference,test,openalex_public_health_200
W4403772883,W2754672704,1,actual_openalex_reference,test,openalex_public_health_200
W4403772883,W2792841583,1,actual_openalex_reference,test,openalex_public_health_200
W4403772883,W2899736836,1,actual_openalex_reference,test,openalex_public_health_200
W4403772883,W2950193649,1,actual_openalex_reference,test,openalex_public_health_200
W4403772883,W2995815611,1,actual_openalex_reference,test,openalex_public_health_200
W4403772883,W3096170166,1,actual_openalex_reference,test,openalex_public_health_200
W4403772883,W3154785342,1,actual_openalex_reference,test,openalex_public_health_200
W4403772883,W3165545249,1,actual_openalex_reference,test,openalex_public_health_200
W4403772883,W3189467104,1,actual_openalex_reference,test,openalex_public_health_200
W4403772883,W3193823764,1,actual_openalex_reference,test,openalex_public_health_200
W4403772883,W3204414664,1,actual_openalex_reference,test,openalex_public_health_200
W4403772883,W4225335623,1,actual_openalex_reference,test,openalex_public_health_200
W4403772883,W4282931476,1,actual_openalex_reference,test,openalex_public_health_200
W4403772883,W4318753727,1,actual_openalex_reference,test,openalex_public_health_200
W4403772883,W4321442942,1,actual_openalex_reference,test,openalex_public_health_200
W4403772883,W4321997040,1,actual_openalex_reference,test,openalex_public_health_200
W4403772883,W4384923284,1,actual_openalex_reference,test,openalex_public_health_200
W4403772883,W4390110281,1,actual_openalex_reference,test,openalex_public_health_200
W4403772883,W4392741560,1,actual_openalex_reference,test,openalex_public_health_200
W4403772883,W4399602556,1,actual_openalex_reference,test,openalex_public_health_200
W4318933571,W1996478032,1,actual_openalex_reference,test,openalex_public_health_200
W4318933571,W1997450391,1,actual_openalex_reference,test,openalex_public_health_200
W4318933571,W2006121766,1,actual_openalex_reference,test,openalex_public_health_200
W4318933571,W2051239218,1,actual_openalex_reference,test,openalex_public_health_200
W4318933571,W2069984855,1,actual_openalex_reference,test,openalex_public_health_200
W4318933571,W2129508295,1,actual_openalex_reference,test,openalex_public_health_200
W4318933571,W2146419309,1,actual_openalex_reference,test,openalex_public_health_200
W4318933571,W2315828240,1,actual_openalex_reference,test,openalex_public_health_200
W4318933571,W2324789400,1,actual_openalex_reference,test,openalex_public_health_200
W4318933571,W2405329598,1,actual_openalex_reference,test,openalex_public_health_200
W4318933571,W2577147592,1,actual_openalex_reference,test,openalex_public_health_200
W4318933571,W2746534641,1,actual_openalex_reference,test,openalex_public_health_200
W4318933571,W2788836194,1,actual_openalex_reference,test,openalex_public_health_200
W4318933571,W2789871640,1,actual_openalex_reference,test,openalex_public_health_200
W4318933571,W2792529000,1,actual_openalex_reference,test,openalex_public_health_200
W4318933571,W2890318547,1,actual_openalex_reference,test,openalex_public_health_200
W4318933571,W2967193805,1,actual_openalex_reference,test,openalex_public_health_200
W4318933571,W2979661385,1,actual_openalex_reference,test,openalex_public_health_200
W4318933571,W3012881043,1,actual_openalex_reference,test,openalex_public_health_200
W4318933571,W3032859865,1,actual_openalex_reference,test,openalex_public_health_200
W4318933571,W3130034921,1,actual_openalex_reference,test,openalex_public_health_200
W4318933571,W3162112657,1,actual_openalex_reference,test,openalex_public_health_200
W4318933571,W4231899502,1,actual_openalex_reference,test,openalex_public_health_200
W4318933571,W4296028940,1,actual_openalex_reference,test,openalex_public_health_200
W4378783273,W101908096,1,actual_openalex_reference,test,openalex_public_health_200
W4378783273,W794325576,1,actual_openalex_reference,test,openalex_public_health_200
W4378783273,W1970440676,1,actual_openalex_reference,test,openalex_public_health_200
W4378783273,W2014347668,1,actual_openalex_reference,test,openalex_public_health_200
W4378783273,W2031293784,1,actual_openalex_reference,test,openalex_public_health_200
W4378783273,W2141249815,1,actual_openalex_reference,test,openalex_public_health_200
W4378783273,W2317341810,1,actual_openalex_reference,test,openalex_public_health_200
W4378783273,W2553702860,1,actual_openalex_reference,test,openalex_public_health_200
W4378783273,W2607071054,1,actual_openalex_reference,test,openalex_public_health_200
W4378783273,W2785443504,1,actual_openalex_reference,test,openalex_public_health_200
W4378783273,W2790208745,1,actual_openalex_reference,test,openalex_public_health_200
W4378783273,W2794204674,1,actual_openalex_reference,test,openalex_public_health_200
W4378783273,W2887185538,1,actual_openalex_reference,test,openalex_public_health_200
W4378783273,W2925420348,1,actual_openalex_reference,test,openalex_public_health_200
W4378783273,W3107898038,1,actual_openalex_reference,test,openalex_public_health_200
W4378783273,W3116185568,1,actual_openalex_reference,test,openalex_public_health_200
W4378783273,W4200544565,1,actual_openalex_reference,test,openalex_public_health_200
W4378783273,W4220924070,1,actual_openalex_reference,test,openalex_public_health_200
W4378783273,W4283821538,1,actual_openalex_reference,test,openalex_public_health_200
W4378783273,W4311366697,1,actual_openalex_reference,test,openalex_public_health_200
W4408227247,W27434144,1,actual_openalex_reference,test,openalex_public_health_200
W4408227247,W1989013480,1,actual_openalex_reference,test,openalex_public_health_200
W4408227247,W2023617216,1,actual_openalex_reference,test,openalex_public_health_200
W4408227247,W2041572706,1,actual_openalex_reference,test,openalex_public_health_200
W4408227247,W2153860009,1,actual_openalex_reference,test,openalex_public_health_200
W4408227247,W2921093292,1,actual_openalex_reference,test,openalex_public_health_200
W4408227247,W3013629187,1,actual_openalex_reference,test,openalex_public_health_200
W4408227247,W3088828551,1,actual_openalex_reference,test,openalex_public_health_200
W4408227247,W4253537517,1,actual_openalex_reference,test,openalex_public_health_200
W4408227247,W4386102080,1,actual_openalex_reference,test,openalex_public_health_200
W4408227247,W4392427081,1,actual_openalex_reference,test,openalex_public_health_200
W4408227247,W4407943119,1,actual_openalex_reference,test,openalex_public_health_200
W4403767892,W1502506426,1,actual_openalex_reference,test,openalex_public_health_200
W4403767892,W1759390041,1,actual_openalex_reference,test,openalex_public_health_200
W4403767892,W1951544961,1,actual_openalex_reference,test,openalex_public_health_200
W4403767892,W1980082207,1,actual_openalex_reference,test,openalex_public_health_200
W4403767892,W1988651347,1,actual_openalex_reference,test,openalex_public_health_200
W4403767892,W2006109780,1,actual_openalex_reference,test,openalex_public_health_200
W4403767892,W2048083630,1,actual_openalex_reference,test,openalex_public_health_200
W4403767892,W2049078471,1,actual_openalex_reference,test,openalex_public_health_200
W4403767892,W2061608825,1,actual_openalex_reference,test,openalex_public_health_200
W4403767892,W2086695064,1,actual_openalex_reference,test,openalex_public_health_200
W4403767892,W2101165779,1,actual_openalex_reference,test,openalex_public_health_200
W4403767892,W2103084213,1,actual_openalex_reference,test,openalex_public_health_200
W4403767892,W2106924065,1,actual_openalex_reference,test,openalex_public_health_200
W4403767892,W2114916506,1,actual_openalex_reference,test,openalex_public_health_200
W4403767892,W2117547531,1,actual_openalex_reference,test,openalex_public_health_200
W4403767892,W2131613651,1,actual_openalex_reference,test,openalex_public_health_200
W4403767892,W2150010125,1,actual_openalex_reference,test,openalex_public_health_200
W4403767892,W2165596494,1,actual_openalex_reference,test,openalex_public_health_200
W4403767892,W2185883995,1,actual_openalex_reference,test,openalex_public_health_200
W4403767892,W2299929805,1,actual_openalex_reference,test,openalex_public_health_200
W4403767892,W2397899567,1,actual_openalex_reference,test,openalex_public_health_200
W4403767892,W2515383246,1,actual_openalex_reference,test,openalex_public_health_200
W4403767892,W2527757657,1,actual_openalex_reference,test,openalex_public_health_200
W4403767892,W2732089579,1,actual_openalex_reference,test,openalex_public_health_200
W4403767892,W2759848742,1,actual_openalex_reference,test,openalex_public_health_200
W4403767892,W2767679553,1,actual_openalex_reference,test,openalex_public_health_200
W4403767892,W2904595433,1,actual_openalex_reference,test,openalex_public_health_200
W4403767892,W2922061205,1,actual_openalex_reference,test,openalex_public_health_200
W4403767892,W2953359724,1,actual_openalex_reference,test,openalex_public_health_200
W4403767892,W2968387221,1,actual_openalex_reference,test,openalex_public_health_200
W4403767892,W2971862667,1,actual_openalex_reference,test,openalex_public_health_200
W4403767892,W3011769947,1,actual_openalex_reference,test,openalex_public_health_200
W4403767892,W3024698921,1,actual_openalex_reference,test,openalex_public_health_200
W4403767892,W3033804655,1,actual_openalex_reference,test,openalex_public_health_200
W4403767892,W3044880449,1,actual_openalex_reference,test,openalex_public_health_200
W4403767892,W3082057147,1,actual_openalex_reference,test,openalex_public_health_200
W4403767892,W3091175884,1,actual_openalex_reference,test,openalex_public_health_200
W4403767892,W4225248420,1,actual_openalex_reference,test,openalex_public_health_200
W4403767892,W4229441711,1,actual_openalex_reference,test,openalex_public_health_200
W4403767892,W4313583497,1,actual_openalex_reference,test,openalex_public_health_200
W4403767892,W4385556725,1,actual_openalex_reference,test,openalex_public_health_200
W4403767892,W4399551587,1,actual_openalex_reference,test,openalex_public_health_200
W4407403051,W2053787457,1,actual_openalex_reference,test,openalex_public_health_200
W4407403051,W2064171488,1,actual_openalex_reference,test,openalex_public_health_200
W4407403051,W2237675998,1,actual_openalex_reference,test,openalex_public_health_200
W4407403051,W2620223099,1,actual_openalex_reference,test,openalex_public_health_200
W4407403051,W2795076230,1,actual_openalex_reference,test,openalex_public_health_200
W4407403051,W2889145334,1,actual_openalex_reference,test,openalex_public_health_200
W4407403051,W2994052162,1,actual_openalex_reference,test,openalex_public_health_200
W4407403051,W3048874793,1,actual_openalex_reference,test,openalex_public_health_200
W4407403051,W3093621460,1,actual_openalex_reference,test,openalex_public_health_200
W4407403051,W3176548367,1,actual_openalex_reference,test,openalex_public_health_200
W4407403051,W3204410465,1,actual_openalex_reference,test,openalex_public_health_200
W4407403051,W4220914909,1,actual_openalex_reference,test,openalex_public_health_200
W4407403051,W4294316771,1,actual_openalex_reference,test,openalex_public_health_200
W4407403051,W4317780609,1,actual_openalex_reference,test,openalex_public_health_200
W4407403051,W4386346610,1,actual_openalex_reference,test,openalex_public_health_200
W4407403051,W4386547050,1,actual_openalex_reference,test,openalex_public_health_200
W4407403051,W4388344938,1,actual_openalex_reference,test,openalex_public_health_200
W4407403051,W4393203673,1,actual_openalex_reference,test,openalex_public_health_200
W4389327626,W192118768,1,actual_openalex_reference,test,openalex_public_health_200
W4389327626,W1853182387,1,actual_openalex_reference,test,openalex_public_health_200
W4389327626,W1857363467,1,actual_openalex_reference,test,openalex_public_health_200
W4389327626,W1893450155,1,actual_openalex_reference,test,openalex_public_health_200
W4389327626,W2001702428,1,actual_openalex_reference,test,openalex_public_health_200
W4389327626,W2008564869,1,actual_openalex_reference,test,openalex_public_health_200
W4389327626,W2023671589,1,actual_openalex_reference,test,openalex_public_health_200
W4389327626,W2031504804,1,actual_openalex_reference,test,openalex_public_health_200
W4389327626,W2075870960,1,actual_openalex_reference,test,openalex_public_health_200
W4389327626,W2096036800,1,actual_openalex_reference,test,openalex_public_health_200
W4389327626,W2112607900,1,actual_openalex_reference,test,openalex_public_health_200
W4389327626,W2128603490,1,actual_openalex_reference,test,openalex_public_health_200
W4389327626,W2616424427,1,actual_openalex_reference,test,openalex_public_health_200
W4389327626,W2885107780,1,actual_openalex_reference,test,openalex_public_health_200
W4389327626,W2917260354,1,actual_openalex_reference,test,openalex_public_health_200
W4389327626,W2941030616,1,actual_openalex_reference,test,openalex_public_health_200
W4389327626,W2980974908,1,actual_openalex_reference,test,openalex_public_health_200
W4389327626,W3041423956,1,actual_openalex_reference,test,openalex_public_health_200
W4389327626,W3127991970,1,actual_openalex_reference,test,openalex_public_health_200
W4389327626,W3131550665,1,actual_openalex_reference,test,openalex_public_health_200
W4389327626,W4206396662,1,actual_openalex_reference,test,openalex_public_health_200
W4389327626,W4292694197,1,actual_openalex_reference,test,openalex_public_health_200
W4389327626,W4312203630,1,actual_openalex_reference,test,openalex_public_health_200
W4405636656,W1520663094,1,actual_openalex_reference,test,openalex_public_health_200
W4405636656,W1600527260,1,actual_openalex_reference,test,openalex_public_health_200
W4405636656,W1892158199,1,actual_openalex_reference,test,openalex_public_health_200
W4405636656,W1981359595,1,actual_openalex_reference,test,openalex_public_health_200
W4405636656,W2020455853,1,actual_openalex_reference,test,openalex_public_health_200
W4405636656,W2104234755,1,actual_openalex_reference,test,openalex_public_health_200
W4405636656,W2111492935,1,actual_openalex_reference,test,openalex_public_health_200
W4405636656,W2119215990,1,actual_openalex_reference,test,openalex_public_health_200
W4405636656,W2125545448,1,actual_openalex_reference,test,openalex_public_health_200
W4405636656,W2154714625,1,actual_openalex_reference,test,openalex_public_health_200
W4405636656,W2170169496,1,actual_openalex_reference,test,openalex_public_health_200
W4405636656,W2340031222,1,actual_openalex_reference,test,openalex_public_health_200
W4405636656,W2439758191,1,actual_openalex_reference,test,openalex_public_health_200
W4405636656,W2795843171,1,actual_openalex_reference,test,openalex_public_health_200
W4405636656,W2904615123,1,actual_openalex_reference,test,openalex_public_health_200
W4405636656,W2950967305,1,actual_openalex_reference,test,openalex_public_health_200
W4405636656,W2972007636,1,actual_openalex_reference,test,openalex_public_health_200
W4405636656,W2973457155,1,actual_openalex_reference,test,openalex_public_health_200
W4405636656,W2981124349,1,actual_openalex_reference,test,openalex_public_health_200
W4405636656,W3206954814,1,actual_openalex_reference,test,openalex_public_health_200
W4405636656,W4224066461,1,actual_openalex_reference,test,openalex_public_health_200
W4405636656,W4388713221,1,actual_openalex_reference,test,openalex_public_health_200
W4405636656,W4390585349,1,actual_openalex_reference,test,openalex_public_health_200
W4405636656,W4390615092,1,actual_openalex_reference,test,openalex_public_health_200
W4405636656,W4391060324,1,actual_openalex_reference,test,openalex_public_health_200
W4405636656,W4401249552,1,actual_openalex_reference,test,openalex_public_health_200
W4405636656,W4401480840,1,actual_openalex_reference,test,openalex_public_health_200
W4405636656,W4403157352,1,actual_openalex_reference,test,openalex_public_health_200
W4385781760,W1540684648,1,actual_openalex_reference,test,openalex_public_health_200
W4385781760,W1584813988,1,actual_openalex_reference,test,openalex_public_health_200
W4385781760,W1981266467,1,actual_openalex_reference,test,openalex_public_health_200
W4385781760,W2003648124,1,actual_openalex_reference,test,openalex_public_health_200
W4385781760,W2006936365,1,actual_openalex_reference,test,openalex_public_health_200
W4385781760,W2012407795,1,actual_openalex_reference,test,openalex_public_health_200
W4385781760,W2074703669,1,actual_openalex_reference,test,openalex_public_health_200
W4385781760,W2126441194,1,actual_openalex_reference,test,openalex_public_health_200
W4385781760,W2147924713,1,actual_openalex_reference,test,openalex_public_health_200
W4385781760,W2272707421,1,actual_openalex_reference,test,openalex_public_health_200
W4385781760,W2316812080,1,actual_openalex_reference,test,openalex_public_health_200
W4385781760,W2333109891,1,actual_openalex_reference,test,openalex_public_health_200
W4385781760,W2340437655,1,actual_openalex_reference,test,openalex_public_health_200
W4385781760,W2742729241,1,actual_openalex_reference,test,openalex_public_health_200
W4385781760,W2794636934,1,actual_openalex_reference,test,openalex_public_health_200
W4385781760,W2972832710,1,actual_openalex_reference,test,openalex_public_health_200
W4385781760,W3014625905,1,actual_openalex_reference,test,openalex_public_health_200
W4385781760,W3028814347,1,actual_openalex_reference,test,openalex_public_health_200
W4391127133,W97862428,1,actual_openalex_reference,test,openalex_public_health_200
W4391127133,W1967010435,1,actual_openalex_reference,test,openalex_public_health_200
W4391127133,W1978429520,1,actual_openalex_reference,test,openalex_public_health_200
W4391127133,W2012766170,1,actual_openalex_reference,test,openalex_public_health_200
W4391127133,W2061631827,1,actual_openalex_reference,test,openalex_public_health_200
W4391127133,W2914026067,1,actual_openalex_reference,test,openalex_public_health_200
W4391127133,W4254298916,1,actual_openalex_reference,test,openalex_public_health_200
W4408406238,W1975968871,1,actual_openalex_reference,test,openalex_public_health_200
W4408406238,W1978379995,1,actual_openalex_reference,test,openalex_public_health_200
W4408406238,W2005347833,1,actual_openalex_reference,test,openalex_public_health_200
W4408406238,W2017046795,1,actual_openalex_reference,test,openalex_public_health_200
W4408406238,W2024916142,1,actual_openalex_reference,test,openalex_public_health_200
W4408406238,W2041516285,1,actual_openalex_reference,test,openalex_public_health_200
W4408406238,W2054599821,1,actual_openalex_reference,test,openalex_public_health_200
W4408406238,W2094309995,1,actual_openalex_reference,test,openalex_public_health_200
W4408406238,W2097510500,1,actual_openalex_reference,test,openalex_public_health_200
W4408406238,W2101774906,1,actual_openalex_reference,test,openalex_public_health_200
W4408406238,W2113999272,1,actual_openalex_reference,test,openalex_public_health_200
W4408406238,W2114369046,1,actual_openalex_reference,test,openalex_public_health_200
W4408406238,W2116205609,1,actual_openalex_reference,test,openalex_public_health_200
W4408406238,W2117226602,1,actual_openalex_reference,test,openalex_public_health_200
W4408406238,W2169051903,1,actual_openalex_reference,test,openalex_public_health_200
W4408406238,W2170556506,1,actual_openalex_reference,test,openalex_public_health_200
W4408406238,W2216117396,1,actual_openalex_reference,test,openalex_public_health_200
W4408406238,W2324411687,1,actual_openalex_reference,test,openalex_public_health_200
W4408406238,W2326856581,1,actual_openalex_reference,test,openalex_public_health_200
W4408406238,W2398283684,1,actual_openalex_reference,test,openalex_public_health_200
W4408406238,W2464411591,1,actual_openalex_reference,test,openalex_public_health_200
W4408406238,W2601337801,1,actual_openalex_reference,test,openalex_public_health_200
W4408406238,W2623727414,1,actual_openalex_reference,test,openalex_public_health_200
W4408406238,W2913244535,1,actual_openalex_reference,test,openalex_public_health_200
W4408406238,W2917503776,1,actual_openalex_reference,test,openalex_public_health_200
W4408406238,W3017006912,1,actual_openalex_reference,test,openalex_public_health_200
W4408406238,W3046850580,1,actual_openalex_reference,test,openalex_public_health_200
W4408406238,W3118724424,1,actual_openalex_reference,test,openalex_public_health_200
W4408406238,W3126009258,1,actual_openalex_reference,test,openalex_public_health_200
W4408406238,W3126771191,1,actual_openalex_reference,test,openalex_public_health_200
W4408406238,W3137497233,1,actual_openalex_reference,test,openalex_public_health_200
W4408406238,W3202567521,1,actual_openalex_reference,test,openalex_public_health_200
W4408406238,W3211782957,1,actual_openalex_reference,test,openalex_public_health_200
W4408406238,W4200375420,1,actual_openalex_reference,test,openalex_public_health_200
W4408406238,W4210528437,1,actual_openalex_reference,test,openalex_public_health_200
W4408406238,W4213064116,1,actual_openalex_reference,test,openalex_public_health_200
W4408406238,W4223585840,1,actual_openalex_reference,test,openalex_public_health_200
W4408406238,W4225305732,1,actual_openalex_reference,test,openalex_public_health_200
W4408406238,W4253650975,1,actual_openalex_reference,test,openalex_public_health_200
W4408406238,W4292121656,1,actual_openalex_reference,test,openalex_public_health_200
W4408406238,W4293101532,1,actual_openalex_reference,test,openalex_public_health_200
W4408406238,W4307836691,1,actual_openalex_reference,test,openalex_public_health_200
W4408406238,W4312198488,1,actual_openalex_reference,test,openalex_public_health_200
W4408406238,W4313261946,1,actual_openalex_reference,test,openalex_public_health_200
W4408406238,W4313441098,1,actual_openalex_reference,test,openalex_public_health_200
W4408406238,W4323843323,1,actual_openalex_reference,test,openalex_public_health_200
W4408406238,W4324146574,1,actual_openalex_reference,test,openalex_public_health_200
W4408406238,W4362467411,1,actual_openalex_reference,test,openalex_public_health_200
W4408406238,W4367839785,1,actual_openalex_reference,test,openalex_public_health_200
W4408406238,W4383198284,1,actual_openalex_reference,test,openalex_public_health_200
W4408406238,W4385335394,1,actual_openalex_reference,test,openalex_public_health_200
W4408406238,W4387296055,1,actual_openalex_reference,test,openalex_public_health_200
W4408406238,W4388215007,1,actual_openalex_reference,test,openalex_public_health_200
W4408406238,W4389222587,1,actual_openalex_reference,test,openalex_public_health_200
W4408406238,W4392447124,1,actual_openalex_reference,test,openalex_public_health_200
W4408406238,W4400492738,1,actual_openalex_reference,test,openalex_public_health_200
W4408406238,W4402484897,1,actual_openalex_reference,test,openalex_public_health_200
W4408406238,W4402890017,1,actual_openalex_reference,test,openalex_public_health_200
W4408406238,W4405782932,1,actual_openalex_reference,test,openalex_public_health_200
W4408406238,W4406691618,1,actual_openalex_reference,test,openalex_public_health_200
W4386745560,W1981737897,1,actual_openalex_reference,test,openalex_public_health_200
W4386745560,W1989503796,1,actual_openalex_reference,test,openalex_public_health_200
W4386745560,W1990717759,1,actual_openalex_reference,test,openalex_public_health_200
W4386745560,W1993962771,1,actual_openalex_reference,test,openalex_public_health_200
W4386745560,W2014330569,1,actual_openalex_reference,test,openalex_public_health_200
W4386745560,W2022368429,1,actual_openalex_reference,test,openalex_public_health_200
W4386745560,W2035787106,1,actual_openalex_reference,test,openalex_public_health_200
W4386745560,W2041496586,1,actual_openalex_reference,test,openalex_public_health_200
W4386745560,W2109780803,1,actual_openalex_reference,test,openalex_public_health_200
W4386745560,W2127715895,1,actual_openalex_reference,test,openalex_public_health_200
W4386745560,W2143737566,1,actual_openalex_reference,test,openalex_public_health_200
W4386745560,W2151892275,1,actual_openalex_reference,test,openalex_public_health_200
W4386745560,W2153779973,1,actual_openalex_reference,test,openalex_public_health_200
W4386745560,W2155181696,1,actual_openalex_reference,test,openalex_public_health_200
W4386745560,W2155215879,1,actual_openalex_reference,test,openalex_public_health_200
W4386745560,W2314950017,1,actual_openalex_reference,test,openalex_public_health_200
W4386745560,W2437947114,1,actual_openalex_reference,test,openalex_public_health_200
W4386745560,W2556528313,1,actual_openalex_reference,test,openalex_public_health_200
W4386745560,W2594440306,1,actual_openalex_reference,test,openalex_public_health_200
W4386745560,W2607247481,1,actual_openalex_reference,test,openalex_public_health_200
W4386745560,W2735859817,1,actual_openalex_reference,test,openalex_public_health_200
W4386745560,W2745549665,1,actual_openalex_reference,test,openalex_public_health_200
W4386745560,W2801257111,1,actual_openalex_reference,test,openalex_public_health_200
W4386745560,W2808758315,1,actual_openalex_reference,test,openalex_public_health_200
W4386745560,W2904928895,1,actual_openalex_reference,test,openalex_public_health_200
W4386745560,W2958251376,1,actual_openalex_reference,test,openalex_public_health_200
W4386745560,W3013413950,1,actual_openalex_reference,test,openalex_public_health_200
W4386745560,W3200119265,1,actual_openalex_reference,test,openalex_public_health_200
W4386745560,W3217466255,1,actual_openalex_reference,test,openalex_public_health_200
W4386745560,W4281639148,1,actual_openalex_reference,test,openalex_public_health_200
W4386745560,W4300885364,1,actual_openalex_reference,test,openalex_public_health_200
W4386745560,W4306658716,1,actual_openalex_reference,test,openalex_public_health_200
W4402673144,W1601980972,1,actual_openalex_reference,test,openalex_public_health_200
W4402673144,W1990139299,1,actual_openalex_reference,test,openalex_public_health_200
W4402673144,W2118898434,1,actual_openalex_reference,test,openalex_public_health_200
W4402673144,W2126326117,1,actual_openalex_reference,test,openalex_public_health_200
W4402673144,W2154808693,1,actual_openalex_reference,test,openalex_public_health_200
W4402673144,W2156105099,1,actual_openalex_reference,test,openalex_public_health_200
W4402673144,W2797846175,1,actual_openalex_reference,test,openalex_public_health_200
W4402673144,W2804233742,1,actual_openalex_reference,test,openalex_public_health_200
W4402673144,W2937483936,1,actual_openalex_reference,test,openalex_public_health_200
W4402673144,W2952094509,1,actual_openalex_reference,test,openalex_public_health_200
W4402673144,W3100096112,1,actual_openalex_reference,test,openalex_public_health_200
W4402673144,W4210252063,1,actual_openalex_reference,test,openalex_public_health_200
W4402673144,W4283731535,1,actual_openalex_reference,test,openalex_public_health_200
W4402673144,W4292295315,1,actual_openalex_reference,test,openalex_public_health_200
W4402673144,W4309769567,1,actual_openalex_reference,test,openalex_public_health_200
W4402673144,W4321497302,1,actual_openalex_reference,test,openalex_public_health_200
W4402673144,W4324364132,1,actual_openalex_reference,test,openalex_public_health_200
W4402673144,W4362666313,1,actual_openalex_reference,test,openalex_public_health_200
W4402673144,W4365512203,1,actual_openalex_reference,test,openalex_public_health_200
W4402673144,W4379930039,1,actual_openalex_reference,test,openalex_public_health_200
W4402673144,W4383955672,1,actual_openalex_reference,test,openalex_public_health_200
W4402673144,W4386365947,1,actual_openalex_reference,test,openalex_public_health_200
W4402673144,W4390244499,1,actual_openalex_reference,test,openalex_public_health_200
W4402673144,W4399588551,1,actual_openalex_reference,test,openalex_public_health_200
W4402673144,W4400456784,1,actual_openalex_reference,test,openalex_public_health_200
W4400686282,W578240471,1,actual_openalex_reference,test,openalex_public_health_200
W4400686282,W1898780412,1,actual_openalex_reference,test,openalex_public_health_200
W4400686282,W2036897871,1,actual_openalex_reference,test,openalex_public_health_200
W4400686282,W2038733996,1,actual_openalex_reference,test,openalex_public_health_200
W4400686282,W2056147938,1,actual_openalex_reference,test,openalex_public_health_200
W4400686282,W2067576392,1,actual_openalex_reference,test,openalex_public_health_200
W4400686282,W2082910764,1,actual_openalex_reference,test,openalex_public_health_200
W4400686282,W2105546078,1,actual_openalex_reference,test,openalex_public_health_200
W4400686282,W2117207428,1,actual_openalex_reference,test,openalex_public_health_200
W4400686282,W2122385388,1,actual_openalex_reference,test,openalex_public_health_200
W4400686282,W2124985265,1,actual_openalex_reference,test,openalex_public_health_200
W4400686282,W2128599926,1,actual_openalex_reference,test,openalex_public_health_200
W4400686282,W2132920461,1,actual_openalex_reference,test,openalex_public_health_200
W4400686282,W2153947402,1,actual_openalex_reference,test,openalex_public_health_200
W4400686282,W2155578733,1,actual_openalex_reference,test,openalex_public_health_200
W4400686282,W2157267947,1,actual_openalex_reference,test,openalex_public_health_200
W4400686282,W2169916860,1,actual_openalex_reference,test,openalex_public_health_200
W4400686282,W2341863605,1,actual_openalex_reference,test,openalex_public_health_200
W4400686282,W2513120518,1,actual_openalex_reference,test,openalex_public_health_200
W4400686282,W2529838505,1,actual_openalex_reference,test,openalex_public_health_200
W4400686282,W2562009087,1,actual_openalex_reference,test,openalex_public_health_200
W4400686282,W2746469118,1,actual_openalex_reference,test,openalex_public_health_200
W4400686282,W2761857571,1,actual_openalex_reference,test,openalex_public_health_200
W4400686282,W2895032324,1,actual_openalex_reference,test,openalex_public_health_200
W4400686282,W2900629010,1,actual_openalex_reference,test,openalex_public_health_200
W4400686282,W2941007283,1,actual_openalex_reference,test,openalex_public_health_200
W4400686282,W2950006534,1,actual_openalex_reference,test,openalex_public_health_200
W4400686282,W2950731393,1,actual_openalex_reference,test,openalex_public_health_200
W4400686282,W2979239590,1,actual_openalex_reference,test,openalex_public_health_200
W4400686282,W2991307198,1,actual_openalex_reference,test,openalex_public_health_200
W4400686282,W3006301344,1,actual_openalex_reference,test,openalex_public_health_200
W4400686282,W3013108267,1,actual_openalex_reference,test,openalex_public_health_200
W4400686282,W3024960561,1,actual_openalex_reference,test,openalex_public_health_200
W4400686282,W3035131755,1,actual_openalex_reference,test,openalex_public_health_200
W4400686282,W3037733113,1,actual_openalex_reference,test,openalex_public_health_200
W4400686282,W3040279712,1,actual_openalex_reference,test,openalex_public_health_200
W4400686282,W3045244624,1,actual_openalex_reference,test,openalex_public_health_200
W4400686282,W3108866964,1,actual_openalex_reference,test,openalex_public_health_200
W4400686282,W3135042422,1,actual_openalex_reference,test,openalex_public_health_200
W4400686282,W3151075481,1,actual_openalex_reference,test,openalex_public_health_200
W4400686282,W3173994169,1,actual_openalex_reference,test,openalex_public_health_200
W4400686282,W3176046318,1,actual_openalex_reference,test,openalex_public_health_200
W4400686282,W3203343200,1,actual_openalex_reference,test,openalex_public_health_200
W4400686282,W3208931858,1,actual_openalex_reference,test,openalex_public_health_200
W4400686282,W4229031059,1,actual_openalex_reference,test,openalex_public_health_200
W4400686282,W4237461063,1,actual_openalex_reference,test,openalex_public_health_200
W4400686282,W4283220005,1,actual_openalex_reference,test,openalex_public_health_200
W4400686282,W4295514274,1,actual_openalex_reference,test,openalex_public_health_200
W4400686282,W4308958618,1,actual_openalex_reference,test,openalex_public_health_200
W4400686282,W4321786023,1,actual_openalex_reference,test,openalex_public_health_200
W4400686282,W4366821835,1,actual_openalex_reference,test,openalex_public_health_200
W4400686282,W4386152522,1,actual_openalex_reference,test,openalex_public_health_200
W4400686282,W4399649910,1,actual_openalex_reference,test,openalex_public_health_200
W4398762105,W1545761024,1,actual_openalex_reference,test,openalex_public_health_200
W4398762105,W1993545515,1,actual_openalex_reference,test,openalex_public_health_200
W4398762105,W2002918570,1,actual_openalex_reference,test,openalex_public_health_200
W4398762105,W2072685235,1,actual_openalex_reference,test,openalex_public_health_200
W4398762105,W2963445928,1,actual_openalex_reference,test,openalex_public_health_200
W4398762105,W4387536099,1,actual_openalex_reference,test,openalex_public_health_200
