query_ai_group,candidate_venue,n,share
post_ai,unknown,303,0.06259037388969221
post_ai,Cambridge University Press eBooks,49,0.010121875645527783
post_ai,Frontiers in Psychology,38,0.007849617847552158
post_ai,Choice Reviews Online,28,0.005783928940301591
post_ai,Sustainability,28,0.005783928940301591
post_ai,International Journal of Environmental Research and Public Health,26,0.005370791158851477
post_ai,PLoS ONE,23,0.004751084486676307
post_ai,Palgrave Macmillan UK eBooks,20,0.004131377814501136
post_ai,Oxford University Press eBooks,18,0.0037182400330510227
post_ai,International Journal of Sustainability in Higher Education,16,0.003305102251600909
post_ai,Urban Studies,16,0.003305102251600909
post_ai,American Economic Review,15,0.0030985333608758523
post_ai,American Political Science Review,15,0.0030985333608758523
post_ai,Journal of Marketing Research,15,0.0030985333608758523
post_ai,Journal of Public Policy & Marketing,15,0.0030985333608758523
post_ai,Assessment & Evaluation in Higher Education,13,0.0026853955794257384
post_ai,BMC Public Health,13,0.0026853955794257384
post_ai,JAMA,13,0.0026853955794257384
post_ai,Journal of Personality and Social Psychology,13,0.0026853955794257384
post_ai,Journal of democracy,13,0.0026853955794257384
post_ai,MIS Quarterly,13,0.0026853955794257384
post_ai,National Bureau of Economic Research,13,0.0026853955794257384
post_ai,Proceedings of the National Academy of Sciences,13,0.0026853955794257384
post_ai,Tourism Geographies,13,0.0026853955794257384
post_ai,American Journal of Public Health,12,0.0024788266887006815
post_ai,Comparative Political Studies,12,0.0024788266887006815
post_ai,Edward Elgar Publishing eBooks,12,0.0024788266887006815
post_ai,European Journal of Teacher Education,12,0.0024788266887006815
post_ai,Journal of Consumer Research,12,0.0024788266887006815
post_ai,Procedia - Social and Behavioral Sciences,12,0.0024788266887006815
post_ai,American Journal of Political Science,11,0.002272257797975625
post_ai,Journal of Conflict Resolution,11,0.002272257797975625
post_ai,Journal of Ethnic and Migration Studies,11,0.002272257797975625
post_ai,Journal of Peace Research,11,0.002272257797975625
post_ai,Journal of Sustainable Tourism,11,0.002272257797975625
post_ai,PubMed,11,0.002272257797975625
post_ai,Social Policy and Administration,11,0.002272257797975625
post_ai,Journal of Medical Internet Research,10,0.002065688907250568
post_ai,Journal of Travel Research,10,0.002065688907250568
post_ai,Review of Educational Research,10,0.002065688907250568
post_ai,Sociology Mind,10,0.002065688907250568
post_ai,The Journal of Economic Education,10,0.002065688907250568
post_ai,Academy of Management Review,9,0.0018591200165255113
post_ai,Action Learning Research and Practice,9,0.0018591200165255113
post_ai,American Journal of Physical Anthropology,9,0.0018591200165255113
post_ai,American Journal of Sociology,9,0.0018591200165255113
post_ai,Annual Review of Psychology,9,0.0018591200165255113
post_ai,Annual Review of Sociology,9,0.0018591200165255113
post_ai,British Journal of Political Science,9,0.0018591200165255113
post_ai,Information Technology and People,9,0.0018591200165255113
post_ai,International Journal of Emerging Technologies in Learning (iJET),9,0.0018591200165255113
post_ai,Journal of Applied Psychology,9,0.0018591200165255113
post_ai,Journal of Marketing,9,0.0018591200165255113
post_ai,Journal of Physics Conference Series,9,0.0018591200165255113
post_ai,Journal of Social Policy,9,0.0018591200165255113
post_ai,Medical Entomology and Zoology,9,0.0018591200165255113
post_ai,Palgrave Macmillan US eBooks,9,0.0018591200165255113
post_ai,Science,9,0.0018591200165255113
post_ai,Small Wars and Insurgencies,9,0.0018591200165255113
post_ai,Academy of Management Journal,8,0.0016525511258004544
post_ai,European Journal of Political Research,8,0.0016525511258004544
post_ai,Journal of Communication,8,0.0016525511258004544
post_ai,Personality and Social Psychology Bulletin,8,0.0016525511258004544
post_ai,Qualitative Inquiry,8,0.0016525511258004544
post_ai,SCAFFOLDING Jurnal Pendidikan Islam dan Multikulturalisme,8,0.0016525511258004544
post_ai,Social Policy and Society,8,0.0016525511258004544
post_ai,The British Journal of Social Work,8,0.0016525511258004544
post_ai,The Quarterly Journal of Economics,8,0.0016525511258004544
post_ai,Administrative Science Quarterly,7,0.0014459822350753977
post_ai,American Behavioral Scientist,7,0.0014459822350753977
post_ai,American Sociological Review,7,0.0014459822350753977
post_ai,Autism,7,0.0014459822350753977
post_ai,British Journal of Educational Technology,7,0.0014459822350753977
post_ai,Developmental Science,7,0.0014459822350753977
post_ai,Distance Education,7,0.0014459822350753977
post_ai,Frontiers in Public Health,7,0.0014459822350753977
post_ai,HAL (Le Centre pour la Communication Scientifique Directe),7,0.0014459822350753977
post_ai,International Journal for Equity in Health,7,0.0014459822350753977
post_ai,International Journal of Academic Research in Business and Social Sciences,7,0.0014459822350753977
post_ai,International Journal of Public Administration,7,0.0014459822350753977
post_ai,International Journal of Social Welfare,7,0.0014459822350753977
post_ai,International Journal of Tourism Research,7,0.0014459822350753977
post_ai,Journal of Advertising,7,0.0014459822350753977
post_ai,Journal of Educational Psychology,7,0.0014459822350753977
post_ai,Journal of Organizational Behavior,7,0.0014459822350753977
post_ai,Journal of Tourism Futures,7,0.0014459822350753977
post_ai,PEDIATRICS,7,0.0014459822350753977
post_ai,Policy and Society,7,0.0014459822350753977
post_ai,Qualitative Research in Psychology,7,0.0014459822350753977
post_ai,Sex Education,7,0.0014459822350753977
post_ai,South African Journal of Education,7,0.0014459822350753977
post_ai,Studies in Higher Education,7,0.0014459822350753977
post_ai,Teachers and Teaching,7,0.0014459822350753977
post_ai,The Gerontologist,7,0.0014459822350753977
post_ai,The Journal of Politics,7,0.0014459822350753977
post_ai,Big Data & Society,6,0.0012394133443503407
post_ai,Compare A Journal of Comparative and International Education,6,0.0012394133443503407
post_ai,Current Issues in Tourism,6,0.0012394133443503407
post_ai,European Journal of Higher Education,6,0.0012394133443503407
post_ai,European Sociological Review,6,0.0012394133443503407
post_ai,Frontiers in Psychiatry,6,0.0012394133443503407
post_ai,Group Processes & Intergroup Relations,6,0.0012394133443503407
post_ai,Human Vaccines & Immunotherapeutics,6,0.0012394133443503407
post_ai,Information Systems Research,6,0.0012394133443503407
post_ai,International Affairs,6,0.0012394133443503407
post_ai,International Journal of Geographical Information Systems,6,0.0012394133443503407
post_ai,International Migration Review,6,0.0012394133443503407
post_ai,International Social Work,6,0.0012394133443503407
post_ai,Journal of Consumer Affairs,6,0.0012394133443503407
post_ai,Journal of Management,6,0.0012394133443503407
post_ai,Journal of Multilingual and Multicultural Development,6,0.0012394133443503407
post_ai,Journal of Research in Science Teaching,6,0.0012394133443503407
post_ai,Management Science,6,0.0012394133443503407
post_ai,New Media & Society,6,0.0012394133443503407
post_ai,Personality and Social Psychology Review,6,0.0012394133443503407
post_ai,Professional Development in Education,6,0.0012394133443503407
post_ai,Public Management Review,6,0.0012394133443503407
post_ai,RePEc: Research Papers in Economics,6,0.0012394133443503407
post_ai,The Economic Journal,6,0.0012394133443503407
post_ai,The Qualitative Report,6,0.0012394133443503407
post_ai,资源科学,6,0.0012394133443503407
post_ai,Child Development,5,0.001032844453625284
post_ai,City,5,0.001032844453625284
post_ai,Civil Wars,5,0.001032844453625284
post_ai,Communist and Post-Communist Studies,5,0.001032844453625284
post_ai,DOAJ (DOAJ: Directory of Open Access Journals),5,0.001032844453625284
post_ai,Demography,5,0.001032844453625284
post_ai,Education Sciences,5,0.001032844453625284
post_ai,Educational Researcher,5,0.001032844453625284
post_ai,Ethnic and Racial Studies,5,0.001032844453625284
post_ai,European Journal of Social Work,5,0.001032844453625284
post_ai,Frontiers in Education,5,0.001032844453625284
post_ai,Human Rights Law Review,5,0.001032844453625284
post_ai,Humanities and Social Sciences Communications,5,0.001032844453625284
post_ai,International Journal of Human-Computer Interaction,5,0.001032844453625284
post_ai,International Journal of Qualitative Methods,5,0.001032844453625284
post_ai,International Journal of Social Research Methodology,5,0.001032844453625284
post_ai,International Journal of Urban and Regional Research,5,0.001032844453625284
post_ai,International Review of Administrative Sciences,5,0.001032844453625284
post_ai,JAMA Network Open,5,0.001032844453625284
post_ai,Journal of Behavioral Addictions,5,0.001032844453625284
post_ai,Journal of Business Research,5,0.001032844453625284
post_ai,Journal of Education for Teaching International Research and Pedagogy,5,0.001032844453625284
post_ai,Journal of the American Heart Association,5,0.001032844453625284
post_ai,Journal of the Association for Information Systems,5,0.001032844453625284
post_ai,Medical Education,5,0.001032844453625284
post_ai,Organization Science,5,0.001032844453625284
post_ai,Perspectives on Psychological Science,5,0.001032844453625284
post_ai,Physical Review Physics Education Research,5,0.001032844453625284
post_ai,Political Analysis,5,0.001032844453625284
post_ai,Political Studies,5,0.001032844453625284
post_ai,Psychophysiology,5,0.001032844453625284
post_ai,Public Administration Review,5,0.001032844453625284
post_ai,Research on Social Work Practice,5,0.001032844453625284
post_ai,Review of International Studies,5,0.001032844453625284
post_ai,SSRN Electronic Journal,5,0.001032844453625284
post_ai,School Science and Mathematics,5,0.001032844453625284
post_ai,Scientific Reports,5,0.001032844453625284
post_ai,Social Media + Society,5,0.001032844453625284
post_ai,Sociological Methods & Research,5,0.001032844453625284
post_ai,State and Local Government Review,5,0.001032844453625284
post_ai,Teaching Education,5,0.001032844453625284
post_ai,Technology and Society Perspectives (TACIT),5,0.001032844453625284
post_ai,The Journal of Economic Perspectives,5,0.001032844453625284
post_ai,The Journal of Educational Research,5,0.001032844453625284
post_ai,The Journal of Human Resources,5,0.001032844453625284
post_ai,The Sociological Review,5,0.001032844453625284
post_ai,VOLUNTAS International Journal of Voluntary and Nonprofit Organizations,5,0.001032844453625284
post_ai,arXiv (Cornell University),5,0.001032844453625284
post_ai,Advances in educational technologies and instructional design book series,4,0.0008262755629002272
post_ai,African Affairs,4,0.0008262755629002272
post_ai,American Psychologist,4,0.0008262755629002272
post_ai,Applied Sciences,4,0.0008262755629002272
post_ai,Assessment in Education Principles Policy and Practice,4,0.0008262755629002272
post_ai,Autism in Adulthood,4,0.0008262755629002272
post_ai,BMC Geriatrics,4,0.0008262755629002272
post_ai,BMC Health Services Research,4,0.0008262755629002272
post_ai,BMC Psychiatry,4,0.0008262755629002272
post_ai,BMJ,4,0.0008262755629002272
post_ai,BMJ Open,4,0.0008262755629002272
post_ai,Biodemography and Social Biology,4,0.0008262755629002272
post_ai,Cogent Education,4,0.0008262755629002272
post_ai,Columbia University Press eBooks,4,0.0008262755629002272
post_ai,Communication Research,4,0.0008262755629002272
post_ai,Computers in Human Behavior,4,0.0008262755629002272
post_ai,Cyberpsychology Behavior and Social Networking,4,0.0008262755629002272
post_ai,DergiPark (Istanbul University),4,0.0008262755629002272
post_ai,Earth s Future,4,0.0008262755629002272
post_ai,Edinburgh University Press eBooks,4,0.0008262755629002272
post_ai,Educational Measurement Issues and Practice,4,0.0008262755629002272
post_ai,Educational Psychology,4,0.0008262755629002272
post_ai,Environment and Planning A Economy and Space,4,0.0008262755629002272
post_ai,Environment and Planning C Politics and Space,4,0.0008262755629002272
post_ai,Heliyon,4,0.0008262755629002272
post_ai,Higher Education,4,0.0008262755629002272
post_ai,Higher Education Research & Development,4,0.0008262755629002272
post_ai,Housing Studies,4,0.0008262755629002272
post_ai,IEEE Access,4,0.0008262755629002272
post_ai,IEEE Security & Privacy,4,0.0008262755629002272
post_ai,IEEE Transactions on Computational Social Systems,4,0.0008262755629002272
post_ai,IOP Conference Series Earth and Environmental Science,4,0.0008262755629002272
post_ai,Information Communication & Society,4,0.0008262755629002272
post_ai,International Journal of Architectural Research Archnet-IJAR,4,0.0008262755629002272
post_ai,International Journal of Contemporary Hospitality Management,4,0.0008262755629002272
post_ai,International Journal of Electronic Commerce,4,0.0008262755629002272
post_ai,International Journal of Inclusive Education,4,0.0008262755629002272
post_ai,International Journal of Information Management,4,0.0008262755629002272
post_ai,International Journal of Interactive Mobile Technologies (iJIM),4,0.0008262755629002272
post_ai,International Journal of Mathematical Education in Science and Technology,4,0.0008262755629002272
post_ai,International Journal of STEM Education,4,0.0008262755629002272
post_ai,International Journal of Science Education,4,0.0008262755629002272
post_ai,JCMS Journal of Common Market Studies,4,0.0008262755629002272
post_ai,JMIR mhealth and uhealth,4,0.0008262755629002272
post_ai,Journal of Advanced Nursing,4,0.0008262755629002272
post_ai,Journal of Computer-Mediated Communication,4,0.0008262755629002272
post_ai,Journal of Cross-Cultural Psychology,4,0.0008262755629002272
post_ai,Journal of Economic Studies,4,0.0008262755629002272
post_ai,Journal of Education Policy,4,0.0008262755629002272
post_ai,Journal of Epidemiology & Community Health,4,0.0008262755629002272
post_ai,Journal of European Public Policy,4,0.0008262755629002272
post_ai,Journal of Health Communication,4,0.0008262755629002272
post_ai,Journal of Natural Fibers,4,0.0008262755629002272
post_ai,Journal of Social Work Education,4,0.0008262755629002272
post_ai,Journal of Telemedicine and Telecare,4,0.0008262755629002272
post_ai,Journal of Trust Research,4,0.0008262755629002272
post_ai,Language Teaching,4,0.0008262755629002272
post_ai,Management Science Letters,4,0.0008262755629002272
post_ai,Multilingual Matters eBooks,4,0.0008262755629002272
post_ai,Neuroreport,4,0.0008262755629002272
post_ai,New England Journal of Medicine,4,0.0008262755629002272
post_ai,Nonprofit and Voluntary Sector Quarterly,4,0.0008262755629002272
post_ai,Party Politics,4,0.0008262755629002272
post_ai,Political Science Research and Methods,4,0.0008262755629002272
post_ai,Princeton University Press eBooks,4,0.0008262755629002272
post_ai,Psychological Bulletin,4,0.0008262755629002272
post_ai,Psychological Review,4,0.0008262755629002272
post_ai,Psychological Science,4,0.0008262755629002272
post_ai,Psychology and Aging,4,0.0008262755629002272
post_ai,Public Administration,4,0.0008262755629002272
post_ai,Public Opinion Quarterly,4,0.0008262755629002272
post_ai,Reflective Practice,4,0.0008262755629002272
post_ai,Religions,4,0.0008262755629002272
post_ai,Research Papers in Education,4,0.0008262755629002272
post_ai,Science Advances,4,0.0008262755629002272
post_ai,Social Science Computer Review,4,0.0008262755629002272
post_ai,Teaching and Teacher Education,4,0.0008262755629002272
post_ai,Teaching in Higher Education,4,0.0008262755629002272
post_ai,The International Journal of Human Rights,4,0.0008262755629002272
post_ai,West European Politics,4,0.0008262755629002272
post_ai,The Australian journal of teacher education,4,0.0008262755629002272
post_ai,"Advances in Social Science, Education and Humanities Research/Advances in social science, education and humanities research",3,0.0006197066721751704
post_ai,Ain Shams Engineering Journal,3,0.0006197066721751704
post_ai,Al-ISTINBATH Jurnal Hukum Islam,3,0.0006197066721751704
post_ai,American Journal of Epidemiology,3,0.0006197066721751704
post_ai,Annals of Internal Medicine,3,0.0006197066721751704
post_ai,Annals of the Association of American Geographers,3,0.0006197066721751704
post_ai,Annual Review of Economics,3,0.0006197066721751704
post_ai,Applied Linguistics,3,0.0006197066721751704
post_ai,Archives of Pediatrics and Adolescent Medicine,3,0.0006197066721751704
post_ai,Archives of Public Health,3,0.0006197066721751704
post_ai,Asia Pacific Journal of Marketing and Logistics,3,0.0006197066721751704
post_ai,BMC Infectious Diseases,3,0.0006197066721751704
post_ai,BMC Psychology,3,0.0006197066721751704
post_ai,Bloomsbury Academic eBooks,3,0.0006197066721751704
post_ai,Brain Sciences,3,0.0006197066721751704
post_ai,British Journal of Social Psychology,3,0.0006197066721751704
post_ai,Budapest International Research and Critics Institute (BIRCI-Journal) Humanities and Social Sciences,3,0.0006197066721751704
post_ai,Bulletin of Turan University,3,0.0006197066721751704
post_ai,Circulation,3,0.0006197066721751704
post_ai,Cogent Business & Management,3,0.0006197066721751704
post_ai,Communication & Sport,3,0.0006197066721751704
post_ai,Communications Earth & Environment,3,0.0006197066721751704
post_ai,Comparative Politics,3,0.0006197066721751704
post_ai,Computer Assisted Language Learning,3,0.0006197066721751704
post_ai,Cornell University Press eBooks,3,0.0006197066721751704
post_ai,Critical Policy Studies,3,0.0006197066721751704
post_ai,Cureus,3,0.0006197066721751704
post_ai,Current Directions in Psychological Science,3,0.0006197066721751704
post_ai,Depression and Anxiety,3,0.0006197066721751704
post_ai,Developmental Cognitive Neuroscience,3,0.0006197066721751704
post_ai,Dialogues in Human Geography,3,0.0006197066721751704
post_ai,E3S Web of Conferences,3,0.0006197066721751704
post_ai,EPJ Data Science,3,0.0006197066721751704
post_ai,Economy and Society,3,0.0006197066721751704
post_ai,Education for Information,3,0.0006197066721751704
post_ai,Educational Evaluation and Policy Analysis,3,0.0006197066721751704
post_ai,Educational Management Administration & Leadership,3,0.0006197066721751704
post_ai,Educational Review,3,0.0006197066721751704
post_ai,Educational Technology Quarterly,3,0.0006197066721751704
post_ai,Educational and Psychological Measurement,3,0.0006197066721751704
post_ai,Entrepreneurship Theory and Practice,3,0.0006197066721751704
post_ai,Environment and Urbanization,3,0.0006197066721751704
post_ai,Eurasian Geography and Economics,3,0.0006197066721751704
post_ai,European Journal of Education,3,0.0006197066721751704
post_ai,European Journal of Information Systems,3,0.0006197066721751704
post_ai,European Planning Studies,3,0.0006197066721751704
post_ai,Frontiers in Human Neuroscience,3,0.0006197066721751704
post_ai,Guilford Press eBooks,3,0.0006197066721751704
post_ai,Harvard Educational Review,3,0.0006197066721751704
post_ai,Health Psychology,3,0.0006197066721751704
post_ai,Human Relations,3,0.0006197066721751704
post_ai,Hypertension,3,0.0006197066721751704
post_ai,I.B.Tauris eBooks,3,0.0006197066721751704
post_ai,Industrial Management & Data Systems,3,0.0006197066721751704
post_ai,IntechOpen eBooks,3,0.0006197066721751704
post_ai,International Journal of Adolescence and Youth,3,0.0006197066721751704
post_ai,International Journal of Educational Technology in Higher Education,3,0.0006197066721751704
post_ai,International Journal of Geriatric Psychiatry,3,0.0006197066721751704
post_ai,International Journal of Management Reviews,3,0.0006197066721751704
post_ai,International Journal of Media and Information Literacy,3,0.0006197066721751704
post_ai,International Journal of Neuroscience,3,0.0006197066721751704
post_ai,International Journal of Qualitative Studies in Education,3,0.0006197066721751704
post_ai,International Journal of Sociology and Social Policy,3,0.0006197066721751704
post_ai,International Marketing Review,3,0.0006197066721751704
post_ai,International Psychogeriatrics,3,0.0006197066721751704
post_ai,Internet Research,3,0.0006197066721751704
post_ai,JAMA Pediatrics,3,0.0006197066721751704
post_ai,Journal for the Scientific Study of Religion,3,0.0006197066721751704
post_ai,Journal of Advertising Research,3,0.0006197066721751704
post_ai,Journal of Aging & Social Policy,3,0.0006197066721751704
post_ai,Journal of Aging and Health,3,0.0006197066721751704
post_ai,Journal of Asian Public Policy,3,0.0006197066721751704
post_ai,Journal of Broadcasting & Electronic Media,3,0.0006197066721751704
post_ai,Journal of Child Psychology and Psychiatry,3,0.0006197066721751704
post_ai,Journal of Comparative Family Studies,3,0.0006197066721751704
post_ai,Journal of Dental Education,3,0.0006197066721751704
post_ai,Journal of Experimental Psychology General,3,0.0006197066721751704
post_ai,Journal of Hospitality & Tourism Research,3,0.0006197066721751704
post_ai,Journal of Labor Economics,3,0.0006197066721751704
post_ai,Journal of Law and Sustainable Development,3,0.0006197066721751704
post_ai,Journal of Management Information Systems,3,0.0006197066721751704
post_ai,Journal of Marriage and the Family,3,0.0006197066721751704
post_ai,Journal of Open Innovation Technology Market and Complexity,3,0.0006197066721751704
post_ai,Journal of Personality,3,0.0006197066721751704
post_ai,Journal of Planning Education and Research,3,0.0006197066721751704
post_ai,Journal of Planning Literature,3,0.0006197066721751704
post_ai,Journal of Policy Analysis and Management,3,0.0006197066721751704
post_ai,Journal of Refugee Studies,3,0.0006197066721751704
post_ai,Journal of Sustainable Development,3,0.0006197066721751704
post_ai,Journal of Teacher Education,3,0.0006197066721751704
post_ai,Journal of Urban Affairs,3,0.0006197066721751704
post_ai,Journal of the American Planning Association,3,0.0006197066721751704
post_ai,Journal of the American Society for Information Science and Technology,3,0.0006197066721751704
post_ai,Journal of the Royal Anthropological Institute,3,0.0006197066721751704
post_ai,Journal of theoretical and applied electronic commerce research,3,0.0006197066721751704
post_ai,Journal on Mathematics Education,3,0.0006197066721751704
post_ai,Journalism & Mass Communication Quarterly,3,0.0006197066721751704
post_ai,Jurnal Cakrawala Pendidikan,3,0.0006197066721751704
post_ai,Land,3,0.0006197066721751704
post_ai,Language Learning,3,0.0006197066721751704
post_ai,Language in Society,3,0.0006197066721751704
post_ai,Learning Disabilities Research and Practice,3,0.0006197066721751704
post_ai,Learning Media and Technology,3,0.0006197066721751704
post_ai,Leisure Sciences,3,0.0006197066721751704
post_ai,Local Environment,3,0.0006197066721751704
post_ai,Marketing Science,3,0.0006197066721751704
post_ai,Mediterranean Journal of Social Sciences,3,0.0006197066721751704
post_ai,Methods in Ecology and Evolution,3,0.0006197066721751704
post_ai,Oxford Review of Education,3,0.0006197066721751704
post_ai,Policy Futures in Education,3,0.0006197066721751704
post_ai,Political Science Quarterly,3,0.0006197066721751704
post_ai,Proceedings of the International AAAI Conference on Web and Social Media,3,0.0006197066721751704
post_ai,Progress in Human Geography,3,0.0006197066721751704
post_ai,PsycEXTRA Dataset,3,0.0006197066721751704
post_ai,Psychological Medicine,3,0.0006197066721751704
post_ai,Psychological Methods,3,0.0006197066721751704
post_ai,Psychology and Marketing,3,0.0006197066721751704
post_ai,Psychometrika,3,0.0006197066721751704
post_ai,Psychosomatic Medicine,3,0.0006197066721751704
post_ai,Public Personnel Management,3,0.0006197066721751704
post_ai,Qualitative Health Research,3,0.0006197066721751704
post_ai,Qualitative Research,3,0.0006197066721751704
post_ai,Quality Assurance in Education,3,0.0006197066721751704
post_ai,RAND Corporation eBooks,3,0.0006197066721751704
post_ai,Real Estate Economics,3,0.0006197066721751704
post_ai,Research in Comparative and International Education,3,0.0006197066721751704
post_ai,Review of Religious Research,3,0.0006197066721751704
post_ai,Risk Analysis,3,0.0006197066721751704
post_ai,Russian Journal of Communication,3,0.0006197066721751704
post_ai,SAGE Open,3,0.0006197066721751704
post_ai,SAMARAH Jurnal Hukum Keluarga dan Hukum Islam,3,0.0006197066721751704
post_ai,Science Education,3,0.0006197066721751704
post_ai,Signs,3,0.0006197066721751704
post_ai,Social Forces,3,0.0006197066721751704
post_ai,Sociology of Religion,3,0.0006197066721751704
post_ai,South African Journal of Childhood Education,3,0.0006197066721751704
post_ai,Startupreneur Business Digital (SABDA Journal),3,0.0006197066721751704
post_ai,Structural Equation Modeling A Multidisciplinary Journal,3,0.0006197066721751704
post_ai,Studies in Conflict and Terrorism,3,0.0006197066721751704
post_ai,Studies in Continuing Education,3,0.0006197066721751704
post_ai,TEM Journal,3,0.0006197066721751704
post_ai,Teacher Development,3,0.0006197066721751704
post_ai,Teacher Education and Special Education The Journal of the Teacher Education Division of the Council for Exceptional Children,3,0.0006197066721751704
post_ai,Technological Forecasting and Social Change,3,0.0006197066721751704
post_ai,The American Economist,3,0.0006197066721751704
post_ai,The International Journal of Press/Politics,3,0.0006197066721751704
post_ai,The Journal of Slavic Military Studies,3,0.0006197066721751704
post_ai,The Journals of Gerontology Series B,3,0.0006197066721751704
post_ai,The MIT Press eBooks,3,0.0006197066721751704
post_ai,Tourism Analysis,3,0.0006197066721751704
post_ai,Transactions in GIS,3,0.0006197066721751704
post_ai,Turkish Online Journal of Distance Education,3,0.0006197066721751704
post_ai,Vaccine,3,0.0006197066721751704
post_ai,Vaccines,3,0.0006197066721751704
post_ai,"World Bank, Washington, DC eBooks",3,0.0006197066721751704
post_ai,Zenodo (CERN European Organization for Nuclear Research),3,0.0006197066721751704
post_ai,ACM Transactions on the Web,2,0.0004131377814501136
post_ai,AEA Papers and Proceedings,2,0.0004131377814501136
post_ai,AERA Open,2,0.0004131377814501136
post_ai,AIP conference proceedings,2,0.0004131377814501136
post_ai,Academic Medicine,2,0.0004131377814501136
post_ai,Academy of Management Learning and Education,2,0.0004131377814501136
post_ai,Addictive Behaviors Reports,2,0.0004131377814501136
post_ai,Administration & Society,2,0.0004131377814501136
post_ai,Administrative Sciences,2,0.0004131377814501136
post_ai,Advances in Health Sciences Education,2,0.0004131377814501136
post_ai,Age and Ageing,2,0.0004131377814501136
post_ai,Ageing and Society,2,0.0004131377814501136
post_ai,Aging & Mental Health,2,0.0004131377814501136
post_ai,Aliansi,2,0.0004131377814501136
post_ai,American Economic Journal Applied Economics,2,0.0004131377814501136
post_ai,American Ethnologist,2,0.0004131377814501136
post_ai,American Journal of Biological Anthropology,2,0.0004131377814501136
post_ai,American Journal of Distance Education,2,0.0004131377814501136
post_ai,American Journal of Human Biology,2,0.0004131377814501136
post_ai,American Journal of Physics,2,0.0004131377814501136
post_ai,American Journal of Qualitative Research,2,0.0004131377814501136
post_ai,American Journal of Theoretical and Applied Statistics,2,0.0004131377814501136
post_ai,Annals of Behavioral Medicine,2,0.0004131377814501136
post_ai,Annals of Tourism Research,2,0.0004131377814501136
post_ai,Annual Review of Environment and Resources,2,0.0004131377814501136
post_ai,Annual Review of Political Science,2,0.0004131377814501136
post_ai,Antipode,2,0.0004131377814501136
post_ai,Applied Linguistics Review,2,0.0004131377814501136
post_ai,Archives of Gerontology and Geriatrics,2,0.0004131377814501136
post_ai,Asean International Journal of Business,2,0.0004131377814501136
post_ai,Asia Pacific Journal of Education,2,0.0004131377814501136
post_ai,Asia Pacific Journal of Tourism Research,2,0.0004131377814501136
post_ai,Asian Pacific Journal of Cancer Prevention,2,0.0004131377814501136
post_ai,Asian Social Work and Policy Review,2,0.0004131377814501136
post_ai,Atmosphere,2,0.0004131377814501136
post_ai,Australasian Marketing Journal (AMJ),2,0.0004131377814501136
post_ai,BMC Medical Education,2,0.0004131377814501136
post_ai,BMC Medical Research Methodology,2,0.0004131377814501136
post_ai,Berghahn Books,2,0.0004131377814501136
post_ai,Bibliothèque et Archives nationales du Québec (Québec government),2,0.0004131377814501136
post_ai,Biometrics,2,0.0004131377814501136
post_ai,British Educational Research Journal,2,0.0004131377814501136
post_ai,British Journal of Sociology of Education,2,0.0004131377814501136
post_ai,Brock Education Journal,2,0.0004131377814501136
post_ai,Buildings,2,0.0004131377814501136
post_ai,Buletin Psikologi,2,0.0004131377814501136
post_ai,California Management Review,2,0.0004131377814501136
post_ai,Canadian Journal of Political Science,2,0.0004131377814501136
post_ai,Cerebral Cortex,2,0.0004131377814501136
post_ai,Cities & Health,2,0.0004131377814501136
post_ai,Citizenship Studies,2,0.0004131377814501136
post_ai,Cogent Psychology,2,0.0004131377814501136
post_ai,Cognitive Science,2,0.0004131377814501136
post_ai,College Composition and Communication,2,0.0004131377814501136
post_ai,College Teaching,2,0.0004131377814501136
post_ai,Communicable Diseases Intelligence,2,0.0004131377814501136
post_ai,Communication Methods and Measures,2,0.0004131377814501136
post_ai,Communication Monographs,2,0.0004131377814501136
post_ai,Communications of the ACM,2,0.0004131377814501136
post_ai,Computers & Education,2,0.0004131377814501136
post_ai,Computers and Education Artificial Intelligence,2,0.0004131377814501136
post_ai,Computers in Human Behavior Reports,2,0.0004131377814501136
post_ai,Contemporary Clinical Dentistry,2,0.0004131377814501136
post_ai,Contemporary Issues in Early Childhood,2,0.0004131377814501136
post_ai,Contemporary Security Policy,2,0.0004131377814501136
post_ai,Critical Social Policy,2,0.0004131377814501136
post_ai,Cultural Geographies,2,0.0004131377814501136
post_ai,Cultural Studies,2,0.0004131377814501136
post_ai,Current Addiction Reports,2,0.0004131377814501136
post_ai,Current Issues in Language Planning,2,0.0004131377814501136
post_ai,Cypriot Journal of Educational Sciences,2,0.0004131377814501136
post_ai,Data Archiving and Networked Services (DANS),2,0.0004131377814501136
post_ai,Deep Blue (University of Michigan),2,0.0004131377814501136
post_ai,Democratization,2,0.0004131377814501136
post_ai,Digital Journalism,2,0.0004131377814501136
post_ai,Disability & Society,2,0.0004131377814501136
post_ai,Duo Research Archive (University of Oslo),2,0.0004131377814501136
post_ai,ELT Journal,2,0.0004131377814501136
post_ai,Ear and Hearing,2,0.0004131377814501136
post_ai,East European Politics and Societies and Cultures,2,0.0004131377814501136
post_ai,Econometrica,2,0.0004131377814501136
post_ai,Economica,2,0.0004131377814501136
post_ai,Educational Action Research,2,0.0004131377814501136
post_ai,Educational Dimension,2,0.0004131377814501136
post_ai,Educational Media International,2,0.0004131377814501136
post_ai,Educational Philosophy and Theory,2,0.0004131377814501136
post_ai,Educational Psychologist,2,0.0004131377814501136
post_ai,Educational Psychology Review,2,0.0004131377814501136
post_ai,Educational Sciences Theory & Practice,2,0.0004131377814501136
post_ai,Empirical research in vocational education and training,2,0.0004131377814501136
post_ai,Energies,2,0.0004131377814501136
post_ai,Energy Research & Social Science,2,0.0004131377814501136
post_ai,English Language Teaching,2,0.0004131377814501136
post_ai,Entrepreneurship and Regional Development,2,0.0004131377814501136
post_ai,Environmental Humanities,2,0.0004131377814501136
post_ai,Environmental Research Letters,2,0.0004131377814501136
post_ai,European Business Review,2,0.0004131377814501136
post_ai,European Education,2,0.0004131377814501136
post_ai,European Educational Research Journal,2,0.0004131377814501136
post_ai,European Journal of Cultural Studies,2,0.0004131377814501136
post_ai,European Journal of Economics and Business Studies,2,0.0004131377814501136
post_ai,European Journal of Innovation Management,2,0.0004131377814501136
post_ai,European Journal of International Relations,2,0.0004131377814501136
post_ai,European Journal of Population / Revue européenne de Démographie,2,0.0004131377814501136
post_ai,European Journal of Psychology of Education,2,0.0004131377814501136
post_ai,European Journal of Social Psychology,2,0.0004131377814501136
post_ai,European Journal of Special Needs Education,2,0.0004131377814501136
post_ai,European Journal of Work and Organizational Psychology,2,0.0004131377814501136
post_ai,European Review of Social Psychology,2,0.0004131377814501136
post_ai,Exceptional Children,2,0.0004131377814501136
post_ai,Feminist Media Studies,2,0.0004131377814501136
post_ai,First Language,2,0.0004131377814501136
post_ai,First Monday,2,0.0004131377814501136
post_ai,Foreign Affairs,2,0.0004131377814501136
post_ai,Frontiers in Behavioral Neuroscience,2,0.0004131377814501136
post_ai,Frontiers of Architectural Research,2,0.0004131377814501136
post_ai,Gender Place & Culture,2,0.0004131377814501136
post_ai,Geographic Information Science & Technology Body of Knowledge,2,0.0004131377814501136
post_ai,Global Networks,2,0.0004131377814501136
post_ai,Global Public Health,2,0.0004131377814501136
post_ai,Globalisation Societies and Education,2,0.0004131377814501136
post_ai,Government and Opposition,2,0.0004131377814501136
post_ai,Harvard Dataverse,2,0.0004131377814501136
post_ai,Hau Journal of Ethnographic Theory,2,0.0004131377814501136
post_ai,Health Affairs,2,0.0004131377814501136
post_ai,Health Communication,2,0.0004131377814501136
post_ai,Health Education Research,2,0.0004131377814501136
post_ai,Healthcare,2,0.0004131377814501136
post_ai,Heart,2,0.0004131377814501136
post_ai,History Archeology and Ethnography of the Caucasus,2,0.0004131377814501136
post_ai,Howard Journal of Communications,2,0.0004131377814501136
post_ai,IEEE Internet of Things Journal,2,0.0004131377814501136
post_ai,IOP Conference Series Materials Science and Engineering,2,0.0004131377814501136
post_ai,ISPRS International Journal of Geo-Information,2,0.0004131377814501136
post_ai,InTech eBooks,2,0.0004131377814501136
post_ai,Indonesia,2,0.0004131377814501136
post_ai,Infant Mental Health Journal,2,0.0004131377814501136
post_ai,Information Systems Frontiers,2,0.0004131377814501136
post_ai,International Education Studies,2,0.0004131377814501136
post_ai,International Journal for Innovation Education and Research,2,0.0004131377814501136
post_ai,International Journal of Academic Research in Progressive Education and Development,2,0.0004131377814501136
post_ai,International Journal of Advertising,2,0.0004131377814501136
post_ai,International Journal of Applied Earth Observation and Geoinformation,2,0.0004131377814501136
post_ai,International Journal of Asian Social Science,2,0.0004131377814501136
post_ai,International Journal of Assessment Tools in Education,2,0.0004131377814501136
post_ai,International Journal of Bilingual Education and Bilingualism,2,0.0004131377814501136
post_ai,International Journal of Data and Network Science,2,0.0004131377814501136
post_ai,International Journal of Distance Education Technologies,2,0.0004131377814501136
post_ai,International Journal of Educational Research Open,2,0.0004131377814501136
post_ai,International Journal of Evaluation and Research in Education (IJERE),2,0.0004131377814501136
post_ai,International Journal of Hospitality & Tourism Administration,2,0.0004131377814501136
post_ai,International Journal of Information and Education Technology,2,0.0004131377814501136
post_ai,International Journal of Leadership in Education,2,0.0004131377814501136
post_ai,International Journal of Market Research,2,0.0004131377814501136
post_ai,International Journal of Productivity and Performance Management,2,0.0004131377814501136
post_ai,International Journal of Recent Contributions from Engineering Science & IT (iJES),2,0.0004131377814501136
post_ai,International Journal of School & Educational Psychology,2,0.0004131377814501136
post_ai,International Journal of Telerehabilitation,2,0.0004131377814501136
post_ai,International Multilingual Research Journal,2,0.0004131377814501136
post_ai,International Political Sociology,2,0.0004131377814501136
post_ai,International Public Management Journal,2,0.0004131377814501136
post_ai,International Review of Management and Marketing,2,0.0004131377814501136
post_ai,Journal Of Vacation Marketing,2,0.0004131377814501136
post_ai,Journal of Adolescence,2,0.0004131377814501136
post_ai,Journal of Agrarian Change,2,0.0004131377814501136
post_ai,Journal of American History,2,0.0004131377814501136
post_ai,Journal of Applied Business Research (JABR),2,0.0004131377814501136
post_ai,Journal of Applied Communication Research,2,0.0004131377814501136
post_ai,Journal of Applied Social Psychology,2,0.0004131377814501136
post_ai,Journal of Borderlands Studies,2,0.0004131377814501136
post_ai,Journal of Community & Applied Social Psychology,2,0.0004131377814501136
post_ai,Journal of Community Psychology,2,0.0004131377814501136
post_ai,Journal of Computer Assisted Learning,2,0.0004131377814501136
post_ai,Journal of Consulting and Clinical Psychology,2,0.0004131377814501136
post_ai,Journal of Consumer Culture,2,0.0004131377814501136
post_ai,Journal of Disability Policy Studies,2,0.0004131377814501136
post_ai,Journal of Ecohumanism,2,0.0004131377814501136
post_ai,Journal of Economic Literature,2,0.0004131377814501136
post_ai,Journal of Educational Computing Research,2,0.0004131377814501136
post_ai,Journal of Educational Issues,2,0.0004131377814501136
post_ai,Journal of Educational Technology Systems,2,0.0004131377814501136
post_ai,Journal of European Integration,2,0.0004131377814501136
post_ai,Journal of Evaluation in Clinical Practice,2,0.0004131377814501136
post_ai,Journal of Geriatric Mental Health,2,0.0004131377814501136
post_ai,Journal of Global Health,2,0.0004131377814501136
post_ai,Journal of Hospitality and Tourism Technology,2,0.0004131377814501136
post_ai,Journal of Intervention and Statebuilding,2,0.0004131377814501136
post_ai,Journal of Learning Disabilities,2,0.0004131377814501136
post_ai,Journal of Leisure Research,2,0.0004131377814501136
post_ai,Journal of Lifestyle and SDGs Review,2,0.0004131377814501136
post_ai,Journal of Management Studies,2,0.0004131377814501136
post_ai,Journal of Political Ecology,2,0.0004131377814501136
post_ai,Journal of Political Economy,2,0.0004131377814501136
post_ai,Journal of Political Philosophy,2,0.0004131377814501136
post_ai,Journal of Politics and Law,2,0.0004131377814501136
post_ai,Journal of Practical Studies in Education,2,0.0004131377814501136
post_ai,Journal of Product & Brand Management,2,0.0004131377814501136
post_ai,Journal of Psychology and Theology,2,0.0004131377814501136
post_ai,Journal of Public Administration Research and Theory,2,0.0004131377814501136
post_ai,Journal of Public Health,2,0.0004131377814501136
post_ai,Journal of Qualitative Research in Education,2,0.0004131377814501136
post_ai,Journal of Services Marketing,2,0.0004131377814501136
post_ai,Journal of Siberian Federal University Humanities & Social Sciences,2,0.0004131377814501136
post_ai,Journal of Social Entrepreneurship,2,0.0004131377814501136
post_ai,Journal of Social Sciences,2,0.0004131377814501136
post_ai,Journal of Social Service Research,2,0.0004131377814501136
post_ai,Journal of Social Work Practice,2,0.0004131377814501136
post_ai,Journal of Southeast Asian Studies,2,0.0004131377814501136
post_ai,Journal of Sustainable Architecture and Civil Engineering,2,0.0004131377814501136
post_ai,Journal of Teacher Education for Sustainability,2,0.0004131377814501136
post_ai,Journal of Urban Technology,2,0.0004131377814501136
post_ai,Journal of Veterinary Medical Education,2,0.0004131377814501136
post_ai,Journal of science education for students with disabilities,2,0.0004131377814501136
post_ai,Journal of the Economic and Social History of the Orient,2,0.0004131377814501136
post_ai,Journal on Efficiency and Responsibility in Education and Science,2,0.0004131377814501136
post_ai,Journalism,2,0.0004131377814501136
post_ai,Journalism Practice,2,0.0004131377814501136
post_ai,Jurnal Aplikasi Manajemen,2,0.0004131377814501136
post_ai,Jurnal Ilmiah Manajemen Kesatuan,2,0.0004131377814501136
post_ai,Language Policy,2,0.0004131377814501136
post_ai,Language and Education,2,0.0004131377814501136
post_ai,Leadership and Policy in Schools,2,0.0004131377814501136
post_ai,Learning and Instruction,2,0.0004131377814501136
post_ai,Local Government Studies,2,0.0004131377814501136
post_ai,MMWR Morbidity and Mortality Weekly Report,2,0.0004131377814501136
post_ai,Marriage & Family Review,2,0.0004131377814501136
post_ai,Mass Communication & Society,2,0.0004131377814501136
post_ai,Mathematics,2,0.0004131377814501136
post_ai,Medical Care,2,0.0004131377814501136
post_ai,Medical Teacher,2,0.0004131377814501136
post_ai,Memory Studies,2,0.0004131377814501136
post_ai,Mimbar Sekolah Dasar,2,0.0004131377814501136
post_ai,Moral Philosophy and Politics,2,0.0004131377814501136
post_ai,NASSP Bulletin,2,0.0004131377814501136
post_ai,Nationalities Papers,2,0.0004131377814501136
post_ai,Nature Communications,2,0.0004131377814501136
post_ai,Nature and Culture,2,0.0004131377814501136
post_ai,Nazhruna Jurnal Pendidikan Islam,2,0.0004131377814501136
post_ai,Neuroscience & Biobehavioral Reviews,2,0.0004131377814501136
post_ai,New Formations,2,0.0004131377814501136
post_ai,New Zealand Journal of Educational Studies,2,0.0004131377814501136
post_ai,Nurse Educator,2,0.0004131377814501136
post_ai,OECD reviews of evaluation and assessment in education,2,0.0004131377814501136
post_ai,Oncology nursing forum,2,0.0004131377814501136
post_ai,Open Journal of Political Science,2,0.0004131377814501136
post_ai,Open Learning The Journal of Open Distance and e-Learning,2,0.0004131377814501136
post_ai,Operations Research,2,0.0004131377814501136
post_ai,Oxford Research Encyclopedia of Communication,2,0.0004131377814501136
post_ai,PMLA/Publications of the Modern Language Association of America,2,0.0004131377814501136
post_ai,Pacific Affairs,2,0.0004131377814501136
post_ai,PeerJ,2,0.0004131377814501136
post_ai,Personnel Psychology,2,0.0004131377814501136
post_ai,Perspectives on Politics,2,0.0004131377814501136
post_ai,Perspectives on Telepractice,2,0.0004131377814501136
post_ai,Phi Delta Kappan,2,0.0004131377814501136
post_ai,Philosophy & Social Criticism,2,0.0004131377814501136
post_ai,Polar Record,2,0.0004131377814501136
post_ai,Policy & Politics,2,0.0004131377814501136
post_ai,Political Psychology,2,0.0004131377814501136
post_ai,Politics Philosophy & Economics,2,0.0004131377814501136
post_ai,Polymers,2,0.0004131377814501136
post_ai,Population Space and Place,2,0.0004131377814501136
post_ai,Post-Soviet Affairs,2,0.0004131377814501136
post_ai,Problems of Post-Communism,2,0.0004131377814501136
post_ai,Procedia Computer Science,2,0.0004131377814501136
post_ai,Proceedings of the IEEE,2,0.0004131377814501136
post_ai,Psychology in the Schools,2,0.0004131377814501136
post_ai,Public Money & Management,2,0.0004131377814501136
post_ai,Qualitative Research Journal,2,0.0004131377814501136
post_ai,Quality in Higher Education,2,0.0004131377814501136
post_ai,Religion State & Society,2,0.0004131377814501136
post_ai,Research Square,2,0.0004131377814501136
post_ai,Research in Drama Education The Journal of Applied Theatre and Performance,2,0.0004131377814501136
post_ai,Research in Post-Compulsory Education,2,0.0004131377814501136
post_ai,Research in Science Education,2,0.0004131377814501136
post_ai,Research on Aging,2,0.0004131377814501136
post_ai,Review of Public Personnel Administration,2,0.0004131377814501136
post_ai,Reviews in Clinical Gerontology,2,0.0004131377814501136
post_ai,Revista Brasileira de Enfermagem,2,0.0004131377814501136
post_ai,Risk Management and Healthcare Policy,2,0.0004131377814501136
post_ai,Rowman & Littlefield Publishers eBooks,2,0.0004131377814501136
post_ai,SHS Web of Conferences,2,0.0004131377814501136
post_ai,SSM - Population Health,2,0.0004131377814501136
post_ai,Scandinavian Journal of Educational Research,2,0.0004131377814501136
post_ai,Science Governance and Scientometrics,2,0.0004131377814501136
post_ai,Sexual Abuse,2,0.0004131377814501136
post_ai,Social Philosophy and Policy,2,0.0004131377814501136
post_ai,Social Psychiatry and Psychiatric Epidemiology,2,0.0004131377814501136
post_ai,Social Science & Medicine,2,0.0004131377814501136
post_ai,Social Science Information,2,0.0004131377814501136
post_ai,Social Sciences,2,0.0004131377814501136
post_ai,Social Work,2,0.0004131377814501136
post_ai,Social Work Education,2,0.0004131377814501136
post_ai,Social enterprise journal,2,0.0004131377814501136
post_ai,Sociologia Ruralis,2,0.0004131377814501136
post_ai,Sociological Analysis,2,0.0004131377814501136
post_ai,Sociological Research Online,2,0.0004131377814501136
post_ai,Sociology,2,0.0004131377814501136
post_ai,Sociology Compass,2,0.0004131377814501136
post_ai,South African Journal of Higher Education,2,0.0004131377814501136
post_ai,South Asian Journal of Business Studies,2,0.0004131377814501136
post_ai,Stanford Law Review,2,0.0004131377814501136
post_ai,Strategic Analysis,2,0.0004131377814501136
post_ai,Sustainability Science Practice and Policy,2,0.0004131377814501136
post_ai,Swinburne Research Bank (Swinburne University of Technology),2,0.0004131377814501136
post_ai,Systematic Reviews,2,0.0004131377814501136
post_ai,Systematic Reviews in Pharmacy,2,0.0004131377814501136
post_ai,TESOL Journal,2,0.0004131377814501136
post_ai,TESOL Quarterly,2,0.0004131377814501136
post_ai,Ta dib Jurnal Pendidikan Islam,2,0.0004131377814501136
post_ai,Teachers College Record The Voice of Scholarship in Education,2,0.0004131377814501136
post_ai,The American Historical Review,2,0.0004131377814501136
post_ai,The British Journal of Criminology,2,0.0004131377814501136
post_ai,The History Teacher,2,0.0004131377814501136
post_ai,The International Journal of Aging and Human Development,2,0.0004131377814501136
post_ai,The International Spectator,2,0.0004131377814501136
post_ai,The Journal of Asian Studies,2,0.0004131377814501136
post_ai,The Journal of Educators Online,2,0.0004131377814501136
post_ai,The Journal of Legal Studies,2,0.0004131377814501136
post_ai,The Journal of Marketing Theory and Practice,2,0.0004131377814501136
post_ai,The Journal of Peasant Studies,2,0.0004131377814501136
post_ai,The Journal of Special Education,2,0.0004131377814501136
post_ai,The Lancet Public Health,2,0.0004131377814501136
post_ai,The Review of Black Political Economy,2,0.0004131377814501136
post_ai,The Review of Economic Studies,2,0.0004131377814501136
post_ai,The Science of The Total Environment,2,0.0004131377814501136
post_ai,The University of Queensland,2,0.0004131377814501136
post_ai,Theory Into Practice,2,0.0004131377814501136
post_ai,Transforming Government People Process and Policy,2,0.0004131377814501136
post_ai,Transport Reviews,2,0.0004131377814501136
post_ai,Trauma Violence & Abuse,2,0.0004131377814501136
post_ai,Tropical Medicine and Health,2,0.0004131377814501136
post_ai,University of Michigan Press eBooks,2,0.0004131377814501136
post_ai,University of Minnesota Press eBooks,2,0.0004131377814501136
post_ai,University of Toronto Press eBooks,2,0.0004131377814501136
post_ai,Urban Affairs Review,2,0.0004131377814501136
post_ai,"Washington, DC: World Bank eBooks",2,0.0004131377814501136
post_ai,Wasit Journal of Computer and Mathematics Science,2,0.0004131377814501136
post_ai,Water,2,0.0004131377814501136
post_ai,Work,2,0.0004131377814501136
post_ai,World Englishes,2,0.0004131377814501136
post_ai,World Politics,2,0.0004131377814501136
post_ai,medRxiv,2,0.0004131377814501136
post_ai,2021 International Conference on Decision Aid Sciences and Application (DASA),1,0.0002065688907250568
post_ai,"2022 12th International Conference on Cloud Computing, Data Science &amp; Engineering (Confluence)",1,0.0002065688907250568
post_ai,"2022 ACM Conference on Fairness, Accountability, and Transparency",1,0.0002065688907250568
post_ai,ACCESS Access to science business innovation in digital economy,1,0.0002065688907250568
post_ai,ACM SIGOPS Operating Systems Review,1,0.0002065688907250568
post_ai,ACM Transactions on Computer Systems,1,0.0002065688907250568
post_ai,ACM Transactions on Computer-Human Interaction,1,0.0002065688907250568
post_ai,ACM Transactions on Graphics,1,0.0002065688907250568
post_ai,ACM Transactions on Information Systems,1,0.0002065688907250568
post_ai,ACM Transactions on Management Information Systems,1,0.0002065688907250568
post_ai,ACM Transactions on Mathematical Software,1,0.0002065688907250568
post_ai,ADI Journal on Recent Innovation (AJRI),1,0.0002065688907250568
post_ai,ADVANCED SCIENCES INDEX,1,0.0002065688907250568
post_ai,AEM Education and Training,1,0.0002065688907250568
post_ai,AI & Society,1,0.0002065688907250568
post_ai,AI and Ethics,1,0.0002065688907250568
post_ai,AIDS,1,0.0002065688907250568
post_ai,AIDS Care,1,0.0002065688907250568
post_ai,AILA Review,1,0.0002065688907250568
post_ai,AIP Advances,1,0.0002065688907250568
post_ai,AL-AUFA JURNAL PENDIDIKAN DAN KAJIAN KEISLAMAN,1,0.0002065688907250568
post_ai,AL-IHKAM Jurnal Hukum & Pranata Sosial,1,0.0002065688907250568
post_ai,AL-ISHLAH Jurnal Pendidikan,1,0.0002065688907250568
post_ai,AL-ISHLAH Jurnal Pendidikan Islam,1,0.0002065688907250568
post_ai,AL-TANZIM JURNAL MANAJEMEN PENDIDIKAN ISLAM,1,0.0002065688907250568
post_ai,ALSUNIYAT Jurnal Penelitian Bahasa Sastra dan Budaya Arab,1,0.0002065688907250568
post_ai,AMBIO,1,0.0002065688907250568
post_ai,AORN Journal,1,0.0002065688907250568
post_ai,ASEAN Marketing Journal,1,0.0002065688907250568
post_ai,ASKETIK,1,0.0002065688907250568
post_ai,AUC GEOGRAPHICA,1,0.0002065688907250568
post_ai,Ab imperio,1,0.0002065688907250568
post_ai,Aberdeen University Press eBooks,1,0.0002065688907250568
post_ai,Academic Journal of Nawroz University,1,0.0002065688907250568
post_ai,Academy of Management Annals,1,0.0002065688907250568
post_ai,Academy of Management Perspectives,1,0.0002065688907250568
post_ai,Academy of Management Proceedings,1,0.0002065688907250568
post_ai,Academy of strategic management journal/Academy of Strategic Management journal,1,0.0002065688907250568
post_ai,Acta Didactica Napocensia,1,0.0002065688907250568
post_ai,Acta Ecologica Sinica,1,0.0002065688907250568
post_ai,Acta Orientalia,1,0.0002065688907250568
post_ai,Acta Poloniae Historica,1,0.0002065688907250568
post_ai,Acta Universitatis Sapientiae Legal Studies,1,0.0002065688907250568
post_ai,Addiction,1,0.0002065688907250568
post_ai,Adult and Higher Education,1,0.0002065688907250568
post_ai,Advanced Robotics,1,0.0002065688907250568
post_ai,Advances in Civil Engineering,1,0.0002065688907250568
post_ai,Advances in Medical Education and Practice,1,0.0002065688907250568
post_ai,Advances in Mobile Learning Educational Research,1,0.0002065688907250568
post_ai,"Advances in economics, business and management research/Advances in Economics, Business and Management Research",1,0.0002065688907250568
post_ai,"Advances in knowledge acquisition, transfer, and management book series/Advances in knowledge acquisition, transfer and management book series",1,0.0002065688907250568
post_ai,Advances in linguistics and communication studies,1,0.0002065688907250568
post_ai,"Advances in medical education, research, and ethics (AMERE) book series",1,0.0002065688907250568
post_ai,Advances in strategic management,1,0.0002065688907250568
post_ai,Africa Journal of Nursing and Midwifery,1,0.0002065688907250568
post_ai,African Educational Research Journal,1,0.0002065688907250568
post_ai,African Journal of Drug and Alcohol Studies,1,0.0002065688907250568
post_ai,African Journal of Economic and Management Studies,1,0.0002065688907250568
post_ai,African Journal of Hospitality Tourism and Leisure,1,0.0002065688907250568
post_ai,African Journal of Primary Health Care & Family Medicine,1,0.0002065688907250568
post_ai,African Journalism Studies,1,0.0002065688907250568
post_ai,African Studies,1,0.0002065688907250568
post_ai,Africa’s Public Service Delivery and Performance Review,1,0.0002065688907250568
post_ai,Agenda,1,0.0002065688907250568
post_ai,Aggression and Violent Behavior,1,0.0002065688907250568
post_ai,Aging Cell,1,0.0002065688907250568
post_ai,Al Adzkiya International of Education and Sosial (AIoES) Journal,1,0.0002065688907250568
post_ai,Al Mi yar Jurnal Ilmiah Pembelajaran Bahasa Arab dan Kebahasaaraban,1,0.0002065688907250568
post_ai,Al-Adyan Jurnal Studi Lintas Agama,1,0.0002065688907250568
post_ai,Al-Muaddib Jurnal Kajian Ilmu Kependidikan,1,0.0002065688907250568
post_ai,Al-Munir Jurnal Studi Ilmu Al-Qur an dan Tafsir,1,0.0002065688907250568
post_ai,Alcoholism Clinical and Experimental Research,1,0.0002065688907250568
post_ai,Algorithms,1,0.0002065688907250568
post_ai,Alternatives Global Local Political,1,0.0002065688907250568
post_ai,American Communist History,1,0.0002065688907250568
post_ai,American Educational Research Association Annual Meeting,1,0.0002065688907250568
post_ai,American Educational Research Journal,1,0.0002065688907250568
post_ai,American Journal of Education and Technology,1,0.0002065688907250568
post_ai,American Journal of Educational Research,1,0.0002065688907250568
post_ai,American Journal of Hematology,1,0.0002065688907250568
post_ai,American Journal of Hypertension,1,0.0002065688907250568
post_ai,American Journal of International Law,1,0.0002065688907250568
post_ai,American Journal of Islamic Social Sciences,1,0.0002065688907250568
post_ai,American Journal of Mechanical and Industrial Engineering,1,0.0002065688907250568
post_ai,American Journal of Nephrology,1,0.0002065688907250568
post_ai,American Journal of Occupational Therapy,1,0.0002065688907250568
post_ai,American Journal of Orthopsychiatry,1,0.0002065688907250568
post_ai,American Journal of Preventive Medicine,1,0.0002065688907250568
post_ai,American Journal of Psychiatry,1,0.0002065688907250568
post_ai,American Journal of Public Health and the Nations Health,1,0.0002065688907250568
post_ai,American Journal of Speech-Language Pathology,1,0.0002065688907250568
post_ai,American Journal of Tropical Medicine and Hygiene,1,0.0002065688907250568
post_ai,American Literary History,1,0.0002065688907250568
post_ai,American Psychiatric Association eBooks,1,0.0002065688907250568
post_ai,American Speech,1,0.0002065688907250568
post_ai,Amfiteatru Economic,1,0.0002065688907250568
post_ai,Anaesthesia and Intensive Care,1,0.0002065688907250568
post_ai,Anatolia,1,0.0002065688907250568
post_ai,Anatolian Journal of Education,1,0.0002065688907250568
post_ai,Anatolian Journal of Psychiatry,1,0.0002065688907250568
post_ai,Animal Conservation,1,0.0002065688907250568
post_ai,Ankara Universitesi Egitim Bilimleri Fakultesi Dergisi,1,0.0002065688907250568
post_ai,Annals of Leisure Research,1,0.0002065688907250568
post_ai,Annals of the American Association of Geographers,1,0.0002065688907250568
post_ai,Annals of the New York Academy of Sciences,1,0.0002065688907250568
post_ai,Annals of the Romanian Society for Cell Biology,1,0.0002065688907250568
post_ai,Annual Review of Anthropology,1,0.0002065688907250568
post_ai,Annual Review of Criminology,1,0.0002065688907250568
post_ai,Anthropological Forum,1,0.0002065688907250568
post_ai,Anthropological Quarterly,1,0.0002065688907250568
post_ai,Anthropologischer Anzeiger,1,0.0002065688907250568
post_ai,Anthropology & Education Quarterly,1,0.0002065688907250568
post_ai,Anthropology in Action,1,0.0002065688907250568
post_ai,Anthropology of Consciousness,1,0.0002065688907250568
post_ai,Anthropology of Work Review,1,0.0002065688907250568
post_ai,Anthropology of the Middle East,1,0.0002065688907250568
post_ai,Anthurium A Caribbean Studies Journal,1,0.0002065688907250568
post_ai,Antioxidants and Redox Signaling,1,0.0002065688907250568
post_ai,Apple Academic Press eBooks,1,0.0002065688907250568
post_ai,Applied Artificial Intelligence,1,0.0002065688907250568
post_ai,Applied Bionics and Biomechanics,1,0.0002065688907250568
post_ai,Applied Cognitive Psychology,1,0.0002065688907250568
post_ai,Applied Measurement in Education,1,0.0002065688907250568
post_ai,Applied Psychological Measurement,1,0.0002065688907250568
post_ai,Applied Psychology Health and Well-Being,1,0.0002065688907250568
post_ai,Aptisi Transactions On Technopreneurship (ATT),1,0.0002065688907250568
post_ai,Archive of European Integration (AEI) (University of Pittsburgh),1,0.0002065688907250568
post_ai,Archives of General Psychiatry,1,0.0002065688907250568
post_ai,Archives of Internal Medicine,1,0.0002065688907250568
post_ai,Archives of Neurology,1,0.0002065688907250568
post_ai,Artificial Intelligence in Medicine,1,0.0002065688907250568
post_ai,As-Salam Jurnal Studi Hukum Islam & Pendidikan,1,0.0002065688907250568
post_ai,AsTEN Journal of Teacher Education,1,0.0002065688907250568
post_ai,Asia Pacific Business Review,1,0.0002065688907250568
post_ai,Asia Pacific Journal of Public Health,1,0.0002065688907250568
post_ai,Asia Pacific Journal of Sport and Social Science,1,0.0002065688907250568
post_ai,Asia Proceedings of Social Sciences,1,0.0002065688907250568
post_ai,Asia-Pacific Journal of Rural Development,1,0.0002065688907250568
post_ai,Asia-Pacific Journal of Teacher Education,1,0.0002065688907250568
post_ai,Asia-Pacific Psychiatry,1,0.0002065688907250568
post_ai,Asia-Pacific Science Education,1,0.0002065688907250568
post_ai,Asian Bioethics Review,1,0.0002065688907250568
post_ai,Asian Folklore Studies,1,0.0002065688907250568
post_ai,Asian Journal Of Social Psychology,1,0.0002065688907250568
post_ai,Asian Journal of Business and Accounting,1,0.0002065688907250568
post_ai,Asian Journal of Comparative Law,1,0.0002065688907250568
post_ai,Asian Journal of Education and Training,1,0.0002065688907250568
post_ai,Asian Journal of English Language Studies,1,0.0002065688907250568
post_ai,Asian Politics & Policy,1,0.0002065688907250568
post_ai,Asian Studies Review,1,0.0002065688907250568
post_ai,Asiatische Studien – Études Asiatiques,1,0.0002065688907250568
post_ai,Assessment Matters,1,0.0002065688907250568
post_ai,Assiut Scientific Nursing Journal,1,0.0002065688907250568
post_ai,Assyfa Learning Journal,1,0.0002065688907250568
post_ai,Attachment & Human Development,1,0.0002065688907250568
post_ai,Audiology and Neurotology,1,0.0002065688907250568
post_ai,Australasian Journal of Educational Technology,1,0.0002065688907250568
post_ai,Australian & New Zealand Journal of Psychiatry,1,0.0002065688907250568
post_ai,Australian Journal of Management,1,0.0002065688907250568
post_ai,Australian Journal of Primary Health,1,0.0002065688907250568
post_ai,Australian Journal of Psychology,1,0.0002065688907250568
post_ai,Australian Journal of Rural Health,1,0.0002065688907250568
post_ai,Australian and International Journal of Rural Education,1,0.0002065688907250568
post_ai,BASKARA Journal of Business and Entrepreneurship,1,0.0002065688907250568
post_ai,BJOG An International Journal of Obstetrics & Gynaecology,1,0.0002065688907250568
post_ai,BMC Evolutionary Biology,1,0.0002065688907250568
post_ai,BMC Family Practice,1,0.0002065688907250568
post_ai,BMC Medicine,1,0.0002065688907250568
post_ai,BMC Nephrology,1,0.0002065688907250568
post_ai,BMC Oral Health,1,0.0002065688907250568
post_ai,BMC Pediatrics,1,0.0002065688907250568
post_ai,BMC Pregnancy and Childbirth,1,0.0002065688907250568
post_ai,BMC Research Notes,1,0.0002065688907250568
post_ai,BMJ Global Health,1,0.0002065688907250568
post_ai,BMJ Quality & Safety,1,0.0002065688907250568
post_ai,Baltic Journal of Management,1,0.0002065688907250568
post_ai,Basic and Applied Social Psychology,1,0.0002065688907250568
post_ai,Behavior Research Methods,1,0.0002065688907250568
post_ai,Behaviormetrika,1,0.0002065688907250568
post_ai,Benchmarking An International Journal,1,0.0002065688907250568
post_ai,Bergen Open Research Archive (BORA) (University of Bergen),1,0.0002065688907250568
post_ai,Berita Kedokteran Masyarakat,1,0.0002065688907250568
post_ai,Beyond Behavior,1,0.0002065688907250568
post_ai,Bilingual Research Journal,1,0.0002065688907250568
post_ai,Biochemia Medica,1,0.0002065688907250568
post_ai,Biofuels,1,0.0002065688907250568
post_ai,Bloomsbury Publishing Plc eBooks,1,0.0002065688907250568
post_ai,Brain and Behavior,1,0.0002065688907250568
post_ai,British Journal of Applied Science & Technology,1,0.0002065688907250568
post_ai,British Journal of Developmental Psychology,1,0.0002065688907250568
post_ai,British Journal of Educational Psychology,1,0.0002065688907250568
post_ai,British Journal of Educational Studies,1,0.0002065688907250568
post_ai,British Journal of General Practice,1,0.0002065688907250568
post_ai,British Journal of Health Psychology,1,0.0002065688907250568
post_ai,British Journal of Learning Disabilities,1,0.0002065688907250568
post_ai,British Journal of Management,1,0.0002065688907250568
post_ai,British Journal of Sociology,1,0.0002065688907250568
post_ai,British Journal of Urology,1,0.0002065688907250568
post_ai,Budapest International Research and Critics Institute  (BIRCI-Journal): Humanities and Social Sciences,1,0.0002065688907250568
post_ai,Bulletin of Electrical Engineering and Informatics,1,0.0002065688907250568
post_ai,Bulletin of Geography Socio-economic series,1,0.0002065688907250568
post_ai,Bulletin of Lviv Polytechnic National University journalism,1,0.0002065688907250568
post_ai,Bulletin of Science Technology & Society,1,0.0002065688907250568
post_ai,Bulletin of South Ural State University series Economics and management,1,0.0002065688907250568
post_ai,Bulletin of satistics and economics,1,0.0002065688907250568
post_ai,Business Ethics the Environment & Responsibility,1,0.0002065688907250568
post_ai,Business Information Review,1,0.0002065688907250568
post_ai,Business Strategy and the Environment,1,0.0002065688907250568
post_ai,Business and Entrepreneurial Review (BER),1,0.0002065688907250568
post_ai,CA A Cancer Journal for Clinicians,1,0.0002065688907250568
post_ai,CABI eBooks,1,0.0002065688907250568
post_ai,CTE Workshop Proceedings,1,0.0002065688907250568
post_ai,Cahiers du monde russe et soviétique,1,0.0002065688907250568
post_ai,California Law Review,1,0.0002065688907250568
post_ai,Cambridge Archaeological Journal,1,0.0002065688907250568
post_ai,Cambridge Journal of Education,1,0.0002065688907250568
post_ai,Campbell Systematic Reviews,1,0.0002065688907250568
post_ai,Canadian Journal for the Study of Adult Education,1,0.0002065688907250568
post_ai,Canadian Journal of Administrative Sciences / Revue Canadienne des Sciences de l Administration,1,0.0002065688907250568
post_ai,Canadian Journal of Criminology and Criminal Justice/La Revue canadienne de criminologie et de justice pénale,1,0.0002065688907250568
post_ai,Canadian Journal of Development Studies/Revue canadienne d études du développement,1,0.0002065688907250568
post_ai,Canadian Journal of Disability Studies,1,0.0002065688907250568
post_ai,Canadian Journal of Higher Education,1,0.0002065688907250568
post_ai,Canadian Journal of Occupational Therapy,1,0.0002065688907250568
post_ai,Canadian Studies in Population,1,0.0002065688907250568
post_ai,Canadian journal of nonprofit and social economy research,1,0.0002065688907250568
post_ai,Canadian-American Slavic Studies,1,0.0002065688907250568
post_ai,Caries Research,1,0.0002065688907250568
post_ai,Cartography,1,0.0002065688907250568
post_ai,Celebrity Studies,1,0.0002065688907250568
post_ai,Center for Educational Policy Studies Journal,1,0.0002065688907250568
post_ai,Central European Journal of Communication,1,0.0002065688907250568
post_ai,Chemistry Education Research and Practice,1,0.0002065688907250568
post_ai,Child Care Health and Development,1,0.0002065688907250568
post_ai,Child Development Perspectives,1,0.0002065688907250568
post_ai,Child Development Research,1,0.0002065688907250568
post_ai,Child and Adolescent Mental Health,1,0.0002065688907250568
post_ai,Children,1,0.0002065688907250568
post_ai,Chinese Journal of Applied Linguistics,1,0.0002065688907250568
post_ai,Chinese Journal of Population Resources and Environment,1,0.0002065688907250568
post_ai,Christian Education Journal Research on Educational Ministry,1,0.0002065688907250568
post_ai,Circulation Cardiovascular Quality and Outcomes,1,0.0002065688907250568
post_ai,Cities,1,0.0002065688907250568
post_ai,Citizenship Social and Economics Education,1,0.0002065688907250568
post_ai,City Territory and Architecture,1,0.0002065688907250568
post_ai,Civil Szemle,1,0.0002065688907250568
post_ai,Classroom Discourse,1,0.0002065688907250568
post_ai,Classroom companion: business,1,0.0002065688907250568
post_ai,Climate Policy,1,0.0002065688907250568
post_ai,Clinical Gerontologist,1,0.0002065688907250568
post_ai,Clinical Pediatrics,1,0.0002065688907250568
post_ai,Clinical Psychological Science,1,0.0002065688907250568
post_ai,Clinical and Experimental Dental Research,1,0.0002065688907250568
post_ai,Cochrane Database of Systematic Reviews,1,0.0002065688907250568
post_ai,Cogent Engineering,1,0.0002065688907250568
post_ai,Cold War History,1,0.0002065688907250568
post_ai,College English,1,0.0002065688907250568
post_ai,College student journal,1,0.0002065688907250568
post_ai,Commonwealth and Comparative Politics,1,0.0002065688907250568
post_ai,Communication Disorders Quarterly,1,0.0002065688907250568
post_ai,Communication Education,1,0.0002065688907250568
post_ai,Communication Quarterly,1,0.0002065688907250568
post_ai,Communication Theory,1,0.0002065688907250568
post_ai,Communication and Critical/Cultural Studies,1,0.0002065688907250568
post_ai,Communication and the Public,1,0.0002065688907250568
post_ai,Communications Biology,1,0.0002065688907250568
post_ai,Communications of the Association for Information Systems,1,0.0002065688907250568
post_ai,Community Dentistry And Oral Epidemiology,1,0.0002065688907250568
post_ai,Community Work & Family,1,0.0002065688907250568
post_ai,Comparative Education Review,1,0.0002065688907250568
post_ai,Comparative Sociology,1,0.0002065688907250568
post_ai,Complexity,1,0.0002065688907250568
post_ai,Comprehensive Psychiatry,1,0.0002065688907250568
post_ai,Comprehensive Reviews in Food Science and Food Safety,1,0.0002065688907250568
post_ai,Comprehensive physiology,1,0.0002065688907250568
post_ai,Computational Communication Research,1,0.0002065688907250568
post_ai,Computer,1,0.0002065688907250568
post_ai,Computer Science & IT Research Journal,1,0.0002065688907250568
post_ai,Computer Science Education,1,0.0002065688907250568
post_ai,Computer-supported collaborative learning/The Computer-Supported Collaborative Learning Conference,1,0.0002065688907250568
post_ai,Computers,1,0.0002065688907250568
post_ai,Computing in Science & Engineering,1,0.0002065688907250568
post_ai,Conflict Management and Peace Science,1,0.0002065688907250568
post_ai,Conflict Security and Development,1,0.0002065688907250568
post_ai,Conflict and Health,1,0.0002065688907250568
post_ai,Conhecimento & Diversidade,1,0.0002065688907250568
post_ai,Contemporary British History,1,0.0002065688907250568
post_ai,Contemporary Economic Policy,1,0.0002065688907250568
post_ai,Contemporary Italian Politics,1,0.0002065688907250568
post_ai,Contemporary Politics,1,0.0002065688907250568
post_ai,Contemporary Sociology A Journal of Reviews,1,0.0002065688907250568
post_ai,Contemporary Southeast Asia,1,0.0002065688907250568
post_ai,Contemporary studies in economic and financial analysis,1,0.0002065688907250568
post_ai,Contexts,1,0.0002065688907250568
post_ai,Convergence The International Journal of Research into New Media Technologies,1,0.0002065688907250568
post_ai,Cooperation and Conflict,1,0.0002065688907250568
post_ai,Cornell Hospitality Quarterly,1,0.0002065688907250568
post_ai,Corporate Social Responsibility and Environmental Management,1,0.0002065688907250568
post_ai,Corwin eBooks,1,0.0002065688907250568
post_ai,Counselling Psychology Review,1,0.0002065688907250568
post_ai,Creative Education,1,0.0002065688907250568
post_ai,Creativity and Innovation Management,1,0.0002065688907250568
post_ai,Crime Media Culture An International Journal,1,0.0002065688907250568
post_ai,Critical Perspectives on Accounting,1,0.0002065688907250568
post_ai,Critical Review,1,0.0002065688907250568
post_ai,Critical Sociology,1,0.0002065688907250568
post_ai,Critical Studies in Media Communication,1,0.0002065688907250568
post_ai,Critique of Anthropology,1,0.0002065688907250568
post_ai,Cross-Cultural Research,1,0.0002065688907250568
post_ai,Cross-currents,1,0.0002065688907250568
post_ai,CrossRef Listing of Deleted DOIs,1,0.0002065688907250568
post_ai,Crossings A Journal of English Studies,1,0.0002065688907250568
post_ai,Cultural Anthropology,1,0.0002065688907250568
post_ai,Culture Health & Sexuality,1,0.0002065688907250568
post_ai,Culture Studies &#x2194 Critical Methodologies,1,0.0002065688907250568
post_ai,Culture Unbound Journal of Current Cultural Research,1,0.0002065688907250568
post_ai,"Curentul Juridic, The Juridical Current, Le Courant Juridique",1,0.0002065688907250568
post_ai,Current Anthropology,1,0.0002065688907250568
post_ai,Current Hypertension Reports,1,0.0002065688907250568
post_ai,Current Opinion in Behavioral Sciences,1,0.0002065688907250568
post_ai,Current Psychology,1,0.0002065688907250568
post_ai,Current Urban Studies,1,0.0002065688907250568
post_ai,DUNE - DigitalUNE  (University of New England),1,0.0002065688907250568
post_ai,Daedalus,1,0.0002065688907250568
post_ai,Data,1,0.0002065688907250568
post_ai,Decision Sciences,1,0.0002065688907250568
post_ai,Demokratizatsiya The Journal of Post-Soviet Democratization,1,0.0002065688907250568
post_ai,Dentistry Journal,1,0.0002065688907250568
post_ai,Deposisi Jurnal Publikasi Ilmu Hukum,1,0.0002065688907250568
post_ai,Designs,1,0.0002065688907250568
post_ai,Development Southern Africa,1,0.0002065688907250568
post_ai,Development Studies Research,1,0.0002065688907250568
post_ai,Development and Psychopathology,1,0.0002065688907250568
post_ai,Developmental Neuropsychology,1,0.0002065688907250568
post_ai,Developmental Psychobiology,1,0.0002065688907250568
post_ai,Developments in the Built Environment,1,0.0002065688907250568
post_ai,DiGeSt Journal of Diversity and Gender Studies,1,0.0002065688907250568
post_ai,DiVA (Linkoping University),1,0.0002065688907250568
post_ai,Diagnostics,1,0.0002065688907250568
post_ai,Diagnostique,1,0.0002065688907250568
post_ai,Dialogia,1,0.0002065688907250568
post_ai,Die Welt des Islams,1,0.0002065688907250568
post_ai,Digital Business,1,0.0002065688907250568
post_ai,Digital Communications and Networks,1,0.0002065688907250568
post_ai,Digital Creativity,1,0.0002065688907250568
post_ai,Digital Education Review,1,0.0002065688907250568
post_ai,Digital Experiences in Mathematics Education,1,0.0002065688907250568
post_ai,Digital Policy Regulation and Governance,1,0.0002065688907250568
post_ai,Dimensions of Critical Care Nursing,1,0.0002065688907250568
post_ai,Dinamika Pembelajaran,1,0.0002065688907250568
post_ai,Dinasti International Journal of Digital Business Management,1,0.0002065688907250568
post_ai,Disabilities,1,0.0002065688907250568
post_ai,Disasters,1,0.0002065688907250568
post_ai,Discourse & Society,1,0.0002065688907250568
post_ai,Discourse Studies,1,0.0002065688907250568
post_ai,"Discourse approaches to politics, society and culture",1,0.0002065688907250568
post_ai,Discover Applied Sciences,1,0.0002065688907250568
post_ai,Discover Education,1,0.0002065688907250568
post_ai,Discover Internet of Things,1,0.0002065688907250568
post_ai,Discover Sustainability,1,0.0002065688907250568
post_ai,Distinktion Journal of Social Theory,1,0.0002065688907250568
post_ai,Du Bois Review Social Science Research on Race,1,0.0002065688907250568
post_ai,Dyslexia,1,0.0002065688907250568
post_ai,Dépôt Institutionnel de lUniversité de Tlemcen,1,0.0002065688907250568
post_ai,E-Journal of Cultural Studies,1,0.0002065688907250568
post_ai,ECNU Review of Education,1,0.0002065688907250568
post_ai,ECS Transactions,1,0.0002065688907250568
post_ai,EClinicalMedicine,1,0.0002065688907250568
post_ai,EDUCASIA Jurnal Pendidikan Pengajaran dan Pembelajaran,1,0.0002065688907250568
post_ai,EDUKATIF JURNAL ILMU PENDIDIKAN,1,0.0002065688907250568
post_ai,EDUTEC Journal of Education And Technology,1,0.0002065688907250568
post_ai,EKONOMIKA I UPRAVLENIE PROBLEMY RESHENIYA,1,0.0002065688907250568
post_ai,EMBO Reports,1,0.0002065688907250568
post_ai,ENLIGHTEN (Jurnal Bimbingan dan Konseling Islam),1,0.0002065688907250568
post_ai,Early Child Development and Care,1,0.0002065688907250568
post_ai,Earth System Governance,1,0.0002065688907250568
post_ai,Ecography,1,0.0002065688907250568
post_ai,Ecological Applications,1,0.0002065688907250568
post_ai,Ecology Letters,1,0.0002065688907250568
post_ai,Economic Development and Cultural Change,1,0.0002065688907250568
post_ai,Economy of Regions,1,0.0002065688907250568
post_ai,Econstor (Econstor),1,0.0002065688907250568
post_ai,EduLine Journal of Education and Learning Innovation,1,0.0002065688907250568
post_ai,Education Finance and Policy,1,0.0002065688907250568
post_ai,Education and Urban Society,1,0.0002065688907250568
post_ai,Educational Administration Research and Review,1,0.0002065688907250568
post_ai,Educational Linguistics,1,0.0002065688907250568
post_ai,Educational Process International Journal,1,0.0002065688907250568
post_ai,Educational Studies,1,0.0002065688907250568
post_ai,Educational Studies in Mathematics,1,0.0002065688907250568
post_ai,Educational research and innovation,1,0.0002065688907250568
post_ai,Edukasi,1,0.0002065688907250568
post_ai,Edumaspul - Jurnal Pendidikan,1,0.0002065688907250568
post_ai,Egyptian Journal of Chemistry,1,0.0002065688907250568
post_ai,Ekonis Jurnal Ekonomi dan Bisnis,1,0.0002065688907250568
post_ai,El-Tsaqafah Jurnal Jurusan PBA,1,0.0002065688907250568
post_ai,Elkawnie,1,0.0002065688907250568
post_ai,Emerald Open Research,1,0.0002065688907250568
post_ai,Emergence,1,0.0002065688907250568
post_ai,Emik Jurnal Ilmiah Ilmu-Ilmu Sosial,1,0.0002065688907250568
post_ai,Empathy Jurnal Fakultas Psikologi,1,0.0002065688907250568
post_ai,Energy Policy,1,0.0002065688907250568
post_ai,Energy Reports,1,0.0002065688907250568
post_ai,Energy Science & Engineering,1,0.0002065688907250568
post_ai,Energy and Climate Change,1,0.0002065688907250568
post_ai,English Education Jurnal Tadris Bahasa Inggris,1,0.0002065688907250568
post_ai,English studies in Canada,1,0.0002065688907250568
post_ai,Enterprise & Society,1,0.0002065688907250568
post_ai,Entrepreneurial Business and Economics Review,1,0.0002065688907250568
post_ai,Entrepreneurship Research Journal,1,0.0002065688907250568
post_ai,Environment and Behavior,1,0.0002065688907250568
post_ai,Environmental Education Research,1,0.0002065688907250568
post_ai,Environmental Ethics,1,0.0002065688907250568
post_ai,Environmental Geochemistry and Health,1,0.0002065688907250568
post_ai,Environmental Health,1,0.0002065688907250568
post_ai,Environmental Health Perspectives,1,0.0002065688907250568
post_ai,Environmental Health and Preventive Medicine,1,0.0002065688907250568
post_ai,Environmental History,1,0.0002065688907250568
post_ai,Environmental Science & Policy,1,0.0002065688907250568
post_ai,Environmental Science & Technology,1,0.0002065688907250568
post_ai,Environmental Values,1,0.0002065688907250568
post_ai,Epidemiology,1,0.0002065688907250568
post_ai,Epidemiology and Psychiatric Sciences,1,0.0002065688907250568
post_ai,Equality Diversity and Inclusion An International Journal,1,0.0002065688907250568
post_ai,Equinox Journal of Economics Business and Political Studies,1,0.0002065688907250568
post_ai,Estoria Journal of Social Science and Humanities,1,0.0002065688907250568
post_ai,Ethics and Education,1,0.0002065688907250568
post_ai,Ethnicity & Disease,1,0.0002065688907250568
post_ai,Ethnology,1,0.0002065688907250568
post_ai,Ethnopolitics,1,0.0002065688907250568
post_ai,Ethnos,1,0.0002065688907250568
post_ai,Eurasia Journal of Mathematics Science and Technology Education,1,0.0002065688907250568
post_ai,Eurasian Journal of Educational Research,1,0.0002065688907250568
post_ai,Europe Asia Studies,1,0.0002065688907250568
post_ai,European Constitutional Law Review,1,0.0002065688907250568
post_ai,European Countryside,1,0.0002065688907250568
post_ai,European Heart Journal,1,0.0002065688907250568
post_ai,European Journal for Security Research,1,0.0002065688907250568
post_ai,European Journal of Business and Management,1,0.0002065688907250568
post_ai,European Journal of Educational Research,1,0.0002065688907250568
post_ai,European Journal of Management Issues,1,0.0002065688907250568
post_ai,European Journal of Marketing,1,0.0002065688907250568
post_ai,European Journal of Neuroscience,1,0.0002065688907250568
post_ai,European Journal of Operational Research,1,0.0002065688907250568
post_ai,European Journal of Orthodontics,1,0.0002065688907250568
post_ai,European Journal of Personality,1,0.0002065688907250568
post_ai,European Journal of Preventive Cardiology,1,0.0002065688907250568
post_ai,European Journal of Psychological Assessment,1,0.0002065688907250568
post_ai,European Journal of Science and Mathematics Education,1,0.0002065688907250568
post_ai,European Journal of Special Education Research,1,0.0002065688907250568
post_ai,European Journal of Women s Studies,1,0.0002065688907250568
post_ai,European Political Science Review,1,0.0002065688907250568
post_ai,European Politics and Society,1,0.0002065688907250568
post_ai,European Societies,1,0.0002065688907250568
post_ai,European Spatial Research and Policy,1,0.0002065688907250568
post_ai,European Union Politics,1,0.0002065688907250568
post_ai,European Urban and Regional Studies,1,0.0002065688907250568
post_ai,Evaluation Review,1,0.0002065688907250568
post_ai,Evidence-based Complementary and Alternative Medicine,1,0.0002065688907250568
post_ai,Evolutionary Anthropology Issues News and Reviews,1,0.0002065688907250568
post_ai,Exceptionality,1,0.0002065688907250568
post_ai,Experimental Economics,1,0.0002065688907250568
post_ai,Exploratory Research in Clinical and Social Pharmacy,1,0.0002065688907250568
post_ai,Eğitim ve Yeni Yaklaşımlar Dergisi,1,0.0002065688907250568
post_ai,Éducation & didactique,1,0.0002065688907250568
post_ai,FASTABIQ JURNAL STUDI ISLAM,1,0.0002065688907250568
post_ai,Fact sheet,1,0.0002065688907250568
post_ai,Family Business Review,1,0.0002065688907250568
post_ai,Family Process,1,0.0002065688907250568
post_ai,Feminist Studies,1,0.0002065688907250568
post_ai,Fieldwork in Religion,1,0.0002065688907250568
post_ai,Figshare,1,0.0002065688907250568
post_ai,Focus on Exceptional Children,1,0.0002065688907250568
post_ai,Folia Horticulturae,1,0.0002065688907250568
post_ai,Folia Primatologica,1,0.0002065688907250568
post_ai,Fordham University Press eBooks,1,0.0002065688907250568
post_ai,Foreign Policy Analysis,1,0.0002065688907250568
post_ai,Forensic Science International Digital Investigation,1,0.0002065688907250568
post_ai,Foundations and Trends® in Marketing,1,0.0002065688907250568
post_ai,Frontiers A Journal of Women Studies,1,0.0002065688907250568
post_ai,Frontiers in Aging Neuroscience,1,0.0002065688907250568
post_ai,Frontiers in Artificial Intelligence,1,0.0002065688907250568
post_ai,Frontiers in Built Environment,1,0.0002065688907250568
post_ai,Frontiers in Cardiovascular Medicine,1,0.0002065688907250568
post_ai,Frontiers in Tropical Diseases,1,0.0002065688907250568
post_ai,Frontiers in artificial intelligence and applications,1,0.0002065688907250568
post_ai,Functional Linguistics,1,0.0002065688907250568
post_ai,Future Business Journal,1,0.0002065688907250568
post_ai,Future Healthcare Journal,1,0.0002065688907250568
post_ai,Future Internet,1,0.0002065688907250568
post_ai,Gaceta Sanitaria,1,0.0002065688907250568
post_ai,Ganesha Law Review,1,0.0002065688907250568
post_ai,Gender & Society,1,0.0002065688907250568
post_ai,Gender Work and Organization,1,0.0002065688907250568
post_ai,Gender and Behaviour,1,0.0002065688907250568
post_ai,GeoJournal of Tourism and Geosites,1,0.0002065688907250568
post_ai,Geoforum,1,0.0002065688907250568
post_ai,Geographical Analysis,1,0.0002065688907250568
post_ai,Geographical Journal,1,0.0002065688907250568
post_ai,Geography,1,0.0002065688907250568
post_ai,Geography Compass,1,0.0002065688907250568
post_ai,Geomatics Natural Hazards and Risk,1,0.0002065688907250568
post_ai,Geophysical Research Letters,1,0.0002065688907250568
post_ai,Geopolitics,1,0.0002065688907250568
post_ai,Geoscientific model development,1,0.0002065688907250568
post_ai,Geriatrics and gerontology international/Geriatrics & gerontology international,1,0.0002065688907250568
post_ai,German Politics & Society,1,0.0002065688907250568
post_ai,Girlhood Studies,1,0.0002065688907250568
post_ai,Global Health Promotion,1,0.0002065688907250568
post_ai,Global Health Research and Policy,1,0.0002065688907250568
post_ai,Global Heart,1,0.0002065688907250568
post_ai,Global Pediatric Health,1,0.0002065688907250568
post_ai,Global Review of Islamic Economics and Business,1,0.0002065688907250568
post_ai,Golden Ratio of Human Resource Management,1,0.0002065688907250568
post_ai,Gothenburg University Publications Electronic Archive (Gothenburg University),1,0.0002065688907250568
post_ai,Gothic.net,1,0.0002065688907250568
post_ai,Government Information Quarterly,1,0.0002065688907250568
post_ai,Green Letters,1,0.0002065688907250568
post_ai,Greener Journal of Educational Research,1,0.0002065688907250568
post_ai,Group & Organization Management,1,0.0002065688907250568
post_ai,Group & Organization Studies,1,0.0002065688907250568
post_ai,Gênero & Direito,1,0.0002065688907250568
post_ai,HO CHI MINH CITY OPEN UNIVERSITY JOURNAL OF SCIENCE - SOCIAL SCIENCES,1,0.0002065688907250568
post_ai,HOW,1,0.0002065688907250568
post_ai,"Handbook of Open, Distance and Digital Education",1,0.0002065688907250568
post_ai,Harvard Kennedy School Misinformation Review,1,0.0002065688907250568
post_ai,He Rourou,1,0.0002065688907250568
post_ai,Health Affairs Scholar,1,0.0002065688907250568
post_ai,Health Care For Women International,1,0.0002065688907250568
post_ai,Health Policy and Planning,1,0.0002065688907250568
post_ai,Health Promotion International,1,0.0002065688907250568
post_ai,Health Promotion and Chronic Disease Prevention in Canada,1,0.0002065688907250568
post_ai,Health Psychology Open,1,0.0002065688907250568
post_ai,Health Science Reports,1,0.0002065688907250568
post_ai,Health Services Insights,1,0.0002065688907250568
post_ai,Health Services Research,1,0.0002065688907250568
post_ai,Health Sociology Review,1,0.0002065688907250568
post_ai,Higher Education Management,1,0.0002065688907250568
post_ai,Higher Education Studies,1,0.0002065688907250568
post_ai,Hispanic Journal of Behavioral Sciences,1,0.0002065688907250568
post_ai,Historical Life Course Studies,1,0.0002065688907250568
post_ai,History Compass,1,0.0002065688907250568
post_ai,History Reviews of New Books,1,0.0002065688907250568
post_ai,Hong Kong Journal of Social Sciences,1,0.0002065688907250568
post_ai,Hospitality & Society,1,0.0002065688907250568
post_ai,Housing Policy Debate,1,0.0002065688907250568
post_ai,Housing and Society,1,0.0002065688907250568
post_ai,Human Biology,1,0.0002065688907250568
post_ai,Human Cell,1,0.0002065688907250568
post_ai,Human Communication Research,1,0.0002065688907250568
post_ai,Human Factors The Journal of the Human Factors and Ergonomics Society,1,0.0002065688907250568
post_ai,Human Organization,1,0.0002065688907250568
post_ai,Human Resource Development International,1,0.0002065688907250568
post_ai,Human Resource Development Review,1,0.0002065688907250568
post_ai,Human Resource Management Journal,1,0.0002065688907250568
post_ai,Human Rights Quarterly,1,0.0002065688907250568
post_ai,Human Services Organizations Management Leadership & Governance,1,0.0002065688907250568
post_ai,Human Vaccines,1,0.0002065688907250568
post_ai,Human-centric Computing and Information Sciences,1,0.0002065688907250568
post_ai,Hutanasyah Jurnal Hukum Tata Negara,1,0.0002065688907250568
post_ai,I-ECONOMICS A Research Journal on Islamic Economics,1,0.0002065688907250568
post_ai,IARJSET,1,0.0002065688907250568
post_ai,IEEE Communications Surveys & Tutorials,1,0.0002065688907250568
post_ai,IEEE Internet Computing,1,0.0002065688907250568
post_ai,IEEE Journal of the Electron Devices Society,1,0.0002065688907250568
post_ai,IEEE Journal on Emerging and Selected Topics in Circuits and Systems,1,0.0002065688907250568
post_ai,IEEE Revista Iberoamericana de Tecnologias del Aprendizaje,1,0.0002065688907250568
post_ai,IEEE Sensors Journal,1,0.0002065688907250568
post_ai,IEEE Transactions on Automatic Control,1,0.0002065688907250568
post_ai,IEEE Transactions on Education,1,0.0002065688907250568
post_ai,IEEE Transactions on Information Theory,1,0.0002065688907250568
post_ai,IEEE Transactions on Learning Technologies,1,0.0002065688907250568
post_ai,IEEE Transactions on Professional Communication,1,0.0002065688907250568
post_ai,IEEE Transactions on Systems Man and Cybernetics - Part A Systems and Humans,1,0.0002065688907250568
post_ai,IFLA Journal,1,0.0002065688907250568
post_ai,IGI Global eBooks,1,0.0002065688907250568
post_ai,IJPTE International Journal of Pedagogy and Teacher Education,1,0.0002065688907250568
post_ai,IMF staff discussion note,1,0.0002065688907250568
post_ai,INFORMS journal on computing,1,0.0002065688907250568
post_ai,INTED proceedings,1,0.0002065688907250568
post_ai,Ilha do Desterro A Journal of English Language Literatures in English and Cultural Studies,1,0.0002065688907250568
post_ai,Implementation Science,1,0.0002065688907250568
post_ai,Indian Journal of Medical Biochemistry,1,0.0002065688907250568
post_ai,Indonesian Journal of Applied Research (IJAR),1,0.0002065688907250568
post_ai,Indonesian Journal of Electrical Engineering and Computer Science,1,0.0002065688907250568
post_ai,Indonesian Journal of Islam and Muslim Societies,1,0.0002065688907250568
post_ai,Indonesian Journal of Social Research (IJSR),1,0.0002065688907250568
post_ai,Indonesian Journal of Tourism and Leisure,1,0.0002065688907250568
post_ai,Indoor and Built Environment,1,0.0002065688907250568
post_ai,Industrial Psychiatry Journal,1,0.0002065688907250568
post_ai,Industrial and Labor Relations Review,1,0.0002065688907250568
post_ai,Industry and Higher Education,1,0.0002065688907250568
post_ai,Infant Behavior and Development,1,0.0002065688907250568
post_ai,Infant and Child Development,1,0.0002065688907250568
post_ai,Infection and Drug Resistance,1,0.0002065688907250568
post_ai,Influenza and Other Respiratory Viruses,1,0.0002065688907250568
post_ai,Informal Logic,1,0.0002065688907250568
post_ai,Informatics for Health and Social Care,1,0.0002065688907250568
post_ai,Information & Management,1,0.0002065688907250568
post_ai,Information Discovery and Delivery,1,0.0002065688907250568
post_ai,Information Systems Journal,1,0.0002065688907250568
post_ai,Information Systems Management,1,0.0002065688907250568
post_ai,Information Technology and Libraries,1,0.0002065688907250568
post_ai,Information and Learning Sciences,1,0.0002065688907250568
post_ai,Innovation The European Journal of Social Science Research,1,0.0002065688907250568
post_ai,Innovations in Education and Teaching International,1,0.0002065688907250568
post_ai,Institut de recherche sur l’Asie du Sud-Est contemporaine eBooks,1,0.0002065688907250568
post_ai,Inteligensi Jurnal Ilmu Pendidikan,1,0.0002065688907250568
post_ai,Intellect Books,1,0.0002065688907250568
post_ai,Intellectual and developmental disabilities,1,0.0002065688907250568
post_ai,Intellectum (Universidad de La Sabana),1,0.0002065688907250568
post_ai,Intellektika Jurnal Ilmiah Mahasiswa,1,0.0002065688907250568
post_ai,Intelligent Decision Technologies,1,0.0002065688907250568
post_ai,Interactive Learning Environments,1,0.0002065688907250568
post_ai,Interactive Technology and Smart Education,1,0.0002065688907250568
post_ai,Intercultural Communication Education,1,0.0002065688907250568
post_ai,Intercultural Education,1,0.0002065688907250568
post_ai,Interdisciplinary Explorations in Research Journal,1,0.0002065688907250568
post_ai,International Conference of Moslem Society,1,0.0002065688907250568
post_ai,International Dental Journal of Student Research,1,0.0002065688907250568
post_ai,International Interactions,1,0.0002065688907250568
post_ai,International Journal Canada s Journal of Global Policy Analysis,1,0.0002065688907250568
post_ai,International Journal Middle East Studies,1,0.0002065688907250568
post_ai,International Journal for the Psychology of Religion,1,0.0002065688907250568
post_ai,International Journal for the Study of the Christian Church,1,0.0002065688907250568
post_ai,International Journal of ADVANCED AND APPLIED SCIENCES,1,0.0002065688907250568
post_ai,International Journal of Advanced Research in Science Communication and Technology,1,0.0002065688907250568
post_ai,International Journal of Africa Nursing Sciences,1,0.0002065688907250568
post_ai,International Journal of Applied Sciences in Tourism and Events,1,0.0002065688907250568
post_ai,International Journal of Bank Marketing,1,0.0002065688907250568
post_ai,International Journal of Biometeorology,1,0.0002065688907250568
post_ai,International Journal of Building Pathology and Adaptation,1,0.0002065688907250568
post_ai,International Journal of Business and Management,1,0.0002065688907250568
post_ai,International Journal of Cardiology Hypertension,1,0.0002065688907250568
post_ai,International Journal of Climate Change Strategies and Management,1,0.0002065688907250568
post_ai,International Journal of Cognitive Research in Science Engineering and Education,1,0.0002065688907250568
post_ai,International Journal of Computing Sciences Research,1,0.0002065688907250568
post_ai,International Journal of Constitutional Law,1,0.0002065688907250568
post_ai,International Journal of Data Science and Analytics,1,0.0002065688907250568
post_ai,International Journal of Disability Development and Education,1,0.0002065688907250568
post_ai,International Journal of Disaster Risk Reduction,1,0.0002065688907250568
post_ai,International Journal of Disaster Risk Science,1,0.0002065688907250568
post_ai,International Journal of Discrimination and the Law,1,0.0002065688907250568
post_ai,International Journal of Drug Policy,1,0.0002065688907250568
post_ai,International Journal of Education Policy and Leadership,1,0.0002065688907250568
post_ai,International Journal of Education Science Technology and Engineering (IJESTE),1,0.0002065688907250568
post_ai,International Journal of Educational Development,1,0.0002065688907250568
post_ai,International Journal of Educational Innovation.,1,0.0002065688907250568
post_ai,International Journal of Educational Management,1,0.0002065688907250568
post_ai,International Journal of Educational Research,1,0.0002065688907250568
post_ai,International Journal of Educational Sciences,1,0.0002065688907250568
post_ai,International Journal of Emerging Markets,1,0.0002065688907250568
post_ai,International Journal of Energy Economics and Policy,1,0.0002065688907250568
post_ai,International Journal of Energy Research,1,0.0002065688907250568
post_ai,International Journal of English Linguistics,1,0.0002065688907250568
post_ai,International Journal of English Literature and Social Sciences,1,0.0002065688907250568
post_ai,International Journal of Epidemiology,1,0.0002065688907250568
post_ai,International Journal of Financial Studies,1,0.0002065688907250568
post_ai,International Journal of General Medicine,1,0.0002065688907250568
post_ai,International Journal of Health Sciences,1,0.0002065688907250568
post_ai,International Journal of Higher Education,1,0.0002065688907250568
post_ai,International Journal of Hospitality Management,1,0.0002065688907250568
post_ai,International Journal of Housing Policy,1,0.0002065688907250568
post_ai,International Journal of Human Resource Studies,1,0.0002065688907250568
post_ai,International Journal of Humanity Studies (IJHS),1,0.0002065688907250568
post_ai,International Journal of Information Management Data Insights,1,0.0002065688907250568
post_ai,International Journal of Information Technologies and Systems Approach,1,0.0002065688907250568
post_ai,International Journal of Information and Learning Technology,1,0.0002065688907250568
post_ai,International Journal of Innovation and Technology Management,1,0.0002065688907250568
post_ai,International Journal of Instruction,1,0.0002065688907250568
post_ai,International Journal of Intelligent Systems,1,0.0002065688907250568
post_ai,International Journal of Intercultural Relations,1,0.0002065688907250568
post_ai,International Journal of Language Education,1,0.0002065688907250568
post_ai,International Journal of Law and Society,1,0.0002065688907250568
post_ai,International Journal of Law in the Built Environment,1,0.0002065688907250568
post_ai,International Journal of Learning Teaching and Educational Research,1,0.0002065688907250568
post_ai,International Journal of Legal and Social Order,1,0.0002065688907250568
post_ai,International Journal of Lifelong Education,1,0.0002065688907250568
post_ai,International Journal of Linguistics,1,0.0002065688907250568
post_ai,International Journal of Management,1,0.0002065688907250568
post_ai,International Journal of Management & Information Systems (IJMIS),1,0.0002065688907250568
post_ai,International Journal of Manpower,1,0.0002065688907250568
post_ai,International Journal of Maternal and Child Health and AIDS,1,0.0002065688907250568
post_ai,International Journal of Media and Cultural Politics,1,0.0002065688907250568
post_ai,International Journal of Medical Informatics,1,0.0002065688907250568
post_ai,International Journal of Mental Health and Addiction,1,0.0002065688907250568
post_ai,International Journal of Modern Education Studies,1,0.0002065688907250568
post_ai,International Journal of New Media Studies,1,0.0002065688907250568
post_ai,International Journal of Nursing Sciences,1,0.0002065688907250568
post_ai,International Journal of Older People Nursing,1,0.0002065688907250568
post_ai,International Journal of Pedagogical Innovations,1,0.0002065688907250568
post_ai,International Journal of Pedagogies and Learning,1,0.0002065688907250568
post_ai,International Journal of Psychological and Brain Sciences,1,0.0002065688907250568
post_ai,International Journal of Psychology and Educational Studies,1,0.0002065688907250568
post_ai,International Journal of Psychophysiology,1,0.0002065688907250568
post_ai,International Journal of Public Health,1,0.0002065688907250568
post_ai,International Journal of Public Opinion Research,1,0.0002065688907250568
post_ai,International Journal of Research & Method in Education,1,0.0002065688907250568
post_ai,International Journal of Research in Education and Science,1,0.0002065688907250568
post_ai,International Journal of Research in Undergraduate Mathematics Education,1,0.0002065688907250568
post_ai,International Journal of Science and Research (IJSR),1,0.0002065688907250568
post_ai,International Journal of Scientific Research and Management (IJSRM),1,0.0002065688907250568
post_ai,International Journal of Social Economics,1,0.0002065688907250568
post_ai,International Journal of Social Psychiatry,1,0.0002065688907250568
post_ai,International Journal of Social Science and Economic Research,1,0.0002065688907250568
post_ai,International Journal of Social Service and Research,1,0.0002065688907250568
post_ai,International Journal of Sociology,1,0.0002065688907250568
post_ai,International Journal of Sustainable Built Environment,1,0.0002065688907250568
post_ai,International Journal of Sustainable Development and Planning,1,0.0002065688907250568
post_ai,International Journal of TESOL Studies,1,0.0002065688907250568
post_ai,International Journal of Teaching Learning and Education,1,0.0002065688907250568
post_ai,International Journal of Technology Enhanced Learning,1,0.0002065688907250568
post_ai,International Journal of Tourism Anthropology,1,0.0002065688907250568
post_ai,International Journal of Tourism Cities,1,0.0002065688907250568
post_ai,International Journal of Training Research,1,0.0002065688907250568
post_ai,International Journal of Training and Development,1,0.0002065688907250568
post_ai,International Journal of Trends in Mathematics Education Research,1,0.0002065688907250568
post_ai,International Journal of Uncertainty Fuzziness and Knowledge-Based Systems,1,0.0002065688907250568
post_ai,International Journal of Work-Integrated Learning,1,0.0002065688907250568
post_ai,International Journal on Advanced Science Engineering and Information Technology,1,0.0002065688907250568
post_ai,International Linear Collider,1,0.0002065688907250568
post_ai,International Migration,1,0.0002065688907250568
post_ai,International Nursing Review,1,0.0002065688907250568
post_ai,International Organization,1,0.0002065688907250568
post_ai,International Peacekeeping,1,0.0002065688907250568
post_ai,International Political Science Review,1,0.0002065688907250568
post_ai,International Polymer Processing,1,0.0002065688907250568
post_ai,International Primary Education Research Journal,1,0.0002065688907250568
post_ai,International Relations of the Asia-Pacific,1,0.0002065688907250568
post_ai,International Research Journal of Multidisciplinary Technovation,1,0.0002065688907250568
post_ai,International Review for the Sociology of Sport,1,0.0002065688907250568
post_ai,International Review of Law and Economics,1,0.0002065688907250568
post_ai,International Review of Social Psychology,1,0.0002065688907250568
post_ai,International Review of Sociology,1,0.0002065688907250568
post_ai,International Studies Review,1,0.0002065688907250568
post_ai,International Transactions on Education Technology (ITEE),1,0.0002065688907250568
post_ai,International journal of entrepreneurship,1,0.0002065688907250568
post_ai,International perspectives on aging,1,0.0002065688907250568
post_ai,IoT,1,0.0002065688907250568
post_ai,Irish Educational Studies,1,0.0002065688907250568
post_ai,Irrigation and Drainage,1,0.0002065688907250568
post_ai,Islam and Christian–Muslim Relations,1,0.0002065688907250568
post_ai,Islamovedenie,1,0.0002065688907250568
post_ai,Issues and Ideas in Education,1,0.0002065688907250568
post_ai,Issues in educational research,1,0.0002065688907250568
post_ai,Istanbul Business Research,1,0.0002065688907250568
post_ai,JAMA Internal Medicine,1,0.0002065688907250568
post_ai,JAMBURA GEO EDUCATION JOURNAL,1,0.0002065688907250568
post_ai,JEELS (Journal of English Education and Linguistics Studies),1,0.0002065688907250568
post_ai,JMIR AI,1,0.0002065688907250568
post_ai,JMIR Infodemiology,1,0.0002065688907250568
post_ai,JMKSP (Jurnal Manajemen Kepemimpinan dan Supervisi Pendidikan),1,0.0002065688907250568
post_ai,JOURNAL OF EDUCATIONAL SCIENCES,1,0.0002065688907250568
post_ai,JOURNAL OF INDONESIAN ISLAM,1,0.0002065688907250568
post_ai,JURNAL ARBITRER,1,0.0002065688907250568
post_ai,JURNAL ILMIAH DIDAKTIKA Media Ilmiah Pendidikan dan Pengajaran,1,0.0002065688907250568
post_ai,JURNAL ILMIAH LIVING LAW,1,0.0002065688907250568
post_ai,JURNAL ILMIAH MAHASISWA FAKULTAS HUKUM UNIVERSITAS MALIKUSSALEH,1,0.0002065688907250568
post_ai,JURNAL INDO-ISLAMIKA,1,0.0002065688907250568
post_ai,JURNAL PENDIDIKAN IPS,1,0.0002065688907250568
post_ai,JURNAL RECHTENS,1,0.0002065688907250568
post_ai,JUTECH Journal Education and Technology,1,0.0002065688907250568
post_ai,Jahrbücher für Nationalökonomie und Statistik,1,0.0002065688907250568
post_ai,Javnost - The Public,1,0.0002065688907250568
post_ai,Journal International Inspire Education Technology,1,0.0002065688907250568
post_ai,Journal La Lifesci,1,0.0002065688907250568
post_ai,Journal Research of Social Science Economics and Management,1,0.0002065688907250568
post_ai,Journal for Multicultural Education,1,0.0002065688907250568
post_ai,Journal for Research in Arts and Sports Education,1,0.0002065688907250568
post_ai,Journal for Research in Mathematics Education,1,0.0002065688907250568
post_ai,Journal of AI,1,0.0002065688907250568
post_ai,Journal of Abnormal Child Psychology,1,0.0002065688907250568
post_ai,Journal of Accounting Auditing and Business,1,0.0002065688907250568
post_ai,Journal of Adolescent & Adult Literacy,1,0.0002065688907250568
post_ai,Journal of Adult and Continuing Education,1,0.0002065688907250568
post_ai,Journal of Advanced Social Research,1,0.0002065688907250568
post_ai,Journal of African American Women and Girls in Education,1,0.0002065688907250568
post_ai,Journal of African Business,1,0.0002065688907250568
post_ai,Journal of African Foreign Affairs,1,0.0002065688907250568
post_ai,Journal of Agricultural and Environmental Ethics,1,0.0002065688907250568
post_ai,Journal of Anatomy,1,0.0002065688907250568
post_ai,Journal of Applied Gerontology,1,0.0002065688907250568
post_ai,Journal of Applied Learning & Teaching,1,0.0002065688907250568
post_ai,Journal of Applied Learning in Higher Education,1,0.0002065688907250568
post_ai,Journal of Applied Philosophy,1,0.0002065688907250568
post_ai,Journal of Applied Research in Memory and Cognition,1,0.0002065688907250568
post_ai,Journal of Applied Social Science,1,0.0002065688907250568
post_ai,Journal of Archaeological Science Reports,1,0.0002065688907250568
post_ai,Journal of Beliefs and Values,1,0.0002065688907250568
post_ai,Journal of Bioethical Inquiry,1,0.0002065688907250568
post_ai,Journal of Biomedical Semantics,1,0.0002065688907250568
post_ai,Journal of Black Psychology,1,0.0002065688907250568
post_ai,Journal of Black Studies,1,0.0002065688907250568
post_ai,Journal of Business Management Review,1,0.0002065688907250568
post_ai,Journal of Business Strategy,1,0.0002065688907250568
post_ai,Journal of Business and Psychology,1,0.0002065688907250568
post_ai,Journal of Care Services Management,1,0.0002065688907250568
post_ai,Journal of Chemical Education,1,0.0002065688907250568
post_ai,Journal of Chemistry,1,0.0002065688907250568
post_ai,Journal of Child & Adolescent Substance Abuse,1,0.0002065688907250568
post_ai,Journal of Child Sexual Abuse,1,0.0002065688907250568
post_ai,Journal of Civil Society,1,0.0002065688907250568
post_ai,Journal of Climate,1,0.0002065688907250568
post_ai,Journal of Clinical Child & Adolescent Psychology,1,0.0002065688907250568
post_ai,Journal of Clinical Neurophysiology,1,0.0002065688907250568
post_ai,Journal of Clinical Psychology,1,0.0002065688907250568
post_ai,Journal of Clinical and Experimental Hepatology,1,0.0002065688907250568
post_ai,Journal of Coastal Research,1,0.0002065688907250568
post_ai,Journal of Cognition and Development,1,0.0002065688907250568
post_ai,Journal of Cognitive Neuroscience,1,0.0002065688907250568
post_ai,Journal of College Student Psychotherapy,1,0.0002065688907250568
post_ai,Journal of Combat Sports and Martial Arts,1,0.0002065688907250568
post_ai,Journal of Comparative Policy Analysis Research and Practice,1,0.0002065688907250568
post_ai,Journal of Computer Information Systems,1,0.0002065688907250568
post_ai,Journal of Consumer Behaviour,1,0.0002065688907250568
post_ai,Journal of Consumer Psychology,1,0.0002065688907250568
post_ai,Journal of Contemporary African Studies,1,0.0002065688907250568
post_ai,Journal of Contemporary China,1,0.0002065688907250568
post_ai,Journal of Contemporary Drama in English,1,0.0002065688907250568
post_ai,Journal of Contemporary Ethnography,1,0.0002065688907250568
post_ai,Journal of Contemporary European Studies,1,0.0002065688907250568
post_ai,Journal of Counseling Psychology,1,0.0002065688907250568
post_ai,Journal of Creative Communications,1,0.0002065688907250568
post_ai,Journal of Creativity in Mental Health,1,0.0002065688907250568
post_ai,Journal of Crime and Justice,1,0.0002065688907250568
post_ai,Journal of Current Chinese Affairs,1,0.0002065688907250568
post_ai,Journal of Current Issues & Research in Advertising,1,0.0002065688907250568
post_ai,Journal of Curriculum and Pedagogy,1,0.0002065688907250568
post_ai,Journal of Data Analysis and Information Processing,1,0.0002065688907250568
post_ai,Journal of Data Science,1,0.0002065688907250568
post_ai,Journal of Destination Marketing & Management,1,0.0002065688907250568
post_ai,Journal of Drug Education,1,0.0002065688907250568
post_ai,Journal of Early Childhood Research,1,0.0002065688907250568
post_ai,Journal of Early Childhood Teacher Education,1,0.0002065688907250568
post_ai,Journal of Economics and Behavioral Studies,1,0.0002065688907250568
post_ai,Journal of Ecotourism,1,0.0002065688907250568
post_ai,Journal of Education Method and Learning Strategy,1,0.0002065688907250568
post_ai,Journal of Education and Development,1,0.0002065688907250568
post_ai,Journal of Education and Learning (EduLearn),1,0.0002065688907250568
post_ai,Journal of Education and Practice,1,0.0002065688907250568
post_ai,Journal of Education and Research in Nursing,1,0.0002065688907250568
post_ai,Journal of Education and Training Studies,1,0.0002065688907250568
post_ai,Journal of Education and Work,1,0.0002065688907250568
post_ai,Journal of Educational Administration,1,0.0002065688907250568
post_ai,Journal of Educational Administration & History,1,0.0002065688907250568
post_ai,Journal of Educational Study,1,0.0002065688907250568
post_ai,Journal of Elder Abuse & Neglect,1,0.0002065688907250568
post_ai,Journal of Elder Policy,1,0.0002065688907250568
post_ai,Journal of Electronic Resources in Medical Libraries,1,0.0002065688907250568
post_ai,Journal of Emotional and Behavioral Disorders,1,0.0002065688907250568
post_ai,Journal of Empirical Legal Studies,1,0.0002065688907250568
post_ai,Journal of Empirical Theology,1,0.0002065688907250568
post_ai,Journal of Engineering Design and Technology,1,0.0002065688907250568
post_ai,Journal of Engineering Education,1,0.0002065688907250568
post_ai,Journal of Enterprise Information Management,1,0.0002065688907250568
post_ai,Journal of Entrepreneurship and Sustainability Issues,1,0.0002065688907250568
post_ai,Journal of Environmental Health Science and Engineering,1,0.0002065688907250568
post_ai,Journal of Environmental Policy & Planning,1,0.0002065688907250568
post_ai,Journal of Environmental Studies and Sciences,1,0.0002065688907250568
post_ai,Journal of Environmental and Public Health,1,0.0002065688907250568
post_ai,Journal of Ethics and Social Philosophy,1,0.0002065688907250568
post_ai,Journal of Ethnic Foods,1,0.0002065688907250568
post_ai,Journal of Ethnic and Cultural Studies,1,0.0002065688907250568
post_ai,Journal of European Social Policy,1,0.0002065688907250568
post_ai,Journal of Family Medicine and Primary Care,1,0.0002065688907250568
post_ai,Journal of Family Psychology,1,0.0002065688907250568
post_ai,Journal of Food Products Marketing,1,0.0002065688907250568
post_ai,Journal of Gender Studies,1,0.0002065688907250568
post_ai,Journal of Genocide Research,1,0.0002065688907250568
post_ai,Journal of Geographical Systems,1,0.0002065688907250568
post_ai,Journal of Geography Politics and Society,1,0.0002065688907250568
post_ai,Journal of Gerontological Social Work,1,0.0002065688907250568
post_ai,Journal of Global Education and Research,1,0.0002065688907250568
post_ai,Journal of Global Security Studies,1,0.0002065688907250568
post_ai,Journal of Green Building,1,0.0002065688907250568
post_ai,Journal of Hate Studies,1,0.0002065688907250568
post_ai,Journal of Health Care Chaplaincy,1,0.0002065688907250568
post_ai,Journal of Health Psychology,1,0.0002065688907250568
post_ai,Journal of Healthcare Management,1,0.0002065688907250568
post_ai,Journal of Hospitality & Tourism Education,1,0.0002065688907250568
post_ai,Journal of Hospitality Marketing & Management,1,0.0002065688907250568
post_ai,Journal of Hospitality and Tourism Insights,1,0.0002065688907250568
post_ai,Journal of Housing and the Built Environment,1,0.0002065688907250568
post_ai,Journal of Human Evolution,1,0.0002065688907250568
post_ai,Journal of Human Resource and Sustainability Studies,1,0.0002065688907250568
post_ai,Journal of Human Resources in Hospitality & Tourism,1,0.0002065688907250568
post_ai,Journal of Humanities and Social Sciences Studies,1,0.0002065688907250568
post_ai,Journal of Hypertension,1,0.0002065688907250568
post_ai,Journal of Independent Social Work,1,0.0002065688907250568
post_ai,Journal of Industrial Relations,1,0.0002065688907250568
post_ai,Journal of Infection and Public Health,1,0.0002065688907250568
post_ai,Journal of Information & Knowledge Management,1,0.0002065688907250568
post_ai,Journal of Information Communication and Ethics in Society,1,0.0002065688907250568
post_ai,Journal of Information Ethics,1,0.0002065688907250568
post_ai,Journal of Information Science,1,0.0002065688907250568
post_ai,Journal of Information Technology Education Research,1,0.0002065688907250568
post_ai,Journal of Information and Telecommunication,1,0.0002065688907250568
post_ai,Journal of Infrastructure Planning and Engineering (JIPE),1,0.0002065688907250568
post_ai,Journal of Infrastructure Systems,1,0.0002065688907250568
post_ai,Journal of Innovation and Entrepreneurship,1,0.0002065688907250568
post_ai,Journal of Integrative Agriculture,1,0.0002065688907250568
post_ai,Journal of Integrative Environmental Sciences,1,0.0002065688907250568
post_ai,Journal of Interactive Advertising,1,0.0002065688907250568
post_ai,Journal of Interactive Marketing,1,0.0002065688907250568
post_ai,Journal of International Cooperation and Development,1,0.0002065688907250568
post_ai,Journal of International Development,1,0.0002065688907250568
post_ai,Journal of Internet Commerce,1,0.0002065688907250568
post_ai,Journal of Interpersonal Violence,1,0.0002065688907250568
post_ai,Journal of Interprofessional Care,1,0.0002065688907250568
post_ai,Journal of Islamic Economics Management and Business (JIEMB),1,0.0002065688907250568
post_ai,Journal of Islamic Education Research,1,0.0002065688907250568
post_ai,Journal of Knowledge Management,1,0.0002065688907250568
post_ai,Journal of Korean Elementary Science Education,1,0.0002065688907250568
post_ai,Journal of Language and Sexuality,1,0.0002065688907250568
post_ai,Journal of Learning for Development,1,0.0002065688907250568
post_ai,Journal of Library Administration,1,0.0002065688907250568
post_ai,Journal of Management World,1,0.0002065688907250568
post_ai,Journal of Managerial Psychology,1,0.0002065688907250568
post_ai,Journal of Manufacturing Technology Management,1,0.0002065688907250568
post_ai,Journal of Marketing Communications,1,0.0002065688907250568
post_ai,Journal of Marketing Management,1,0.0002065688907250568
post_ai,Journal of Materials Research and Technology,1,0.0002065688907250568
post_ai,Journal of Mathematics Teacher Education,1,0.0002065688907250568
post_ai,Journal of Medical Virology,1,0.0002065688907250568
post_ai,Journal of Microbiology Immunology and Infection,1,0.0002065688907250568
post_ai,Journal of Microbiology and Biology Education,1,0.0002065688907250568
post_ai,Journal of Moral Philosophy,1,0.0002065688907250568
post_ai,Journal of MultiDisciplinary Evaluation,1,0.0002065688907250568
post_ai,Journal of Muslim Mental Health,1,0.0002065688907250568
post_ai,Journal of Muslim Minority Affairs,1,0.0002065688907250568
post_ai,Journal of Narrative and Life History,1,0.0002065688907250568
post_ai,Journal of Natural Science and Integration,1,0.0002065688907250568
post_ai,Journal of Nepalese Business Studies,1,0.0002065688907250568
post_ai,Journal of Neuroscience,1,0.0002065688907250568
post_ai,Journal of Nusantara Studies (JONUS),1,0.0002065688907250568
post_ai,Journal of Occupational and Environmental Medicine,1,0.0002065688907250568
post_ai,Journal of Occupational and Organizational Psychology,1,0.0002065688907250568
post_ai,Journal of Organizational Effectiveness People and Performance,1,0.0002065688907250568
post_ai,Journal of Outdoor Recreation Education and Leadership,1,0.0002065688907250568
post_ai,Journal of PHYSIOLOGICAL ANTHROPOLOGY,1,0.0002065688907250568
post_ai,Journal of Paediatrics and Child Health,1,0.0002065688907250568
post_ai,Journal of Pain Research,1,0.0002065688907250568
post_ai,Journal of Participatory Medicine,1,0.0002065688907250568
post_ai,Journal of Pastoral Care & Counseling Advancing theory and professional practice through scholarly and reflective publications,1,0.0002065688907250568
post_ai,Journal of Pensions Economics and Finance,1,0.0002065688907250568
post_ai,Journal of Personal Selling and Sales Management,1,0.0002065688907250568
post_ai,Journal of Political Ideologies,1,0.0002065688907250568
post_ai,Journal of Population Economics,1,0.0002065688907250568
post_ai,Journal of Postcolonial Writing,1,0.0002065688907250568
post_ai,Journal of Pre-College Engineering Education Research (J-PEER),1,0.0002065688907250568
post_ai,Journal of Prevention & Intervention in the Community,1,0.0002065688907250568
post_ai,Journal of Preventive Medicine and Public Health,1,0.0002065688907250568
post_ai,Journal of Primary Care & Community Health,1,0.0002065688907250568
post_ai,Journal of Professions and Organization,1,0.0002065688907250568
post_ai,Journal of Progressive Human Services,1,0.0002065688907250568
post_ai,Journal of Psychology in Africa,1,0.0002065688907250568
post_ai,Journal of Psychotherapy Integration,1,0.0002065688907250568
post_ai,Journal of Public Health Research,1,0.0002065688907250568
post_ai,Journal of Public Relations Research,1,0.0002065688907250568
post_ai,Journal of Public and Nonprofit Affairs,1,0.0002065688907250568
post_ai,Journal of Religion and Health,1,0.0002065688907250568
post_ai,Journal of Renewable and Sustainable Energy,1,0.0002065688907250568
post_ai,Journal of Research and Health,1,0.0002065688907250568
post_ai,Journal of Research and Thought on Islamic Education (JRTIE),1,0.0002065688907250568
post_ai,Journal of Research on Adolescence,1,0.0002065688907250568
post_ai,Journal of Research on Educational Effectiveness,1,0.0002065688907250568
post_ai,Journal of Retailing,1,0.0002065688907250568
post_ai,Journal of Risk Research,1,0.0002065688907250568
post_ai,Journal of Romance Studies,1,0.0002065688907250568
post_ai,Journal of STEM Teacher Education,1,0.0002065688907250568
post_ai,Journal of STEM education,1,0.0002065688907250568
post_ai,Journal of School Health,1,0.0002065688907250568
post_ai,Journal of Science Communication,1,0.0002065688907250568
post_ai,Journal of Semitic Studies,1,0.0002065688907250568
post_ai,Journal of Small Business and Enterprise Development,1,0.0002065688907250568
post_ai,Journal of Social Behavioral and Health Sciences,1,0.0002065688907250568
post_ai,Journal of Social Issues,1,0.0002065688907250568
post_ai,Journal of Social Knowledge Education (JSKE),1,0.0002065688907250568
post_ai,Journal of Social and Clinical Psychology,1,0.0002065688907250568
post_ai,Journal of Social and Personal Relationships,1,0.0002065688907250568
post_ai,Journal of Sociolinguistics,1,0.0002065688907250568
post_ai,Journal of Soil Science,1,0.0002065688907250568
post_ai,Journal of Southern African Studies,1,0.0002065688907250568
post_ai,Journal of Speech Language and Hearing Research,1,0.0002065688907250568
post_ai,Journal of Sport Management,1,0.0002065688907250568
post_ai,Journal of Sport and Exercise Psychology,1,0.0002065688907250568
post_ai,Journal of Statistical Mechanics Theory and Experiment,1,0.0002065688907250568
post_ai,Journal of Stomatological Medicine,1,0.0002065688907250568
post_ai,Journal of Survey Statistics and Methodology,1,0.0002065688907250568
post_ai,Journal of Sustainability Science and Management,1,0.0002065688907250568
post_ai,Journal of Teaching and Learning with Technology,1,0.0002065688907250568
post_ai,Journal of Teaching in Physical Education,1,0.0002065688907250568
post_ai,Journal of Technology and Science Education,1,0.0002065688907250568
post_ai,Journal of Technology and Teacher Education,1,0.0002065688907250568
post_ai,Journal of Tourism and Services,1,0.0002065688907250568
post_ai,Journal of Transport & Health,1,0.0002065688907250568
post_ai,Journal of Transport Economics and Policy,1,0.0002065688907250568
post_ai,Journal of Traumatic Stress,1,0.0002065688907250568
post_ai,Journal of Travel & Tourism Marketing,1,0.0002065688907250568
post_ai,Journal of University Teaching and Learning Practice,1,0.0002065688907250568
post_ai,Journal of University of Human Development,1,0.0002065688907250568
post_ai,Journal of Urban Mathematics Education,1,0.0002065688907250568
post_ai,Journal of Women & Aging,1,0.0002065688907250568
post_ai,Journal of Women and Minorities in Science and Engineering,1,0.0002065688907250568
post_ai,Journal of Youth Development,1,0.0002065688907250568
post_ai,Journal of Youth Studies,1,0.0002065688907250568
post_ai,Journal of Youth and Adolescence,1,0.0002065688907250568
post_ai,Journal of education finance,1,0.0002065688907250568
post_ai,Journal of international oral health,1,0.0002065688907250568
post_ai,Journal of research in nursing,1,0.0002065688907250568
post_ai,Journal of sport and health science/Journal of Sport and Health Science,1,0.0002065688907250568
post_ai,Journal of sports media,1,0.0002065688907250568
post_ai,Journal of the ACM,1,0.0002065688907250568
post_ai,Journal of the Academy of Marketing Science,1,0.0002065688907250568
post_ai,Journal of the American Association of Nurse Practitioners,1,0.0002065688907250568
post_ai,Journal of the American College of Surgeons,1,0.0002065688907250568
post_ai,Journal of the Arkansas Academy of Science,1,0.0002065688907250568
post_ai,Journal of the Association for Information Science and Technology,1,0.0002065688907250568
post_ai,Journal of the Australian Library and Information Association,1,0.0002065688907250568
post_ai,Journal of the European Economic Association,1,0.0002065688907250568
post_ai,Journal of the Korea society of IT services,1,0.0002065688907250568
post_ai,Journal of the Learning Sciences,1,0.0002065688907250568
post_ai,Journal of the Nigerian Society of Physical Sciences,1,0.0002065688907250568
post_ai,Journal of the Operational Research Society,1,0.0002065688907250568
post_ai,Journal of the Royal Society of Medicine,1,0.0002065688907250568
post_ai,"Journal of vocational, adult and continuing education and training",1,0.0002065688907250568
post_ai,Journalism History,1,0.0002065688907250568
post_ai,Journalism Studies,1,0.0002065688907250568
post_ai,Journals & Books Hosting (International Knowledge Sharing Platform),1,0.0002065688907250568
post_ai,Junctions Graduate Journal of the Humanities,1,0.0002065688907250568
post_ai,Jurnal Akuntansi,1,0.0002065688907250568
post_ai,Jurnal Akuntansi dan Keuangan Indonesia,1,0.0002065688907250568
post_ai,Jurnal Analisa Sosiologi,1,0.0002065688907250568
post_ai,Jurnal Bina Praja,1,0.0002065688907250568
post_ai,Jurnal Budget Isu dan Masalah Keuangan Negara,1,0.0002065688907250568
post_ai,Jurnal Dedikasi Pendidikan,1,0.0002065688907250568
post_ai,Jurnal Ekonomi,1,0.0002065688907250568
post_ai,Jurnal Ilmiah Al-Syir ah,1,0.0002065688907250568
post_ai,Jurnal Ilmiah Hukum LEGALITY,1,0.0002065688907250568
post_ai,Jurnal Intelek,1,0.0002065688907250568
post_ai,Jurnal Kawakib,1,0.0002065688907250568
post_ai,Jurnal Kependidikan,1,0.0002065688907250568
post_ai,Jurnal Manajemen dan Pemasaran Digital,1,0.0002065688907250568
post_ai,Jurnal Manajemen dan Pendidikan Agama Islam,1,0.0002065688907250568
post_ai,Jurnal Pendidikan IPA Indonesia,1,0.0002065688907250568
post_ai,Jurnal Pendidikan Islam,1,0.0002065688907250568
post_ai,Jurnal Penelitian Agama Hindu,1,0.0002065688907250568
post_ai,Jurnal Penelitian dan Pengembangan Pendidikan,1,0.0002065688907250568
post_ai,Jurnal RESTI (Rekayasa Sistem dan Teknologi Informasi),1,0.0002065688907250568
post_ai,Jurnal Riset Sosial Humaniora dan Pendidikan,1,0.0002065688907250568
post_ai,Jurnal Sosial Teknologi,1,0.0002065688907250568
post_ai,Jurnal Teknik Industri,1,0.0002065688907250568
post_ai,KI - Künstliche Intelligenz,1,0.0002065688907250568
post_ai,KINERJA,1,0.0002065688907250568
post_ai,Kampret Journal,1,0.0002065688907250568
post_ai,Kanal Jurnal Ilmu Komunikasi,1,0.0002065688907250568
post_ai,KnE Engineering,1,0.0002065688907250568
post_ai,KnE Social Sciences,1,0.0002065688907250568
post_ai,Knowledge Management Research & Practice,1,0.0002065688907250568
post_ai,Korean Journal of Anesthesiology,1,0.0002065688907250568
post_ai,Korean Journal of Neuromuscular Disorders,1,0.0002065688907250568
post_ai,Kritika,1,0.0002065688907250568
post_ai,Kybernetes,1,0.0002065688907250568
post_ai,LA Referencia (Red Federada de Repositorios Institucionales de Publicaciones Científicas),1,0.0002065688907250568
post_ai,Language & History,1,0.0002065688907250568
post_ai,Language Circle Journal of Language and Literature,1,0.0002065688907250568
post_ai,Language Culture and Curriculum,1,0.0002065688907250568
post_ai,Language Speech and Hearing Services in Schools,1,0.0002065688907250568
post_ai,Language Teaching Research Quarterly,1,0.0002065688907250568
post_ai,Language and Linguistics Compass,1,0.0002065688907250568
post_ai,Language learning & technology,1,0.0002065688907250568
post_ai,Latin American Economic Review,1,0.0002065688907250568
post_ai,Latin American Politics and Society,1,0.0002065688907250568
post_ai,Laws,1,0.0002065688907250568
post_ai,Leadership & Organization Development Journal,1,0.0002065688907250568
post_ai,Learning and Teaching in Higher Education Gulf Perspectives,1,0.0002065688907250568
post_ai,Lehmanns Media eBooks,1,0.0002065688907250568
post_ai,Library Hi Tech,1,0.0002065688907250568
post_ai,Lingua Cultura,1,0.0002065688907250568
post_ai,London School of Economics and Political Science Research Online (London School of Economics and Political Science),1,0.0002065688907250568
post_ai,Long Range Planning,1,0.0002065688907250568
post_ai,Longitudinal and Life Course Studies,1,0.0002065688907250568
post_ai,Lynne Rienner Publishers eBooks,1,0.0002065688907250568
post_ai,MAI Journal A New Zealand Journal of Indigenous Scholarship,1,0.0002065688907250568
post_ai,MAWA IZH JURNAL DAKWAH DAN PENGEMBANGAN SOSIAL KEMANUSIAAN,1,0.0002065688907250568
post_ai,MAZAHIB,1,0.0002065688907250568
post_ai,MMWR Surveillance Summaries,1,0.0002065688907250568
post_ai,MPG.PuRe (Max Planck Society),1,0.0002065688907250568
post_ai,MSOR Connections,1,0.0002065688907250568
post_ai,"Macmillan , St. Martin's Press eBooks",1,0.0002065688907250568
post_ai,Malaria Journal,1,0.0002065688907250568
post_ai,Malaysian Journal of Social Sciences and Humanities (MJSSH),1,0.0002065688907250568
post_ai,Management Decision,1,0.0002065688907250568
post_ai,Management Learning,1,0.0002065688907250568
post_ai,Management Research Review,1,0.0002065688907250568
post_ai,Management in Education,1,0.0002065688907250568
post_ai,Managerial and Decision Economics,1,0.0002065688907250568
post_ai,Manchester University Press eBooks,1,0.0002065688907250568
post_ai,Marine Policy,1,0.0002065688907250568
post_ai,Market economy problems,1,0.0002065688907250568
post_ai,Marketing Letters,1,0.0002065688907250568
post_ai,Mathematica Policy Research Reports,1,0.0002065688907250568
post_ai,McGill Journal of Education / Revue des sciences de l éducation de McGill,1,0.0002065688907250568
post_ai,McGill-Queen's University Press eBooks,1,0.0002065688907250568
post_ai,MedEdPublish,1,0.0002065688907250568
post_ai,Media Culture & Society,1,0.0002065688907250568
post_ai,Media Keadilan Jurnal Ilmu Hukum,1,0.0002065688907250568
post_ai,Media and Communication,1,0.0002065688907250568
post_ai,Medical History,1,0.0002065688907250568
post_ai,Medicine,1,0.0002065688907250568
post_ai,Menadzment u hotelijerstvu i turizmu,1,0.0002065688907250568
post_ai,Menoufia Nursing Journal,1,0.0002065688907250568
post_ai,Mental Health Religion & Culture,1,0.0002065688907250568
post_ai,Merits,1,0.0002065688907250568
post_ai,Metathesis Journal of English Language Literature and Teaching,1,0.0002065688907250568
post_ai,Migration Studies,1,0.0002065688907250568
post_ai,Milbank Quarterly,1,0.0002065688907250568
post_ai,Millah Journal of Religious Studies,1,0.0002065688907250568
post_ai,Mimbar Hukum - Fakultas Hukum Universitas Gadjah Mada,1,0.0002065688907250568
post_ai,Mimbar Kampus Jurnal Pendidikan dan Agama Islam,1,0.0002065688907250568
post_ai,Minerva Access (University of Melbourne),1,0.0002065688907250568
post_ai,Miscellanea Geographica,1,0.0002065688907250568
post_ai,Missionalia,1,0.0002065688907250568
post_ai,Modern Asian Studies,1,0.0002065688907250568
post_ai,Modern Language Journal,1,0.0002065688907250568
post_ai,Monash University Research Portal (Monash University),1,0.0002065688907250568
post_ai,Mountain Research and Development,1,0.0002065688907250568
post_ai,Multilingual Margins A journal of multilingualism from the periphery,1,0.0002065688907250568
post_ai,Multilingual Matters (Channel View Publications),1,0.0002065688907250568
post_ai,Multimedia-Assisted Language Learning,1,0.0002065688907250568
post_ai,Multivariate Behavioral Research,1,0.0002065688907250568
post_ai,Museum and Society,1,0.0002065688907250568
post_ai,Music Education Research,1,0.0002065688907250568
post_ai,NORA - Nordic Journal of Feminist and Gender Research,1,0.0002065688907250568
post_ai,NORMA,1,0.0002065688907250568
post_ai,NanoEthics,1,0.0002065688907250568
post_ai,Narrative Inquiry,1,0.0002065688907250568
post_ai,National Academies Press eBooks,1,0.0002065688907250568
post_ai,National Interests Priorities and Security,1,0.0002065688907250568
post_ai,Nations and Nationalism,1,0.0002065688907250568
post_ai,Natural hazards and earth system sciences,1,0.0002065688907250568
post_ai,Nature Climate Change,1,0.0002065688907250568
post_ai,Nature Medicine,1,0.0002065688907250568
post_ai,Nature Methods,1,0.0002065688907250568
post_ai,NeuroImage,1,0.0002065688907250568
post_ai,NeuroImage Clinical,1,0.0002065688907250568
post_ai,Neurodiversity,1,0.0002065688907250568
post_ai,Neuropsychology,1,0.0002065688907250568
post_ai,Neuroscience and Neuroeconomics,1,0.0002065688907250568
post_ai,New Directions for Evaluation,1,0.0002065688907250568
post_ai,New Directions for Higher Education,1,0.0002065688907250568
post_ai,New Literary History,1,0.0002065688907250568
post_ai,New Microbes and New Infections,1,0.0002065688907250568
post_ai,New York University Press eBooks,1,0.0002065688907250568
post_ai,New York eBooks,1,0.0002065688907250568
post_ai,New Zealand journal of employment relations,1,0.0002065688907250568
post_ai,Newspaper Research Journal,1,0.0002065688907250568
post_ai,Nonprofit Management and Leadership,1,0.0002065688907250568
post_ai,Nordic Journal of English Studies,1,0.0002065688907250568
post_ai,Nordic Social Work Research,1,0.0002065688907250568
post_ai,Northern Clinics of Istanbul,1,0.0002065688907250568
post_ai,Nurse Education Today,1,0.0002065688907250568
post_ai,Nurse Researcher,1,0.0002065688907250568
post_ai,Nursing Ethics,1,0.0002065688907250568
post_ai,Nursing Forum,1,0.0002065688907250568
post_ai,Nursing Philosophy,1,0.0002065688907250568
post_ai,Nursing Research,1,0.0002065688907250568
post_ai,NursingPlus Open,1,0.0002065688907250568
post_ai,Nusantara Jurnal Pendidikan Indonesia,1,0.0002065688907250568
post_ai,OECD economic outlook,1,0.0002065688907250568
post_ai,OECD education working papers,1,0.0002065688907250568
post_ai,OPUS Toplum Araştırmaları Dergisi,1,0.0002065688907250568
post_ai,Obesity,1,0.0002065688907250568
post_ai,Occupational Health Nursing,1,0.0002065688907250568
post_ai,Ocean Yearbook Online,1,0.0002065688907250568
post_ai,OhioLink ETD Center (Ohio Library and Information Network),1,0.0002065688907250568
post_ai,Oikos,1,0.0002065688907250568
post_ai,One Earth,1,0.0002065688907250568
post_ai,Online Learning,1,0.0002065688907250568
post_ai,Open Agriculture,1,0.0002065688907250568
post_ai,Open Journal of Depression,1,0.0002065688907250568
post_ai,Open Journal of Nursing,1,0.0002065688907250568
post_ai,Open Journal of Social Sciences,1,0.0002065688907250568
post_ai,Open MIND,1,0.0002065688907250568
post_ai,Open Praxis,1,0.0002065688907250568
post_ai,Open Research Online (The Open University),1,0.0002065688907250568
post_ai,OpenGrey (Institut de l'Information Scientifique et Technique),1,0.0002065688907250568
post_ai,OpenMETU (Middle East Technical University),1,0.0002065688907250568
post_ai,Optimum Economic Studies,1,0.0002065688907250568
post_ai,Organization Studies,1,0.0002065688907250568
post_ai,Organizational Behavior and Human Decision Processes,1,0.0002065688907250568
post_ai,Oxford Journal of Legal Studies,1,0.0002065688907250568
post_ai,Oxford Research Encyclopedia of African History,1,0.0002065688907250568
post_ai,Oxford University Research Archive (ORA) (University of Oxford),1,0.0002065688907250568
post_ai,PALAPA,1,0.0002065688907250568
post_ai,PLOS Climate,1,0.0002065688907250568
post_ai,PLoS Genetics,1,0.0002065688907250568
post_ai,POLITICO,1,0.0002065688907250568
post_ai,POROS ONIM Jurnal Sosial Keagamaan,1,0.0002065688907250568
post_ai,PRACTICE,1,0.0002065688907250568
post_ai,PROCEEDING INTERNATIONAL CONFERENCE ON ENGINEERING,1,0.0002065688907250568
post_ai,PS Political Science & Politics,1,0.0002065688907250568
post_ai,PUBLISSO (German National Library of Medicine),1,0.0002065688907250568
post_ai,Pakistan Journal of Humanities and Social Sciences,1,0.0002065688907250568
post_ai,Palgrave studies in global higher education,1,0.0002065688907250568
post_ai,Papillomavirus Research,1,0.0002065688907250568
post_ai,Paradigma,1,0.0002065688907250568
post_ai,Parenting,1,0.0002065688907250568
post_ai,Participatory Educational Research,1,0.0002065688907250568
post_ai,Pastoral Care in Education,1,0.0002065688907250568
post_ai,Patterns of Prejudice,1,0.0002065688907250568
post_ai,Peace Economics Peace Science and Public Policy,1,0.0002065688907250568
post_ai,Pedagogical Research,1,0.0002065688907250568
post_ai,Pedagogy Journal of English Language Teaching,1,0.0002065688907250568
post_ai,Pedocs (German Institute for International Educational Research),1,0.0002065688907250568
post_ai,PeerJ Computer Science,1,0.0002065688907250568
post_ai,Periodicals of Engineering and Natural Sciences (PEN),1,0.0002065688907250568
post_ai,Personnel Review,1,0.0002065688907250568
post_ai,Perspectives In Psychiatric Care,1,0.0002065688907250568
post_ai,Perspectives of the ASHA Special Interest Groups,1,0.0002065688907250568
post_ai,Perspectives on Augmentative and Alternative Communication,1,0.0002065688907250568
post_ai,Perspektif Ilmu Pendidikan,1,0.0002065688907250568
post_ai,Persée (Ministère de lEnseignement supérieur et de la Recherche),1,0.0002065688907250568
post_ai,Pertanika journal of social science & humanities,1,0.0002065688907250568
post_ai,Pharos Journal of Theology,1,0.0002065688907250568
post_ai,Philosophical Transactions of the Royal Society A Mathematical Physical and Engineering Sciences,1,0.0002065688907250568
post_ai,Philosophical Transactions of the Royal Society B Biological Sciences,1,0.0002065688907250568
post_ai,Philosophy of Science,1,0.0002065688907250568
post_ai,Physical Therapy,1,0.0002065688907250568
post_ai,Planning Perspectives,1,0.0002065688907250568
post_ai,Planning Theory,1,0.0002065688907250568
post_ai,Policy Press eBooks,1,0.0002065688907250568
post_ai,Policy Quarterly,1,0.0002065688907250568
post_ai,Political Geography,1,0.0002065688907250568
post_ai,Political Research Quarterly,1,0.0002065688907250568
post_ai,Political Studies Review,1,0.0002065688907250568
post_ai,Political Theory,1,0.0002065688907250568
post_ai,Politics,1,0.0002065688907250568
post_ai,Politics & Society,1,0.0002065688907250568
post_ai,Politics and Governance,1,0.0002065688907250568
post_ai,Politische Vierteljahresschrift,1,0.0002065688907250568
post_ai,Popular Communication,1,0.0002065688907250568
post_ai,Postgraduate Medicine,1,0.0002065688907250568
post_ai,Prabandhan Indian Journal of Management,1,0.0002065688907250568
post_ai,Practical Theology,1,0.0002065688907250568
post_ai,Prehospital and Disaster Medicine,1,0.0002065688907250568
post_ai,Prentice Hall eBooks,1,0.0002065688907250568
post_ai,Presidential Studies Quarterly,1,0.0002065688907250568
post_ai,Pretoria Student Law Review,1,0.0002065688907250568
post_ai,Preventive Medicine Reports,1,0.0002065688907250568
post_ai,Prima Magistra Jurnal Ilmiah Kependidikan,1,0.0002065688907250568
post_ai,Procedia Engineering,1,0.0002065688907250568
post_ai,Procedia Technology,1,0.0002065688907250568
post_ai,Proceedings of International Conference on Economics Business and Government Challenges,1,0.0002065688907250568
post_ai,Proceedings of the 2000 IEEE Engineering Management Society. EMS - 2000 (Cat. No.00CH37139),1,0.0002065688907250568
post_ai,"Proceedings of the 3rd International Conference of Business, Accounting, and Economics, ICBAE 2022, 10-11 August 2022, Purwokerto, Central Java, Indonesia",1,0.0002065688907250568
post_ai,Proceedings of the AAAI Conference on Artificial Intelligence,1,0.0002065688907250568
post_ai,Proceedings of the ACM on Human-Computer Interaction,1,0.0002065688907250568
post_ai,Proceedings of the Aristotelian Society (Hardback),1,0.0002065688907250568
post_ai,Progress in Physical Geography Earth and Environment,1,0.0002065688907250568
post_ai,Project Leadership and Society,1,0.0002065688907250568
post_ai,Project Muse (Johns Hopkins University),1,0.0002065688907250568
post_ai,PsyCh Journal,1,0.0002065688907250568
post_ai,PsyEcology Bilingual Journal of Environmental Psychology,1,0.0002065688907250568
post_ai,Psychiatric Quarterly,1,0.0002065688907250568
post_ai,Psychiatric Services,1,0.0002065688907250568
post_ai,Psychiatry Journal,1,0.0002065688907250568
post_ai,Psychiatry and Clinical Neurosciences,1,0.0002065688907250568
post_ai,Psycho-Oncology,1,0.0002065688907250568
post_ai,Psychogeriatrics,1,0.0002065688907250568
post_ai,Psychological Assessment,1,0.0002065688907250568
post_ai,Psychological Reports,1,0.0002065688907250568
post_ai,Psychological Trauma Theory Research Practice and Policy,1,0.0002065688907250568
post_ai,Psychology and Health,1,0.0002065688907250568
post_ai,Psychology of Addictive Behaviors,1,0.0002065688907250568
post_ai,Psychology of Woman Journal,1,0.0002065688907250568
post_ai,Psychotherapy and Psychosomatics,1,0.0002065688907250568
post_ai,Public & Access Services Quarterly,1,0.0002065688907250568
post_ai,Public Finance Review,1,0.0002065688907250568
post_ai,Public Health,1,0.0002065688907250568
post_ai,Public Health Reports,1,0.0002065688907250568
post_ai,Public Health in Practice,1,0.0002065688907250568
post_ai,Public Organization Review,1,0.0002065688907250568
post_ai,Public Policy And Administration,1,0.0002065688907250568
post_ai,Public health reviews,1,0.0002065688907250568
post_ai,Public history review,1,0.0002065688907250568
post_ai,Qalaai Zanist Scientific Journal,1,0.0002065688907250568
post_ai,Qualitative Research in Sport Exercise and Health,1,0.0002065688907250568
post_ai,Quality & Quantity,1,0.0002065688907250568
post_ai,Quality Management Journal,1,0.0002065688907250568
post_ai,Quality Management in Health Care,1,0.0002065688907250568
post_ai,REGION,1,0.0002065688907250568
post_ai,RELC Journal,1,0.0002065688907250568
post_ai,REVISTA ARGENTINA DE CLINICA PSICOLOGICA,1,0.0002065688907250568
post_ai,Reading Research Quarterly,1,0.0002065688907250568
post_ai,Refleksi Edukatika Jurnal Ilmiah Kependidikan,1,0.0002065688907250568
post_ai,Regional Environmental Change,1,0.0002065688907250568
post_ai,Regional Science and Urban Economics,1,0.0002065688907250568
post_ai,Religion and Human Rights,1,0.0002065688907250568
post_ai,Remedial and Special Education,1,0.0002065688907250568
post_ai,Repository of the University of Primorsk (University of Primorska),1,0.0002065688907250568
post_ai,Representations,1,0.0002065688907250568
post_ai,Research & Politics,1,0.0002065688907250568
post_ai,Research Commons (University of Waikato),1,0.0002065688907250568
post_ai,Research Evaluation,1,0.0002065688907250568
post_ai,Research Portal (King's College London),1,0.0002065688907250568
post_ai,Research Repository (Delft University of Technology),1,0.0002065688907250568
post_ai,Research Repository (University of Gloucestershire),1,0.0002065688907250568
post_ai,Research Society and Development,1,0.0002065688907250568
post_ai,Research and Innovation in Language Learning,1,0.0002065688907250568
post_ai,Research for All,1,0.0002065688907250568
post_ai,Research in Globalization,1,0.0002065688907250568
post_ai,Research in Learning Technology,1,0.0002065688907250568
post_ai,Research in Nursing & Health,1,0.0002065688907250568
post_ai,Research in autism spectrum disorders,1,0.0002065688907250568
post_ai,Research on humanities and social sciences,1,0.0002065688907250568
post_ai,ResearchOnline,1,0.0002065688907250568
post_ai,Resource and Energy Economics,1,0.0002065688907250568
post_ai,Review of African Political Economy,1,0.0002065688907250568
post_ai,Review of Business Management,1,0.0002065688907250568
post_ai,Review of Development Economics,1,0.0002065688907250568
post_ai,Review of Economic Analysis,1,0.0002065688907250568
post_ai,Revista Brasileira de Educação do Campo,1,0.0002065688907250568
post_ai,Revista Romaneasca pentru Educatie Multidimensionala,1,0.0002065688907250568
post_ai,Revista da Escola de Guerra Naval,1,0.0002065688907250568
post_ai,Revista de Empreendedorismo e Gestão de Micro e Pequenas Empresas,1,0.0002065688907250568
post_ai,Revista de Humanidades,1,0.0002065688907250568
post_ai,Revista de Investigación Educativa,1,0.0002065688907250568
post_ai,Revista de Saúde Pública,1,0.0002065688907250568
post_ai,Revista de la Facultad de Medicina,1,0.0002065688907250568
post_ai,Rhetoric Review,1,0.0002065688907250568
post_ai,River Publishers eBooks,1,0.0002065688907250568
post_ai,Royal Society Open Science,1,0.0002065688907250568
post_ai,Rural Sociology,1,0.0002065688907250568
post_ai,Russian Journal of Agricultural and Socio-Economic Sciences,1,0.0002065688907250568
post_ai,Russian Journal of Linguistics,1,0.0002065688907250568
post_ai,SA Journal of Industrial Psychology,1,0.0002065688907250568
post_ai,SCIENTIFIC BULLETIN OF POLISSIA,1,0.0002065688907250568
post_ai,SMU Science and Technology Law Review,1,0.0002065688907250568
post_ai,SN Social Sciences,1,0.0002065688907250568
post_ai,SOAS Research Online (SOAS University of London),1,0.0002065688907250568
post_ai,STUDIA ISLAMIKA,1,0.0002065688907250568
post_ai,SUCHT - Zeitschrift für Wissenschaft und Praxis / Journal of Addiction Research and Practice,1,0.0002065688907250568
post_ai,SUN PRESS eBooks,1,0.0002065688907250568
post_ai,Safety in Technosphere,1,0.0002065688907250568
post_ai,Scandinavian Housing and Planning Research,1,0.0002065688907250568
post_ai,Scandinavian Journal of Economics,1,0.0002065688907250568
post_ai,Scandinavian Journal of Hospitality and Tourism,1,0.0002065688907250568
post_ai,Scandinavian Journal of Psychology,1,0.0002065688907250568
post_ai,Scandinavian Journal of Public Administration,1,0.0002065688907250568
post_ai,Scandinavian Political Studies,1,0.0002065688907250568
post_ai,Scholar Works at UT Tyler (The University of Texas at Tyler),1,0.0002065688907250568
post_ai,ScholarWorks (Walden University),1,0.0002065688907250568
post_ai,Scholaria Jurnal Pendidikan dan Kebudayaan,1,0.0002065688907250568
post_ai,"Scholars Archive - University at Albany (University at Albany, State University of New York)",1,0.0002065688907250568
post_ai,Scholarworks (University of Massachusetts Amherst),1,0.0002065688907250568
post_ai,School Leadership and Management,1,0.0002065688907250568
post_ai,School Psychology International,1,0.0002065688907250568
post_ai,Science Insights Education Frontiers,1,0.0002065688907250568
post_ai,Science and Public Policy,1,0.0002065688907250568
post_ai,Science educator,1,0.0002065688907250568
post_ai,Science of Law Journal,1,0.0002065688907250568
post_ai,Scientific African,1,0.0002065688907250568
post_ai,Scientific notes of the UniversityKROK,1,0.0002065688907250568
post_ai,Scottish Affairs,1,0.0002065688907250568
post_ai,Scottish Geographical Journal,1,0.0002065688907250568
post_ai,Security Dialogue,1,0.0002065688907250568
post_ai,Seminars in Neurology,1,0.0002065688907250568
post_ai,Settler Colonial Studies,1,0.0002065688907250568
post_ai,Sexuality Research and Social Policy,1,0.0002065688907250568
post_ai,Shanlax International Journal of Education,1,0.0002065688907250568
post_ai,Shenakht Journal of Psychology and Psychiatry,1,0.0002065688907250568
post_ai,Shengtaixue zazhi,1,0.0002065688907250568
post_ai,Siberian Law Review,1,0.0002065688907250568
post_ai,Sleep Health,1,0.0002065688907250568
post_ai,Sleep Medicine Research,1,0.0002065688907250568
post_ai,Sleep and Biological Rhythms,1,0.0002065688907250568
post_ai,Social & Cultural Geography,1,0.0002065688907250568
post_ai,Social Anthropology,1,0.0002065688907250568
post_ai,Social Behavior and Personality An International Journal,1,0.0002065688907250568
post_ai,Social Development,1,0.0002065688907250568
post_ai,Social Epistemology,1,0.0002065688907250568
post_ai,Social Indicators Research,1,0.0002065688907250568
post_ai,Social Psychological Bulletin,1,0.0002065688907250568
post_ai,Social Psychological and Personality Science,1,0.0002065688907250568
post_ai,Social Psychology Quarterly,1,0.0002065688907250568
post_ai,Social Psychology of Education,1,0.0002065688907250568
post_ai,Social Responsibility Journal,1,0.0002065688907250568
post_ai,Social Science Open Access Repository (GESIS – Leibniz Institute for the Social Sciences),1,0.0002065688907250568
post_ai,Social Science Quarterly,1,0.0002065688907250568
post_ai,Social Sciences & Humanities Open,1,0.0002065688907250568
post_ai,Social Service Review,1,0.0002065688907250568
post_ai,Social Studies Research and Practice,1,0.0002065688907250568
post_ai,Social Studies of Science,1,0.0002065688907250568
post_ai,Social Work Research,1,0.0002065688907250568
post_ai,Social and Personality Psychology Compass,1,0.0002065688907250568
post_ai,Society and Culture in South Asia,1,0.0002065688907250568
post_ai,Sociological Perspectives,1,0.0002065688907250568
post_ai,Sociological Quarterly,1,0.0002065688907250568
post_ai,Sociological Spectrum,1,0.0002065688907250568
post_ai,Sociological Theory,1,0.0002065688907250568
post_ai,Sociology of Education,1,0.0002065688907250568
post_ai,SoftwareX,1,0.0002065688907250568
post_ai,Soshum Jurnal Sosial dan Humaniora,1,0.0002065688907250568
post_ai,South African Journal of Psychiatry,1,0.0002065688907250568
post_ai,South Atlantic Quarterly,1,0.0002065688907250568
post_ai,South East Asia Research,1,0.0002065688907250568
post_ai,Southeast Asian Studies,1,0.0002065688907250568
post_ai,Spanish Journal of Marketing - ESIC,1,0.0002065688907250568
post_ai,Spatial Cognition and Computation,1,0.0002065688907250568
post_ai,Special Education [SE],1,0.0002065688907250568
post_ai,Special Operations Journal,1,0.0002065688907250568
post_ai,Spectrum A Journal on Black Men,1,0.0002065688907250568
post_ai,Sport Education and Society,1,0.0002065688907250568
post_ai,State Religion and Church in Russia and Worldwide,1,0.0002065688907250568
post_ai,State University of New York Press eBooks,1,0.0002065688907250568
post_ai,Statistical Science,1,0.0002065688907250568
post_ai,Statistics and Economics,1,0.0002065688907250568
post_ai,Statistics in Medicine,1,0.0002065688907250568
post_ai,Strategic Management Journal,1,0.0002065688907250568
post_ai,Stroke,1,0.0002065688907250568
post_ai,Studies In Educational Evaluation,1,0.0002065688907250568
post_ai,Studies in Ethnicity and Nationalism,1,0.0002065688907250568
post_ai,Studies in Media and Communication,1,0.0002065688907250568
post_ai,Studies in Political Economy,1,0.0002065688907250568
post_ai,Studies in Science Education,1,0.0002065688907250568
post_ai,Studies in Social Justice,1,0.0002065688907250568
post_ai,Substance Abuse Research and Treatment,1,0.0002065688907250568
post_ai,Substance Abuse Treatment Prevention and Policy,1,0.0002065688907250568
post_ai,Summa Psicológica,1,0.0002065688907250568
post_ai,Supportive Care in Cancer,1,0.0002065688907250568
post_ai,Sustainable Development,1,0.0002065688907250568
post_ai,Sustainable Operations and Computers,1,0.0002065688907250568
post_ai,Swiss Political Science Review,1,0.0002065688907250568
post_ai,System,1,0.0002065688907250568
post_ai,System Dynamics Review,1,0.0002065688907250568
post_ai,TAUJIH Jurnal Pendidikan Islam,1,0.0002065688907250568
post_ai,TESL Canada Journal,1,0.0002065688907250568
post_ai,TUScholarShare (Temple University),1,0.0002065688907250568
post_ai,"Teacher education quarterly (Claremont, Calif.)",1,0.0002065688907250568
post_ai,Teaching Children Mathematics,1,0.0002065688907250568
post_ai,Technology Analysis and Strategic Management,1,0.0002065688907250568
post_ai,Technology Innovation Management Review,1,0.0002065688907250568
post_ai,Technology in Society,1,0.0002065688907250568
post_ai,Telemedicine Journal and e-Health,1,0.0002065688907250568
post_ai,Television & New Media,1,0.0002065688907250568
post_ai,Terrorism and Political Violence,1,0.0002065688907250568
post_ai,Texas ScholarWorks (Texas Digital Library),1,0.0002065688907250568
post_ai,Textile Research Journal,1,0.0002065688907250568
post_ai,The AAG Review of Books,1,0.0002065688907250568
post_ai,The AMA Journal of Ethic,1,0.0002065688907250568
post_ai,The American Review of Public Administration,1,0.0002065688907250568
post_ai,The Anatomical Record,1,0.0002065688907250568
post_ai,The Annals of Family Medicine,1,0.0002065688907250568
post_ai,The Annals of Mathematical Statistics,1,0.0002065688907250568
post_ai,The Annals of Statistics,1,0.0002065688907250568
post_ai,The Annals of the American Academy of Political and Social Science,1,0.0002065688907250568
post_ai,The Anthropocene Review,1,0.0002065688907250568
post_ai,The Anthropologist,1,0.0002065688907250568
post_ai,The Asia Pacific Journal of Anthropology,1,0.0002065688907250568
post_ai,The Asia-Pacific Education Researcher,1,0.0002065688907250568
post_ai,The Bell Journal of Economics,1,0.0002065688907250568
post_ai,The British Journal of Psychiatry,1,0.0002065688907250568
post_ai,The Canadian Journal of Action Research,1,0.0002065688907250568
post_ai,The Canadian Journal of Human Sexuality,1,0.0002065688907250568
post_ai,The Canadian Journal of Sociology,1,0.0002065688907250568
post_ai,The Clearing House A Journal of Educational Strategies Issues and Ideas,1,0.0002065688907250568
post_ai,The Clinical Teacher,1,0.0002065688907250568
post_ai,The Communication Review,1,0.0002065688907250568
post_ai,The Computer Journal,1,0.0002065688907250568
post_ai,The Counseling Psychologist,1,0.0002065688907250568
post_ai,The Curriculum Journal,1,0.0002065688907250568
post_ai,The Design Journal,1,0.0002065688907250568
post_ai,The Economics of Peace and Security Journal,1,0.0002065688907250568
post_ai,The Educational Forum,1,0.0002065688907250568
post_ai,The Electronic Journal of e-Learning,1,0.0002065688907250568
post_ai,The Encyclopedia of Women and Crime,1,0.0002065688907250568
post_ai,The International Arab Journal of Information Technology,1,0.0002065688907250568
post_ai,The International Journal of Nautical Archaeology,1,0.0002065688907250568
post_ai,The International Journal of Psychiatry in Medicine,1,0.0002065688907250568
post_ai,The International Journal of the History of Sport,1,0.0002065688907250568
post_ai,The International Journal of the Inclusive Museum,1,0.0002065688907250568
post_ai,The International Review of Research in Open and Distributed Learning,1,0.0002065688907250568
post_ai,The Irish Journal of Psychology,1,0.0002065688907250568
post_ai,The Journal of Applied Behavioral Science,1,0.0002065688907250568
post_ai,The Journal of AsiaTEFL,1,0.0002065688907250568
post_ai,The Journal of Clinical Endocrinology & Metabolism,1,0.0002065688907250568
post_ai,The Journal of Comparative Asian Development,1,0.0002065688907250568
post_ai,The Journal of Development Studies,1,0.0002065688907250568
post_ai,The Journal of Economic History,1,0.0002065688907250568
post_ai,The Journal of Ethics,1,0.0002065688907250568
post_ai,The Journal of Genetic Psychology,1,0.0002065688907250568
post_ai,The Journal of Interdisciplinary History,1,0.0002065688907250568
post_ai,The Journal of Law Medicine & Ethics,1,0.0002065688907250568
post_ai,The Journal of Law and Economics,1,0.0002065688907250568
post_ai,The Journal of Modern African Studies,1,0.0002065688907250568
post_ai,The Journal of Pan-African Studies,1,0.0002065688907250568
post_ai,The Journal of Positive Psychology,1,0.0002065688907250568
post_ai,The Journal of Psychology,1,0.0002065688907250568
post_ai,The Journal of Sociology & Social Welfare,1,0.0002065688907250568
post_ai,The Journal of Technology and Teacher Education,1,0.0002065688907250568
post_ai,The Journals of Gerontology Series A,1,0.0002065688907250568
post_ai,The Knowledge Bank (The Ohio State University),1,0.0002065688907250568
post_ai,The Korean Association of Practical Arts Education,1,0.0002065688907250568
post_ai,The Lancet,1,0.0002065688907250568
post_ai,The Lancet Digital Health,1,0.0002065688907250568
post_ai,The Lancet Regional Health - Americas,1,0.0002065688907250568
post_ai,The Literacy Trek,1,0.0002065688907250568
post_ai,The Medical Journal of Australia,1,0.0002065688907250568
post_ai,The Open Collections (Coventry University),1,0.0002065688907250568
post_ai,The Review of Economics and Statistics,1,0.0002065688907250568
post_ai,The Review of Faith & International Affairs,1,0.0002065688907250568
post_ai,The Rural Educator,1,0.0002065688907250568
post_ai,The Volta Review,1,0.0002065688907250568
post_ai,The Wiley-Blackwell Encyclopedia of Social Theory,1,0.0002065688907250568
post_ai,The World Bank Economic Review,1,0.0002065688907250568
post_ai,Theology and Sexuality,1,0.0002065688907250568
post_ai,Theoretical Criminology,1,0.0002065688907250568
post_ai,Theoretical Issues in Ergonomics Science,1,0.0002065688907250568
post_ai,Theory & Psychology,1,0.0002065688907250568
post_ai,Theory Culture & Society,1,0.0002065688907250568
post_ai,Theory and Practice in Language Studies,1,0.0002065688907250568
post_ai,Thesis Eleven,1,0.0002065688907250568
post_ai,Topics in Language Disorders,1,0.0002065688907250568
post_ai,Tourism Cases,1,0.0002065688907250568
post_ai,Tourism Economics,1,0.0002065688907250568
post_ai,Tourism Planning & Development,1,0.0002065688907250568
post_ai,Tourism Review,1,0.0002065688907250568
post_ai,Tourist Studies,1,0.0002065688907250568
post_ai,Traduction et Langues,1,0.0002065688907250568
post_ai,Transcultural Psychiatry,1,0.0002065688907250568
post_ai,Transformative Dialogues Teaching and Learning Journal,1,0.0002065688907250568
post_ai,Transportation Journal,1,0.0002065688907250568
post_ai,Transportation Science,1,0.0002065688907250568
post_ai,Tribakti Jurnal Pemikiran Keislaman,1,0.0002065688907250568
post_ai,Turkish Online Journal of Qualitative Inquiry,1,0.0002065688907250568
post_ai,UCL Discovery (University College London),1,0.0002065688907250568
post_ai,ULUMUNA,1,0.0002065688907250568
post_ai,UNC Libraries,1,0.0002065688907250568
post_ai,UNESCO eBooks,1,0.0002065688907250568
post_ai,UNIFIKASI Jurnal Ilmu Hukum,1,0.0002065688907250568
post_ai,Uncertain Supply Chain Management,1,0.0002065688907250568
post_ai,Undang Jurnal Hukum,1,0.0002065688907250568
post_ai,United Nations Environment Programme eBooks,1,0.0002065688907250568
post_ai,University of British Columbia Press eBooks,1,0.0002065688907250568
post_ai,University of Illinois Press eBooks,1,0.0002065688907250568
post_ai,University of Nairobi Research Archive (University of Nairobi),1,0.0002065688907250568
post_ai,University of North Carolina Press eBooks,1,0.0002065688907250568
post_ai,University of Pennsylvania Press eBooks,1,0.0002065688907250568
post_ai,University of Pittsburgh Law Review,1,0.0002065688907250568
post_ai,University of Texas Press eBooks,1,0.0002065688907250568
post_ai,University of Toronto Quarterly,1,0.0002065688907250568
post_ai,Unnes Journal of Mathematics Education,1,0.0002065688907250568
post_ai,Unnes Science Education Journal,1,0.0002065688907250568
post_ai,Urban Climate,1,0.0002065688907250568
post_ai,Urban Education,1,0.0002065688907250568
post_ai,Urban Geography,1,0.0002065688907250568
post_ai,Utah law review,1,0.0002065688907250568
post_ai,UvA-DARE (University of Amsterdam),1,0.0002065688907250568
post_ai,VBN Forskningsportal (Aalborg Universitet),1,0.0002065688907250568
post_ai,VCU Scholars Compass (Virginia Commonwealth University),1,0.0002065688907250568
post_ai,VTechWorks (Virginia Tech),1,0.0002065688907250568
post_ai,Vermont Journal of Environmental Law,1,0.0002065688907250568
post_ai,Virtual Defense Library (Ministerio de Defensa),1,0.0002065688907250568
post_ai,Visi Sosial Humaniora,1,0.0002065688907250568
post_ai,Voices from the Middle,1,0.0002065688907250568
post_ai,Voluntary Sector Review,1,0.0002065688907250568
post_ai,Waste Management Bulletin,1,0.0002065688907250568
post_ai,Web Ecology,1,0.0002065688907250568
post_ai,Wellbeing Space and Society,1,0.0002065688907250568
post_ai,Whiteness and Education,1,0.0002065688907250568
post_ai,Widening Participation and Lifelong Learning,1,0.0002065688907250568
post_ai,Widyaparwa,1,0.0002065688907250568
post_ai,Wiley Interdisciplinary Reviews Computational Statistics,1,0.0002065688907250568
post_ai,Wiley series in probability and statistics,1,0.0002065688907250568
post_ai,Women & Therapy,1,0.0002065688907250568
post_ai,Women in Management Review,1,0.0002065688907250568
post_ai,Work Aging and Retirement,1,0.0002065688907250568
post_ai,Work Employment and Society,1,0.0002065688907250568
post_ai,World Development,1,0.0002065688907250568
post_ai,World Journal of Advanced Research and Reviews,1,0.0002065688907250568
post_ai,World Literature Today,1,0.0002065688907250568
post_ai,World Scientific series in finance,1,0.0002065688907250568
post_ai,Yale University Press eBooks,1,0.0002065688907250568
post_ai,Young,1,0.0002065688907250568
post_ai,Young Consumers Insight and Ideas for Responsible Marketers,1,0.0002065688907250568
post_ai,Youth,1,0.0002065688907250568
post_ai,Yuksekogretim Dergisi,1,0.0002065688907250568
post_ai,Yuridika,1,0.0002065688907250568
post_ai,ZDM,1,0.0002065688907250568
post_ai,Zaaken Journal of Civil and Business Law,1,0.0002065688907250568
post_ai,Zed eBooks,1,0.0002065688907250568
post_ai,Zygon®,1,0.0002065688907250568
post_ai,eCite Digital Repository (University of Tasmania),1,0.0002065688907250568
post_ai,eLucidate,1,0.0002065688907250568
post_ai,ePrints - UNY (Yogyakarta State University),1,0.0002065688907250568
post_ai,ePrints Soton (University of Southampton),1,0.0002065688907250568
post_ai,eScholarship@McGill (McGill),1,0.0002065688907250568
post_ai,eYLS (Yale Law School),1,0.0002065688907250568
post_ai,journal of Adolescent and Youth Psychological Studies,1,0.0002065688907250568
post_ai,npj Digital Medicine,1,0.0002065688907250568
post_ai,npj Science of Learning,1,0.0002065688907250568
post_ai,npj Urban Sustainability,1,0.0002065688907250568
post_ai,rEFLections,1,0.0002065688907250568
post_ai,The Italian Journal of Pediatrics/Italian journal of pediatrics,1,0.0002065688907250568
post_ai,The SAIS review of international affairs,1,0.0002065688907250568
post_ai,The journal of Burma studies,1,0.0002065688907250568
post_ai,The journal of individual psychology,1,0.0002065688907250568
post_ai,İlköğretim Online,1,0.0002065688907250568
post_ai,المجله الدولیه للتعلیم بالانترنت,1,0.0002065688907250568
post_ai,بحوث فى تدريس اللغات,1,0.0002065688907250568
post_ai,디지털디자인학연구,1,0.0002065688907250568
pre_ai,unknown,448,0.09820254274441034
pre_ai,Choice Reviews Online,65,0.014248136782113108
pre_ai,Cambridge University Press eBooks,61,0.013371328364752301
pre_ai,Oxford University Press eBooks,37,0.008110477860587462
pre_ai,Palgrave Macmillan UK eBooks,25,0.0054800526085050415
pre_ai,Journal of Applied Psychology,24,0.00526085050416484
pre_ai,Medical Entomology and Zoology,24,0.00526085050416484
pre_ai,Antipode,22,0.004822446295484437
pre_ai,American Sociological Review,20,0.004384042086804033
pre_ai,American Economic Review,19,0.004164839982463832
pre_ai,Sustainability,18,0.00394563787812363
pre_ai,Progress in Human Geography,17,0.003726435773783428
pre_ai,Social Forces,17,0.003726435773783428
pre_ai,DOAJ (DOAJ: Directory of Open Access Journals),16,0.0035072336694432268
pre_ai,MIS Quarterly,16,0.0035072336694432268
pre_ai,Journal of Marriage and the Family,15,0.003288031565103025
pre_ai,PLoS ONE,15,0.003288031565103025
pre_ai,Sport Management Review,15,0.003288031565103025
pre_ai,Gifted Child Quarterly,14,0.003068829460762823
pre_ai,Journal of Research in Science Teaching,14,0.003068829460762823
pre_ai,PubMed,14,0.003068829460762823
pre_ai,Public Administration,14,0.003068829460762823
pre_ai,Ageing and Society,13,0.002849627356422622
pre_ai,Chemistry Education Research and Practice,13,0.002849627356422622
pre_ai,Journal of Chemical Education,13,0.002849627356422622
pre_ai,Journal of Personality and Social Psychology,13,0.002849627356422622
pre_ai,National Bureau of Economic Research,13,0.002849627356422622
pre_ai,The Gerontologist,13,0.002849627356422622
pre_ai,Academy of Management Journal,12,0.00263042525208242
pre_ai,Accounting Auditing & Accountability Journal,12,0.00263042525208242
pre_ai,American Journal of Sociology,12,0.00263042525208242
pre_ai,BMJ,12,0.00263042525208242
pre_ai,Contemporary Sociology A Journal of Reviews,12,0.00263042525208242
pre_ai,Journal of Public Administration Research and Theory,12,0.00263042525208242
pre_ai,New Media & Society,12,0.00263042525208242
pre_ai,SSRN Electronic Journal,12,0.00263042525208242
pre_ai,Science,12,0.00263042525208242
pre_ai,American Educational Research Journal,11,0.0024112231477422183
pre_ai,American Journal of Political Science,11,0.0024112231477422183
pre_ai,Financial Accountability and Management,11,0.0024112231477422183
pre_ai,Journal of Management,11,0.0024112231477422183
pre_ai,RePEc: Research Papers in Economics,11,0.0024112231477422183
pre_ai,Criminal Justice and Behavior,10,0.0021920210434020165
pre_ai,Environment and Planning A Economy and Space,10,0.0021920210434020165
pre_ai,International Journal of Information and Education Technology,10,0.0021920210434020165
pre_ai,Journal of Organizational Behavior,10,0.0021920210434020165
pre_ai,Journal of Sport & Tourism,10,0.0021920210434020165
pre_ai,Management Science,10,0.0021920210434020165
pre_ai,Psychological Bulletin,10,0.0021920210434020165
pre_ai,The Journal of Adult Protection,10,0.0021920210434020165
pre_ai,American Political Science Review,9,0.001972818939061815
pre_ai,Educational Researcher,9,0.001972818939061815
pre_ai,Gender & Society,9,0.001972818939061815
pre_ai,International Migration Review,9,0.001972818939061815
pre_ai,Journal for the Scientific Study of Religion,9,0.001972818939061815
pre_ai,Journal of Sport Management,9,0.001972818939061815
pre_ai,Procedia - Social and Behavioral Sciences,9,0.001972818939061815
pre_ai,Proceedings of the National Academy of Sciences,9,0.001972818939061815
pre_ai,Public Administration Review,9,0.001972818939061815
pre_ai,Review of International Studies,9,0.001972818939061815
pre_ai,Social Psychology Quarterly,9,0.001972818939061815
pre_ai,The Clinical Supervisor,9,0.001972818939061815
pre_ai,The Sociological Review,9,0.001972818939061815
pre_ai,Urban Studies,9,0.001972818939061815
pre_ai,Area,8,0.0017536168347216134
pre_ai,Child Development,8,0.0017536168347216134
pre_ai,Educational Administration Quarterly,8,0.0017536168347216134
pre_ai,Human Relations,8,0.0017536168347216134
pre_ai,International Affairs,8,0.0017536168347216134
pre_ai,International Journal of Cross Cultural Management,8,0.0017536168347216134
pre_ai,International Journal of Event and Festival Management,8,0.0017536168347216134
pre_ai,Journal of Islamic marketing,8,0.0017536168347216134
pre_ai,Journal of Marketing Research,8,0.0017536168347216134
pre_ai,Journal of the Association for Information Systems,8,0.0017536168347216134
pre_ai,Palgrave Macmillan US eBooks,8,0.0017536168347216134
pre_ai,Regional Studies,8,0.0017536168347216134
pre_ai,Social Policy and Society,8,0.0017536168347216134
pre_ai,BMC Public Health,7,0.0015344147303814116
pre_ai,Current Issues in Tourism,7,0.0015344147303814116
pre_ai,Demography,7,0.0015344147303814116
pre_ai,Developmental Psychology,7,0.0015344147303814116
pre_ai,Foreign Affairs,7,0.0015344147303814116
pre_ai,Group & Organization Management,7,0.0015344147303814116
pre_ai,Hungarian Cultural Studies,7,0.0015344147303814116
pre_ai,Information Systems Research,7,0.0015344147303814116
pre_ai,International Journal of Urban and Regional Research,7,0.0015344147303814116
pre_ai,Journal of Ethnic and Migration Studies,7,0.0015344147303814116
pre_ai,Journal of Marketing,7,0.0015344147303814116
pre_ai,PEDIATRICS,7,0.0015344147303814116
pre_ai,Princeton University Press eBooks,7,0.0015344147303814116
pre_ai,Psychometrika,7,0.0015344147303814116
pre_ai,Research on Aging,7,0.0015344147303814116
pre_ai,Scientific Reports,7,0.0015344147303814116
pre_ai,Sexualities,7,0.0015344147303814116
pre_ai,Social Work,7,0.0015344147303814116
pre_ai,The Journal of Human Resources,7,0.0015344147303814116
pre_ai,Time & Society,7,0.0015344147303814116
pre_ai,World Politics,7,0.0015344147303814116
pre_ai,arXiv (Cornell University),7,0.0015344147303814116
pre_ai,Academy of Management Review,6,0.00131521262604121
pre_ai,American Behavioral Scientist,6,0.00131521262604121
pre_ai,American Journal of Epidemiology,6,0.00131521262604121
pre_ai,Annual Review of Psychology,6,0.00131521262604121
pre_ai,BMJ Quality & Safety,6,0.00131521262604121
pre_ai,Business and Professional Communication Quarterly,6,0.00131521262604121
pre_ai,College & Research Libraries,6,0.00131521262604121
pre_ai,Edward Elgar Publishing eBooks,6,0.00131521262604121
pre_ai,European Sport Management Quarterly,6,0.00131521262604121
pre_ai,Event Management,6,0.00131521262604121
pre_ai,HAL (Le Centre pour la Communication Scientifique Directe),6,0.00131521262604121
pre_ai,Health Economics,6,0.00131521262604121
pre_ai,International Journal of Offender Therapy and Comparative Criminology,6,0.00131521262604121
pre_ai,International Journal of Tourism Research,6,0.00131521262604121
pre_ai,Journal of Communication,6,0.00131521262604121
pre_ai,Journal of Economic Geography,6,0.00131521262604121
pre_ai,Journal of Homosexuality,6,0.00131521262604121
pre_ai,Journal of Travel Research,6,0.00131521262604121
pre_ai,Journalism Studies,6,0.00131521262604121
pre_ai,Review of Educational Research,6,0.00131521262604121
pre_ai,Sociology,6,0.00131521262604121
pre_ai,Teachers College Record The Voice of Scholarship in Education,6,0.00131521262604121
pre_ai,The British Journal of Social Work,6,0.00131521262604121
pre_ai,Third World Quarterly,6,0.00131521262604121
pre_ai,Transactions of the Institute of British Geographers,6,0.00131521262604121
pre_ai,Transportation Science,6,0.00131521262604121
pre_ai,African Affairs,5,0.0010960105217010083
pre_ai,Annual Review of Political Science,5,0.0010960105217010083
pre_ai,Asian Studies Review,5,0.0010960105217010083
pre_ai,Austrian History Yearbook,5,0.0010960105217010083
pre_ai,Cultural Diversity & Ethnic Minority Psychology,5,0.0010960105217010083
pre_ai,Educational Management Administration & Leadership,5,0.0010960105217010083
pre_ai,Ethics and Social Welfare,5,0.0010960105217010083
pre_ai,Ethnic and Racial Studies,5,0.0010960105217010083
pre_ai,European Journal of International Relations,5,0.0010960105217010083
pre_ai,Frontiers in Psychology,5,0.0010960105217010083
pre_ai,Gender Place & Culture,5,0.0010960105217010083
pre_ai,Gender Work and Organization,5,0.0010960105217010083
pre_ai,Hungarian Studies,5,0.0010960105217010083
pre_ai,Industrial and Labor Relations Review,5,0.0010960105217010083
pre_ai,International Journal of Environmental Research and Public Health,5,0.0010960105217010083
pre_ai,Journal of Educational Administration,5,0.0010960105217010083
pre_ai,Journal of Epidemiology & Community Health,5,0.0010960105217010083
pre_ai,Journal of European Public Policy,5,0.0010960105217010083
pre_ai,Journal of Physics Conference Series,5,0.0010960105217010083
pre_ai,Journal of Statistical Software,5,0.0010960105217010083
pre_ai,Journal of the Philosophy of Sport,5,0.0010960105217010083
pre_ai,Leisure Sciences,5,0.0010960105217010083
pre_ai,PRIMUS,5,0.0010960105217010083
pre_ai,Perspectives on Politics,5,0.0010960105217010083
pre_ai,Political Research Quarterly,5,0.0010960105217010083
pre_ai,Polity,5,0.0010960105217010083
pre_ai,Procedia Computer Science,5,0.0010960105217010083
pre_ai,Proceedings of the AAAI Conference on Artificial Intelligence,5,0.0010960105217010083
pre_ai,Psychological Science,5,0.0010960105217010083
pre_ai,SAGE Open,5,0.0010960105217010083
pre_ai,Social Policy and Administration,5,0.0010960105217010083
pre_ai,The American Historical Review,5,0.0010960105217010083
pre_ai,The British Journal of Criminology,5,0.0010960105217010083
pre_ai,The Journal of Economic Education,5,0.0010960105217010083
pre_ai,The Journal of the Abraham Lincoln Association,5,0.0010960105217010083
pre_ai,The Prison Journal,5,0.0010960105217010083
pre_ai,Urban Geography,5,0.0010960105217010083
pre_ai,"World Bank, Washington, DC eBooks",5,0.0010960105217010083
pre_ai,Zenodo (CERN European Organization for Nuclear Research),5,0.0010960105217010083
pre_ai,AERA Open,4,0.0008768084173608067
pre_ai,Academy of Management Annals,4,0.0008768084173608067
pre_ai,Age and Ageing,4,0.0008768084173608067
pre_ai,Alzheimer s & Dementia,4,0.0008768084173608067
pre_ai,American Journal of International Law,4,0.0008768084173608067
pre_ai,American Politics Research,4,0.0008768084173608067
pre_ai,Annual Review of Sociology,4,0.0008768084173608067
pre_ai,Antiquity,4,0.0008768084173608067
pre_ai,Asia Pacific Journal of Tourism Research,4,0.0008768084173608067
pre_ai,Behaviour and Information Technology,4,0.0008768084173608067
pre_ai,Cambridge Journal of Regions Economy and Society,4,0.0008768084173608067
pre_ai,City,4,0.0008768084173608067
pre_ai,Communication Research,4,0.0008768084173608067
pre_ai,Cornell University Press eBooks,4,0.0008768084173608067
pre_ai,DergiPark (Istanbul University),4,0.0008768084173608067
pre_ai,Developmental Science,4,0.0008768084173608067
pre_ai,Econometrica,4,0.0008768084173608067
pre_ai,Economic Geography,4,0.0008768084173608067
pre_ai,Environmental Politics,4,0.0008768084173608067
pre_ai,European Journal of Communication,4,0.0008768084173608067
pre_ai,Feminist Media Studies,4,0.0008768084173608067
pre_ai,Group Processes & Intergroup Relations,4,0.0008768084173608067
pre_ai,Harvard University Press eBooks,4,0.0008768084173608067
pre_ai,Health & Social Care in the Community,4,0.0008768084173608067
pre_ai,Identities,4,0.0008768084173608067
pre_ai,Interactive Learning Environments,4,0.0008768084173608067
pre_ai,International Journal of Cultural Studies,4,0.0008768084173608067
pre_ai,International Journal of Culture Tourism and Hospitality Research,4,0.0008768084173608067
pre_ai,International Journal of Human Resources Development and Management,4,0.0008768084173608067
pre_ai,International Journal of Sport Communication,4,0.0008768084173608067
pre_ai,International Journal of Sports Marketing and Sponsorship,4,0.0008768084173608067
pre_ai,International Theory,4,0.0008768084173608067
pre_ai,Journal of Aging and Health,4,0.0008768084173608067
pre_ai,Journal of Eastern African Studies,4,0.0008768084173608067
pre_ai,Journal of Educational Technology Systems,4,0.0008768084173608067
pre_ai,Journal of Elder Abuse & Neglect,4,0.0008768084173608067
pre_ai,Journal of Gender Studies,4,0.0008768084173608067
pre_ai,Journal of Labor Economics,4,0.0008768084173608067
pre_ai,Journal of Political Power,4,0.0008768084173608067
pre_ai,Journal of Services Marketing,4,0.0008768084173608067
pre_ai,Journal of Travel & Tourism Marketing,4,0.0008768084173608067
pre_ai,Journal of the Royal Anthropological Institute,4,0.0008768084173608067
pre_ai,Journalism,4,0.0008768084173608067
pre_ai,Justice Quarterly,4,0.0008768084173608067
pre_ai,LA Referencia (Red Federada de Repositorios Institucionales de Publicaciones Científicas),4,0.0008768084173608067
pre_ai,Language,4,0.0008768084173608067
pre_ai,Leiden Journal of International Law,4,0.0008768084173608067
pre_ai,Leisure/Loisir,4,0.0008768084173608067
pre_ai,Lirias,4,0.0008768084173608067
pre_ai,Local Environment,4,0.0008768084173608067
pre_ai,Longitudinal and Life Course Studies,4,0.0008768084173608067
pre_ai,Organization Studies,4,0.0008768084173608067
pre_ai,Political Psychology,4,0.0008768084173608067
pre_ai,Political Studies,4,0.0008768084173608067
pre_ai,Population and Development Review,4,0.0008768084173608067
pre_ai,Public Understanding of Science,4,0.0008768084173608067
pre_ai,RELC Journal,4,0.0008768084173608067
pre_ai,Scandinavian Journal of Medicine and Science in Sports,4,0.0008768084173608067
pre_ai,Social Media + Society,4,0.0008768084173608067
pre_ai,Sociological Theory,4,0.0008768084173608067
pre_ai,Sociology Compass,4,0.0008768084173608067
pre_ai,Sport in Society,4,0.0008768084173608067
pre_ai,Stanford University Press eBooks,4,0.0008768084173608067
pre_ai,Substance Abuse Treatment Prevention and Policy,4,0.0008768084173608067
pre_ai,The International Journal of Human Resource Management,4,0.0008768084173608067
pre_ai,The Journal of African History,4,0.0008768084173608067
pre_ai,The Journal of Applied Behavioral Science,4,0.0008768084173608067
pre_ai,The Journal of Politics,4,0.0008768084173608067
pre_ai,The MIT Press eBooks,4,0.0008768084173608067
pre_ai,The Quarterly Journal of Economics,4,0.0008768084173608067
pre_ai,The Stata Journal Promoting communications on statistics and Stata,4,0.0008768084173608067
pre_ai,Tourism Recreation Research,4,0.0008768084173608067
pre_ai,University of Minnesota Press eBooks,4,0.0008768084173608067
pre_ai,VOLUNTAS International Journal of Voluntary and Nonprofit Organizations,4,0.0008768084173608067
pre_ai,ACEReSearch Repository (Australian Council for Educational Research),3,0.000657606313020605
pre_ai,Academic Medicine,3,0.000657606313020605
pre_ai,Active Learning in Higher Education,3,0.000657606313020605
pre_ai,Adoption Quarterly,3,0.000657606313020605
pre_ai,"AgEcon Search (University of Minnesota, USA)",3,0.000657606313020605
pre_ai,Aging & Mental Health,3,0.000657606313020605
pre_ai,Agricultural Economics,3,0.000657606313020605
pre_ai,American Psychologist,3,0.000657606313020605
pre_ai,Annals of the Association of American Geographers,3,0.000657606313020605
pre_ai,Annual Review of Anthropology,3,0.000657606313020605
pre_ai,Annual Review of Public Health,3,0.000657606313020605
pre_ai,Applied Economics,3,0.000657606313020605
pre_ai,Asian Social Science,3,0.000657606313020605
pre_ai,Australasian Journal of Educational Technology,3,0.000657606313020605
pre_ai,BMC Bioinformatics,3,0.000657606313020605
pre_ai,BMJ Open,3,0.000657606313020605
pre_ai,British Journal of Sociology of Education,3,0.000657606313020605
pre_ai,British Journal of Sports Medicine,3,0.000657606313020605
pre_ai,CABI eBooks,3,0.000657606313020605
pre_ai,CBE—Life Sciences Education,3,0.000657606313020605
pre_ai,Capital & Class,3,0.000657606313020605
pre_ai,China Agricultural Economic Review,3,0.000657606313020605
pre_ai,Clinical Infectious Diseases,3,0.000657606313020605
pre_ai,Columbia University Press eBooks,3,0.000657606313020605
pre_ai,Communications of the Association for Information Systems,3,0.000657606313020605
pre_ai,Criminal Justice Review,3,0.000657606313020605
pre_ai,Critical Social Policy,3,0.000657606313020605
pre_ai,DigitalGeorgetown (Georgetown University Library),3,0.000657606313020605
pre_ai,E3S Web of Conferences,3,0.000657606313020605
pre_ai,Economic Inquiry,3,0.000657606313020605
pre_ai,Economy and Society,3,0.000657606313020605
pre_ai,Educational Technology & Society,3,0.000657606313020605
pre_ai,Environment and Planning C Government and Policy,3,0.000657606313020605
pre_ai,Environment and Planning C Politics and Space,3,0.000657606313020605
pre_ai,Environment and Planning D Society and Space,3,0.000657606313020605
pre_ai,Environmental Research Letters,3,0.000657606313020605
pre_ai,Epidemiology,3,0.000657606313020605
pre_ai,Ethnicities,3,0.000657606313020605
pre_ai,Ethnicity and Health,3,0.000657606313020605
pre_ai,European Journal of Information Systems,3,0.000657606313020605
pre_ai,European Planning Studies,3,0.000657606313020605
pre_ai,European Societies,3,0.000657606313020605
pre_ai,European Sociological Review,3,0.000657606313020605
pre_ai,European Urban and Regional Studies,3,0.000657606313020605
pre_ai,Evolution,3,0.000657606313020605
pre_ai,Families in Society The Journal of Contemporary Social Services,3,0.000657606313020605
pre_ai,Feminism & Psychology,3,0.000657606313020605
pre_ai,Figshare,3,0.000657606313020605
pre_ai,Geoarchaeology,3,0.000657606313020605
pre_ai,Geography Compass,3,0.000657606313020605
pre_ai,Hau Journal of Ethnographic Theory,3,0.000657606313020605
pre_ai,Health Expectations,3,0.000657606313020605
pre_ai,Human Resource Management,3,0.000657606313020605
pre_ai,Hypatia,3,0.000657606313020605
pre_ai,IEEE Access,3,0.000657606313020605
pre_ai,IEEE Transactions on Engineering Management,3,0.000657606313020605
pre_ai,IEEE Transactions on Knowledge and Data Engineering,3,0.000657606313020605
pre_ai,IZA Journal of Migration,3,0.000657606313020605
pre_ai,Infancy,3,0.000657606313020605
pre_ai,Information Communication & Society,3,0.000657606313020605
pre_ai,International Journal of Contemporary Hospitality Management,3,0.000657606313020605
pre_ai,International Journal of Emerging Technologies in Learning (iJET),3,0.000657606313020605
pre_ai,International Journal of Geriatric Psychiatry,3,0.000657606313020605
pre_ai,International Journal of Science Education,3,0.000657606313020605
pre_ai,International Journal of Social Research Methodology,3,0.000657606313020605
pre_ai,International Organization,3,0.000657606313020605
pre_ai,International journal on food system dynamics,3,0.000657606313020605
pre_ai,JAMA,3,0.000657606313020605
pre_ai,JAMA Psychiatry,3,0.000657606313020605
pre_ai,Journal of American College Health,3,0.000657606313020605
pre_ai,Journal of Applied Social Psychology,3,0.000657606313020605
pre_ai,Journal of Broadcasting & Electronic Media,3,0.000657606313020605
pre_ai,Journal of Church and State,3,0.000657606313020605
pre_ai,Journal of Counseling Psychology,3,0.000657606313020605
pre_ai,Journal of Experiential Education,3,0.000657606313020605
pre_ai,Journal of Family Issues,3,0.000657606313020605
pre_ai,Journal of Health and Social Behavior,3,0.000657606313020605
pre_ai,Journal of Knowledge Management,3,0.000657606313020605
pre_ai,Journal of Management Studies,3,0.000657606313020605
pre_ai,Journal of Marketing Management,3,0.000657606313020605
pre_ai,Journal of Medical Internet Research,3,0.000657606313020605
pre_ai,Journal of Social Issues,3,0.000657606313020605
pre_ai,Journal of Southeast Asian Studies,3,0.000657606313020605
pre_ai,Journal of Sport and Exercise Psychology,3,0.000657606313020605
pre_ai,Journal of Transcultural Nursing,3,0.000657606313020605
pre_ai,Journal of Transportation Engineering,3,0.000657606313020605
pre_ai,Journal of Urban Affairs,3,0.000657606313020605
pre_ai,Journalism & Mass Communication Quarterly,3,0.000657606313020605
pre_ai,Jurnal Aplikasi Manajemen,3,0.000657606313020605
pre_ai,KnE Social Sciences,3,0.000657606313020605
pre_ai,Lancaster EPrints (Lancaster University),3,0.000657606313020605
pre_ai,Law & Society Review,3,0.000657606313020605
pre_ai,London School of Economics and Political Science Research Online (London School of Economics and Political Science),3,0.000657606313020605
pre_ai,Media Culture & Society,3,0.000657606313020605
pre_ai,Medical Education,3,0.000657606313020605
pre_ai,Medicine & Science in Sports & Exercise,3,0.000657606313020605
pre_ai,Modern Language Journal,3,0.000657606313020605
pre_ai,New England Journal of Medicine,3,0.000657606313020605
pre_ai,New York University Press eBooks,3,0.000657606313020605
pre_ai,Occupational and Environmental Medicine,3,0.000657606313020605
pre_ai,Philosophical Transactions of the Royal Society B Biological Sciences,3,0.000657606313020605
pre_ai,Planning Theory,3,0.000657606313020605
pre_ai,Population Space and Place,3,0.000657606313020605
pre_ai,Psychological Methods,3,0.000657606313020605
pre_ai,Psychology and Marketing,3,0.000657606313020605
pre_ai,Psychology of Addictive Behaviors,3,0.000657606313020605
pre_ai,Public Management Review,3,0.000657606313020605
pre_ai,QUT ePrints (Queensland University of Technology),3,0.000657606313020605
pre_ai,Qualitative Health Research,3,0.000657606313020605
pre_ai,Qualitative Market Research An International Journal,3,0.000657606313020605
pre_ai,Quaternary Research,3,0.000657606313020605
pre_ai,Review of Income and Wealth,3,0.000657606313020605
pre_ai,Review of Religious Research,3,0.000657606313020605
pre_ai,Science Education,3,0.000657606313020605
pre_ai,Service Industries Journal,3,0.000657606313020605
pre_ai,Social & Cultural Geography,3,0.000657606313020605
pre_ai,Social Politics International Studies in Gender State & Society,3,0.000657606313020605
pre_ai,Social Problems,3,0.000657606313020605
pre_ai,Social Sciences in China,3,0.000657606313020605
pre_ai,Social movement studies,3,0.000657606313020605
pre_ai,Socio-Economic Review,3,0.000657606313020605
pre_ai,Sociological Inquiry,3,0.000657606313020605
pre_ai,Sociological Research Online,3,0.000657606313020605
pre_ai,Sociology of Education,3,0.000657606313020605
pre_ai,Sociology of Religion,3,0.000657606313020605
pre_ai,South African Crime Quarterly,3,0.000657606313020605
pre_ai,Strategic Management Journal,3,0.000657606313020605
pre_ai,Studies in Higher Education,3,0.000657606313020605
pre_ai,Systems Research and Behavioral Science,3,0.000657606313020605
pre_ai,Teaching Sociology,3,0.000657606313020605
pre_ai,The Economic Journal,3,0.000657606313020605
pre_ai,The Journal of Higher Education,3,0.000657606313020605
pre_ai,The Journal of Imperial & Commonwealth History,3,0.000657606313020605
pre_ai,The Journal of Sex Research,3,0.000657606313020605
pre_ai,The Journals of Gerontology Series B,3,0.000657606313020605
pre_ai,The Pacific Review,3,0.000657606313020605
pre_ai,The Review of Economic Studies,3,0.000657606313020605
pre_ai,The World Bank Economic Review,3,0.000657606313020605
pre_ai,Theoretical Criminology,3,0.000657606313020605
pre_ai,Theory Culture & Society,3,0.000657606313020605
pre_ai,Tourism Economics,3,0.000657606313020605
pre_ai,Transportation Research Record Journal of the Transportation Research Board,3,0.000657606313020605
pre_ai,Visual Studies,3,0.000657606313020605
pre_ai,differences,3,0.000657606313020605
pre_ai,ACM Transactions on the Web,2,0.00043840420868040335
pre_ai,ANU Open Research (Australian National University),2,0.00043840420868040335
pre_ai,Academy of Management Learning and Education,2,0.00043840420868040335
pre_ai,Academy of Management Perspectives,2,0.00043840420868040335
pre_ai,Acta Ethnographica Hungarica,2,0.00043840420868040335
pre_ai,Acta geographica Slovenica,2,0.00043840420868040335
pre_ai,Administrative Science Quarterly,2,0.00043840420868040335
pre_ai,Advances in group processes,2,0.00043840420868040335
pre_ai,Advances in human and social aspects of technology book series,2,0.00043840420868040335
pre_ai,Agribusiness,2,0.00043840420868040335
pre_ai,American Economic Journal Applied Economics,2,0.00043840420868040335
pre_ai,American Economic Journal Economic Policy,2,0.00043840420868040335
pre_ai,American Ethnologist,2,0.00043840420868040335
pre_ai,American Journal of Health Education,2,0.00043840420868040335
pre_ai,American Journal of Public Health,2,0.00043840420868040335
pre_ai,American Politics Quarterly,2,0.00043840420868040335
pre_ai,American Quarterly,2,0.00043840420868040335
pre_ai,Anatolia,2,0.00043840420868040335
pre_ai,Andalas University Repository (Andalas University),2,0.00043840420868040335
pre_ai,Annals of Internal Medicine,2,0.00043840420868040335
pre_ai,Annals of Plastic Surgery,2,0.00043840420868040335
pre_ai,Annual Review of Law and Social Science,2,0.00043840420868040335
pre_ai,Annual Review of Organizational Psychology and Organizational Behavior,2,0.00043840420868040335
pre_ai,Anthropological Theory,2,0.00043840420868040335
pre_ai,Anthropology of Work Review,2,0.00043840420868040335
pre_ai,Aotearoa New Zealand Social Work,2,0.00043840420868040335
pre_ai,Apollo (University of Cambridge),2,0.00043840420868040335
pre_ai,Applied Developmental Science,2,0.00043840420868040335
pre_ai,Applied Psychology,2,0.00043840420868040335
pre_ai,Archives of General Psychiatry,2,0.00043840420868040335
pre_ai,Archivio istituzionale della ricerca (Alma Mater Studiorum Università di Bologna),2,0.00043840420868040335
pre_ai,Asia Pacific Journal of Information Systems,2,0.00043840420868040335
pre_ai,Australian & New Zealand Journal of Psychiatry,2,0.00043840420868040335
pre_ai,Australian Social Work,2,0.00043840420868040335
pre_ai,BMC Medical Education,2,0.00043840420868040335
pre_ai,BMC Medical Research Methodology,2,0.00043840420868040335
pre_ai,Big Data & Society,2,0.00043840420868040335
pre_ai,Bloomsbury Academic eBooks,2,0.00043840420868040335
pre_ai,Bloomsbury Publishing Plc eBooks,2,0.00043840420868040335
pre_ai,British Journal of Educational Studies,2,0.00043840420868040335
pre_ai,British Journal of Educational Technology,2,0.00043840420868040335
pre_ai,British Journal of Political Science,2,0.00043840420868040335
pre_ai,British Journal of Sociology,2,0.00043840420868040335
pre_ai,CDU eSpace Institutional Repository (Charles Darwin University),2,0.00043840420868040335
pre_ai,Cambridge Journal of Economics,2,0.00043840420868040335
pre_ai,Canadian Journal of University Continuing Education,2,0.00043840420868040335
pre_ai,Central European History,2,0.00043840420868040335
pre_ai,China Journal of Social Work,2,0.00043840420868040335
pre_ai,Circulation,2,0.00043840420868040335
pre_ai,Civil War history,2,0.00043840420868040335
pre_ai,College student journal,2,0.00043840420868040335
pre_ai,Communication Research Reports,2,0.00043840420868040335
pre_ai,Communications of the ACM,2,0.00043840420868040335
pre_ai,Comparative Studies in Society and History,2,0.00043840420868040335
pre_ai,Complexity,2,0.00043840420868040335
pre_ai,Continuum,2,0.00043840420868040335
pre_ai,Criminology,2,0.00043840420868040335
pre_ai,Criminology & Criminal Justice,2,0.00043840420868040335
pre_ai,Cross Cultural & Strategic Management,2,0.00043840420868040335
pre_ai,CyberPsychology & Behavior,2,0.00043840420868040335
pre_ai,DMU Open Research Archive (De Montfort University),2,0.00043840420868040335
pre_ai,Data Archiving and Networked Services (DANS),2,0.00043840420868040335
pre_ai,Democratization,2,0.00043840420868040335
pre_ai,Development Policy Review,2,0.00043840420868040335
pre_ai,Development in Practice,2,0.00043840420868040335
pre_ai,Diachronica,2,0.00043840420868040335
pre_ai,Disasters,2,0.00043840420868040335
pre_ai,Discourse & Communication,2,0.00043840420868040335
pre_ai,Distance Education,2,0.00043840420868040335
pre_ai,Drug and Alcohol Review,2,0.00043840420868040335
pre_ai,East Central Europe,2,0.00043840420868040335
pre_ai,East European Politics and Societies and Cultures,2,0.00043840420868040335
pre_ai,Economic Record,2,0.00043840420868040335
pre_ai,Econstor (Econstor),2,0.00043840420868040335
pre_ai,Edinburgh University Press eBooks,2,0.00043840420868040335
pre_ai,Education Citizenship and Social Justice,2,0.00043840420868040335
pre_ai,Educational Research,2,0.00043840420868040335
pre_ai,Educational Sciences Theory & Practice,2,0.00043840420868040335
pre_ai,Emerging infectious diseases,2,0.00043840420868040335
pre_ai,Emotional and Behavioural Difficulties,2,0.00043840420868040335
pre_ai,English Language Teaching,2,0.00043840420868040335
pre_ai,Entrepreneurship and Regional Development,2,0.00043840420868040335
pre_ai,Environment and Urbanization,2,0.00043840420868040335
pre_ai,Environmental Health Perspectives,2,0.00043840420868040335
pre_ai,Eos,2,0.00043840420868040335
pre_ai,European Journal of International Law,2,0.00043840420868040335
pre_ai,European Journal of Social Psychology,2,0.00043840420868040335
pre_ai,European Journal of Social Theory,2,0.00043840420868040335
pre_ai,European Journal of Social Work,2,0.00043840420868040335
pre_ai,European Journal of Sociology,2,0.00043840420868040335
pre_ai,European Journal of Women s Studies,2,0.00043840420868040335
pre_ai,European Review of Social Psychology,2,0.00043840420868040335
pre_ai,Feminist Economics,2,0.00043840420868040335
pre_ai,Feminist Review,2,0.00043840420868040335
pre_ai,Folia Linguistica,2,0.00043840420868040335
pre_ai,GLQ A Journal of Lesbian and Gay Studies,2,0.00043840420868040335
pre_ai,Gender and Education,2,0.00043840420868040335
pre_ai,Geographical Journal,2,0.00043840420868040335
pre_ai,Geriatrics and gerontology international/Geriatrics & gerontology international,2,0.00043840420868040335
pre_ai,Globalizations,2,0.00043840420868040335
pre_ai,Governance,2,0.00043840420868040335
pre_ai,Government and Opposition,2,0.00043840420868040335
pre_ai,Group Dynamics Theory Research and Practice,2,0.00043840420868040335
pre_ai,Harm Reduction Journal,2,0.00043840420868040335
pre_ai,Hart Publishing eBooks,2,0.00043840420868040335
pre_ai,Health Services Research,2,0.00043840420868040335
pre_ai,Herder-Institut ZFO Online,2,0.00043840420868040335
pre_ai,Housing Theory and Society,2,0.00043840420868040335
pre_ai,Human Factors and Ergonomics in Manufacturing & Service Industries,2,0.00043840420868040335
pre_ai,Human Resource Development Review,2,0.00043840420868040335
pre_ai,IDS Working Papers,2,0.00043840420868040335
pre_ai,IEEE Communications Magazine,2,0.00043840420868040335
pre_ai,IOP Conference Series Earth and Environmental Science,2,0.00043840420868040335
pre_ai,Information Technology and People,2,0.00043840420868040335
pre_ai,Innovations in Education and Teaching International,2,0.00043840420868040335
pre_ai,Inter-American Development Bank eBooks,2,0.00043840420868040335
pre_ai,Interdisciplinary Journal of Information Knowledge and Management,2,0.00043840420868040335
pre_ai,International Annals of Criminology,2,0.00043840420868040335
pre_ai,International Communication Gazette,2,0.00043840420868040335
pre_ai,International Economic Review,2,0.00043840420868040335
pre_ai,International Feminist Journal of Politics,2,0.00043840420868040335
pre_ai,International Journal Canada s Journal of Global Policy Analysis,2,0.00043840420868040335
pre_ai,International Journal for Equity in Health,2,0.00043840420868040335
pre_ai,International Journal for the Psychology of Religion,2,0.00043840420868040335
pre_ai,International Journal of Academic Research in Business and Social Sciences,2,0.00043840420868040335
pre_ai,International Journal of Behavioral Nutrition and Physical Activity,2,0.00043840420868040335
pre_ai,International Journal of Heritage Studies,2,0.00043840420868040335
pre_ai,International Journal of Higher Education,2,0.00043840420868040335
pre_ai,International Journal of Manpower,2,0.00043840420868040335
pre_ai,International Journal of Nursing Practice,2,0.00043840420868040335
pre_ai,International Journal of Public Administration,2,0.00043840420868040335
pre_ai,International Journal of Social Economics,2,0.00043840420868040335
pre_ai,International Journal of Social Welfare,2,0.00043840420868040335
pre_ai,International Journal of Sport Nutrition and Exercise Metabolism,2,0.00043840420868040335
pre_ai,International Journal of Sport Policy and Politics,2,0.00043840420868040335
pre_ai,International Migration,2,0.00043840420868040335
pre_ai,International Political Sociology,2,0.00043840420868040335
pre_ai,International Psychogeriatrics,2,0.00043840420868040335
pre_ai,International Public Management Journal,2,0.00043840420868040335
pre_ai,International Security,2,0.00043840420868040335
pre_ai,International Studies of Management and Organization,2,0.00043840420868040335
pre_ai,International journal of organizational analysis,2,0.00043840420868040335
pre_ai,Internet Research,2,0.00043840420868040335
pre_ai,Issue Lab (Candid),2,0.00043840420868040335
pre_ai,JCMS Journal of Common Market Studies,2,0.00043840420868040335
pre_ai,JOURNAL OF INTERNATIONAL STUDIES,2,0.00043840420868040335
pre_ai,Javnost - The Public,2,0.00043840420868040335
pre_ai,Joint Research Centre (European Commission),2,0.00043840420868040335
pre_ai,Journal Of Vacation Marketing,2,0.00043840420868040335
pre_ai,Journal of Adolescent Health,2,0.00043840420868040335
pre_ai,Journal of Advanced Nursing,2,0.00043840420868040335
pre_ai,Journal of Advertising,2,0.00043840420868040335
pre_ai,Journal of American History,2,0.00043840420868040335
pre_ai,Journal of Applied Gerontology,2,0.00043840420868040335
pre_ai,Journal of Asian and African Studies,2,0.00043840420868040335
pre_ai,Journal of Child Psychology and Psychiatry,2,0.00043840420868040335
pre_ai,Journal of College Teaching & Learning (TLC),2,0.00043840420868040335
pre_ai,Journal of Computer Assisted Learning,2,0.00043840420868040335
pre_ai,Journal of Computer-Mediated Communication,2,0.00043840420868040335
pre_ai,Journal of Conflict and Security Law,2,0.00043840420868040335
pre_ai,Journal of Consumer Research,2,0.00043840420868040335
pre_ai,Journal of Convention & Event Tourism,2,0.00043840420868040335
pre_ai,Journal of Counseling & Development,2,0.00043840420868040335
pre_ai,Journal of Drug Issues,2,0.00043840420868040335
pre_ai,Journal of Educational Psychology,2,0.00043840420868040335
pre_ai,Journal of Ethnicity in Substance Abuse,2,0.00043840420868040335
pre_ai,Journal of Evolutionary Biology,2,0.00043840420868040335
pre_ai,Journal of Gay & Lesbian Mental Health,2,0.00043840420868040335
pre_ai,Journal of Gerontology,2,0.00043840420868040335
pre_ai,Journal of Hospitality Marketing & Management,2,0.00043840420868040335
pre_ai,Journal of Human Sciences,2,0.00043840420868040335
pre_ai,Journal of Information Science,2,0.00043840420868040335
pre_ai,Journal of Information Technology & Politics,2,0.00043840420868040335
pre_ai,Journal of Leisure Research,2,0.00043840420868040335
pre_ai,Journal of Multilingual and Multicultural Development,2,0.00043840420868040335
pre_ai,Journal of Offender Rehabilitation,2,0.00043840420868040335
pre_ai,Journal of Organizational Change Management,2,0.00043840420868040335
pre_ai,Journal of Personality Assessment,2,0.00043840420868040335
pre_ai,Journal of Planning Education and Research,2,0.00043840420868040335
pre_ai,Journal of Quaternary Science,2,0.00043840420868040335
pre_ai,Journal of Research on Adolescence,2,0.00043840420868040335
pre_ai,Journal of Social Issues in Southeast Asia,2,0.00043840420868040335
pre_ai,Journal of Social Policy,2,0.00043840420868040335
pre_ai,Journal of Social Sciences,2,0.00043840420868040335
pre_ai,Journal of Social Work,2,0.00043840420868040335
pre_ai,Journal of Social Work Practice,2,0.00043840420868040335
pre_ai,Journal of Sports Sciences,2,0.00043840420868040335
pre_ai,Journal of Studies on Alcohol and Drugs,2,0.00043840420868040335
pre_ai,Journal of Sustainable Tourism,2,0.00043840420868040335
pre_ai,Journal of Urban Design,2,0.00043840420868040335
pre_ai,Journal of college student development,2,0.00043840420868040335
pre_ai,Journal of democracy,2,0.00043840420868040335
pre_ai,Journal of the American Geriatrics Society,2,0.00043840420868040335
pre_ai,Journal of the History of the Behavioral Sciences,2,0.00043840420868040335
pre_ai,Journal on Migration and Human Security,2,0.00043840420868040335
pre_ai,Journal on excellence in college teaching,2,0.00043840420868040335
pre_ai,Jurnal Komunikasi Malaysian Journal of Communication,2,0.00043840420868040335
pre_ai,Jurnal Konstitusi,2,0.00043840420868040335
pre_ai,Language Testing,2,0.00043840420868040335
pre_ai,Learning Media and Technology,2,0.00043840420868040335
pre_ai,Man,2,0.00043840420868040335
pre_ai,Management Decision,2,0.00043840420868040335
pre_ai,Manufacturing & Service Operations Management,2,0.00043840420868040335
pre_ai,Marketing Science,2,0.00043840420868040335
pre_ai,Mathematics Teacher Learning and Teaching PK-12,2,0.00043840420868040335
pre_ai,Michigan journal of community service learning,2,0.00043840420868040335
pre_ai,Multivariate Behavioral Research,2,0.00043840420868040335
pre_ai,Museum Anthropology,2,0.00043840420868040335
pre_ai,NJAS - Wageningen Journal of Life Sciences,2,0.00043840420868040335
pre_ai,Neurology,2,0.00043840420868040335
pre_ai,New Left Review,2,0.00043840420868040335
pre_ai,Nonprofit and Voluntary Sector Quarterly,2,0.00043840420868040335
pre_ai,Nursing Inquiry,2,0.00043840420868040335
pre_ai,OECD social employment and migration working papers,2,0.00043840420868040335
pre_ai,Operations Research,2,0.00043840420868040335
pre_ai,Oxford University Research Archive (ORA) (University of Oxford),2,0.00043840420868040335
pre_ai,Peace and Conflict Journal of Peace Psychology,2,0.00043840420868040335
pre_ai,Personality and Social Psychology Bulletin,2,0.00043840420868040335
pre_ai,Personality and Social Psychology Review,2,0.00043840420868040335
pre_ai,Personnel Psychology,2,0.00043840420868040335
pre_ai,Phi Delta Kappan,2,0.00043840420868040335
pre_ai,PhilPapers (PhilPapers Foundation),2,0.00043840420868040335
pre_ai,Physics Today,2,0.00043840420868040335
pre_ai,Policing & Society,2,0.00043840420868040335
pre_ai,Policing An International Journal,2,0.00043840420868040335
pre_ai,Political Communication,2,0.00043840420868040335
pre_ai,Political Science Quarterly,2,0.00043840420868040335
pre_ai,Politics Religion & Ideology,2,0.00043840420868040335
pre_ai,Postmodern Openings,2,0.00043840420868040335
pre_ai,Practice,2,0.00043840420868040335
pre_ai,Proceedings of the Annual Meeting of the Berkeley Linguistics Society,2,0.00043840420868040335
pre_ai,Production and Operations Management,2,0.00043840420868040335
pre_ai,Psychotherapy in Australia,2,0.00043840420868040335
pre_ai,Public Culture,2,0.00043840420868040335
pre_ai,Public Health Reports,2,0.00043840420868040335
pre_ai,Public Money & Management,2,0.00043840420868040335
pre_ai,Public Opinion Quarterly,2,0.00043840420868040335
pre_ai,Public Performance & Management Review,2,0.00043840420868040335
pre_ai,Punishment & Society,2,0.00043840420868040335
pre_ai,Qualitative Research,2,0.00043840420868040335
pre_ai,Qualitative Research in Psychology,2,0.00043840420868040335
pre_ai,Qualitative Research in Sport Exercise and Health,2,0.00043840420868040335
pre_ai,Quality in Ageing and Older Adults,2,0.00043840420868040335
pre_ai,Race Ethnicity and Education,2,0.00043840420868040335
pre_ai,Research Online (University of Wollongong),2,0.00043840420868040335
pre_ai,Rethinking Marxism,2,0.00043840420868040335
pre_ai,Reviews in Anthropology,2,0.00043840420868040335
pre_ai,School Effectiveness and School Improvement,2,0.00043840420868040335
pre_ai,Sedimentology,2,0.00043840420868040335
pre_ai,Social Identities,2,0.00043840420868040335
pre_ai,Social Justice A Journal of Crime Conflict & World Order,2,0.00043840420868040335
pre_ai,Social Sciences,2,0.00043840420868040335
pre_ai,Social Semiotics,2,0.00043840420868040335
pre_ai,Social Studies of Science,2,0.00043840420868040335
pre_ai,Social Work Research,2,0.00043840420868040335
pre_ai,Social Work in Health Care,2,0.00043840420868040335
pre_ai,Sociological Perspectives,2,0.00043840420868040335
pre_ai,Sociological Spectrum,2,0.00043840420868040335
pre_ai,Sociology of Health & Illness,2,0.00043840420868040335
pre_ai,Socius Sociological Research for a Dynamic World,2,0.00043840420868040335
pre_ai,South African Journal of Education,2,0.00043840420868040335
pre_ai,Structural Equation Modeling A Multidisciplinary Journal,2,0.00043840420868040335
pre_ai,Studies in American Political Development,2,0.00043840420868040335
pre_ai,Substance Use & Misuse,2,0.00043840420868040335
pre_ai,Sustainability Science,2,0.00043840420868040335
pre_ai,Teaching in Higher Education,2,0.00043840420868040335
pre_ai,Television & New Media,2,0.00043840420868040335
pre_ai,The American Naturalist,2,0.00043840420868040335
pre_ai,The American Statistician,2,0.00043840420868040335
pre_ai,The Annals of the American Academy of Political and Social Science,2,0.00043840420868040335
pre_ai,The British Journal of Politics and International Relations,2,0.00043840420868040335
pre_ai,The British Journal of Psychiatry,2,0.00043840420868040335
pre_ai,The China Quarterly,2,0.00043840420868040335
pre_ai,The International Review of Research in Open and Distributed Learning,2,0.00043840420868040335
pre_ai,The Journal of Agricultural Education and Extension,2,0.00043840420868040335
pre_ai,The Journal of Economic Perspectives,2,0.00043840420868040335
pre_ai,The Journal of Educational Research,2,0.00043840420868040335
pre_ai,The Journal of Finance,2,0.00043840420868040335
pre_ai,The Journal of Interdisciplinary History,2,0.00043840420868040335
pre_ai,The Journals of Gerontology Series A,2,0.00043840420868040335
pre_ai,The Physics of Metals and Metallography,2,0.00043840420868040335
pre_ai,The Professional Geographer,2,0.00043840420868040335
pre_ai,The Review of Economics and Statistics,2,0.00043840420868040335
pre_ai,The Scientific World JOURNAL,2,0.00043840420868040335
pre_ai,Tourism Analysis,2,0.00043840420868040335
pre_ai,Tourism Geographies,2,0.00043840420868040335
pre_ai,Tourism and Hospitality Research,2,0.00043840420868040335
pre_ai,Transport Reviews,2,0.00043840420868040335
pre_ai,Trauma Violence & Abuse,2,0.00043840420868040335
pre_ai,University of Michigan Press eBooks,2,0.00043840420868040335
pre_ai,University of North Texas Digital Library (University of North Texas),2,0.00043840420868040335
pre_ai,University of Pennsylvania Press eBooks,2,0.00043840420868040335
pre_ai,University of Salford Institutional Repository (University of Salford),2,0.00043840420868040335
pre_ai,University of Texas Press eBooks,2,0.00043840420868040335
pre_ai,Urban Education,2,0.00043840420868040335
pre_ai,Van Yüzüncü Yıl University Academic Data Management System,2,0.00043840420868040335
pre_ai,Violence Against Women,2,0.00043840420868040335
pre_ai,Visual Anthropology,2,0.00043840420868040335
pre_ai,Work Employment and Society,2,0.00043840420868040335
pre_ai,XRDS Crossroads The ACM Magazine for Students,2,0.00043840420868040335
pre_ai,bioRxiv (Cold Spring Harbor Laboratory),2,0.00043840420868040335
pre_ai,eScholarship (California Digital Library),2,0.00043840420868040335
pre_ai,The Australian journal of teacher education,2,0.00043840420868040335
pre_ai,"2017 IEEE 2nd Information Technology, Networking, Electronic and Automation Control Conference (ITNEC)",1,0.00021920210434020167
pre_ai,2020 8th International Conference on Cyber and IT Service Management (CITSM),1,0.00021920210434020167
pre_ai,ACM Transactions on Knowledge Discovery from Data,1,0.00021920210434020167
pre_ai,ACM Transactions on Management Information Systems,1,0.00021920210434020167
pre_ai,AEA Papers and Proceedings,1,0.00021920210434020167
pre_ai,AIP conference proceedings,1,0.00021920210434020167
pre_ai,AL-ATHFAL JURNAL PENDIDIKAN ANAK,1,0.00021920210434020167
pre_ai,AL-TA LIM,1,0.00021920210434020167
pre_ai,ARCA (Università Ca' Foscari Venezia),1,0.00021920210434020167
pre_ai,AWERProcedia Advances in Applied Sciences,1,0.00021920210434020167
pre_ai,Abacus,1,0.00021920210434020167
pre_ai,About Campus Enriching the Student Learning Experience,1,0.00021920210434020167
pre_ai,Academic Journal of Interdisciplinary Studies,1,0.00021920210434020167
pre_ai,Academic exchange quarterly,1,0.00021920210434020167
pre_ai,Academy of Marketing Studies journal,1,0.00021920210434020167
pre_ai,Accounting and Finance,1,0.00021920210434020167
pre_ai,Acta Humana,1,0.00021920210434020167
pre_ai,Acta Paediatrica,1,0.00021920210434020167
pre_ai,Acta Sociologica,1,0.00021920210434020167
pre_ai,Acta Technologica Dubnicae,1,0.00021920210434020167
pre_ai,Action Learning Research and Practice,1,0.00021920210434020167
pre_ai,Adapted Physical Activity Quarterly,1,0.00021920210434020167
pre_ai,Adaptive Behavior,1,0.00021920210434020167
pre_ai,Addictive Behaviors,1,0.00021920210434020167
pre_ai,Addictive Behaviors Reports,1,0.00021920210434020167
pre_ai,Administration in Social Work,1,0.00021920210434020167
pre_ai,Advanced Emergency Nursing Journal,1,0.00021920210434020167
pre_ai,Advances in Methods and Practices in Psychological Science,1,0.00021920210434020167
pre_ai,Advances in Psychiatric Treatment,1,0.00021920210434020167
pre_ai,"Advances in Social Science, Education and Humanities Research/Advances in social science, education and humanities research",1,0.00021920210434020167
pre_ai,"Advances in educational marketing, administration, and leadership book series",1,0.00021920210434020167
pre_ai,Advances in electronic commerce (AEC) book series/Advances in electronic commerce series,1,0.00021920210434020167
pre_ai,Advances in human services and public health (AHSPH) book series,1,0.00021920210434020167
pre_ai,Advances in mobile and distance learning book series,1,0.00021920210434020167
pre_ai,Affilia,1,0.00021920210434020167
pre_ai,Africa Journal of Management,1,0.00021920210434020167
pre_ai,Africa Review,1,0.00021920210434020167
pre_ai,Africa Spectrum,1,0.00021920210434020167
pre_ai,African Development Review,1,0.00021920210434020167
pre_ai,African Economic History,1,0.00021920210434020167
pre_ai,African Journal of Gender Society and Development (formerly Journal of Gender Information and Development in Africa),1,0.00021920210434020167
pre_ai,African Studies Review,1,0.00021920210434020167
pre_ai,African economic outlook,1,0.00021920210434020167
pre_ai,Africanus Journal of Development Studies,1,0.00021920210434020167
pre_ai,Aggressive Behavior,1,0.00021920210434020167
pre_ai,Agriculture,1,0.00021920210434020167
pre_ai,Al-Jami ah Journal of Islamic Studies,1,0.00021920210434020167
pre_ai,Alcohol and Alcoholism,1,0.00021920210434020167
pre_ai,Alcoholism Clinical and Experimental Research,1,0.00021920210434020167
pre_ai,American Anthropologist,1,0.00021920210434020167
pre_ai,American Antiquity,1,0.00021920210434020167
pre_ai,American Journal of Agricultural Economics,1,0.00021920210434020167
pre_ai,American Journal of Applied Psychology,1,0.00021920210434020167
pre_ai,American Journal of Community Psychology,1,0.00021920210434020167
pre_ai,American Journal of Distance Education,1,0.00021920210434020167
pre_ai,American Journal of Education,1,0.00021920210434020167
pre_ai,American Journal of Forensic Medicine & Pathology,1,0.00021920210434020167
pre_ai,American Journal of Orthopsychiatry,1,0.00021920210434020167
pre_ai,American Journal of Physical Anthropology,1,0.00021920210434020167
pre_ai,American Journal of Physics,1,0.00021920210434020167
pre_ai,American Journal of Psychiatry,1,0.00021920210434020167
pre_ai,American Journal of Speech-Language Pathology,1,0.00021920210434020167
pre_ai,American Journal on Addictions,1,0.00021920210434020167
pre_ai,American Psychological Association eBooks,1,0.00021920210434020167
pre_ai,American Speech,1,0.00021920210434020167
pre_ai,Americanae (AECID Library),1,0.00021920210434020167
pre_ai,Americas Conference on Information Systems,1,0.00021920210434020167
pre_ai,Amsterdam University Press eBooks,1,0.00021920210434020167
pre_ai,Analisa Journal of Social Science and Religion,1,0.00021920210434020167
pre_ai,Anatolian Journal of Psychiatry,1,0.00021920210434020167
pre_ai,Anhui shixue,1,0.00021920210434020167
pre_ai,Annals of Applied Sport Science,1,0.00021920210434020167
pre_ai,Annals of Human Biology,1,0.00021920210434020167
pre_ai,Annals of Leisure Research,1,0.00021920210434020167
pre_ai,Annals of the American Association of Geographers,1,0.00021920210434020167
pre_ai,Annals of the International Communication Association,1,0.00021920210434020167
pre_ai,Annual Review of Criminology,1,0.00021920210434020167
pre_ai,Annual Review of Environment and Resources,1,0.00021920210434020167
pre_ai,Antarctica A Keystone in a Changing World,1,0.00021920210434020167
pre_ai,Anthropological Quarterly,1,0.00021920210434020167
pre_ai,Anthropology,1,0.00021920210434020167
pre_ai,Anthropos,1,0.00021920210434020167
pre_ai,Applied Economic Perspectives and Policy,1,0.00021920210434020167
pre_ai,Applied Economics Letters,1,0.00021920210434020167
pre_ai,Applied Linguistics,1,0.00021920210434020167
pre_ai,Applied Sciences,1,0.00021920210434020167
pre_ai,Archaeology in Oceania/Archæology & physical anthropology in Oceania,1,0.00021920210434020167
pre_ai,Archives of Clinical Psychiatry (São Paulo),1,0.00021920210434020167
pre_ai,Archives of Neurology,1,0.00021920210434020167
pre_ai,Asia Pacific Journal of Human Resources,1,0.00021920210434020167
pre_ai,Asia Pacific Media Educator,1,0.00021920210434020167
pre_ai,Asian Development Review,1,0.00021920210434020167
pre_ai,Asian Ethnicity,1,0.00021920210434020167
pre_ai,Asian Journal of Communication,1,0.00021920210434020167
pre_ai,Asian Journal of Entrepreneurship and Family Business,1,0.00021920210434020167
pre_ai,Asian Politics & Policy,1,0.00021920210434020167
pre_ai,Asian Security,1,0.00021920210434020167
pre_ai,Asian Survey,1,0.00021920210434020167
pre_ai,Asian Women,1,0.00021920210434020167
pre_ai,Aslib Proceedings,1,0.00021920210434020167
pre_ai,Assessment & Evaluation in Higher Education,1,0.00021920210434020167
pre_ai,Australian Institute of Criminology eBooks,1,0.00021920210434020167
pre_ai,Australian Journal Of International Affairs,1,0.00021920210434020167
pre_ai,Australian Journal of Business and Management Research,1,0.00021920210434020167
pre_ai,Australian Journal of Education,1,0.00021920210434020167
pre_ai,Australian Journal of Rural Health,1,0.00021920210434020167
pre_ai,Australian e-Journal for the Advancement of Mental Health,1,0.00021920210434020167
pre_ai,Australian international law journal,1,0.00021920210434020167
pre_ai,BIBSYS Brage (BIBSYS (Norway)),1,0.00021920210434020167
pre_ai,BMC Geriatrics,1,0.00021920210434020167
pre_ai,BMC Psychiatry,1,0.00021920210434020167
pre_ai,BMC Research Notes,1,0.00021920210434020167
pre_ai,BRQ Business Research Quarterly,1,0.00021920210434020167
pre_ai,Bangladesh Journal of Bioethics,1,0.00021920210434020167
pre_ai,Behavioral Medicine,1,0.00021920210434020167
pre_ai,Behavioral Science & Policy,1,0.00021920210434020167
pre_ai,Behavioral and Brain Sciences,1,0.00021920210434020167
pre_ai,Bern Open Repository and Information System (University of Bern),1,0.00021920210434020167
pre_ai,BioScience,1,0.00021920210434020167
pre_ai,Biochemistry and Molecular Biology Education,1,0.00021920210434020167
pre_ai,Biological reviews/Biological reviews of the Cambridge Philosophical Society,1,0.00021920210434020167
pre_ai,Biometrika,1,0.00021920210434020167
pre_ai,Biosafety and Health,1,0.00021920210434020167
pre_ai,Biostatistics,1,0.00021920210434020167
pre_ai,Body & Society,1,0.00021920210434020167
pre_ai,Brazilian Journal of Medical and Biological Research,1,0.00021920210434020167
pre_ai,Bristol University Press eBooks,1,0.00021920210434020167
pre_ai,British Academy eBooks,1,0.00021920210434020167
pre_ai,British Journal of Education,1,0.00021920210434020167
pre_ai,British Journal of Education Society & Behavioural Science,1,0.00021920210434020167
pre_ai,British Journal of Educational Psychology,1,0.00021920210434020167
pre_ai,British Journal of General Practice,1,0.00021920210434020167
pre_ai,British Journal of Health Psychology,1,0.00021920210434020167
pre_ai,British Journal of Social Psychology,1,0.00021920210434020167
pre_ai,Budapest International Research and Critics Institute (BIRCI-Journal) Humanities and Social Sciences,1,0.00021920210434020167
pre_ai,Bulletin of Geography Socio-economic series,1,0.00021920210434020167
pre_ai,Bulletin of Indonesian Economic Studies,1,0.00021920210434020167
pre_ai,Bulletin of Miscellaneous Information (Royal Gardens Kew),1,0.00021920210434020167
pre_ai,Business Information Review,1,0.00021920210434020167
pre_ai,Business Strategy and the Environment,1,0.00021920210434020167
pre_ai,C – Journal of Carbon Research,1,0.00021920210434020167
pre_ai,CEPAL review,1,0.00021920210434020167
pre_ai,CGSPace A Repository of Agricultural Research Outputs (Consultative Group for International Agricultural Research),1,0.00021920210434020167
pre_ai,CODEE Journal,1,0.00021920210434020167
pre_ai,CSIRO Publishing eBooks,1,0.00021920210434020167
pre_ai,"CSUSB ScholarWorks (California State University, San Bernardino)",1,0.00021920210434020167
pre_ai,CaltechAUTHORS (California Institute of Technology),1,0.00021920210434020167
pre_ai,Cambridge Archaeological Journal,1,0.00021920210434020167
pre_ai,Cambridge Journal of Education,1,0.00021920210434020167
pre_ai,Cambridge yearbook of European legal studies,1,0.00021920210434020167
pre_ai,Canadian Journal of Earth Sciences,1,0.00021920210434020167
pre_ai,Canadian Journal of Higher Education,1,0.00021920210434020167
pre_ai,Canadian Journal of Political Science,1,0.00021920210434020167
pre_ai,Canadian Modern Language Review/ La Revue canadienne des langues vivantes,1,0.00021920210434020167
pre_ai,Canadian journal of nonprofit and social economy research,1,0.00021920210434020167
pre_ai,Canadian social science,1,0.00021920210434020167
pre_ai,Career Development International,1,0.00021920210434020167
pre_ai,Center for Educational Policy Studies Journal,1,0.00021920210434020167
pre_ai,Central Asian Journal of Water Research,1,0.00021920210434020167
pre_ai,Change The Magazine of Higher Learning,1,0.00021920210434020167
pre_ai,ChemElectroChem,1,0.00021920210434020167
pre_ai,Child & Family Social Work,1,0.00021920210434020167
pre_ai,Child Abuse & Neglect,1,0.00021920210434020167
pre_ai,Child Development Perspectives,1,0.00021920210434020167
pre_ai,Children & Society,1,0.00021920210434020167
pre_ai,Chinese Journal of International Law,1,0.00021920210434020167
pre_ai,Church History,1,0.00021920210434020167
pre_ai,Cities,1,0.00021920210434020167
pre_ai,Citizenship Social and Economics Education,1,0.00021920210434020167
pre_ai,Citizenship Studies,1,0.00021920210434020167
pre_ai,Climate Policy,1,0.00021920210434020167
pre_ai,Clinical Journal of Sport Medicine,1,0.00021920210434020167
pre_ai,Clinical Psychology Review,1,0.00021920210434020167
pre_ai,Clinics in Colon and Rectal Surgery,1,0.00021920210434020167
pre_ai,Cochrane Database of Systematic Reviews,1,0.00021920210434020167
pre_ai,Codon Publications eBooks,1,0.00021920210434020167
pre_ai,Cognitive Science,1,0.00021920210434020167
pre_ai,Collnet Journal of Scientometrics and Information Management,1,0.00021920210434020167
pre_ai,Common Knowledge,1,0.00021920210434020167
pre_ai,Commonwealth and Comparative Politics,1,0.00021920210434020167
pre_ai,Communication & Sport,1,0.00021920210434020167
pre_ai,Communication Education,1,0.00021920210434020167
pre_ai,Communication Studies,1,0.00021920210434020167
pre_ai,Communication Theory,1,0.00021920210434020167
pre_ai,Communication in Statistics- Theory and Methods,1,0.00021920210434020167
pre_ai,Community College Journal of Research and Practice,1,0.00021920210434020167
pre_ai,Comparative Education Review,1,0.00021920210434020167
pre_ai,Comparative Migration Studies,1,0.00021920210434020167
pre_ai,Comparative Political Studies,1,0.00021920210434020167
pre_ai,Comparative Sociology,1,0.00021920210434020167
pre_ai,Comparative Studies of South Asia Africa and the Middle East,1,0.00021920210434020167
pre_ai,Compare A Journal of Comparative and International Education,1,0.00021920210434020167
pre_ai,Comptes Rendus Géoscience,1,0.00021920210434020167
pre_ai,Computational Intelligence,1,0.00021920210434020167
pre_ai,Computational Linguistics,1,0.00021920210434020167
pre_ai,Computer Applications in Engineering Education,1,0.00021920210434020167
pre_ai,Comunicar,1,0.00021920210434020167
pre_ai,Comunicação e Sociedade,1,0.00021920210434020167
pre_ai,Consciousness & Emotion,1,0.00021920210434020167
pre_ai,Consciousness & emotion book series,1,0.00021920210434020167
pre_ai,Conservation Biology,1,0.00021920210434020167
pre_ai,Constructions and Frames,1,0.00021920210434020167
pre_ai,Consulting psychology journal,1,0.00021920210434020167
pre_ai,Contemporary Drug Problems,1,0.00021920210434020167
pre_ai,Contemporary Political Theory,1,0.00021920210434020167
pre_ai,Contemporary Politics,1,0.00021920210434020167
pre_ai,Contemporary Security Policy,1,0.00021920210434020167
pre_ai,Contributions to Indian Sociology,1,0.00021920210434020167
pre_ai,Convergence The International Journal of Research into New Media Technologies,1,0.00021920210434020167
pre_ai,Corwin eBooks,1,0.00021920210434020167
pre_ai,Counseling And Psychological Services Dissertations (Georgia State University),1,0.00021920210434020167
pre_ai,Creative Education,1,0.00021920210434020167
pre_ai,Creativity Research Journal,1,0.00021920210434020167
pre_ai,Crime & Delinquency,1,0.00021920210434020167
pre_ai,Crime Histoire et Sociétés,1,0.00021920210434020167
pre_ai,Crime Media Culture An International Journal,1,0.00021920210434020167
pre_ai,Criminal Behaviour and Mental Health,1,0.00021920210434020167
pre_ai,Criminal Justice,1,0.00021920210434020167
pre_ai,Criminal Justice Matters,1,0.00021920210434020167
pre_ai,Criminal Justice Policy Review,1,0.00021920210434020167
pre_ai,Critical Asian Studies,1,0.00021920210434020167
pre_ai,Critical Perspectives on International Business,1,0.00021920210434020167
pre_ai,Croatian Journal of Education - Hrvatski časopis za odgoj i obrazovanje,1,0.00021920210434020167
pre_ai,CrossRef Listing of Deleted DOIs,1,0.00021920210434020167
pre_ai,Cultural Trends,1,0.00021920210434020167
pre_ai,Culture Health & Sexuality,1,0.00021920210434020167
pre_ai,Culture Unbound Journal of Current Cultural Research,1,0.00021920210434020167
pre_ai,Culture and Organization,1,0.00021920210434020167
pre_ai,Cureus,1,0.00021920210434020167
pre_ai,Current Alzheimer Research,1,0.00021920210434020167
pre_ai,Current Anthropology,1,0.00021920210434020167
pre_ai,Current Cardiology Reports,1,0.00021920210434020167
pre_ai,Current Directions in Psychological Science,1,0.00021920210434020167
pre_ai,Current Journal of Applied Science and Technology,1,0.00021920210434020167
pre_ai,Current Medicine Research and Practice,1,0.00021920210434020167
pre_ai,Cyberpsychology Behavior and Social Networking,1,0.00021920210434020167
pre_ai,DSpace@MIT (Massachusetts Institute of Technology),1,0.00021920210434020167
pre_ai,Decision Sciences,1,0.00021920210434020167
pre_ai,Decision Support Systems,1,0.00021920210434020167
pre_ai,Deep Blue (University of Michigan),1,0.00021920210434020167
pre_ai,Dementia,1,0.00021920210434020167
pre_ai,Democratic Theory,1,0.00021920210434020167
pre_ai,Dermatology Online Journal,1,0.00021920210434020167
pre_ai,Development Southern Africa,1,0.00021920210434020167
pre_ai,Development and Psychopathology,1,0.00021920210434020167
pre_ai,Deviant Behavior,1,0.00021920210434020167
pre_ai,Diabetes Care,1,0.00021920210434020167
pre_ai,Digital Archive @ GSU,1,0.00021920210434020167
pre_ai,Digital Commons - PCOM (Philadelphia College of Osteopathic Medicine),1,0.00021920210434020167
pre_ai,Digital Commons - USU (Utah State University),1,0.00021920210434020167
pre_ai,Discourse & Society,1,0.00021920210434020167
pre_ai,Discourse Studies,1,0.00021920210434020167
pre_ai,Discourse Studies in the Cultural Politics of Education,1,0.00021920210434020167
pre_ai,Duke Law Scholarship Repository (Duke University),1,0.00021920210434020167
pre_ai,Duo Research Archive (University of Oslo),1,0.00021920210434020167
pre_ai,E+M Ekonomie a Management,1,0.00021920210434020167
pre_ai,E-Learning and Digital Media,1,0.00021920210434020167
pre_ai,EDIS,1,0.00021920210434020167
pre_ai,ELK ASIA PACIFIC JOURNAL OF SOCIAL SCIENCE,1,0.00021920210434020167
pre_ai,ELSYA Journal of English Language Studies,1,0.00021920210434020167
pre_ai,ELT Journal,1,0.00021920210434020167
pre_ai,ENLIGHTEN (Jurnal Bimbingan dan Konseling Islam),1,0.00021920210434020167
pre_ai,EPJ Data Science,1,0.00021920210434020167
pre_ai,ERef Bayreuth (University of Bayreuth),1,0.00021920210434020167
pre_ai,EU and comparative law issues and challenges series,1,0.00021920210434020167
pre_ai,Ear Nose & Throat Journal,1,0.00021920210434020167
pre_ai,Early Child Development and Care,1,0.00021920210434020167
pre_ai,Earth Surface Processes and Landforms,1,0.00021920210434020167
pre_ai,Eastern Africa social science research review,1,0.00021920210434020167
pre_ai,Ecology Letters,1,0.00021920210434020167
pre_ai,Ecology and Society,1,0.00021920210434020167
pre_ai,Economic and Industrial Democracy,1,0.00021920210434020167
pre_ai,Economica,1,0.00021920210434020167
pre_ai,Economics and Culture,1,0.00021920210434020167
pre_ai,Economies,1,0.00021920210434020167
pre_ai,Edinburgh Napier Research Repository (Edinburgh Napier University),1,0.00021920210434020167
pre_ai,Education Finance and Policy,1,0.00021920210434020167
pre_ai,Education Review,1,0.00021920210434020167
pre_ai,Education Sciences,1,0.00021920210434020167
pre_ai,Education and Urban Society,1,0.00021920210434020167
pre_ai,Education as Change,1,0.00021920210434020167
pre_ai,Educational Administration Theory and Practice journal,1,0.00021920210434020167
pre_ai,Educational Management & Administration,1,0.00021920210434020167
pre_ai,Educational Media International,1,0.00021920210434020167
pre_ai,Educational Research Review,1,0.00021920210434020167
pre_ai,Educational Research and Reviews,1,0.00021920210434020167
pre_ai,Educational Review,1,0.00021920210434020167
pre_ai,Educational Theory,1,0.00021920210434020167
pre_ai,Educational and Psychological Measurement,1,0.00021920210434020167
pre_ai,Educational research and innovation,1,0.00021920210434020167
pre_ai,Electronic Government an International Journal,1,0.00021920210434020167
pre_ai,Electronic Journal of General Medicine,1,0.00021920210434020167
pre_ai,Electronic Journal of Statistics,1,0.00021920210434020167
pre_ai,Electronic Markets,1,0.00021920210434020167
pre_ai,Electronic Sumy State University Institutional Repository (Sumy State University),1,0.00021920210434020167
pre_ai,Elsevier eBooks,1,0.00021920210434020167
pre_ai,Emergency Medicine Australasia,1,0.00021920210434020167
pre_ai,Emerging Adulthood,1,0.00021920210434020167
pre_ai,Emerita,1,0.00021920210434020167
pre_ai,Employee Relations,1,0.00021920210434020167
pre_ai,Encyclopedia of Social Work,1,0.00021920210434020167
pre_ai,Engineering & Technology,1,0.00021920210434020167
pre_ai,Engineering Construction & Architectural Management,1,0.00021920210434020167
pre_ai,Engineering Economics,1,0.00021920210434020167
pre_ai,Entrepreneurship Theory and Practice,1,0.00021920210434020167
pre_ai,Environment Science and Policy for Sustainable Development,1,0.00021920210434020167
pre_ai,Environment and Development Economics,1,0.00021920210434020167
pre_ai,Environment and Planning B Planning and Design,1,0.00021920210434020167
pre_ai,Environmental Communication,1,0.00021920210434020167
pre_ai,Equality Diversity and Inclusion An International Journal,1,0.00021920210434020167
pre_ai,Estudios Atacameños Arqueología y antropología surandinas,1,0.00021920210434020167
pre_ai,Ethics & International Affairs,1,0.00021920210434020167
pre_ai,Ethnography,1,0.00021920210434020167
pre_ai,Ethos,1,0.00021920210434020167
pre_ai,Eurasia Journal of Mathematics Science and Technology Education,1,0.00021920210434020167
pre_ai,Eurasian Geography and Economics,1,0.00021920210434020167
pre_ai,Europe Asia Studies,1,0.00021920210434020167
pre_ai,European Accounting Review,1,0.00021920210434020167
pre_ai,European Child & Adolescent Psychiatry,1,0.00021920210434020167
pre_ai,European Eating Disorders Review,1,0.00021920210434020167
pre_ai,European Educational Research Journal,1,0.00021920210434020167
pre_ai,European Heart Journal Acute Cardiovascular Care,1,0.00021920210434020167
pre_ai,European Journal of Ageing,1,0.00021920210434020167
pre_ai,European Journal of Developmental Psychology,1,0.00021920210434020167
pre_ai,European Journal of Education,1,0.00021920210434020167
pre_ai,European Journal of Epidemiology,1,0.00021920210434020167
pre_ai,European Journal of Industrial Relations,1,0.00021920210434020167
pre_ai,European Journal of Marketing,1,0.00021920210434020167
pre_ai,European Journal of Political Research,1,0.00021920210434020167
pre_ai,European Journal of Public Health,1,0.00021920210434020167
pre_ai,European Journal of Sustainable Development,1,0.00021920210434020167
pre_ai,European Law Journal,1,0.00021920210434020167
pre_ai,European Management Review,1,0.00021920210434020167
pre_ai,European Respiratory Journal,1,0.00021920210434020167
pre_ai,European Scientific Journal ESJ,1,0.00021920210434020167
pre_ai,European Transport Conference 2015Association for European Transport (AET),1,0.00021920210434020167
pre_ai,Evaluation & Research in Education,1,0.00021920210434020167
pre_ai,Evaluation & the Health Professions,1,0.00021920210434020167
pre_ai,Evaluation Review,1,0.00021920210434020167
pre_ai,Events and Tourism Review,1,0.00021920210434020167
pre_ai,Evolutionary Anthropology Issues News and Reviews,1,0.00021920210434020167
pre_ai,Families Relationships and Societies,1,0.00021920210434020167
pre_ai,Family Practice,1,0.00021920210434020167
pre_ai,Feminist Criminology,1,0.00021920210434020167
pre_ai,Feminist formations,1,0.00021920210434020167
pre_ai,Fennia,1,0.00021920210434020167
pre_ai,Fiat Justisia Jurnal Ilmu Hukum,1,0.00021920210434020167
pre_ai,Filozofija i drustvo,1,0.00021920210434020167
pre_ai,First Language,1,0.00021920210434020167
pre_ai,First Monday,1,0.00021920210434020167
pre_ai,Focaal,1,0.00021920210434020167
pre_ai,Forum: Qualitative Social Research (Freie Universität Berlin),1,0.00021920210434020167
pre_ai,Frontiers in African business research,1,0.00021920210434020167
pre_ai,Frontiers in Applied Mathematics and Statistics,1,0.00021920210434020167
pre_ai,Frontiers in Ecology and Evolution,1,0.00021920210434020167
pre_ai,Frontiers in Genetics,1,0.00021920210434020167
pre_ai,Frontiers in Psychiatry,1,0.00021920210434020167
pre_ai,Frontiers in Public Health,1,0.00021920210434020167
pre_ai,Frontiers of Architectural Research,1,0.00021920210434020167
pre_ai,Gabler Verlag eBooks,1,0.00021920210434020167
pre_ai,Geodinamica Acta,1,0.00021920210434020167
pre_ai,Geografiska Annaler Series B Human Geography,1,0.00021920210434020167
pre_ai,Geographical Analysis,1,0.00021920210434020167
pre_ai,Geographical Research,1,0.00021920210434020167
pre_ai,Geographical Review,1,0.00021920210434020167
pre_ai,Geophysical Journal International,1,0.00021920210434020167
pre_ai,Geopolitics,1,0.00021920210434020167
pre_ai,Geopolitics History and International Relations,1,0.00021920210434020167
pre_ai,Gerontology,1,0.00021920210434020167
pre_ai,Ghent University Academic Bibliography (Ghent University),1,0.00021920210434020167
pre_ai,Girlhood Studies,1,0.00021920210434020167
pre_ai,Global Journal of Emerging Market Economies,1,0.00021920210434020167
pre_ai,Global Justice Theory Practice Rhetoric,1,0.00021920210434020167
pre_ai,Global Public Health,1,0.00021920210434020167
pre_ai,Global media journal Australia,1,0.00021920210434020167
pre_ai,Globalisation Societies and Education,1,0.00021920210434020167
pre_ai,Graduate Institute Geneva Institutional Repository (Graduate Institute of International and Development Studies),1,0.00021920210434020167
pre_ai,Greenwood Publishing Group Inc. eBooks,1,0.00021920210434020167
pre_ai,Growth and Change,1,0.00021920210434020167
pre_ai,HTS Teologiese Studies / Theological Studies,1,0.00021920210434020167
pre_ai,Hacettepe University Institutional Repository (hacettepe.edu.tr),1,0.00021920210434020167
pre_ai,Handbook of Finance,1,0.00021920210434020167
pre_ai,Handbook of Psychology,1,0.00021920210434020167
pre_ai,"Harcourt, Brace eBooks",1,0.00021920210434020167
pre_ai,Harvard International Journal of Press/Politics,1,0.00021920210434020167
pre_ai,Hawwa,1,0.00021920210434020167
pre_ai,Health Affairs,1,0.00021920210434020167
pre_ai,Health An Interdisciplinary Journal for the Social Study of Health Illness and Medicine,1,0.00021920210434020167
pre_ai,Health Care For Women International,1,0.00021920210434020167
pre_ai,Health Education Journal,1,0.00021920210434020167
pre_ai,Health Education Research,1,0.00021920210434020167
pre_ai,Health Psychology,1,0.00021920210434020167
pre_ai,Health Risk & Society,1,0.00021920210434020167
pre_ai,Heliyon,1,0.00021920210434020167
pre_ai,Higher Education,1,0.00021920210434020167
pre_ai,Higher Education Research & Development,1,0.00021920210434020167
pre_ai,Higher Education Skills and Work-based Learning,1,0.00021920210434020167
pre_ai,Higher Education Studies,1,0.00021920210434020167
pre_ai,Higher education of social science,1,0.00021920210434020167
pre_ai,History Reviews of New Books,1,0.00021920210434020167
pre_ai,Home Cultures,1,0.00021920210434020167
pre_ai,Housing Care and Support,1,0.00021920210434020167
pre_ai,Housing Policy Debate,1,0.00021920210434020167
pre_ai,Human Behavior and Emerging Technologies,1,0.00021920210434020167
pre_ai,Human Communication Research,1,0.00021920210434020167
pre_ai,Human Development,1,0.00021920210434020167
pre_ai,Human Performance,1,0.00021920210434020167
pre_ai,Human Resource Management Journal,1,0.00021920210434020167
pre_ai,Human Resources for Health,1,0.00021920210434020167
pre_ai,Human Rights Documents online,1,0.00021920210434020167
pre_ai,Human Rights Quarterly,1,0.00021920210434020167
pre_ai,Human cognitive processing,1,0.00021920210434020167
pre_ai,Humanities,1,0.00021920210434020167
pre_ai,Humanities Commons CORE (Modern Language Association / Columbia University),1,0.00021920210434020167
pre_ai,Hungarian Studies Review,1,0.00021920210434020167
pre_ai,I.B.Tauris eBooks,1,0.00021920210434020167
pre_ai,IDS Bulletin,1,0.00021920210434020167
pre_ai,IEEE Engineering Management Review,1,0.00021920210434020167
pre_ai,IEEE Intelligent Systems,1,0.00021920210434020167
pre_ai,IEEE Transactions on Evolutionary Computation,1,0.00021920210434020167
pre_ai,IEEE Transactions on Intelligent Transportation Systems,1,0.00021920210434020167
pre_ai,IEEE Transactions on Neural Networks and Learning Systems,1,0.00021920210434020167
pre_ai,IEEE Transactions on Software Engineering,1,0.00021920210434020167
pre_ai,IFLA Journal,1,0.00021920210434020167
pre_ai,IGI Global eBooks,1,0.00021920210434020167
pre_ai,IIMB Management Review,1,0.00021920210434020167
pre_ai,IJISH (International Journal of Islamic Studies and Humanities),1,0.00021920210434020167
pre_ai,IKAT The Indonesian Journal of Southeast Asian Studies,1,0.00021920210434020167
pre_ai,IMF Working Paper,1,0.00021920210434020167
pre_ai,INQUIRY The Journal of Health Care Organization Provision and Financing,1,0.00021920210434020167
pre_ai,IOP Conference Series Materials Science and Engineering,1,0.00021920210434020167
pre_ai,IRIS Research product catalog (Sapienza University of Rome),1,0.00021920210434020167
pre_ai,ISIJ International,1,0.00021920210434020167
pre_ai,ISTA,1,0.00021920210434020167
pre_ai,IUScholarWorks (Indiana University),1,0.00021920210434020167
pre_ai,IZA World of Labor,1,0.00021920210434020167
pre_ai,InTech eBooks,1,0.00021920210434020167
pre_ai,Index of Texas Archaeology Open Access Grey Literature from the Lone Star State,1,0.00021920210434020167
pre_ai,Indian Journal Of Applied Research,1,0.00021920210434020167
pre_ai,Indian Journal of Psychiatry,1,0.00021920210434020167
pre_ai,Indiana Journal of Global Legal Studies,1,0.00021920210434020167
pre_ai,Industrial Psychiatry Journal,1,0.00021920210434020167
pre_ai,Industrial Relations A Journal of Economy and Society,1,0.00021920210434020167
pre_ai,Industrial and Corporate Change,1,0.00021920210434020167
pre_ai,Industry and Higher Education,1,0.00021920210434020167
pre_ai,Informatics in Education,1,0.00021920210434020167
pre_ai,Informatics in Medicine Unlocked,1,0.00021920210434020167
pre_ai,Informing Science and IT Education Conference,1,0.00021920210434020167
pre_ai,Innovate,1,0.00021920210434020167
pre_ai,Innovation in Aging,1,0.00021920210434020167
pre_ai,Insight on Africa,1,0.00021920210434020167
pre_ai,Institutional Research Information System University of Turin (University of Turin),1,0.00021920210434020167
pre_ai,Interdisciplinary Information Sciences,1,0.00021920210434020167
pre_ai,Intereconomics,1,0.00021920210434020167
pre_ai,International Business & Economics Research Journal (IBER),1,0.00021920210434020167
pre_ai,International Business Management,1,0.00021920210434020167
pre_ai,International Business Review,1,0.00021920210434020167
pre_ai,International Conference on Software Engineering,1,0.00021920210434020167
pre_ai,International Development Planning Review,1,0.00021920210434020167
pre_ai,International Journal  of Curriculum and Instruction,1,0.00021920210434020167
pre_ai,International Journal Middle East Studies,1,0.00021920210434020167
pre_ai,International Journal for Students as Partners,1,0.00021920210434020167
pre_ai,International Journal of Advanced Education and Research,1,0.00021920210434020167
pre_ai,International Journal of Advances in Scientific Research and Engineering,1,0.00021920210434020167
pre_ai,International Journal of Artificial Intelligence Research,1,0.00021920210434020167
pre_ai,International Journal of Auditing,1,0.00021920210434020167
pre_ai,International Journal of Behavioral Development,1,0.00021920210434020167
pre_ai,International Journal of Bilingual Education and Bilingualism,1,0.00021920210434020167
pre_ai,International Journal of Biological Sciences,1,0.00021920210434020167
pre_ai,International Journal of Built Environment and Sustainability,1,0.00021920210434020167
pre_ai,International Journal of Business Communication,1,0.00021920210434020167
pre_ai,International Journal of Business and Globalisation,1,0.00021920210434020167
pre_ai,International Journal of Business and Management,1,0.00021920210434020167
pre_ai,International Journal of Business and Social Science,1,0.00021920210434020167
pre_ai,International Journal of Cancer,1,0.00021920210434020167
pre_ai,International Journal of Care and Caring,1,0.00021920210434020167
pre_ai,International Journal of Clinical Pharmacy,1,0.00021920210434020167
pre_ai,International Journal of Comparative Literature and Translation Studies,1,0.00021920210434020167
pre_ai,International Journal of Comparative Sociology,1,0.00021920210434020167
pre_ai,International Journal of Computer Applications,1,0.00021920210434020167
pre_ai,International Journal of Computer Science and Information Technology,1,0.00021920210434020167
pre_ai,International Journal of Control,1,0.00021920210434020167
pre_ai,International Journal of Data and Network Science,1,0.00021920210434020167
pre_ai,International Journal of Development Education and Global Learning,1,0.00021920210434020167
pre_ai,International Journal of Distance Education Technologies,1,0.00021920210434020167
pre_ai,International Journal of Education Technology and Scientific Researches,1,0.00021920210434020167
pre_ai,International Journal of Electrical Engineering Education,1,0.00021920210434020167
pre_ai,International Journal of Electronic Commerce,1,0.00021920210434020167
pre_ai,International Journal of Engineering Science and Information Technology,1,0.00021920210434020167
pre_ai,International Journal of Environmental Science and Development,1,0.00021920210434020167
pre_ai,International Journal of Epidemiology,1,0.00021920210434020167
pre_ai,International Journal of Evolutionary Biology,1,0.00021920210434020167
pre_ai,International Journal of Happiness and Development,1,0.00021920210434020167
pre_ai,International Journal of Humanities Social Sciences and Education,1,0.00021920210434020167
pre_ai,International Journal of Indian Psychology,1,0.00021920210434020167
pre_ai,International Journal of Infectious Diseases,1,0.00021920210434020167
pre_ai,International Journal of Information and Communication Technology Education,1,0.00021920210434020167
pre_ai,International Journal of Instruction,1,0.00021920210434020167
pre_ai,International Journal of Intelligent Information Technologies,1,0.00021920210434020167
pre_ai,International Journal of Interactive Mobile Technologies (iJIM),1,0.00021920210434020167
pre_ai,International Journal of Leadership in Education,1,0.00021920210434020167
pre_ai,International Journal of Lifelong Education,1,0.00021920210434020167
pre_ai,International Journal of Logistics Research and Applications,1,0.00021920210434020167
pre_ai,International Journal of Management Reviews,1,0.00021920210434020167
pre_ai,International Journal of Mathematical Education in Science and Technology,1,0.00021920210434020167
pre_ai,International Journal of Media and Cultural Politics,1,0.00021920210434020167
pre_ai,International Journal of Medical Education,1,0.00021920210434020167
pre_ai,International Journal of New Economics and Social Sciences,1,0.00021920210434020167
pre_ai,International Journal of Physical Distribution & Logistics Management,1,0.00021920210434020167
pre_ai,International Journal of Population Geography,1,0.00021920210434020167
pre_ai,International Journal of Practical Theology,1,0.00021920210434020167
pre_ai,International Journal of Psychology,1,0.00021920210434020167
pre_ai,International Journal of Research in Business and Social Science (2147-4478),1,0.00021920210434020167
pre_ai,International Journal of Retail & Distribution Management,1,0.00021920210434020167
pre_ai,International Journal of Rural Law and Policy,1,0.00021920210434020167
pre_ai,International Journal of STEM Education,1,0.00021920210434020167
pre_ai,International Journal of Scientific Research in Computer Science Engineering and Information Technology,1,0.00021920210434020167
pre_ai,International Journal of Sports Science & Coaching,1,0.00021920210434020167
pre_ai,International Journal of Sustainability in Higher Education,1,0.00021920210434020167
pre_ai,International Journal of Sustainable Transportation,1,0.00021920210434020167
pre_ai,International Journal of Tourism Cities,1,0.00021920210434020167
pre_ai,International Journal of Trend in Scientific Research and Development,1,0.00021920210434020167
pre_ai,International Labour Review,1,0.00021920210434020167
pre_ai,International Monetary Fund eBooks,1,0.00021920210434020167
pre_ai,International Political Science Review,1,0.00021920210434020167
pre_ai,International Regional Science Review,1,0.00021920210434020167
pre_ai,International Review for the Sociology of Sport,1,0.00021920210434020167
pre_ai,International Review of Administrative Sciences,1,0.00021920210434020167
pre_ai,International Review of Economics,1,0.00021920210434020167
pre_ai,International Review of Education,1,0.00021920210434020167
pre_ai,International Review of Sport and Exercise Psychology,1,0.00021920210434020167
pre_ai,International Review of the Red Cross,1,0.00021920210434020167
pre_ai,International Social Security Review,1,0.00021920210434020167
pre_ai,International Studies Quarterly,1,0.00021920210434020167
pre_ai,International Studies Review,1,0.00021920210434020167
pre_ai,International Studies in Sociology of Education,1,0.00021920210434020167
pre_ai,International Transactions in Operational Research,1,0.00021920210434020167
pre_ai,International and Comparative Law Quarterly,1,0.00021920210434020167
pre_ai,International journal of psychological research,1,0.00021920210434020167
pre_ai,Islam Universalia International Journal of Islamic Studies and Social Sciences,1,0.00021920210434020167
pre_ai,Islam and Christian–Muslim Relations,1,0.00021920210434020167
pre_ai,Israel Affairs,1,0.00021920210434020167
pre_ai,J-MPI (Jurnal Manajemen Pendidikan Islam),1,0.00021920210434020167
pre_ai,JAMA Internal Medicine,1,0.00021920210434020167
pre_ai,JAMA Neurology,1,0.00021920210434020167
pre_ai,JAMA Pediatrics,1,0.00021920210434020167
pre_ai,JAS (Journal of ASEAN Studies),1,0.00021920210434020167
pre_ai,JEBI (Jurnal Ekonomi dan Bisnis Islam),1,0.00021920210434020167
pre_ai,JURNAL EDUKASI Jurnal Bimbingan Konseling,1,0.00021920210434020167
pre_ai,Japanese Journal of Human Geography,1,0.00021920210434020167
pre_ai,Jiangsu Xingzheng Xueyuan xuebao,1,0.00021920210434020167
pre_ai,John Benjamins Publishing Company eBooks,1,0.00021920210434020167
pre_ai,Journal Of Big Data,1,0.00021920210434020167
pre_ai,Journal of Abnormal Psychology,1,0.00021920210434020167
pre_ai,Journal of Accounting and Investment,1,0.00021920210434020167
pre_ai,Journal of Adolescence,1,0.00021920210434020167
pre_ai,Journal of Adolescent & Adult Literacy,1,0.00021920210434020167
pre_ai,Journal of Adventure Education & Outdoor Learning,1,0.00021920210434020167
pre_ai,Journal of Advertising Research,1,0.00021920210434020167
pre_ai,Journal of Aggression Maltreatment & Trauma,1,0.00021920210434020167
pre_ai,Journal of Applied Research on Children Informing Policy for Children at Risk,1,0.00021920210434020167
pre_ai,Journal of Applied School Psychology,1,0.00021920210434020167
pre_ai,Journal of Behavioral Public Administration,1,0.00021920210434020167
pre_ai,Journal of Bisexuality,1,0.00021920210434020167
pre_ai,Journal of Borderlands Studies,1,0.00021920210434020167
pre_ai,Journal of Business,1,0.00021920210434020167
pre_ai,Journal of Business Communication,1,0.00021920210434020167
pre_ai,Journal of Business Economics and Management,1,0.00021920210434020167
pre_ai,Journal of Business Research,1,0.00021920210434020167
pre_ai,Journal of Business and Economic Statistics,1,0.00021920210434020167
pre_ai,Journal of Business and Psychology,1,0.00021920210434020167
pre_ai,Journal of Business and Technical Communication,1,0.00021920210434020167
pre_ai,Journal of Capital Institute of Physical Education,1,0.00021920210434020167
pre_ai,Journal of Child Language,1,0.00021920210434020167
pre_ai,Journal of Children and Media,1,0.00021920210434020167
pre_ai,Journal of Children and Poverty,1,0.00021920210434020167
pre_ai,Journal of Civil Society,1,0.00021920210434020167
pre_ai,Journal of Cleaner Production,1,0.00021920210434020167
pre_ai,Journal of Clinical Child Psychology,1,0.00021920210434020167
pre_ai,Journal of Clinical Nursing,1,0.00021920210434020167
pre_ai,Journal of Clinical Psychology,1,0.00021920210434020167
pre_ai,Journal of Clinical Psychology in Medical Settings,1,0.00021920210434020167
pre_ai,Journal of College Student Retention Research Theory & Practice,1,0.00021920210434020167
pre_ai,Journal of Communication Inquiry,1,0.00021920210434020167
pre_ai,Journal of Community Psychology,1,0.00021920210434020167
pre_ai,Journal of Comparative Policy Analysis Research and Practice,1,0.00021920210434020167
pre_ai,Journal of Consumer Behaviour,1,0.00021920210434020167
pre_ai,Journal of Consumer Culture,1,0.00021920210434020167
pre_ai,Journal of Consumer Marketing,1,0.00021920210434020167
pre_ai,Journal of Contemporary Asia,1,0.00021920210434020167
pre_ai,Journal of Contemporary Educational Research,1,0.00021920210434020167
pre_ai,Journal of Contingencies and Crisis Management,1,0.00021920210434020167
pre_ai,Journal of Crime and Justice,1,0.00021920210434020167
pre_ai,Journal of Culinary Science & Technology,1,0.00021920210434020167
pre_ai,Journal of Cultural Heritage Management and Sustainable Development,1,0.00021920210434020167
pre_ai,Journal of Current Issues & Research in Advertising,1,0.00021920210434020167
pre_ai,Journal of Current Southeast Asian Affairs,1,0.00021920210434020167
pre_ai,Journal of Deliberative Democracy,1,0.00021920210434020167
pre_ai,Journal of Dental Education,1,0.00021920210434020167
pre_ai,Journal of Developmental Entrepreneurship,1,0.00021920210434020167
pre_ai,Journal of Digital Learning in Teacher Education,1,0.00021920210434020167
pre_ai,Journal of Distribution Science,1,0.00021920210434020167
pre_ai,Journal of Documentation,1,0.00021920210434020167
pre_ai,Journal of Early Childhood Teacher Education,1,0.00021920210434020167
pre_ai,Journal of East Asia and International Law,1,0.00021920210434020167
pre_ai,Journal of Economic Issues,1,0.00021920210434020167
pre_ai,Journal of Economic Literature,1,0.00021920210434020167
pre_ai,Journal of Economic Sociology,1,0.00021920210434020167
pre_ai,Journal of Economic Studies,1,0.00021920210434020167
pre_ai,Journal of Education and Training Studies,1,0.00021920210434020167
pre_ai,Journal of Education and Work,1,0.00021920210434020167
pre_ai,Journal of Education for Teaching International Research and Pedagogy,1,0.00021920210434020167
pre_ai,Journal of Educational Administration & History,1,0.00021920210434020167
pre_ai,Journal of Educational Computing Research,1,0.00021920210434020167
pre_ai,Journal of Educational Measurement,1,0.00021920210434020167
pre_ai,Journal of Educational and Social Research,1,0.00021920210434020167
pre_ai,Journal of Effective Teaching in Higher Education,1,0.00021920210434020167
pre_ai,Journal of Emerging Trends in Economics and Management Science,1,0.00021920210434020167
pre_ai,Journal of Environmental Sustainability,1,0.00021920210434020167
pre_ai,Journal of Ethnicity in Criminal Justice,1,0.00021920210434020167
pre_ai,Journal of European Social Policy,1,0.00021920210434020167
pre_ai,Journal of Evaluation in Clinical Practice,1,0.00021920210434020167
pre_ai,Journal of Experimental Psychology General,1,0.00021920210434020167
pre_ai,Journal of Experimental Psychology Learning Memory and Cognition,1,0.00021920210434020167
pre_ai,Journal of Extension,1,0.00021920210434020167
pre_ai,Journal of Family Nursing,1,0.00021920210434020167
pre_ai,Journal of Family Theory & Review,1,0.00021920210434020167
pre_ai,Journal of Field Archaeology,1,0.00021920210434020167
pre_ai,Journal of Forensic Nursing,1,0.00021920210434020167
pre_ai,Journal of Forensic Sciences,1,0.00021920210434020167
pre_ai,Journal of Genocide Research,1,0.00021920210434020167
pre_ai,Journal of Germanic Linguistics,1,0.00021920210434020167
pre_ai,Journal of Global Security Studies,1,0.00021920210434020167
pre_ai,Journal of Graduate Medical Education,1,0.00021920210434020167
pre_ai,Journal of Health Communication,1,0.00021920210434020167
pre_ai,Journal of Heritage Tourism,1,0.00021920210434020167
pre_ai,Journal of Historical Linguistics,1,0.00021920210434020167
pre_ai,Journal of Hospital Medicine,1,0.00021920210434020167
pre_ai,Journal of Hospitality & Tourism Education,1,0.00021920210434020167
pre_ai,Journal of Hospitality & Tourism Research,1,0.00021920210434020167
pre_ai,Journal of Housing for the Elderly,1,0.00021920210434020167
pre_ai,Journal of Human Values,1,0.00021920210434020167
pre_ai,Journal of Industrial Engineering and Management,1,0.00021920210434020167
pre_ai,Journal of Industrial Relations,1,0.00021920210434020167
pre_ai,Journal of Infection and Public Health,1,0.00021920210434020167
pre_ai,Journal of Information Communication and Ethics in Society,1,0.00021920210434020167
pre_ai,Journal of Information Systems and Technology Management,1,0.00021920210434020167
pre_ai,Journal of Information Technology Education Research,1,0.00021920210434020167
pre_ai,Journal of Innovation & Knowledge,1,0.00021920210434020167
pre_ai,Journal of Innovation Management,1,0.00021920210434020167
pre_ai,Journal of Interactive Marketing,1,0.00021920210434020167
pre_ai,Journal of Intercollegiate Sport,1,0.00021920210434020167
pre_ai,Journal of Intercultural Communication Research,1,0.00021920210434020167
pre_ai,Journal of Intercultural Studies,1,0.00021920210434020167
pre_ai,Journal of International Development,1,0.00021920210434020167
pre_ai,Journal of International Marketing,1,0.00021920210434020167
pre_ai,Journal of International Social Research,1,0.00021920210434020167
pre_ai,Journal of Internet Commerce,1,0.00021920210434020167
pre_ai,Journal of Interpersonal Violence,1,0.00021920210434020167
pre_ai,Journal of Interprofessional Care,1,0.00021920210434020167
pre_ai,Journal of King Saud University - Computer and Information Sciences,1,0.00021920210434020167
pre_ai,Journal of LGBT Youth,1,0.00021920210434020167
pre_ai,Journal of Law and Courts,1,0.00021920210434020167
pre_ai,Journal of Learning Design,1,0.00021920210434020167
pre_ai,Journal of Leukocyte Biology,1,0.00021920210434020167
pre_ai,Journal of Linguistics,1,0.00021920210434020167
pre_ai,Journal of Literacy Research,1,0.00021920210434020167
pre_ai,Journal of Management Research,1,0.00021920210434020167
pre_ai,Journal of Marketing Communications,1,0.00021920210434020167
pre_ai,Journal of Marketing Education,1,0.00021920210434020167
pre_ai,Journal of Media Literacy Education,1,0.00021920210434020167
pre_ai,Journal of Medical Ethics,1,0.00021920210434020167
pre_ai,Journal of Modern Jewish Studies,1,0.00021920210434020167
pre_ai,Journal of Monolingual and Bilingual Speech,1,0.00021920210434020167
pre_ai,Journal of Muslim Minority Affairs,1,0.00021920210434020167
pre_ai,Journal of Nursing Education,1,0.00021920210434020167
pre_ai,Journal of Nursing Research,1,0.00021920210434020167
pre_ai,Journal of Nursing Scholarship,1,0.00021920210434020167
pre_ai,Journal of Occupational Health Psychology,1,0.00021920210434020167
pre_ai,Journal of Occupational and Organizational Psychology,1,0.00021920210434020167
pre_ai,Journal of Outdoor and Environmental Education,1,0.00021920210434020167
pre_ai,Journal of Peace Research,1,0.00021920210434020167
pre_ai,Journal of Peking University,1,0.00021920210434020167
pre_ai,Journal of Personality,1,0.00021920210434020167
pre_ai,Journal of Pharmaceutical Care & Health Systems,1,0.00021920210434020167
pre_ai,Journal of Poetry Therapy,1,0.00021920210434020167
pre_ai,Journal of Policy History,1,0.00021920210434020167
pre_ai,Journal of Political Economy,1,0.00021920210434020167
pre_ai,Journal of Political Philosophy,1,0.00021920210434020167
pre_ai,Journal of Product & Brand Management,1,0.00021920210434020167
pre_ai,Journal of Psychiatry and Neuroscience,1,0.00021920210434020167
pre_ai,Journal of Psychoeducational Assessment,1,0.00021920210434020167
pre_ai,Journal of Public Affairs,1,0.00021920210434020167
pre_ai,Journal of Public Health,1,0.00021920210434020167
pre_ai,Journal of Public Transportation,1,0.00021920210434020167
pre_ai,Journal of Regional Science,1,0.00021920210434020167
pre_ai,Journal of Research in Crime and Delinquency,1,0.00021920210434020167
pre_ai,Journal of Retailing and Consumer Services,1,0.00021920210434020167
pre_ai,Journal of Rural Studies,1,0.00021920210434020167
pre_ai,Journal of School Health,1,0.00021920210434020167
pre_ai,Journal of School Violence,1,0.00021920210434020167
pre_ai,Journal of Secondary Gifted Education,1,0.00021920210434020167
pre_ai,Journal of Service Research,1,0.00021920210434020167
pre_ai,Journal of Service Theory and Practice,1,0.00021920210434020167
pre_ai,Journal of Sexual Aggression,1,0.00021920210434020167
pre_ai,Journal of Small Business and Enterprise Development,1,0.00021920210434020167
pre_ai,Journal of Social Service Research,1,0.00021920210434020167
pre_ai,Journal of Social and Economic Development,1,0.00021920210434020167
pre_ai,Journal of Social and Personal Relationships,1,0.00021920210434020167
pre_ai,Journal of Sociolinguistics,1,0.00021920210434020167
pre_ai,Journal of Sociology,1,0.00021920210434020167
pre_ai,Journal of Speech Language and Hearing Research,1,0.00021920210434020167
pre_ai,Journal of Sport and Social Issues,1,0.00021920210434020167
pre_ai,Journal of Sports Economics,1,0.00021920210434020167
pre_ai,Journal of Strategic Security,1,0.00021920210434020167
pre_ai,Journal of Studies on Alcohol Supplement,1,0.00021920210434020167
pre_ai,Journal of Substance Use,1,0.00021920210434020167
pre_ai,Journal of Sustainable Development,1,0.00021920210434020167
pre_ai,Journal of Teacher Education,1,0.00021920210434020167
pre_ai,Journal of Teaching in Social Work,1,0.00021920210434020167
pre_ai,Journal of Teaching in Travel & Tourism,1,0.00021920210434020167
pre_ai,Journal of Technical Writing and Communication,1,0.00021920210434020167
pre_ai,Journal of The Royal Society Interface,1,0.00021920210434020167
pre_ai,Journal of Tourism Futures,1,0.00021920210434020167
pre_ai,Journal of Voluntary Action Research,1,0.00021920210434020167
pre_ai,Journal of Women Politics & Policy,1,0.00021920210434020167
pre_ai,Journal of Youth and Adolescence,1,0.00021920210434020167
pre_ai,Journal of Zhang Zhou Teachers College and Social Philosophy,1,0.00021920210434020167
pre_ai,Journal of applied sport management,1,0.00021920210434020167
pre_ai,Journal of information and communication convergence engineering,1,0.00021920210434020167
pre_ai,Journal of managerial issues,1,0.00021920210434020167
pre_ai,"Journal of organizational culture, communication and conflict",1,0.00021920210434020167
pre_ai,Journal of science and medicine in sport,1,0.00021920210434020167
pre_ai,Journal of service management,1,0.00021920210434020167
pre_ai,Journal of technology management & innovation,1,0.00021920210434020167
pre_ai,Journal of the American Society for Information Science and Technology,1,0.00021920210434020167
pre_ai,Journal of the Association for Information Science and Technology,1,0.00021920210434020167
pre_ai,Journal of the History of Ideas,1,0.00021920210434020167
pre_ai,Journal of the History of International Law / Revue d’histoire du droit international,1,0.00021920210434020167
pre_ai,Journal of the International Society of Sports Nutrition,1,0.00021920210434020167
pre_ai,Journal of the New Economic Association,1,0.00021920210434020167
pre_ai,Journal of the Operational Research Society,1,0.00021920210434020167
pre_ai,Journals & Books Hosting (International Knowledge Sharing Platform),1,0.00021920210434020167
pre_ai,Jurnal ASPIKOM,1,0.00021920210434020167
pre_ai,Jurnal Global & Strategis,1,0.00021920210434020167
pre_ai,Jurnal Ilmiah Satyagraha,1,0.00021920210434020167
pre_ai,Jurnal Maksipreneur Manajemen Koperasi dan Entrepreneurship,1,0.00021920210434020167
pre_ai,Jurnal Pendidikan Manajemen Perkantoran,1,0.00021920210434020167
pre_ai,Jurnal Penelitan Ekonomi dan Bisnis,1,0.00021920210434020167
pre_ai,Jurnal Penjaminan Mutu,1,0.00021920210434020167
pre_ai,Jurnal The Messenger,1,0.00021920210434020167
pre_ai,Jurnal VARIDIKA,1,0.00021920210434020167
pre_ai,KTH Publication Database DiVA (KTH Royal Institute of Technology),1,0.00021920210434020167
pre_ai,Kalbotyra,1,0.00021920210434020167
pre_ai,Kastamonu Eğitim Dergisi,1,0.00021920210434020167
pre_ai,Kenyatta University Institutional Repository (Kenyatta University),1,0.00021920210434020167
pre_ai,Khalifa Journal of Islamic Education,1,0.00021920210434020167
pre_ai,Kybernetes,1,0.00021920210434020167
pre_ai,LANGUAGE LITERACY Journal of Linguistics Literature and Language Teaching,1,0.00021920210434020167
pre_ai,LSP International Journal,1,0.00021920210434020167
pre_ai,Land,1,0.00021920210434020167
pre_ai,Land Use Policy,1,0.00021920210434020167
pre_ai,Language Culture and Curriculum,1,0.00021920210434020167
pre_ai,Language Dynamics and Change,1,0.00021920210434020167
pre_ai,Language Learning and Development,1,0.00021920210434020167
pre_ai,Language Science Press eBooks,1,0.00021920210434020167
pre_ai,Language Variation and Change,1,0.00021920210434020167
pre_ai,Language and Linguistics Compass,1,0.00021920210434020167
pre_ai,Latin American Politics and Society,1,0.00021920210434020167
pre_ai,Latin American Research Review,1,0.00021920210434020167
pre_ai,Latin American and Caribbean Ethnic Studies,1,0.00021920210434020167
pre_ai,Law & Policy,1,0.00021920210434020167
pre_ai,Laws,1,0.00021920210434020167
pre_ai,Leeds Beckett Repository (Leeds Beckett University),1,0.00021920210434020167
pre_ai,Lege artis Language yesterday today tomorrow,1,0.00021920210434020167
pre_ai,Leisure Studies,1,0.00021920210434020167
pre_ai,Library Hi Tech News,1,0.00021920210434020167
pre_ai,Library trends,1,0.00021920210434020167
pre_ai,Libri,1,0.00021920210434020167
pre_ai,Libyan Studies,1,0.00021920210434020167
pre_ai,Literature and Theology,1,0.00021920210434020167
pre_ai,Local Economy The Journal of the Local Economy Policy Unit,1,0.00021920210434020167
pre_ai,Local Government Studies,1,0.00021920210434020167
pre_ai,London Review of International Law,1,0.00021920210434020167
pre_ai,London School of Economics and Political Science Theses Online (London School of Economics and Political Science),1,0.00021920210434020167
pre_ai,Lwati A Journal of Contemporary Research,1,0.00021920210434020167
pre_ai,Lynne Rienner Publishers eBooks,1,0.00021920210434020167
pre_ai,MANAGERIA Jurnal Manajemen Pendidikan Islam,1,0.00021920210434020167
pre_ai,MATERIALS TRANSACTIONS,1,0.00021920210434020167
pre_ai,MELUS Multi-Ethnic Literature of the United States,1,0.00021920210434020167
pre_ai,MIT Sloan Management Review,1,0.00021920210434020167
pre_ai,MMWR Morbidity and Mortality Weekly Report,1,0.00021920210434020167
pre_ai,MPG.PuRe (Max Planck Society),1,0.00021920210434020167
pre_ai,MacSphere (McMaster University),1,0.00021920210434020167
pre_ai,Malaysian Online Journal of Educational Technology,1,0.00021920210434020167
pre_ai,Malaysian online journal of educational sciences,1,0.00021920210434020167
pre_ai,Malmö University Publications (Malmö University),1,0.00021920210434020167
pre_ai,Management International Review,1,0.00021920210434020167
pre_ai,Management Science Letters,1,0.00021920210434020167
pre_ai,Management international,1,0.00021920210434020167
pre_ai,Managerial and Decision Economics,1,0.00021920210434020167
pre_ai,Managing Leisure,1,0.00021920210434020167
pre_ai,Marketing Theory,1,0.00021920210434020167
pre_ai,Masculinities & Social Change,1,0.00021920210434020167
pre_ai,Mass Communication & Society,1,0.00021920210434020167
pre_ai,Massey Research Online (Massey University),1,0.00021920210434020167
pre_ai,Matter,1,0.00021920210434020167
pre_ai,Max Planck Digital Library,1,0.00021920210434020167
pre_ai,Max Planck Institute for Plasma Physics,1,0.00021920210434020167
pre_ai,Measurement and Evaluation in Counseling and Development,1,0.00021920210434020167
pre_ai,Media Psychology,1,0.00021920210434020167
pre_ai,Medical Care,1,0.00021920210434020167
pre_ai,Medical History Journal,1,0.00021920210434020167
pre_ai,Mens & Maatschappij,1,0.00021920210434020167
pre_ai,Methodological Innovations,1,0.00021920210434020167
pre_ai,Methodological Innovations Online,1,0.00021920210434020167
pre_ai,Middle East Critique,1,0.00021920210434020167
pre_ai,Middle East Studies Association Bulletin,1,0.00021920210434020167
pre_ai,Migration Studies,1,0.00021920210434020167
pre_ai,Milbank Quarterly,1,0.00021920210434020167
pre_ai,Millennium Journal of International Studies,1,0.00021920210434020167
pre_ai,Mimbar Sekolah Dasar,1,0.00021920210434020167
pre_ai,Mission Studies,1,0.00021920210434020167
pre_ai,Modernism/modernity,1,0.00021920210434020167
pre_ai,Monthly Review,1,0.00021920210434020167
pre_ai,Monthly labor review,1,0.00021920210434020167
pre_ai,Multicultural Perspectives,1,0.00021920210434020167
pre_ai,Multilingual Matters eBooks,1,0.00021920210434020167
pre_ai,Munich Personal RePEc Archive (Ludwig Maximilian University of Munich),1,0.00021920210434020167
pre_ai,Museums & Social Issues,1,0.00021920210434020167
pre_ai,NASPA Journal,1,0.00021920210434020167
pre_ai,NORMA,1,0.00021920210434020167
pre_ai,NSUWorks (Nova Southeastern University),1,0.00021920210434020167
pre_ai,National Identities,1,0.00021920210434020167
pre_ai,Nationalities Papers,1,0.00021920210434020167
pre_ai,Nations and Nationalism,1,0.00021920210434020167
pre_ai,Natural Resources Forum,1,0.00021920210434020167
pre_ai,Natural hazards and earth system sciences,1,0.00021920210434020167
pre_ai,Nature Communications,1,0.00021920210434020167
pre_ai,Nazhruna Jurnal Pendidikan Islam,1,0.00021920210434020167
pre_ai,Neuropsychiatric Disease and Treatment,1,0.00021920210434020167
pre_ai,New Formations,1,0.00021920210434020167
pre_ai,New German Critique,1,0.00021920210434020167
pre_ai,New Jersey Journal of Communication,1,0.00021920210434020167
pre_ai,New Labor Forum,1,0.00021920210434020167
pre_ai,New Review of Hypermedia and Multimedia,1,0.00021920210434020167
pre_ai,New Testament Studies,1,0.00021920210434020167
pre_ai,Newspaper Research Journal,1,0.00021920210434020167
pre_ai,Nidhomul Haq Jurnal Manajemen Pendidikan Islam,1,0.00021920210434020167
pre_ai,Nomos Verlagsgesellschaft mbH & Co. KG eBooks,1,0.00021920210434020167
pre_ai,Nonprofit Management and Leadership,1,0.00021920210434020167
pre_ai,Northeast African Studies,1,0.00021920210434020167
pre_ai,Northumbria Research Link (Northumbria University),1,0.00021920210434020167
pre_ai,Notices of the American Mathematical Society,1,0.00021920210434020167
pre_ai,Nottingham ePrints (University of Nottingham),1,0.00021920210434020167
pre_ai,Nova Publishing eBooks,1,0.00021920210434020167
pre_ai,Nursing Ethics,1,0.00021920210434020167
pre_ai,OALib,1,0.00021920210434020167
pre_ai,OAR@UM (University of Malta),1,0.00021920210434020167
pre_ai,OECD digital economy papers,1,0.00021920210434020167
pre_ai,OECD eBooks,1,0.00021920210434020167
pre_ai,OECD employment outlook,1,0.00021920210434020167
pre_ai,"OECD science, technology and industry working papers",1,0.00021920210434020167
pre_ai,ORBIS SCHOLAE,1,0.00021920210434020167
pre_ai,Occupational Medicine,1,0.00021920210434020167
pre_ai,Ocean Development & International Law,1,0.00021920210434020167
pre_ai,Online Learning,1,0.00021920210434020167
pre_ai,Online Readings in Psychology and Culture,1,0.00021920210434020167
pre_ai,Open Access at Essex (University of Essex),1,0.00021920210434020167
pre_ai,Open Journal of Leadership,1,0.00021920210434020167
pre_ai,Open Journal of Nursing,1,0.00021920210434020167
pre_ai,Open Journal of Social Sciences,1,0.00021920210434020167
pre_ai,Open Research Online - ORO (The Open University),1,0.00021920210434020167
pre_ai,OpenstarTs (Univeristy of Trieste https://www.units.it/),1,0.00021920210434020167
pre_ai,Operational Research Quarterly (1970-1977),1,0.00021920210434020167
pre_ai,Organizacija,1,0.00021920210434020167
pre_ai,Organization,1,0.00021920210434020167
pre_ai,Organization & Environment,1,0.00021920210434020167
pre_ai,Organizational Behavior Teaching Review,1,0.00021920210434020167
pre_ai,Organizational Psychology Review,1,0.00021920210434020167
pre_ai,Organizational Research Methods,1,0.00021920210434020167
pre_ai,Oxford Development Studies,1,0.00021920210434020167
pre_ai,Oxford Research Encyclopedia of Politics,1,0.00021920210434020167
pre_ai,Oxford Review of Education,1,0.00021920210434020167
pre_ai,Oñati Socio-legal Series,1,0.00021920210434020167
pre_ai,PDXScholar  (Portland State University),1,0.00021920210434020167
pre_ai,POLITEA,1,0.00021920210434020167
pre_ai,PROMOSI (Jurnal Pendidikan Ekonomi),1,0.00021920210434020167
pre_ai,Pacific Affairs,1,0.00021920210434020167
pre_ai,Pacific Rim law & policy journal,1,0.00021920210434020167
pre_ai,Palgrave Macmillan eBooks,1,0.00021920210434020167
pre_ai,Palliative Medicine,1,0.00021920210434020167
pre_ai,Parliamentary Affairs,1,0.00021920210434020167
pre_ai,Party Politics,1,0.00021920210434020167
pre_ai,Patient Preference and Adherence,1,0.00021920210434020167
pre_ai,Peace Review,1,0.00021920210434020167
pre_ai,Pedagogical Research,1,0.00021920210434020167
pre_ai,Pedagogies An International Journal,1,0.00021920210434020167
pre_ai,Performance + Instruction,1,0.00021920210434020167
pre_ai,Personnel Review,1,0.00021920210434020167
pre_ai,Perspectives on terrorism,1,0.00021920210434020167
pre_ai,Pertanika journal of social science & humanities,1,0.00021920210434020167
pre_ai,Phoenix,1,0.00021920210434020167
pre_ai,Phronesis,1,0.00021920210434020167
pre_ai,Physical Review Special Topics - Physics Education Research,1,0.00021920210434020167
pre_ai,Policy Futures in Education,1,0.00021920210434020167
pre_ai,Policy Studies,1,0.00021920210434020167
pre_ai,Political Analysis,1,0.00021920210434020167
pre_ai,Politics,1,0.00021920210434020167
pre_ai,Politics Philosophy & Economics,1,0.00021920210434020167
pre_ai,Politics and Governance,1,0.00021920210434020167
pre_ai,Politics and Religion,1,0.00021920210434020167
pre_ai,Politikon IAPSS Journal of Political Science,1,0.00021920210434020167
pre_ai,"Portuguese National Funding Agency for Science, Research and Technology (RCAAP Project by FCT)",1,0.00021920210434020167
pre_ai,Power and Education,1,0.00021920210434020167
pre_ai,Praeger eBooks,1,0.00021920210434020167
pre_ai,Preprints.org,1,0.00021920210434020167
pre_ai,Primary Health Care,1,0.00021920210434020167
pre_ai,Problems and Perspectives in Management,1,0.00021920210434020167
pre_ai,Problems of Psychology in the 21st Century,1,0.00021920210434020167
pre_ai,Procedia Economics and Finance,1,0.00021920210434020167
pre_ai,Procedia Environmental Sciences,1,0.00021920210434020167
pre_ai,"Proceedings of SPIE, the International Society for Optical Engineering/Proceedings of SPIE",1,0.00021920210434020167
pre_ai,Proceedings of the 2nd International Scientific and Practical Conference “Modern Management Trends and the Digital Economy: from Regional Development to Global Economic Growth” (MTDE 2020),1,0.00021920210434020167
pre_ai,Proceedings of the Aristotelian Society (Hardback),1,0.00021920210434020167
pre_ai,Proceedings of the Royal Society B Biological Sciences,1,0.00021920210434020167
pre_ai,"Proceedings of the Royal Society of London. Series B, Biological sciences",1,0.00021920210434020167
pre_ai,Professional Development in Education,1,0.00021920210434020167
pre_ai,Professional School Counseling,1,0.00021920210434020167
pre_ai,Project Management Journal,1,0.00021920210434020167
pre_ai,Project Muse (Johns Hopkins University),1,0.00021920210434020167
pre_ai,Psicothema,1,0.00021920210434020167
pre_ai,PsycEXTRA Dataset,1,0.00021920210434020167
pre_ai,Psycho-Oncology,1,0.00021920210434020167
pre_ai,Psychological Assessment,1,0.00021920210434020167
pre_ai,Psychological Reports,1,0.00021920210434020167
pre_ai,Psychological Science in the Public Interest,1,0.00021920210434020167
pre_ai,Psychological Trauma Theory Research Practice and Policy,1,0.00021920210434020167
pre_ai,Psychologist,1,0.00021920210434020167
pre_ai,Psychology Press eBooks,1,0.00021920210434020167
pre_ai,Psychology and Aging,1,0.00021920210434020167
pre_ai,Psychology and Health,1,0.00021920210434020167
pre_ai,Psychology of Women Quarterly,1,0.00021920210434020167
pre_ai,Psychology of Women and Equalities Section Review,1,0.00021920210434020167
pre_ai,Psychotherapy and Psychosomatics,1,0.00021920210434020167
pre_ai,QIJIS (Qudus International Journal of Islamic Studies),1,0.00021920210434020167
pre_ai,QMiP Bulletin,1,0.00021920210434020167
pre_ai,Qualitative Inquiry,1,0.00021920210434020167
pre_ai,Qualitative Research in Sport and Exercise,1,0.00021920210434020167
pre_ai,Quality of Life Research,1,0.00021920210434020167
pre_ai,Quaternary Science Reviews,1,0.00021920210434020167
pre_ai,Queen Mary Research Online (Queen Mary University of London),1,0.00021920210434020167
pre_ai,Queensland's institutional digital repository (The University of Queensland),1,0.00021920210434020167
pre_ai,Química Nova,1,0.00021920210434020167
pre_ai,RAND Corporation eBooks,1,0.00021920210434020167
pre_ai,REVITALISASI,1,0.00021920210434020167
pre_ai,RMIT Research Repository (RMIT University Library),1,0.00021920210434020167
pre_ai,Rationality and Society,1,0.00021920210434020167
pre_ai,RePub (Erasmus University Rotterdam),1,0.00021920210434020167
pre_ai,"RePub (Erasmus University, Rotterdam)",1,0.00021920210434020167
pre_ai,Reference Services Review,1,0.00021920210434020167
pre_ai,Reflective Practice,1,0.00021920210434020167
pre_ai,Refugee Survey Quarterly,1,0.00021920210434020167
pre_ai,Regional Statistics,1,0.00021920210434020167
pre_ai,Religion State & Society,1,0.00021920210434020167
pre_ai,Religions,1,0.00021920210434020167
pre_ai,Remedial and Special Education,1,0.00021920210434020167
pre_ai,Repositori UJI (Universitat Jaume I),1,0.00021920210434020167
pre_ai,Repository of the Academy's Library (Library of the Hungarian Academy of Sciences),1,0.00021920210434020167
pre_ai,Repository of the University of Namur,1,0.00021920210434020167
pre_ai,Research Bank (Australian Catholic University),1,0.00021920210434020167
pre_ai,Research Commons (University of Waikato),1,0.00021920210434020167
pre_ai,Research Explorer (The University of Manchester),1,0.00021920210434020167
pre_ai,Research Journal of Applied Sciences Engineering and Technology,1,0.00021920210434020167
pre_ai,Research Library Issues,1,0.00021920210434020167
pre_ai,Research Online (Goldsmiths University of London),1,0.00021920210434020167
pre_ai,Research Papers in Education,1,0.00021920210434020167
pre_ai,Research Square,1,0.00021920210434020167
pre_ai,Research in Educational Administration & Leadership,1,0.00021920210434020167
pre_ai,Research in Learning Technology,1,0.00021920210434020167
pre_ai,Research in Nursing & Health,1,0.00021920210434020167
pre_ai,Research in Pedagogy,1,0.00021920210434020167
pre_ai,Research in Science & Technological Education,1,0.00021920210434020167
pre_ai,Research in higher education journal,1,0.00021920210434020167
pre_ai,Research in the Teaching of English,1,0.00021920210434020167
pre_ai,Research on Finnish society,1,0.00021920210434020167
pre_ai,ResearchOnline@ND (The University of Notre Dame),1,0.00021920210434020167
pre_ai,ResearchWorks at the University of Washington (University of Washington),1,0.00021920210434020167
pre_ai,Review of African Political Economy,1,0.00021920210434020167
pre_ai,Review of Central and East European Law,1,0.00021920210434020167
pre_ai,Review of International Geographical Education Online,1,0.00021920210434020167
pre_ai,Revista da Escola de Enfermagem da USP,1,0.00021920210434020167
pre_ai,Roeper Review,1,0.00021920210434020167
pre_ai,Rowman & Littlefield Publishers Inc. eBooks,1,0.00021920210434020167
pre_ai,Rowman & Littlefield Publishers eBooks,1,0.00021920210434020167
pre_ai,Rupkatha Journal on Interdisciplinary Studies in Humanities,1,0.00021920210434020167
pre_ai,Rural History,1,0.00021920210434020167
pre_ai,Rural Special Education Quarterly,1,0.00021920210434020167
pre_ai,Rutgers University Press eBooks,1,0.00021920210434020167
pre_ai,SAGE Publications eBooks,1,0.00021920210434020167
pre_ai,SALAM Jurnal Sosial dan Budaya Syar i,1,0.00021920210434020167
pre_ai,SEA - Practical Application of Science,1,0.00021920210434020167
pre_ai,SGEM International Multidisciplinary Scientific Conferences on Social Sciences and Arts,1,0.00021920210434020167
pre_ai,SHURA (Sheffield Hallam University Research Archive) (Sheffield Hallam University),1,0.00021920210434020167
pre_ai,SUNY Digital Repository Support (State University of New York System),1,0.00021920210434020167
pre_ai,Sage eBooks,1,0.00021920210434020167
pre_ai,Saudi Medical Journal,1,0.00021920210434020167
pre_ai,Scandinavian Journal of Caring Sciences,1,0.00021920210434020167
pre_ai,Scandinavian Journal of Hospitality and Tourism,1,0.00021920210434020167
pre_ai,Scandinavian Journal of Psychology,1,0.00021920210434020167
pre_ai,Scandinavian Journal of Social Welfare,1,0.00021920210434020167
pre_ai,Scandinavian Political Studies,1,0.00021920210434020167
pre_ai,ScholarSpace (University of Hawaii at Manoa),1,0.00021920210434020167
pre_ai,ScholarWorks (Boise State University),1,0.00021920210434020167
pre_ai,Scholarship@Western (Western University),1,0.00021920210434020167
pre_ai,Science Communication,1,0.00021920210434020167
pre_ai,Scientometrics,1,0.00021920210434020167
pre_ai,Scottish Affairs,1,0.00021920210434020167
pre_ai,Scottish Geographical Journal,1,0.00021920210434020167
pre_ai,Screen,1,0.00021920210434020167
pre_ai,Security Dialogue,1,0.00021920210434020167
pre_ai,Semiotica,1,0.00021920210434020167
pre_ai,Service Science,1,0.00021920210434020167
pre_ai,Settler Colonial Studies,1,0.00021920210434020167
pre_ai,Sexual Abuse,1,0.00021920210434020167
pre_ai,Sheffield Hallam University,1,0.00021920210434020167
pre_ai,Shixue yuekan,1,0.00021920210434020167
pre_ai,Signs,1,0.00021920210434020167
pre_ai,Singapore Journal of Tropical Geography,1,0.00021920210434020167
pre_ai,Slavonica,1,0.00021920210434020167
pre_ai,Small Group Research,1,0.00021920210434020167
pre_ai,Smith College Studies in Social Work,1,0.00021920210434020167
pre_ai,Social Anthropology,1,0.00021920210434020167
pre_ai,Social Compass,1,0.00021920210434020167
pre_ai,Social Inclusion,1,0.00021920210434020167
pre_ai,Social Indicators Research,1,0.00021920210434020167
pre_ai,Social Science Computer Review,1,0.00021920210434020167
pre_ai,Social Work Education,1,0.00021920210434020167
pre_ai,Social research,1,0.00021920210434020167
pre_ai,Societies,1,0.00021920210434020167
pre_ai,Society and Animals,1,0.00021920210434020167
pre_ai,Sociological Forum,1,0.00021920210434020167
pre_ai,Sociological Methodology,1,0.00021920210434020167
pre_ai,Sociological Methods & Research,1,0.00021920210434020167
pre_ai,Sociological Quarterly,1,0.00021920210434020167
pre_ai,Sociological Science,1,0.00021920210434020167
pre_ai,Sociologos,1,0.00021920210434020167
pre_ai,South African Journal for Research in Sport Physical Education and Recreation,1,0.00021920210434020167
pre_ai,South African Journal of Science,1,0.00021920210434020167
pre_ai,South African Journal on Human Rights,1,0.00021920210434020167
pre_ai,South Atlantic Quarterly,1,0.00021920210434020167
pre_ai,Sport Marketing Quarterly,1,0.00021920210434020167
pre_ai,Sports Technology,1,0.00021920210434020167
pre_ai,Stanford Law Review,1,0.00021920210434020167
pre_ai,Stanford law & policy review,1,0.00021920210434020167
pre_ai,Stirling Online Research Repository (University of Stirling),1,0.00021920210434020167
pre_ai,Studia Religia Jurnal Pemikiran dan Pendidikan Islam,1,0.00021920210434020167
pre_ai,Studies in Continuing Education,1,0.00021920210434020167
pre_ai,Studies in Eastern European Cinema,1,0.00021920210434020167
pre_ai,Studies in Language,1,0.00021920210434020167
pre_ai,Studies in Science Education,1,0.00021920210434020167
pre_ai,Studies in corpus linguistics,1,0.00021920210434020167
pre_ai,Supreme Court Economic Review,1,0.00021920210434020167
pre_ai,Surveillance & Society,1,0.00021920210434020167
pre_ai,Sustainable Development,1,0.00021920210434020167
pre_ai,Swiss Medical Weekly,1,0.00021920210434020167
pre_ai,Sycamore Scholars (Indiana State University),1,0.00021920210434020167
pre_ai,Syracuse University Libraries (Syracuse University),1,0.00021920210434020167
pre_ai,Systematic Reviews in Pharmacy,1,0.00021920210434020167
pre_ai,Systems Engineering - Theory & Practice,1,0.00021920210434020167
pre_ai,TED EĞİTİM VE BİLİM,1,0.00021920210434020167
pre_ai,TELKOMNIKA (Telecommunication Computing Electronics and Control),1,0.00021920210434020167
pre_ai,TR news,1,0.00021920210434020167
pre_ai,TSpace (University of Toronto),1,0.00021920210434020167
pre_ai,TU/e Research Portal,1,0.00021920210434020167
pre_ai,Teaching & Learning Inquiry The ISSOTL Journal,1,0.00021920210434020167
pre_ai,Technometrics,1,0.00021920210434020167
pre_ai,Telos,1,0.00021920210434020167
pre_ai,Terrorism and Counter-Terrorism Studies,1,0.00021920210434020167
pre_ai,Terrorism and Political Violence,1,0.00021920210434020167
pre_ai,Texas ScholarWorks (Texas Digital Library),1,0.00021920210434020167
pre_ai,The American Catholic Sociological Review,1,0.00021920210434020167
pre_ai,The American Journal of Sports Medicine,1,0.00021920210434020167
pre_ai,The Art Bulletin,1,0.00021920210434020167
pre_ai,The Australian Library Journal,1,0.00021920210434020167
pre_ai,The Business History Review,1,0.00021920210434020167
pre_ai,The COCOON platform (University of Paris),1,0.00021920210434020167
pre_ai,The Canadian Journal of Psychiatry,1,0.00021920210434020167
pre_ai,The Classical World,1,0.00021920210434020167
pre_ai,The Clearing House A Journal of Educational Strategies Issues and Ideas,1,0.00021920210434020167
pre_ai,The Curriculum Journal,1,0.00021920210434020167
pre_ai,The Electronic Library,1,0.00021920210434020167
pre_ai,The Elementary School Journal,1,0.00021920210434020167
pre_ai,The Encyclopedia of Clinical Psychology,1,0.00021920210434020167
pre_ai,The FASEB Journal,1,0.00021920210434020167
pre_ai,The Future of Children,1,0.00021920210434020167
pre_ai,The German Quarterly,1,0.00021920210434020167
pre_ai,The Hague Journal of Diplomacy,1,0.00021920210434020167
pre_ai,The Holocene,1,0.00021920210434020167
pre_ai,The Humanistic Psychologist,1,0.00021920210434020167
pre_ai,The International Journal for Academic Development,1,0.00021920210434020167
pre_ai,The International Journal of African Historical Studies,1,0.00021920210434020167
pre_ai,The International Journal of Education and Development using Information and Communication Technology (The University of the West Indies),1,0.00021920210434020167
pre_ai,The International Journal of Human Rights,1,0.00021920210434020167
pre_ai,The International Journal of Interdisciplinary Social and Community Studies,1,0.00021920210434020167
pre_ai,The International Journal of Leadership in Public Services,1,0.00021920210434020167
pre_ai,The International Journal of the History of Sport,1,0.00021920210434020167
pre_ai,The Journal of Development Studies,1,0.00021920210434020167
pre_ai,The Journal of Early Adolescence,1,0.00021920210434020167
pre_ai,The Journal of Economic History,1,0.00021920210434020167
pre_ai,The Journal of Hospitality Financial Management,1,0.00021920210434020167
pre_ai,The Journal of Island and Coastal Archaeology,1,0.00021920210434020167
pre_ai,The Journal of Legal Pluralism and Unofficial Law,1,0.00021920210434020167
pre_ai,The Journal of Modern History,1,0.00021920210434020167
pre_ai,The Journal of Nervous and Mental Disease,1,0.00021920210434020167
pre_ai,The Journal of Pan-African Studies,1,0.00021920210434020167
pre_ai,The Journal of Peasant Studies,1,0.00021920210434020167
pre_ai,The Journal of Psychology,1,0.00021920210434020167
pre_ai,The Journal of Social Studies Research,1,0.00021920210434020167
pre_ai,The Journal of Special Education,1,0.00021920210434020167
pre_ai,The Journal of Speculative Philosophy,1,0.00021920210434020167
pre_ai,The Journal of Technology and Teacher Education,1,0.00021920210434020167
pre_ai,"The Journal of Trauma: Injury, Infection, and Critical Care",1,0.00021920210434020167
pre_ai,The Journal of Urology,1,0.00021920210434020167
pre_ai,The Journal of the Middle East and Africa,1,0.00021920210434020167
pre_ai,The Lancet,1,0.00021920210434020167
pre_ai,The Lancet Digital Health,1,0.00021920210434020167
pre_ai,The Lancet Global Health,1,0.00021920210434020167
pre_ai,The Lancet Microbe,1,0.00021920210434020167
pre_ai,The Mental Lexicon,1,0.00021920210434020167
pre_ai,The Mississippi Valley Historical Review,1,0.00021920210434020167
pre_ai,The Open Geography Journal,1,0.00021920210434020167
pre_ai,The Open Repository - Binghamton (Binghamton University),1,0.00021920210434020167
pre_ai,The Philosophical Review,1,0.00021920210434020167
pre_ai,The Physics Teacher,1,0.00021920210434020167
pre_ai,The Political Economy of Communication,1,0.00021920210434020167
pre_ai,The Qualitative Report,1,0.00021920210434020167
pre_ai,The Review of Korean Studies,1,0.00021920210434020167
pre_ai,The Round Table,1,0.00021920210434020167
pre_ai,The Slavonic and East European Review,1,0.00021920210434020167
pre_ai,The Social Science Journal,1,0.00021920210434020167
pre_ai,The Sport Journal,1,0.00021920210434020167
pre_ai,The University of Malaya Research Repository (University of Malaya),1,0.00021920210434020167
pre_ai,The Wabash Center Journal on Teaching,1,0.00021920210434020167
pre_ai,The World Bank Research Observer,1,0.00021920210434020167
pre_ai,The World Bank eBooks,1,0.00021920210434020167
pre_ai,Theory Into Practice,1,0.00021920210434020167
pre_ai,Theseus (Ammattikorkeakoulujen),1,0.00021920210434020167
pre_ai,ThinkTech (Texas Tech University),1,0.00021920210434020167
pre_ai,Thunderbird International Business Review,1,0.00021920210434020167
pre_ai,Tianjin Normal University Journal,1,0.00021920210434020167
pre_ai,Tijdschrift voor Economische en Sociale Geografie,1,0.00021920210434020167
pre_ai,Topics in Cognitive Science,1,0.00021920210434020167
pre_ai,Tourism Culture & Communication,1,0.00021920210434020167
pre_ai,Tourism Review,1,0.00021920210434020167
pre_ai,Tourism Review International,1,0.00021920210434020167
pre_ai,Tourism and Hospitality Planning & Development,1,0.00021920210434020167
pre_ai,Town Planning Review,1,0.00021920210434020167
pre_ai,Trade and development report,1,0.00021920210434020167
pre_ai,Transactions of the Royal Society of South Africa,1,0.00021920210434020167
pre_ai,Transactions of the Royal Society of Tropical Medicine and Hygiene,1,0.00021920210434020167
pre_ai,Transcultural Psychiatry,1,0.00021920210434020167
pre_ai,Transformation,1,0.00021920210434020167
pre_ai,Transformative Works and Cultures,1,0.00021920210434020167
pre_ai,Transport,1,0.00021920210434020167
pre_ai,Transportation Letters,1,0.00021920210434020167
pre_ai,Transportation research procedia,1,0.00021920210434020167
pre_ai,Transportmetrica A Transport Science,1,0.00021920210434020167
pre_ai,Transportmetrica B Transport Dynamics,1,0.00021920210434020167
pre_ai,Trends and issues in crime and criminal justice,1,0.00021920210434020167
pre_ai,Turkish Online Journal of Distance Education,1,0.00021920210434020167
pre_ai,Turkish Studies,1,0.00021920210434020167
pre_ai,Tuwhera (Auckland University of Technology),1,0.00021920210434020167
pre_ai,Typological studies in language,1,0.00021920210434020167
pre_ai,UCL Press eBooks,1,0.00021920210434020167
pre_ai,UCT Press eBooks,1,0.00021920210434020167
pre_ai,UEA Digital Repository (University of East Anglia),1,0.00021920210434020167
pre_ai,UNICA IRIS Institutional Research Information System (University of Cagliari),1,0.00021920210434020167
pre_ai,UNM’s Digital Repository (University of New Mexico),1,0.00021920210434020167
pre_ai,Ubiquity Press eBooks,1,0.00021920210434020167
pre_ai,Unimal Press eBooks,1,0.00021920210434020167
pre_ai,Unimas Institutional Repository (Universiti Malaysia Sarawak),1,0.00021920210434020167
pre_ai,Unisa Institutional Repository (University of South Africa),1,0.00021920210434020167
pre_ai,Universitas,1,0.00021920210434020167
pre_ai,Universiti Putra Malaysia Institutional Repository (Universiti Putra Malaysia),1,0.00021920210434020167
pre_ai,University Press of Florida eBooks,1,0.00021920210434020167
pre_ai,University of Brighton Repository (University of Brighton),1,0.00021920210434020167
pre_ai,University of Hertfordshire Research Archive (University of Hertfordshire),1,0.00021920210434020167
pre_ai,University of Maribor digital library (University of Maribor),1,0.00021920210434020167
pre_ai,University of Miami School of Law Institutional Repository (University of Miami),1,0.00021920210434020167
pre_ai,University of Minnesota Digital Conservancy (University of Minnesota),1,0.00021920210434020167
pre_ai,University of New Hampshire Scholars Repository (University of New Hampshire at Manchester),1,0.00021920210434020167
pre_ai,University of North Carolina Press eBooks,1,0.00021920210434020167
pre_ai,University of Toronto Press eBooks,1,0.00021920210434020167
pre_ai,University of Twente Research Information,1,0.00021920210434020167
pre_ai,University of Westminster Press eBooks,1,0.00021920210434020167
pre_ai,Unram Law Review,1,0.00021920210434020167
pre_ai,UpSpace Institutional Repository (University of Pretoria),1,0.00021920210434020167
pre_ai,Urban Morphology,1,0.00021920210434020167
pre_ai,Urban Research & Practice,1,0.00021920210434020167
pre_ai,UvA-DARE (University of Amsterdam),1,0.00021920210434020167
pre_ai,VBN Forskningsportal (Aalborg Universitet),1,0.00021920210434020167
pre_ai,VIURRSpace (Vancouver Island University),1,0.00021920210434020167
pre_ai,VTechWorks (Virginia Tech),1,0.00021920210434020167
pre_ai,Verfassung in Recht und Übersee,1,0.00021920210434020167
pre_ai,Virginia Law Review,1,0.00021920210434020167
pre_ai,Vision Journal for Language and Foreign Language Learning,1,0.00021920210434020167
pre_ai,Visual Anthropology Review,1,0.00021920210434020167
pre_ai,W&M Publish (College of William & Mary),1,0.00021920210434020167
pre_ai,Waijiao Xueyuan xuebao,1,0.00021920210434020167
pre_ai,"Washington, DC: World Bank eBooks",1,0.00021920210434020167
pre_ai,Water,1,0.00021920210434020167
pre_ai,Water International,1,0.00021920210434020167
pre_ai,Well Being,1,0.00021920210434020167
pre_ai,West European Politics,1,0.00021920210434020167
pre_ai,Western CEDAR (Western Washington University),1,0.00021920210434020167
pre_ai,Western Folklore,1,0.00021920210434020167
pre_ai,Western Journal of Nursing Research,1,0.00021920210434020167
pre_ai,"White Rose eTheses Online (University of Leeds, The University of Sheffield, University of York)",1,0.00021920210434020167
pre_ai,Wiley series in probability and statistics,1,0.00021920210434020167
pre_ai,Women in Management Review,1,0.00021920210434020167
pre_ai,Women s Studies in Communication,1,0.00021920210434020167
pre_ai,Work & Stress,1,0.00021920210434020167
pre_ai,Work Papers of the Summer Institute of Linguistics University of North Dakota Session,1,0.00021920210434020167
pre_ai,"Works - Scholarship, Research, & Creative Expression (Swarthmore College)",1,0.00021920210434020167
pre_ai,World Economy and International Relations,1,0.00021920210434020167
pre_ai,World Leisure Journal,1,0.00021920210434020167
pre_ai,diacritics,1,0.00021920210434020167
pre_ai,eCite Digital Repository (University of Tasmania),1,0.00021920210434020167
pre_ai,ePrints Soton (University of Southampton),1,0.00021920210434020167
pre_ai,eSpace (Curtin University),1,0.00021920210434020167
pre_ai,eYLS (Yale Law School),1,0.00021920210434020167
pre_ai,international journal high risk behaviors & addiction,1,0.00021920210434020167
pre_ai,journal for the education of the gifted,1,0.00021920210434020167
pre_ai,portal Libraries and the Academy,1,0.00021920210434020167
pre_ai,tripleC Communication Capitalism & Critique Open Access Journal for a Global Sustainable Information Society,1,0.00021920210434020167
pre_ai,The Journal of developing areas,1,0.00021920210434020167
pre_ai,The Lahore journal of economics,1,0.00021920210434020167
pre_ai,The School community journal/School community journal,1,0.00021920210434020167
pre_ai,The journal of Burma studies,1,0.00021920210434020167
pre_ai,Åbo Akademi University Research Portal,1,0.00021920210434020167
pre_ai,İlköğretim Online (elektronik),1,0.00021920210434020167
