query_id,candidate_id,label,label_type,split,source_dataset
W3195198387,W1532602446,1,actual_openalex_reference,test,openalex_expanded
W3195198387,W2117818294,1,actual_openalex_reference,test,openalex_expanded
W3195198387,W2573826548,1,actual_openalex_reference,test,openalex_expanded
W3195198387,W2774859002,1,actual_openalex_reference,test,openalex_expanded
W3195198387,W2902112908,1,actual_openalex_reference,test,openalex_expanded
W3195198387,W3100566957,1,actual_openalex_reference,test,openalex_expanded
W3195198387,W3115289986,1,actual_openalex_reference,test,openalex_expanded
W3195198387,W3124269743,1,actual_openalex_reference,test,openalex_expanded
W2971841042,W845365781,1,actual_openalex_reference,test,openalex_expanded
W2971841042,W1884574415,1,actual_openalex_reference,test,openalex_expanded
W2971841042,W1972735298,1,actual_openalex_reference,test,openalex_expanded
W2971841042,W2063411627,1,actual_openalex_reference,test,openalex_expanded
W2971841042,W2064492654,1,actual_openalex_reference,test,openalex_expanded
W2971841042,W2101234009,1,actual_openalex_reference,test,openalex_expanded
W2971841042,W2108217496,1,actual_openalex_reference,test,openalex_expanded
W2971841042,W2122111042,1,actual_openalex_reference,test,openalex_expanded
W2971841042,W2124386111,1,actual_openalex_reference,test,openalex_expanded
W2971841042,W2125838338,1,actual_openalex_reference,test,openalex_expanded
W2971841042,W2128728535,1,actual_openalex_reference,test,openalex_expanded
W2971841042,W2133497849,1,actual_openalex_reference,test,openalex_expanded
W2971841042,W2144994235,1,actual_openalex_reference,test,openalex_expanded
W2971841042,W2912930233,1,actual_openalex_reference,test,openalex_expanded
W2971841042,W2919034487,1,actual_openalex_reference,test,openalex_expanded
W2971841042,W2998216295,1,actual_openalex_reference,test,openalex_expanded
W4200403662,W96662200,1,actual_openalex_reference,test,openalex_expanded
W4200403662,W2185313303,1,actual_openalex_reference,test,openalex_expanded
W4200403662,W2185922830,1,actual_openalex_reference,test,openalex_expanded
W4200403662,W2375636991,1,actual_openalex_reference,test,openalex_expanded
W4200403662,W2569817608,1,actual_openalex_reference,test,openalex_expanded
W4200403662,W2983807114,1,actual_openalex_reference,test,openalex_expanded
W3191679877,W1662894842,1,actual_openalex_reference,test,openalex_expanded
W3191679877,W2016014758,1,actual_openalex_reference,test,openalex_expanded
W3191679877,W2022485595,1,actual_openalex_reference,test,openalex_expanded
W3191679877,W2023685757,1,actual_openalex_reference,test,openalex_expanded
W3191679877,W2024008934,1,actual_openalex_reference,test,openalex_expanded
W3191679877,W2058142975,1,actual_openalex_reference,test,openalex_expanded
W3191679877,W2085507535,1,actual_openalex_reference,test,openalex_expanded
W3191679877,W2094131428,1,actual_openalex_reference,test,openalex_expanded
W3191679877,W2102625537,1,actual_openalex_reference,test,openalex_expanded
W3191679877,W2109865546,1,actual_openalex_reference,test,openalex_expanded
W3191679877,W2143185749,1,actual_openalex_reference,test,openalex_expanded
W3191679877,W2143381319,1,actual_openalex_reference,test,openalex_expanded
W3191679877,W2150046657,1,actual_openalex_reference,test,openalex_expanded
W3191679877,W2283268937,1,actual_openalex_reference,test,openalex_expanded
W3191679877,W2343601797,1,actual_openalex_reference,test,openalex_expanded
W3191679877,W2466060750,1,actual_openalex_reference,test,openalex_expanded
W3191679877,W2732724468,1,actual_openalex_reference,test,openalex_expanded
W3191679877,W2764251381,1,actual_openalex_reference,test,openalex_expanded
W3191679877,W2765722058,1,actual_openalex_reference,test,openalex_expanded
W3191679877,W2963586865,1,actual_openalex_reference,test,openalex_expanded
W3191679877,W3021613070,1,actual_openalex_reference,test,openalex_expanded
W3191679877,W3021855001,1,actual_openalex_reference,test,openalex_expanded
W3191679877,W3083093644,1,actual_openalex_reference,test,openalex_expanded
W3086061467,W1991777678,1,actual_openalex_reference,test,openalex_expanded
W3086061467,W2033419168,1,actual_openalex_reference,test,openalex_expanded
W3086061467,W2045137354,1,actual_openalex_reference,test,openalex_expanded
W3086061467,W2123921160,1,actual_openalex_reference,test,openalex_expanded
W3086061467,W2134013617,1,actual_openalex_reference,test,openalex_expanded
W3086061467,W2156977199,1,actual_openalex_reference,test,openalex_expanded
W3086061467,W2157920973,1,actual_openalex_reference,test,openalex_expanded
W3086061467,W2163865841,1,actual_openalex_reference,test,openalex_expanded
W3086061467,W2295556297,1,actual_openalex_reference,test,openalex_expanded
W3086061467,W2566623354,1,actual_openalex_reference,test,openalex_expanded
W3086061467,W2791251452,1,actual_openalex_reference,test,openalex_expanded
W3086061467,W2793964976,1,actual_openalex_reference,test,openalex_expanded
W3086061467,W2963200921,1,actual_openalex_reference,test,openalex_expanded
W3196180395,W1994304612,1,actual_openalex_reference,test,openalex_expanded
W3196180395,W1999209821,1,actual_openalex_reference,test,openalex_expanded
W3196180395,W2105533411,1,actual_openalex_reference,test,openalex_expanded
W3196180395,W2122908400,1,actual_openalex_reference,test,openalex_expanded
W3196180395,W2143587380,1,actual_openalex_reference,test,openalex_expanded
W3196180395,W2156568015,1,actual_openalex_reference,test,openalex_expanded
W3196180395,W2738922455,1,actual_openalex_reference,test,openalex_expanded
W3196180395,W2775361706,1,actual_openalex_reference,test,openalex_expanded
W3196180395,W2807815349,1,actual_openalex_reference,test,openalex_expanded
W3196180395,W2901374586,1,actual_openalex_reference,test,openalex_expanded
W3196180395,W3016866167,1,actual_openalex_reference,test,openalex_expanded
W3180107296,W196761320,1,actual_openalex_reference,test,openalex_expanded
W3180107296,W2155894447,1,actual_openalex_reference,test,openalex_expanded
W3180107296,W2168231600,1,actual_openalex_reference,test,openalex_expanded
W3180107296,W2405883473,1,actual_openalex_reference,test,openalex_expanded
W3180107296,W2572340456,1,actual_openalex_reference,test,openalex_expanded
W3180107296,W2734739919,1,actual_openalex_reference,test,openalex_expanded
W3180107296,W2742124663,1,actual_openalex_reference,test,openalex_expanded
W3180107296,W2749988060,1,actual_openalex_reference,test,openalex_expanded
W3180107296,W2750933313,1,actual_openalex_reference,test,openalex_expanded
W3180107296,W2766164908,1,actual_openalex_reference,test,openalex_expanded
W3180107296,W2769856846,1,actual_openalex_reference,test,openalex_expanded
W3180107296,W2962950660,1,actual_openalex_reference,test,openalex_expanded
W3180107296,W2963419707,1,actual_openalex_reference,test,openalex_expanded
W3027471241,W74765071,1,actual_openalex_reference,test,openalex_expanded
W3027471241,W1481332123,1,actual_openalex_reference,test,openalex_expanded
W3027471241,W1566137055,1,actual_openalex_reference,test,openalex_expanded
W3027471241,W1575771661,1,actual_openalex_reference,test,openalex_expanded
W3027471241,W1599803565,1,actual_openalex_reference,test,openalex_expanded
W3027471241,W1686407490,1,actual_openalex_reference,test,openalex_expanded
W3027471241,W1788836429,1,actual_openalex_reference,test,openalex_expanded
W3027471241,W2003485066,1,actual_openalex_reference,test,openalex_expanded
W3027471241,W2005118159,1,actual_openalex_reference,test,openalex_expanded
W3027471241,W2098168964,1,actual_openalex_reference,test,openalex_expanded
W3027471241,W2104655511,1,actual_openalex_reference,test,openalex_expanded
W3027471241,W2105187436,1,actual_openalex_reference,test,openalex_expanded
W3027471241,W2109030325,1,actual_openalex_reference,test,openalex_expanded
W3027471241,W2122517769,1,actual_openalex_reference,test,openalex_expanded
W3027471241,W2122954012,1,actual_openalex_reference,test,openalex_expanded
W3027471241,W2141846678,1,actual_openalex_reference,test,openalex_expanded
W3027471241,W2147743205,1,actual_openalex_reference,test,openalex_expanded
W3027471241,W2293889615,1,actual_openalex_reference,test,openalex_expanded
W3038829008,W127585952,1,actual_openalex_reference,test,openalex_expanded
W3038829008,W1485955713,1,actual_openalex_reference,test,openalex_expanded
W3038829008,W2011972735,1,actual_openalex_reference,test,openalex_expanded
W3038829008,W2031550338,1,actual_openalex_reference,test,openalex_expanded
W3038829008,W2072715695,1,actual_openalex_reference,test,openalex_expanded
W3038829008,W2074229945,1,actual_openalex_reference,test,openalex_expanded
W3038829008,W2104896032,1,actual_openalex_reference,test,openalex_expanded
W3038829008,W2109293916,1,actual_openalex_reference,test,openalex_expanded
W3038829008,W2112877533,1,actual_openalex_reference,test,openalex_expanded
W3038829008,W2146511318,1,actual_openalex_reference,test,openalex_expanded
W3038829008,W2205948420,1,actual_openalex_reference,test,openalex_expanded
W3038829008,W2525466045,1,actual_openalex_reference,test,openalex_expanded
W3038829008,W2596638815,1,actual_openalex_reference,test,openalex_expanded
W3038829008,W2749561448,1,actual_openalex_reference,test,openalex_expanded
W3038829008,W2792345083,1,actual_openalex_reference,test,openalex_expanded
W3038829008,W2792761664,1,actual_openalex_reference,test,openalex_expanded
W3038829008,W2806462096,1,actual_openalex_reference,test,openalex_expanded
W3038829008,W2887359279,1,actual_openalex_reference,test,openalex_expanded
W3038829008,W4229505208,1,actual_openalex_reference,test,openalex_expanded
W3038829008,W4242087913,1,actual_openalex_reference,test,openalex_expanded
W3038829008,W4255173720,1,actual_openalex_reference,test,openalex_expanded
W3038829008,W4287901611,1,actual_openalex_reference,test,openalex_expanded
W2989863068,W1964325765,1,actual_openalex_reference,test,openalex_expanded
W2989863068,W1986684549,1,actual_openalex_reference,test,openalex_expanded
W2989863068,W2038694110,1,actual_openalex_reference,test,openalex_expanded
W2989863068,W2065245268,1,actual_openalex_reference,test,openalex_expanded
W2989863068,W2071158641,1,actual_openalex_reference,test,openalex_expanded
W2989863068,W2892527240,1,actual_openalex_reference,test,openalex_expanded
W2989863068,W2892794698,1,actual_openalex_reference,test,openalex_expanded
W2989863068,W2894173808,1,actual_openalex_reference,test,openalex_expanded
W2989863068,W2942629796,1,actual_openalex_reference,test,openalex_expanded
W2989863068,W4243183343,1,actual_openalex_reference,test,openalex_expanded
W2989863068,W4254081563,1,actual_openalex_reference,test,openalex_expanded
W3004363643,W1938522814,1,actual_openalex_reference,test,openalex_expanded
W2997522794,W1493144892,1,actual_openalex_reference,test,openalex_expanded
W2997522794,W2082996419,1,actual_openalex_reference,test,openalex_expanded
W2997522794,W2104846640,1,actual_openalex_reference,test,openalex_expanded
W2997522794,W2106335692,1,actual_openalex_reference,test,openalex_expanded
W2997522794,W2245288370,1,actual_openalex_reference,test,openalex_expanded
W2997522794,W2667176594,1,actual_openalex_reference,test,openalex_expanded
W2997522794,W2738441848,1,actual_openalex_reference,test,openalex_expanded
W2997522794,W2765104935,1,actual_openalex_reference,test,openalex_expanded
W4214893325,W1797327777,1,actual_openalex_reference,test,openalex_expanded
W4214893325,W2024984274,1,actual_openalex_reference,test,openalex_expanded
W4214893325,W2082684769,1,actual_openalex_reference,test,openalex_expanded
W4214893325,W2783226278,1,actual_openalex_reference,test,openalex_expanded
W4214893325,W3006615864,1,actual_openalex_reference,test,openalex_expanded
W4214893325,W3093861416,1,actual_openalex_reference,test,openalex_expanded
W4214893325,W3095290259,1,actual_openalex_reference,test,openalex_expanded
W4214893325,W3120797425,1,actual_openalex_reference,test,openalex_expanded
W3098670919,W56177779,1,actual_openalex_reference,test,openalex_expanded
W3098670919,W120867375,1,actual_openalex_reference,test,openalex_expanded
W3098670919,W1712561903,1,actual_openalex_reference,test,openalex_expanded
W3098670919,W1969242888,1,actual_openalex_reference,test,openalex_expanded
W3098670919,W1981502601,1,actual_openalex_reference,test,openalex_expanded
W3098670919,W1995101702,1,actual_openalex_reference,test,openalex_expanded
W3098670919,W2073801888,1,actual_openalex_reference,test,openalex_expanded
W3098670919,W2137606648,1,actual_openalex_reference,test,openalex_expanded
W3098670919,W2772959257,1,actual_openalex_reference,test,openalex_expanded
W3169472279,W1990199404,1,actual_openalex_reference,test,openalex_expanded
W3169472279,W2420927655,1,actual_openalex_reference,test,openalex_expanded
W3169472279,W2620811935,1,actual_openalex_reference,test,openalex_expanded
W3169472279,W2783200785,1,actual_openalex_reference,test,openalex_expanded
W3169472279,W2784150637,1,actual_openalex_reference,test,openalex_expanded
W3169472279,W2794827452,1,actual_openalex_reference,test,openalex_expanded
W3169472279,W2807790463,1,actual_openalex_reference,test,openalex_expanded
W3169472279,W2913865199,1,actual_openalex_reference,test,openalex_expanded
W3169472279,W2920887190,1,actual_openalex_reference,test,openalex_expanded
W3169472279,W2921742607,1,actual_openalex_reference,test,openalex_expanded
W3169472279,W2970243403,1,actual_openalex_reference,test,openalex_expanded
W3048074874,W1667165204,1,actual_openalex_reference,test,openalex_expanded
W3048074874,W1970790521,1,actual_openalex_reference,test,openalex_expanded
W3048074874,W1975432165,1,actual_openalex_reference,test,openalex_expanded
W3048074874,W1999104815,1,actual_openalex_reference,test,openalex_expanded
W3048074874,W2027607884,1,actual_openalex_reference,test,openalex_expanded
W3048074874,W2099404987,1,actual_openalex_reference,test,openalex_expanded
W3048074874,W2102388381,1,actual_openalex_reference,test,openalex_expanded
W3048074874,W2105502962,1,actual_openalex_reference,test,openalex_expanded
W3048074874,W2113638573,1,actual_openalex_reference,test,openalex_expanded
W3048074874,W2119933098,1,actual_openalex_reference,test,openalex_expanded
W3048074874,W2153070503,1,actual_openalex_reference,test,openalex_expanded
W3048074874,W2155595938,1,actual_openalex_reference,test,openalex_expanded
W3048074874,W2788735937,1,actual_openalex_reference,test,openalex_expanded
W3048074874,W2808033085,1,actual_openalex_reference,test,openalex_expanded
W3048074874,W2900252409,1,actual_openalex_reference,test,openalex_expanded
W3048074874,W2911763465,1,actual_openalex_reference,test,openalex_expanded
W3048074874,W2912998650,1,actual_openalex_reference,test,openalex_expanded
W3048074874,W2922300136,1,actual_openalex_reference,test,openalex_expanded
W3008970970,W1482892933,1,actual_openalex_reference,test,openalex_expanded
W3008970970,W1848681076,1,actual_openalex_reference,test,openalex_expanded
W2140906039,W10206798,1,actual_openalex_reference,test,openalex_expanded
W2140906039,W180087852,1,actual_openalex_reference,test,openalex_expanded
W2140906039,W1503578087,1,actual_openalex_reference,test,openalex_expanded
W2140906039,W1619579880,1,actual_openalex_reference,test,openalex_expanded
W2140906039,W1800478330,1,actual_openalex_reference,test,openalex_expanded
W2140906039,W1827930046,1,actual_openalex_reference,test,openalex_expanded
W2140906039,W2034489259,1,actual_openalex_reference,test,openalex_expanded
W2140906039,W2037638912,1,actual_openalex_reference,test,openalex_expanded
W2140906039,W2101568007,1,actual_openalex_reference,test,openalex_expanded
W2140906039,W2111917114,1,actual_openalex_reference,test,openalex_expanded
W2140906039,W2115179079,1,actual_openalex_reference,test,openalex_expanded
W2140906039,W2116037949,1,actual_openalex_reference,test,openalex_expanded
W2140906039,W2118376847,1,actual_openalex_reference,test,openalex_expanded
W2140906039,W2125206269,1,actual_openalex_reference,test,openalex_expanded
W2140906039,W2126509366,1,actual_openalex_reference,test,openalex_expanded
W2140906039,W4251496809,1,actual_openalex_reference,test,openalex_expanded
W3192134083,W1673923490,1,actual_openalex_reference,test,openalex_expanded
W3192134083,W1686810756,1,actual_openalex_reference,test,openalex_expanded
W3192134083,W1945616565,1,actual_openalex_reference,test,openalex_expanded
W3192134083,W2004068758,1,actual_openalex_reference,test,openalex_expanded
W3192134083,W2194775991,1,actual_openalex_reference,test,openalex_expanded
W3192134083,W2301937176,1,actual_openalex_reference,test,openalex_expanded
W3192134083,W2531409750,1,actual_openalex_reference,test,openalex_expanded
W3192134083,W2592480533,1,actual_openalex_reference,test,openalex_expanded
W3192134083,W2610321374,1,actual_openalex_reference,test,openalex_expanded
W3192134083,W2640329709,1,actual_openalex_reference,test,openalex_expanded
W3192134083,W2806757392,1,actual_openalex_reference,test,openalex_expanded
W3192134083,W2891145043,1,actual_openalex_reference,test,openalex_expanded
W3192134083,W2898877033,1,actual_openalex_reference,test,openalex_expanded
W3192134083,W2911424785,1,actual_openalex_reference,test,openalex_expanded
W3192134083,W2911605501,1,actual_openalex_reference,test,openalex_expanded
W3192134083,W2912336782,1,actual_openalex_reference,test,openalex_expanded
W3192134083,W2942074357,1,actual_openalex_reference,test,openalex_expanded
W3192134083,W2963684180,1,actual_openalex_reference,test,openalex_expanded
W3192134083,W2964013315,1,actual_openalex_reference,test,openalex_expanded
W3192134083,W2966880194,1,actual_openalex_reference,test,openalex_expanded
W3192134083,W2981523288,1,actual_openalex_reference,test,openalex_expanded
W3192134083,W2987809008,1,actual_openalex_reference,test,openalex_expanded
W3192134083,W2995516027,1,actual_openalex_reference,test,openalex_expanded
W3192134083,W2995695852,1,actual_openalex_reference,test,openalex_expanded
W3192134083,W2996564870,1,actual_openalex_reference,test,openalex_expanded
W3192134083,W2998158928,1,actual_openalex_reference,test,openalex_expanded
W3192134083,W3008133425,1,actual_openalex_reference,test,openalex_expanded
W3192134083,W3012033723,1,actual_openalex_reference,test,openalex_expanded
W3192134083,W3013436979,1,actual_openalex_reference,test,openalex_expanded
W3192134083,W3015087080,1,actual_openalex_reference,test,openalex_expanded
W3192134083,W3034577585,1,actual_openalex_reference,test,openalex_expanded
W3192134083,W3081094123,1,actual_openalex_reference,test,openalex_expanded
W3192134083,W3084142230,1,actual_openalex_reference,test,openalex_expanded
W3192134083,W3092194592,1,actual_openalex_reference,test,openalex_expanded
W3192134083,W3093810527,1,actual_openalex_reference,test,openalex_expanded
W3192134083,W3096615313,1,actual_openalex_reference,test,openalex_expanded
W3192134083,W3136741409,1,actual_openalex_reference,test,openalex_expanded
W3192134083,W3174508664,1,actual_openalex_reference,test,openalex_expanded
W3192134083,W3183392865,1,actual_openalex_reference,test,openalex_expanded
W3192134083,W4293846201,1,actual_openalex_reference,test,openalex_expanded
W3117122667,W27634986,1,actual_openalex_reference,test,openalex_expanded
W3117122667,W1499864241,1,actual_openalex_reference,test,openalex_expanded
W3117122667,W1569375842,1,actual_openalex_reference,test,openalex_expanded
W3117122667,W2024663673,1,actual_openalex_reference,test,openalex_expanded
W3117122667,W2059635003,1,actual_openalex_reference,test,openalex_expanded
W3117122667,W2064675550,1,actual_openalex_reference,test,openalex_expanded
W3117122667,W2108387313,1,actual_openalex_reference,test,openalex_expanded
W3117122667,W2118020653,1,actual_openalex_reference,test,openalex_expanded
W3117122667,W2202042777,1,actual_openalex_reference,test,openalex_expanded
W3117122667,W2275801136,1,actual_openalex_reference,test,openalex_expanded
W3117122667,W2336723637,1,actual_openalex_reference,test,openalex_expanded
W3117122667,W2507172646,1,actual_openalex_reference,test,openalex_expanded
W3117122667,W2509683155,1,actual_openalex_reference,test,openalex_expanded
W3117122667,W2563544594,1,actual_openalex_reference,test,openalex_expanded
W3117122667,W2616177386,1,actual_openalex_reference,test,openalex_expanded
W3117122667,W2756354991,1,actual_openalex_reference,test,openalex_expanded
W3117122667,W2768147993,1,actual_openalex_reference,test,openalex_expanded
W3117122667,W2779616541,1,actual_openalex_reference,test,openalex_expanded
W3117122667,W2783638251,1,actual_openalex_reference,test,openalex_expanded
W3117122667,W2905450608,1,actual_openalex_reference,test,openalex_expanded
W3117122667,W2909015087,1,actual_openalex_reference,test,openalex_expanded
W3117122667,W2937291992,1,actual_openalex_reference,test,openalex_expanded
W3117122667,W2941765106,1,actual_openalex_reference,test,openalex_expanded
W3117122667,W2964047576,1,actual_openalex_reference,test,openalex_expanded
W3117122667,W2970668492,1,actual_openalex_reference,test,openalex_expanded
W3216713162,W1595011983,1,actual_openalex_reference,test,openalex_expanded
W3216713162,W1988732811,1,actual_openalex_reference,test,openalex_expanded
W3216713162,W2030819565,1,actual_openalex_reference,test,openalex_expanded
W3216713162,W3000214403,1,actual_openalex_reference,test,openalex_expanded
W3216713162,W3003524720,1,actual_openalex_reference,test,openalex_expanded
W3216713162,W3020850113,1,actual_openalex_reference,test,openalex_expanded
W3216713162,W3129070702,1,actual_openalex_reference,test,openalex_expanded
W3216713162,W3134800713,1,actual_openalex_reference,test,openalex_expanded
W3205946232,W1533080147,1,actual_openalex_reference,test,openalex_expanded
W3205946232,W1971518489,1,actual_openalex_reference,test,openalex_expanded
W3205946232,W1988504348,1,actual_openalex_reference,test,openalex_expanded
W3205946232,W2002558396,1,actual_openalex_reference,test,openalex_expanded
W3205946232,W2002645541,1,actual_openalex_reference,test,openalex_expanded
W3205946232,W2021369668,1,actual_openalex_reference,test,openalex_expanded
W3205946232,W2094585768,1,actual_openalex_reference,test,openalex_expanded
W3205946232,W2135242755,1,actual_openalex_reference,test,openalex_expanded
W3205946232,W2135583213,1,actual_openalex_reference,test,openalex_expanded
W3205946232,W2139351620,1,actual_openalex_reference,test,openalex_expanded
W3205946232,W2153320888,1,actual_openalex_reference,test,openalex_expanded
W3205946232,W2496443111,1,actual_openalex_reference,test,openalex_expanded
W3205946232,W2775280502,1,actual_openalex_reference,test,openalex_expanded
W3205946232,W2803281408,1,actual_openalex_reference,test,openalex_expanded
W3205946232,W2810208430,1,actual_openalex_reference,test,openalex_expanded
W3205946232,W2914274640,1,actual_openalex_reference,test,openalex_expanded
W3205946232,W2949076167,1,actual_openalex_reference,test,openalex_expanded
W3205946232,W2949257317,1,actual_openalex_reference,test,openalex_expanded
W3205946232,W2952020389,1,actual_openalex_reference,test,openalex_expanded
W3205946232,W2956449284,1,actual_openalex_reference,test,openalex_expanded
W3205946232,W2964269625,1,actual_openalex_reference,test,openalex_expanded
W3205946232,W3008308650,1,actual_openalex_reference,test,openalex_expanded
W3205946232,W3017433910,1,actual_openalex_reference,test,openalex_expanded
W3205946232,W3024763213,1,actual_openalex_reference,test,openalex_expanded
W3205946232,W3042203856,1,actual_openalex_reference,test,openalex_expanded
W3205946232,W3043111816,1,actual_openalex_reference,test,openalex_expanded
W3205946232,W3048314706,1,actual_openalex_reference,test,openalex_expanded
W3205946232,W3052215618,1,actual_openalex_reference,test,openalex_expanded
W3205946232,W3057900405,1,actual_openalex_reference,test,openalex_expanded
W3205946232,W3095606665,1,actual_openalex_reference,test,openalex_expanded
W3205946232,W3100633412,1,actual_openalex_reference,test,openalex_expanded
W3205946232,W3133712109,1,actual_openalex_reference,test,openalex_expanded
W3205946232,W3137984567,1,actual_openalex_reference,test,openalex_expanded
W3205946232,W3172253319,1,actual_openalex_reference,test,openalex_expanded
W2984499846,W2042873848,1,actual_openalex_reference,test,openalex_expanded
W2984499846,W2096943734,1,actual_openalex_reference,test,openalex_expanded
W2984499846,W2165698076,1,actual_openalex_reference,test,openalex_expanded
W2984499846,W2464913660,1,actual_openalex_reference,test,openalex_expanded
W2984499846,W2584554261,1,actual_openalex_reference,test,openalex_expanded
W2984499846,W2605488490,1,actual_openalex_reference,test,openalex_expanded
W2984499846,W2616287544,1,actual_openalex_reference,test,openalex_expanded
W2984499846,W2620972937,1,actual_openalex_reference,test,openalex_expanded
W2984499846,W2746824153,1,actual_openalex_reference,test,openalex_expanded
W2984499846,W2963275094,1,actual_openalex_reference,test,openalex_expanded
W2984499846,W4245685703,1,actual_openalex_reference,test,openalex_expanded
W3167194073,W1488540163,1,actual_openalex_reference,test,openalex_expanded
W3167194073,W1848656477,1,actual_openalex_reference,test,openalex_expanded
W3167194073,W1970925257,1,actual_openalex_reference,test,openalex_expanded
W3167194073,W1971339394,1,actual_openalex_reference,test,openalex_expanded
W3167194073,W1974381434,1,actual_openalex_reference,test,openalex_expanded
W3167194073,W2042184760,1,actual_openalex_reference,test,openalex_expanded
W3167194073,W2120358295,1,actual_openalex_reference,test,openalex_expanded
W3167194073,W2122441015,1,actual_openalex_reference,test,openalex_expanded
W3167194073,W2412380334,1,actual_openalex_reference,test,openalex_expanded
W3167194073,W2413735606,1,actual_openalex_reference,test,openalex_expanded
W3167194073,W2477057635,1,actual_openalex_reference,test,openalex_expanded
W3167194073,W2730319792,1,actual_openalex_reference,test,openalex_expanded
W3167194073,W2738497189,1,actual_openalex_reference,test,openalex_expanded
W3167194073,W2807830044,1,actual_openalex_reference,test,openalex_expanded
W3167194073,W2950050320,1,actual_openalex_reference,test,openalex_expanded
W3167194073,W3080911895,1,actual_openalex_reference,test,openalex_expanded
W3167194073,W3111807636,1,actual_openalex_reference,test,openalex_expanded
W3167194073,W3172700712,1,actual_openalex_reference,test,openalex_expanded
W3156437603,W1830944699,1,actual_openalex_reference,test,openalex_expanded
W3156437603,W1969529818,1,actual_openalex_reference,test,openalex_expanded
W3156437603,W1970227175,1,actual_openalex_reference,test,openalex_expanded
W3156437603,W1984527041,1,actual_openalex_reference,test,openalex_expanded
W3156437603,W2002549773,1,actual_openalex_reference,test,openalex_expanded
W3156437603,W2006312753,1,actual_openalex_reference,test,openalex_expanded
W3156437603,W2024122052,1,actual_openalex_reference,test,openalex_expanded
W3156437603,W2031144446,1,actual_openalex_reference,test,openalex_expanded
W3156437603,W2059385825,1,actual_openalex_reference,test,openalex_expanded
W3156437603,W2089984858,1,actual_openalex_reference,test,openalex_expanded
W3156437603,W2090068045,1,actual_openalex_reference,test,openalex_expanded
W3156437603,W2095667776,1,actual_openalex_reference,test,openalex_expanded
W3156437603,W2101536355,1,actual_openalex_reference,test,openalex_expanded
W3156437603,W2119511297,1,actual_openalex_reference,test,openalex_expanded
W3156437603,W2122056310,1,actual_openalex_reference,test,openalex_expanded
W3156437603,W2128928939,1,actual_openalex_reference,test,openalex_expanded
W3156437603,W2133834148,1,actual_openalex_reference,test,openalex_expanded
W3156437603,W2142501475,1,actual_openalex_reference,test,openalex_expanded
W3156437603,W2147657366,1,actual_openalex_reference,test,openalex_expanded
W3156437603,W2149815585,1,actual_openalex_reference,test,openalex_expanded
W3156437603,W2152839228,1,actual_openalex_reference,test,openalex_expanded
W3156437603,W2154332652,1,actual_openalex_reference,test,openalex_expanded
W3156437603,W2161864047,1,actual_openalex_reference,test,openalex_expanded
W3156437603,W2167556016,1,actual_openalex_reference,test,openalex_expanded
W3156437603,W2169339215,1,actual_openalex_reference,test,openalex_expanded
W3156437603,W2170382128,1,actual_openalex_reference,test,openalex_expanded
W3156437603,W2177082073,1,actual_openalex_reference,test,openalex_expanded
W3156437603,W2289252105,1,actual_openalex_reference,test,openalex_expanded
W3156437603,W2935480346,1,actual_openalex_reference,test,openalex_expanded
W3156437603,W2950017407,1,actual_openalex_reference,test,openalex_expanded
W3156437603,W2953212265,1,actual_openalex_reference,test,openalex_expanded
W3156437603,W2998570630,1,actual_openalex_reference,test,openalex_expanded
W3156437603,W4239997146,1,actual_openalex_reference,test,openalex_expanded
W3156437603,W4241135198,1,actual_openalex_reference,test,openalex_expanded
W3156437603,W4242368470,1,actual_openalex_reference,test,openalex_expanded
W3156437603,W4245874061,1,actual_openalex_reference,test,openalex_expanded
W3156437603,W4252610065,1,actual_openalex_reference,test,openalex_expanded
W2973022943,W2048687352,1,actual_openalex_reference,test,openalex_expanded
W2973022943,W2111980775,1,actual_openalex_reference,test,openalex_expanded
W2973022943,W2116488102,1,actual_openalex_reference,test,openalex_expanded
W2973022943,W2136806520,1,actual_openalex_reference,test,openalex_expanded
W2973022943,W2142620596,1,actual_openalex_reference,test,openalex_expanded
W2973022943,W2165501837,1,actual_openalex_reference,test,openalex_expanded
W2973022943,W2314716267,1,actual_openalex_reference,test,openalex_expanded
W2973022943,W2581226114,1,actual_openalex_reference,test,openalex_expanded
W3129007965,W1515569264,1,actual_openalex_reference,test,openalex_expanded
W3129007965,W1959608418,1,actual_openalex_reference,test,openalex_expanded
W3129007965,W2099471712,1,actual_openalex_reference,test,openalex_expanded
W3129007965,W2125037149,1,actual_openalex_reference,test,openalex_expanded
W3129007965,W2144846366,1,actual_openalex_reference,test,openalex_expanded
W3129007965,W2619503996,1,actual_openalex_reference,test,openalex_expanded
W3129007965,W2766210095,1,actual_openalex_reference,test,openalex_expanded
W3129007965,W2798391154,1,actual_openalex_reference,test,openalex_expanded
W3129007965,W2808361645,1,actual_openalex_reference,test,openalex_expanded
W3129007965,W2893749619,1,actual_openalex_reference,test,openalex_expanded
W3129007965,W2899748887,1,actual_openalex_reference,test,openalex_expanded
W3129007965,W2905800572,1,actual_openalex_reference,test,openalex_expanded
W3129007965,W2906033847,1,actual_openalex_reference,test,openalex_expanded
W3129007965,W2949960976,1,actual_openalex_reference,test,openalex_expanded
W3129007965,W2952204734,1,actual_openalex_reference,test,openalex_expanded
W3129007965,W2953030256,1,actual_openalex_reference,test,openalex_expanded
W3129007965,W2962723467,1,actual_openalex_reference,test,openalex_expanded
W3129007965,W2962892300,1,actual_openalex_reference,test,openalex_expanded
W3129007965,W2963981733,1,actual_openalex_reference,test,openalex_expanded
W3129007965,W2970443625,1,actual_openalex_reference,test,openalex_expanded
W3129007965,W2975874432,1,actual_openalex_reference,test,openalex_expanded
W3129007965,W2976617189,1,actual_openalex_reference,test,openalex_expanded
W3129007965,W2980328027,1,actual_openalex_reference,test,openalex_expanded
W3129007965,W2995128076,1,actual_openalex_reference,test,openalex_expanded
W3129007965,W3006995042,1,actual_openalex_reference,test,openalex_expanded
W3129007965,W3021189130,1,actual_openalex_reference,test,openalex_expanded
W3129007965,W3087176855,1,actual_openalex_reference,test,openalex_expanded
W3010660360,W97246116,1,actual_openalex_reference,test,openalex_expanded
W3010660360,W1826705687,1,actual_openalex_reference,test,openalex_expanded
W3010660360,W1977642227,1,actual_openalex_reference,test,openalex_expanded
W3010660360,W1985492840,1,actual_openalex_reference,test,openalex_expanded
W3010660360,W1996637148,1,actual_openalex_reference,test,openalex_expanded
W3010660360,W2018332268,1,actual_openalex_reference,test,openalex_expanded
W3010660360,W2045357246,1,actual_openalex_reference,test,openalex_expanded
W3010660360,W2056370875,1,actual_openalex_reference,test,openalex_expanded
W3010660360,W2062005868,1,actual_openalex_reference,test,openalex_expanded
W3010660360,W2062024414,1,actual_openalex_reference,test,openalex_expanded
W3010660360,W2077654632,1,actual_openalex_reference,test,openalex_expanded
W3010660360,W2082415706,1,actual_openalex_reference,test,openalex_expanded
W3010660360,W2088811165,1,actual_openalex_reference,test,openalex_expanded
W3010660360,W2110221038,1,actual_openalex_reference,test,openalex_expanded
W3010660360,W2112742185,1,actual_openalex_reference,test,openalex_expanded
W3010660360,W2115528090,1,actual_openalex_reference,test,openalex_expanded
W3010660360,W2117881455,1,actual_openalex_reference,test,openalex_expanded
W3010660360,W2152047336,1,actual_openalex_reference,test,openalex_expanded
W3010660360,W2322609174,1,actual_openalex_reference,test,openalex_expanded
W3010660360,W2411776954,1,actual_openalex_reference,test,openalex_expanded
W3010660360,W2617222021,1,actual_openalex_reference,test,openalex_expanded
W3010660360,W2802495436,1,actual_openalex_reference,test,openalex_expanded
W3010660360,W2964026616,1,actual_openalex_reference,test,openalex_expanded
W3010660360,W3104705792,1,actual_openalex_reference,test,openalex_expanded
W3163575922,W1686810756,1,actual_openalex_reference,test,openalex_expanded
W3163575922,W2108598243,1,actual_openalex_reference,test,openalex_expanded
W3163575922,W2560023338,1,actual_openalex_reference,test,openalex_expanded
W3163575922,W2565639579,1,actual_openalex_reference,test,openalex_expanded
W3163575922,W2592905743,1,actual_openalex_reference,test,openalex_expanded
W3163575922,W2598666589,1,actual_openalex_reference,test,openalex_expanded
W3163575922,W2603796190,1,actual_openalex_reference,test,openalex_expanded
W3163575922,W2693096534,1,actual_openalex_reference,test,openalex_expanded
W3163575922,W2892219791,1,actual_openalex_reference,test,openalex_expanded
W3163575922,W2955058313,1,actual_openalex_reference,test,openalex_expanded
W3163575922,W2963803174,1,actual_openalex_reference,test,openalex_expanded
W2991256359,W1836465849,1,actual_openalex_reference,test,openalex_expanded
W2991256359,W1885185971,1,actual_openalex_reference,test,openalex_expanded
W2991256359,W2017343233,1,actual_openalex_reference,test,openalex_expanded
W2991256359,W2099471712,1,actual_openalex_reference,test,openalex_expanded
W2991256359,W2156133547,1,actual_openalex_reference,test,openalex_expanded
W2991256359,W2175325787,1,actual_openalex_reference,test,openalex_expanded
W2991256359,W2194775991,1,actual_openalex_reference,test,openalex_expanded
W2991256359,W2242218935,1,actual_openalex_reference,test,openalex_expanded
W2991256359,W2476548250,1,actual_openalex_reference,test,openalex_expanded
W2991256359,W2769799194,1,actual_openalex_reference,test,openalex_expanded
W2991256359,W2898855235,1,actual_openalex_reference,test,openalex_expanded
W2991256359,W2949117887,1,actual_openalex_reference,test,openalex_expanded
W2991256359,W2963470893,1,actual_openalex_reference,test,openalex_expanded
W2991256359,W2963729050,1,actual_openalex_reference,test,openalex_expanded
W2991256359,W2963814095,1,actual_openalex_reference,test,openalex_expanded
W3183436390,W1607915358,1,actual_openalex_reference,test,openalex_expanded
W3183436390,W1833021327,1,actual_openalex_reference,test,openalex_expanded
W3183436390,W1967326917,1,actual_openalex_reference,test,openalex_expanded
W3183436390,W1971768294,1,actual_openalex_reference,test,openalex_expanded
W3183436390,W1982402525,1,actual_openalex_reference,test,openalex_expanded
W3183436390,W2000468482,1,actual_openalex_reference,test,openalex_expanded
W3183436390,W2004851664,1,actual_openalex_reference,test,openalex_expanded
W3183436390,W2012304314,1,actual_openalex_reference,test,openalex_expanded
W3183436390,W2045699115,1,actual_openalex_reference,test,openalex_expanded
W3183436390,W2057102677,1,actual_openalex_reference,test,openalex_expanded
W3183436390,W2063659390,1,actual_openalex_reference,test,openalex_expanded
W3183436390,W2068105972,1,actual_openalex_reference,test,openalex_expanded
W3183436390,W2080630433,1,actual_openalex_reference,test,openalex_expanded
W3183436390,W2089456295,1,actual_openalex_reference,test,openalex_expanded
W3183436390,W2094199382,1,actual_openalex_reference,test,openalex_expanded
W3183436390,W2100184913,1,actual_openalex_reference,test,openalex_expanded
W3183436390,W2120448006,1,actual_openalex_reference,test,openalex_expanded
W3183436390,W2133087968,1,actual_openalex_reference,test,openalex_expanded
W3183436390,W2144148623,1,actual_openalex_reference,test,openalex_expanded
W3183436390,W2152550874,1,actual_openalex_reference,test,openalex_expanded
W3183436390,W2158874085,1,actual_openalex_reference,test,openalex_expanded
W3183436390,W2335016614,1,actual_openalex_reference,test,openalex_expanded
W3183436390,W2405374556,1,actual_openalex_reference,test,openalex_expanded
W3183436390,W2487056304,1,actual_openalex_reference,test,openalex_expanded
W3183436390,W2560141787,1,actual_openalex_reference,test,openalex_expanded
W3183436390,W2568842486,1,actual_openalex_reference,test,openalex_expanded
W3183436390,W2616500594,1,actual_openalex_reference,test,openalex_expanded
W3183436390,W2740707091,1,actual_openalex_reference,test,openalex_expanded
W3183436390,W2795122939,1,actual_openalex_reference,test,openalex_expanded
W3183436390,W2806536237,1,actual_openalex_reference,test,openalex_expanded
W3183436390,W2884234834,1,actual_openalex_reference,test,openalex_expanded
W3183436390,W2886929983,1,actual_openalex_reference,test,openalex_expanded
W3183436390,W2887168221,1,actual_openalex_reference,test,openalex_expanded
W3183436390,W2915543303,1,actual_openalex_reference,test,openalex_expanded
W3183436390,W2956299176,1,actual_openalex_reference,test,openalex_expanded
W3183436390,W2959164675,1,actual_openalex_reference,test,openalex_expanded
W3183436390,W2966362517,1,actual_openalex_reference,test,openalex_expanded
W3183436390,W2985260632,1,actual_openalex_reference,test,openalex_expanded
W3183436390,W3049407735,1,actual_openalex_reference,test,openalex_expanded
W3183436390,W3080186585,1,actual_openalex_reference,test,openalex_expanded
W3183436390,W3138451436,1,actual_openalex_reference,test,openalex_expanded
W3183436390,W4243655835,1,actual_openalex_reference,test,openalex_expanded
W3183436390,W4254242382,1,actual_openalex_reference,test,openalex_expanded
W2950666223,W1522301498,1,actual_openalex_reference,test,openalex_expanded
W2950666223,W1815076433,1,actual_openalex_reference,test,openalex_expanded
W2950666223,W1895577753,1,actual_openalex_reference,test,openalex_expanded
W2950666223,W2064675550,1,actual_openalex_reference,test,openalex_expanded
W2950666223,W2095705004,1,actual_openalex_reference,test,openalex_expanded
W2950666223,W2101105183,1,actual_openalex_reference,test,openalex_expanded
W2950666223,W2130942839,1,actual_openalex_reference,test,openalex_expanded
W2950666223,W2133564696,1,actual_openalex_reference,test,openalex_expanded
W2950666223,W2139501017,1,actual_openalex_reference,test,openalex_expanded
W2950666223,W2154652894,1,actual_openalex_reference,test,openalex_expanded
W2950666223,W2157331557,1,actual_openalex_reference,test,openalex_expanded
W2950666223,W2164290393,1,actual_openalex_reference,test,openalex_expanded
W2950666223,W2185175083,1,actual_openalex_reference,test,openalex_expanded
W2950666223,W2194775991,1,actual_openalex_reference,test,openalex_expanded
W2950666223,W2425121537,1,actual_openalex_reference,test,openalex_expanded
W2950666223,W2463565445,1,actual_openalex_reference,test,openalex_expanded
W2950666223,W2551396370,1,actual_openalex_reference,test,openalex_expanded
W2950666223,W2552027021,1,actual_openalex_reference,test,openalex_expanded
W2950666223,W2808281579,1,actual_openalex_reference,test,openalex_expanded
W2950666223,W2888396831,1,actual_openalex_reference,test,openalex_expanded
W2950666223,W2888556895,1,actual_openalex_reference,test,openalex_expanded
W2950666223,W2891031945,1,actual_openalex_reference,test,openalex_expanded
W2950666223,W2891365690,1,actual_openalex_reference,test,openalex_expanded
W2950666223,W2898178263,1,actual_openalex_reference,test,openalex_expanded
W2950666223,W2907822478,1,actual_openalex_reference,test,openalex_expanded
W2950666223,W2963024727,1,actual_openalex_reference,test,openalex_expanded
W2950666223,W2963206148,1,actual_openalex_reference,test,openalex_expanded
W2950666223,W2963280377,1,actual_openalex_reference,test,openalex_expanded
W2950666223,W2963871484,1,actual_openalex_reference,test,openalex_expanded
W2950666223,W2964110616,1,actual_openalex_reference,test,openalex_expanded
W2950666223,W2965033324,1,actual_openalex_reference,test,openalex_expanded
W2950666223,W4385245566,1,actual_openalex_reference,test,openalex_expanded
W3083637667,W1694077306,1,actual_openalex_reference,test,openalex_expanded
W3083637667,W1992181084,1,actual_openalex_reference,test,openalex_expanded
W3083637667,W1992658597,1,actual_openalex_reference,test,openalex_expanded
W3083637667,W2002934700,1,actual_openalex_reference,test,openalex_expanded
W3083637667,W2008332894,1,actual_openalex_reference,test,openalex_expanded
W3083637667,W2037145115,1,actual_openalex_reference,test,openalex_expanded
W3083637667,W2044791156,1,actual_openalex_reference,test,openalex_expanded
W3083637667,W2069627149,1,actual_openalex_reference,test,openalex_expanded
W3083637667,W2116520617,1,actual_openalex_reference,test,openalex_expanded
W3083637667,W2132574561,1,actual_openalex_reference,test,openalex_expanded
W3083637667,W2293493339,1,actual_openalex_reference,test,openalex_expanded
W3083637667,W2782780792,1,actual_openalex_reference,test,openalex_expanded
W3083637667,W2809468530,1,actual_openalex_reference,test,openalex_expanded
W3083637667,W2911403207,1,actual_openalex_reference,test,openalex_expanded
W3083637667,W2945056715,1,actual_openalex_reference,test,openalex_expanded
W3083637667,W2945462412,1,actual_openalex_reference,test,openalex_expanded
W3083637667,W3036701756,1,actual_openalex_reference,test,openalex_expanded
W3083637667,W3040708363,1,actual_openalex_reference,test,openalex_expanded
W3083637667,W3092140938,1,actual_openalex_reference,test,openalex_expanded
W3083637667,W4230199249,1,actual_openalex_reference,test,openalex_expanded
W4205211987,W1973466159,1,actual_openalex_reference,test,openalex_expanded
W4205211987,W1999668872,1,actual_openalex_reference,test,openalex_expanded
W4205211987,W1999988714,1,actual_openalex_reference,test,openalex_expanded
W4205211987,W2339370745,1,actual_openalex_reference,test,openalex_expanded
W4205211987,W2429701587,1,actual_openalex_reference,test,openalex_expanded
W4205211987,W2467397955,1,actual_openalex_reference,test,openalex_expanded
W4205211987,W2795665117,1,actual_openalex_reference,test,openalex_expanded
W4205211987,W2901896043,1,actual_openalex_reference,test,openalex_expanded
W4205211987,W2908423675,1,actual_openalex_reference,test,openalex_expanded
W4205211987,W2914615226,1,actual_openalex_reference,test,openalex_expanded
W4205211987,W2919373707,1,actual_openalex_reference,test,openalex_expanded
W4205211987,W2922442631,1,actual_openalex_reference,test,openalex_expanded
W4205211987,W2948947334,1,actual_openalex_reference,test,openalex_expanded
W4205211987,W2954827914,1,actual_openalex_reference,test,openalex_expanded
W4205211987,W2970913522,1,actual_openalex_reference,test,openalex_expanded
W4205211987,W2972450862,1,actual_openalex_reference,test,openalex_expanded
W4205211987,W2985045609,1,actual_openalex_reference,test,openalex_expanded
W4205211987,W2999801974,1,actual_openalex_reference,test,openalex_expanded
W4205211987,W3028501402,1,actual_openalex_reference,test,openalex_expanded
W4205211987,W3034706371,1,actual_openalex_reference,test,openalex_expanded
W4205211987,W3086149171,1,actual_openalex_reference,test,openalex_expanded
W4205211987,W3123585395,1,actual_openalex_reference,test,openalex_expanded
W4205211987,W3126009018,1,actual_openalex_reference,test,openalex_expanded
W4205211987,W3130714454,1,actual_openalex_reference,test,openalex_expanded
W4205211987,W3141072087,1,actual_openalex_reference,test,openalex_expanded
W3191642774,W1945601895,1,actual_openalex_reference,test,openalex_expanded
W3191642774,W2015113370,1,actual_openalex_reference,test,openalex_expanded
W3191642774,W2032563530,1,actual_openalex_reference,test,openalex_expanded
W3191642774,W2043793275,1,actual_openalex_reference,test,openalex_expanded
W3191642774,W2081818185,1,actual_openalex_reference,test,openalex_expanded
W3191642774,W2098127225,1,actual_openalex_reference,test,openalex_expanded
W3191642774,W2104109956,1,actual_openalex_reference,test,openalex_expanded
W3191642774,W2117344958,1,actual_openalex_reference,test,openalex_expanded
W3191642774,W2128503406,1,actual_openalex_reference,test,openalex_expanded
W3191642774,W2309350575,1,actual_openalex_reference,test,openalex_expanded
W3191642774,W2336468263,1,actual_openalex_reference,test,openalex_expanded
W3191642774,W2588099484,1,actual_openalex_reference,test,openalex_expanded
W3191642774,W2592852902,1,actual_openalex_reference,test,openalex_expanded
W3191642774,W2767959255,1,actual_openalex_reference,test,openalex_expanded
W3191642774,W2842057506,1,actual_openalex_reference,test,openalex_expanded
W3191642774,W2888119068,1,actual_openalex_reference,test,openalex_expanded
W3191642774,W2899618753,1,actual_openalex_reference,test,openalex_expanded
W3191642774,W2947341668,1,actual_openalex_reference,test,openalex_expanded
W3191642774,W2980451696,1,actual_openalex_reference,test,openalex_expanded
W3191642774,W2995719620,1,actual_openalex_reference,test,openalex_expanded
W3191642774,W3000093441,1,actual_openalex_reference,test,openalex_expanded
W3191642774,W3024138322,1,actual_openalex_reference,test,openalex_expanded
W3191642774,W3049752772,1,actual_openalex_reference,test,openalex_expanded
W3191642774,W3110195989,1,actual_openalex_reference,test,openalex_expanded
W3191642774,W3125908070,1,actual_openalex_reference,test,openalex_expanded
W3191642774,W3153365062,1,actual_openalex_reference,test,openalex_expanded
W3191642774,W3163490008,1,actual_openalex_reference,test,openalex_expanded
W2940934954,W1500458919,1,actual_openalex_reference,test,openalex_expanded
W2940934954,W1513661237,1,actual_openalex_reference,test,openalex_expanded
W2940934954,W1565763799,1,actual_openalex_reference,test,openalex_expanded
W2940934954,W1930650491,1,actual_openalex_reference,test,openalex_expanded
W2940934954,W1972491016,1,actual_openalex_reference,test,openalex_expanded
W2940934954,W1982471090,1,actual_openalex_reference,test,openalex_expanded
W2940934954,W1983418666,1,actual_openalex_reference,test,openalex_expanded
W2940934954,W2008240154,1,actual_openalex_reference,test,openalex_expanded
W2940934954,W2015117675,1,actual_openalex_reference,test,openalex_expanded
W2940934954,W2037243393,1,actual_openalex_reference,test,openalex_expanded
W2940934954,W2043628758,1,actual_openalex_reference,test,openalex_expanded
W2940934954,W2047301237,1,actual_openalex_reference,test,openalex_expanded
W2940934954,W2065039464,1,actual_openalex_reference,test,openalex_expanded
W2940934954,W2078790114,1,actual_openalex_reference,test,openalex_expanded
W2940934954,W2099308462,1,actual_openalex_reference,test,openalex_expanded
W2940934954,W2118615399,1,actual_openalex_reference,test,openalex_expanded
W2940934954,W2125312659,1,actual_openalex_reference,test,openalex_expanded
W2940934954,W2129644086,1,actual_openalex_reference,test,openalex_expanded
W2940934954,W2133946027,1,actual_openalex_reference,test,openalex_expanded
W2940934954,W2135957164,1,actual_openalex_reference,test,openalex_expanded
W2940934954,W2142342155,1,actual_openalex_reference,test,openalex_expanded
W2940934954,W2146103513,1,actual_openalex_reference,test,openalex_expanded
W2940934954,W2153582625,1,actual_openalex_reference,test,openalex_expanded
W2940934954,W2155655721,1,actual_openalex_reference,test,openalex_expanded
W2940934954,W2162692770,1,actual_openalex_reference,test,openalex_expanded
W2940934954,W2303076655,1,actual_openalex_reference,test,openalex_expanded
W2940934954,W2310059960,1,actual_openalex_reference,test,openalex_expanded
W2940934954,W2598684819,1,actual_openalex_reference,test,openalex_expanded
W2940934954,W2612760208,1,actual_openalex_reference,test,openalex_expanded
W2940934954,W2753078308,1,actual_openalex_reference,test,openalex_expanded
W2940934954,W2800864467,1,actual_openalex_reference,test,openalex_expanded
W2940934954,W2810874584,1,actual_openalex_reference,test,openalex_expanded
W2940934954,W2897135094,1,actual_openalex_reference,test,openalex_expanded
W2940934954,W2898570661,1,actual_openalex_reference,test,openalex_expanded
W2940934954,W2907363676,1,actual_openalex_reference,test,openalex_expanded
W2940934954,W4232660822,1,actual_openalex_reference,test,openalex_expanded
W3202931411,W44494969,1,actual_openalex_reference,test,openalex_expanded
W3202931411,W2031337792,1,actual_openalex_reference,test,openalex_expanded
W3202931411,W2045146865,1,actual_openalex_reference,test,openalex_expanded
W3202931411,W2111303254,1,actual_openalex_reference,test,openalex_expanded
W3202931411,W2112796928,1,actual_openalex_reference,test,openalex_expanded
W3202931411,W2144025519,1,actual_openalex_reference,test,openalex_expanded
W3202931411,W2162190305,1,actual_openalex_reference,test,openalex_expanded
W3202931411,W2165698076,1,actual_openalex_reference,test,openalex_expanded
W3202931411,W2291731542,1,actual_openalex_reference,test,openalex_expanded
W2995558939,W814282759,1,actual_openalex_reference,test,openalex_expanded
W2995558939,W1970264769,1,actual_openalex_reference,test,openalex_expanded
W2995558939,W2026905436,1,actual_openalex_reference,test,openalex_expanded
W2995558939,W2027857686,1,actual_openalex_reference,test,openalex_expanded
W2995558939,W2031454541,1,actual_openalex_reference,test,openalex_expanded
W2995558939,W2121955477,1,actual_openalex_reference,test,openalex_expanded
W2995558939,W2123060977,1,actual_openalex_reference,test,openalex_expanded
W2995558939,W2218662124,1,actual_openalex_reference,test,openalex_expanded
W2995558939,W2467659428,1,actual_openalex_reference,test,openalex_expanded
W2995558939,W2615131227,1,actual_openalex_reference,test,openalex_expanded
W2995558939,W2616747498,1,actual_openalex_reference,test,openalex_expanded
W2995558939,W2885077917,1,actual_openalex_reference,test,openalex_expanded
W2995558939,W2962772482,1,actual_openalex_reference,test,openalex_expanded
W2995558939,W4289709024,1,actual_openalex_reference,test,openalex_expanded
W3112782334,W639708223,1,actual_openalex_reference,test,openalex_expanded
W3112782334,W1507311411,1,actual_openalex_reference,test,openalex_expanded
W3112782334,W1536680647,1,actual_openalex_reference,test,openalex_expanded
W3112782334,W1923184257,1,actual_openalex_reference,test,openalex_expanded
W3112782334,W1967369969,1,actual_openalex_reference,test,openalex_expanded
W3112782334,W1971693194,1,actual_openalex_reference,test,openalex_expanded
W3112782334,W1990592195,1,actual_openalex_reference,test,openalex_expanded
W3112782334,W1998363013,1,actual_openalex_reference,test,openalex_expanded
W3112782334,W2028990532,1,actual_openalex_reference,test,openalex_expanded
W3112782334,W2065002911,1,actual_openalex_reference,test,openalex_expanded
W3112782334,W2097900287,1,actual_openalex_reference,test,openalex_expanded
W3112782334,W2099471712,1,actual_openalex_reference,test,openalex_expanded
W3112782334,W2109616376,1,actual_openalex_reference,test,openalex_expanded
W3112782334,W2114867966,1,actual_openalex_reference,test,openalex_expanded
W3112782334,W2133665775,1,actual_openalex_reference,test,openalex_expanded
W3112782334,W2141030717,1,actual_openalex_reference,test,openalex_expanded
W3112782334,W2147318913,1,actual_openalex_reference,test,openalex_expanded
W3112782334,W2156936307,1,actual_openalex_reference,test,openalex_expanded
W3112782334,W2162692770,1,actual_openalex_reference,test,openalex_expanded
W3112782334,W2186094539,1,actual_openalex_reference,test,openalex_expanded
W3112782334,W2187089797,1,actual_openalex_reference,test,openalex_expanded
W3112782334,W2256362396,1,actual_openalex_reference,test,openalex_expanded
W3112782334,W2467473805,1,actual_openalex_reference,test,openalex_expanded
W3112782334,W2536722097,1,actual_openalex_reference,test,openalex_expanded
W3112782334,W2570343428,1,actual_openalex_reference,test,openalex_expanded
W3112782334,W2593414223,1,actual_openalex_reference,test,openalex_expanded
W3112782334,W2613718673,1,actual_openalex_reference,test,openalex_expanded
W3112782334,W2751349477,1,actual_openalex_reference,test,openalex_expanded
W3112782334,W2767516232,1,actual_openalex_reference,test,openalex_expanded
W3112782334,W2779176852,1,actual_openalex_reference,test,openalex_expanded
W3112782334,W2788682721,1,actual_openalex_reference,test,openalex_expanded
W3112782334,W2798876216,1,actual_openalex_reference,test,openalex_expanded
W3112782334,W2888845754,1,actual_openalex_reference,test,openalex_expanded
W3112782334,W2890894871,1,actual_openalex_reference,test,openalex_expanded
W3112782334,W2899026108,1,actual_openalex_reference,test,openalex_expanded
W3112782334,W2901543290,1,actual_openalex_reference,test,openalex_expanded
W3112782334,W2949922688,1,actual_openalex_reference,test,openalex_expanded
W3112782334,W2962754725,1,actual_openalex_reference,test,openalex_expanded
W3112782334,W2962782447,1,actual_openalex_reference,test,openalex_expanded
W3112782334,W2963306157,1,actual_openalex_reference,test,openalex_expanded
W3112782334,W2963928582,1,actual_openalex_reference,test,openalex_expanded
W3112782334,W2985194834,1,actual_openalex_reference,test,openalex_expanded
W3112782334,W2990007814,1,actual_openalex_reference,test,openalex_expanded
W3112782334,W3010637479,1,actual_openalex_reference,test,openalex_expanded
W3112782334,W3015582066,1,actual_openalex_reference,test,openalex_expanded
W3112782334,W3022662467,1,actual_openalex_reference,test,openalex_expanded
W3112782334,W3106250896,1,actual_openalex_reference,test,openalex_expanded
W3184020822,W1514928307,1,actual_openalex_reference,test,openalex_expanded
W3184020822,W1782590233,1,actual_openalex_reference,test,openalex_expanded
W3184020822,W1949778830,1,actual_openalex_reference,test,openalex_expanded
W3184020822,W2019464758,1,actual_openalex_reference,test,openalex_expanded
W3184020822,W2341528187,1,actual_openalex_reference,test,openalex_expanded
W3184020822,W2404498690,1,actual_openalex_reference,test,openalex_expanded
W3184020822,W2732824340,1,actual_openalex_reference,test,openalex_expanded
W3184020822,W2736633948,1,actual_openalex_reference,test,openalex_expanded
W3184020822,W2752828042,1,actual_openalex_reference,test,openalex_expanded
W3184020822,W2776507577,1,actual_openalex_reference,test,openalex_expanded
W3184020822,W2786817236,1,actual_openalex_reference,test,openalex_expanded
W3184020822,W2796238763,1,actual_openalex_reference,test,openalex_expanded
W3184020822,W2937026839,1,actual_openalex_reference,test,openalex_expanded
W3184020822,W2950476261,1,actual_openalex_reference,test,openalex_expanded
W3184020822,W2962898354,1,actual_openalex_reference,test,openalex_expanded
W3184020822,W2963216120,1,actual_openalex_reference,test,openalex_expanded
W3184020822,W2963466847,1,actual_openalex_reference,test,openalex_expanded
W3184020822,W2963559058,1,actual_openalex_reference,test,openalex_expanded
W3184020822,W2963839617,1,actual_openalex_reference,test,openalex_expanded
W3184020822,W2970084480,1,actual_openalex_reference,test,openalex_expanded
W3184020822,W2985817549,1,actual_openalex_reference,test,openalex_expanded
W3184020822,W2994911121,1,actual_openalex_reference,test,openalex_expanded
W3184020822,W3008625353,1,actual_openalex_reference,test,openalex_expanded
W3184020822,W3034302825,1,actual_openalex_reference,test,openalex_expanded
W3184020822,W3034303554,1,actual_openalex_reference,test,openalex_expanded
W3216331645,W2152195021,1,actual_openalex_reference,test,openalex_expanded
W3216331645,W2156262512,1,actual_openalex_reference,test,openalex_expanded
W3216331645,W2410677328,1,actual_openalex_reference,test,openalex_expanded
W3216331645,W2413527939,1,actual_openalex_reference,test,openalex_expanded
W3216331645,W2489159973,1,actual_openalex_reference,test,openalex_expanded
W3216331645,W2556343638,1,actual_openalex_reference,test,openalex_expanded
W3216331645,W2595502370,1,actual_openalex_reference,test,openalex_expanded
W3216331645,W2724993384,1,actual_openalex_reference,test,openalex_expanded
W3216331645,W2727592975,1,actual_openalex_reference,test,openalex_expanded
W3216331645,W2734259173,1,actual_openalex_reference,test,openalex_expanded
W3216331645,W2769293273,1,actual_openalex_reference,test,openalex_expanded
W3216331645,W2770581177,1,actual_openalex_reference,test,openalex_expanded
W3216331645,W2773474358,1,actual_openalex_reference,test,openalex_expanded
W3216331645,W2776317535,1,actual_openalex_reference,test,openalex_expanded
W3216331645,W2783201493,1,actual_openalex_reference,test,openalex_expanded
W3216331645,W2801016318,1,actual_openalex_reference,test,openalex_expanded
W3216331645,W2810440851,1,actual_openalex_reference,test,openalex_expanded
W3216331645,W2843946816,1,actual_openalex_reference,test,openalex_expanded
W3216331645,W2883262743,1,actual_openalex_reference,test,openalex_expanded
W3216331645,W2887471996,1,actual_openalex_reference,test,openalex_expanded
W3216331645,W2888985868,1,actual_openalex_reference,test,openalex_expanded
W3216331645,W2895851783,1,actual_openalex_reference,test,openalex_expanded
W3216331645,W2900019936,1,actual_openalex_reference,test,openalex_expanded
W3216331645,W2910556840,1,actual_openalex_reference,test,openalex_expanded
W3216331645,W2921687288,1,actual_openalex_reference,test,openalex_expanded
W3216331645,W2923639984,1,actual_openalex_reference,test,openalex_expanded
W3216331645,W2938111495,1,actual_openalex_reference,test,openalex_expanded
W3216331645,W2966266966,1,actual_openalex_reference,test,openalex_expanded
W3216331645,W2967671868,1,actual_openalex_reference,test,openalex_expanded
W3216331645,W2968534587,1,actual_openalex_reference,test,openalex_expanded
W3216331645,W2968827164,1,actual_openalex_reference,test,openalex_expanded
W3216331645,W2977620944,1,actual_openalex_reference,test,openalex_expanded
W3216331645,W2981943969,1,actual_openalex_reference,test,openalex_expanded
W3216331645,W2985539565,1,actual_openalex_reference,test,openalex_expanded
W3216331645,W3003265726,1,actual_openalex_reference,test,openalex_expanded
W3216331645,W3007026013,1,actual_openalex_reference,test,openalex_expanded
W3216331645,W3010117582,1,actual_openalex_reference,test,openalex_expanded
W3216331645,W3010321770,1,actual_openalex_reference,test,openalex_expanded
W3216331645,W3011220450,1,actual_openalex_reference,test,openalex_expanded
W3216331645,W3012446350,1,actual_openalex_reference,test,openalex_expanded
W3216331645,W3013056622,1,actual_openalex_reference,test,openalex_expanded
W3216331645,W3015938905,1,actual_openalex_reference,test,openalex_expanded
W3216331645,W3027186203,1,actual_openalex_reference,test,openalex_expanded
W3216331645,W3035146471,1,actual_openalex_reference,test,openalex_expanded
W3216331645,W3037248710,1,actual_openalex_reference,test,openalex_expanded
W3216331645,W3037258640,1,actual_openalex_reference,test,openalex_expanded
W3216331645,W3048904406,1,actual_openalex_reference,test,openalex_expanded
W3216331645,W3097804851,1,actual_openalex_reference,test,openalex_expanded
W3216331645,W3120732119,1,actual_openalex_reference,test,openalex_expanded
W3216331645,W3124495982,1,actual_openalex_reference,test,openalex_expanded
W3216331645,W3138622452,1,actual_openalex_reference,test,openalex_expanded
W3216331645,W3159390405,1,actual_openalex_reference,test,openalex_expanded
W3216331645,W3181893221,1,actual_openalex_reference,test,openalex_expanded
W3216331645,W3184980526,1,actual_openalex_reference,test,openalex_expanded
W3216331645,W3193638351,1,actual_openalex_reference,test,openalex_expanded
W3216331645,W3194011002,1,actual_openalex_reference,test,openalex_expanded
W3216331645,W3195354597,1,actual_openalex_reference,test,openalex_expanded
W3216331645,W3199183478,1,actual_openalex_reference,test,openalex_expanded
W3216331645,W3201193708,1,actual_openalex_reference,test,openalex_expanded
W3216331645,W3208560513,1,actual_openalex_reference,test,openalex_expanded
W3216331645,W4293862731,1,actual_openalex_reference,test,openalex_expanded
W3175602168,W2123045220,1,actual_openalex_reference,test,openalex_expanded
W3175602168,W2148593155,1,actual_openalex_reference,test,openalex_expanded
W3175602168,W2170023599,1,actual_openalex_reference,test,openalex_expanded
W3175602168,W2423557781,1,actual_openalex_reference,test,openalex_expanded
W3175602168,W2488101143,1,actual_openalex_reference,test,openalex_expanded
W3175602168,W2490784316,1,actual_openalex_reference,test,openalex_expanded
W3175602168,W2597747080,1,actual_openalex_reference,test,openalex_expanded
W3175602168,W2732044853,1,actual_openalex_reference,test,openalex_expanded
W3175602168,W2805124033,1,actual_openalex_reference,test,openalex_expanded
W3175602168,W2892278106,1,actual_openalex_reference,test,openalex_expanded
W3175602168,W2893920456,1,actual_openalex_reference,test,openalex_expanded
W3175602168,W2938458886,1,actual_openalex_reference,test,openalex_expanded
W3175602168,W2949361041,1,actual_openalex_reference,test,openalex_expanded
W3175602168,W2950237263,1,actual_openalex_reference,test,openalex_expanded
W3175602168,W2962847516,1,actual_openalex_reference,test,openalex_expanded
W3175602168,W2963636093,1,actual_openalex_reference,test,openalex_expanded
W3175602168,W2964098744,1,actual_openalex_reference,test,openalex_expanded
W3175602168,W2988396473,1,actual_openalex_reference,test,openalex_expanded
W3175602168,W2995529043,1,actual_openalex_reference,test,openalex_expanded
W3175602168,W3001706831,1,actual_openalex_reference,test,openalex_expanded
W3175602168,W3014578089,1,actual_openalex_reference,test,openalex_expanded
W3175602168,W3032972997,1,actual_openalex_reference,test,openalex_expanded
W3175602168,W3035197843,1,actual_openalex_reference,test,openalex_expanded
W3110516712,W1984680759,1,actual_openalex_reference,test,openalex_expanded
W3110516712,W1988374166,1,actual_openalex_reference,test,openalex_expanded
W3110516712,W2033165262,1,actual_openalex_reference,test,openalex_expanded
W3110516712,W2061840562,1,actual_openalex_reference,test,openalex_expanded
W3110516712,W2063547437,1,actual_openalex_reference,test,openalex_expanded
W3110516712,W2086763678,1,actual_openalex_reference,test,openalex_expanded
W3110516712,W2089777274,1,actual_openalex_reference,test,openalex_expanded
W3110516712,W2098162425,1,actual_openalex_reference,test,openalex_expanded
W3110516712,W2146828512,1,actual_openalex_reference,test,openalex_expanded
W3110516712,W2147929033,1,actual_openalex_reference,test,openalex_expanded
W3110516712,W2404098708,1,actual_openalex_reference,test,openalex_expanded
W3110516712,W2407957622,1,actual_openalex_reference,test,openalex_expanded
W3110516712,W2472177816,1,actual_openalex_reference,test,openalex_expanded
W3110516712,W2527543526,1,actual_openalex_reference,test,openalex_expanded
W3110516712,W2613807115,1,actual_openalex_reference,test,openalex_expanded
W3110516712,W2639926268,1,actual_openalex_reference,test,openalex_expanded
W3110516712,W2743636256,1,actual_openalex_reference,test,openalex_expanded
W3110516712,W2765463836,1,actual_openalex_reference,test,openalex_expanded
W3110516712,W2765962063,1,actual_openalex_reference,test,openalex_expanded
W3110516712,W2766707306,1,actual_openalex_reference,test,openalex_expanded
W3110516712,W2789825674,1,actual_openalex_reference,test,openalex_expanded
W3110516712,W2792158747,1,actual_openalex_reference,test,openalex_expanded
W3110516712,W2920126279,1,actual_openalex_reference,test,openalex_expanded
W3110516712,W2970420884,1,actual_openalex_reference,test,openalex_expanded
W3110516712,W4213221013,1,actual_openalex_reference,test,openalex_expanded
W3176302227,W39976709,1,actual_openalex_reference,test,openalex_expanded
W3176302227,W89444804,1,actual_openalex_reference,test,openalex_expanded
W3176302227,W1522301498,1,actual_openalex_reference,test,openalex_expanded
W3176302227,W1533368239,1,actual_openalex_reference,test,openalex_expanded
W3176302227,W1533861849,1,actual_openalex_reference,test,openalex_expanded
W3176302227,W1994389483,1,actual_openalex_reference,test,openalex_expanded
W3176302227,W2003605635,1,actual_openalex_reference,test,openalex_expanded
W3176302227,W2008028081,1,actual_openalex_reference,test,openalex_expanded
W3176302227,W2009205701,1,actual_openalex_reference,test,openalex_expanded
W3176302227,W2026177831,1,actual_openalex_reference,test,openalex_expanded
W3176302227,W2052849329,1,actual_openalex_reference,test,openalex_expanded
W3176302227,W2062993469,1,actual_openalex_reference,test,openalex_expanded
W3176302227,W2064702560,1,actual_openalex_reference,test,openalex_expanded
W3176302227,W2093219534,1,actual_openalex_reference,test,openalex_expanded
W3176302227,W2096563449,1,actual_openalex_reference,test,openalex_expanded
W3176302227,W2119825970,1,actual_openalex_reference,test,openalex_expanded
W3176302227,W2135598826,1,actual_openalex_reference,test,openalex_expanded
W3176302227,W2140310134,1,actual_openalex_reference,test,openalex_expanded
W3176302227,W2144487656,1,actual_openalex_reference,test,openalex_expanded
W3176302227,W2163070038,1,actual_openalex_reference,test,openalex_expanded
W3176302227,W2172118809,1,actual_openalex_reference,test,openalex_expanded
W3176302227,W2187089797,1,actual_openalex_reference,test,openalex_expanded
W3176302227,W2340502990,1,actual_openalex_reference,test,openalex_expanded
W3176302227,W2433886250,1,actual_openalex_reference,test,openalex_expanded
W3176302227,W2510551615,1,actual_openalex_reference,test,openalex_expanded
W3176302227,W2605350416,1,actual_openalex_reference,test,openalex_expanded
W3176302227,W2614930938,1,actual_openalex_reference,test,openalex_expanded
W3176302227,W2624407581,1,actual_openalex_reference,test,openalex_expanded
W3176302227,W2626473670,1,actual_openalex_reference,test,openalex_expanded
W3176302227,W2795034086,1,actual_openalex_reference,test,openalex_expanded
W3176302227,W2798538558,1,actual_openalex_reference,test,openalex_expanded
W3176302227,W2807021761,1,actual_openalex_reference,test,openalex_expanded
W3176302227,W2899457523,1,actual_openalex_reference,test,openalex_expanded
W3176302227,W2914721378,1,actual_openalex_reference,test,openalex_expanded
W3176302227,W2945623882,1,actual_openalex_reference,test,openalex_expanded
W3176302227,W2945827670,1,actual_openalex_reference,test,openalex_expanded
W3176302227,W2949179185,1,actual_openalex_reference,test,openalex_expanded
W3176302227,W2951217911,1,actual_openalex_reference,test,openalex_expanded
W3176302227,W2952118120,1,actual_openalex_reference,test,openalex_expanded
W3176302227,W2952337488,1,actual_openalex_reference,test,openalex_expanded
W3176302227,W2955141733,1,actual_openalex_reference,test,openalex_expanded
W3176302227,W2962712142,1,actual_openalex_reference,test,openalex_expanded
W3176302227,W2963146368,1,actual_openalex_reference,test,openalex_expanded
W3176302227,W2964015378,1,actual_openalex_reference,test,openalex_expanded
W3176302227,W2966051950,1,actual_openalex_reference,test,openalex_expanded
W3176302227,W2969689322,1,actual_openalex_reference,test,openalex_expanded
W3176302227,W2971600245,1,actual_openalex_reference,test,openalex_expanded
W3176302227,W2979057167,1,actual_openalex_reference,test,openalex_expanded
W3176302227,W3004578093,1,actual_openalex_reference,test,openalex_expanded
W3176302227,W3028827364,1,actual_openalex_reference,test,openalex_expanded
W3176302227,W3031475799,1,actual_openalex_reference,test,openalex_expanded
W3176302227,W3034471508,1,actual_openalex_reference,test,openalex_expanded
W3176302227,W3035287707,1,actual_openalex_reference,test,openalex_expanded
W3176302227,W3045200674,1,actual_openalex_reference,test,openalex_expanded
W3176302227,W3099939189,1,actual_openalex_reference,test,openalex_expanded
W3176302227,W4301312111,1,actual_openalex_reference,test,openalex_expanded
W3163242165,W2505477513,1,actual_openalex_reference,test,openalex_expanded
W3163242165,W2808195526,1,actual_openalex_reference,test,openalex_expanded
W3163242165,W2886012284,1,actual_openalex_reference,test,openalex_expanded
W3163242165,W2903422448,1,actual_openalex_reference,test,openalex_expanded
W3163242165,W3129274951,1,actual_openalex_reference,test,openalex_expanded
W2953256427,W1539225827,1,actual_openalex_reference,test,openalex_expanded
W2953256427,W1944668124,1,actual_openalex_reference,test,openalex_expanded
W2953256427,W2023443910,1,actual_openalex_reference,test,openalex_expanded
W2953256427,W2124497098,1,actual_openalex_reference,test,openalex_expanded
W2953256427,W2126482901,1,actual_openalex_reference,test,openalex_expanded
W2953256427,W2184331804,1,actual_openalex_reference,test,openalex_expanded
W2953256427,W2508107934,1,actual_openalex_reference,test,openalex_expanded
W2953256427,W2513380446,1,actual_openalex_reference,test,openalex_expanded
W2953256427,W2575585029,1,actual_openalex_reference,test,openalex_expanded
W2953256427,W2575751680,1,actual_openalex_reference,test,openalex_expanded
W2953256427,W2606790800,1,actual_openalex_reference,test,openalex_expanded
W2953256427,W2783079718,1,actual_openalex_reference,test,openalex_expanded
W2953256427,W2784107710,1,actual_openalex_reference,test,openalex_expanded
W2953256427,W2792106437,1,actual_openalex_reference,test,openalex_expanded
W2953256427,W2887308277,1,actual_openalex_reference,test,openalex_expanded
W2953256427,W2912292336,1,actual_openalex_reference,test,openalex_expanded
W2953256427,W2945178661,1,actual_openalex_reference,test,openalex_expanded
W2953256427,W2963068985,1,actual_openalex_reference,test,openalex_expanded
W2953256427,W4251300318,1,actual_openalex_reference,test,openalex_expanded
W2964127652,W645937921,1,actual_openalex_reference,test,openalex_expanded
W2964127652,W1444168786,1,actual_openalex_reference,test,openalex_expanded
W2964127652,W1523813253,1,actual_openalex_reference,test,openalex_expanded
W2964127652,W1995258346,1,actual_openalex_reference,test,openalex_expanded
W2964127652,W2036860892,1,actual_openalex_reference,test,openalex_expanded
W2964127652,W2039217078,1,actual_openalex_reference,test,openalex_expanded
W2964127652,W2051007066,1,actual_openalex_reference,test,openalex_expanded
W2964127652,W2052810572,1,actual_openalex_reference,test,openalex_expanded
W2964127652,W2057342209,1,actual_openalex_reference,test,openalex_expanded
W2964127652,W2115792525,1,actual_openalex_reference,test,openalex_expanded
W2964127652,W2185175083,1,actual_openalex_reference,test,openalex_expanded
W2964127652,W2251329024,1,actual_openalex_reference,test,openalex_expanded
W2964127652,W2282219577,1,actual_openalex_reference,test,openalex_expanded
W2964127652,W2612039655,1,actual_openalex_reference,test,openalex_expanded
W2964127652,W2625209636,1,actual_openalex_reference,test,openalex_expanded
W2964127652,W2753232960,1,actual_openalex_reference,test,openalex_expanded
W2964127652,W2777680450,1,actual_openalex_reference,test,openalex_expanded
W2964127652,W2799185021,1,actual_openalex_reference,test,openalex_expanded
W2964127652,W2886641317,1,actual_openalex_reference,test,openalex_expanded
W2964127652,W2890399523,1,actual_openalex_reference,test,openalex_expanded
W2964127652,W2903410490,1,actual_openalex_reference,test,openalex_expanded
W2964127652,W2905752311,1,actual_openalex_reference,test,openalex_expanded
W2964127652,W2962935746,1,actual_openalex_reference,test,openalex_expanded
W2964127652,W2962968835,1,actual_openalex_reference,test,openalex_expanded
W2964127652,W2964168617,1,actual_openalex_reference,test,openalex_expanded
W2964127652,W2964267515,1,actual_openalex_reference,test,openalex_expanded
W2934720435,W51951760,1,actual_openalex_reference,test,openalex_expanded
W2934720435,W1499992849,1,actual_openalex_reference,test,openalex_expanded
W2934720435,W1535713556,1,actual_openalex_reference,test,openalex_expanded
W2934720435,W1587981097,1,actual_openalex_reference,test,openalex_expanded
W2934720435,W1655226010,1,actual_openalex_reference,test,openalex_expanded
W2934720435,W1825457006,1,actual_openalex_reference,test,openalex_expanded
W2934720435,W1878544538,1,actual_openalex_reference,test,openalex_expanded
W2934720435,W1969501726,1,actual_openalex_reference,test,openalex_expanded
W2934720435,W1971289424,1,actual_openalex_reference,test,openalex_expanded
W2934720435,W1973108383,1,actual_openalex_reference,test,openalex_expanded
W2934720435,W1973326708,1,actual_openalex_reference,test,openalex_expanded
W2934720435,W1984471991,1,actual_openalex_reference,test,openalex_expanded
W2934720435,W1985229168,1,actual_openalex_reference,test,openalex_expanded
W2934720435,W1994759706,1,actual_openalex_reference,test,openalex_expanded
W2934720435,W1996931407,1,actual_openalex_reference,test,openalex_expanded
W2934720435,W1997394198,1,actual_openalex_reference,test,openalex_expanded
W2934720435,W2020208333,1,actual_openalex_reference,test,openalex_expanded
W2934720435,W2031641633,1,actual_openalex_reference,test,openalex_expanded
W2934720435,W2033320580,1,actual_openalex_reference,test,openalex_expanded
W2934720435,W2059278087,1,actual_openalex_reference,test,openalex_expanded
W2934720435,W2063453797,1,actual_openalex_reference,test,openalex_expanded
W2934720435,W2075569702,1,actual_openalex_reference,test,openalex_expanded
W2934720435,W2079549821,1,actual_openalex_reference,test,openalex_expanded
W2934720435,W2096267728,1,actual_openalex_reference,test,openalex_expanded
W2934720435,W2098536553,1,actual_openalex_reference,test,openalex_expanded
W2934720435,W2098806455,1,actual_openalex_reference,test,openalex_expanded
W2934720435,W2098809490,1,actual_openalex_reference,test,openalex_expanded
W2934720435,W2106412703,1,actual_openalex_reference,test,openalex_expanded
W2934720435,W2114067856,1,actual_openalex_reference,test,openalex_expanded
W2934720435,W2117703831,1,actual_openalex_reference,test,openalex_expanded
W2934720435,W2117798902,1,actual_openalex_reference,test,openalex_expanded
W2934720435,W2121218648,1,actual_openalex_reference,test,openalex_expanded
W2934720435,W2121562991,1,actual_openalex_reference,test,openalex_expanded
W2934720435,W2122757982,1,actual_openalex_reference,test,openalex_expanded
W2934720435,W2126790595,1,actual_openalex_reference,test,openalex_expanded
W2934720435,W2131734025,1,actual_openalex_reference,test,openalex_expanded
W2934720435,W2134028114,1,actual_openalex_reference,test,openalex_expanded
W2934720435,W2141365240,1,actual_openalex_reference,test,openalex_expanded
W2934720435,W2155851497,1,actual_openalex_reference,test,openalex_expanded
W2934720435,W2156858199,1,actual_openalex_reference,test,openalex_expanded
W2934720435,W2160725972,1,actual_openalex_reference,test,openalex_expanded
W2934720435,W2162986442,1,actual_openalex_reference,test,openalex_expanded
W2934720435,W2165266180,1,actual_openalex_reference,test,openalex_expanded
W2934720435,W2171482413,1,actual_openalex_reference,test,openalex_expanded
W2934720435,W2171938395,1,actual_openalex_reference,test,openalex_expanded
W2934720435,W2483461216,1,actual_openalex_reference,test,openalex_expanded
W2934720435,W2511192821,1,actual_openalex_reference,test,openalex_expanded
W2934720435,W2517176850,1,actual_openalex_reference,test,openalex_expanded
W2934720435,W2537014044,1,actual_openalex_reference,test,openalex_expanded
W2934720435,W2560817611,1,actual_openalex_reference,test,openalex_expanded
W2934720435,W2586250227,1,actual_openalex_reference,test,openalex_expanded
W2934720435,W2606228508,1,actual_openalex_reference,test,openalex_expanded
W2934720435,W2606752733,1,actual_openalex_reference,test,openalex_expanded
W2934720435,W2623418598,1,actual_openalex_reference,test,openalex_expanded
W2934720435,W2767161562,1,actual_openalex_reference,test,openalex_expanded
W2934720435,W2798642344,1,actual_openalex_reference,test,openalex_expanded
W2934720435,W3015167333,1,actual_openalex_reference,test,openalex_expanded
W2934720435,W4230177578,1,actual_openalex_reference,test,openalex_expanded
W2934720435,W4237187719,1,actual_openalex_reference,test,openalex_expanded
W2934720435,W4242383889,1,actual_openalex_reference,test,openalex_expanded
W2934720435,W4249886898,1,actual_openalex_reference,test,openalex_expanded
W2934720435,W4251201460,1,actual_openalex_reference,test,openalex_expanded
W2934720435,W4256532365,1,actual_openalex_reference,test,openalex_expanded
W3216243542,W2910950436,1,actual_openalex_reference,test,openalex_expanded
W3216243542,W3023838302,1,actual_openalex_reference,test,openalex_expanded
W3216243542,W3040731941,1,actual_openalex_reference,test,openalex_expanded
W3216243542,W3044265486,1,actual_openalex_reference,test,openalex_expanded
W3216243542,W3184931823,1,actual_openalex_reference,test,openalex_expanded
W3216243542,W3185263406,1,actual_openalex_reference,test,openalex_expanded
W3216243542,W4246709194,1,actual_openalex_reference,test,openalex_expanded
W3000666583,W281417399,1,actual_openalex_reference,test,openalex_expanded
W3000666583,W570009404,1,actual_openalex_reference,test,openalex_expanded
W3000666583,W1120108709,1,actual_openalex_reference,test,openalex_expanded
W3000666583,W1537860447,1,actual_openalex_reference,test,openalex_expanded
W3000666583,W1913957972,1,actual_openalex_reference,test,openalex_expanded
W3000666583,W1985734013,1,actual_openalex_reference,test,openalex_expanded
W3000666583,W1988050849,1,actual_openalex_reference,test,openalex_expanded
W3000666583,W1990060255,1,actual_openalex_reference,test,openalex_expanded
W3000666583,W2017410258,1,actual_openalex_reference,test,openalex_expanded
W3000666583,W2018037215,1,actual_openalex_reference,test,openalex_expanded
W3000666583,W2056188669,1,actual_openalex_reference,test,openalex_expanded
W3000666583,W2100029531,1,actual_openalex_reference,test,openalex_expanded
W3000666583,W2134909245,1,actual_openalex_reference,test,openalex_expanded
W3000666583,W2165568289,1,actual_openalex_reference,test,openalex_expanded
W3000666583,W2167264489,1,actual_openalex_reference,test,openalex_expanded
W3000666583,W2339183141,1,actual_openalex_reference,test,openalex_expanded
W3000666583,W2624651098,1,actual_openalex_reference,test,openalex_expanded
W3000666583,W2766033597,1,actual_openalex_reference,test,openalex_expanded
W3000666583,W2767702763,1,actual_openalex_reference,test,openalex_expanded
W3000666583,W2902987047,1,actual_openalex_reference,test,openalex_expanded
W3000666583,W2943222368,1,actual_openalex_reference,test,openalex_expanded
W3000666583,W2953779145,1,actual_openalex_reference,test,openalex_expanded
W3000666583,W2964711230,1,actual_openalex_reference,test,openalex_expanded
W3000666583,W4298197049,1,actual_openalex_reference,test,openalex_expanded
W3000666583,W4321633328,1,actual_openalex_reference,test,openalex_expanded
W3000666583,W4387356588,1,actual_openalex_reference,test,openalex_expanded
W4407432611,W1963527846,1,actual_openalex_reference,test,openalex_expanded
W4407432611,W2095059414,1,actual_openalex_reference,test,openalex_expanded
W4407432611,W2097044914,1,actual_openalex_reference,test,openalex_expanded
W4407432611,W2114296561,1,actual_openalex_reference,test,openalex_expanded
W4407432611,W2472333518,1,actual_openalex_reference,test,openalex_expanded
W4407432611,W2596636257,1,actual_openalex_reference,test,openalex_expanded
W4407432611,W2614052420,1,actual_openalex_reference,test,openalex_expanded
W4407432611,W2626074815,1,actual_openalex_reference,test,openalex_expanded
W4407432611,W2742747091,1,actual_openalex_reference,test,openalex_expanded
W4407432611,W2765776605,1,actual_openalex_reference,test,openalex_expanded
W4407432611,W2769394227,1,actual_openalex_reference,test,openalex_expanded
W4407432611,W2806487976,1,actual_openalex_reference,test,openalex_expanded
W4407432611,W2811024068,1,actual_openalex_reference,test,openalex_expanded
W4407432611,W2888076618,1,actual_openalex_reference,test,openalex_expanded
W4407432611,W2899076995,1,actual_openalex_reference,test,openalex_expanded
W4407432611,W2907932505,1,actual_openalex_reference,test,openalex_expanded
W4407432611,W2917076615,1,actual_openalex_reference,test,openalex_expanded
W4407432611,W2921939364,1,actual_openalex_reference,test,openalex_expanded
W4407432611,W2974084046,1,actual_openalex_reference,test,openalex_expanded
W4407432611,W2980191379,1,actual_openalex_reference,test,openalex_expanded
W4407432611,W2980821238,1,actual_openalex_reference,test,openalex_expanded
W4407432611,W2981544517,1,actual_openalex_reference,test,openalex_expanded
W4407432611,W2986240855,1,actual_openalex_reference,test,openalex_expanded
W4407432611,W3006387471,1,actual_openalex_reference,test,openalex_expanded
W4407432611,W3009007866,1,actual_openalex_reference,test,openalex_expanded
W4407432611,W3033529481,1,actual_openalex_reference,test,openalex_expanded
W4407432611,W3080144585,1,actual_openalex_reference,test,openalex_expanded
W4407432611,W3095933406,1,actual_openalex_reference,test,openalex_expanded
W4407432611,W3114916120,1,actual_openalex_reference,test,openalex_expanded
W4407432611,W3212193213,1,actual_openalex_reference,test,openalex_expanded
W4407432611,W4294672459,1,actual_openalex_reference,test,openalex_expanded
W4407432611,W4316021953,1,actual_openalex_reference,test,openalex_expanded
W4407432611,W4360585171,1,actual_openalex_reference,test,openalex_expanded
W4407432611,W4362577446,1,actual_openalex_reference,test,openalex_expanded
W4407432611,W4362670332,1,actual_openalex_reference,test,openalex_expanded
W4407432611,W4382050366,1,actual_openalex_reference,test,openalex_expanded
W4407432611,W4385224913,1,actual_openalex_reference,test,openalex_expanded
W4407432611,W4385462083,1,actual_openalex_reference,test,openalex_expanded
W4407432611,W4387734522,1,actual_openalex_reference,test,openalex_expanded
W4407432611,W4389011243,1,actual_openalex_reference,test,openalex_expanded
W4407432611,W4389135324,1,actual_openalex_reference,test,openalex_expanded
W4407432611,W4396918128,1,actual_openalex_reference,test,openalex_expanded
W7133224764,W2064675550,1,actual_openalex_reference,test,openalex_expanded
W7133224764,W2152896489,1,actual_openalex_reference,test,openalex_expanded
W7133224764,W2172897761,1,actual_openalex_reference,test,openalex_expanded
W7133224764,W2811105005,1,actual_openalex_reference,test,openalex_expanded
W7133224764,W2973119841,1,actual_openalex_reference,test,openalex_expanded
W7133224764,W3147262955,1,actual_openalex_reference,test,openalex_expanded
W7133224764,W4281937758,1,actual_openalex_reference,test,openalex_expanded
W7133224764,W4288039037,1,actual_openalex_reference,test,openalex_expanded
W7133224764,W4387206291,1,actual_openalex_reference,test,openalex_expanded
W7133224764,W4390425118,1,actual_openalex_reference,test,openalex_expanded
W7133224764,W4392242297,1,actual_openalex_reference,test,openalex_expanded
W7133224764,W4394771889,1,actual_openalex_reference,test,openalex_expanded
W7133224764,W4399675984,1,actual_openalex_reference,test,openalex_expanded
W7133224764,W4405194331,1,actual_openalex_reference,test,openalex_expanded
W7133224764,W4405214319,1,actual_openalex_reference,test,openalex_expanded
W7133224764,W4406053559,1,actual_openalex_reference,test,openalex_expanded
W7133224764,W4406170785,1,actual_openalex_reference,test,openalex_expanded
W4403600989,W1522684182,1,actual_openalex_reference,test,openalex_expanded
W4403600989,W1689711448,1,actual_openalex_reference,test,openalex_expanded
W4403600989,W2064675550,1,actual_openalex_reference,test,openalex_expanded
W4403600989,W2280404143,1,actual_openalex_reference,test,openalex_expanded
W4403600989,W2597505554,1,actual_openalex_reference,test,openalex_expanded
W4403600989,W2603547887,1,actual_openalex_reference,test,openalex_expanded
W4403600989,W2757504960,1,actual_openalex_reference,test,openalex_expanded
W4403600989,W2792764867,1,actual_openalex_reference,test,openalex_expanded
W4403600989,W2805530975,1,actual_openalex_reference,test,openalex_expanded
W4403600989,W2886283492,1,actual_openalex_reference,test,openalex_expanded
W4403600989,W2888109941,1,actual_openalex_reference,test,openalex_expanded
W4403600989,W2891400669,1,actual_openalex_reference,test,openalex_expanded
W4403600989,W2902802452,1,actual_openalex_reference,test,openalex_expanded
W4403600989,W2944772978,1,actual_openalex_reference,test,openalex_expanded
W4403600989,W2954731415,1,actual_openalex_reference,test,openalex_expanded
W4403600989,W2962750142,1,actual_openalex_reference,test,openalex_expanded
W4403600989,W2963053914,1,actual_openalex_reference,test,openalex_expanded
W4403600989,W2963290659,1,actual_openalex_reference,test,openalex_expanded
W4403600989,W2965119030,1,actual_openalex_reference,test,openalex_expanded
W4403600989,W2969413625,1,actual_openalex_reference,test,openalex_expanded
W4403600989,W2970309699,1,actual_openalex_reference,test,openalex_expanded
W4403600989,W2981869278,1,actual_openalex_reference,test,openalex_expanded
W4403600989,W2992144222,1,actual_openalex_reference,test,openalex_expanded
W4403600989,W2995750307,1,actual_openalex_reference,test,openalex_expanded
W4403600989,W3088248772,1,actual_openalex_reference,test,openalex_expanded
W4403600989,W3091927171,1,actual_openalex_reference,test,openalex_expanded
W4403600989,W3102419640,1,actual_openalex_reference,test,openalex_expanded
W4403600989,W3172100757,1,actual_openalex_reference,test,openalex_expanded
W4403600989,W3174161356,1,actual_openalex_reference,test,openalex_expanded
W4403600989,W3213556453,1,actual_openalex_reference,test,openalex_expanded
W4403600989,W3214411709,1,actual_openalex_reference,test,openalex_expanded
W4403600989,W4200191097,1,actual_openalex_reference,test,openalex_expanded
W4403600989,W4210737712,1,actual_openalex_reference,test,openalex_expanded
W4403600989,W4280514816,1,actual_openalex_reference,test,openalex_expanded
W4403600989,W4280519765,1,actual_openalex_reference,test,openalex_expanded
W4403600989,W4285030363,1,actual_openalex_reference,test,openalex_expanded
W4403600989,W4288058292,1,actual_openalex_reference,test,openalex_expanded
W4403600989,W4288083420,1,actual_openalex_reference,test,openalex_expanded
W4403600989,W4322717025,1,actual_openalex_reference,test,openalex_expanded
W4403600989,W4324145168,1,actual_openalex_reference,test,openalex_expanded
W4403600989,W4385245566,1,actual_openalex_reference,test,openalex_expanded
W4403600989,W4391602018,1,actual_openalex_reference,test,openalex_expanded
W4406736884,W1494323305,1,actual_openalex_reference,test,openalex_expanded
W4406736884,W1518236483,1,actual_openalex_reference,test,openalex_expanded
W4406736884,W1604156871,1,actual_openalex_reference,test,openalex_expanded
W4406736884,W2005476978,1,actual_openalex_reference,test,openalex_expanded
W4406736884,W2011460642,1,actual_openalex_reference,test,openalex_expanded
W4406736884,W2109309427,1,actual_openalex_reference,test,openalex_expanded
W4406736884,W2133707980,1,actual_openalex_reference,test,openalex_expanded
W4406736884,W2157440034,1,actual_openalex_reference,test,openalex_expanded
W4406736884,W2402794349,1,actual_openalex_reference,test,openalex_expanded
W4406736884,W2739240011,1,actual_openalex_reference,test,openalex_expanded
W4406736884,W2804635567,1,actual_openalex_reference,test,openalex_expanded
W4406736884,W2824545216,1,actual_openalex_reference,test,openalex_expanded
W4406736884,W2914266287,1,actual_openalex_reference,test,openalex_expanded
W4406736884,W2952426469,1,actual_openalex_reference,test,openalex_expanded
W4406736884,W2971678543,1,actual_openalex_reference,test,openalex_expanded
W4406736884,W2974820819,1,actual_openalex_reference,test,openalex_expanded
W4406736884,W3096637473,1,actual_openalex_reference,test,openalex_expanded
W4406736884,W3203210388,1,actual_openalex_reference,test,openalex_expanded
W4414231817,W1979345442,1,actual_openalex_reference,test,openalex_expanded
W4414231817,W2001123117,1,actual_openalex_reference,test,openalex_expanded
W4414231817,W2035929826,1,actual_openalex_reference,test,openalex_expanded
W4414231817,W2100123008,1,actual_openalex_reference,test,openalex_expanded
W4414231817,W2103398070,1,actual_openalex_reference,test,openalex_expanded
W4414231817,W2137147061,1,actual_openalex_reference,test,openalex_expanded
W4414231817,W4403291154,1,actual_openalex_reference,test,openalex_expanded
W4384699192,W1818831483,1,actual_openalex_reference,test,openalex_expanded
W4384699192,W1964521165,1,actual_openalex_reference,test,openalex_expanded
W4384699192,W1986007546,1,actual_openalex_reference,test,openalex_expanded
W4384699192,W1997677867,1,actual_openalex_reference,test,openalex_expanded
W4384699192,W2100281586,1,actual_openalex_reference,test,openalex_expanded
W4384699192,W2122111042,1,actual_openalex_reference,test,openalex_expanded
W4384699192,W2125687218,1,actual_openalex_reference,test,openalex_expanded
W4384699192,W2130695501,1,actual_openalex_reference,test,openalex_expanded
W4384699192,W2140095548,1,actual_openalex_reference,test,openalex_expanded
W4384699192,W2146076056,1,actual_openalex_reference,test,openalex_expanded
W4384699192,W2608979603,1,actual_openalex_reference,test,openalex_expanded
W4384699192,W3144619878,1,actual_openalex_reference,test,openalex_expanded
W4384699192,W3157644592,1,actual_openalex_reference,test,openalex_expanded
W4384699192,W3168997536,1,actual_openalex_reference,test,openalex_expanded
W4403085885,W1991374085,1,actual_openalex_reference,test,openalex_expanded
W4403085885,W2558381496,1,actual_openalex_reference,test,openalex_expanded
W4403085885,W2592763418,1,actual_openalex_reference,test,openalex_expanded
W4403085885,W2744000381,1,actual_openalex_reference,test,openalex_expanded
W4403085885,W2796288942,1,actual_openalex_reference,test,openalex_expanded
W4403085885,W2875648348,1,actual_openalex_reference,test,openalex_expanded
W4403085885,W2887002979,1,actual_openalex_reference,test,openalex_expanded
W4403085885,W2899651173,1,actual_openalex_reference,test,openalex_expanded
W4403085885,W2904005001,1,actual_openalex_reference,test,openalex_expanded
W4403085885,W2917639546,1,actual_openalex_reference,test,openalex_expanded
W4403085885,W2942803188,1,actual_openalex_reference,test,openalex_expanded
W4403085885,W2997207075,1,actual_openalex_reference,test,openalex_expanded
W4403085885,W3070038910,1,actual_openalex_reference,test,openalex_expanded
W4403085885,W3111679652,1,actual_openalex_reference,test,openalex_expanded
W4403085885,W3130041500,1,actual_openalex_reference,test,openalex_expanded
W4403085885,W3186513053,1,actual_openalex_reference,test,openalex_expanded
W4403085885,W4200100520,1,actual_openalex_reference,test,openalex_expanded
W4403085885,W4206034043,1,actual_openalex_reference,test,openalex_expanded
W7163919894,W1535686934,1,actual_openalex_reference,test,openalex_expanded
W7163919894,W2001407885,1,actual_openalex_reference,test,openalex_expanded
W7163919894,W2153779956,1,actual_openalex_reference,test,openalex_expanded
W7163919894,W2789981453,1,actual_openalex_reference,test,openalex_expanded
W7163919894,W2896376638,1,actual_openalex_reference,test,openalex_expanded
W7163919894,W2910491371,1,actual_openalex_reference,test,openalex_expanded
W7163919894,W2912009853,1,actual_openalex_reference,test,openalex_expanded
W7163919894,W2945049087,1,actual_openalex_reference,test,openalex_expanded
W7163919894,W2973034698,1,actual_openalex_reference,test,openalex_expanded
W7163919894,W2973920786,1,actual_openalex_reference,test,openalex_expanded
W7163919894,W2979935882,1,actual_openalex_reference,test,openalex_expanded
W7163919894,W3012116073,1,actual_openalex_reference,test,openalex_expanded
W7163919894,W3016134317,1,actual_openalex_reference,test,openalex_expanded
W7163919894,W3035563097,1,actual_openalex_reference,test,openalex_expanded
W7163919894,W3041234200,1,actual_openalex_reference,test,openalex_expanded
W7163919894,W3082528490,1,actual_openalex_reference,test,openalex_expanded
W7163919894,W3088238266,1,actual_openalex_reference,test,openalex_expanded
W7163919894,W3124895742,1,actual_openalex_reference,test,openalex_expanded
W7163919894,W3169189650,1,actual_openalex_reference,test,openalex_expanded
W7163919894,W3207194280,1,actual_openalex_reference,test,openalex_expanded
W7163919894,W3209180124,1,actual_openalex_reference,test,openalex_expanded
W7163919894,W4200267421,1,actual_openalex_reference,test,openalex_expanded
W7163919894,W4213006579,1,actual_openalex_reference,test,openalex_expanded
W7163919894,W4213075428,1,actual_openalex_reference,test,openalex_expanded
W7163919894,W4220986603,1,actual_openalex_reference,test,openalex_expanded
W7163919894,W4281493082,1,actual_openalex_reference,test,openalex_expanded
W7163919894,W4282983634,1,actual_openalex_reference,test,openalex_expanded
W7163919894,W4285725989,1,actual_openalex_reference,test,openalex_expanded
W7163919894,W4289918907,1,actual_openalex_reference,test,openalex_expanded
W7163919894,W4294275516,1,actual_openalex_reference,test,openalex_expanded
W7163919894,W4312103450,1,actual_openalex_reference,test,openalex_expanded
W7163919894,W4312181005,1,actual_openalex_reference,test,openalex_expanded
W7163919894,W4321608089,1,actual_openalex_reference,test,openalex_expanded
W7163919894,W4360595710,1,actual_openalex_reference,test,openalex_expanded
W7163919894,W4382073242,1,actual_openalex_reference,test,openalex_expanded
W7163919894,W4392626248,1,actual_openalex_reference,test,openalex_expanded
W7163919894,W4400650758,1,actual_openalex_reference,test,openalex_expanded
W7163919894,W4402102240,1,actual_openalex_reference,test,openalex_expanded
W7163919894,W4402275179,1,actual_openalex_reference,test,openalex_expanded
W7163919894,W4404951410,1,actual_openalex_reference,test,openalex_expanded
W4414116991,W2049910836,1,actual_openalex_reference,test,openalex_expanded
W4414116991,W2050288270,1,actual_openalex_reference,test,openalex_expanded
W4414116991,W2151226328,1,actual_openalex_reference,test,openalex_expanded
W4414116991,W2156950153,1,actual_openalex_reference,test,openalex_expanded
W4414116991,W2587823505,1,actual_openalex_reference,test,openalex_expanded
W4414116991,W2618132268,1,actual_openalex_reference,test,openalex_expanded
W4414116991,W2808549756,1,actual_openalex_reference,test,openalex_expanded
W4414116991,W2966362896,1,actual_openalex_reference,test,openalex_expanded
W4414116991,W2994120362,1,actual_openalex_reference,test,openalex_expanded
W4414116991,W3081769598,1,actual_openalex_reference,test,openalex_expanded
W4414116991,W3094613840,1,actual_openalex_reference,test,openalex_expanded
W4414116991,W3163304493,1,actual_openalex_reference,test,openalex_expanded
W4414116991,W4206505654,1,actual_openalex_reference,test,openalex_expanded
W4414116991,W4225150645,1,actual_openalex_reference,test,openalex_expanded
W4414116991,W4288083796,1,actual_openalex_reference,test,openalex_expanded
W4414116991,W4295767676,1,actual_openalex_reference,test,openalex_expanded
W4414116991,W4401024516,1,actual_openalex_reference,test,openalex_expanded
W4414116991,W4401331151,1,actual_openalex_reference,test,openalex_expanded
W4414116991,W4402401595,1,actual_openalex_reference,test,openalex_expanded
W7138055272,W2020647468,1,actual_openalex_reference,test,openalex_expanded
W7138055272,W2023808162,1,actual_openalex_reference,test,openalex_expanded
W7138055272,W2060692877,1,actual_openalex_reference,test,openalex_expanded
W7138055272,W2104717300,1,actual_openalex_reference,test,openalex_expanded
W7138055272,W2108747667,1,actual_openalex_reference,test,openalex_expanded
W7138055272,W2115051564,1,actual_openalex_reference,test,openalex_expanded
W7138055272,W2117030266,1,actual_openalex_reference,test,openalex_expanded
W7138055272,W2138788987,1,actual_openalex_reference,test,openalex_expanded
W7138055272,W2151135920,1,actual_openalex_reference,test,openalex_expanded
W7138055272,W2156858199,1,actual_openalex_reference,test,openalex_expanded
W7138055272,W2710130599,1,actual_openalex_reference,test,openalex_expanded
W7138055272,W2956875759,1,actual_openalex_reference,test,openalex_expanded
W7138055272,W2967277443,1,actual_openalex_reference,test,openalex_expanded
W7138055272,W3014360398,1,actual_openalex_reference,test,openalex_expanded
W7138055272,W3214121473,1,actual_openalex_reference,test,openalex_expanded
W7138055272,W4231002400,1,actual_openalex_reference,test,openalex_expanded
W7138055272,W4239813889,1,actual_openalex_reference,test,openalex_expanded
W7138055272,W4393970627,1,actual_openalex_reference,test,openalex_expanded
W4387654860,W1959608418,1,actual_openalex_reference,test,openalex_expanded
W4387654860,W2130942839,1,actual_openalex_reference,test,openalex_expanded
W4387654860,W2763583057,1,actual_openalex_reference,test,openalex_expanded
W4387654860,W2887540873,1,actual_openalex_reference,test,openalex_expanded
W4387654860,W3004999940,1,actual_openalex_reference,test,openalex_expanded
W4387654860,W3032537708,1,actual_openalex_reference,test,openalex_expanded
W4387654860,W4285821229,1,actual_openalex_reference,test,openalex_expanded
W4387654860,W4378977274,1,actual_openalex_reference,test,openalex_expanded
W4387654860,W4393543179,1,actual_openalex_reference,test,openalex_expanded
W4411202070,W2954132365,1,actual_openalex_reference,test,openalex_expanded
W4411202070,W2993776379,1,actual_openalex_reference,test,openalex_expanded
W4411202070,W3131287082,1,actual_openalex_reference,test,openalex_expanded
W4411202070,W3178972677,1,actual_openalex_reference,test,openalex_expanded
W4411202070,W4283079194,1,actual_openalex_reference,test,openalex_expanded
W4411202070,W4283662490,1,actual_openalex_reference,test,openalex_expanded
W4411202070,W4317600491,1,actual_openalex_reference,test,openalex_expanded
W4411202070,W4387616361,1,actual_openalex_reference,test,openalex_expanded
W4411202070,W4388347800,1,actual_openalex_reference,test,openalex_expanded
W4411202070,W4390626568,1,actual_openalex_reference,test,openalex_expanded
W4393858957,W2472526728,1,actual_openalex_reference,test,openalex_expanded
W4393858957,W2580948175,1,actual_openalex_reference,test,openalex_expanded
W4393858957,W3012003593,1,actual_openalex_reference,test,openalex_expanded
W4393858957,W3034976607,1,actual_openalex_reference,test,openalex_expanded
W4393858957,W3123172399,1,actual_openalex_reference,test,openalex_expanded
W4393858957,W3163707917,1,actual_openalex_reference,test,openalex_expanded
W4393858957,W4283802233,1,actual_openalex_reference,test,openalex_expanded
W4393858957,W4285289598,1,actual_openalex_reference,test,openalex_expanded
W4393858957,W4293087386,1,actual_openalex_reference,test,openalex_expanded
W4393858957,W4380482682,1,actual_openalex_reference,test,openalex_expanded
W4393858957,W4387028253,1,actual_openalex_reference,test,openalex_expanded
W4408048537,W2019376542,1,actual_openalex_reference,test,openalex_expanded
W4408048537,W2022518532,1,actual_openalex_reference,test,openalex_expanded
W4408048537,W2040907375,1,actual_openalex_reference,test,openalex_expanded
W4408048537,W2046137117,1,actual_openalex_reference,test,openalex_expanded
W4408048537,W2048365843,1,actual_openalex_reference,test,openalex_expanded
W4408048537,W2078944436,1,actual_openalex_reference,test,openalex_expanded
W4408048537,W2109375905,1,actual_openalex_reference,test,openalex_expanded
W4408048537,W2129902163,1,actual_openalex_reference,test,openalex_expanded
W4408048537,W2141576692,1,actual_openalex_reference,test,openalex_expanded
W4408048537,W2156876717,1,actual_openalex_reference,test,openalex_expanded
W4408048537,W2163552400,1,actual_openalex_reference,test,openalex_expanded
W4408048537,W2184230987,1,actual_openalex_reference,test,openalex_expanded
W4408048537,W2510703714,1,actual_openalex_reference,test,openalex_expanded
W4408048537,W2561708922,1,actual_openalex_reference,test,openalex_expanded
W4408048537,W2567568390,1,actual_openalex_reference,test,openalex_expanded
W4408048537,W2737306518,1,actual_openalex_reference,test,openalex_expanded
W4408048537,W3015074823,1,actual_openalex_reference,test,openalex_expanded
W4408048537,W3015096137,1,actual_openalex_reference,test,openalex_expanded
W4408048537,W3107145433,1,actual_openalex_reference,test,openalex_expanded
W4408048537,W3206286249,1,actual_openalex_reference,test,openalex_expanded
W4408048537,W4225138414,1,actual_openalex_reference,test,openalex_expanded
W4408048537,W4231733625,1,actual_openalex_reference,test,openalex_expanded
W4408048537,W4232498739,1,actual_openalex_reference,test,openalex_expanded
W4408048537,W4386711821,1,actual_openalex_reference,test,openalex_expanded
W4408048537,W4391069505,1,actual_openalex_reference,test,openalex_expanded
W4410040291,W2040049609,1,actual_openalex_reference,test,openalex_expanded
W4410040291,W2045523334,1,actual_openalex_reference,test,openalex_expanded
W4410040291,W2060967932,1,actual_openalex_reference,test,openalex_expanded
W4410040291,W2134679786,1,actual_openalex_reference,test,openalex_expanded
W4410040291,W2414928684,1,actual_openalex_reference,test,openalex_expanded
W4410040291,W2490483638,1,actual_openalex_reference,test,openalex_expanded
W4410040291,W2557739469,1,actual_openalex_reference,test,openalex_expanded
W4410040291,W2738765409,1,actual_openalex_reference,test,openalex_expanded
W4410040291,W2793905273,1,actual_openalex_reference,test,openalex_expanded
W4410040291,W2799479426,1,actual_openalex_reference,test,openalex_expanded
W4410040291,W2869219595,1,actual_openalex_reference,test,openalex_expanded
W4410040291,W2883683208,1,actual_openalex_reference,test,openalex_expanded
W4410040291,W2943732118,1,actual_openalex_reference,test,openalex_expanded
W4410040291,W2965262292,1,actual_openalex_reference,test,openalex_expanded
W4410040291,W2985029287,1,actual_openalex_reference,test,openalex_expanded
W4410040291,W3026667032,1,actual_openalex_reference,test,openalex_expanded
W4410040291,W3067252415,1,actual_openalex_reference,test,openalex_expanded
W4410040291,W3091170116,1,actual_openalex_reference,test,openalex_expanded
W4410040291,W3109805795,1,actual_openalex_reference,test,openalex_expanded
W4410040291,W3117180572,1,actual_openalex_reference,test,openalex_expanded
W4410040291,W3125460150,1,actual_openalex_reference,test,openalex_expanded
W4410040291,W3128494096,1,actual_openalex_reference,test,openalex_expanded
W4410040291,W3156823496,1,actual_openalex_reference,test,openalex_expanded
W4410040291,W3159754016,1,actual_openalex_reference,test,openalex_expanded
W4410040291,W3181067029,1,actual_openalex_reference,test,openalex_expanded
W4410040291,W4205258388,1,actual_openalex_reference,test,openalex_expanded
W4410040291,W4212803484,1,actual_openalex_reference,test,openalex_expanded
W4410040291,W4214855869,1,actual_openalex_reference,test,openalex_expanded
W4410040291,W4224980350,1,actual_openalex_reference,test,openalex_expanded
W4410040291,W4225714869,1,actual_openalex_reference,test,openalex_expanded
W4410040291,W4281809998,1,actual_openalex_reference,test,openalex_expanded
W4410040291,W4289656308,1,actual_openalex_reference,test,openalex_expanded
W4410040291,W4306874575,1,actual_openalex_reference,test,openalex_expanded
W4410040291,W4319787432,1,actual_openalex_reference,test,openalex_expanded
W4410040291,W4320018447,1,actual_openalex_reference,test,openalex_expanded
W4410040291,W4322576606,1,actual_openalex_reference,test,openalex_expanded
W4410040291,W4367549634,1,actual_openalex_reference,test,openalex_expanded
W4410040291,W4380264107,1,actual_openalex_reference,test,openalex_expanded
W4410040291,W4381748126,1,actual_openalex_reference,test,openalex_expanded
W4410040291,W4386470321,1,actual_openalex_reference,test,openalex_expanded
W4410040291,W4387010139,1,actual_openalex_reference,test,openalex_expanded
W4410040291,W4387149786,1,actual_openalex_reference,test,openalex_expanded
W4410040291,W4389610235,1,actual_openalex_reference,test,openalex_expanded
W4410040291,W4390110424,1,actual_openalex_reference,test,openalex_expanded
W4410040291,W4390984678,1,actual_openalex_reference,test,openalex_expanded
W4410040291,W4391407017,1,actual_openalex_reference,test,openalex_expanded
W4410040291,W4393991907,1,actual_openalex_reference,test,openalex_expanded
W4410040291,W4394698968,1,actual_openalex_reference,test,openalex_expanded
W4410040291,W4396513623,1,actual_openalex_reference,test,openalex_expanded
W4410040291,W4396733432,1,actual_openalex_reference,test,openalex_expanded
W4410040291,W4400188293,1,actual_openalex_reference,test,openalex_expanded
W4410040291,W4400291648,1,actual_openalex_reference,test,openalex_expanded
W4410040291,W4401339149,1,actual_openalex_reference,test,openalex_expanded
W4410040291,W4401915593,1,actual_openalex_reference,test,openalex_expanded
W4410040291,W4402968169,1,actual_openalex_reference,test,openalex_expanded
W4410040291,W4405179102,1,actual_openalex_reference,test,openalex_expanded
W4410040291,W4408323902,1,actual_openalex_reference,test,openalex_expanded
W4406459368,W2115333606,1,actual_openalex_reference,test,openalex_expanded
W4406459368,W2537420160,1,actual_openalex_reference,test,openalex_expanded
W4406459368,W3016213832,1,actual_openalex_reference,test,openalex_expanded
W4406459368,W3035905514,1,actual_openalex_reference,test,openalex_expanded
W4406459368,W3047573707,1,actual_openalex_reference,test,openalex_expanded
W4406459368,W3107704721,1,actual_openalex_reference,test,openalex_expanded
W4406459368,W3119451189,1,actual_openalex_reference,test,openalex_expanded
W4406459368,W3192165645,1,actual_openalex_reference,test,openalex_expanded
W4406459368,W3201934058,1,actual_openalex_reference,test,openalex_expanded
W4406459368,W3215115644,1,actual_openalex_reference,test,openalex_expanded
W4406459368,W4213280722,1,actual_openalex_reference,test,openalex_expanded
W4406459368,W4229444100,1,actual_openalex_reference,test,openalex_expanded
W4415027142,W4224216067,1,actual_openalex_reference,test,openalex_expanded
W4415027142,W4400484629,1,actual_openalex_reference,test,openalex_expanded
W4415027142,W4401641057,1,actual_openalex_reference,test,openalex_expanded
W4415027142,W4405022947,1,actual_openalex_reference,test,openalex_expanded
W4415027142,W4413268010,1,actual_openalex_reference,test,openalex_expanded
W4404815779,W1418557530,1,actual_openalex_reference,test,openalex_expanded
W4404815779,W1486707268,1,actual_openalex_reference,test,openalex_expanded
W4404815779,W1512746852,1,actual_openalex_reference,test,openalex_expanded
W4404815779,W1518224635,1,actual_openalex_reference,test,openalex_expanded
W4404815779,W1967711892,1,actual_openalex_reference,test,openalex_expanded
W4404815779,W1971950425,1,actual_openalex_reference,test,openalex_expanded
W4404815779,W1983405860,1,actual_openalex_reference,test,openalex_expanded
W4404815779,W1991899493,1,actual_openalex_reference,test,openalex_expanded
W4404815779,W2035297017,1,actual_openalex_reference,test,openalex_expanded
W4404815779,W2052685640,1,actual_openalex_reference,test,openalex_expanded
W4404815779,W2056037895,1,actual_openalex_reference,test,openalex_expanded
W4404815779,W2076256116,1,actual_openalex_reference,test,openalex_expanded
W4404815779,W2102388634,1,actual_openalex_reference,test,openalex_expanded
W4404815779,W2117080373,1,actual_openalex_reference,test,openalex_expanded
W4404815779,W2117726420,1,actual_openalex_reference,test,openalex_expanded
W4404815779,W2120008138,1,actual_openalex_reference,test,openalex_expanded
W4404815779,W2124583451,1,actual_openalex_reference,test,openalex_expanded
W4404815779,W2129103583,1,actual_openalex_reference,test,openalex_expanded
W4404815779,W2142110758,1,actual_openalex_reference,test,openalex_expanded
W4404815779,W2158782408,1,actual_openalex_reference,test,openalex_expanded
W4404815779,W2165793584,1,actual_openalex_reference,test,openalex_expanded
W4404815779,W2622127366,1,actual_openalex_reference,test,openalex_expanded
W4404815779,W2731943458,1,actual_openalex_reference,test,openalex_expanded
W4404815779,W2736601468,1,actual_openalex_reference,test,openalex_expanded
W4404815779,W2740828027,1,actual_openalex_reference,test,openalex_expanded
W4404815779,W2887258823,1,actual_openalex_reference,test,openalex_expanded
W4404815779,W2913913517,1,actual_openalex_reference,test,openalex_expanded
W4404815779,W2963930807,1,actual_openalex_reference,test,openalex_expanded
W4404815779,W2994240296,1,actual_openalex_reference,test,openalex_expanded
W4404815779,W4313453474,1,actual_openalex_reference,test,openalex_expanded
W4404815779,W4320477349,1,actual_openalex_reference,test,openalex_expanded
W4404815779,W4382931771,1,actual_openalex_reference,test,openalex_expanded
W4404815779,W4387652447,1,actual_openalex_reference,test,openalex_expanded
W4404815779,W4396732214,1,actual_openalex_reference,test,openalex_expanded
W4404815779,W4399284287,1,actual_openalex_reference,test,openalex_expanded
W4383109010,W1481215529,1,actual_openalex_reference,test,openalex_expanded
W4383109010,W1513008779,1,actual_openalex_reference,test,openalex_expanded
W4383109010,W1562736402,1,actual_openalex_reference,test,openalex_expanded
W4383109010,W1749494163,1,actual_openalex_reference,test,openalex_expanded
W4383109010,W1943808550,1,actual_openalex_reference,test,openalex_expanded
W4383109010,W1970324678,1,actual_openalex_reference,test,openalex_expanded
W4383109010,W1981983914,1,actual_openalex_reference,test,openalex_expanded
W4383109010,W2002201291,1,actual_openalex_reference,test,openalex_expanded
W4383109010,W2020934227,1,actual_openalex_reference,test,openalex_expanded
W4383109010,W2053044028,1,actual_openalex_reference,test,openalex_expanded
W4383109010,W2055875617,1,actual_openalex_reference,test,openalex_expanded
W4383109010,W2083402998,1,actual_openalex_reference,test,openalex_expanded
W4383109010,W2105934661,1,actual_openalex_reference,test,openalex_expanded
W4383109010,W2107802551,1,actual_openalex_reference,test,openalex_expanded
W4383109010,W2123487311,1,actual_openalex_reference,test,openalex_expanded
W4383109010,W2126423185,1,actual_openalex_reference,test,openalex_expanded
W4383109010,W2136517446,1,actual_openalex_reference,test,openalex_expanded
W4383109010,W2336416123,1,actual_openalex_reference,test,openalex_expanded
W4383109010,W2708033136,1,actual_openalex_reference,test,openalex_expanded
W4383109010,W2785781023,1,actual_openalex_reference,test,openalex_expanded
W4383109010,W3000625188,1,actual_openalex_reference,test,openalex_expanded
W4383109010,W3012829077,1,actual_openalex_reference,test,openalex_expanded
W4383109010,W3038423780,1,actual_openalex_reference,test,openalex_expanded
W4383109010,W3045040561,1,actual_openalex_reference,test,openalex_expanded
W4383109010,W3096217641,1,actual_openalex_reference,test,openalex_expanded
W4383109010,W3193974773,1,actual_openalex_reference,test,openalex_expanded
W4383109010,W4221140104,1,actual_openalex_reference,test,openalex_expanded
W4383109010,W4221156184,1,actual_openalex_reference,test,openalex_expanded
W4383109010,W4297900511,1,actual_openalex_reference,test,openalex_expanded
W4383109010,W4315471909,1,actual_openalex_reference,test,openalex_expanded
W4404688982,W2112796928,1,actual_openalex_reference,test,openalex_expanded
W4404688982,W2604319603,1,actual_openalex_reference,test,openalex_expanded
W4404688982,W2788160806,1,actual_openalex_reference,test,openalex_expanded
W4404688982,W2962677625,1,actual_openalex_reference,test,openalex_expanded
W4404688982,W3106378891,1,actual_openalex_reference,test,openalex_expanded
W4404688982,W3124022277,1,actual_openalex_reference,test,openalex_expanded
W4404688982,W3158020960,1,actual_openalex_reference,test,openalex_expanded
W4404688982,W4214831727,1,actual_openalex_reference,test,openalex_expanded
W4404688982,W4229064837,1,actual_openalex_reference,test,openalex_expanded
W4404688982,W4285151947,1,actual_openalex_reference,test,openalex_expanded
W4404688982,W4295872615,1,actual_openalex_reference,test,openalex_expanded
W4404688982,W4313160002,1,actual_openalex_reference,test,openalex_expanded
W4404688982,W4319988680,1,actual_openalex_reference,test,openalex_expanded
W4404688982,W4352981362,1,actual_openalex_reference,test,openalex_expanded
W4404688982,W4385478304,1,actual_openalex_reference,test,openalex_expanded
W4404688982,W4385482751,1,actual_openalex_reference,test,openalex_expanded
W4404688982,W4388017661,1,actual_openalex_reference,test,openalex_expanded
W4387220182,W835674047,1,actual_openalex_reference,test,openalex_expanded
W4387220182,W3013905522,1,actual_openalex_reference,test,openalex_expanded
W4387220182,W3208798213,1,actual_openalex_reference,test,openalex_expanded
W4393381643,W1994573369,1,actual_openalex_reference,test,openalex_expanded
W4393381643,W2247374552,1,actual_openalex_reference,test,openalex_expanded
W4393381643,W2402619042,1,actual_openalex_reference,test,openalex_expanded
W4393381643,W2516372287,1,actual_openalex_reference,test,openalex_expanded
W4393381643,W2624769809,1,actual_openalex_reference,test,openalex_expanded
W4393381643,W2749008552,1,actual_openalex_reference,test,openalex_expanded
W4393381643,W2766827306,1,actual_openalex_reference,test,openalex_expanded
W4393381643,W2794601162,1,actual_openalex_reference,test,openalex_expanded
W4393381643,W2805788202,1,actual_openalex_reference,test,openalex_expanded
W4393381643,W2888698761,1,actual_openalex_reference,test,openalex_expanded
W4393381643,W2955426500,1,actual_openalex_reference,test,openalex_expanded
W4393381643,W2960015367,1,actual_openalex_reference,test,openalex_expanded
W4393381643,W2994865335,1,actual_openalex_reference,test,openalex_expanded
W4393381643,W3014339000,1,actual_openalex_reference,test,openalex_expanded
W4393381643,W3045334720,1,actual_openalex_reference,test,openalex_expanded
W4393381643,W3081159607,1,actual_openalex_reference,test,openalex_expanded
W4393381643,W3085514074,1,actual_openalex_reference,test,openalex_expanded
W4393381643,W3090668753,1,actual_openalex_reference,test,openalex_expanded
W4393381643,W3093415205,1,actual_openalex_reference,test,openalex_expanded
W4393381643,W3093604544,1,actual_openalex_reference,test,openalex_expanded
W4393381643,W3094700537,1,actual_openalex_reference,test,openalex_expanded
W4393381643,W3126104791,1,actual_openalex_reference,test,openalex_expanded
W4393381643,W3138081324,1,actual_openalex_reference,test,openalex_expanded
W4393381643,W3167900421,1,actual_openalex_reference,test,openalex_expanded
W4393381643,W3174964092,1,actual_openalex_reference,test,openalex_expanded
W4393381643,W3195421019,1,actual_openalex_reference,test,openalex_expanded
W4393381643,W3199225770,1,actual_openalex_reference,test,openalex_expanded
W4393381643,W4239358516,1,actual_openalex_reference,test,openalex_expanded
W4393381643,W4303450757,1,actual_openalex_reference,test,openalex_expanded
W4393381643,W4312301942,1,actual_openalex_reference,test,openalex_expanded
W4393381643,W4313590979,1,actual_openalex_reference,test,openalex_expanded
W4388937920,W1665755328,1,actual_openalex_reference,test,openalex_expanded
W4388937920,W2117385163,1,actual_openalex_reference,test,openalex_expanded
W4388937920,W2161502867,1,actual_openalex_reference,test,openalex_expanded
W4388937920,W2189332031,1,actual_openalex_reference,test,openalex_expanded
W4388937920,W2760201167,1,actual_openalex_reference,test,openalex_expanded
W4388937920,W2901470255,1,actual_openalex_reference,test,openalex_expanded
W4388937920,W2970580997,1,actual_openalex_reference,test,openalex_expanded
W4388937920,W3148825766,1,actual_openalex_reference,test,openalex_expanded
W4388937920,W3153742252,1,actual_openalex_reference,test,openalex_expanded
W4388937920,W3180481887,1,actual_openalex_reference,test,openalex_expanded
W4388937920,W4225293158,1,actual_openalex_reference,test,openalex_expanded
W4388937920,W4285815800,1,actual_openalex_reference,test,openalex_expanded
W4388937920,W4287847600,1,actual_openalex_reference,test,openalex_expanded
W4403060627,W2609264514,1,actual_openalex_reference,test,openalex_expanded
W4403060627,W2614031764,1,actual_openalex_reference,test,openalex_expanded
W4403060627,W3100789280,1,actual_openalex_reference,test,openalex_expanded
W4403060627,W3216325961,1,actual_openalex_reference,test,openalex_expanded
W4412676623,W1923731317,1,actual_openalex_reference,test,openalex_expanded
W4412676623,W2115040353,1,actual_openalex_reference,test,openalex_expanded
W4412676623,W2124809053,1,actual_openalex_reference,test,openalex_expanded
W4412676623,W2127542606,1,actual_openalex_reference,test,openalex_expanded
W4412676623,W2131227926,1,actual_openalex_reference,test,openalex_expanded
W4412676623,W2154556191,1,actual_openalex_reference,test,openalex_expanded
W4412676623,W2764192991,1,actual_openalex_reference,test,openalex_expanded
W4412676623,W2888395648,1,actual_openalex_reference,test,openalex_expanded
W4412676623,W2890140518,1,actual_openalex_reference,test,openalex_expanded
W4412676623,W2905811773,1,actual_openalex_reference,test,openalex_expanded
W4412676623,W3119676664,1,actual_openalex_reference,test,openalex_expanded
W4412676623,W3125650202,1,actual_openalex_reference,test,openalex_expanded
W4412676623,W4235678817,1,actual_openalex_reference,test,openalex_expanded
W4412676623,W4321764794,1,actual_openalex_reference,test,openalex_expanded
W4412676623,W4394587172,1,actual_openalex_reference,test,openalex_expanded
W4412676623,W4396832705,1,actual_openalex_reference,test,openalex_expanded
W4412676623,W4402421464,1,actual_openalex_reference,test,openalex_expanded
W4412676623,W4403105543,1,actual_openalex_reference,test,openalex_expanded
W4412676623,W4410003416,1,actual_openalex_reference,test,openalex_expanded
W4386997987,W2895264248,1,actual_openalex_reference,test,openalex_expanded
W4386997987,W2910197492,1,actual_openalex_reference,test,openalex_expanded
W4386997987,W2938699827,1,actual_openalex_reference,test,openalex_expanded
W4386997987,W2941825058,1,actual_openalex_reference,test,openalex_expanded
W4386997987,W2954609262,1,actual_openalex_reference,test,openalex_expanded
W4386997987,W2980553052,1,actual_openalex_reference,test,openalex_expanded
W4386997987,W2997414109,1,actual_openalex_reference,test,openalex_expanded
W4386997987,W3020434223,1,actual_openalex_reference,test,openalex_expanded
W4386997987,W3094981029,1,actual_openalex_reference,test,openalex_expanded
W4386997987,W3116274835,1,actual_openalex_reference,test,openalex_expanded
W4386997987,W3157152365,1,actual_openalex_reference,test,openalex_expanded
W4386997987,W3157757375,1,actual_openalex_reference,test,openalex_expanded
W4386997987,W4254861769,1,actual_openalex_reference,test,openalex_expanded
W4386997987,W4281757528,1,actual_openalex_reference,test,openalex_expanded
W4408324235,W1571328821,1,actual_openalex_reference,test,openalex_expanded
W4408324235,W1993949541,1,actual_openalex_reference,test,openalex_expanded
W4408324235,W1996600352,1,actual_openalex_reference,test,openalex_expanded
W4408324235,W2005752086,1,actual_openalex_reference,test,openalex_expanded
W4408324235,W2038861084,1,actual_openalex_reference,test,openalex_expanded
W4408324235,W2768774055,1,actual_openalex_reference,test,openalex_expanded
W4408324235,W2973229164,1,actual_openalex_reference,test,openalex_expanded
W4408324235,W2982620711,1,actual_openalex_reference,test,openalex_expanded
W4408324235,W3017102407,1,actual_openalex_reference,test,openalex_expanded
W4408324235,W3114479013,1,actual_openalex_reference,test,openalex_expanded
W4408324235,W4210260647,1,actual_openalex_reference,test,openalex_expanded
W4408324235,W4375928946,1,actual_openalex_reference,test,openalex_expanded
W4386763626,W1639585783,1,actual_openalex_reference,test,openalex_expanded
W4386763626,W1652714411,1,actual_openalex_reference,test,openalex_expanded
W4386763626,W1980035202,1,actual_openalex_reference,test,openalex_expanded
W4386763626,W2092846975,1,actual_openalex_reference,test,openalex_expanded
W4386763626,W2107266546,1,actual_openalex_reference,test,openalex_expanded
W4386763626,W2128980432,1,actual_openalex_reference,test,openalex_expanded
W4386763626,W2209485861,1,actual_openalex_reference,test,openalex_expanded
W4386763626,W2292668861,1,actual_openalex_reference,test,openalex_expanded
W4386763626,W2341893605,1,actual_openalex_reference,test,openalex_expanded
W4386763626,W2543920671,1,actual_openalex_reference,test,openalex_expanded
W4386763626,W2735927200,1,actual_openalex_reference,test,openalex_expanded
W4386763626,W2747480149,1,actual_openalex_reference,test,openalex_expanded
W4386763626,W2765950327,1,actual_openalex_reference,test,openalex_expanded
W4386763626,W2773617726,1,actual_openalex_reference,test,openalex_expanded
W4386763626,W2810112233,1,actual_openalex_reference,test,openalex_expanded
W4386763626,W2884789028,1,actual_openalex_reference,test,openalex_expanded
W4386763626,W2902215642,1,actual_openalex_reference,test,openalex_expanded
W4386763626,W2908145531,1,actual_openalex_reference,test,openalex_expanded
W4386763626,W2929049293,1,actual_openalex_reference,test,openalex_expanded
W4386763626,W2945097383,1,actual_openalex_reference,test,openalex_expanded
W4386763626,W2961550135,1,actual_openalex_reference,test,openalex_expanded
W4386763626,W2974184504,1,actual_openalex_reference,test,openalex_expanded
W4386763626,W2976931502,1,actual_openalex_reference,test,openalex_expanded
W4386763626,W3042273423,1,actual_openalex_reference,test,openalex_expanded
W4386763626,W3072355892,1,actual_openalex_reference,test,openalex_expanded
W4386763626,W3097695316,1,actual_openalex_reference,test,openalex_expanded
W4386763626,W3112196665,1,actual_openalex_reference,test,openalex_expanded
W4386763626,W3121721826,1,actual_openalex_reference,test,openalex_expanded
W4386763626,W3124312221,1,actual_openalex_reference,test,openalex_expanded
W4386763626,W3126450618,1,actual_openalex_reference,test,openalex_expanded
W4386763626,W3160376784,1,actual_openalex_reference,test,openalex_expanded
W4386763626,W3216490468,1,actual_openalex_reference,test,openalex_expanded
W4386763626,W4221005759,1,actual_openalex_reference,test,openalex_expanded
W4386763626,W4223620181,1,actual_openalex_reference,test,openalex_expanded
W4386763626,W4280622835,1,actual_openalex_reference,test,openalex_expanded
W4401342280,W2016613525,1,actual_openalex_reference,test,openalex_expanded
W4401342280,W2038879461,1,actual_openalex_reference,test,openalex_expanded
W4401342280,W2080458911,1,actual_openalex_reference,test,openalex_expanded
W4401342280,W2140339782,1,actual_openalex_reference,test,openalex_expanded
W4401342280,W2155853355,1,actual_openalex_reference,test,openalex_expanded
W4401342280,W2156835762,1,actual_openalex_reference,test,openalex_expanded
W4401342280,W2331904237,1,actual_openalex_reference,test,openalex_expanded
W4401342280,W2466732742,1,actual_openalex_reference,test,openalex_expanded
W4401342280,W2507472597,1,actual_openalex_reference,test,openalex_expanded
W4401342280,W2883314064,1,actual_openalex_reference,test,openalex_expanded
W4401342280,W2891988338,1,actual_openalex_reference,test,openalex_expanded
W4401342280,W2902019482,1,actual_openalex_reference,test,openalex_expanded
W4401342280,W4285327134,1,actual_openalex_reference,test,openalex_expanded
W4401342280,W4379113489,1,actual_openalex_reference,test,openalex_expanded
W4401342280,W4386399631,1,actual_openalex_reference,test,openalex_expanded
W4401342280,W4389365900,1,actual_openalex_reference,test,openalex_expanded
W4401342280,W4392254992,1,actual_openalex_reference,test,openalex_expanded
W4405979671,W3027350963,1,actual_openalex_reference,test,openalex_expanded
W4405979671,W3159269958,1,actual_openalex_reference,test,openalex_expanded
W4405979671,W4318559727,1,actual_openalex_reference,test,openalex_expanded
W4405979671,W4322761329,1,actual_openalex_reference,test,openalex_expanded
W4405979671,W4376459928,1,actual_openalex_reference,test,openalex_expanded
W4405979671,W4386387160,1,actual_openalex_reference,test,openalex_expanded
W4405979671,W4389514187,1,actual_openalex_reference,test,openalex_expanded
W4405979671,W4400889670,1,actual_openalex_reference,test,openalex_expanded
W4405979671,W4409709288,1,actual_openalex_reference,test,openalex_expanded
W4404520924,W2010065958,1,actual_openalex_reference,test,openalex_expanded
W4404520924,W2100307718,1,actual_openalex_reference,test,openalex_expanded
W4404520924,W2732916693,1,actual_openalex_reference,test,openalex_expanded
W4404520924,W2931858311,1,actual_openalex_reference,test,openalex_expanded
W4404520924,W2996806689,1,actual_openalex_reference,test,openalex_expanded
W4404520924,W2998074434,1,actual_openalex_reference,test,openalex_expanded
W4404520924,W3167041328,1,actual_openalex_reference,test,openalex_expanded
W4404520924,W3167818199,1,actual_openalex_reference,test,openalex_expanded
W4404520924,W3199491448,1,actual_openalex_reference,test,openalex_expanded
W4404520924,W4205521168,1,actual_openalex_reference,test,openalex_expanded
W4404520924,W4214575608,1,actual_openalex_reference,test,openalex_expanded
W4404520924,W4226299747,1,actual_openalex_reference,test,openalex_expanded
W4404520924,W4284991562,1,actual_openalex_reference,test,openalex_expanded
W4404520924,W4287660544,1,actual_openalex_reference,test,openalex_expanded
W4404520924,W4290994944,1,actual_openalex_reference,test,openalex_expanded
W4404520924,W4312290548,1,actual_openalex_reference,test,openalex_expanded
W4404520924,W4323338649,1,actual_openalex_reference,test,openalex_expanded
W4404520924,W4323767268,1,actual_openalex_reference,test,openalex_expanded
W4404520924,W4327661585,1,actual_openalex_reference,test,openalex_expanded
W4404520924,W4380149054,1,actual_openalex_reference,test,openalex_expanded
W4404520924,W4383558957,1,actual_openalex_reference,test,openalex_expanded
W4404520924,W4390317718,1,actual_openalex_reference,test,openalex_expanded
W4404520924,W4392209846,1,actual_openalex_reference,test,openalex_expanded
W7117973277,W318042436,1,actual_openalex_reference,test,openalex_expanded
W7117973277,W1692174095,1,actual_openalex_reference,test,openalex_expanded
W7117973277,W2154173602,1,actual_openalex_reference,test,openalex_expanded
W7117973277,W2190660716,1,actual_openalex_reference,test,openalex_expanded
W7117973277,W2412467170,1,actual_openalex_reference,test,openalex_expanded
W7117973277,W2557996893,1,actual_openalex_reference,test,openalex_expanded
W7117973277,W2561272798,1,actual_openalex_reference,test,openalex_expanded
W7117973277,W2571156573,1,actual_openalex_reference,test,openalex_expanded
W7117973277,W2576546729,1,actual_openalex_reference,test,openalex_expanded
W7117973277,W2788964247,1,actual_openalex_reference,test,openalex_expanded
W7117973277,W2809427458,1,actual_openalex_reference,test,openalex_expanded
W7117973277,W2884675381,1,actual_openalex_reference,test,openalex_expanded
W7117973277,W2894030891,1,actual_openalex_reference,test,openalex_expanded
W7117973277,W2930065893,1,actual_openalex_reference,test,openalex_expanded
W7117973277,W2964094654,1,actual_openalex_reference,test,openalex_expanded
W7117973277,W2982157693,1,actual_openalex_reference,test,openalex_expanded
W7117973277,W3007733153,1,actual_openalex_reference,test,openalex_expanded
W7117973277,W3011215845,1,actual_openalex_reference,test,openalex_expanded
W7117973277,W3027013152,1,actual_openalex_reference,test,openalex_expanded
W7117973277,W3086544482,1,actual_openalex_reference,test,openalex_expanded
W7117973277,W3137274787,1,actual_openalex_reference,test,openalex_expanded
W7117973277,W3187783200,1,actual_openalex_reference,test,openalex_expanded
W7117973277,W4200242982,1,actual_openalex_reference,test,openalex_expanded
W7117973277,W4292560304,1,actual_openalex_reference,test,openalex_expanded
W7117973277,W4313142956,1,actual_openalex_reference,test,openalex_expanded
W7117973277,W4353074833,1,actual_openalex_reference,test,openalex_expanded
W7117973277,W4381837311,1,actual_openalex_reference,test,openalex_expanded
W7117973277,W4387886044,1,actual_openalex_reference,test,openalex_expanded
W7117973277,W4391572420,1,actual_openalex_reference,test,openalex_expanded
W7117973277,W4401717564,1,actual_openalex_reference,test,openalex_expanded
W7117973277,W4402915879,1,actual_openalex_reference,test,openalex_expanded
W7117973277,W4408281444,1,actual_openalex_reference,test,openalex_expanded
W7117973277,W4410709263,1,actual_openalex_reference,test,openalex_expanded
W7117973277,W4412506337,1,actual_openalex_reference,test,openalex_expanded
W4382053483,W2090477379,1,actual_openalex_reference,test,openalex_expanded
W4382053483,W2093849770,1,actual_openalex_reference,test,openalex_expanded
W4382053483,W2098003766,1,actual_openalex_reference,test,openalex_expanded
W4382053483,W2119929398,1,actual_openalex_reference,test,openalex_expanded
W4382053483,W2136508727,1,actual_openalex_reference,test,openalex_expanded
W4382053483,W2165777609,1,actual_openalex_reference,test,openalex_expanded
W4382053483,W2736385099,1,actual_openalex_reference,test,openalex_expanded
W4382053483,W2794233697,1,actual_openalex_reference,test,openalex_expanded
W4382053483,W2900193097,1,actual_openalex_reference,test,openalex_expanded
W4382053483,W2917903003,1,actual_openalex_reference,test,openalex_expanded
W4382053483,W2929378800,1,actual_openalex_reference,test,openalex_expanded
W4382053483,W3010159779,1,actual_openalex_reference,test,openalex_expanded
W4401612358,W2550143307,1,actual_openalex_reference,test,openalex_expanded
W4401612358,W2801574653,1,actual_openalex_reference,test,openalex_expanded
W4401612358,W2997940695,1,actual_openalex_reference,test,openalex_expanded
W4401612358,W3033294558,1,actual_openalex_reference,test,openalex_expanded
W4401612358,W3087084178,1,actual_openalex_reference,test,openalex_expanded
W4401612358,W3135957997,1,actual_openalex_reference,test,openalex_expanded
W4401612358,W3212535881,1,actual_openalex_reference,test,openalex_expanded
W4401612358,W4221153517,1,actual_openalex_reference,test,openalex_expanded
W4401612358,W4289913047,1,actual_openalex_reference,test,openalex_expanded
W4401612358,W4296871415,1,actual_openalex_reference,test,openalex_expanded
W4401612358,W4312570294,1,actual_openalex_reference,test,openalex_expanded
W4401612358,W4318586102,1,actual_openalex_reference,test,openalex_expanded
W4399604636,W2147264814,1,actual_openalex_reference,test,openalex_expanded
W4399604636,W2588994097,1,actual_openalex_reference,test,openalex_expanded
W4399604636,W2789384193,1,actual_openalex_reference,test,openalex_expanded
W4399604636,W2972093815,1,actual_openalex_reference,test,openalex_expanded
W4399604636,W3104411401,1,actual_openalex_reference,test,openalex_expanded
W4399604636,W3130770107,1,actual_openalex_reference,test,openalex_expanded
W4399604636,W3157368941,1,actual_openalex_reference,test,openalex_expanded
W4399604636,W3188018561,1,actual_openalex_reference,test,openalex_expanded
W4399604636,W3196015220,1,actual_openalex_reference,test,openalex_expanded
W4399604636,W3205414330,1,actual_openalex_reference,test,openalex_expanded
W4399604636,W3208076555,1,actual_openalex_reference,test,openalex_expanded
W4399604636,W4220761160,1,actual_openalex_reference,test,openalex_expanded
W4399604636,W4224272129,1,actual_openalex_reference,test,openalex_expanded
W4399604636,W4283731438,1,actual_openalex_reference,test,openalex_expanded
W4399604636,W4283765233,1,actual_openalex_reference,test,openalex_expanded
W4399604636,W4289711486,1,actual_openalex_reference,test,openalex_expanded
W4399604636,W4297129346,1,actual_openalex_reference,test,openalex_expanded
W4399604636,W4310215143,1,actual_openalex_reference,test,openalex_expanded
W4399604636,W4312210651,1,actual_openalex_reference,test,openalex_expanded
W4399604636,W4321100079,1,actual_openalex_reference,test,openalex_expanded
W4399604636,W4328119304,1,actual_openalex_reference,test,openalex_expanded
W4399604636,W4362520057,1,actual_openalex_reference,test,openalex_expanded
W4399604636,W4388563468,1,actual_openalex_reference,test,openalex_expanded
W4399604636,W4388760875,1,actual_openalex_reference,test,openalex_expanded
W4399604636,W4389493179,1,actual_openalex_reference,test,openalex_expanded
W4399604636,W4392771573,1,actual_openalex_reference,test,openalex_expanded
W4394911111,W2800583139,1,actual_openalex_reference,test,openalex_expanded
W4394911111,W3095666070,1,actual_openalex_reference,test,openalex_expanded
W4394911111,W3119300996,1,actual_openalex_reference,test,openalex_expanded
W4394911111,W3136934161,1,actual_openalex_reference,test,openalex_expanded
W4394911111,W3179223069,1,actual_openalex_reference,test,openalex_expanded
W4394911111,W3194146037,1,actual_openalex_reference,test,openalex_expanded
W4394911111,W3199597982,1,actual_openalex_reference,test,openalex_expanded
W4394911111,W3202491990,1,actual_openalex_reference,test,openalex_expanded
W4394911111,W4280594961,1,actual_openalex_reference,test,openalex_expanded
W4394911111,W4294691750,1,actual_openalex_reference,test,openalex_expanded
W4394911111,W4313398204,1,actual_openalex_reference,test,openalex_expanded
W4394911111,W4313555872,1,actual_openalex_reference,test,openalex_expanded
W4394911111,W4362496871,1,actual_openalex_reference,test,openalex_expanded
W4394911111,W4362498865,1,actual_openalex_reference,test,openalex_expanded
W4377821330,W2061928785,1,actual_openalex_reference,test,openalex_expanded
W4377821330,W2169818249,1,actual_openalex_reference,test,openalex_expanded
W3199119351,W573675567,1,actual_openalex_reference,test,openalex_expanded
W3199119351,W605824955,1,actual_openalex_reference,test,openalex_expanded
W3199119351,W1497727960,1,actual_openalex_reference,test,openalex_expanded
W3199119351,W1500827273,1,actual_openalex_reference,test,openalex_expanded
W3199119351,W1573666851,1,actual_openalex_reference,test,openalex_expanded
W3199119351,W1587625067,1,actual_openalex_reference,test,openalex_expanded
W3199119351,W1880807619,1,actual_openalex_reference,test,openalex_expanded
W3199119351,W1969155620,1,actual_openalex_reference,test,openalex_expanded
W3199119351,W1969213662,1,actual_openalex_reference,test,openalex_expanded
W3199119351,W1976805746,1,actual_openalex_reference,test,openalex_expanded
W3199119351,W1980965137,1,actual_openalex_reference,test,openalex_expanded
W3199119351,W1985183664,1,actual_openalex_reference,test,openalex_expanded
W3199119351,W1986450173,1,actual_openalex_reference,test,openalex_expanded
W3199119351,W1993529266,1,actual_openalex_reference,test,openalex_expanded
W3199119351,W1996160600,1,actual_openalex_reference,test,openalex_expanded
W3199119351,W1998196525,1,actual_openalex_reference,test,openalex_expanded
W3199119351,W1999172767,1,actual_openalex_reference,test,openalex_expanded
W3199119351,W2003700556,1,actual_openalex_reference,test,openalex_expanded
W3199119351,W2012618746,1,actual_openalex_reference,test,openalex_expanded
W3199119351,W2014936719,1,actual_openalex_reference,test,openalex_expanded
W3199119351,W2029069623,1,actual_openalex_reference,test,openalex_expanded
W3199119351,W2035183366,1,actual_openalex_reference,test,openalex_expanded
W3199119351,W2039343706,1,actual_openalex_reference,test,openalex_expanded
W3199119351,W2042490686,1,actual_openalex_reference,test,openalex_expanded
W3199119351,W2052752090,1,actual_openalex_reference,test,openalex_expanded
W3199119351,W2054979047,1,actual_openalex_reference,test,openalex_expanded
W3199119351,W2057817591,1,actual_openalex_reference,test,openalex_expanded
W3199119351,W2089120277,1,actual_openalex_reference,test,openalex_expanded
W3199119351,W2090840450,1,actual_openalex_reference,test,openalex_expanded
W3199119351,W2094438648,1,actual_openalex_reference,test,openalex_expanded
W3199119351,W2094559908,1,actual_openalex_reference,test,openalex_expanded
W3199119351,W2102591969,1,actual_openalex_reference,test,openalex_expanded
W3199119351,W2126751952,1,actual_openalex_reference,test,openalex_expanded
W3199119351,W2129638800,1,actual_openalex_reference,test,openalex_expanded
W3199119351,W2131286165,1,actual_openalex_reference,test,openalex_expanded
W3199119351,W2138075164,1,actual_openalex_reference,test,openalex_expanded
W3199119351,W2158325528,1,actual_openalex_reference,test,openalex_expanded
W3199119351,W2161477758,1,actual_openalex_reference,test,openalex_expanded
W3199119351,W2166717942,1,actual_openalex_reference,test,openalex_expanded
W3199119351,W2167274974,1,actual_openalex_reference,test,openalex_expanded
W3199119351,W2168527104,1,actual_openalex_reference,test,openalex_expanded
W3199119351,W2270732498,1,actual_openalex_reference,test,openalex_expanded
W3199119351,W2289812293,1,actual_openalex_reference,test,openalex_expanded
W3199119351,W2511908105,1,actual_openalex_reference,test,openalex_expanded
W3199119351,W2517271797,1,actual_openalex_reference,test,openalex_expanded
W3199119351,W2552835512,1,actual_openalex_reference,test,openalex_expanded
W3199119351,W2565661303,1,actual_openalex_reference,test,openalex_expanded
W3199119351,W2726264286,1,actual_openalex_reference,test,openalex_expanded
W3199119351,W2803043247,1,actual_openalex_reference,test,openalex_expanded
W3199119351,W2941010932,1,actual_openalex_reference,test,openalex_expanded
W3199119351,W2950585390,1,actual_openalex_reference,test,openalex_expanded
W3199119351,W2981978625,1,actual_openalex_reference,test,openalex_expanded
W3199119351,W3021889119,1,actual_openalex_reference,test,openalex_expanded
W3199119351,W3095024324,1,actual_openalex_reference,test,openalex_expanded
W3199119351,W3102899717,1,actual_openalex_reference,test,openalex_expanded
W3199119351,W3108583824,1,actual_openalex_reference,test,openalex_expanded
W3199119351,W3132827079,1,actual_openalex_reference,test,openalex_expanded
W3199119351,W3193895292,1,actual_openalex_reference,test,openalex_expanded
W3199119351,W4240867252,1,actual_openalex_reference,test,openalex_expanded
W3199119351,W4245465584,1,actual_openalex_reference,test,openalex_expanded
W3199119351,W4252068893,1,actual_openalex_reference,test,openalex_expanded
W4381835614,W1694082738,1,actual_openalex_reference,test,openalex_expanded
W4381835614,W1970026646,1,actual_openalex_reference,test,openalex_expanded
W4381835614,W2014678176,1,actual_openalex_reference,test,openalex_expanded
W4381835614,W2027506564,1,actual_openalex_reference,test,openalex_expanded
W4381835614,W2066362074,1,actual_openalex_reference,test,openalex_expanded
W4381835614,W2162744351,1,actual_openalex_reference,test,openalex_expanded
W4381835614,W2199929370,1,actual_openalex_reference,test,openalex_expanded
W4381835614,W2207058206,1,actual_openalex_reference,test,openalex_expanded
W4381835614,W2337480916,1,actual_openalex_reference,test,openalex_expanded
W4381835614,W2585527963,1,actual_openalex_reference,test,openalex_expanded
W4381835614,W2806667674,1,actual_openalex_reference,test,openalex_expanded
W4381835614,W2945186838,1,actual_openalex_reference,test,openalex_expanded
W4381835614,W4238450186,1,actual_openalex_reference,test,openalex_expanded
W4394593977,W861925310,1,actual_openalex_reference,test,openalex_expanded
W4394593977,W2012835745,1,actual_openalex_reference,test,openalex_expanded
W4394593977,W2065810994,1,actual_openalex_reference,test,openalex_expanded
W4394593977,W2160502824,1,actual_openalex_reference,test,openalex_expanded
W4394593977,W2371638596,1,actual_openalex_reference,test,openalex_expanded
W4394593977,W2788533098,1,actual_openalex_reference,test,openalex_expanded
W4394593977,W2980615187,1,actual_openalex_reference,test,openalex_expanded
W4394593977,W3045648360,1,actual_openalex_reference,test,openalex_expanded
W4394593977,W3093013726,1,actual_openalex_reference,test,openalex_expanded
W4394593977,W3093404842,1,actual_openalex_reference,test,openalex_expanded
W4394593977,W4321376997,1,actual_openalex_reference,test,openalex_expanded
W4394593977,W4390664694,1,actual_openalex_reference,test,openalex_expanded
W4389666747,W639708223,1,actual_openalex_reference,test,openalex_expanded
W4389666747,W1892339738,1,actual_openalex_reference,test,openalex_expanded
W4389666747,W1895577753,1,actual_openalex_reference,test,openalex_expanded
W4389666747,W1903029394,1,actual_openalex_reference,test,openalex_expanded
W4389666747,W2108598243,1,actual_openalex_reference,test,openalex_expanded
W4389666747,W2155007355,1,actual_openalex_reference,test,openalex_expanded
W4389666747,W2194775991,1,actual_openalex_reference,test,openalex_expanded
W4389666747,W2963326767,1,actual_openalex_reference,test,openalex_expanded
W4389666747,W2998012869,1,actual_openalex_reference,test,openalex_expanded
W4389666747,W3007769740,1,actual_openalex_reference,test,openalex_expanded
W4389666747,W3035524453,1,actual_openalex_reference,test,openalex_expanded
W4389666747,W3094502228,1,actual_openalex_reference,test,openalex_expanded
W4389666747,W3145450063,1,actual_openalex_reference,test,openalex_expanded
W4389666747,W3159619744,1,actual_openalex_reference,test,openalex_expanded
W4389666747,W3174510143,1,actual_openalex_reference,test,openalex_expanded
W4389666747,W3184735396,1,actual_openalex_reference,test,openalex_expanded
W4389666747,W3205786327,1,actual_openalex_reference,test,openalex_expanded
W4389666747,W4221167396,1,actual_openalex_reference,test,openalex_expanded
W4389666747,W4226167593,1,actual_openalex_reference,test,openalex_expanded
W4389666747,W4283211057,1,actual_openalex_reference,test,openalex_expanded
W4389666747,W4283449034,1,actual_openalex_reference,test,openalex_expanded
W4404465340,W2164777277,1,actual_openalex_reference,test,openalex_expanded
W4404465340,W2402444196,1,actual_openalex_reference,test,openalex_expanded
W4404465340,W2892235336,1,actual_openalex_reference,test,openalex_expanded
W4404465340,W2914141000,1,actual_openalex_reference,test,openalex_expanded
W4404465340,W2940900846,1,actual_openalex_reference,test,openalex_expanded
W4404465340,W2942193471,1,actual_openalex_reference,test,openalex_expanded
W4404465340,W2947571742,1,actual_openalex_reference,test,openalex_expanded
W4404465340,W2964212429,1,actual_openalex_reference,test,openalex_expanded
W4404465340,W2974600816,1,actual_openalex_reference,test,openalex_expanded
W4404465340,W2985446639,1,actual_openalex_reference,test,openalex_expanded
W4404465340,W3017157646,1,actual_openalex_reference,test,openalex_expanded
W4404465340,W3029251081,1,actual_openalex_reference,test,openalex_expanded
W4404465340,W3035113595,1,actual_openalex_reference,test,openalex_expanded
W4404465340,W3082179801,1,actual_openalex_reference,test,openalex_expanded
W4404465340,W3082731165,1,actual_openalex_reference,test,openalex_expanded
W4404465340,W3084223432,1,actual_openalex_reference,test,openalex_expanded
W4404465340,W3092256895,1,actual_openalex_reference,test,openalex_expanded
W4404465340,W3105527004,1,actual_openalex_reference,test,openalex_expanded
W4404465340,W3116824439,1,actual_openalex_reference,test,openalex_expanded
W4404465340,W3165274928,1,actual_openalex_reference,test,openalex_expanded
W4404465340,W3173900512,1,actual_openalex_reference,test,openalex_expanded
W4404465340,W4221097940,1,actual_openalex_reference,test,openalex_expanded
W4404465340,W4313326066,1,actual_openalex_reference,test,openalex_expanded
W4404465340,W4391717732,1,actual_openalex_reference,test,openalex_expanded
W4409000560,W1503112716,1,actual_openalex_reference,test,openalex_expanded
W4409000560,W2044852030,1,actual_openalex_reference,test,openalex_expanded
W4409000560,W2140196014,1,actual_openalex_reference,test,openalex_expanded
W4409000560,W2194775991,1,actual_openalex_reference,test,openalex_expanded
W4409000560,W2736213993,1,actual_openalex_reference,test,openalex_expanded
W4409000560,W2946889564,1,actual_openalex_reference,test,openalex_expanded
W4409000560,W2982041622,1,actual_openalex_reference,test,openalex_expanded
W4409000560,W2982479999,1,actual_openalex_reference,test,openalex_expanded
W4409000560,W2996343525,1,actual_openalex_reference,test,openalex_expanded
W4409000560,W3035332806,1,actual_openalex_reference,test,openalex_expanded
W4409000560,W3088658580,1,actual_openalex_reference,test,openalex_expanded
W4409000560,W3113050802,1,actual_openalex_reference,test,openalex_expanded
W4409000560,W3198139956,1,actual_openalex_reference,test,openalex_expanded
W4409000560,W4206175303,1,actual_openalex_reference,test,openalex_expanded
W4409000560,W4210680217,1,actual_openalex_reference,test,openalex_expanded
W4409000560,W4312766166,1,actual_openalex_reference,test,openalex_expanded
W4409000560,W4312890709,1,actual_openalex_reference,test,openalex_expanded
W4409000560,W4315473433,1,actual_openalex_reference,test,openalex_expanded
W4409000560,W4315630799,1,actual_openalex_reference,test,openalex_expanded
W4409000560,W4317350116,1,actual_openalex_reference,test,openalex_expanded
W4409000560,W4320912725,1,actual_openalex_reference,test,openalex_expanded
W4409000560,W4365420366,1,actual_openalex_reference,test,openalex_expanded
W4409000560,W4372348936,1,actual_openalex_reference,test,openalex_expanded
W4409000560,W4380052709,1,actual_openalex_reference,test,openalex_expanded
W4409000560,W4381665715,1,actual_openalex_reference,test,openalex_expanded
W4409000560,W4387885901,1,actual_openalex_reference,test,openalex_expanded
W4409000560,W4388584585,1,actual_openalex_reference,test,openalex_expanded
W4409000560,W4389544952,1,actual_openalex_reference,test,openalex_expanded
W4409000560,W4390838348,1,actual_openalex_reference,test,openalex_expanded
W4409000560,W4394586111,1,actual_openalex_reference,test,openalex_expanded
W4409000560,W4406650295,1,actual_openalex_reference,test,openalex_expanded
W4402660091,W764651262,1,actual_openalex_reference,test,openalex_expanded
W4402660091,W2108598243,1,actual_openalex_reference,test,openalex_expanded
W4402660091,W2194775991,1,actual_openalex_reference,test,openalex_expanded
W4402660091,W2259424905,1,actual_openalex_reference,test,openalex_expanded
W4402660091,W2431874326,1,actual_openalex_reference,test,openalex_expanded
W4402660091,W2737258237,1,actual_openalex_reference,test,openalex_expanded
W4402660091,W2962785568,1,actual_openalex_reference,test,openalex_expanded
W4402660091,W3177813494,1,actual_openalex_reference,test,openalex_expanded
W4402660091,W3199748991,1,actual_openalex_reference,test,openalex_expanded
W4402660091,W3214326397,1,actual_openalex_reference,test,openalex_expanded
W4402660091,W4281690148,1,actual_openalex_reference,test,openalex_expanded
W4402660091,W4283026156,1,actual_openalex_reference,test,openalex_expanded
W4402660091,W4288351520,1,actual_openalex_reference,test,openalex_expanded
W4402660091,W4300978570,1,actual_openalex_reference,test,openalex_expanded
W4402660091,W4310514436,1,actual_openalex_reference,test,openalex_expanded
W4402660091,W4312933868,1,actual_openalex_reference,test,openalex_expanded
W4402660091,W4312938727,1,actual_openalex_reference,test,openalex_expanded
W4402660091,W4323717348,1,actual_openalex_reference,test,openalex_expanded
W4402660091,W4353113046,1,actual_openalex_reference,test,openalex_expanded
W4402660091,W4360836968,1,actual_openalex_reference,test,openalex_expanded
W4402660091,W4362641980,1,actual_openalex_reference,test,openalex_expanded
W4402660091,W4366330503,1,actual_openalex_reference,test,openalex_expanded
W4402660091,W4366330698,1,actual_openalex_reference,test,openalex_expanded
W4402660091,W4366850747,1,actual_openalex_reference,test,openalex_expanded
W4402660091,W4385570912,1,actual_openalex_reference,test,openalex_expanded
W4402660091,W4386075504,1,actual_openalex_reference,test,openalex_expanded
W4402660091,W4386185625,1,actual_openalex_reference,test,openalex_expanded
W4376862407,W2051270432,1,actual_openalex_reference,test,openalex_expanded
W4376862407,W2076476236,1,actual_openalex_reference,test,openalex_expanded
W4376862407,W2167033632,1,actual_openalex_reference,test,openalex_expanded
W4376862407,W2587610600,1,actual_openalex_reference,test,openalex_expanded
W4376862407,W2726758627,1,actual_openalex_reference,test,openalex_expanded
W4376862407,W2739588406,1,actual_openalex_reference,test,openalex_expanded
W4376862407,W2906829733,1,actual_openalex_reference,test,openalex_expanded
W4376862407,W2943528195,1,actual_openalex_reference,test,openalex_expanded
W4376862407,W3121141908,1,actual_openalex_reference,test,openalex_expanded
W4376862407,W3197224871,1,actual_openalex_reference,test,openalex_expanded
W4376862407,W3208472273,1,actual_openalex_reference,test,openalex_expanded
W4376862407,W4213428796,1,actual_openalex_reference,test,openalex_expanded
W4376862407,W4224992102,1,actual_openalex_reference,test,openalex_expanded
W4376862407,W4230814294,1,actual_openalex_reference,test,openalex_expanded
W4376862407,W4293242744,1,actual_openalex_reference,test,openalex_expanded
W4386462717,W297271309,1,actual_openalex_reference,test,openalex_expanded
W4386462717,W1529698896,1,actual_openalex_reference,test,openalex_expanded
W4386462717,W1881192153,1,actual_openalex_reference,test,openalex_expanded
W4386462717,W1914840990,1,actual_openalex_reference,test,openalex_expanded
W4386462717,W1968328259,1,actual_openalex_reference,test,openalex_expanded
W4386462717,W1983798843,1,actual_openalex_reference,test,openalex_expanded
W4386462717,W2001184388,1,actual_openalex_reference,test,openalex_expanded
W4386462717,W2051562762,1,actual_openalex_reference,test,openalex_expanded
W4386462717,W2092694435,1,actual_openalex_reference,test,openalex_expanded
W4386462717,W2099211852,1,actual_openalex_reference,test,openalex_expanded
W4386462717,W2103356745,1,actual_openalex_reference,test,openalex_expanded
W4386462717,W2104706843,1,actual_openalex_reference,test,openalex_expanded
W4386462717,W2106725555,1,actual_openalex_reference,test,openalex_expanded
W4386462717,W2120414497,1,actual_openalex_reference,test,openalex_expanded
W4386462717,W2139155091,1,actual_openalex_reference,test,openalex_expanded
W4386462717,W2153635335,1,actual_openalex_reference,test,openalex_expanded
W4386462717,W2166819792,1,actual_openalex_reference,test,openalex_expanded
W4386462717,W2184282272,1,actual_openalex_reference,test,openalex_expanded
W4386462717,W2243528613,1,actual_openalex_reference,test,openalex_expanded
W4386462717,W2475224225,1,actual_openalex_reference,test,openalex_expanded
W4386462717,W2495714571,1,actual_openalex_reference,test,openalex_expanded
W4386462717,W2784503595,1,actual_openalex_reference,test,openalex_expanded
W4386462717,W2794790574,1,actual_openalex_reference,test,openalex_expanded
W4386462717,W2796137849,1,actual_openalex_reference,test,openalex_expanded
W4386462717,W2885508175,1,actual_openalex_reference,test,openalex_expanded
W4386462717,W2906775602,1,actual_openalex_reference,test,openalex_expanded
W4386462717,W2987434258,1,actual_openalex_reference,test,openalex_expanded
W4386462717,W3033694598,1,actual_openalex_reference,test,openalex_expanded
W4386462717,W3035467107,1,actual_openalex_reference,test,openalex_expanded
W4386462717,W3172362366,1,actual_openalex_reference,test,openalex_expanded
W4386462717,W4284662907,1,actual_openalex_reference,test,openalex_expanded
W4386462717,W4313431825,1,actual_openalex_reference,test,openalex_expanded
W4386462717,W4313527780,1,actual_openalex_reference,test,openalex_expanded
W4386462717,W4321608240,1,actual_openalex_reference,test,openalex_expanded
W4386462717,W4327597812,1,actual_openalex_reference,test,openalex_expanded
W4386462717,W4360615202,1,actual_openalex_reference,test,openalex_expanded
W4386462717,W4378906844,1,actual_openalex_reference,test,openalex_expanded
W4362608722,W2064675550,1,actual_openalex_reference,test,openalex_expanded
W4362608722,W2193413348,1,actual_openalex_reference,test,openalex_expanded
W4362608722,W2293634267,1,actual_openalex_reference,test,openalex_expanded
W4362608722,W2827334269,1,actual_openalex_reference,test,openalex_expanded
W4362608722,W2915106038,1,actual_openalex_reference,test,openalex_expanded
W4362608722,W2950533501,1,actual_openalex_reference,test,openalex_expanded
W4362608722,W2962820060,1,actual_openalex_reference,test,openalex_expanded
W4362608722,W2971507840,1,actual_openalex_reference,test,openalex_expanded
W4362608722,W3006942268,1,actual_openalex_reference,test,openalex_expanded
W4362608722,W3034833480,1,actual_openalex_reference,test,openalex_expanded
W4362608722,W3039595400,1,actual_openalex_reference,test,openalex_expanded
W4362608722,W3040903763,1,actual_openalex_reference,test,openalex_expanded
W4362608722,W3138915981,1,actual_openalex_reference,test,openalex_expanded
W4362608722,W3160207692,1,actual_openalex_reference,test,openalex_expanded
W4362608722,W3176081321,1,actual_openalex_reference,test,openalex_expanded
W4362608722,W3190062760,1,actual_openalex_reference,test,openalex_expanded
W4362608722,W3206585998,1,actual_openalex_reference,test,openalex_expanded
W4362608722,W3213445774,1,actual_openalex_reference,test,openalex_expanded
W4362608722,W4200157451,1,actual_openalex_reference,test,openalex_expanded
W4362608722,W4205713712,1,actual_openalex_reference,test,openalex_expanded
W4362608722,W4280577395,1,actual_openalex_reference,test,openalex_expanded
W4362608722,W4283219803,1,actual_openalex_reference,test,openalex_expanded
W4362608722,W4319777991,1,actual_openalex_reference,test,openalex_expanded
W4407535415,W1965702053,1,actual_openalex_reference,test,openalex_expanded
W4407535415,W1977664984,1,actual_openalex_reference,test,openalex_expanded
W4407535415,W1986237366,1,actual_openalex_reference,test,openalex_expanded
W4407535415,W2024060531,1,actual_openalex_reference,test,openalex_expanded
W4407535415,W2025919276,1,actual_openalex_reference,test,openalex_expanded
W4407535415,W2033990819,1,actual_openalex_reference,test,openalex_expanded
W4407535415,W2075773870,1,actual_openalex_reference,test,openalex_expanded
W4407535415,W2078557547,1,actual_openalex_reference,test,openalex_expanded
W4407535415,W2080056658,1,actual_openalex_reference,test,openalex_expanded
W4407535415,W2083936311,1,actual_openalex_reference,test,openalex_expanded
W4407535415,W2091771884,1,actual_openalex_reference,test,openalex_expanded
W4407535415,W2103179919,1,actual_openalex_reference,test,openalex_expanded
W4407535415,W2135227058,1,actual_openalex_reference,test,openalex_expanded
W4407535415,W2253093986,1,actual_openalex_reference,test,openalex_expanded
W4407535415,W2256527444,1,actual_openalex_reference,test,openalex_expanded
W4407535415,W2331813930,1,actual_openalex_reference,test,openalex_expanded
W4407535415,W2523090265,1,actual_openalex_reference,test,openalex_expanded
W4407535415,W2739588406,1,actual_openalex_reference,test,openalex_expanded
W4407535415,W2770947648,1,actual_openalex_reference,test,openalex_expanded
W4407535415,W2887258823,1,actual_openalex_reference,test,openalex_expanded
W4407535415,W2890397658,1,actual_openalex_reference,test,openalex_expanded
W4407535415,W2899002058,1,actual_openalex_reference,test,openalex_expanded
W4407535415,W2902907165,1,actual_openalex_reference,test,openalex_expanded
W4407535415,W3009272685,1,actual_openalex_reference,test,openalex_expanded
W4407535415,W3020199533,1,actual_openalex_reference,test,openalex_expanded
W4407535415,W3020222689,1,actual_openalex_reference,test,openalex_expanded
W4407535415,W3037696312,1,actual_openalex_reference,test,openalex_expanded
W4407535415,W3038052564,1,actual_openalex_reference,test,openalex_expanded
W4407535415,W3082020764,1,actual_openalex_reference,test,openalex_expanded
W4407535415,W3082300105,1,actual_openalex_reference,test,openalex_expanded
W4407535415,W3103574021,1,actual_openalex_reference,test,openalex_expanded
W4407535415,W3153257371,1,actual_openalex_reference,test,openalex_expanded
W4407535415,W4210678178,1,actual_openalex_reference,test,openalex_expanded
W4407535415,W4229023338,1,actual_openalex_reference,test,openalex_expanded
W4407535415,W4230167402,1,actual_openalex_reference,test,openalex_expanded
W4407535415,W4312220016,1,actual_openalex_reference,test,openalex_expanded
W4407535415,W4367173722,1,actual_openalex_reference,test,openalex_expanded
W4407535415,W4382059286,1,actual_openalex_reference,test,openalex_expanded
W4407535415,W4387090312,1,actual_openalex_reference,test,openalex_expanded
W4407535415,W4388937805,1,actual_openalex_reference,test,openalex_expanded
W4407535415,W4399709877,1,actual_openalex_reference,test,openalex_expanded
W4407535415,W4401184263,1,actual_openalex_reference,test,openalex_expanded
W4407535415,W4401389039,1,actual_openalex_reference,test,openalex_expanded
W4413327560,W1993512681,1,actual_openalex_reference,test,openalex_expanded
W4413327560,W2064675550,1,actual_openalex_reference,test,openalex_expanded
W4413327560,W2099365903,1,actual_openalex_reference,test,openalex_expanded
W4413327560,W2106411961,1,actual_openalex_reference,test,openalex_expanded
W4413327560,W2996074812,1,actual_openalex_reference,test,openalex_expanded
W4413327560,W3010227527,1,actual_openalex_reference,test,openalex_expanded
W4413327560,W3108854659,1,actual_openalex_reference,test,openalex_expanded
W4413327560,W3177318507,1,actual_openalex_reference,test,openalex_expanded
W4413327560,W3182587128,1,actual_openalex_reference,test,openalex_expanded
W4413327560,W3193586184,1,actual_openalex_reference,test,openalex_expanded
W4413327560,W4220726206,1,actual_openalex_reference,test,openalex_expanded
W4413327560,W4225080122,1,actual_openalex_reference,test,openalex_expanded
W4413327560,W4306871700,1,actual_openalex_reference,test,openalex_expanded
W4413327560,W4319024977,1,actual_openalex_reference,test,openalex_expanded
W4413327560,W4385245566,1,actual_openalex_reference,test,openalex_expanded
W4413327560,W4385763767,1,actual_openalex_reference,test,openalex_expanded
W4413327560,W4389977645,1,actual_openalex_reference,test,openalex_expanded
W4413327560,W4391930165,1,actual_openalex_reference,test,openalex_expanded
W4413327560,W4402731582,1,actual_openalex_reference,test,openalex_expanded
W4413327560,W4402923299,1,actual_openalex_reference,test,openalex_expanded
W4394998736,W1616620037,1,actual_openalex_reference,test,openalex_expanded
W4394998736,W1967883933,1,actual_openalex_reference,test,openalex_expanded
W4394998736,W2895827897,1,actual_openalex_reference,test,openalex_expanded
W4394998736,W2904845127,1,actual_openalex_reference,test,openalex_expanded
W4394998736,W2950872758,1,actual_openalex_reference,test,openalex_expanded
W4394998736,W2960588259,1,actual_openalex_reference,test,openalex_expanded
W4394998736,W3083018415,1,actual_openalex_reference,test,openalex_expanded
W4394998736,W4220706237,1,actual_openalex_reference,test,openalex_expanded
W4394998736,W4224215230,1,actual_openalex_reference,test,openalex_expanded
W4394998736,W4288060965,1,actual_openalex_reference,test,openalex_expanded
W4394998736,W4296121376,1,actual_openalex_reference,test,openalex_expanded
W4394998736,W4311798996,1,actual_openalex_reference,test,openalex_expanded
W4394998736,W4312107283,1,actual_openalex_reference,test,openalex_expanded
W4394998736,W4323849259,1,actual_openalex_reference,test,openalex_expanded
W4394998736,W4385094037,1,actual_openalex_reference,test,openalex_expanded
W4394998736,W4385629358,1,actual_openalex_reference,test,openalex_expanded
W4394998736,W4386292029,1,actual_openalex_reference,test,openalex_expanded
W4394998736,W4386314537,1,actual_openalex_reference,test,openalex_expanded
W4394998736,W4389788196,1,actual_openalex_reference,test,openalex_expanded
W4394998736,W4390971906,1,actual_openalex_reference,test,openalex_expanded
W4394998736,W4391023860,1,actual_openalex_reference,test,openalex_expanded
