query_paper_id,query_ai_group,query_year,query_field,n_reference_pairs,median_cited_age,share_recent_refs_3yr,median_log1p_cited_by_count,share_low_citation_refs,top10pct_share_of_citation_mass,share_cross_field_refs,cited_field_entropy,mean_score,share_relevant_low_citation_refs,field_label
W4313574560,post_ai,2023,Medicine,66,3.0,0.7121212121212122,3.480173864550654,0.3484848484848485,0.6409802184824328,0.1212121212121212,0.4874318795692102,0.886947130615061,0.3484848484848485,openalex_health_informatics_1000
W4313594376,post_ai,2023,Medicine,22,2.0,0.8181818181818182,3.997821802143636,0.2272727272727272,0.792183443899625,0.5909090909090909,1.1455482658143872,0.8606350340626456,0.2272727272727272,openalex_health_informatics_1000
W4315648112,post_ai,2023,Medicine,73,5.0,0.3835616438356164,4.31748811353631,0.1506849315068493,0.9669747710288252,0.4657534246575342,1.216092933083774,0.7718689000769837,0.0547945205479452,openalex_health_informatics_1000
W4317749076,post_ai,2023,Medicine,26,3.0,0.5769230769230769,4.916264231797817,0.1923076923076923,0.5546482412060302,0.4615384615384615,1.4437076423977355,0.8468285730251899,0.1538461538461538,openalex_health_informatics_1000
W4317815057,post_ai,2023,Medicine,20,6.0,0.15,4.771115349546141,0.2,0.4947908567874358,0.25,0.9646946227273332,0.8399661362171174,0.15,openalex_health_informatics_1000
W4319460874,post_ai,2023,Medicine,18,4.0,0.4444444444444444,5.165096081818356,0.2777777777777778,0.9069960917850096,0.8333333333333334,1.3510394158370158,0.7840660512447357,0.1111111111111111,openalex_health_informatics_1000
W4320479155,post_ai,2023,Medicine,15,4.0,0.4,5.111987788356544,0.0666666666666666,0.7763045858168106,0.4,1.0775733728921972,0.8077534755071004,0.0666666666666666,openalex_health_informatics_1000
W4321794533,post_ai,2023,Medicine,40,4.5,0.35,5.1873233819198274,0.075,0.7934880003874749,0.55,1.4253696836289047,0.7925718411803245,0.05,openalex_health_informatics_1000
W4324027847,post_ai,2023,Medicine,13,5.0,0.1538461538461538,5.117993812416755,0.0769230769230769,0.5475599669148056,0.6923076923076923,1.0579054247036734,0.7708645004492539,0.0,openalex_health_informatics_1000
W4324130227,post_ai,2023,Medicine,17,3.0,0.5882352941176471,5.068904202220232,0.1176470588235294,0.5766164747564216,0.4705882352941176,1.11506598409643,0.8489536607966703,0.1176470588235294,openalex_health_informatics_1000
W4327944902,post_ai,2023,Medicine,8,5.5,0.25,3.659269774283951,0.25,0.4745127436281859,0.625,1.6674619334292948,0.8356298357248306,0.125,openalex_health_informatics_1000
W4353016766,post_ai,2023,Medicine,22,4.0,0.4545454545454545,5.019358750898116,0.1818181818181818,0.5327102803738317,0.3181818181818182,0.9295776887159248,0.8108248087492856,0.1363636363636363,openalex_health_informatics_1000
W4353051702,post_ai,2023,Medicine,12,2.0,0.75,3.469626973020754,0.3333333333333333,0.5657458563535912,0.1666666666666666,0.5660857389596289,0.9081697215636572,0.1666666666666666,openalex_health_informatics_1000
W4360601122,post_ai,2023,Medicine,46,5.0,0.1739130434782608,4.75299530703857,0.108695652173913,0.5734820106281034,0.6086956521739131,1.654601373179759,0.8408407802167146,0.0869565217391304,openalex_health_informatics_1000
W4362571090,post_ai,2023,Medicine,60,3.0,0.6333333333333333,3.650573902928016,0.3166666666666666,0.7008624018535204,0.8,1.5943854253424927,0.8270404626925786,0.1833333333333333,openalex_health_informatics_1000
W4362735442,post_ai,2023,Medicine,23,4.0,0.391304347826087,3.295836866004329,0.2608695652173913,0.8689436822411973,0.6521739130434783,1.7382141357129242,0.8143887493921362,0.0869565217391304,openalex_health_informatics_1000
W4364349001,post_ai,2023,Medicine,51,2.0,0.7647058823529411,3.6635616461296463,0.2745098039215686,0.7776188530173,0.8823529411764706,2.0430023248747275,0.7810391292852514,0.1372549019607843,openalex_health_informatics_1000
W4365458667,post_ai,2023,Medicine,6,2.0,0.6666666666666666,4.942279771325305,0.3333333333333333,0.5758928571428571,0.5,1.0114042647073516,0.811161607503891,0.0,openalex_health_informatics_1000
W4365509548,post_ai,2023,Medicine,9,5.0,0.3333333333333333,4.770684624465665,0.0,0.9391259488540056,0.8888888888888888,1.4270610433807247,0.8192360003789266,0.0,openalex_health_informatics_1000
W4366368070,post_ai,2023,Medicine,43,4.0,0.3255813953488372,4.68213122712422,0.1162790697674418,0.7082139446036294,0.5581395348837209,1.548933072533869,0.8262281251508136,0.0930232558139534,openalex_health_informatics_1000
W4367175150,post_ai,2023,Medicine,5,0.0,1.0,4.691347882229144,0.0,0.6563981042654028,0.0,-0.0,0.7943432688713074,0.0,openalex_health_informatics_1000
W4367294637,post_ai,2023,Medicine,12,3.0,0.75,4.316687472852824,0.0833333333333333,0.4151128557409225,0.4166666666666667,1.0751393240053737,0.8187543203433355,0.0,openalex_health_informatics_1000
W4367297633,post_ai,2023,Medicine,16,12.0,0.0,3.3485171238332425,0.375,0.816162109375,0.0,-0.0,0.9307757802307606,0.375,openalex_health_informatics_1000
W4367299623,post_ai,2023,Medicine,21,6.0,0.3333333333333333,4.919980925828125,0.0476190476190476,0.9398743478580353,0.4761904761904761,1.3923979535566888,0.8196464606693813,0.0476190476190476,openalex_health_informatics_1000
W4367310920,post_ai,2023,Medicine,18,3.0,0.6111111111111112,4.255587559545337,0.2777777777777778,0.6987341772151898,0.7222222222222222,1.5530191347034117,0.810417138867908,0.2222222222222222,openalex_health_informatics_1000
W4367316775,post_ai,2023,Medicine,34,5.0,0.3823529411764705,3.3140206880897667,0.3823529411764705,0.9520417460448936,0.0,-0.0,0.8092800799538108,0.2647058823529412,openalex_health_informatics_1000
W4367601255,post_ai,2023,Medicine,25,4.0,0.28,4.290459441148391,0.04,0.4337167070217917,0.36,1.3335154937451494,0.8471539330482483,0.04,openalex_health_informatics_1000
W4367672646,post_ai,2023,Medicine,6,15.0,0.0,3.5096483268575223,0.1666666666666666,0.6924829157175398,0.8333333333333334,1.242453324894,0.7850690881411234,0.0,openalex_health_informatics_1000
W4367850396,post_ai,2023,Medicine,7,1.0,0.8571428571428571,1.9459101490553128,0.5714285714285714,0.3771929824561403,0.2857142857142857,0.7963116401738131,0.8108017870358059,0.2857142857142857,openalex_health_informatics_1000
W4368360859,post_ai,2023,Medicine,9,1.0,0.5555555555555556,5.181783550292085,0.2222222222222222,0.4180837826627955,0.3333333333333333,0.6365141682948128,0.8604804144965278,0.2222222222222222,openalex_health_informatics_1000
W4368365295,post_ai,2023,Medicine,13,0.0,1.0,4.844187086458591,0.1538461538461538,0.4401390958768008,0.2307692307692307,0.7937300551584247,0.8156660061616164,0.0769230769230769,openalex_health_informatics_1000
W4372052843,post_ai,2023,Medicine,12,1.0,0.75,5.18846139354178,0.25,0.883056430822114,0.5833333333333334,1.14370838942625,0.7846394777297974,0.0,openalex_health_informatics_1000
W4377115728,post_ai,2023,Medicine,29,6.0,0.2068965517241379,5.111987788356544,0.1379310344827586,0.3399141630901287,0.8275862068965517,1.8275942356914272,0.8284702588771952,0.1034482758620689,openalex_health_informatics_1000
W4377289493,post_ai,2023,Medicine,23,3.0,0.6086956521739131,5.365976015021851,0.1304347826086956,0.8574136603281796,0.5652173913043478,1.6036714517782524,0.8062218453573144,0.0,openalex_health_informatics_1000
W4378085371,post_ai,2023,Medicine,10,0.0,0.9,5.090767934509811,0.1,0.8002376943646627,0.5,1.3592367006650063,0.8162609040737152,0.0,openalex_health_informatics_1000
W4379058585,post_ai,2023,Medicine,38,3.0,0.6578947368421053,4.068697915028325,0.3157894736842105,0.6380063423682164,0.2894736842105263,1.0356096865650732,0.8379838011766735,0.2894736842105263,openalex_health_informatics_1000
W4379193259,post_ai,2023,Medicine,23,0.0,1.0,4.007333185232471,0.1739130434782608,0.5414651002073255,0.391304347826087,0.9368779699291142,0.8588932156562805,0.1739130434782608,openalex_health_informatics_1000
W4379525483,post_ai,2023,Medicine,14,5.0,0.2142857142857142,4.890320861268641,0.1428571428571428,0.6120556414219475,0.5,1.1709971261162124,0.826649397611618,0.0,openalex_health_informatics_1000
W4380226910,post_ai,2023,Medicine,10,2.5,0.8,3.8019489842609406,0.2,0.4140969162995594,0.3,0.9404479886553264,0.8839267492294312,0.2,openalex_health_informatics_1000
W4380685958,post_ai,2023,Medicine,18,0.0,0.9444444444444444,4.379834335514969,0.1666666666666666,0.4240969941904521,0.2222222222222222,0.6546695645285008,0.8450805379284753,0.1111111111111111,openalex_health_informatics_1000
W4381165906,post_ai,2023,Medicine,19,2.0,0.7368421052631579,4.174387269895637,0.3684210526315789,0.6014002333722287,0.8421052631578947,1.5306052420589422,0.790527227677797,0.2105263157894736,openalex_health_informatics_1000
W4381468798,post_ai,2023,Medicine,48,5.0,0.2708333333333333,4.426260958667686,0.375,0.7836062979666113,0.6041666666666666,1.745345810988451,0.7964559271931648,0.1458333333333333,openalex_health_informatics_1000
W4381716616,post_ai,2023,Medicine,46,3.0,0.6739130434782609,4.681058403470988,0.1304347826086956,0.4873485661708327,0.4130434782608695,1.3891891911072638,0.8561285371365754,0.0869565217391304,openalex_health_informatics_1000
W4382134032,post_ai,2023,Medicine,13,2.0,0.9230769230769232,2.302585092994046,0.6153846153846154,0.5746606334841629,0.3076923076923077,0.7902679680745903,0.838250302351438,0.5384615384615384,openalex_health_informatics_1000
W4382313458,post_ai,2023,Medicine,9,1.0,0.5555555555555556,4.584967478670572,0.0,0.7636770673009654,0.3333333333333333,0.6365141682948128,0.8040081395043267,0.0,openalex_health_informatics_1000
W4383226852,post_ai,2023,Medicine,7,0.0,1.0,4.969813299576001,0.1428571428571428,0.4860173577627772,0.4285714285714285,0.6829081047004717,0.7676826800618853,0.0,openalex_health_informatics_1000
W4383647972,post_ai,2023,Medicine,18,4.0,0.5,4.131279486505328,0.1666666666666666,0.6166003768055265,1.0,1.336007382250969,0.7532156474060483,0.0,openalex_health_informatics_1000
W4383821952,post_ai,2023,Medicine,19,6.0,0.1578947368421052,4.859812404361672,0.1052631578947368,0.7621013465627214,0.4736842105263157,1.3677377825590769,0.8482111472832529,0.1052631578947368,openalex_health_informatics_1000
W4383957373,post_ai,2023,Medicine,10,6.0,0.1,4.388083549865637,0.3,0.4804359478291942,0.6,1.6094379124341,0.7578365087509156,0.1,openalex_health_informatics_1000
W4384561507,post_ai,2023,Medicine,36,2.5,0.7222222222222222,4.422168166374465,0.1666666666666666,0.6479096356498382,0.5833333333333334,1.288302260839827,0.8420372737778558,0.1666666666666666,openalex_health_informatics_1000
W4384821349,post_ai,2023,Medicine,21,12.0,0.1904761904761904,4.248495242049359,0.238095238095238,0.9469592776415716,0.6190476190476191,1.3941720078187914,0.7447423537572225,0.1428571428571428,openalex_health_informatics_1000
W4384824014,post_ai,2023,Medicine,12,0.0,0.8333333333333334,3.061246404757193,0.4166666666666667,0.8968957871396895,0.4166666666666667,1.0751393240053737,0.8526673565308253,0.3333333333333333,openalex_health_informatics_1000
W4385075273,post_ai,2023,Medicine,37,3.0,0.5675675675675675,4.276666119016055,0.1351351351351351,0.596346826023227,0.4594594594594595,1.4594465044628429,0.8484165749034366,0.054054054054054,openalex_health_informatics_1000
W4385274486,post_ai,2023,Medicine,10,3.0,0.7,4.720011250064987,0.3,0.9096946918601658,0.1,0.3250829733914482,0.8524129450321197,0.3,openalex_health_informatics_1000
W4385289000,post_ai,2023,Medicine,6,4.0,0.3333333333333333,5.021342058862208,0.0,0.4607571560480147,0.1666666666666666,0.4505612088663046,0.8859079976876577,0.0,openalex_health_informatics_1000
W4385290206,post_ai,2023,Medicine,20,5.0,0.3,5.042675335464962,0.05,0.4625349624613573,0.45,0.926506603289533,0.8308171302080154,0.05,openalex_health_informatics_1000
W4385376276,post_ai,2023,Medicine,27,2.0,0.6666666666666666,3.951243718581428,0.2962962962962963,0.9275993036872924,0.4074074074074074,1.1325845238854717,0.8273946113056607,0.2592592592592592,openalex_health_informatics_1000
W4385804445,post_ai,2023,Medicine,8,4.0,0.375,4.626699930718315,0.0,0.809973924380704,1.0,1.0735428464085233,0.7641427218914032,0.0,openalex_health_informatics_1000
W4385809369,post_ai,2023,Medicine,11,0.0,1.0,4.343805421853684,0.1818181818181818,0.5094650205761316,0.3636363636363636,0.6554817739013927,0.8796889185905457,0.0909090909090909,openalex_health_informatics_1000
W4385856012,post_ai,2023,Medicine,5,1.0,1.0,2.302585092994046,0.8,0.6538461538461539,0.2,0.5004024235381879,0.8860961437225342,0.8,openalex_health_informatics_1000
W4385878757,post_ai,2023,Medicine,49,3.0,0.6326530612244898,3.5263605246161616,0.2448979591836734,0.8009506833036245,0.6530612244897959,1.7833742091378784,0.8156636223501089,0.2040816326530612,openalex_health_informatics_1000
W4385900159,post_ai,2023,Medicine,15,0.0,0.9333333333333332,3.58351893845611,0.2,0.6563161609033169,0.1333333333333333,0.3926744672275521,0.8567779302597046,0.1333333333333333,openalex_health_informatics_1000
W4385951879,post_ai,2023,Medicine,38,5.0,0.3421052631578947,4.280987667094065,0.131578947368421,0.951691048181452,0.4473684210526316,1.1894480620849004,0.8208200759009311,0.131578947368421,openalex_health_informatics_1000
W4385953071,post_ai,2023,Medicine,36,0.0,0.75,4.290083995288812,0.1111111111111111,0.7540135332360356,0.4722222222222222,1.189039938984214,0.8231256355841955,0.0277777777777777,openalex_health_informatics_1000
W4385956888,post_ai,2023,Medicine,10,3.5,0.5,3.737386091198936,0.1,0.2151898734177215,1.0,1.2798542258336674,0.7786376893520355,0.0,openalex_health_informatics_1000
W4385973214,post_ai,2023,Medicine,10,3.0,0.7,4.223492648186371,0.2,0.3329775880469584,0.6,1.4708084763221112,0.8588467597961426,0.1,openalex_health_informatics_1000
W4385984921,post_ai,2023,Medicine,12,0.0,1.0,2.914472808805104,0.4166666666666667,0.6906803887935964,0.1666666666666666,0.5660857389596289,0.8311045120159785,0.4166666666666667,openalex_health_informatics_1000
W4386038886,post_ai,2023,Medicine,51,4.0,0.4705882352941176,3.912023005428146,0.1568627450980392,0.9027490074227515,0.4117647058823529,1.2519163109100355,0.8325009182387707,0.1372549019607843,openalex_health_informatics_1000
W4386042714,post_ai,2023,Medicine,10,3.0,0.6,4.623769906482645,0.2,0.351359251680795,0.6,1.6094379124341,0.8370848953723907,0.2,openalex_health_informatics_1000
W4386068641,post_ai,2023,Medicine,6,1.5,1.0,2.947201417132425,0.5,0.4171122994652406,0.1666666666666666,0.4505612088663046,0.9294114510218302,0.5,openalex_health_informatics_1000
W4386070266,post_ai,2023,Medicine,7,1.0,0.8571428571428571,4.844187086458591,0.2857142857142857,0.8131193959414819,0.7142857142857143,1.078992207877583,0.8605816449437823,0.1428571428571428,openalex_health_informatics_1000
W4386117191,post_ai,2023,Medicine,37,4.0,0.4054054054054054,4.418840607796598,0.2432432432432432,0.7753671679639348,0.2702702702702703,0.8686410306929838,0.8369478905523146,0.2432432432432432,openalex_health_informatics_1000
W4386224103,post_ai,2023,Medicine,32,0.0,0.84375,3.921532008346027,0.21875,0.5989497866754184,0.15625,0.5818786450459387,0.8415372278541327,0.1875,openalex_health_informatics_1000
W4386252412,post_ai,2023,Medicine,7,1.0,0.8571428571428571,1.9459101490553128,0.8571428571428571,0.7238095238095238,0.7142857142857143,1.351783994289646,0.8017288020678929,0.4285714285714285,openalex_health_informatics_1000
W4386291489,post_ai,2023,Medicine,66,3.0,0.7121212121212122,2.8617925509761903,0.4848484848484848,0.9524115396430866,0.6212121212121212,1.8409980280452236,0.8377909931269559,0.3787878787878788,openalex_health_informatics_1000
W4386307317,post_ai,2023,Medicine,12,11.0,0.0833333333333333,5.663466589643406,0.1666666666666666,0.8925900676490639,0.3333333333333333,0.8239592165010823,0.7333163122336069,0.0833333333333333,openalex_health_informatics_1000
W4386346510,post_ai,2023,Medicine,7,2.0,0.5714285714285714,5.808142489980444,0.2857142857142857,0.4357976653696498,0.0,-0.0,0.8532284157616752,0.2857142857142857,openalex_health_informatics_1000
W4386423302,post_ai,2023,Medicine,13,3.0,0.6923076923076923,3.6635616461296463,0.3076923076923077,0.4944029850746269,0.3076923076923077,0.9371558530657008,0.8918541944943942,0.3076923076923077,openalex_health_informatics_1000
W4386468685,post_ai,2023,Medicine,66,3.0,0.6363636363636364,2.740319461670996,0.5454545454545454,0.8310672378468988,0.9090909090909092,0.8912496887696003,0.90385692950451,0.5454545454545454,openalex_health_informatics_1000
W4386523212,post_ai,2023,Medicine,64,2.0,0.6875,3.3140206880897667,0.3125,0.7933430870519386,0.890625,1.868166100216628,0.8626539735123515,0.3125,openalex_health_informatics_1000
W4386541616,post_ai,2023,Medicine,38,0.0,0.9473684210526316,3.465247382975813,0.4210526315789473,0.5488526141471493,0.5,1.302526682478588,0.8367830718818464,0.3684210526315789,openalex_health_informatics_1000
W4386544822,post_ai,2023,Medicine,32,3.5,0.5,3.988812549392296,0.21875,0.8829920171711677,0.5625,1.383876919005976,0.8552787099033594,0.09375,openalex_health_informatics_1000
W4386604620,post_ai,2023,Medicine,18,2.5,0.6111111111111112,4.523910721239204,0.2777777777777778,0.8659251465504284,0.6111111111111112,1.642461460458882,0.8479560944769118,0.2222222222222222,openalex_health_informatics_1000
W4386711999,post_ai,2023,Medicine,44,1.0,0.75,4.024713528555347,0.2727272727272727,0.8914091733209891,0.9090909090909092,1.7334064283426094,0.8068079311739315,0.1363636363636363,openalex_health_informatics_1000
W4386724691,post_ai,2023,Medicine,5,2.0,0.6,5.267858159063328,0.2,0.3491189427312775,0.6,1.0549201679861442,0.8258357286453247,0.2,openalex_health_informatics_1000
W4386726209,post_ai,2023,Medicine,50,3.0,0.62,3.367295829986474,0.3,0.6533931575995513,0.06,0.292884259820691,0.8793927097320556,0.26,openalex_health_informatics_1000
W4386764896,post_ai,2023,Medicine,15,4.0,0.4666666666666667,2.5649493574615367,0.5333333333333333,0.4352078239608802,1.0,0.8532361505557784,0.9173914035161336,0.5333333333333333,openalex_health_informatics_1000
W4386766759,post_ai,2023,Medicine,70,4.0,0.4571428571428571,4.81923989856161,0.1428571428571428,0.7338186613558684,0.7571428571428571,1.7403062259877768,0.7975359865597316,0.0285714285714285,openalex_health_informatics_1000
W4386778049,post_ai,2023,Medicine,5,0.0,1.0,4.624972813284271,0.2,0.5888738127544098,0.8,0.5004024235381879,0.8166138768196106,0.0,openalex_health_informatics_1000
W4386778881,post_ai,2023,Medicine,17,6.0,0.2941176470588235,3.828641396489095,0.2352941176470588,0.7989927477840452,0.7058823529411765,1.299741799542741,0.7770773487932542,0.0588235294117647,openalex_health_informatics_1000
W4386837623,post_ai,2023,Medicine,27,0.0,0.8888888888888888,3.610917912644224,0.2592592592592592,0.894068693137739,0.2962962962962963,0.9157588374531546,0.849293154698831,0.2222222222222222,openalex_health_informatics_1000
W4386955660,post_ai,2023,Medicine,36,2.0,0.7222222222222222,3.27267483016721,0.3055555555555556,0.8235227013461099,1.0,1.1023912291659472,0.842415428823895,0.25,openalex_health_informatics_1000
W4387015439,post_ai,2023,Medicine,13,0.0,1.0,1.0986122886681098,1.0,0.4375,0.0769230769230769,0.2711893730418441,0.864383720434629,1.0,openalex_health_informatics_1000
W4387016724,post_ai,2023,Medicine,20,2.0,0.65,4.658160347756708,0.05,0.530765115034778,0.55,1.452463469304736,0.789079201221466,0.05,openalex_health_informatics_1000
W4387033267,post_ai,2023,Medicine,21,3.0,0.6190476190476191,4.736198448394496,0.1904761904761904,0.5224957555178268,0.1904761904761904,0.5940241655824705,0.8931159377098083,0.1904761904761904,openalex_health_informatics_1000
W4387048964,post_ai,2023,Medicine,11,3.0,0.6363636363636364,3.713572066704308,0.3636363636363636,0.6764937106918238,0.4545454545454545,0.6890092384766586,0.8116100863976912,0.2727272727272727,openalex_health_informatics_1000
W4387058450,post_ai,2023,Medicine,29,0.0,0.8275862068965517,3.9889840465642745,0.2068965517241379,0.3644335320940021,0.5172413793103449,1.4323526885216336,0.8343595512982073,0.2068965517241379,openalex_health_informatics_1000
W4387106774,post_ai,2023,Medicine,27,1.0,0.5925925925925926,4.820281565605037,0.2222222222222222,0.7657790398628376,0.7037037037037037,1.4047416846565046,0.8508859320923134,0.2222222222222222,openalex_health_informatics_1000
W4387166106,post_ai,2023,Medicine,33,5.0,0.3333333333333333,5.204006687076795,0.0606060606060606,0.5586539882741292,0.8484848484848485,1.8755269388895028,0.8039984179265571,0.0303030303030303,openalex_health_informatics_1000
W4387241792,post_ai,2023,Medicine,11,0.0,0.7272727272727273,2.6390573296152584,0.5454545454545454,0.837873754152824,0.6363636363636364,1.3421131789144003,0.8143587437543002,0.2727272727272727,openalex_health_informatics_1000
W4387333138,post_ai,2023,Medicine,30,4.0,0.4666666666666667,4.636939196390085,0.1333333333333333,0.4928909952606635,0.2333333333333333,0.841247441879,0.8425072193145752,0.1333333333333333,openalex_health_informatics_1000
W4387393234,post_ai,2023,Medicine,13,0.0,0.9230769230769232,3.332204510175204,0.2307692307692307,0.6127300613496932,0.0769230769230769,0.2711893730418441,0.8373633852371802,0.1538461538461538,openalex_health_informatics_1000
W4387439172,post_ai,2023,Medicine,9,1.0,0.6666666666666666,2.5649493574615367,0.7777777777777778,0.6040609137055838,0.7777777777777778,1.310783678099714,0.7861741847462125,0.3333333333333333,openalex_health_informatics_1000
W4387545160,post_ai,2023,Medicine,46,4.0,0.4565217391304347,4.374152456189812,0.1956521739130435,0.923887949415484,0.3695652173913043,1.114808503382402,0.8406235122162363,0.1521739130434782,openalex_health_informatics_1000
W4387576789,post_ai,2023,Medicine,35,0.0,0.8285714285714286,1.6094379124341005,0.6857142857142857,0.852389705882353,0.3142857142857143,1.2027275610152763,0.8361842444964818,0.4571428571428571,openalex_health_informatics_1000
W4387801720,post_ai,2023,Medicine,13,2.0,0.7692307692307693,3.218875824868201,0.3076923076923077,0.5017331022530329,0.0,-0.0,0.9065529153897212,0.3076923076923077,openalex_health_informatics_1000
W4387815597,post_ai,2023,Medicine,64,1.0,0.875,3.4811217321331034,0.265625,0.5155883943052803,0.703125,1.5747019127605146,0.8409707630053163,0.171875,openalex_health_informatics_1000
W4387818535,post_ai,2023,Medicine,6,0.0,1.0,4.448499276371912,0.0,0.2979452054794521,0.6666666666666666,1.329661348854758,0.8163043757279714,0.0,openalex_health_informatics_1000
W4387860544,post_ai,2023,Medicine,9,2.0,0.6666666666666666,2.772588722239781,0.5555555555555556,0.6442748091603053,0.7777777777777778,0.8486855577264172,0.815401295820872,0.4444444444444444,openalex_health_informatics_1000
W4387898829,post_ai,2023,Medicine,12,0.0,0.8333333333333334,4.0150420471337815,0.3333333333333333,0.6219325153374233,0.5833333333333334,1.077556327066801,0.8307556708653768,0.25,openalex_health_informatics_1000
W4387930609,post_ai,2023,Medicine,20,0.0,0.8,4.526843280965403,0.2,0.8326482242713773,0.5,1.2772884056482263,0.8367006093263626,0.15,openalex_health_informatics_1000
W4388007247,post_ai,2023,Medicine,72,1.0,0.7222222222222222,1.9459101490553128,0.5972222222222222,0.8672339398328355,0.3472222222222222,1.140784417872502,0.839539480706056,0.5416666666666666,openalex_health_informatics_1000
W4388191572,post_ai,2023,Medicine,5,2.0,0.6,1.9459101490553128,0.6,0.7822222222222223,0.8,1.6094379124341005,0.7762893915176392,0.2,openalex_health_informatics_1000
W4388206007,post_ai,2023,Medicine,22,0.0,0.8181818181818182,4.060443010546419,0.1363636363636363,0.4631031220435194,0.4090909090909091,0.8932239510170858,0.8425565985116091,0.0909090909090909,openalex_health_informatics_1000
W4388417744,post_ai,2023,Medicine,22,3.0,0.5454545454545454,5.718933905621224,0.0909090909090909,0.6254444883445278,0.4545454545454545,1.306844102415298,0.8244328444654291,0.0454545454545454,openalex_health_informatics_1000
W4388459789,post_ai,2023,Medicine,7,0.0,0.8571428571428571,4.820281565605037,0.1428571428571428,0.4365296803652968,0.2857142857142857,0.7963116401738131,0.7918914045606341,0.0,openalex_health_informatics_1000
W4388485443,post_ai,2023,Medicine,12,0.0,0.8333333333333334,4.722152580960988,0.0,0.5121311475409837,0.0833333333333333,0.2868359830561607,0.8402407765388489,0.0,openalex_health_informatics_1000
W4388499385,post_ai,2023,Medicine,70,6.0,0.2714285714285714,5.2170284891693575,0.1142857142857142,0.9159545728748656,0.8571428571428571,1.8226140040905103,0.8072252844061171,0.0428571428571428,openalex_health_informatics_1000
W4388551821,post_ai,2023,Medicine,11,0.0,1.0,4.430816798843313,0.1818181818181818,0.6984193011647255,0.0909090909090909,0.3046360973492381,0.813544983213598,0.1818181818181818,openalex_health_informatics_1000
W4388558170,post_ai,2023,Medicine,49,3.5,0.4897959183673469,3.7612001156935615,0.1632653061224489,0.5423618985906367,0.6530612244897959,1.2177070199331892,0.8190836164416099,0.1632653061224489,openalex_health_informatics_1000
W4388624829,post_ai,2023,Medicine,24,0.0,0.8333333333333334,4.127004295282422,0.2083333333333333,0.5766174801362088,0.25,0.8729484758423084,0.8685216804345449,0.2083333333333333,openalex_health_informatics_1000
W4388738157,post_ai,2023,Medicine,21,1.0,0.8571428571428571,5.225746673713202,0.1428571428571428,0.9173334919832228,0.4285714285714285,1.3356031336424652,0.7891653236888704,0.0476190476190476,openalex_health_informatics_1000
W4388772769,post_ai,2023,Medicine,8,3.5,0.5,4.023914678728921,0.125,0.4792387543252595,0.5,1.3862943611198906,0.8113192021846771,0.0,openalex_health_informatics_1000
W4388817859,post_ai,2023,Medicine,47,1.5,0.7659574468085106,4.532599493153256,0.2340425531914893,0.9583509182904102,0.8297872340425532,1.6121900708122328,0.7833116079898591,0.1063829787234042,openalex_health_informatics_1000
W4388836245,post_ai,2023,Medicine,8,3.5,0.5,3.688566856416977,0.25,0.6629482071713148,1.0,0.6615632381579821,0.802930548787117,0.125,openalex_health_informatics_1000
W4388895516,post_ai,2023,Medicine,55,2.0,0.8363636363636363,3.4011973816621555,0.3090909090909091,0.6307860527274937,0.4181818181818181,1.3263778151026562,0.8609160249883478,0.2909090909090909,openalex_health_informatics_1000
W4389047489,post_ai,2023,Medicine,65,5.0,0.4615384615384615,4.02535169073515,0.2307692307692307,0.805110765643218,0.5384615384615384,1.3164504783731945,0.8538205449397748,0.1846153846153846,openalex_health_informatics_1000
W4389074844,post_ai,2023,Medicine,5,0.0,1.0,1.6094379124341005,1.0,0.5185185185185185,0.2,0.5004024235381879,0.8350980997085571,0.4,openalex_health_informatics_1000
W4389076631,post_ai,2023,Medicine,11,0.0,0.9090909090909092,4.394449154672439,0.2727272727272727,0.5903614457831325,0.0909090909090909,0.3046360973492381,0.8277442888780073,0.2727272727272727,openalex_health_informatics_1000
W4389087385,post_ai,2023,Medicine,113,2.0,0.6814159292035398,2.5649493574615367,0.5752212389380531,0.8576815941718449,0.4513274336283185,1.39165199897036,0.8427658239297108,0.4778761061946903,openalex_health_informatics_1000
W4389097049,post_ai,2023,Medicine,10,1.5,0.8,2.3680992241972474,0.5,0.4433898305084746,0.7,1.4184836619456564,0.8171733021736145,0.4,openalex_health_informatics_1000
W4389238267,post_ai,2023,Medicine,18,1.0,0.7222222222222222,5.095666055893107,0.1666666666666666,0.5471007121057986,0.6111111111111112,1.2228533796176,0.8080380194716983,0.0555555555555555,openalex_health_informatics_1000
W4389286464,post_ai,2023,Medicine,38,1.0,0.868421052631579,3.951243718581428,0.2105263157894736,0.5562334217506631,0.7105263157894737,1.5340536749059144,0.8258150329715327,0.1578947368421052,openalex_health_informatics_1000
W4389322683,post_ai,2023,Medicine,37,3.0,0.5135135135135135,3.367295829986474,0.2702702702702703,0.9475692560932268,0.7297297297297297,1.7385149957434607,0.8502632298985043,0.1891891891891892,openalex_health_informatics_1000
W4389385665,post_ai,2023,Medicine,11,2.0,0.8181818181818182,4.718498871295094,0.3636363636363636,0.5490678860358776,0.2727272727272727,0.5859526183035508,0.7991174838759683,0.0909090909090909,openalex_health_informatics_1000
W4389437292,post_ai,2023,Medicine,7,3.0,0.8571428571428571,3.295836866004329,0.2857142857142857,0.3251533742331288,0.7142857142857143,1.351783994289646,0.8531489457402911,0.2857142857142857,openalex_health_informatics_1000
W4389452428,post_ai,2023,Medicine,24,1.0,1.0,2.0715673631957663,0.625,0.7537517053206003,0.125,0.4563344322932884,0.8463780780633291,0.3333333333333333,openalex_health_informatics_1000
W4389470629,post_ai,2023,Medicine,8,7.5,0.25,4.018610015566505,0.125,0.7937533656435111,0.25,0.7356219397587946,0.8546740710735321,0.125,openalex_health_informatics_1000
W4389569791,post_ai,2023,Medicine,10,6.0,0.3,3.760117278237314,0.2,0.50390625,0.8,1.0888999753452235,0.8563126564025879,0.2,openalex_health_informatics_1000
W4389732527,post_ai,2023,Medicine,25,3.0,0.56,2.833213344056216,0.48,0.7036905606813343,0.6,1.355161622109057,0.8866481971740723,0.48,openalex_health_informatics_1000
W4389795801,post_ai,2023,Medicine,16,2.5,0.625,3.906997837501395,0.1875,0.828816398935646,0.875,1.3421257227487469,0.8245534338057041,0.125,openalex_health_informatics_1000
W4389829760,post_ai,2023,Medicine,22,2.0,0.5909090909090909,3.713274536198652,0.2727272727272727,0.5959271168274384,0.6363636363636364,1.3730039128771998,0.7706724784590981,0.0454545454545454,openalex_health_informatics_1000
W4389891828,post_ai,2023,Medicine,88,3.0,0.6931818181818182,3.6635616461296463,0.2727272727272727,0.9640931486473924,0.5340909090909091,1.611606564220727,0.825030582872304,0.1818181818181818,openalex_health_informatics_1000
W4389944281,post_ai,2023,Medicine,11,3.0,0.5454545454545454,4.007333185232471,0.1818181818181818,0.6779761904761905,0.5454545454545454,1.162225544921092,0.8451442555947737,0.1818181818181818,openalex_health_informatics_1000
W4389985545,post_ai,2023,Medicine,11,1.0,0.8181818181818182,3.80666248977032,0.1818181818181818,0.9540301612064482,0.6363636363636364,1.3896811919839047,0.8323789509859952,0.0909090909090909,openalex_health_informatics_1000
W4390114552,post_ai,2023,Medicine,32,0.0,1.0,3.131699131295812,0.40625,0.7273833671399594,0.09375,0.4141240568744845,0.8465564362704754,0.3125,openalex_health_informatics_1000
W4390147233,post_ai,2023,Medicine,3,0.0,1.0,0.0,1.0,1.0,0.3333333333333333,0.6365141682948128,0.8416963617006937,0.6666666666666666,openalex_health_informatics_1000
W4390227065,post_ai,2023,Medicine,10,4.0,0.4,3.3595065771926302,0.5,0.3951344817165306,1.0,1.0888999753452235,0.8198260724544525,0.2,openalex_health_informatics_1000
W4390412641,post_ai,2023,Medicine,23,1.0,0.9565217391304348,2.079441541679836,0.6521739130434783,0.7754237288135594,1.0,0.4702359623552492,0.8695438219153363,0.5217391304347826,openalex_health_informatics_1000
W4390450751,post_ai,2023,Medicine,24,2.0,0.5416666666666666,3.998158615898373,0.0,0.9896442486254232,0.75,1.6580632054101698,0.8179845660924911,0.0,openalex_health_informatics_1000
W4390483717,post_ai,2024,Medicine,42,1.0,0.6190476190476191,5.533358242145105,0.0,0.7349518886371996,0.5476190476190477,1.489982009316812,0.8038698449021294,0.0,openalex_health_informatics_1000
W4390503904,post_ai,2024,Medicine,7,1.0,0.8571428571428571,5.236441962829949,0.1428571428571428,0.5507060333761232,0.1428571428571428,0.410116318288409,0.8166384696960449,0.1428571428571428,openalex_health_informatics_1000
W4390544736,post_ai,2024,Medicine,37,1.0,0.8378378378378378,4.143134726391533,0.2702702702702703,0.9029890385822588,0.1891891891891892,0.7782554755603205,0.8513811875034023,0.2702702702702703,openalex_health_informatics_1000
W4390583672,post_ai,2023,Medicine,22,0.0,1.0,3.3460418712533144,0.2727272727272727,0.6226221079691516,0.2727272727272727,0.9248035250928236,0.7910561615770514,0.2272727272727272,openalex_health_informatics_1000
W4390599023,post_ai,2023,Medicine,8,2.5,0.5,3.769779414650516,0.25,0.3248945147679324,0.5,0.9743147528693494,0.8659573420882225,0.25,openalex_health_informatics_1000
W4390701140,post_ai,2024,Medicine,13,1.0,0.9230769230769232,4.820281565605037,0.0769230769230769,0.6385281385281385,0.0769230769230769,0.2711893730418441,0.8570667092616742,0.0769230769230769,openalex_health_informatics_1000
W4390775870,post_ai,2024,Medicine,19,5.0,0.4210526315789473,4.477336814478207,0.2631578947368421,0.4780858676207513,0.4210526315789473,1.3372952378958225,0.8150815022619147,0.1052631578947368,openalex_health_informatics_1000
W4390781417,post_ai,2024,Medicine,13,1.0,0.6923076923076923,6.068425588244111,0.0769230769230769,0.9193005336491756,0.6153846153846154,0.8981370031878679,0.7964393129715552,0.0,openalex_health_informatics_1000
W4390789834,post_ai,2023,Medicine,32,3.0,0.5625,4.134365916058869,0.28125,0.4230035431997819,0.5,1.447783892448716,0.8545241113752127,0.21875,openalex_health_informatics_1000
W4390886114,post_ai,2024,Medicine,2,7.5,0.0,8.908872894431582,0.0,0.8914314558532789,1.0,-0.0,0.7534480094909668,0.0,openalex_health_informatics_1000
W4390907288,post_ai,2024,Medicine,16,5.0,0.375,3.525927811477947,0.3125,0.8103904698874917,0.375,0.98689944883853,0.8459316715598106,0.25,openalex_health_informatics_1000
W4390922766,post_ai,2023,Medicine,21,1.0,0.9523809523809524,2.079441541679836,0.7142857142857143,0.916969696969697,0.8095238095238095,1.8886318494864496,0.767243124189831,0.1904761904761904,openalex_health_informatics_1000
W4390972832,post_ai,2024,Medicine,16,6.5,0.375,3.9604048396443,0.25,0.5855494229804316,0.375,0.6615632381579821,0.8399428240954876,0.25,openalex_health_informatics_1000
W4391046210,post_ai,2024,Medicine,11,1.0,0.8181818181818182,5.351858133476067,0.0,0.8475834188137332,0.5454545454545454,1.162225544921092,0.8379116275093772,0.0,openalex_health_informatics_1000
W4391238866,post_ai,2024,Medicine,6,4.0,0.3333333333333333,4.253268305613855,0.0,0.8786292241789624,0.3333333333333333,0.8675632284814612,0.8281435072422028,0.0,openalex_health_informatics_1000
W4391259883,post_ai,2024,Medicine,20,2.0,0.55,4.38194850356973,0.2,0.644514530299617,0.55,1.3046615296840591,0.8250730276107788,0.15,openalex_health_informatics_1000
W4391317914,post_ai,2024,Medicine,118,4.0,0.3220338983050847,3.921924319076236,0.2033898305084746,0.922904134205538,0.4576271186440678,1.3687675533068882,0.8197294195829812,0.1610169491525423,openalex_health_informatics_1000
W4391319566,post_ai,2024,Medicine,20,1.0,0.75,3.540854293052788,0.3,0.5354330708661418,0.75,1.56718085483299,0.7984223335981369,0.1,openalex_health_informatics_1000
W4391359513,post_ai,2024,Medicine,5,17.0,0.0,4.442651256490317,0.4,0.7481888035126235,1.0,1.3321790402101223,0.8222484827041626,0.4,openalex_health_informatics_1000
W4391362451,post_ai,2024,Medicine,21,1.0,0.9523809523809524,4.127134385045092,0.1904761904761904,0.5484474373363262,0.2857142857142857,0.7801307795266322,0.8332668344179789,0.0952380952380952,openalex_health_informatics_1000
W4391486330,post_ai,2024,Medicine,79,5.0,0.430379746835443,3.9318256327243257,0.2151898734177215,0.7027176246856021,0.1012658227848101,0.3278554017914255,0.8282307695738876,0.1772151898734177,openalex_health_informatics_1000
W4391597654,post_ai,2024,Medicine,13,3.0,0.5384615384615384,4.158883083359672,0.1538461538461538,0.965025584976899,0.8461538461538461,1.9915093613566135,0.848424113713778,0.1538461538461538,openalex_health_informatics_1000
W4391613817,post_ai,2024,Medicine,19,5.0,0.2105263157894736,6.249975242259483,0.0,0.6353385722458074,0.8421052631578947,0.8264053222918117,0.8207490632408544,0.0,openalex_health_informatics_1000
W4391677307,post_ai,2024,Medicine,12,1.0,0.8333333333333334,3.061246404757193,0.4166666666666667,0.7996438112199465,0.3333333333333333,0.6365141682948128,0.8351121892531713,0.3333333333333333,openalex_health_informatics_1000
W4391738690,post_ai,2024,Medicine,31,3.0,0.6774193548387096,4.007333185232471,0.0967741935483871,0.9886007488559144,0.1612903225806451,0.6119517622013296,0.8880923044297003,0.0967741935483871,openalex_health_informatics_1000
W4391787792,post_ai,2024,Medicine,14,1.0,0.8571428571428571,5.68065578239747,0.0714285714285714,0.6040604343720491,0.1428571428571428,0.509137344082687,0.8397976245198931,0.0714285714285714,openalex_health_informatics_1000
W4391815795,post_ai,2024,Medicine,6,1.0,1.0,4.248699282044029,0.3333333333333333,0.4530791788856305,0.0,-0.0,0.8650378982226054,0.3333333333333333,openalex_health_informatics_1000
W4391817645,post_ai,2024,Medicine,21,3.0,0.6666666666666666,4.465908118654584,0.0952380952380952,0.4273392577104025,0.4761904761904761,1.276550779811499,0.8234332317397708,0.0476190476190476,openalex_health_informatics_1000
W4391897271,post_ai,2024,Medicine,12,1.0,1.0,4.627178628696479,0.0,0.9859571077617688,0.5833333333333334,0.9184277849930976,0.7999485035737356,0.0,openalex_health_informatics_1000
W4391945499,post_ai,2024,Medicine,31,1.0,0.9032258064516128,4.844187086458591,0.1290322580645161,0.685025681548795,0.4516129032258064,1.3883786618633889,0.8422715740819131,0.064516129032258,openalex_health_informatics_1000
W4391980793,post_ai,2024,Medicine,61,6.0,0.3442622950819672,4.836281906951478,0.1147540983606557,0.8749029865762166,0.6229508196721312,1.2627450212553522,0.8539394706976219,0.0983606557377049,openalex_health_informatics_1000
W4392058364,post_ai,2024,Medicine,72,3.0,0.8611111111111112,3.383095857330175,0.3333333333333333,0.9651686093623388,0.2916666666666667,1.141540045289467,0.7880422621965408,0.0277777777777777,openalex_health_informatics_1000
W4392169976,post_ai,2024,Medicine,43,1.0,0.9069767441860463,5.3981627015177525,0.1162790697674418,0.4814623766845057,0.4651162790697674,1.244146689284023,0.8252116718957591,0.0697674418604651,openalex_health_informatics_1000
W4392394605,post_ai,2024,Medicine,17,1.0,0.5882352941176471,5.545177444479562,0.1176470588235294,0.8487009974483879,0.4705882352941176,1.0375911080918452,0.8147416605668909,0.1176470588235294,openalex_health_informatics_1000
W4392508930,post_ai,2024,Medicine,8,1.0,1.0,5.502314985528932,0.125,0.4908927366764111,0.0,-0.0,0.8955909013748169,0.125,openalex_health_informatics_1000
W4392592466,post_ai,2023,Medicine,29,1.0,0.6551724137931034,3.4657359027997265,0.3793103448275862,0.412033511043412,0.4137931034482758,1.4015840658678682,0.8189650177955627,0.3103448275862069,openalex_health_informatics_1000
W4392620542,post_ai,2024,Medicine,16,7.0,0.125,5.095759781876099,0.0625,0.7786769880365939,0.3125,0.9507489270509152,0.8022175058722496,0.0,openalex_health_informatics_1000
W4392648747,post_ai,2023,Medicine,17,3.0,0.7647058823529411,4.574710978503383,0.2941176470588235,0.3787107718405428,0.1176470588235294,0.4437572842601484,0.8712828229455387,0.2352941176470588,openalex_health_informatics_1000
W4392672760,post_ai,2024,Medicine,38,3.0,0.5526315789473685,5.26487339377722,0.0526315789473684,0.9015554115359689,0.5,1.0599180549417695,0.8142845363993394,0.0526315789473684,openalex_health_informatics_1000
W4392705362,post_ai,2024,Medicine,16,1.0,0.75,4.809167804968986,0.0625,0.4865092748735244,0.375,1.1274832349932322,0.8618047051131725,0.0625,openalex_health_informatics_1000
W4392748546,post_ai,2024,Medicine,23,4.0,0.3043478260869565,4.007333185232471,0.1739130434782608,0.5426195426195426,0.1304347826086956,0.4702359623552492,0.8527659540591033,0.1739130434782608,openalex_health_informatics_1000
W4392769984,post_ai,2024,Medicine,229,2.0,0.7554585152838428,3.5263605246161616,0.2794759825327511,0.8988703007727187,0.148471615720524,0.6851204934602483,0.8648810019659684,0.2445414847161572,openalex_health_informatics_1000
W4392784978,post_ai,2024,Medicine,15,1.0,0.9333333333333332,4.867534450455582,0.2666666666666666,0.5491763170771489,0.2666666666666666,0.7647544195674196,0.8371906558672587,0.2666666666666666,openalex_health_informatics_1000
W4392817489,post_ai,2024,Medicine,12,2.0,0.6666666666666666,2.079441541679836,0.6666666666666666,0.7511664074650077,0.8333333333333334,1.4241299173467734,0.8287631720304489,0.5,openalex_health_informatics_1000
W4392833644,post_ai,2024,Medicine,11,3.0,0.5454545454545454,6.376726947898627,0.0909090909090909,0.8614169675090253,0.5454545454545454,1.2406842919533958,0.8206889791922136,0.0909090909090909,openalex_health_informatics_1000
W4392838677,post_ai,2023,Medicine,10,2.0,0.5,3.687314507609472,0.4,0.583989501312336,0.6,1.7480673485460891,0.7606816768646241,0.1,openalex_health_informatics_1000
W4392867067,post_ai,2024,Medicine,13,1.0,0.8461538461538461,5.176149732573829,0.1538461538461538,0.7369344773790951,0.3076923076923077,0.8305178252872478,0.8206973992861234,0.1538461538461538,openalex_health_informatics_1000
W4392883453,post_ai,2024,Medicine,13,2.0,0.7692307692307693,4.382026634673881,0.0769230769230769,0.8064120890341026,0.4615384615384615,1.1569876443452742,0.8147896298995385,0.0,openalex_health_informatics_1000
W4393029358,post_ai,2024,Medicine,53,1.0,1.0,4.663439094112067,0.0754716981132075,0.467551731810428,0.5283018867924528,1.1572919505139876,0.8378640750669083,0.0188679245283018,openalex_health_informatics_1000
W4393040534,post_ai,2024,Medicine,27,2.0,0.7037037037037037,1.6094379124341005,0.8148148148148148,0.7319223985890653,1.0,1.5386966467159653,0.8222879303826226,0.6666666666666666,openalex_health_informatics_1000
W4393054030,post_ai,2024,Medicine,19,1.0,0.7368421052631579,5.262690188904886,0.0,0.6951689933872153,0.5263157894736842,1.0280940565630374,0.8298940815423664,0.0,openalex_health_informatics_1000
W4393061716,post_ai,2024,Medicine,24,1.0,0.8333333333333334,5.014619378920844,0.0416666666666666,0.4770933688633801,0.2083333333333333,0.7892773734611849,0.8324381013711294,0.0416666666666666,openalex_health_informatics_1000
W4393091248,post_ai,2024,Medicine,23,1.0,0.5652173913043478,5.953243334287785,0.0,0.3916650711596145,0.3043478260869565,0.856859036885367,0.8253828027974004,0.0,openalex_health_informatics_1000
W4393145420,post_ai,2024,Medicine,21,1.0,0.8571428571428571,4.8283137373023015,0.0476190476190476,0.6689197972182503,0.1428571428571428,0.5670609309552819,0.8429652736300514,0.0476190476190476,openalex_health_informatics_1000
W4393160742,post_ai,2024,Medicine,27,1.0,0.8148148148148148,5.062595033026967,0.1111111111111111,0.5207884200800739,0.1481481481481481,0.5735160760972796,0.8465009353778981,0.1111111111111111,openalex_health_informatics_1000
W4393183052,post_ai,2024,Medicine,12,2.0,0.75,4.3340120405594105,0.0,0.574025974025974,0.3333333333333333,0.6365141682948128,0.8606995890537897,0.0,openalex_health_informatics_1000
W4393228197,post_ai,2024,Medicine,35,3.0,0.6285714285714286,4.454347296253507,0.2285714285714285,0.3946470742587247,0.4,1.300672845490504,0.8791212899344308,0.2285714285714285,openalex_health_informatics_1000
W4393256653,post_ai,2024,Medicine,7,3.0,0.7142857142857143,3.737669618283368,0.2857142857142857,0.3281733746130031,0.5714285714285714,1.0042424730540764,0.8724486231803894,0.2857142857142857,openalex_health_informatics_1000
W4393336895,post_ai,2024,Medicine,33,2.0,0.6363636363636364,4.90527477843843,0.1212121212121212,0.7562871327419224,0.303030303030303,0.8563853684095855,0.8427035609881083,0.1212121212121212,openalex_health_informatics_1000
W4393360233,post_ai,2024,Medicine,8,3.0,0.75,4.418840607796598,0.125,0.6155026861089793,0.25,0.5623351446188083,0.9061736166477204,0.125,openalex_health_informatics_1000
W4393871845,post_ai,2024,Medicine,51,6.0,0.1372549019607843,5.123963979403259,0.1176470588235294,0.8276276276276276,0.5294117647058824,1.7789427281273893,0.7975657757590798,0.0784313725490196,openalex_health_informatics_1000
W4393904586,post_ai,2024,Medicine,55,2.0,0.7272727272727273,4.634728988229636,0.1636363636363636,0.621869590305828,0.6363636363636364,1.572411516948432,0.8077395970171148,0.1272727272727272,openalex_health_informatics_1000
W4393965904,post_ai,2024,Medicine,31,2.0,0.6774193548387096,3.8501476017100575,0.1290322580645161,0.5193171608265947,0.3548387096774194,1.1522315994693366,0.8201497658606498,0.064516129032258,openalex_health_informatics_1000
W4393972474,post_ai,2024,Medicine,25,2.0,0.6,3.951243718581428,0.2,0.5648183556405354,0.12,0.4987584659128827,0.8283860301971435,0.12,openalex_health_informatics_1000
W4393991699,post_ai,2024,Medicine,21,3.0,0.6190476190476191,5.068904202220232,0.0476190476190476,0.672019904998869,0.1428571428571428,0.410116318288409,0.8366437554359436,0.0476190476190476,openalex_health_informatics_1000
W4394063632,post_ai,2024,Medicine,60,4.0,0.3833333333333333,4.262679877041316,0.1333333333333333,0.908019739272708,0.6,1.7454615484891387,0.8454778184493382,0.1333333333333333,openalex_health_informatics_1000
W4394582474,post_ai,2024,Medicine,38,10.5,0.1842105263157894,5.367850390609535,0.0526315789473684,0.6930901253712514,0.8947368421052632,1.8178081608145875,0.8224462678557948,0.0263157894736842,openalex_health_informatics_1000
W4394794382,post_ai,2024,Medicine,14,1.0,0.7857142857142857,4.858910202745538,0.0,0.6346644010195412,0.7142857142857143,1.5124511784664485,0.7773679665156773,0.0,openalex_health_informatics_1000
W4394815907,post_ai,2024,Medicine,74,4.0,0.4324324324324324,3.564648774464686,0.3648648648648648,0.7985208783706906,0.7297297297297297,1.6370836183257698,0.7915378237092817,0.1621621621621621,openalex_health_informatics_1000
W4394840488,post_ai,2024,Medicine,30,4.0,0.4666666666666667,3.511434043041321,0.2333333333333333,0.9828134837578912,0.4333333333333333,1.3274966973178774,0.8536136209964752,0.2,openalex_health_informatics_1000
W4394884253,post_ai,2024,Medicine,17,1.0,1.0,5.247024072160486,0.0588235294117647,0.2768936982813494,0.5882352941176471,0.9718487712358764,0.8649383467786452,0.0588235294117647,openalex_health_informatics_1000
W4394964267,post_ai,2024,Medicine,23,1.0,0.782608695652174,5.869296913133774,0.0434782608695652,0.342148283488797,0.391304347826087,0.8058274790573101,0.8080453976340916,0.0,openalex_health_informatics_1000
W4394978621,post_ai,2024,Medicine,24,1.0,0.8333333333333334,4.739534478255438,0.125,0.7775870524767042,0.375,0.9798203223053884,0.8396013056238493,0.0833333333333333,openalex_health_informatics_1000
W4395031026,post_ai,2024,Medicine,77,2.0,0.7792207792207793,3.4011973816621555,0.2597402597402597,0.8157664036684874,0.2597402597402597,0.9568437308434252,0.8716234982787788,0.2337662337662337,openalex_health_informatics_1000
W4395031294,post_ai,2024,Medicine,9,1.0,0.8888888888888888,3.828641396489095,0.3333333333333333,0.7171641791044776,0.7777777777777778,1.4270610433807247,0.7973940107557509,0.1111111111111111,openalex_health_informatics_1000
W4395049528,post_ai,2024,Medicine,81,3.0,0.691358024691358,3.49650756146648,0.3086419753086419,0.922446890197082,0.382716049382716,1.3082076599744137,0.8905754243886029,0.2839506172839506,openalex_health_informatics_1000
W4395067202,post_ai,2024,Medicine,40,3.0,0.55,4.2045812236012665,0.1,0.8765234655048806,0.175,0.7349459978480956,0.8467246800661087,0.075,openalex_health_informatics_1000
W4395080513,post_ai,2024,Medicine,27,5.0,0.3703703703703703,4.5217885770490405,0.2222222222222222,0.8236005441628458,0.2962962962962963,0.9671030730501876,0.8386447076444272,0.1851851851851851,openalex_health_informatics_1000
W4395660483,post_ai,2024,Medicine,17,1.0,0.9411764705882352,2.772588722239781,0.5882352941176471,0.8038961038961039,0.1764705882352941,0.5783252866601273,0.8414509647032794,0.5294117647058824,openalex_health_informatics_1000
W4395690755,post_ai,2024,Medicine,21,1.0,0.8095238095238095,5.288267030694535,0.0476190476190476,0.5337184309511016,0.5714285714285714,1.2972734327035422,0.8429688754535857,0.0476190476190476,openalex_health_informatics_1000
W4395692069,post_ai,2024,Medicine,58,1.0,0.7931034482758621,4.989761119406063,0.1896551724137931,0.622279792746114,0.5172413793103449,1.527816935792539,0.8012869162806149,0.1034482758620689,openalex_health_informatics_1000
W4396557787,post_ai,2024,Medicine,28,4.0,0.1428571428571428,4.558014846252471,0.0714285714285714,0.5234170854271357,0.3571428571428571,1.2573788948046656,0.8598132623093468,0.0357142857142857,openalex_health_informatics_1000
W4396560157,post_ai,2024,Medicine,25,3.0,0.56,4.51085950651685,0.2,0.5873374788015828,0.36,0.958944995575212,0.8740614104270935,0.16,openalex_health_informatics_1000
W4396561228,post_ai,2024,Medicine,14,1.0,1.0,3.3485171238332425,0.2142857142857142,0.6700879765395894,0.0,-0.0,0.8104458110673087,0.0714285714285714,openalex_health_informatics_1000
W4396609241,post_ai,2024,Medicine,7,3.0,0.5714285714285714,3.218875824868201,0.2857142857142857,0.7899860917941586,0.0,-0.0,0.874269962310791,0.2857142857142857,openalex_health_informatics_1000
W4396658401,post_ai,2024,Medicine,33,4.0,0.3636363636363636,4.48863636973214,0.1515151515151515,0.9501471947052884,0.5454545454545454,1.3243944631501336,0.8549909916791049,0.1515151515151515,openalex_health_informatics_1000
W4396732742,post_ai,2024,Medicine,14,1.5,0.7142857142857143,3.258096538021482,0.3571428571428571,0.887130075705437,0.4285714285714285,0.6829081047004717,0.8601129182747432,0.3571428571428571,openalex_health_informatics_1000
W4396743074,post_ai,2024,Medicine,23,2.0,0.6086956521739131,5.303304908059076,0.0869565217391304,0.973321526802145,0.6086956521739131,1.3408796582438176,0.8219535324884497,0.0869565217391304,openalex_health_informatics_1000
W4396745229,post_ai,2024,Medicine,26,1.0,0.8461538461538461,4.059103524702891,0.2692307692307692,0.5341421143847487,0.3846153846153846,1.1253359824524194,0.8201393439219549,0.1923076923076923,openalex_health_informatics_1000
W4396906240,post_ai,2024,Medicine,60,1.0,0.7166666666666667,4.578628000441864,0.1166666666666666,0.8250791139240506,0.6,1.821722458798774,0.8081958661476771,0.1,openalex_health_informatics_1000
W4396929982,post_ai,2024,Medicine,38,1.0,0.7368421052631579,5.246802416388265,0.0263157894736842,0.9423132825873968,0.631578947368421,1.327194993864529,0.8379679714378557,0.0263157894736842,openalex_health_informatics_1000
W4396930069,post_ai,2024,Medicine,21,1.0,0.8571428571428571,4.262679877041316,0.2857142857142857,0.6864602587800369,0.0952380952380952,0.3144922012814106,0.8691108056477138,0.2857142857142857,openalex_health_informatics_1000
W4396935000,post_ai,2024,Medicine,47,2.0,0.7872340425531915,3.8918202981106265,0.3191489361702128,0.7342506057459328,0.9148936170212766,2.0404343636743123,0.7037903159222705,0.0,openalex_health_informatics_1000
W4398136440,post_ai,2024,Medicine,26,1.0,1.0,4.001347081141969,0.2692307692307692,0.6347681507481988,0.0384615384615384,0.1630236294943659,0.8755496854965503,0.2692307692307692,openalex_health_informatics_1000
W4398137547,post_ai,2024,Medicine,30,3.0,0.5333333333333333,4.250531904743177,0.2666666666666666,0.8187336080929187,0.7333333333333333,1.997461415750113,0.8139379878838857,0.1333333333333333,openalex_health_informatics_1000
W4398161862,post_ai,2024,Medicine,25,2.0,0.6,2.995732273553991,0.44,0.7672540381791483,0.28,0.8741412099026158,0.8422576475143433,0.36,openalex_health_informatics_1000
W4398190964,post_ai,2024,Medicine,10,1.0,0.7,5.077045308373244,0.3,0.7479283198674125,0.4,1.2275294114572126,0.814356142282486,0.1,openalex_health_informatics_1000
W4398201391,post_ai,2024,Medicine,11,3.0,0.6363636363636364,4.634728988229636,0.0909090909090909,0.7811298432416445,0.0,-0.0,0.8696785569190979,0.0909090909090909,openalex_health_informatics_1000
W4398240750,post_ai,2024,Medicine,39,6.0,0.3846153846153846,5.662960480135946,0.0769230769230769,0.7194338268431507,0.6153846153846154,1.747229368298038,0.8253934475091788,0.0512820512820512,openalex_health_informatics_1000
W4399009224,post_ai,2024,Medicine,24,3.0,0.6666666666666666,3.7012257604091214,0.125,0.5407759303246239,0.2083333333333333,0.7315151084145227,0.8586714764436086,0.0833333333333333,openalex_health_informatics_1000
W4399080229,post_ai,2024,Medicine,55,4.0,0.4727272727272727,4.007333185232471,0.2363636363636363,0.6136176443671639,0.5636363636363636,1.5236650644715932,0.7850723429159685,0.0727272727272727,openalex_health_informatics_1000
W4399238566,post_ai,2024,Medicine,6,1.0,1.0,5.912182783542155,0.0,0.4441837076768354,0.0,-0.0,0.8430082897345225,0.0,openalex_health_informatics_1000
W4399260432,post_ai,2024,Medicine,25,3.0,0.64,3.218875824868201,0.44,0.98592044435851,0.28,1.0823563847381663,0.8194367980957031,0.36,openalex_health_informatics_1000
W4399303224,post_ai,2024,Medicine,35,3.0,0.6,3.951243718581428,0.2571428571428571,0.7422617596880331,0.8571428571428571,1.8737213246898987,0.7849990384919303,0.2,openalex_health_informatics_1000
W4399373416,post_ai,2024,Medicine,27,8.0,0.074074074074074,3.951243718581428,0.1481481481481481,0.9795156707239492,1.0,1.3767205880339402,0.8485676204716718,0.1481481481481481,openalex_health_informatics_1000
W4399393850,post_ai,2024,Medicine,41,2.0,0.7804878048780488,3.218875824868201,0.3414634146341463,0.6924214417744917,0.1219512195121951,0.5332555753496773,0.8673280651976423,0.3170731707317073,openalex_health_informatics_1000
W4399464481,post_ai,2024,Medicine,12,3.0,0.5833333333333334,3.9796379800581994,0.3333333333333333,0.3969335604770017,0.8333333333333334,1.0281838593329258,0.8762292861938477,0.3333333333333333,openalex_health_informatics_1000
W4399469626,post_ai,2024,Medicine,31,1.0,0.5806451612903226,4.499809670330265,0.064516129032258,0.7000235645275312,0.0967741935483871,0.3795349255810947,0.8490989208221436,0.064516129032258,openalex_health_informatics_1000
W4399570076,post_ai,2023,Medicine,2,3.5,0.5,3.015342630130632,0.5,1.0,1.0,-0.0,0.768856555223465,0.0,openalex_health_informatics_1000
W4399716266,post_ai,2024,Medicine,16,1.0,1.0,3.3460418712533144,0.125,0.7114731839782756,0.0625,0.2337916587064593,0.8937409855425358,0.125,openalex_health_informatics_1000
W4399761474,post_ai,2024,Medicine,65,3.0,0.5538461538461539,4.110873864173311,0.1384615384615384,0.7109558382007751,0.1692307692307692,0.6513487234168542,0.8492436051368714,0.1076923076923077,openalex_health_informatics_1000
W4399824002,post_ai,2024,Medicine,21,4.0,0.1904761904761904,4.867534450455582,0.0952380952380952,0.9349813191719342,0.6190476190476191,1.671112676820144,0.836715661344074,0.0952380952380952,openalex_health_informatics_1000
W4399836078,post_ai,2024,Medicine,29,2.0,0.5862068965517241,3.49650756146648,0.3793103448275862,0.6951032899770466,0.4827586206896552,1.5363509242412268,0.8495874898187046,0.3103448275862069,openalex_health_informatics_1000
W4399848185,post_ai,2024,Medicine,18,1.0,0.8888888888888888,5.114449420898958,0.0,0.4213150514178871,0.2222222222222222,0.760755259244303,0.8392395509613885,0.0,openalex_health_informatics_1000
W4399880222,post_ai,2024,Medicine,74,1.5,0.6216216216216216,4.969716839654799,0.1081081081081081,0.6189889804553061,0.6891891891891891,1.7564688055651436,0.8031266549149075,0.0675675675675675,openalex_health_informatics_1000
W4399900317,post_ai,2024,Medicine,27,4.0,0.4814814814814814,4.430816798843313,0.1111111111111111,0.9080878133556308,0.5185185185185185,1.0325967175264794,0.7647330849258988,0.037037037037037,openalex_health_informatics_1000
W4399903018,post_ai,2024,Medicine,32,3.0,0.5625,3.736534544016098,0.25,0.6687230104873535,0.53125,1.4029179926097066,0.8342097327113152,0.1875,openalex_health_informatics_1000
W4399921042,post_ai,2024,Medicine,40,2.0,0.675,4.38194850356973,0.2,0.9696382840470396,0.625,1.6318079333576243,0.8112629547715187,0.1,openalex_health_informatics_1000
W4400066027,post_ai,2024,Medicine,12,4.0,0.4166666666666667,5.228887441856328,0.4166666666666667,0.5591831589562587,0.6666666666666666,1.6326309271543518,0.803350364168485,0.4166666666666667,openalex_health_informatics_1000
W4400092152,post_ai,2024,Medicine,41,4.0,0.4634146341463415,4.007333185232471,0.2682926829268293,0.772255374805853,0.7804878048780488,1.7410756732364914,0.7813941531065034,0.1463414634146341,openalex_health_informatics_1000
W4400129347,post_ai,2024,Medicine,11,1.0,0.8181818181818182,3.6375861597263857,0.3636363636363636,0.5686475409836066,0.2727272727272727,0.7595473914748635,0.8436949415640398,0.1818181818181818,openalex_health_informatics_1000
W4400137179,post_ai,2024,Medicine,37,1.0,0.918918918918919,4.927253685157205,0.027027027027027,0.8248165787102587,0.7297297297297297,1.5328135490240733,0.84125920405259,0.027027027027027,openalex_health_informatics_1000
W4400239851,post_ai,2024,Medicine,12,1.0,1.0,5.452675146336121,0.1666666666666666,0.4787784679089027,0.4166666666666667,1.0751393240053737,0.8380300601323446,0.1666666666666666,openalex_health_informatics_1000
W4400242653,post_ai,2024,Medicine,20,1.0,0.85,4.985339401038226,0.15,0.439640768588137,0.45,1.1097385521061456,0.8529215455055237,0.1,openalex_health_informatics_1000
W4400251326,post_ai,2024,Medicine,16,2.5,0.5625,5.101944198697842,0.0,0.6665198722888913,0.25,0.8222653373287878,0.8054437637329102,0.0,openalex_health_informatics_1000
W4400251701,post_ai,2024,Medicine,13,4.0,0.4615384615384615,5.783825182329737,0.2307692307692307,0.6591420534458509,0.7692307692307693,1.1569876443452742,0.8172088999014634,0.0,openalex_health_informatics_1000
W4400266074,post_ai,2024,Medicine,23,1.0,0.782608695652174,5.736572297479192,0.1739130434782608,0.7308161350844278,0.5217391304347826,1.3779619688789435,0.7902056626651598,0.1304347826086956,openalex_health_informatics_1000
W4400279985,post_ai,2024,Medicine,43,3.0,0.5581395348837209,3.80666248977032,0.1627906976744186,0.6858170506464469,0.6046511627906976,1.576259562808605,0.8207942316698473,0.1162790697674418,openalex_health_informatics_1000
W4400379955,post_ai,2024,Medicine,8,1.0,1.0,4.366958087463763,0.125,0.4060941828254847,0.125,0.3767701612564367,0.8465756773948669,0.125,openalex_health_informatics_1000
W4400389425,post_ai,2024,Medicine,48,3.0,0.5833333333333334,4.6909689827035805,0.1041666666666666,0.6233829158389457,0.3958333333333333,1.3888532463173826,0.860655869046847,0.0833333333333333,openalex_health_informatics_1000
W4400408791,post_ai,2024,Medicine,8,1.0,0.875,4.629184170493382,0.0,0.3046127067014795,0.0,-0.0,0.8859789222478867,0.0,openalex_health_informatics_1000
W4400426277,post_ai,2024,Medicine,23,2.0,0.6956521739130435,4.290459441148391,0.1739130434782608,0.6263736263736264,0.217391304347826,0.8131904766573733,0.8809554084487583,0.1304347826086956,openalex_health_informatics_1000
W4400519915,post_ai,2024,Medicine,38,11.0,0.131578947368421,4.709367850470742,0.1052631578947368,0.7504108688506629,0.8947368421052632,1.7000501274861186,0.8214102387428284,0.0789473684210526,openalex_health_informatics_1000
W4400549596,post_ai,2024,Medicine,17,1.0,0.8235294117647058,4.532599493153256,0.0588235294117647,0.4254566882734237,0.4117647058823529,0.923840705630872,0.8270203786737779,0.0,openalex_health_informatics_1000
W4400602081,post_ai,2024,Medicine,30,1.0,0.7333333333333333,5.505124936311219,0.0,0.4235242346136921,0.4,1.0403827810064954,0.8480895817279815,0.0,openalex_health_informatics_1000
W4400640467,post_ai,2024,Medicine,53,3.0,0.5283018867924528,4.663439094112067,0.1509433962264151,0.8968786291564952,0.3962264150943396,1.4133664547566789,0.8474943750309494,0.1132075471698113,openalex_health_informatics_1000
W4400658779,post_ai,2024,Medicine,59,2.0,0.6610169491525424,4.31748811353631,0.1186440677966101,0.9175468009982152,0.711864406779661,1.7548782329573656,0.8146846112558397,0.0677966101694915,openalex_health_informatics_1000
W4400679352,post_ai,2024,Medicine,15,1.0,1.0,5.043425116919247,0.2,0.4657698056801196,0.4,0.6730116670092565,0.8686228275299073,0.0666666666666666,openalex_health_informatics_1000
W4400769352,post_ai,2024,Medicine,12,6.5,0.4166666666666667,5.231308754094221,0.0833333333333333,0.4067143643368189,0.8333333333333334,0.9830877585747856,0.8087308257818222,0.0833333333333333,openalex_health_informatics_1000
W4400773815,post_ai,2024,Medicine,45,8.0,0.1777777777777777,5.802118375377063,0.0666666666666666,0.7787694535389583,0.7555555555555555,1.896518376480184,0.8088670227262709,0.0222222222222222,openalex_health_informatics_1000
W4400868979,post_ai,2024,Medicine,14,3.0,0.5,4.8940383505124,0.0,0.4738231412230532,0.5714285714285714,0.8982053397041498,0.8580111350331988,0.0,openalex_health_informatics_1000
W4400882153,post_ai,2024,Medicine,25,6.0,0.28,5.068904202220232,0.12,0.780774229483847,0.64,1.5068409398295437,0.8503375720977783,0.12,openalex_health_informatics_1000
W4400903223,post_ai,2024,Medicine,28,1.0,0.6785714285714286,3.921924319076236,0.1428571428571428,0.6569529652351738,0.4642857142857143,1.2499623088358849,0.8113904595375061,0.1428571428571428,openalex_health_informatics_1000
W4400964726,post_ai,2024,Medicine,20,3.0,0.55,3.713274536198652,0.2,0.3687461395923409,0.2,0.7083465777061714,0.8523257046937942,0.15,openalex_health_informatics_1000
W4400974145,post_ai,2024,Medicine,8,1.0,1.0,3.3546521701291496,0.375,0.4714285714285714,0.125,0.3767701612564367,0.8348795473575592,0.25,openalex_health_informatics_1000
W4400975186,post_ai,2024,Medicine,9,11.0,0.1111111111111111,6.872128101338986,0.0,0.2907139851311544,1.0,1.6769877743224175,0.8410975601938036,0.0,openalex_health_informatics_1000
W4400981147,post_ai,2024,Medicine,11,1.0,0.9090909090909092,4.812184355372417,0.0909090909090909,0.8219222814847067,0.3636363636363636,0.6554817739013927,0.8137956911867316,0.0909090909090909,openalex_health_informatics_1000
W4400982693,post_ai,2024,Medicine,24,5.5,0.4583333333333333,5.263320680637769,0.0833333333333333,0.7567745474492594,0.8333333333333334,1.5312646501273106,0.84495942791303,0.0833333333333333,openalex_health_informatics_1000
W4400983487,post_ai,2024,Medicine,36,1.0,0.8055555555555556,4.235993299289079,0.1944444444444444,0.7419189327860441,0.4166666666666667,1.1529085125886092,0.8383548458417257,0.0833333333333333,openalex_health_informatics_1000
W4401014858,post_ai,2024,Medicine,24,2.0,0.5833333333333334,3.9404021723374503,0.3333333333333333,0.9534287611371042,0.7916666666666666,1.506578416260373,0.8703721861044565,0.3333333333333333,openalex_health_informatics_1000
W4401036696,post_ai,2024,Medicine,6,1.5,0.6666666666666666,3.496048213707944,0.5,0.8049837486457205,0.0,-0.0,0.8805985748767853,0.5,openalex_health_informatics_1000
W4401064451,post_ai,2024,Medicine,29,1.0,0.9655172413793104,4.02535169073515,0.3103448275862069,0.7152889816835911,0.2068965517241379,0.719071754348727,0.8212953250983666,0.2758620689655172,openalex_health_informatics_1000
W4401176211,post_ai,2024,Medicine,25,1.0,0.68,4.442651256490317,0.12,0.5802543912780134,0.12,0.4433066914680871,0.8237269282341003,0.04,openalex_health_informatics_1000
W4401190631,post_ai,2024,Medicine,8,1.0,0.75,2.5619819897016294,0.625,0.4173441734417344,0.125,0.3767701612564367,0.7870442345738411,0.25,openalex_health_informatics_1000
W4401195191,post_ai,2024,Medicine,18,2.0,0.7222222222222222,2.8617925509761903,0.4444444444444444,0.4390756302521008,0.7777777777777778,1.7249347863977138,0.8965331349107954,0.4444444444444444,openalex_health_informatics_1000
W4401219689,post_ai,2024,Medicine,48,1.0,0.9791666666666666,3.9796379800581994,0.1458333333333333,0.5345761299729223,0.125,0.4330903123647249,0.8187000143031279,0.1041666666666666,openalex_health_informatics_1000
W4401225818,post_ai,2024,Medicine,10,1.0,0.9,4.197851646914264,0.3,0.4922330097087378,0.1,0.3250829733914482,0.8412697613239288,0.3,openalex_health_informatics_1000
W4401245612,post_ai,2024,Medicine,63,1.0,0.7301587301587301,5.111987788356544,0.1269841269841269,0.8949992667546561,0.6507936507936508,1.698188649664839,0.8316187669360449,0.1111111111111111,openalex_health_informatics_1000
W4401288918,post_ai,2024,Medicine,36,4.0,0.3888888888888889,5.34472089134114,0.1666666666666666,0.3882178284634591,1.0,1.3403535607948784,0.8423812091350555,0.0555555555555555,openalex_health_informatics_1000
W4401345524,post_ai,2024,Medicine,74,1.0,0.8108108108108109,4.757808376414458,0.1891891891891892,0.4773891293127407,0.3648648648648648,1.281557777236316,0.8163048971343685,0.1351351351351351,openalex_health_informatics_1000
W4401397810,post_ai,2024,Medicine,13,1.0,1.0,2.9444389791664403,0.3846153846153846,0.7560975609756098,0.2307692307692307,0.5402041423888608,0.852961962039654,0.3846153846153846,openalex_health_informatics_1000
W4401420291,post_ai,2024,Medicine,28,1.0,0.7857142857142857,2.6735537653587342,0.5714285714285714,0.8504848748009842,0.5,1.597904308484586,0.8132274853331702,0.3214285714285714,openalex_health_informatics_1000
W4401431683,post_ai,2024,Medicine,47,4.0,0.4680851063829787,4.955827057601261,0.1276595744680851,0.5563856472897808,0.425531914893617,1.2670260527091457,0.8529963062164632,0.1276595744680851,openalex_health_informatics_1000
W4401480947,post_ai,2024,Medicine,82,1.0,0.8170731707317073,4.058059215804683,0.1829268292682926,0.6158670774647887,0.1829268292682926,0.7885111147402937,0.8266757813895621,0.1341463414634146,openalex_health_informatics_1000
W4401539593,post_ai,2024,Medicine,40,5.0,0.425,4.294477778821564,0.225,0.6106396520632227,0.925,1.1609381881803542,0.8538006111979485,0.2,openalex_health_informatics_1000
W4401638119,post_ai,2024,Medicine,30,1.0,0.9,3.977537136631348,0.1333333333333333,0.6071631608868675,0.0333333333333333,0.1461447460085638,0.8924506545066834,0.1333333333333333,openalex_health_informatics_1000
W4401651176,post_ai,2024,Medicine,28,3.5,0.5,4.722864324853415,0.1428571428571428,0.8201625862557897,0.1785714285714285,0.6389115161618192,0.8780363031796047,0.1428571428571428,openalex_health_informatics_1000
W4401708579,post_ai,2024,Medicine,18,1.0,0.8333333333333334,3.610552549091248,0.2777777777777778,0.5232974910394266,0.4444444444444444,1.164091730556667,0.8783423834376864,0.2777777777777778,openalex_health_informatics_1000
W4401726360,post_ai,2024,Medicine,16,1.0,1.0,3.772166054026844,0.0625,0.4923982344286415,0.5625,1.245016889252439,0.8495696038007736,0.0625,openalex_health_informatics_1000
W4401761554,post_ai,2024,Medicine,32,2.0,0.71875,3.555348061489413,0.40625,0.6765399351606248,0.46875,1.091147227576222,0.8098052777349949,0.25,openalex_health_informatics_1000
W4401785934,post_ai,2023,Medicine,17,2.0,0.7647058823529411,1.791759469228055,0.6470588235294118,0.818280235075781,0.8235294117647058,1.5992212565872683,0.7964389779988457,0.3529411764705882,openalex_health_informatics_1000
W4401793992,post_ai,2024,Medicine,24,2.0,0.7083333333333334,3.960767816066775,0.2083333333333333,0.8457525235340819,0.2083333333333333,0.7892773734611849,0.7808753425876299,0.0833333333333333,openalex_health_informatics_1000
W4401814694,post_ai,2024,Medicine,23,4.0,0.4347826086956521,5.648974238161206,0.0434782608695652,0.785412349772068,0.5217391304347826,1.128891207372278,0.8177877612735914,0.0434782608695652,openalex_health_informatics_1000
W4401850697,post_ai,2024,Medicine,40,1.0,0.775,4.151008904875602,0.15,0.7840526905829597,0.65,1.4567246975244694,0.832772596180439,0.075,openalex_health_informatics_1000
W4401898127,post_ai,2024,Medicine,39,1.0,0.9230769230769232,3.4657359027997265,0.3846153846153846,0.6067753001715266,0.717948717948718,1.3309046025659,0.8084911658213689,0.1794871794871795,openalex_health_informatics_1000
W4401918297,post_ai,2024,Medicine,35,3.0,0.6285714285714286,4.499809670330265,0.1428571428571428,0.6777944862155388,0.3142857142857143,1.0293439727797304,0.8789985929216657,0.0857142857142857,openalex_health_informatics_1000
W4401955040,post_ai,2024,Medicine,16,1.0,0.8125,4.3694478524670215,0.3125,0.4939605848696757,0.5,1.1432752061942135,0.8773145191371441,0.3125,openalex_health_informatics_1000
W4401964016,post_ai,2024,Medicine,72,2.0,0.8333333333333334,3.332204510175204,0.4027777777777778,0.6253085617773159,0.375,1.307764923293277,0.8762057084176276,0.3472222222222222,openalex_health_informatics_1000
W4401977126,post_ai,2024,Medicine,55,1.0,0.6909090909090909,3.7612001156935615,0.2,0.9657911165576084,0.6545454545454545,1.946501175014588,0.7953111540187489,0.0545454545454545,openalex_health_informatics_1000
W4402002846,post_ai,2024,Medicine,26,1.5,0.8461538461538461,2.8029010331479984,0.5,0.7405128205128205,0.1923076923076923,0.6722962280908585,0.7836027145385742,0.1923076923076923,openalex_health_informatics_1000
W4402031899,post_ai,2024,Medicine,32,0.0,0.90625,3.198464827608073,0.40625,0.4609929078014184,0.125,0.5500569563964232,0.8554805126041174,0.375,openalex_health_informatics_1000
W4402037523,post_ai,2024,Medicine,18,2.5,0.5555555555555556,4.199204827713135,0.2222222222222222,0.7597717892692402,0.4444444444444444,1.2260760503661696,0.8860984709527757,0.2222222222222222,openalex_health_informatics_1000
W4402072203,post_ai,2024,Medicine,7,4.0,0.4285714285714285,4.48863636973214,0.2857142857142857,0.8271191599452138,0.5714285714285714,1.4750763110546947,0.8138582195554461,0.1428571428571428,openalex_health_informatics_1000
W4402080663,post_ai,2024,Medicine,9,2.0,0.5555555555555556,5.805134968916488,0.0,0.5169133192389006,0.6666666666666666,1.3689223607402192,0.8363654878404405,0.0,openalex_health_informatics_1000
W4402099135,post_ai,2024,Medicine,58,1.0,0.8103448275862069,4.120719844914865,0.2758620689655172,0.5725664189875448,0.5517241379310345,1.3563900466447472,0.8223357858328983,0.2068965517241379,openalex_health_informatics_1000
W4402128866,post_ai,2024,Medicine,13,0.0,0.6153846153846154,0.6931471805599453,0.6153846153846154,0.8367346938775511,0.3846153846153846,1.2852930241200995,0.7854774181659405,0.2307692307692307,openalex_health_informatics_1000
W4402140247,post_ai,2024,Medicine,69,2.0,0.782608695652174,2.5649493574615367,0.5942028985507246,0.9589024464274876,0.0579710144927536,0.2816214769981826,0.8487722441770028,0.5507246376811594,openalex_health_informatics_1000
W4402144955,post_ai,2023,Medicine,12,4.0,0.25,3.736534544016098,0.25,0.4974226804123711,0.0833333333333333,0.2868359830561607,0.8394001126289368,0.25,openalex_health_informatics_1000
W4402154060,post_ai,2024,Medicine,16,1.0,0.875,5.509257191236166,0.0625,0.3881538774679422,0.3125,0.7774621319109288,0.8662360496819019,0.0625,openalex_health_informatics_1000
W4402224706,post_ai,2024,Medicine,9,1.0,0.6666666666666666,5.117993812416755,0.1111111111111111,0.3183673469387755,0.4444444444444444,1.1490596969706204,0.8035478989283243,0.1111111111111111,openalex_health_informatics_1000
W4402236457,post_ai,2024,Medicine,78,4.0,0.4615384615384615,4.127004295282422,0.1153846153846153,0.6154041946650377,0.1923076923076923,0.8005236537209199,0.8441413098420852,0.0897435897435897,openalex_health_informatics_1000
W4402244112,post_ai,2024,Medicine,40,1.0,0.9,2.4414009612931853,0.675,0.9085788997284522,0.525,1.3237735863113795,0.7885919779539108,0.375,openalex_health_informatics_1000
W4402253484,post_ai,2024,Medicine,64,3.0,0.5625,4.025192226533511,0.234375,0.8369474368499257,0.421875,1.1138426109680415,0.8378734150901437,0.1875,openalex_health_informatics_1000
W4402322909,post_ai,2024,Medicine,39,3.0,0.5128205128205128,3.713572066704308,0.282051282051282,0.5824539623422305,0.4871794871794871,1.5647467055864066,0.7935913266279758,0.1282051282051282,openalex_health_informatics_1000
W4402380523,post_ai,2024,Medicine,24,1.5,0.75,4.959286594977085,0.25,0.5365779621572397,0.25,0.8729484758423084,0.813248910009861,0.2083333333333333,openalex_health_informatics_1000
W4402430962,post_ai,2024,Medicine,6,1.0,0.8333333333333334,4.710624692811025,0.1666666666666666,0.5866388308977035,0.3333333333333333,0.6365141682948128,0.8721838593482971,0.1666666666666666,openalex_health_informatics_1000
W4402460406,post_ai,2024,Medicine,26,1.0,0.5769230769230769,3.675579113215347,0.2307692307692307,0.5625236116358141,0.0769230769230769,0.2711893730418441,0.8237193249739133,0.1923076923076923,openalex_health_informatics_1000
W4402491102,post_ai,2024,Medicine,18,3.5,0.5,4.559002880386693,0.2222222222222222,0.5183035714285714,0.7222222222222222,1.6150034545129146,0.8224579526318444,0.1666666666666666,openalex_health_informatics_1000
W4402491976,post_ai,2024,Medicine,14,2.0,0.8571428571428571,4.306978429924273,0.2142857142857142,0.6977687626774848,0.3571428571428571,1.0285137640248474,0.8513439680848803,0.0714285714285714,openalex_health_informatics_1000
W4402578068,post_ai,2024,Medicine,33,1.0,0.9696969696969696,3.7612001156935615,0.2727272727272727,0.7034950710536423,0.4242424242424242,0.7907899174918637,0.8501149542403944,0.2121212121212121,openalex_health_informatics_1000
W4402624169,post_ai,2024,Medicine,18,4.0,0.4444444444444444,3.917987290860783,0.1666666666666666,0.9227004219409284,0.6666666666666666,1.7690361613040135,0.8335043357478248,0.1666666666666666,openalex_health_informatics_1000
W4402693313,post_ai,2024,Medicine,15,1.0,0.8666666666666667,4.990432586778736,0.2,0.6352054082163286,0.7333333333333333,0.5799151714181009,0.8700878659884135,0.1333333333333333,openalex_health_informatics_1000
W4402729074,post_ai,2024,Medicine,50,4.0,0.34,4.309694351865454,0.3,0.9689542288438332,0.68,1.6105523865410478,0.7989449572563171,0.2,openalex_health_informatics_1000
W4402746191,post_ai,2024,Medicine,17,4.0,0.4705882352941176,3.737669618283368,0.1176470588235294,0.5296829971181556,0.1176470588235294,0.4437572842601484,0.8314360730788287,0.1176470588235294,openalex_health_informatics_1000
W4402972747,post_ai,2024,Medicine,68,3.0,0.6323529411764706,3.959678095330308,0.2058823529411764,0.5887222555488902,0.8970588235294118,1.2489965853598777,0.879113809150808,0.1323529411764706,openalex_health_informatics_1000
W4402973743,post_ai,2024,Medicine,15,4.0,0.4666666666666667,1.0986122886681098,0.5333333333333333,0.8917469460721025,0.8,1.771623955677366,0.8354098757108053,0.5333333333333333,openalex_health_informatics_1000
W4402978039,post_ai,2024,Medicine,27,5.0,0.3333333333333333,4.394449154672439,0.2222222222222222,0.4253426304400096,0.4444444444444444,1.32926641168536,0.8370092356646502,0.1851851851851851,openalex_health_informatics_1000
W4403176729,post_ai,2024,Medicine,30,1.0,0.9333333333333332,2.6876392038420827,0.5,0.8330210772833724,0.3333333333333333,1.0456906387805505,0.8338247259457906,0.3666666666666666,openalex_health_informatics_1000
W4403276270,post_ai,2024,Medicine,18,6.0,0.3888888888888889,3.735112067949983,0.2777777777777778,0.4991721854304636,0.1666666666666666,0.5566469035821068,0.844389859173033,0.2777777777777778,openalex_health_informatics_1000
W4403334340,post_ai,2024,Medicine,40,1.0,0.8,4.434628761398644,0.2,0.8520582603938731,0.3,1.100653580201199,0.8595344513654709,0.2,openalex_health_informatics_1000
W4403429491,post_ai,2024,Medicine,125,3.0,0.512,3.1354942159291497,0.4,0.8533050768223891,0.728,1.736891038882314,0.8483831100463867,0.344,openalex_health_informatics_1000
W4403432835,post_ai,2024,Medicine,14,5.0,0.3571428571428571,3.251395022957812,0.4285714285714285,0.8770310192023634,0.9285714285714286,1.6488470716724797,0.8173480161598751,0.1428571428571428,openalex_health_informatics_1000
W4403467309,post_ai,2024,Medicine,9,1.0,1.0,3.871201010907891,0.1111111111111111,0.921547304645021,0.2222222222222222,0.6837389058487535,0.8387084470854865,0.1111111111111111,openalex_health_informatics_1000
W4403504537,post_ai,2024,Medicine,44,1.0,0.8409090909090909,3.583132987066819,0.2954545454545454,0.6618474923234391,0.1590909090909091,0.621709174547446,0.8237687105482275,0.2045454545454545,openalex_health_informatics_1000
W4403584350,post_ai,2024,Medicine,17,1.0,0.8823529411764706,4.574710978503383,0.0588235294117647,0.6081317910970908,0.1764705882352941,0.5783252866601273,0.8529637350755579,0.0588235294117647,openalex_health_informatics_1000
W4403681525,post_ai,2024,Medicine,28,0.5,0.9285714285714286,4.032318237887111,0.1785714285714285,0.6084540002925259,0.25,0.7330621707939262,0.8593113464968545,0.1428571428571428,openalex_health_informatics_1000
W4403784116,post_ai,2024,Medicine,52,1.0,0.8461538461538461,2.9174053685313024,0.4807692307692308,0.8075168764823937,0.3269230769230769,1.196725862241652,0.8136590535824115,0.25,openalex_health_informatics_1000
W4403829264,post_ai,2024,Medicine,25,6.0,0.32,5.209486152841421,0.04,0.7562609098357735,0.56,1.1855158079109098,0.8262739086151123,0.04,openalex_health_informatics_1000
W4403881111,post_ai,2024,Medicine,29,1.0,0.6896551724137931,3.555348061489413,0.2758620689655172,0.761701511972799,0.8620689655172413,1.3071497540051598,0.8566934363595371,0.2413793103448276,openalex_health_informatics_1000
W4403913043,post_ai,2024,Medicine,24,1.0,0.7083333333333334,4.652825275890255,0.2083333333333333,0.9571259108625656,0.7083333333333334,1.6045980082688331,0.8267519349853197,0.1666666666666666,openalex_health_informatics_1000
W4403959767,post_ai,2024,Medicine,22,1.0,0.9090909090909092,1.791759469228055,0.6818181818181818,0.8031012287887653,0.6363636363636364,1.5465986860485126,0.831068987196142,0.4090909090909091,openalex_health_informatics_1000
W4403966017,post_ai,2024,Medicine,9,1.0,1.0,4.795790545596741,0.0,0.3439359737328135,0.1111111111111111,0.3488320958430319,0.8959559930695428,0.0,openalex_health_informatics_1000
W4404025622,post_ai,2024,Medicine,24,1.0,0.7916666666666666,3.807402682355537,0.25,0.6449431294189979,0.1666666666666666,0.623848004006291,0.8394246896107992,0.2083333333333333,openalex_health_informatics_1000
W4404043887,post_ai,2024,Medicine,19,2.0,0.7894736842105263,2.833213344056216,0.4736842105263157,0.4893141945773525,0.0526315789473684,0.2061920506332318,0.8469872098220023,0.4210526315789473,openalex_health_informatics_1000
W4404089954,post_ai,2024,Medicine,31,1.0,0.967741935483871,4.61512051684126,0.1935483870967742,0.6468852831045047,0.0967741935483871,0.3179367802622418,0.872710895153784,0.1935483870967742,openalex_health_informatics_1000
W4404195545,post_ai,2024,Medicine,41,1.0,0.6829268292682927,5.3981627015177525,0.2439024390243902,0.9349262693356056,0.6341463414634146,1.4159357748851504,0.8092608931587963,0.1463414634146341,openalex_health_informatics_1000
W4404224702,post_ai,2024,Medicine,22,0.5,0.9545454545454546,3.8512780566342912,0.3181818181818182,0.5210246495891735,0.2272727272727272,0.7519304663146794,0.8223116072741422,0.2272727272727272,openalex_health_informatics_1000
W4404243177,post_ai,2024,Medicine,44,2.0,0.7272727272727273,3.1345481418531307,0.4318181818181818,0.4816753926701571,0.2727272727272727,1.01160091167848,0.8558685820211064,0.2954545454545454,openalex_health_informatics_1000
W4404415808,post_ai,2024,Medicine,134,2.0,0.746268656716418,3.540854293052788,0.3134328358208955,0.6561094948426343,0.5,1.5596592878351547,0.8385851690128668,0.2686567164179104,openalex_health_informatics_1000
W4404494752,post_ai,2024,Medicine,12,2.0,0.5833333333333334,5.274378326425804,0.0833333333333333,0.4815314762547552,0.4166666666666667,1.0751393240053737,0.8520689209302267,0.0,openalex_health_informatics_1000
W4404635423,post_ai,2024,Medicine,18,1.5,0.5555555555555556,5.421903631104822,0.0555555555555555,0.7797502346748416,0.6111111111111112,0.8544149816001841,0.80112334423595,0.0,openalex_health_informatics_1000
W4404650663,post_ai,2024,Medicine,15,0.0,0.8666666666666667,2.995732273553991,0.2666666666666666,0.7426614481409002,1.0,1.5867847075280477,0.7421527663866679,0.0666666666666666,openalex_health_informatics_1000
W4404675954,post_ai,2024,Medicine,30,4.5,0.3,4.821385964157081,0.0666666666666666,0.8958508345812484,0.6666666666666666,1.5647283381330988,0.826675812403361,0.0333333333333333,openalex_health_informatics_1000
W4404719075,post_ai,2024,Medicine,50,3.0,0.56,4.1190041246092015,0.12,0.6420860322205614,0.18,0.7455253989657314,0.8252757155895233,0.1,openalex_health_informatics_1000
W4404828222,post_ai,2024,Medicine,36,3.0,0.6666666666666666,4.068990227226069,0.1388888888888889,0.9061187214611872,0.9166666666666666,2.018157224558564,0.8166937861177657,0.1388888888888889,openalex_health_informatics_1000
W4404834569,post_ai,2024,Medicine,10,5.5,0.2,5.660082809145229,0.0,0.5088393543428132,0.5,1.1682824501765623,0.8206479787826538,0.0,openalex_health_informatics_1000
W4404856037,post_ai,2024,Medicine,8,5.0,0.5,3.214859739019569,0.375,0.8944381384790011,0.625,1.0821955300387671,0.808488741517067,0.125,openalex_health_informatics_1000
W4404878986,post_ai,2024,Medicine,14,2.0,0.7142857142857143,3.5524827241349213,0.4285714285714285,0.979189415879346,0.9285714285714286,1.2963611597910565,0.8454379694802421,0.2857142857142857,openalex_health_informatics_1000
W4404882862,post_ai,2024,Medicine,19,1.0,0.8947368421052632,2.3978952727983707,0.631578947368421,0.5350795135640786,0.8947368421052632,1.0435479071011902,0.7663865026674772,0.1578947368421052,openalex_health_informatics_1000
W4404886156,post_ai,2024,Medicine,15,1.0,1.0,3.367295829986474,0.4,0.6968276856524874,0.2,0.6277052571971504,0.8273943305015564,0.2666666666666666,openalex_health_informatics_1000
W4404913678,post_ai,2024,Medicine,28,1.0,0.6428571428571429,4.714014536303714,0.0714285714285714,0.8565601185713724,0.5357142857142857,1.2678654362412691,0.8370792418718338,0.0714285714285714,openalex_health_informatics_1000
W4404957051,post_ai,2024,Medicine,5,2.0,0.8,5.135798437050262,0.0,0.5246219464908879,0.4,0.9502705392332348,0.8150395750999451,0.0,openalex_health_informatics_1000
W4404976858,post_ai,2024,Medicine,10,5.5,0.3,5.288216012889277,0.0,0.3122898049389834,0.4,1.2275294114572126,0.7825298249721527,0.0,openalex_health_informatics_1000
W4405006232,post_ai,2024,Medicine,12,1.0,1.0,3.1172053628591856,0.5,0.5209580838323353,0.1666666666666666,0.5660857389596289,0.8711167325576147,0.4166666666666667,openalex_health_informatics_1000
W4405009134,post_ai,2024,Medicine,17,3.0,0.6470588235294118,2.3978952727983707,0.5294117647058824,0.6042780748663101,0.4117647058823529,1.152564616149156,0.8272587411543902,0.4117647058823529,openalex_health_informatics_1000
W4405009263,post_ai,2024,Medicine,7,6.0,0.0,6.840546529288687,0.0,0.3128813559322034,0.2857142857142857,0.7963116401738131,0.8715975880622864,0.0,openalex_health_informatics_1000
W4405175853,post_ai,2024,Medicine,20,1.0,1.0,2.3978952727983707,0.6,0.3236514522821577,0.15,0.4227090878059908,0.8580237656831742,0.6,openalex_health_informatics_1000
W4405189548,post_ai,2024,Medicine,14,4.0,0.4285714285714285,4.318819672246052,0.2142857142857142,0.5451595457003786,0.2857142857142857,0.8953326659680909,0.8991033860615322,0.2142857142857142,openalex_health_informatics_1000
W4405205056,post_ai,2024,Medicine,34,1.0,0.9117647058823528,4.068697915028325,0.2941176470588235,0.8724076291629788,0.7647058823529411,0.7529746827658885,0.8206967588733224,0.2058823529411764,openalex_health_informatics_1000
W4405234363,post_ai,2024,Medicine,34,0.0,0.9705882352941176,3.367295829986474,0.2647058823529412,0.9616120940058094,0.1470588235294117,0.4911618036135934,0.8616371996262494,0.2647058823529412,openalex_health_informatics_1000
W4405248586,post_ai,2024,Medicine,109,2.0,0.7247706422018348,3.7612001156935615,0.2110091743119266,0.5712055222286136,0.7706422018348624,1.774857150129159,0.8039366143559097,0.1192660550458715,openalex_health_informatics_1000
W4405258593,post_ai,2024,Medicine,12,3.5,0.5,4.5656485823178645,0.1666666666666666,0.4502501389660923,1.0,1.3522093992338284,0.810277392466863,0.0833333333333333,openalex_health_informatics_1000
W4405282025,post_ai,2024,Medicine,28,3.5,0.5,4.185505340619078,0.2142857142857142,0.916910435497124,0.1785714285714285,0.7071094627648349,0.8795043379068375,0.2142857142857142,openalex_health_informatics_1000
W4405291236,post_ai,2024,Medicine,20,1.0,0.85,4.288108265932849,0.15,0.4815138919273682,0.6,1.3180952614124803,0.8626634180545807,0.15,openalex_health_informatics_1000
W4405385301,post_ai,2024,Medicine,28,3.5,0.5,3.511434043041321,0.2857142857142857,0.600768074803807,0.5357142857142857,1.317375949138408,0.8721442584480558,0.2857142857142857,openalex_health_informatics_1000
W4405406902,post_ai,2024,Medicine,18,4.0,0.3888888888888889,4.2769553871757005,0.1111111111111111,0.4218059355925068,0.5555555555555556,1.7351264569629228,0.8228603071636624,0.0555555555555555,openalex_health_informatics_1000
W4405418766,post_ai,2024,Medicine,21,7.0,0.1428571428571428,6.440946540632921,0.0,0.5565878011721294,0.9523809523809524,0.8324075743474855,0.8259081159319196,0.0,openalex_health_informatics_1000
W4405451881,post_ai,2024,Medicine,7,1.0,1.0,3.295836866004329,0.4285714285714285,0.79004329004329,0.0,-0.0,0.8468977638653347,0.2857142857142857,openalex_health_informatics_1000
W4405499070,post_ai,2024,Medicine,61,1.0,0.7213114754098361,5.003946305945459,0.1475409836065573,0.8453079548702773,0.6065573770491803,1.2568557379488905,0.7901889007599627,0.081967213114754,openalex_health_informatics_1000
W4405580953,post_ai,2024,Medicine,15,4.0,0.2,4.553876891600541,0.1333333333333333,0.8076536345892233,0.6,1.0832550105185086,0.7931482076644898,0.0666666666666666,openalex_health_informatics_1000
W4405601694,post_ai,2024,Medicine,43,2.0,0.7674418604651163,3.044522437723423,0.4651162790697674,0.9759566665058148,0.8837209302325582,1.5041824319448338,0.8406646612078644,0.3488372093023256,openalex_health_informatics_1000
W4405720194,post_ai,2024,Medicine,59,6.0,0.2711864406779661,3.8918202981106265,0.2033898305084746,0.6491576854661505,0.0508474576271186,0.2333681381042237,0.8251779917943276,0.1694915254237288,openalex_health_informatics_1000
W4405720563,post_ai,2024,Medicine,39,1.0,0.8717948717948718,2.9444389791664403,0.4871794871794871,0.7745237895443484,0.1282051282051282,0.5892986246694031,0.826237325484936,0.358974358974359,openalex_health_informatics_1000
W4405720837,post_ai,2024,Medicine,9,1.0,0.8888888888888888,2.079441541679836,0.5555555555555556,0.5811209439528023,0.2222222222222222,0.6837389058487535,0.8501644995477464,0.3333333333333333,openalex_health_informatics_1000
W4405733190,post_ai,2024,Medicine,5,0.0,1.0,2.3978952727983707,0.6,0.5647058823529412,0.0,-0.0,0.8374432682991028,0.6,openalex_health_informatics_1000
W4405756580,post_ai,2024,Medicine,57,1.0,0.8421052631578947,3.5263605246161616,0.3508771929824561,0.7405700310412944,0.4210526315789473,1.5502224515184222,0.7984247479522437,0.1929824561403508,openalex_health_informatics_1000
W4405799059,post_ai,2024,Medicine,19,1.0,0.8421052631578947,4.532599493153256,0.1578947368421052,0.5762205247426104,0.1052631578947368,0.336495757583516,0.8591672087970533,0.1052631578947368,openalex_health_informatics_1000
W4405844007,post_ai,2024,Medicine,23,3.5,0.4782608695652174,4.189654742026425,0.3478260869565217,0.8204387799130406,0.2608695652173913,0.8980827500613235,0.8509317817895309,0.3478260869565217,openalex_health_informatics_1000
W4405861711,post_ai,2024,Medicine,26,1.0,0.6538461538461539,4.196494793978466,0.1923076923076923,0.9751168400002228,0.6923076923076923,1.611220492202268,0.8470216347621038,0.1538461538461538,openalex_health_informatics_1000
W4405878119,post_ai,2024,Medicine,27,3.0,0.5185185185185185,5.337538079701318,0.037037037037037,0.9586027276941468,0.6666666666666666,1.6592751442603912,0.8208041941678083,0.037037037037037,openalex_health_informatics_1000
W4405910032,post_ai,2024,Medicine,38,2.0,0.6578947368421053,3.1567740231385475,0.3684210526315789,0.6092607636068237,0.8947368421052632,1.82398622591676,0.7839097490436152,0.0526315789473684,openalex_health_informatics_1000
W4405919569,post_ai,2024,Medicine,17,1.0,0.7647058823529411,3.8918202981106265,0.2941176470588235,0.5498687664041995,0.4705882352941176,1.0027399543973452,0.8488420142846949,0.2352941176470588,openalex_health_informatics_1000
W4405994053,post_ai,2025,Medicine,22,3.5,0.5,4.418332293178713,0.1363636363636363,0.6616629073656374,0.6818181818181818,1.6006824746649544,0.8446230265227231,0.0909090909090909,openalex_health_informatics_1000
W4406003817,post_ai,2025,Medicine,20,2.0,0.75,4.469659370208754,0.25,0.5833438326823737,0.4,1.2706817223249798,0.8049436956644058,0.15,openalex_health_informatics_1000
W4406034505,post_ai,2024,Medicine,34,5.0,0.2941176470588235,4.476755381503583,0.1764705882352941,0.6180094786729858,0.3529411764705882,1.0287092927551476,0.8717241778093225,0.1764705882352941,openalex_health_informatics_1000
W4406079352,post_ai,2025,Medicine,17,5.0,0.2352941176470588,6.129050210060545,0.1176470588235294,0.4481164066835193,0.6470588235294118,0.649248354870898,0.802998960018158,0.1176470588235294,openalex_health_informatics_1000
W4406107535,post_ai,2025,Medicine,13,4.0,0.4615384615384615,4.997212273764115,0.0,0.3885119855269109,0.3076923076923077,0.9371558530657008,0.8574373997174777,0.0,openalex_health_informatics_1000
W4406109859,post_ai,2025,Medicine,11,3.0,0.7272727272727273,3.58351893845611,0.0909090909090909,0.8960208432022738,0.1818181818181818,0.6001660731596457,0.8177829493175853,0.0909090909090909,openalex_health_informatics_1000
W4406115218,post_ai,2024,Medicine,49,0.0,0.979591836734694,3.4011973816621555,0.2244897959183673,0.379080379080379,0.7551020408163265,1.9108466788218703,0.8002054192581955,0.1428571428571428,openalex_health_informatics_1000
W4406118797,post_ai,2025,Medicine,14,2.0,0.7142857142857143,4.109663046953045,0.1428571428571428,0.4034869240348692,0.1428571428571428,0.509137344082687,0.8442034253052303,0.1428571428571428,openalex_health_informatics_1000
W4406144475,post_ai,2025,Medicine,7,6.0,0.0,6.210600077024653,0.0,0.5180777342573064,0.7142857142857143,1.351783994289646,0.8698979616165161,0.0,openalex_health_informatics_1000
W4406149227,post_ai,2025,Medicine,8,1.5,1.0,3.884266650463017,0.25,0.5233644859813084,0.125,0.3767701612564367,0.8642014712095261,0.25,openalex_health_informatics_1000
W4406186736,post_ai,2025,Medicine,31,11.0,0.032258064516129,5.327876168789581,0.1290322580645161,0.5540671338418057,0.8064516129032258,1.90819516310073,0.8087417079556373,0.0967741935483871,openalex_health_informatics_1000
W4406189184,post_ai,2025,Medicine,27,3.0,0.5925925925925926,3.367295829986474,0.4074074074074074,0.6973485534819109,0.8518518518518519,1.4869763713875457,0.8139321980652986,0.2962962962962963,openalex_health_informatics_1000
W4406250180,post_ai,2025,Medicine,51,3.0,0.6078431372549019,3.737669618283368,0.2549019607843137,0.8248363761625904,0.6470588235294118,1.7148894260665362,0.7950623514605504,0.0588235294117647,openalex_health_informatics_1000
W4406380633,post_ai,2025,Medicine,14,2.0,0.7142857142857143,3.4637789531391583,0.4285714285714285,0.8425964330153464,0.4285714285714285,1.2153881010836147,0.8364282165254865,0.4285714285714285,openalex_health_informatics_1000
W4406381167,post_ai,2025,Medicine,29,2.0,0.6551724137931034,3.828641396489095,0.2068965517241379,0.9207256781737672,0.1034482758620689,0.3325942143118925,0.8555650669952919,0.2068965517241379,openalex_health_informatics_1000
W4406423442,post_ai,2025,Medicine,13,3.0,0.5384615384615384,5.267858159063328,0.1538461538461538,0.8956949687037126,0.9230769230769232,1.0905994737794786,0.774325797191033,0.0769230769230769,openalex_health_informatics_1000
W4406479451,post_ai,2025,Medicine,51,3.0,0.5294117647058824,4.442651256490317,0.1372549019607843,0.7589221210807687,0.5098039215686274,1.6090345218378403,0.8047240282974991,0.0784313725490196,openalex_health_informatics_1000
W4406497872,post_ai,2025,Medicine,31,2.0,0.6451612903225806,4.5217885770490405,0.1935483870967742,0.7598741249759168,0.7741935483870968,1.6439879953575227,0.818805165829197,0.1290322580645161,openalex_health_informatics_1000
W4406499594,post_ai,2025,Medicine,13,2.0,0.8461538461538461,3.688879454113936,0.3846153846153846,0.8281277571907535,0.0769230769230769,0.2711893730418441,0.8790234969212458,0.3846153846153846,openalex_health_informatics_1000
W4406535829,post_ai,2025,Medicine,43,2.0,0.8372093023255814,4.59511985013459,0.1627906976744186,0.8389430960970811,0.2558139534883721,0.9442034282239103,0.8525249431299609,0.1395348837209302,openalex_health_informatics_1000
W4406562391,post_ai,2025,Medicine,33,2.0,0.9393939393939394,4.912654885736052,0.2424242424242424,0.9254713747000344,0.8181818181818182,1.3914322238370718,0.789895211205338,0.1515151515151515,openalex_health_informatics_1000
W4406661136,post_ai,2025,Medicine,17,2.0,0.5882352941176471,3.9318256327243257,0.2941176470588235,0.7157086532475617,0.3529411764705882,0.8938885362449964,0.8456726249526528,0.2352941176470588,openalex_health_informatics_1000
W4406672021,post_ai,2025,Medicine,66,3.0,0.6060606060606061,3.970291913552122,0.1818181818181818,0.900574458683164,0.4696969696969697,1.7155103894260084,0.8105605651031841,0.106060606060606,openalex_health_informatics_1000
W4406703924,post_ai,2025,Medicine,28,4.0,0.4285714285714285,3.881510654509259,0.3928571428571428,0.4698013781921362,0.9285714285714286,1.508546732852767,0.866458284003394,0.3214285714285714,openalex_health_informatics_1000
W4406758835,post_ai,2025,Medicine,58,2.0,0.7413793103448276,5.310590496757037,0.0344827586206896,0.8462004675459609,0.6379310344827587,1.5782276408228135,0.8542452341523664,0.0172413793103448,openalex_health_informatics_1000
W4406796309,post_ai,2025,Medicine,21,3.0,0.5238095238095238,4.30406509320417,0.0952380952380952,0.7411290322580645,0.8095238095238095,1.2035750992500946,0.8293783068656921,0.0476190476190476,openalex_health_informatics_1000
W4406834327,post_ai,2025,Medicine,22,5.0,0.3636363636363636,4.477078483291886,0.1363636363636363,0.8215081920803992,0.4090909090909091,0.8192299997020129,0.8286996917291121,0.1363636363636363,openalex_health_informatics_1000
W4406842840,post_ai,2025,Medicine,14,1.0,1.0,3.5096483268575223,0.1428571428571428,0.2953586497890295,0.1428571428571428,0.410116318288409,0.855725611959185,0.0714285714285714,openalex_health_informatics_1000
W4406856702,post_ai,2025,Medicine,31,3.0,0.6129032258064516,4.948759890378168,0.1290322580645161,0.9522078800246326,0.7741935483870968,0.6682537202994161,0.8188963609357034,0.0967741935483871,openalex_health_informatics_1000
W4406929335,post_ai,2025,Medicine,23,6.0,0.1739130434782608,5.1298987149230735,0.0869565217391304,0.6424390763009471,0.6956521739130435,1.9522882137536168,0.8365949159083159,0.0869565217391304,openalex_health_informatics_1000
W4406941426,post_ai,2025,Medicine,20,2.0,0.95,4.944897112702063,0.0,0.4389027431421446,0.0,-0.0,0.8453785091638565,0.0,openalex_health_informatics_1000
W4407004132,post_ai,2025,Medicine,56,4.0,0.3571428571428571,4.531673674117761,0.2142857142857142,0.8441301886337903,0.5,1.571714758456625,0.7841937627111163,0.125,openalex_health_informatics_1000
W4407068849,post_ai,2025,Medicine,19,2.0,0.9473684210526316,3.044522437723423,0.2631578947368421,0.9849109414758268,0.0526315789473684,0.2061920506332318,0.8351501540133828,0.2631578947368421,openalex_health_informatics_1000
W4407085121,post_ai,2025,Medicine,11,8.0,0.3636363636363636,4.919980925828125,0.0909090909090909,0.458067940552017,0.5454545454545454,0.9347698978582794,0.8458902402357622,0.0909090909090909,openalex_health_informatics_1000
W4407106354,post_ai,2025,Medicine,52,2.0,0.7692307692307693,4.235469903449388,0.2692307692307692,0.9717207818986612,0.7884615384615384,1.4333096376293677,0.8547291102317663,0.2307692307692307,openalex_health_informatics_1000
W4407144937,post_ai,2025,Medicine,20,2.5,0.6,5.718087000935545,0.1,0.3917491115166651,0.7,1.6865700306609468,0.777711096405983,0.05,openalex_health_informatics_1000
W4407164611,post_ai,2025,Medicine,4,2.0,0.75,5.312185744033837,0.25,0.9686810154525386,0.25,0.5623351446188083,0.8414881974458694,0.25,openalex_health_informatics_1000
W4407280475,post_ai,2025,Medicine,68,2.0,0.75,4.54830580332392,0.088235294117647,0.5405554872803244,0.3676470588235294,1.3801662041248868,0.845766841488726,0.0735294117647058,openalex_health_informatics_1000
W4407302459,post_ai,2025,Medicine,26,4.5,0.4230769230769231,6.256145919490183,0.0,0.8802320762536262,0.7692307692307693,1.8550282688481508,0.8206864412014301,0.0,openalex_health_informatics_1000
W4407319547,post_ai,2025,Medicine,156,3.0,0.5448717948717948,4.283562780082223,0.1346153846153846,0.6017792676637442,0.4166666666666667,1.3182644995461834,0.8558369928445572,0.1025641025641025,openalex_health_informatics_1000
W4407323860,post_ai,2025,Medicine,18,3.5,0.5,3.963842522807889,0.1666666666666666,0.8023310023310023,0.2777777777777778,0.7298429194806347,0.8492365082105001,0.1111111111111111,openalex_health_informatics_1000
W4407341686,post_ai,2025,Medicine,16,1.0,0.9375,4.301777178532141,0.1875,0.2799079754601227,0.125,0.3767701612564367,0.873140674084425,0.1875,openalex_health_informatics_1000
W4407584276,post_ai,2025,Medicine,31,4.0,0.2903225806451613,4.330733340286331,0.1935483870967742,0.494065494065494,0.967741935483871,1.4084952883921231,0.8407328917134193,0.1935483870967742,openalex_health_informatics_1000
W4407608219,post_ai,2025,Medicine,14,2.0,0.7857142857142857,4.188390518849746,0.1428571428571428,0.5283993115318416,0.0,-0.0,0.9054822623729706,0.1428571428571428,openalex_health_informatics_1000
W4407692723,post_ai,2025,Medicine,7,4.0,0.4285714285714285,2.4849066497880004,0.7142857142857143,0.6782945736434108,0.0,-0.0,0.8495029977389744,0.5714285714285714,openalex_health_informatics_1000
W4407736244,post_ai,2025,Medicine,68,6.0,0.1911764705882352,4.142630567034474,0.1470588235294117,0.5785360114295319,0.9852941176470588,1.488496229267875,0.8342315423138001,0.1029411764705882,openalex_health_informatics_1000
W4407809674,post_ai,2025,Medicine,121,1.0,0.859504132231405,3.367295829986474,0.3388429752066115,0.8191752258861689,0.6115702479338843,1.7677889109132832,0.7801765814300411,0.140495867768595,openalex_health_informatics_1000
W4407854657,post_ai,2025,Medicine,13,4.0,0.4615384615384615,3.58351893845611,0.3076923076923077,0.6042972247090421,0.7692307692307693,1.2658567518727373,0.8524338557169988,0.2307692307692307,openalex_health_informatics_1000
W4407907863,post_ai,2025,Medicine,43,4.0,0.4651162790697674,4.02535169073515,0.1627906976744186,0.765480970133967,0.8372093023255814,2.096403451105708,0.8315641838450765,0.1627906976744186,openalex_health_informatics_1000
W4407924939,post_ai,2025,Medicine,27,4.0,0.2962962962962963,5.37989735354046,0.1111111111111111,0.6331685105474725,0.8148148148148148,1.0195340672850195,0.8174706918221933,0.1111111111111111,openalex_health_informatics_1000
W4407942234,post_ai,2025,Medicine,43,5.0,0.3023255813953488,4.584967478670572,0.1627906976744186,0.6898710694740747,0.6046511627906976,1.7144684835422002,0.7830690436585005,0.0930232558139534,openalex_health_informatics_1000
W4407948501,post_ai,2025,Medicine,35,2.0,0.7428571428571429,2.8903717578961645,0.4857142857142857,0.898169014084507,0.8571428571428571,0.986622931632402,0.8210733124188014,0.3142857142857143,openalex_health_informatics_1000
W4407982536,post_ai,2025,Medicine,9,3.0,0.5555555555555556,4.941642422609304,0.1111111111111111,0.4393353941267388,0.0,-0.0,0.9251248637835184,0.1111111111111111,openalex_health_informatics_1000
W4408008429,post_ai,2025,Medicine,31,2.0,0.967741935483871,4.61512051684126,0.2258064516129032,0.5639744334689134,0.5483870967741935,1.2355363408338715,0.8640769547031771,0.1612903225806451,openalex_health_informatics_1000
W4408025862,post_ai,2025,Medicine,78,3.0,0.6153846153846154,4.116353004930488,0.2179487179487179,0.6041958041958042,0.2307692307692307,0.8936597734014349,0.828677780353106,0.1282051282051282,openalex_health_informatics_1000
W4408043896,post_ai,2025,Medicine,35,6.0,0.2285714285714285,4.77912349311153,0.0857142857142857,0.7992426826772191,0.8857142857142857,1.8756990809482403,0.816780366216387,0.0571428571428571,openalex_health_informatics_1000
W4408079432,post_ai,2025,Medicine,9,2.0,0.5555555555555556,4.127134385045092,0.3333333333333333,0.946100857127833,0.6666666666666666,1.6769877743224175,0.8229310380087959,0.2222222222222222,openalex_health_informatics_1000
W4408129907,post_ai,2025,Medicine,19,3.0,0.5789473684210527,5.068904202220232,0.1052631578947368,0.5772902701604713,0.3157894736842105,0.8976221848780437,0.8576935749304923,0.1052631578947368,openalex_health_informatics_1000
W4408135888,post_ai,2025,Medicine,26,7.0,0.3846153846153846,4.442374363225591,0.1538461538461538,0.5913801612107255,0.0384615384615384,0.1630236294943659,0.8141252948687627,0.1153846153846153,openalex_health_informatics_1000
W4408149525,post_ai,2025,Medicine,15,3.0,0.5333333333333333,3.784189633918261,0.4,0.9093546889507892,0.0,-0.0,0.8861175616582234,0.4,openalex_health_informatics_1000
W4408164234,post_ai,2025,Medicine,7,2.0,0.5714285714285714,4.499809670330265,0.0,0.3654404646660213,0.0,-0.0,0.880924471787044,0.0,openalex_health_informatics_1000
W4408204174,post_ai,2025,Medicine,41,2.0,0.926829268292683,3.970291913552122,0.2195121951219512,0.5387768486637153,0.8048780487804879,1.6739871818748815,0.8145015603158532,0.0975609756097561,openalex_health_informatics_1000
W4408208230,post_ai,2025,Medicine,18,4.5,0.3333333333333333,4.2107814802004935,0.3333333333333333,0.5959235668789808,0.6111111111111112,1.1324163280102886,0.8708231051762899,0.2777777777777778,openalex_health_informatics_1000
W4408211407,post_ai,2025,Medicine,17,2.0,0.8235294117647058,4.394449154672439,0.0588235294117647,0.7194050033806626,0.6470588235294118,1.073383620336505,0.8774541686562931,0.0588235294117647,openalex_health_informatics_1000
W4408217805,post_ai,2025,Medicine,19,2.0,0.5789473684210527,6.786716950605081,0.1052631578947368,0.6071465033180194,0.4210526315789473,1.2367930007966412,0.8030598006750408,0.1052631578947368,openalex_health_informatics_1000
W4408220441,post_ai,2025,Medicine,39,4.0,0.4615384615384615,5.135798437050262,0.1025641025641025,0.7451720060807387,0.8974358974358975,1.195756986186355,0.8658339686882801,0.0769230769230769,openalex_health_informatics_1000
W4408225015,post_ai,2025,Medicine,16,2.0,0.875,5.089649726208711,0.1875,0.5143109540636043,0.125,0.46341355882643,0.8416353911161423,0.125,openalex_health_informatics_1000
W4408225783,post_ai,2025,Medicine,35,2.0,0.8,4.343805421853684,0.4,0.4990168684673496,0.7142857142857143,1.29141470888751,0.7951834372111729,0.2,openalex_health_informatics_1000
W4408227574,post_ai,2025,Medicine,78,2.0,0.6538461538461539,4.133596092966073,0.2692307692307692,0.7796624262076993,0.6410256410256411,1.273321306630758,0.8006810263181344,0.1153846153846153,openalex_health_informatics_1000
W4408251534,post_ai,2025,Medicine,28,2.0,0.9285714285714286,4.094205654039516,0.1428571428571428,0.7946272666218939,0.1428571428571428,0.5586478569798259,0.8625528322798865,0.1071428571428571,openalex_health_informatics_1000
W4408302723,post_ai,2025,Medicine,24,1.5,0.7916666666666666,2.740319461670996,0.5,0.7653673163418291,0.0833333333333333,0.3445982481028228,0.8774480645855268,0.5,openalex_health_informatics_1000
W4408314935,post_ai,2025,Medicine,55,2.0,0.6363636363636364,5.831882477283517,0.0727272727272727,0.8493957619717176,0.5818181818181818,1.478869558894038,0.8426913348111239,0.0727272727272727,openalex_health_informatics_1000
W4408321112,post_ai,2025,Medicine,18,6.5,0.2222222222222222,4.452654330594644,0.1666666666666666,0.8031904670382471,0.4444444444444444,1.457125110552818,0.799581723080741,0.0555555555555555,openalex_health_informatics_1000
W4408327804,post_ai,2025,Medicine,24,1.0,0.7916666666666666,3.425592463746871,0.2916666666666667,0.552439024390244,0.3333333333333333,0.9943617837643208,0.7920345142483711,0.0833333333333333,openalex_health_informatics_1000
W4408330332,post_ai,2025,Medicine,14,2.0,0.5714285714285714,3.528518490848945,0.2857142857142857,0.9887585260972716,0.8571428571428571,1.7298201303799214,0.8583826976163047,0.2857142857142857,openalex_health_informatics_1000
W4408345247,post_ai,2025,Medicine,13,2.0,1.0,4.59511985013459,0.3076923076923077,0.4950448324681453,0.0,-0.0,0.8727962879034189,0.2307692307692307,openalex_health_informatics_1000
W4408386025,post_ai,2024,Medicine,17,2.0,1.0,3.58351893845611,0.1176470588235294,0.3307262569832402,0.2941176470588235,0.9976148641399868,0.7894377463004169,0.0,openalex_health_informatics_1000
W4408393169,post_ai,2025,Medicine,42,2.0,0.6428571428571429,4.251547133518368,0.2142857142857142,0.9008799692651068,0.7619047619047619,1.811609182408717,0.796144799107597,0.0476190476190476,openalex_health_informatics_1000
W4408529625,post_ai,2025,Medicine,26,2.0,0.8846153846153846,4.664150584804874,0.3076923076923077,0.7239832244221204,0.5,0.9632492517543756,0.8645093853657062,0.2692307692307692,openalex_health_informatics_1000
W4408588045,post_ai,2025,Medicine,12,4.5,0.4166666666666667,4.0150420471337815,0.1666666666666666,0.5573949030712263,0.3333333333333333,0.8239592165010823,0.872606540719668,0.1666666666666666,openalex_health_informatics_1000
W4408632619,post_ai,2024,Medicine,39,1.0,0.7948717948717948,3.5263605246161616,0.3333333333333333,0.6283503054989816,0.4102564102564102,1.1651881690302623,0.8276718702071753,0.3076923076923077,openalex_health_informatics_1000
W4408693868,post_ai,2025,Medicine,7,2.0,0.5714285714285714,3.9889840465642745,0.2857142857142857,0.6273653566229985,0.2857142857142857,0.7963116401738131,0.9026249817439488,0.2857142857142857,openalex_health_informatics_1000
W4408818117,post_ai,2025,Medicine,66,3.0,0.5303030303030303,3.58351893845611,0.2575757575757575,0.9758083768800232,0.3484848484848485,1.2064076650377609,0.8398251443198232,0.2272727272727272,openalex_health_informatics_1000
W4408872457,post_ai,2025,Medicine,23,2.0,0.9565217391304348,4.3694478524670215,0.1304347826086956,0.5565854710066824,0.0434782608695652,0.1788449127168475,0.875559907892476,0.0869565217391304,openalex_health_informatics_1000
W4408881684,post_ai,2025,Medicine,18,4.0,0.2777777777777778,3.9947802246669326,0.1666666666666666,0.4964539007092198,0.6666666666666666,1.4593594123475304,0.8713498281108009,0.1666666666666666,openalex_health_informatics_1000
W4409018757,post_ai,2025,Medicine,5,6.0,0.2,7.149916836132109,0.0,0.6585603586919441,1.0,0.5004024235381879,0.8213254570960998,0.0,openalex_health_informatics_1000
W4409088142,post_ai,2025,Medicine,50,5.0,0.34,5.228341386334314,0.2,0.7709282773815737,0.68,1.5508515299580343,0.8362106704711914,0.2,openalex_health_informatics_1000
W4409090233,post_ai,2025,Medicine,70,3.0,0.5142857142857142,4.823652073571859,0.1428571428571428,0.6758121216927021,0.3857142857142857,1.135017793678654,0.8517417047704969,0.1142857142857142,openalex_health_informatics_1000
W4409094305,post_ai,2025,Medicine,66,9.5,0.0303030303030303,5.4743671128014935,0.0303030303030303,0.8559131057021713,0.8636363636363636,2.174756521134275,0.7985213281530322,0.0,openalex_health_informatics_1000
W4409141822,post_ai,2025,Medicine,10,2.0,0.7,5.376819240952869,0.1,0.3123877917414722,0.2,0.639031859650177,0.8329354345798492,0.1,openalex_health_informatics_1000
W4409147671,post_ai,2025,Medicine,23,6.0,0.391304347826087,4.007333185232471,0.1739130434782608,0.7172038731927312,0.4347826086956521,1.0750274625216438,0.8200305518896683,0.1304347826086956,openalex_health_informatics_1000
W4409218224,post_ai,2025,Medicine,49,3.0,0.5714285714285714,4.543294782270004,0.0816326530612244,0.9082876688217968,0.5102040816326531,1.5318226603508531,0.8162821373161004,0.0612244897959183,openalex_health_informatics_1000
W4409243497,post_ai,2025,Medicine,48,2.0,0.6875,4.143008734202382,0.2083333333333333,0.981625031029269,0.3541666666666667,1.2720946440422465,0.857597383360068,0.1875,openalex_health_informatics_1000
W4409276503,post_ai,2025,Medicine,38,5.5,0.3684210526315789,5.016928851848991,0.0263157894736842,0.9594694339498848,0.2631578947368421,0.8628867528475981,0.8322522404946779,0.0263157894736842,openalex_health_informatics_1000
W4409292519,post_ai,2025,Medicine,20,3.0,0.6,3.86530703303187,0.25,0.3747050495516753,0.55,1.370515174287956,0.8093799471855163,0.15,openalex_health_informatics_1000
W4409309450,post_ai,2025,Medicine,29,2.0,0.6551724137931034,4.158883083359672,0.1379310344827586,0.6222312538102012,0.4482758620689655,0.9280452245858336,0.7963967323303223,0.1034482758620689,openalex_health_informatics_1000
W4409328052,post_ai,2025,Medicine,34,3.0,0.5294117647058824,3.2769667020129054,0.2941176470588235,0.9508299254269906,0.6470588235294118,1.4647518996145308,0.8500627962981954,0.2647058823529412,openalex_health_informatics_1000
W4409340075,post_ai,2025,Medicine,15,2.0,0.5333333333333333,4.718498871295094,0.1333333333333333,0.5886411235678206,0.5333333333333333,1.39539709232679,0.8096704562505086,0.1333333333333333,openalex_health_informatics_1000
W4409439850,post_ai,2025,Medicine,27,3.0,0.6296296296296297,4.23410650459726,0.1481481481481481,0.6765234438817187,0.4074074074074074,1.0969818674730851,0.8415372128839846,0.1111111111111111,openalex_health_informatics_1000
W4409453205,post_ai,2025,Medicine,16,4.0,0.5,3.8709839499103422,0.25,0.6040805785123967,0.4375,1.3306600933628874,0.8359543532133102,0.25,openalex_health_informatics_1000
W4409464300,post_ai,2025,Medicine,27,4.0,0.3703703703703703,3.951243718581428,0.2592592592592592,0.8844273917757944,0.2962962962962963,1.101756218961118,0.8473508998199746,0.2222222222222222,openalex_health_informatics_1000
W4409525717,post_ai,2025,Medicine,23,2.0,0.6956521739130435,2.3978952727983707,0.6086956521739131,0.8451178451178452,0.2608695652173913,0.8980827500613235,0.8431142775908761,0.3043478260869565,openalex_health_informatics_1000
W4409534764,post_ai,2025,Medicine,19,2.0,0.631578947368421,4.382026634673881,0.2105263157894736,0.6560277823714239,0.2631578947368421,0.8264053222918117,0.8181209846546775,0.1052631578947368,openalex_health_informatics_1000
W4409586947,post_ai,2025,Medicine,59,2.0,0.6779661016949152,4.262679877041316,0.3220338983050847,0.9509563947176216,0.847457627118644,1.734472394399162,0.8265223220243292,0.2542372881355932,openalex_health_informatics_1000
W4409606309,post_ai,2025,Medicine,19,2.0,0.9473684210526316,2.9444389791664403,0.3684210526315789,0.7102376599634369,0.2105263157894736,0.6330395116644678,0.8399638753188284,0.3157894736842105,openalex_health_informatics_1000
W4409619572,post_ai,2025,Medicine,24,4.0,0.5,4.836281906951478,0.1666666666666666,0.7984595635430038,0.875,1.79418123996297,0.8238476465145746,0.125,openalex_health_informatics_1000
W4409625649,post_ai,2025,Medicine,48,1.0,0.8125,3.9112223647446593,0.25,0.9627509513187246,0.25,1.010275011925822,0.8943552759786447,0.2083333333333333,openalex_health_informatics_1000
W4409634232,post_ai,2025,Medicine,7,1.0,1.0,2.995732273553991,0.2857142857142857,0.3866666666666666,0.5714285714285714,1.277034259466139,0.8386351551328387,0.1428571428571428,openalex_health_informatics_1000
W4409735763,post_ai,2025,Medicine,28,2.0,0.7142857142857143,4.148522574540913,0.1428571428571428,0.5473110959836623,0.2857142857142857,0.9448431788652298,0.8272924614804131,0.1071428571428571,openalex_health_informatics_1000
W4409787177,post_ai,2025,Medicine,15,2.0,0.6666666666666666,4.262679877041316,0.1333333333333333,0.7087843833185448,0.3333333333333333,0.953271014705891,0.8387098670005798,0.0666666666666666,openalex_health_informatics_1000
W4409798999,post_ai,2025,Medicine,82,4.0,0.4268292682926829,4.543238192376899,0.1829268292682926,0.8138586415376895,0.9878048780487804,0.8487331241085329,0.77148178437861,0.0975609756097561,openalex_health_informatics_1000
W4409862668,post_ai,2025,Medicine,13,3.0,0.7692307692307693,3.58351893845611,0.2307692307692307,0.8316460015925379,0.6923076923076923,1.3061066090853948,0.7981689067987295,0.0,openalex_health_informatics_1000
W4409873169,post_ai,2025,Medicine,12,2.0,0.5833333333333334,5.446142487598515,0.0,0.9381842700738268,0.75,1.5454229031935935,0.8067295600970587,0.0,openalex_health_informatics_1000
W4409889327,post_ai,2025,Medicine,32,2.0,0.84375,3.657941752254892,0.25,0.7337123540258144,0.21875,0.6995144908036165,0.8888149559497833,0.1875,openalex_health_informatics_1000
W4409999476,post_ai,2025,Medicine,33,3.0,0.6060606060606061,5.3612921657094255,0.1515151515151515,0.9370888406059508,0.7878787878787878,1.622594508481731,0.8048774762587114,0.0909090909090909,openalex_health_informatics_1000
W4410031301,post_ai,2025,Medicine,20,1.5,1.0,4.584759188727964,0.0,0.6033633429590624,0.15,0.4227090878059908,0.8608807384967804,0.0,openalex_health_informatics_1000
W4410037446,post_ai,2025,Medicine,61,5.0,0.3770491803278688,4.976733742420574,0.1147540983606557,0.7227573935452203,0.4098360655737705,1.4321105333655673,0.8081913355921135,0.1147540983606557,openalex_health_informatics_1000
W4410055167,post_ai,2025,Medicine,24,3.0,0.5416666666666666,4.4688719684712215,0.25,0.6986454046639232,0.875,1.7694950060960324,0.8353619500994682,0.2083333333333333,openalex_health_informatics_1000
W4410058324,post_ai,2025,Medicine,34,2.0,0.6764705882352942,5.059178483699046,0.2941176470588235,0.5431074227754725,0.5294117647058824,1.5692390736233748,0.8399151090313407,0.2058823529411764,openalex_health_informatics_1000
W4410081823,post_ai,2025,Medicine,50,2.0,0.54,4.166394734208978,0.26,0.7029805579737181,0.56,1.7705860529390345,0.7928749716281891,0.16,openalex_health_informatics_1000
W4410089756,post_ai,2025,Medicine,5,6.0,0.4,5.840641657373398,0.4,0.4542597765363128,0.0,-0.0,0.8510846138000489,0.4,openalex_health_informatics_1000
W4410101224,post_ai,2025,Medicine,28,2.0,0.8928571428571429,4.614679188905972,0.1428571428571428,0.9375015181325754,0.3928571428571428,1.2159551623925329,0.8448143154382706,0.1071428571428571,openalex_health_informatics_1000
W4410131220,post_ai,2025,Medicine,12,2.0,0.75,4.477336814478207,0.0833333333333333,0.6156405990016639,0.25,0.8369882167858358,0.8532694280147552,0.0833333333333333,openalex_health_informatics_1000
W4410135954,post_ai,2025,Medicine,22,2.0,0.8636363636363636,3.9112223647446593,0.3181818181818182,0.7862771477993465,0.3636363636363636,1.22260219435953,0.814012736082077,0.1818181818181818,openalex_health_informatics_1000
W4410176137,post_ai,2025,Medicine,26,1.0,0.9615384615384616,3.41759229307365,0.2307692307692307,0.8896221532091098,0.5,1.161725107092796,0.8555190884149991,0.1538461538461538,openalex_health_informatics_1000
W4410193945,post_ai,2025,Medicine,17,1.0,0.8235294117647058,3.555348061489413,0.4117647058823529,0.4047619047619047,0.6470588235294118,1.9254081650860664,0.824514999109156,0.2941176470588235,openalex_health_informatics_1000
W4410285037,post_ai,2025,Medicine,43,2.0,0.6976744186046512,4.890349128221754,0.0930232558139534,0.5677933026305518,0.5348837209302325,1.2272885749019222,0.8572789971218553,0.0930232558139534,openalex_health_informatics_1000
W4410317828,post_ai,2025,Medicine,16,2.0,0.5625,4.02535169073515,0.0625,0.8290834911846131,0.1875,0.6885673693022827,0.8510131426155567,0.0625,openalex_health_informatics_1000
W4410343845,post_ai,2025,Medicine,35,1.0,1.0,3.218875824868201,0.3428571428571428,0.7902552654566631,0.2,0.7311508120784059,0.8359898039272853,0.3142857142857143,openalex_health_informatics_1000
W4410358385,post_ai,2025,Medicine,14,9.0,0.1428571428571428,6.705512484984805,0.0,0.803302629573816,1.0,1.3337360272028096,0.7904925899846214,0.0,openalex_health_informatics_1000
W4410389030,post_ai,2025,Medicine,22,5.5,0.4090909090909091,4.188505580408187,0.1818181818181818,0.6292080406878179,0.3636363636363636,1.22260219435953,0.7985156855799935,0.1363636363636363,openalex_health_informatics_1000
W4410414817,post_ai,2025,Medicine,13,7.0,0.0,4.897839799950911,0.1538461538461538,0.7518863737239236,0.6153846153846154,1.7326587201992076,0.7923366106473483,0.1538461538461538,openalex_health_informatics_1000
W4410428594,post_ai,2025,Medicine,62,5.0,0.3548387096774194,4.629565268072808,0.032258064516129,0.582369506185256,0.3064516129032258,1.0855772735203737,0.8513137650105261,0.032258064516129,openalex_health_informatics_1000
W4410445665,post_ai,2025,Medicine,18,21.5,0.0,4.55382148686892,0.0555555555555555,0.51499333629498,1.0,1.7249347863977138,0.8229681849479675,0.0555555555555555,openalex_health_informatics_1000
W4410480515,post_ai,2025,Medicine,24,3.0,0.5416666666666666,3.869244061247323,0.25,0.823993685872139,0.625,1.5454229031935935,0.8161366855104765,0.1666666666666666,openalex_health_informatics_1000
W4410541145,post_ai,2025,Medicine,69,3.0,0.5652173913043478,3.1780538303479458,0.3333333333333333,0.9683893249607536,0.2463768115942029,0.8227763789527767,0.8422741613526276,0.2608695652173913,openalex_health_informatics_1000
W4410542062,post_ai,2023,Medicine,15,3.0,0.5333333333333333,3.1780538303479458,0.4,0.952097902097902,0.4,1.0775733728921972,0.7989628036816915,0.1333333333333333,openalex_health_informatics_1000
W4410564153,post_ai,2025,Medicine,13,2.0,0.6153846153846154,2.8903717578961645,0.4615384615384615,0.6058951965065502,0.7692307692307693,1.7782333057997075,0.8044124429042523,0.3076923076923077,openalex_health_informatics_1000
W4410571208,post_ai,2025,Medicine,41,3.0,0.5853658536585366,2.6390573296152584,0.5121951219512195,0.910405129699796,0.8780487804878049,1.9196203689038267,0.7747037585188703,0.2195121951219512,openalex_health_informatics_1000
W4410578282,post_ai,2025,Medicine,34,2.0,0.7941176470588235,5.113364900193229,0.088235294117647,0.5796547472256474,0.2941176470588235,1.046346363130244,0.8523127454168656,0.0588235294117647,openalex_health_informatics_1000
W4410593651,post_ai,2025,Medicine,99,3.0,0.5454545454545454,4.875197323201151,0.0909090909090909,0.4857683679192372,0.5151515151515151,1.5051126786562252,0.8129823243979252,0.0606060606060606,openalex_health_informatics_1000
W4410597368,post_ai,2025,Medicine,5,5.0,0.2,6.766191714660351,0.2,0.6099680737850302,0.8,1.3321790402101223,0.8010676264762878,0.0,openalex_health_informatics_1000
W4410610349,post_ai,2025,Medicine,26,5.0,0.4230769230769231,3.1917533174420027,0.5,0.7066068515497553,0.2307692307692307,0.5402041423888608,0.8035403948563796,0.3846153846153846,openalex_health_informatics_1000
W4410620834,post_ai,2025,Medicine,16,3.5,0.5,3.407819995037165,0.25,0.9838192048860488,0.5625,1.245016889252439,0.7699162103235722,0.125,openalex_health_informatics_1000
W4410634257,post_ai,2025,Medicine,12,13.5,0.0833333333333333,3.569433499972762,0.5,0.7151322751322752,0.4166666666666667,1.349792396172401,0.8157972594102224,0.3333333333333333,openalex_health_informatics_1000
W4410656264,post_ai,2025,Medicine,28,2.0,0.6785714285714286,4.7246786362233415,0.25,0.847929624026447,0.1785714285714285,0.558577924073418,0.852820730635098,0.2142857142857142,openalex_health_informatics_1000
W4410701427,post_ai,2025,Medicine,18,1.0,1.0,3.9415346756528766,0.2222222222222222,0.3984753984753985,0.1666666666666666,0.5566469035821068,0.8672899107138315,0.2222222222222222,openalex_health_informatics_1000
W4410733271,post_ai,2025,Medicine,25,2.0,0.8,4.418840607796598,0.24,0.633715925394548,0.56,0.9710467129386776,0.8189848732948303,0.04,openalex_health_informatics_1000
W4410733906,post_ai,2025,Medicine,11,2.0,0.5454545454545454,2.995732273553991,0.1818181818181818,0.8422991893883567,0.0,-0.0,0.8518890142440796,0.1818181818181818,openalex_health_informatics_1000
W4410737367,post_ai,2025,Medicine,16,4.5,0.5,4.68384297134998,0.1875,0.6965051104516979,0.625,1.5110861760736112,0.8395114615559578,0.125,openalex_health_informatics_1000
W4410810171,post_ai,2025,Medicine,15,2.0,0.9333333333333332,4.584967478670572,0.0666666666666666,0.7138303523995042,0.1333333333333333,0.4850940913022115,0.8652530709902445,0.0666666666666666,openalex_health_informatics_1000
W4410829917,post_ai,2025,Medicine,22,2.0,0.6363636363636364,4.04305126783455,0.1363636363636363,0.8243630333182572,0.2272727272727272,0.7757144728494316,0.862041256644509,0.1363636363636363,openalex_health_informatics_1000
W4410841095,post_ai,2025,Medicine,57,2.0,0.6842105263157895,4.990432586778736,0.1228070175438596,0.9042578659370724,0.631578947368421,1.6731704925696422,0.8312324410990665,0.0701754385964912,openalex_health_informatics_1000
W4410953768,post_ai,2025,Medicine,17,2.0,0.8823529411764706,3.9318256327243257,0.1764705882352941,0.4457831325301205,0.1764705882352941,0.6598720137848266,0.8385986089706421,0.1764705882352941,openalex_health_informatics_1000
W4410959289,post_ai,2025,Medicine,25,1.0,0.88,4.07753744390572,0.16,0.5729332273449921,0.16,0.5296435025403523,0.853459186553955,0.16,openalex_health_informatics_1000
W4410988463,post_ai,2025,Medicine,83,2.0,0.7108433734939759,3.737669618283368,0.3373493975903614,0.8257441498788383,0.7349397590361446,1.13636954085956,0.8746744336852108,0.3012048192771084,openalex_health_informatics_1000
W4411020002,post_ai,2025,Medicine,15,2.0,1.0,4.574710978503383,0.0,0.7503980891719745,0.0,-0.0,0.8986797054608663,0.0,openalex_health_informatics_1000
W4411027557,post_ai,2025,Medicine,16,2.0,0.9375,3.465247382975813,0.25,0.9964409851163069,0.5625,1.1626998334975678,0.8589614816009998,0.1875,openalex_health_informatics_1000
W4411037192,post_ai,2025,Medicine,43,4.0,0.3488372093023256,4.430816798843313,0.0232558139534883,0.4189243833400727,0.9069767441860463,0.4176314758311851,0.9178767689438754,0.0232558139534883,openalex_health_informatics_1000
W4411053022,post_ai,2025,Medicine,31,3.0,0.5161290322580645,4.574710978503383,0.1290322580645161,0.5814678642900358,0.4516129032258064,1.51661843648229,0.8180634379386902,0.032258064516129,openalex_health_informatics_1000
W4411059712,post_ai,2025,Medicine,42,3.5,0.5,4.417677985560802,0.1904761904761904,0.7076678725844878,0.7619047619047619,1.6752615594094338,0.8144055604934692,0.0714285714285714,openalex_health_informatics_1000
W4411061553,post_ai,2025,Medicine,18,2.0,0.7777777777777778,4.6748337185986415,0.0555555555555555,0.3990039379198517,0.1111111111111111,0.4258484492385814,0.842871454026964,0.0555555555555555,openalex_health_informatics_1000
W4411122233,post_ai,2025,Medicine,9,5.0,0.2222222222222222,5.351858133476067,0.1111111111111111,0.6760986405311413,0.3333333333333333,0.8486855577264172,0.8045938544803195,0.1111111111111111,openalex_health_informatics_1000
W4411151702,post_ai,2025,Medicine,8,2.0,0.625,4.437433817844027,0.375,0.4105571847507331,0.5,1.2130075659799042,0.7961286753416061,0.25,openalex_health_informatics_1000
W4411253224,post_ai,2025,Medicine,23,3.0,0.5217391304347826,3.4339872044851463,0.2608695652173913,0.5375191424196019,0.3043478260869565,0.856859036885367,0.8110516926516658,0.1304347826086956,openalex_health_informatics_1000
W4411286498,post_ai,2025,Medicine,10,5.0,0.2,5.184725892195047,0.1,0.3628165105792577,0.9,0.3250829733914482,0.9158137142658234,0.1,openalex_health_informatics_1000
W4411431634,post_ai,2025,Medicine,12,3.0,0.5,5.177488549477786,0.25,0.6341971309578899,0.3333333333333333,1.0986122886681098,0.8369778543710709,0.25,openalex_health_informatics_1000
W4411436696,post_ai,2025,Medicine,32,4.5,0.40625,4.559002880386693,0.03125,0.4779422541404074,0.78125,1.375202093742533,0.8432041481137276,0.03125,openalex_health_informatics_1000
W4411454210,post_ai,2025,Medicine,24,2.0,0.6666666666666666,3.713274536198652,0.3333333333333333,0.4121212121212121,0.5,1.405212139233332,0.8254470527172089,0.2916666666666667,openalex_health_informatics_1000
W4411532882,post_ai,2025,Medicine,20,2.0,0.85,5.390913582490856,0.1,0.4407682775712515,0.4,0.6730116670092565,0.8696458071470261,0.1,openalex_health_informatics_1000
W4411550275,post_ai,2025,Medicine,32,2.5,0.59375,5.169449868506122,0.21875,0.6752641042930996,0.28125,1.0388126399606636,0.8658124506473541,0.21875,openalex_health_informatics_1000
W4411614661,post_ai,2025,Medicine,11,1.5,0.8181818181818182,3.970291913552122,0.2727272727272727,0.8216863769006297,0.8181818181818182,1.294545165844896,0.7956447655504401,0.1818181818181818,openalex_health_informatics_1000
W4411688358,post_ai,2025,Medicine,7,1.0,0.7142857142857143,3.58351893845611,0.1428571428571428,0.9751156336725254,0.4285714285714285,0.9556998911125344,0.87017308814185,0.1428571428571428,openalex_health_informatics_1000
W4411724140,post_ai,2025,Medicine,22,2.0,0.8636363636363636,4.816232960488727,0.0909090909090909,0.6421777221526909,0.1818181818181818,0.7261928332614538,0.8504630029201508,0.0909090909090909,openalex_health_informatics_1000
W4411795598,post_ai,2025,Medicine,21,3.0,0.5238095238095238,4.770684624465665,0.0952380952380952,0.9615598266859238,0.1428571428571428,0.5010469137590966,0.8781193466413588,0.0476190476190476,openalex_health_informatics_1000
W4411802384,post_ai,2025,Medicine,13,1.0,0.9230769230769232,2.9444389791664403,0.4615384615384615,0.4255874673629243,0.3846153846153846,0.8587409130062867,0.8982401994558481,0.4615384615384615,openalex_health_informatics_1000
W4411903629,post_ai,2025,Medicine,18,2.0,0.7777777777777778,5.308071599742059,0.1111111111111111,0.5098369870713885,0.6666666666666666,1.3878000314952632,0.8711529142326779,0.1111111111111111,openalex_health_informatics_1000
W4411910758,post_ai,2025,Medicine,29,2.0,0.6551724137931034,3.828641396489095,0.2068965517241379,0.9851094624020446,0.2758620689655172,0.9236253817867728,0.8229814048471122,0.0689655172413793,openalex_health_informatics_1000
W4411971954,post_ai,2025,Medicine,22,2.5,0.6363636363636364,4.627417805931367,0.2272727272727272,0.8859291963044722,0.9090909090909092,1.475246666444256,0.8579953800548207,0.2272727272727272,openalex_health_informatics_1000
W4412045715,post_ai,2025,Medicine,23,2.0,0.8695652173913043,3.9889840465642745,0.1739130434782608,0.5812796744291205,0.4347826086956521,1.2183247175653102,0.855339501215064,0.1304347826086956,openalex_health_informatics_1000
W4412066624,post_ai,2025,Medicine,34,2.0,0.7941176470588235,4.811357444192641,0.0588235294117647,0.9284302186060862,0.4411764705882353,0.7942680770051028,0.8364027545732611,0.0588235294117647,openalex_health_informatics_1000
W4412079557,post_ai,2025,Medicine,27,6.0,0.3333333333333333,6.016157159698354,0.1851851851851851,0.5403458213256485,0.2592592592592592,0.6786071516914347,0.8334194201010244,0.1851851851851851,openalex_health_informatics_1000
W4412107280,post_ai,2025,Medicine,43,3.0,0.6046511627906976,4.624972813284271,0.2558139534883721,0.6118374654152878,0.6511627906976745,1.292746903379248,0.8446938575700272,0.1860465116279069,openalex_health_informatics_1000
W4412188017,post_ai,2025,Medicine,26,1.0,0.8076923076923077,3.043387363456153,0.3846153846153846,0.987670489873133,0.3846153846153846,0.8587409130062867,0.8494558678223536,0.1923076923076923,openalex_health_informatics_1000
W4412378611,post_ai,2025,Medicine,14,5.0,0.4285714285714285,4.839671750444167,0.2142857142857142,0.4177666785586871,0.5714285714285714,1.376055285260417,0.8300250598362514,0.2142857142857142,openalex_health_informatics_1000
W4412388556,post_ai,2025,Medicine,33,4.0,0.4848484848484848,4.836281906951478,0.2121212121212121,0.9478744138302154,0.6363636363636364,1.2779553937019672,0.8332510157064958,0.1212121212121212,openalex_health_informatics_1000
W4412488514,post_ai,2025,Medicine,35,1.0,0.8857142857142857,4.356708826689592,0.2,0.7286190586958208,0.4285714285714285,0.8908055724014196,0.8431814244815281,0.0857142857142857,openalex_health_informatics_1000
W4412492505,post_ai,2025,Medicine,36,2.0,0.6944444444444444,3.06561324474157,0.4166666666666667,0.5109289617486339,0.3333333333333333,1.009428613623397,0.8532773753007253,0.3888888888888889,openalex_health_informatics_1000
W4412523104,post_ai,2025,Medicine,36,2.0,0.8611111111111112,3.9047706623267056,0.3055555555555556,0.9541804499886366,0.3333333333333333,1.2046979833839118,0.8284675959083769,0.2777777777777778,openalex_health_informatics_1000
W4412528891,post_ai,2025,Medicine,37,2.0,0.6486486486486487,5.153291594497779,0.1081081081081081,0.6026486543984683,0.6756756756756757,1.5576544263127636,0.8264341821541658,0.027027027027027,openalex_health_informatics_1000
W4412635429,post_ai,2025,Medicine,9,2.0,0.8888888888888888,3.784189633918261,0.2222222222222222,0.9436013125512716,0.3333333333333333,1.002718264517516,0.876666439904107,0.2222222222222222,openalex_health_informatics_1000
W4412660375,post_ai,2025,Medicine,12,2.0,0.9166666666666666,4.979839416092935,0.0833333333333333,0.570782331027142,0.3333333333333333,0.8239592165010823,0.8558696260054907,0.0833333333333333,openalex_health_informatics_1000
W4412720212,post_ai,2025,Medicine,21,5.0,0.238095238095238,4.74493212836325,0.0476190476190476,0.4821760118826587,0.6666666666666666,0.9759390643499376,0.8805039070901417,0.0476190476190476,openalex_health_informatics_1000
W4412750560,post_ai,2025,Medicine,22,1.0,1.0,2.740319461670996,0.5454545454545454,0.5942857142857143,0.1363636363636363,0.5481178804418445,0.859405517578125,0.5454545454545454,openalex_health_informatics_1000
W4412792262,post_ai,2025,Medicine,22,3.5,0.5,4.174387269895637,0.1818181818181818,0.8525846294602013,0.4545454545454545,1.2200467158296413,0.784396385604685,0.1363636363636363,openalex_health_informatics_1000
W4412799331,post_ai,2025,Medicine,46,2.0,0.9347826086956522,3.951058773138224,0.3260869565217391,0.8192077168008991,0.3695652173913043,0.9507671556689292,0.872672719799954,0.3260869565217391,openalex_health_informatics_1000
W4412866165,post_ai,2025,Medicine,19,3.0,0.631578947368421,5.342334251964811,0.1052631578947368,0.3018139714395986,0.2105263157894736,0.7335417487636489,0.868588642070168,0.1052631578947368,openalex_health_informatics_1000
W4413025012,post_ai,2025,Medicine,12,2.5,0.8333333333333334,4.375262334558968,0.1666666666666666,0.9656484676273596,0.3333333333333333,0.6365141682948128,0.8473453919092814,0.1666666666666666,openalex_health_informatics_1000
W4413053176,post_ai,2025,Medicine,20,2.5,0.55,4.465313234586789,0.15,0.448752290991118,0.5,1.5410184476447624,0.8179089725017548,0.1,openalex_health_informatics_1000
W4413062330,post_ai,2025,Medicine,63,6.0,0.365079365079365,5.828945617610208,0.0793650793650793,0.6798605101053811,0.6666666666666666,1.4735026330239755,0.8366332385275099,0.0634920634920634,openalex_health_informatics_1000
W4413090651,post_ai,2025,Medicine,48,3.5,0.5,4.241093791108711,0.2083333333333333,0.8041272124335771,0.4375,1.3023435872303208,0.8364978718260924,0.1666666666666666,openalex_health_informatics_1000
W4413112181,post_ai,2025,Medicine,27,1.0,0.8888888888888888,4.330733340286331,0.2962962962962963,0.4483929971256859,0.2222222222222222,0.6298309121390556,0.877567278014289,0.2962962962962963,openalex_health_informatics_1000
W4413113603,post_ai,2025,Medicine,11,3.0,0.5454545454545454,4.875197323201151,0.1818181818181818,0.6197874080130826,0.5454545454545454,1.4142790651247086,0.8276117985898798,0.0909090909090909,openalex_health_informatics_1000
W4413137421,post_ai,2025,Medicine,14,2.0,0.7857142857142857,5.164671675146013,0.2142857142857142,0.8814450947603122,0.3571428571428571,0.8921178708188162,0.8317962203707013,0.1428571428571428,openalex_health_informatics_1000
W4413164030,post_ai,2025,Medicine,22,2.0,0.9545454545454546,3.849241393940473,0.2727272727272727,0.6382978723404256,0.5909090909090909,1.2302998736686868,0.83706519278613,0.0909090909090909,openalex_health_informatics_1000
W4413269993,post_ai,2025,Medicine,77,2.0,0.6623376623376623,3.784189633918261,0.3116883116883117,0.7977149942432026,0.3636363636363636,1.1088556799318636,0.8439822390482024,0.2727272727272727,openalex_health_informatics_1000
W4413283885,post_ai,2025,Medicine,51,2.0,0.8627450980392157,3.218875824868201,0.4117647058823529,0.7852949955228335,0.4901960784313725,1.6842253328852357,0.849608321984609,0.196078431372549,openalex_health_informatics_1000
W4413289023,post_ai,2025,Medicine,33,4.0,0.4242424242424242,4.07753744390572,0.303030303030303,0.6396724294813467,0.5151515151515151,1.5165292268359165,0.8079126657861652,0.1212121212121212,openalex_health_informatics_1000
W4413324990,post_ai,2025,Medicine,23,1.0,0.9130434782608696,3.258096538021482,0.217391304347826,0.5821474773609314,0.0869565217391304,0.355712859746894,0.8576124984285106,0.1739130434782608,openalex_health_informatics_1000
W4413326062,post_ai,2025,Medicine,16,1.0,0.9375,4.276569659094854,0.1875,0.8163473818646232,0.5,1.0609581504393426,0.8751122206449509,0.1875,openalex_health_informatics_1000
W4413327243,post_ai,2026,Medicine,87,3.0,0.5517241379310345,4.248495242049359,0.1494252873563218,0.9346368623058297,0.2758620689655172,1.0017061733674113,0.8716316915106499,0.1379310344827586,openalex_health_informatics_1000
W4413346095,post_ai,2025,Medicine,20,2.0,0.7,4.246450249423596,0.1,0.8950009467903806,0.25,0.9646946227273332,0.8614437013864518,0.05,openalex_health_informatics_1000
W4413361760,post_ai,2025,Medicine,20,1.5,0.95,3.931056105831374,0.15,0.6006305832895428,0.4,1.158214693401218,0.8189457356929779,0.05,openalex_health_informatics_1000
W4413362717,post_ai,2025,Medicine,55,3.0,0.5272727272727272,4.90527477843843,0.1636363636363636,0.9123796746061894,0.8909090909090909,1.8719961893364,0.8245306285944852,0.1272727272727272,openalex_health_informatics_1000
W4413408156,post_ai,2025,Medicine,111,2.0,0.7117117117117117,4.8283137373023015,0.1531531531531531,0.9091426683070356,0.6576576576576577,1.3270224699362276,0.8285341107093536,0.1531531531531531,openalex_health_informatics_1000
W4413470020,post_ai,2025,Medicine,58,2.0,0.7241379310344828,4.094205654039516,0.1724137931034483,0.6366065464261857,0.2758620689655172,0.9097473866192316,0.8244277958212227,0.0517241379310344,openalex_health_informatics_1000
W4413474089,post_ai,2025,Medicine,62,4.0,0.4677419354838709,4.102335914475406,0.2903225806451613,0.682610330992979,0.6129032258064516,1.6950600203678614,0.7901080596831537,0.0806451612903225,openalex_health_informatics_1000
W4413539390,post_ai,2025,Medicine,42,1.0,0.8333333333333334,2.9753212762938634,0.5,0.8562126966901791,0.4523809523809524,1.5666055718915084,0.8518583263669696,0.4523809523809524,openalex_health_informatics_1000
W4413622880,post_ai,2025,Medicine,8,1.5,0.75,3.5524827241349213,0.5,0.4113345521023766,0.5,1.2130075659799042,0.7919314727187157,0.125,openalex_health_informatics_1000
W4413745445,post_ai,2025,Medicine,21,1.0,1.0,3.091042453358316,0.3333333333333333,0.7159498207885304,0.8571428571428571,1.1424720168028526,0.890013731661297,0.3333333333333333,openalex_health_informatics_1000
W4413804314,post_ai,2025,Medicine,22,4.0,0.4545454545454545,3.957126139371221,0.2272727272727272,0.598550224370038,0.0909090909090909,0.3676494774001422,0.8789504387161948,0.1818181818181818,openalex_health_informatics_1000
W4413818423,post_ai,2025,Medicine,27,1.0,0.9629629629629628,4.0943445622221,0.037037037037037,0.7372327790973872,0.1111111111111111,0.4195558923202333,0.8698605387299149,0.037037037037037,openalex_health_informatics_1000
W4413825175,post_ai,2025,Medicine,16,2.0,0.6875,4.604970145977421,0.125,0.5707591377694471,0.3125,0.7774621319109288,0.8416919074952602,0.0625,openalex_health_informatics_1000
W4413837314,post_ai,2025,Medicine,8,2.5,0.625,2.931815587799049,0.5,0.6690856313497823,0.375,1.0735428464085233,0.8478423655033112,0.375,openalex_health_informatics_1000
W4413869511,post_ai,2025,Medicine,115,3.0,0.5478260869565217,3.713572066704308,0.2608695652173913,0.8136931073007238,0.4260869565217391,1.306490272057962,0.8430212290390678,0.217391304347826,openalex_health_informatics_1000
W4413889744,post_ai,2025,Medicine,57,4.0,0.3333333333333333,4.007333185232471,0.1228070175438596,0.8399850278388621,0.4210526315789473,1.249327214946185,0.8290772051141974,0.0701754385964912,openalex_health_informatics_1000
W4413949726,post_ai,2025,Medicine,45,2.0,0.8222222222222222,5.062595033026967,0.2,0.9396751904900548,0.5333333333333333,1.422729233609075,0.8283204330338372,0.1777777777777777,openalex_health_informatics_1000
W4413953290,post_ai,2025,Medicine,22,2.5,0.6363636363636364,3.970291913552122,0.1363636363636363,0.3801498127340824,0.0909090909090909,0.3676494774001422,0.8938304483890533,0.1363636363636363,openalex_health_informatics_1000
W4413969666,post_ai,2025,Medicine,10,2.0,0.6,4.749560919935632,0.2,0.9282290384262776,0.8,1.4708084763221112,0.8166964232921601,0.1,openalex_health_informatics_1000
W4413996695,post_ai,2025,Medicine,84,3.0,0.5833333333333334,3.331566347995402,0.3214285714285714,0.7859487852921865,0.75,1.35006484027522,0.8479160368442535,0.238095238095238,openalex_health_informatics_1000
W4414071807,post_ai,2025,Medicine,38,4.0,0.4736842105263157,5.2625693656955015,0.1052631578947368,0.8920993936405106,0.7631578947368421,1.6632354733803063,0.8376013213082364,0.1052631578947368,openalex_health_informatics_1000
W4414072461,post_ai,2025,Medicine,59,1.0,0.9152542372881356,3.1354942159291497,0.4745762711864407,0.7170717919728661,0.3389830508474576,1.1862342853273993,0.8294857316097971,0.2203389830508474,openalex_health_informatics_1000
W4414085743,post_ai,2025,Medicine,38,1.0,0.8421052631578947,2.970085626360216,0.3947368421052631,0.926003172551554,0.1578947368421052,0.5958577356022945,0.8822682766537917,0.3947368421052631,openalex_health_informatics_1000
W4414108335,post_ai,2025,Medicine,14,4.0,0.4285714285714285,3.889942557535261,0.2142857142857142,0.8978774529435323,0.6428571428571429,1.1973401339967784,0.8090583384037018,0.0714285714285714,openalex_health_informatics_1000
W4414142653,post_ai,2025,Medicine,20,2.0,0.7,4.70806714247764,0.3,0.9011099804889888,0.85,1.347306186914454,0.7931835502386093,0.2,openalex_health_informatics_1000
W4414325269,post_ai,2025,Medicine,18,4.5,0.3888888888888889,3.878953104175874,0.3333333333333333,0.6768991645618807,0.0555555555555555,0.2145591551764051,0.8507248361905416,0.3333333333333333,openalex_health_informatics_1000
W4414326671,post_ai,2025,Medicine,21,3.0,0.6190476190476191,4.07753744390572,0.238095238095238,0.8708569846324242,0.6190476190476191,1.712210115741827,0.8353455691110521,0.238095238095238,openalex_health_informatics_1000
W4414341158,post_ai,2025,Medicine,14,1.5,0.8571428571428571,5.003382950994815,0.1428571428571428,0.9540721637060424,0.0714285714285714,0.2573186405438316,0.8498601998601641,0.1428571428571428,openalex_health_informatics_1000
W4414347944,post_ai,2025,Medicine,22,4.0,0.4545454545454545,4.223814364015165,0.1818181818181818,0.4638572746847124,0.0,-0.0,0.8928826722231779,0.1363636363636363,openalex_health_informatics_1000
W4414360662,post_ai,2025,Medicine,15,2.0,0.8,3.4339872044851463,0.2666666666666666,0.9958281728700868,0.6666666666666666,1.3624474851916286,0.8383150895436605,0.2,openalex_health_informatics_1000
W4414380324,post_ai,2025,Medicine,20,1.0,0.9,5.15000640953741,0.1,0.8964402732270783,0.7,0.8979457248567797,0.8175227016210556,0.1,openalex_health_informatics_1000
W4414381428,post_ai,2025,Medicine,19,1.0,1.0,3.555348061489413,0.3157894736842105,0.8329887433953596,0.4210526315789473,1.2092536248090335,0.8418046549746865,0.2105263157894736,openalex_health_informatics_1000
W4414424860,post_ai,2025,Medicine,18,4.0,0.4444444444444444,4.436734027666815,0.1666666666666666,0.7481548302443825,0.8333333333333334,2.00393085865966,0.8256185584598117,0.0,openalex_health_informatics_1000
W4414500821,post_ai,2025,Medicine,21,1.0,0.7619047619047619,3.044522437723423,0.4285714285714285,0.7044310171198389,0.2857142857142857,0.9781728311151882,0.8659420268876212,0.3809523809523809,openalex_health_informatics_1000
W4414510983,post_ai,2025,Medicine,7,0.0,1.0,2.079441541679836,0.7142857142857143,0.5374149659863946,0.1428571428571428,0.410116318288409,0.8642004983765739,0.5714285714285714,openalex_health_informatics_1000
W4414610825,post_ai,2025,Medicine,32,4.0,0.4375,4.149518590806533,0.25,0.7840021189246458,0.3125,1.2376493140532492,0.8565487843006849,0.25,openalex_health_informatics_1000
W4414612128,post_ai,2025,Medicine,33,1.0,0.7575757575757576,4.158883083359672,0.1818181818181818,0.5721595184349134,0.5151515151515151,1.2671159046436662,0.8628513469840541,0.1515151515151515,openalex_health_informatics_1000
W4414702742,post_ai,2025,Medicine,53,2.0,0.7547169811320755,3.555348061489413,0.3584905660377358,0.8957535519249508,0.8867924528301887,1.7037453170716468,0.8124476693711191,0.2264150943396226,openalex_health_informatics_1000
W4414713541,post_ai,2025,Medicine,26,2.0,0.6923076923076923,4.576037731922103,0.0769230769230769,0.4529572338489536,0.3461538461538461,1.0122528641538109,0.8887957701316247,0.0769230769230769,openalex_health_informatics_1000
W4414753037,post_ai,2025,Medicine,33,4.0,0.4545454545454545,3.258096538021482,0.2727272727272727,0.4694397283531409,0.2424242424242424,0.69018190091517,0.8072663274678317,0.1818181818181818,openalex_health_informatics_1000
W4414804104,post_ai,2025,Medicine,25,4.0,0.4,4.7535901911063645,0.36,0.6125910623029248,1.0,1.3229646733203615,0.8135544347763062,0.28,openalex_health_informatics_1000
W4414850862,post_ai,2025,Medicine,10,1.0,0.6,3.205087440983084,0.5,0.7854270429809999,0.4,1.2275294114572126,0.856625372171402,0.5,openalex_health_informatics_1000
W4414853372,post_ai,2025,Medicine,15,2.0,0.6,5.556828061699537,0.0,0.4574059861857252,0.1333333333333333,0.4850940913022115,0.8853925307591756,0.0,openalex_health_informatics_1000
W4414856705,post_ai,2025,Medicine,18,2.0,0.6666666666666666,3.2506448352701947,0.4444444444444444,0.9478759969299564,0.5555555555555556,1.552024408851571,0.8516296181413863,0.4444444444444444,openalex_health_informatics_1000
W4414857381,post_ai,2025,Medicine,31,6.0,0.3548387096774194,5.153291594497779,0.032258064516129,0.5806070519810977,0.7419354838709677,1.6070919987558572,0.8153822248981845,0.0,openalex_health_informatics_1000
W4414927119,post_ai,2024,Medicine,56,3.0,0.5357142857142857,3.9889840465642745,0.1428571428571428,0.5199540625897215,0.3392857142857143,1.1492932374193403,0.8606964222022465,0.1071428571428571,openalex_health_informatics_1000
W4414938858,post_ai,2025,Medicine,17,6.0,0.2352941176470588,2.995732273553991,0.3529411764705882,0.9690714484292466,1.0,0.4437572842601484,0.8507879481596106,0.2352941176470588,openalex_health_informatics_1000
W4414962660,post_ai,2025,Medicine,32,2.0,0.6875,3.4339872044851463,0.3125,0.836276332094176,0.8125,1.7679468217279943,0.8337504360824823,0.25,openalex_health_informatics_1000
W4414982050,post_ai,2025,Medicine,13,1.0,0.9230769230769232,2.079441541679836,0.6153846153846154,0.6630824372759857,0.3846153846153846,1.0317671113505356,0.8533390164375305,0.5384615384615384,openalex_health_informatics_1000
W4415062670,post_ai,2025,Medicine,29,2.0,0.6206896551724138,3.367295829986474,0.3793103448275862,0.9355567597411228,0.3448275862068966,1.0674717810371397,0.8634116074134564,0.3448275862068966,openalex_health_informatics_1000
W4415075729,post_ai,2025,Medicine,28,2.0,0.8571428571428571,4.759720705900632,0.2142857142857142,0.7918147426344148,0.5714285714285714,1.4498370891283272,0.8231476034436908,0.1785714285714285,openalex_health_informatics_1000
W4415115359,post_ai,2025,Medicine,14,1.0,1.0,2.1910133173369406,0.6428571428571429,0.9278799612778316,0.0714285714285714,0.2573186405438316,0.8174747611795153,0.5714285714285714,openalex_health_informatics_1000
W4415164500,post_ai,2025,Medicine,45,1.0,0.9333333333333332,3.555348061489413,0.3555555555555555,0.4971270483081507,0.3777777777777777,1.1589919771219686,0.8225078423817952,0.2444444444444444,openalex_health_informatics_1000
W4415207470,post_ai,2025,Medicine,20,4.5,0.45,4.163500370120857,0.25,0.3695212407282535,0.6,1.6264278161136403,0.799951046705246,0.1,openalex_health_informatics_1000
W4415216860,post_ai,2025,Medicine,12,4.5,0.4166666666666667,4.811886824866762,0.1666666666666666,0.6185304598676395,0.6666666666666666,0.887694275799104,0.8630920747915903,0.0833333333333333,openalex_health_informatics_1000
W4415218805,post_ai,2025,Medicine,38,3.0,0.5526315789473685,3.198464827608073,0.3947368421052631,0.974477800886156,0.2631578947368421,0.9633889899467794,0.8089269807464198,0.2368421052631578,openalex_health_informatics_1000
W4415276690,post_ai,2025,Medicine,32,2.0,0.8125,3.535786682105766,0.3125,0.947535383113714,0.4375,1.311239041814649,0.8327041883021593,0.28125,openalex_health_informatics_1000
W4415282774,post_ai,2025,Medicine,7,1.0,0.7142857142857143,4.219507705176107,0.1428571428571428,0.3406374501992031,0.2857142857142857,0.7963116401738131,0.8249899659837995,0.0,openalex_health_informatics_1000
W4415284162,post_ai,2025,Medicine,93,4.0,0.3333333333333333,5.010635294096256,0.032258064516129,0.917138713377992,0.9247311827956988,1.7350356931923605,0.7914907624644618,0.010752688172043,openalex_health_informatics_1000
W4415293416,post_ai,2025,Medicine,20,4.0,0.4,3.849921203698493,0.3,0.9906369406068128,0.35,0.9989315046035592,0.8777615576982498,0.25,openalex_health_informatics_1000
W4415340766,post_ai,2025,Medicine,54,2.0,0.6666666666666666,3.624252036185305,0.3333333333333333,0.9596098668376302,0.2407407407407407,0.9800254649627852,0.8812828748314468,0.3333333333333333,openalex_health_informatics_1000
W4415421518,post_ai,2025,Medicine,43,3.0,0.5813953488372093,3.9889840465642745,0.1627906976744186,0.5189554461115565,0.6976744186046512,1.7676888497524188,0.8181649723718333,0.0697674418604651,openalex_health_informatics_1000
W4415435998,post_ai,2025,Medicine,9,1.0,0.8888888888888888,3.713572066704308,0.4444444444444444,0.5722543352601156,0.2222222222222222,0.6837389058487535,0.8636472755008273,0.4444444444444444,openalex_health_informatics_1000
W4415455906,post_ai,2025,Medicine,11,2.0,0.7272727272727273,2.833213344056216,0.4545454545454545,0.5214285714285715,0.4545454545454545,1.120950392673583,0.8384963599118319,0.3636363636363636,openalex_health_informatics_1000
W4415517344,post_ai,2025,Medicine,26,3.0,0.6153846153846154,3.8265102069020944,0.1538461538461538,0.947053872053872,0.6538461538461539,1.6667749867698776,0.8431414319918706,0.1538461538461538,openalex_health_informatics_1000
W4415583199,post_ai,2025,Medicine,23,2.0,0.9130434782608696,4.007333185232471,0.1739130434782608,0.5599870298313878,0.1739130434782608,0.559834325921902,0.8319827888322913,0.1304347826086956,openalex_health_informatics_1000
W4415595275,post_ai,2025,Medicine,14,1.5,0.7857142857142857,3.496048213707944,0.3571428571428571,0.9003519577650682,0.6428571428571429,1.2914167691452023,0.8204683576311383,0.2142857142857142,openalex_health_informatics_1000
W4415608265,post_ai,2025,Medicine,29,1.0,0.9310344827586208,3.871201010907891,0.1034482758620689,0.6977346278317152,0.1379310344827586,0.4787533304102896,0.870291009031493,0.1034482758620689,openalex_health_informatics_1000
W4415613619,post_ai,2025,Medicine,56,3.0,0.5178571428571429,4.927253685157205,0.1607142857142857,0.9351493842162804,0.9107142857142856,1.6952331912020482,0.8056370903338704,0.0892857142857142,openalex_health_informatics_1000
W4415619493,post_ai,2025,Medicine,19,1.0,0.9473684210526316,2.302585092994046,0.5789473684210527,0.8036697247706422,0.2105263157894736,0.6330395116644678,0.8625189630608809,0.5263157894736842,openalex_health_informatics_1000
W4415625916,post_ai,2025,Medicine,27,3.0,0.5555555555555556,3.367295829986474,0.4074074074074074,0.972771617234186,0.4074074074074074,0.9853462641378448,0.8414380815294054,0.3333333333333333,openalex_health_informatics_1000
W4415660084,post_ai,2025,Medicine,13,2.0,0.8461538461538461,2.5649493574615367,0.5384615384615384,0.9566807313642756,0.3846153846153846,0.8587409130062867,0.7942200440626878,0.1538461538461538,openalex_health_informatics_1000
W4415665495,post_ai,2025,Medicine,14,4.5,0.3571428571428571,6.135564891081739,0.0,0.7241182676132638,1.0,-0.0,0.8171188618455615,0.0,openalex_health_informatics_1000
W4415673526,post_ai,2025,Medicine,25,6.0,0.36,5.081404364984463,0.24,0.9509763617677288,0.44,0.8945510979978214,0.8225755548477173,0.16,openalex_health_informatics_1000
W4415674243,post_ai,2025,Medicine,21,5.0,0.3809523809523809,4.605170185988092,0.0952380952380952,0.9840604304440106,0.8571428571428571,1.8322061720763063,0.7938308659053984,0.0476190476190476,openalex_health_informatics_1000
W4415683844,post_ai,2025,Medicine,53,3.0,0.5660377358490566,3.871201010907891,0.2264150943396226,0.9399324725099238,0.2264150943396226,0.910971812931563,0.8449054394128188,0.2264150943396226,openalex_health_informatics_1000
W4415695335,post_ai,2025,Medicine,8,5.5,0.125,7.199320979739099,0.125,0.7934577808792742,1.0,0.9743147528693494,0.7803755179047585,0.125,openalex_health_informatics_1000
W4415698947,post_ai,2025,Medicine,14,2.0,0.7142857142857143,5.540763487417779,0.2142857142857142,0.973689047154098,0.3571428571428571,1.0285137640248474,0.8227671597685132,0.1428571428571428,openalex_health_informatics_1000
W4415747094,post_ai,2025,Medicine,7,2.0,0.7142857142857143,3.367295829986474,0.4285714285714285,0.4602510460251046,1.0,1.277034259466139,0.7908650636672974,0.1428571428571428,openalex_health_informatics_1000
W4415758231,post_ai,2025,Medicine,33,2.0,0.7878787878787878,4.8283137373023015,0.2424242424242424,0.9452288786482336,0.6666666666666666,1.5621470215338793,0.8587028962193113,0.2121212121212121,openalex_health_informatics_1000
W4415814275,post_ai,2025,Medicine,66,1.0,0.8181818181818182,4.233686248216141,0.2272727272727272,0.8838123548536925,0.7121212121212122,1.4692855043870252,0.8641076945897305,0.1818181818181818,openalex_health_informatics_1000
W4415815578,post_ai,2025,Medicine,35,2.0,0.6285714285714286,4.248495242049359,0.1142857142857142,0.6097320940404592,0.1428571428571428,0.5458692524645854,0.8838969690459115,0.1142857142857142,openalex_health_informatics_1000
W4415818745,post_ai,2025,Medicine,70,3.0,0.5285714285714286,4.736044531200729,0.1714285714285714,0.6010858614127392,0.4714285714285714,1.4725620889488715,0.8338347554206849,0.1428571428571428,openalex_health_informatics_1000
W4415956144,post_ai,2025,Medicine,60,3.0,0.55,4.166394734208978,0.3,0.6728717565965667,0.6166666666666667,1.523762627377634,0.8437500238418579,0.2833333333333333,openalex_health_informatics_1000
W4416021732,post_ai,2025,Medicine,20,10.0,0.25,4.366958087463763,0.2,0.8600153198008426,1.0,1.3303162832349145,0.8433942496776581,0.05,openalex_health_informatics_1000
W4416094166,post_ai,2025,Medicine,34,1.5,0.7647058823529411,3.939267098070181,0.3529411764705882,0.6316423043852106,0.7647058823529411,1.6258094283038722,0.8260763743344475,0.3235294117647059,openalex_health_informatics_1000
W4416094283,post_ai,2025,Medicine,28,5.5,0.3214285714285714,4.312395601007128,0.1785714285714285,0.6022916120003499,0.5714285714285714,1.5934242371738905,0.8427910357713699,0.1071428571428571,openalex_health_informatics_1000
W4416096257,post_ai,2025,Medicine,21,2.0,0.5238095238095238,3.784189633918261,0.1904761904761904,0.9407245008779676,0.6666666666666666,1.5377034978212434,0.8184987306594849,0.1428571428571428,openalex_health_informatics_1000
W4416111854,post_ai,2025,Medicine,31,4.0,0.4516129032258064,3.4657359027997265,0.1935483870967742,0.6471920289855072,0.2903225806451613,0.9551501630539578,0.8227474708710948,0.0967741935483871,openalex_health_informatics_1000
W4416118412,post_ai,2025,Medicine,22,1.0,0.9090909090909092,3.710887896822324,0.1363636363636363,0.6337427926798697,0.4090909090909091,0.8192299997020129,0.8638925796205347,0.1363636363636363,openalex_health_informatics_1000
W4416139238,post_ai,2025,Medicine,61,2.0,0.7049180327868853,3.610917912644224,0.1967213114754098,0.9547999648675948,0.7377049180327869,1.711314410587261,0.8216714927407561,0.1639344262295081,openalex_health_informatics_1000
W4416160846,post_ai,2025,Medicine,21,1.0,0.7619047619047619,3.1780538303479458,0.2857142857142857,0.6229057264316079,0.3333333333333333,0.901951381686084,0.8759312487783886,0.2857142857142857,openalex_health_informatics_1000
W4416168006,post_ai,2025,Medicine,86,1.0,0.8255813953488372,3.8501476017100575,0.2325581395348837,0.6722543352601156,0.5581395348837209,1.5655525393306866,0.884429531041966,0.2209302325581395,openalex_health_informatics_1000
W4416193714,post_ai,2025,Medicine,49,4.0,0.4285714285714285,5.7430031878094825,0.0204081632653061,0.4828985124839209,0.2857142857142857,1.0090414296260977,0.8367849478916246,0.0204081632653061,openalex_health_informatics_1000
W4416331328,post_ai,2025,Medicine,35,2.0,0.6857142857142857,4.007333185232471,0.2857142857142857,0.9598451862602806,0.8571428571428571,1.2647265906348717,0.8534943103790283,0.2285714285714285,openalex_health_informatics_1000
W4416358908,post_ai,2025,Medicine,33,2.0,0.8484848484848485,4.499809670330265,0.2727272727272727,0.905161254785315,0.4848484848484848,0.9173733352977136,0.7867078185081482,0.0606060606060606,openalex_health_informatics_1000
W4416390331,post_ai,2025,Medicine,41,1.0,0.902439024390244,3.044522437723423,0.4634146341463415,0.7664086166273982,0.7073170731707317,1.446202115138902,0.8461145104431524,0.3902439024390244,openalex_health_informatics_1000
W4416407651,post_ai,2025,Medicine,21,1.0,0.7142857142857143,2.995732273553991,0.3809523809523809,0.8266738660907127,0.4285714285714285,1.1753622605450231,0.8374908850306556,0.238095238095238,openalex_health_informatics_1000
W4416409585,post_ai,2025,Medicine,8,5.5,0.125,4.388931857310585,0.125,0.51138353765324,0.75,1.7328679513998633,0.8332226127386093,0.125,openalex_health_informatics_1000
W4416556398,post_ai,2025,Medicine,13,6.0,0.4615384615384615,5.733341276897746,0.0769230769230769,0.6486662859939636,0.4615384615384615,1.5171515848932915,0.7957534010593708,0.0769230769230769,openalex_health_informatics_1000
W4416572176,post_ai,2025,Medicine,38,2.0,0.6052631578947368,5.045149507301467,0.2105263157894736,0.5864801408726277,0.6052631578947368,1.0096669363921793,0.8107896525608865,0.1842105263157894,openalex_health_informatics_1000
W4416579861,post_ai,2025,Medicine,22,3.0,0.5454545454545454,3.284740710207148,0.3636363636363636,0.976644920330803,0.6363636363636364,1.0729208762973772,0.8126739426092668,0.2272727272727272,openalex_health_informatics_1000
W4416584900,post_ai,2025,Medicine,13,2.0,0.7692307692307693,2.772588722239781,0.5384615384615384,0.439516129032258,0.6153846153846154,1.7326587201992076,0.8242236375808716,0.2307692307692307,openalex_health_informatics_1000
W4416598804,post_ai,2025,Medicine,24,1.0,0.9583333333333334,4.151008904875602,0.2916666666666667,0.5303847536857246,0.2916666666666667,0.9401453181214776,0.8581193089485168,0.2083333333333333,openalex_health_informatics_1000
W4416627347,post_ai,2025,Medicine,56,2.0,0.7142857142857143,4.569207316202297,0.125,0.8364586809031254,0.4107142857142857,1.295209293257408,0.8534559862954276,0.0892857142857142,openalex_health_informatics_1000
W4416631199,post_ai,2025,Medicine,18,3.5,0.5,4.195814984220446,0.0,0.3845466726217061,0.3333333333333333,0.9257019111219666,0.840088019768397,0.0,openalex_health_informatics_1000
W4416637995,post_ai,2025,Medicine,47,5.0,0.4042553191489361,4.276666119016055,0.1489361702127659,0.9149255738880918,0.4042553191489361,1.3982143358587342,0.8686952413396632,0.1276595744680851,openalex_health_informatics_1000
W4416649127,post_ai,2025,Medicine,17,1.0,0.9411764705882352,3.713572066704308,0.2352941176470588,0.5950347567030785,0.1764705882352941,0.5783252866601273,0.8534960992196027,0.1176470588235294,openalex_health_informatics_1000
W4416678794,post_ai,2025,Medicine,29,2.0,0.7931034482758621,3.218875824868201,0.3448275862068966,0.3683781581092094,0.0689655172413793,0.2509548043576197,0.8597151164350838,0.3103448275862069,openalex_health_informatics_1000
W4416697336,post_ai,2025,Medicine,17,2.0,0.6470588235294118,5.942799375126701,0.0,0.7785806149888927,0.2941176470588235,0.605797499372304,0.795639528947718,0.0,openalex_health_informatics_1000
W4416717351,post_ai,2025,Medicine,24,2.0,0.7916666666666666,3.3961722137354045,0.25,0.5453090618123625,0.3333333333333333,0.961285752584596,0.9002352580428123,0.1666666666666666,openalex_health_informatics_1000
W4416746272,post_ai,2025,Medicine,15,1.0,0.8666666666666667,3.091042453358316,0.4,0.8324873096446701,0.3333333333333333,0.8608513906312316,0.8713883678118388,0.4,openalex_health_informatics_1000
W4416783850,post_ai,2025,Medicine,10,1.0,0.9,2.470821211304652,0.5,0.63125,0.3,0.9404479886553264,0.8314313173294068,0.1,openalex_health_informatics_1000
W4416825505,post_ai,2025,Medicine,23,2.0,0.5652173913043478,3.737669618283368,0.3043478260869565,0.7594461394038958,0.2608695652173913,0.7400116657311008,0.8380672361539758,0.2608695652173913,openalex_health_informatics_1000
W4416828557,post_ai,2025,Medicine,31,2.0,0.6129032258064516,4.248495242049359,0.064516129032258,0.8896013127506989,0.3225806451612903,1.0056647006023491,0.7968513715651727,0.032258064516129,openalex_health_informatics_1000
W4416910393,post_ai,2025,Medicine,15,2.0,0.8,5.19295685089021,0.0666666666666666,0.8565905412695558,0.2,0.5004024235381879,0.8396126588185628,0.0666666666666666,openalex_health_informatics_1000
W4416995980,post_ai,2025,Medicine,75,1.0,0.9333333333333332,3.1354942159291497,0.4533333333333333,0.694186446508428,0.72,0.8853980532449455,0.8865579477945964,0.36,openalex_health_informatics_1000
W4417044823,post_ai,2025,Medicine,17,2.0,0.6470588235294118,3.871201010907891,0.1764705882352941,0.7685428721725408,0.3529411764705882,1.0877612930687806,0.8369925372740802,0.1764705882352941,openalex_health_informatics_1000
W4417065257,post_ai,2025,Medicine,43,3.0,0.5116279069767442,4.406719247264253,0.2093023255813953,0.9105451074660632,0.6744186046511628,1.4879071768608765,0.8393270401067512,0.1395348837209302,openalex_health_informatics_1000
W4417106404,post_ai,2025,Medicine,27,2.0,0.6666666666666666,3.871201010907891,0.3333333333333333,0.5832282471626734,0.037037037037037,0.1584105701317908,0.8876784443855286,0.3333333333333333,openalex_health_informatics_1000
W4417128758,post_ai,2025,Medicine,16,2.0,0.6875,4.143008734202382,0.3125,0.753685293109359,0.5625,1.1626998334975678,0.8447931446135044,0.1875,openalex_health_informatics_1000
W4417151340,post_ai,2025,Medicine,35,1.0,0.7714285714285715,4.262679877041316,0.1714285714285714,0.9552364864864864,0.7714285714285715,1.9117234342173943,0.844196627821241,0.1428571428571428,openalex_health_informatics_1000
W4417151498,post_ai,2025,Medicine,30,1.0,1.0,3.331566347995402,0.4,0.5362824990298797,0.5333333333333333,1.1979894037409726,0.8859807391961415,0.3666666666666666,openalex_health_informatics_1000
W4417153281,post_ai,2025,Medicine,120,2.0,0.675,3.6635616461296463,0.2833333333333333,0.8950395347504727,0.3833333333333333,1.0236052280746444,0.7879223982493083,0.125,openalex_health_informatics_1000
W4417184836,post_ai,2025,Medicine,9,4.0,0.2222222222222222,3.555348061489413,0.4444444444444444,0.5639478504471501,0.2222222222222222,0.6837389058487535,0.8522784113883972,0.4444444444444444,openalex_health_informatics_1000
W4417192677,post_ai,2025,Medicine,25,2.0,0.68,4.48863636973214,0.16,0.9338226147530788,0.96,1.2404051317875189,0.8457811188697815,0.16,openalex_health_informatics_1000
W4417274551,post_ai,2025,Medicine,17,2.0,0.7647058823529411,4.418840607796598,0.2352941176470588,0.8726664187430272,0.7647058823529411,1.6459168300174678,0.8119572541292976,0.1764705882352941,openalex_health_informatics_1000
W4417285968,post_ai,2025,Medicine,10,4.0,0.4,3.222859909692789,0.2,0.3954372623574144,0.4,0.8979457248567797,0.8270038962364197,0.1,openalex_health_informatics_1000
W4417289765,post_ai,2026,Medicine,19,14.0,0.2631578947368421,7.035268599281097,0.0,0.5622977895427498,0.9473684210526316,0.6096274235960984,0.852534105903224,0.0,openalex_health_informatics_1000
W4417309864,post_ai,2025,Medicine,15,2.0,0.6666666666666666,3.1780538303479458,0.4,0.948697007944168,0.3333333333333333,0.9881542242901942,0.8396459142367045,0.2666666666666666,openalex_health_informatics_1000
W4417385090,post_ai,2025,Medicine,65,2.0,0.7538461538461538,4.219507705176107,0.3076923076923077,0.9464798015042258,0.7538461538461538,1.6511226937843937,0.8205557566422682,0.1846153846153846,openalex_health_informatics_1000
W4417428043,post_ai,2025,Medicine,36,1.0,0.9166666666666666,2.740319461670996,0.5833333333333334,0.9627785322669886,0.3333333333333333,0.9257019111219666,0.8437728037436804,0.4444444444444444,openalex_health_informatics_1000
W4417447267,post_ai,2025,Medicine,37,2.0,0.8648648648648649,5.0369526024136295,0.1351351351351351,0.7298772655915513,0.5405405405405406,1.484155619121252,0.8502672588503039,0.081081081081081,openalex_health_informatics_1000
W4417474482,post_ai,2025,Medicine,26,1.0,0.8846153846153846,3.737669618283368,0.2307692307692307,0.9102996871397993,0.2692307692307692,0.9796281737843016,0.8275692829718957,0.1538461538461538,openalex_health_informatics_1000
W4417520558,post_ai,2025,Medicine,16,2.0,0.625,1.844439727056968,0.625,0.7893738140417458,0.625,1.8080457195839967,0.8240865096449852,0.625,openalex_health_informatics_1000
W4417525082,post_ai,2025,Medicine,41,3.0,0.5121951219512195,5.225746673713202,0.1463414634146341,0.8799073543280878,0.7804878048780488,2.075211091467187,0.8209254029320507,0.1463414634146341,openalex_health_informatics_1000
W7110047985,post_ai,2025,Medicine,23,3.0,0.5217391304347826,3.8501476017100575,0.1739130434782608,0.7665156212735511,0.391304347826087,0.9368779699291142,0.8383509905441947,0.1304347826086956,openalex_health_informatics_1000
W7114894699,post_ai,2025,Medicine,9,5.0,0.3333333333333333,5.840641657373398,0.0,0.5056672760511883,0.8888888888888888,1.2148896539491203,0.8381946285565695,0.0,openalex_health_informatics_1000
W7115587020,post_ai,2025,Medicine,40,8.0,0.275,4.959311220060199,0.075,0.6982847467608951,0.9,0.6309739207641037,0.835472197830677,0.075,openalex_health_informatics_1000
W7115948921,post_ai,2025,Medicine,14,3.5,0.5,5.722901136556964,0.2142857142857142,0.4391365436198748,0.3571428571428571,1.1275347898191257,0.8086363971233368,0.1428571428571428,openalex_health_informatics_1000
W7116067721,post_ai,2025,Medicine,29,4.0,0.3448275862068966,4.07753744390572,0.2758620689655172,0.3937583001328021,0.896551724137931,1.905442224699781,0.7954563477943684,0.1379310344827586,openalex_health_informatics_1000
W7116677681,post_ai,2025,Medicine,22,2.0,0.6363636363636364,4.336927500714808,0.2272727272727272,0.5197349467012389,0.3181818181818182,1.0318204422829809,0.8631595779548992,0.0909090909090909,openalex_health_informatics_1000
W7116754242,post_ai,2025,Medicine,44,3.0,0.5454545454545454,5.55474414959815,0.1590909090909091,0.8228185484433653,0.8636363636363636,1.4653348116854044,0.817865401506424,0.0909090909090909,openalex_health_informatics_1000
W7116897529,post_ai,2025,Medicine,41,2.0,0.7073170731707317,3.58351893845611,0.3658536585365853,0.9318949282420936,0.7560975609756098,1.1225814651460002,0.8351695450340829,0.2682926829268293,openalex_health_informatics_1000
W7116984844,post_ai,2025,Medicine,8,0.0,1.0,2.1910133173369406,0.625,0.6282051282051282,0.375,1.0735428464085233,0.8396351635456085,0.375,openalex_health_informatics_1000
W7117145865,post_ai,2025,Medicine,7,1.0,0.7142857142857143,5.594711379601839,0.2857142857142857,0.917465610671113,0.2857142857142857,0.7963116401738131,0.8668627653803144,0.2857142857142857,openalex_health_informatics_1000
W7117166112,post_ai,2025,Medicine,11,1.0,0.9090909090909092,1.6094379124341005,0.6363636363636364,0.8284313725490197,0.1818181818181818,0.4741393130578373,0.8706553199074485,0.6363636363636364,openalex_health_informatics_1000
W7117241277,post_ai,2025,Medicine,25,3.0,0.72,4.04305126783455,0.2,0.8276059155533328,0.24,0.6592146182148859,0.857750186920166,0.12,openalex_health_informatics_1000
W7117248046,post_ai,2025,Medicine,16,4.0,0.4375,6.757638353580218,0.125,0.4402196014640097,0.875,1.6020559154587264,0.8431420363485813,0.0625,openalex_health_informatics_1000
W7117301048,post_ai,2025,Medicine,43,1.0,0.9069767441860463,4.465908118654584,0.2093023255813953,0.4249618450059352,0.3255813953488372,0.8781008862621081,0.8564850008764933,0.2093023255813953,openalex_health_informatics_1000
W7117321728,post_ai,2025,Medicine,26,1.0,0.9615384615384616,2.770631772579213,0.5,0.9932035674760756,0.0769230769230769,0.3245083869310706,0.8763437546216525,0.5,openalex_health_informatics_1000
W7117616118,post_ai,2025,Medicine,22,1.0,1.0,4.288108265932849,0.3636363636363636,0.6811451880948783,0.6363636363636364,1.135934256348281,0.8353075628930872,0.2272727272727272,openalex_health_informatics_1000
W7117817338,post_ai,2025,Medicine,26,1.0,0.7307692307692307,3.4292825173956825,0.3461538461538461,0.7193635748138117,0.1153846153846153,0.431071102348777,0.8493116612617786,0.2692307692307692,openalex_health_informatics_1000
W7118117875,post_ai,2026,Medicine,115,3.0,0.6260869565217392,3.044522437723423,0.4,0.7314403010605542,0.591304347826087,1.4505991202355166,0.8333279485287873,0.3478260869565217,openalex_health_informatics_1000
W7118163994,post_ai,2026,Medicine,18,3.0,1.0,4.959188082514939,0.0555555555555555,0.5208440999138674,0.0555555555555555,0.2145591551764051,0.886628571483824,0.0555555555555555,openalex_health_informatics_1000
W7118286314,post_ai,2026,Medicine,16,3.0,0.625,4.611430826264927,0.125,0.945158336105396,0.3125,0.918045918065631,0.8515247143805027,0.125,openalex_health_informatics_1000
W7118325375,post_ai,2026,Medicine,21,4.0,0.2857142857142857,5.0238805208462765,0.0952380952380952,0.7857488052408312,0.4761904761904761,1.499509409674557,0.8387359721320016,0.0952380952380952,openalex_health_informatics_1000
W7118350121,post_ai,2026,Medicine,13,7.0,0.4615384615384615,3.555348061489413,0.2307692307692307,0.9955964672222912,0.6153846153846154,1.2202821662722374,0.846167660676516,0.0769230769230769,openalex_health_informatics_1000
W7118362480,post_ai,2026,Medicine,20,4.5,0.45,5.010123921572413,0.1,0.4085163007318696,0.85,1.514856040456535,0.8183953493833542,0.0,openalex_health_informatics_1000
W7118423790,post_ai,2026,Medicine,12,6.0,0.3333333333333333,3.373793263414658,0.5,0.8218516893374287,0.75,1.5171063970610272,0.8452156335115433,0.4166666666666667,openalex_health_informatics_1000
W7118434711,post_ai,2026,Medicine,53,2.0,0.5660377358490566,3.58351893845611,0.3584905660377358,0.9884146044229238,0.4528301886792453,1.310035226671521,0.8685664916938206,0.3396226415094339,openalex_health_informatics_1000
W7118450059,post_ai,2026,Medicine,7,7.0,0.2857142857142857,5.135798437050262,0.0,0.7581071342781648,0.7142857142857143,0.9556998911125344,0.862082268510546,0.0,openalex_health_informatics_1000
W7118712077,post_ai,2026,Medicine,22,4.0,0.4545454545454545,5.135365723912047,0.0909090909090909,0.9405752905299596,0.4545454545454545,1.459801299462856,0.8822458684444427,0.0909090909090909,openalex_health_informatics_1000
W7118933293,post_ai,2026,Medicine,41,3.0,0.6341463414634146,4.454347296253507,0.0975609756097561,0.958757465722166,0.2926829268292683,1.0951418326202351,0.844919287576908,0.073170731707317,openalex_health_informatics_1000
W7119011583,post_ai,2026,Medicine,26,4.5,0.4615384615384615,4.296150331951521,0.1923076923076923,0.9502886395817448,0.9230769230769232,1.6836220475148729,0.8428092163342696,0.0769230769230769,openalex_health_informatics_1000
W7119469564,post_ai,2026,Medicine,11,4.0,0.4545454545454545,5.755742213586912,0.0,0.5987046159459952,0.2727272727272727,0.7595473914748635,0.8008612882007252,0.0,openalex_health_informatics_1000
W7120005979,post_ai,2026,Medicine,27,5.0,0.4074074074074074,5.525452939131784,0.1481481481481481,0.822458963924832,0.925925925925926,1.6319564694212858,0.8016504512892829,0.074074074074074,openalex_health_informatics_1000
W7122560152,post_ai,2026,Medicine,31,6.0,0.1935483870967742,4.262679877041316,0.3870967741935484,0.6981357853633959,0.6451612903225806,1.6167558904102437,0.7773879343463529,0.2903225806451613,openalex_health_informatics_1000
W7122732683,post_ai,2026,Medicine,16,3.0,0.5625,4.610887374800923,0.125,0.6695305690449508,0.875,1.2130075659799042,0.8097252547740936,0.0625,openalex_health_informatics_1000
W7122759683,post_ai,2026,Medicine,24,2.0,0.875,3.9112223647446593,0.25,0.937177070912984,0.7916666666666666,1.571521977089109,0.8621981392304102,0.1666666666666666,openalex_health_informatics_1000
W7122787504,post_ai,2026,Medicine,43,1.0,1.0,2.9444389791664403,0.4186046511627907,0.8146934955545156,0.4186046511627907,1.2131496008124092,0.8673859086147574,0.3953488372093023,openalex_health_informatics_1000
W7123393746,post_ai,2026,Medicine,22,4.0,0.4090909090909091,5.577968092959552,0.1818181818181818,0.5339568646611293,0.9545454545454546,1.1839637727244874,0.859632668170062,0.1363636363636363,openalex_health_informatics_1000
W7124135853,post_ai,2026,Medicine,43,5.0,0.3488372093023256,3.912023005428146,0.1162790697674418,0.6537492733966286,0.2325581395348837,0.7955814946497933,0.8246269780536031,0.1162790697674418,openalex_health_informatics_1000
W7124293482,post_ai,2025,Medicine,8,1.5,0.875,3.9318256327243257,0.375,0.7519586597766295,0.25,0.5623351446188083,0.8423572927713394,0.375,openalex_health_informatics_1000
W7124455784,post_ai,2026,Medicine,25,4.0,0.36,4.248495242049359,0.28,0.8781238248265016,0.32,1.0150318786859958,0.8143621683120728,0.28,openalex_health_informatics_1000
W7124463484,post_ai,2026,Medicine,23,2.0,0.7391304347826086,4.219507705176107,0.3043478260869565,0.6483719025189433,0.0434782608695652,0.1788449127168475,0.8866214285726133,0.3043478260869565,openalex_health_informatics_1000
W7124512380,post_ai,2026,Medicine,6,9.0,0.3333333333333333,3.621398961396878,0.5,0.8064624141972209,0.5,1.242453324894,0.808497816324234,0.3333333333333333,openalex_health_informatics_1000
W7124568786,post_ai,2026,Medicine,21,2.0,0.7142857142857143,4.07753744390572,0.4285714285714285,0.9757507884993372,0.6666666666666666,1.7237135713519085,0.8619190880230495,0.3809523809523809,openalex_health_informatics_1000
W7124752358,post_ai,2026,Medicine,42,3.5,0.5,4.859541914768924,0.2142857142857142,0.5838415554616267,0.5714285714285714,1.317032295688634,0.8074814223107838,0.1428571428571428,openalex_health_informatics_1000
W7125187102,post_ai,2026,Medicine,13,3.0,0.6153846153846154,4.605170185988092,0.0769230769230769,0.721143473570658,0.3846153846153846,1.0317671113505356,0.8173118554628812,0.0769230769230769,openalex_health_informatics_1000
W7125370145,post_ai,2026,Medicine,54,4.0,0.4074074074074074,4.40552806147155,0.1851851851851851,0.9406570896280142,0.0555555555555555,0.2755931712135222,0.8649692910688894,0.1666666666666666,openalex_health_informatics_1000
W7125488089,post_ai,2026,Medicine,16,4.5,0.25,4.308066569635571,0.25,0.6733785998595176,0.125,0.46341355882643,0.8270874246954918,0.125,openalex_health_informatics_1000
W7125508245,post_ai,2026,Medicine,10,5.5,0.4,3.5167532421438485,0.4,0.843399251737039,0.7,1.0888999753452238,0.8273904979228973,0.3,openalex_health_informatics_1000
W7125610088,post_ai,2026,Medicine,119,3.0,0.6134453781512605,3.6375861597263857,0.361344537815126,0.7999537748290348,0.6890756302521008,1.5103219900373916,0.8085299404729315,0.134453781512605,openalex_health_informatics_1000
W7125648650,post_ai,2026,Medicine,25,3.0,0.64,3.4011973816621555,0.28,0.5663659270096725,0.28,0.8741412099026158,0.8309664535522461,0.28,openalex_health_informatics_1000
W7125832654,post_ai,2026,Medicine,44,3.0,0.5909090909090909,3.977537136631348,0.2272727272727272,0.9057923425494188,0.5681818181818182,1.4099931965692032,0.8375572142275897,0.1590909090909091,openalex_health_informatics_1000
W7125912549,post_ai,2026,Medicine,35,2.0,0.7714285714285715,4.672828834461906,0.1428571428571428,0.5210735586481113,0.2285714285714285,0.782925634509774,0.855666594845908,0.1142857142857142,openalex_health_informatics_1000
W7125944972,post_ai,2026,Medicine,44,13.0,0.1363636363636363,4.151008904875602,0.1363636363636363,0.7178554850688534,0.9772727272727272,1.0748368836196531,0.8350135209885511,0.0909090909090909,openalex_health_informatics_1000
W7125961000,post_ai,2026,Medicine,33,2.0,0.9393939393939394,4.442651256490317,0.2121212121212121,0.9383571591592836,0.1818181818181818,0.6580309975500831,0.8681768124753778,0.1818181818181818,openalex_health_informatics_1000
W7126060308,post_ai,2026,Medicine,83,3.0,0.6626506024096386,3.258096538021482,0.3493975903614458,0.4425018468357547,0.4939759036144578,1.6935043500183835,0.8260729535516486,0.216867469879518,openalex_health_informatics_1000
W7126114022,post_ai,2026,Medicine,16,5.0,0.1875,3.020127355638707,0.4375,0.7230320699708455,0.3125,0.9507489270509152,0.8104806952178478,0.1875,openalex_health_informatics_1000
W7126168509,post_ai,2026,Medicine,9,9.0,0.1111111111111111,5.236441962829949,0.0,0.6780193236714975,0.2222222222222222,0.5297061990576545,0.8287105427847968,0.0,openalex_health_informatics_1000
W7126253860,post_ai,2026,Medicine,29,4.0,0.4482758620689655,6.511745329644728,0.2068965517241379,0.7960258351081596,0.7586206896551724,1.637283157195586,0.8566746588411003,0.2068965517241379,openalex_health_informatics_1000
W7126255520,post_ai,2026,Medicine,26,2.0,0.8076923076923077,4.451907605861461,0.1923076923076923,0.6747720364741642,0.1538461538461538,0.6425990774875227,0.8550774317521316,0.1538461538461538,openalex_health_informatics_1000
W7126274464,post_ai,2026,Medicine,16,8.0,0.25,5.8193383351378944,0.0625,0.9401556424049546,0.4375,1.2440166957928942,0.8379207737743855,0.0625,openalex_health_informatics_1000
W7127174097,post_ai,2026,Medicine,34,3.0,0.6176470588235294,5.521780815505917,0.1764705882352941,0.8711544205495818,0.7352941176470589,1.673863087421304,0.8486067039125106,0.1764705882352941,openalex_health_informatics_1000
W7127351568,post_ai,2026,Medicine,18,2.0,0.8333333333333334,3.6605942783697394,0.1666666666666666,0.3819301848049281,0.3888888888888889,1.1648729119013703,0.7888053821192847,0.0,openalex_health_informatics_1000
W7127429175,post_ai,2026,Medicine,34,3.0,0.7647058823529411,5.1383008152133165,0.2352941176470588,0.952807431307174,0.3823529411764705,1.192017605948972,0.8601277155034682,0.2352941176470588,openalex_health_informatics_1000
W7127621809,post_ai,2026,Medicine,44,14.5,0.0681818181818181,5.247010221553136,0.0909090909090909,0.4869096830765376,1.0,0.2164140891932277,0.8569072647528215,0.0909090909090909,openalex_health_informatics_1000
W7127732971,post_ai,2026,Medicine,23,2.0,0.6521739130434783,4.248495242049359,0.3043478260869565,0.7120738424892065,0.1739130434782608,0.7031315809655684,0.8577744805294535,0.3043478260869565,openalex_health_informatics_1000
W7128061917,post_ai,2026,Medicine,26,2.0,0.9230769230769232,3.331566347995402,0.3076923076923077,0.9163901081254684,0.3846153846153846,1.2423808027135206,0.8613281891896174,0.2307692307692307,openalex_health_informatics_1000
W7128167553,post_ai,2026,Medicine,10,2.0,0.6,3.218875824868201,0.2,0.5191040843214756,0.8,1.7480673485460894,0.8465670228004456,0.1,openalex_health_informatics_1000
W7128169463,post_ai,2026,Medicine,14,8.5,0.2857142857142857,6.12428342057127,0.0714285714285714,0.4316385984515923,0.7142857142857143,0.9556998911125344,0.8184624825205121,0.0714285714285714,openalex_health_informatics_1000
W7128308994,post_ai,2026,Medicine,65,3.0,0.5692307692307692,3.8501476017100575,0.2153846153846154,0.6783916312520432,0.1692307692307692,0.6097584579830415,0.8913010606398949,0.1846153846153846,openalex_health_informatics_1000
W7128385065,post_ai,2026,Medicine,45,7.0,0.2444444444444444,5.393627546352362,0.1111111111111111,0.7326204257823997,0.8666666666666667,1.778013413423102,0.820159007443322,0.0888888888888888,openalex_health_informatics_1000
W7128431339,post_ai,2026,Medicine,9,2.0,0.8888888888888888,3.610917912644224,0.3333333333333333,0.527972027972028,0.4444444444444444,0.6869615765973234,0.801030437151591,0.3333333333333333,openalex_health_informatics_1000
W7128467301,post_ai,2026,Medicine,10,4.5,0.4,5.155974084812046,0.0,0.5001229105211407,0.5,1.1682824501765623,0.8516762971878051,0.0,openalex_health_informatics_1000
W7128487754,post_ai,2026,Medicine,18,9.0,0.3888888888888889,4.886917172154629,0.0,0.7477418175169135,0.2777777777777778,0.5908422462755826,0.730352928241094,0.0,openalex_health_informatics_1000
W7128500877,post_ai,2026,Medicine,100,5.0,0.32,3.699393137709974,0.19,0.7767405546692012,0.63,1.842026661685756,0.8175702458620071,0.15,openalex_health_informatics_1000
W7128536542,post_ai,2026,Medicine,98,6.0,0.1938775510204081,4.143134726391533,0.1632653061224489,0.9299658551068885,0.8673469387755102,1.5545139303755855,0.8642025741995597,0.1428571428571428,openalex_health_informatics_1000
W7128780119,post_ai,2026,Medicine,19,2.0,0.5789473684210527,3.4657359027997265,0.2631578947368421,0.7121888959795788,0.5789473684210527,1.206044658162985,0.8566842455612985,0.1578947368421052,openalex_health_informatics_1000
W7128903846,post_ai,2026,Medicine,15,2.0,0.8666666666666667,3.1780538303479458,0.3333333333333333,0.8156884256719693,0.4,0.9276173343271816,0.8948937058448792,0.3333333333333333,openalex_health_informatics_1000
W7129470087,post_ai,2026,Medicine,16,3.0,0.5625,4.1450208093522445,0.125,0.9898767114800818,0.25,0.8222653373287878,0.8153051100671291,0.125,openalex_health_informatics_1000
W7130312410,post_ai,2026,Medicine,24,1.0,0.9583333333333334,2.171902710926842,0.6666666666666666,0.7117437722419929,0.875,1.1345725477245825,0.817390687763691,0.5,openalex_health_informatics_1000
W7130374198,post_ai,2026,Medicine,28,3.0,0.5714285714285714,3.836611560560854,0.1428571428571428,0.8235874804018349,0.3571428571428571,1.2573788948046656,0.8736222343785423,0.1428571428571428,openalex_health_informatics_1000
W7130515337,post_ai,2026,Medicine,20,2.0,0.85,3.398970206487465,0.3,0.92827626918536,0.7,1.3747764025076898,0.8560914069414138,0.3,openalex_health_informatics_1000
W7130539037,post_ai,2025,Medicine,17,1.0,0.7647058823529411,4.04305126783455,0.1176470588235294,0.6948324022346368,0.1764705882352941,0.5783252866601273,0.888293066445519,0.1176470588235294,openalex_health_informatics_1000
W7130714744,post_ai,2026,Medicine,12,5.0,0.3333333333333333,4.415271505308298,0.0,0.843992663987201,0.8333333333333334,1.4677339293271523,0.8168474237124125,0.0,openalex_health_informatics_1000
W7131282505,post_ai,2026,Medicine,10,2.0,0.8,3.401197381662155,0.4,0.3704663212435233,0.4,0.8979457248567797,0.862089091539383,0.4,openalex_health_informatics_1000
W7131635698,post_ai,2026,Medicine,12,6.5,0.0833333333333333,6.25622689770722,0.0,0.8461007591442374,0.5,1.3143738430069454,0.8414406726757685,0.0,openalex_health_informatics_1000
W7131670541,post_ai,2026,Medicine,24,2.0,0.7916666666666666,4.527194035101148,0.25,0.3693693693693693,0.2083333333333333,0.7892773734611849,0.8117506330211958,0.2083333333333333,openalex_health_informatics_1000
W7131870140,post_ai,2026,Medicine,26,3.0,0.6153846153846154,4.248393190819288,0.1538461538461538,0.4836907953529937,0.3461538461538461,1.0655718780430372,0.8374859690666199,0.1538461538461538,openalex_health_informatics_1000
W7131874603,post_ai,2026,Medicine,21,2.0,0.6190476190476191,3.970291913552122,0.1904761904761904,0.6164114644680015,0.5238095238095238,1.2791774562323222,0.8328574555260795,0.0952380952380952,openalex_health_informatics_1000
W7132851464,post_ai,2026,Medicine,21,4.0,0.3809523809523809,3.367295829986474,0.3333333333333333,0.8734315330060011,0.6666666666666666,1.6198983756646097,0.8402803596996126,0.1904761904761904,openalex_health_informatics_1000
W7133208766,post_ai,2026,Medicine,146,4.0,0.4931506849315068,4.564293935051962,0.2054794520547945,0.808841105744075,0.6917808219178082,0.9227957859435634,0.8189832833531785,0.136986301369863,openalex_health_informatics_1000
W7133299806,post_ai,2026,Medicine,13,4.0,0.4615384615384615,3.8918202981106265,0.3076923076923077,0.9469017262185844,0.5384615384615384,1.118968866881627,0.8791420047099774,0.3076923076923077,openalex_health_informatics_1000
W7133348271,post_ai,2026,Medicine,16,3.0,0.5625,4.10424587587019,0.3125,0.4500640204865557,0.25,0.908908734898781,0.8344262726604939,0.25,openalex_health_informatics_1000
W7133720809,post_ai,2026,Medicine,34,2.0,0.7352941176470589,3.255129170261575,0.4705882352941176,0.9932997973136178,0.9117647058823528,1.7147876712878574,0.8435272101093741,0.4117647058823529,openalex_health_informatics_1000
W7133777256,post_ai,2026,Medicine,30,5.5,0.2666666666666666,4.3596586877531855,0.1333333333333333,0.7924122157944302,0.4,1.306315050777447,0.8261291702588399,0.1,openalex_health_informatics_1000
W7133922143,post_ai,2026,Medicine,24,2.0,0.9583333333333334,3.233849363052177,0.2916666666666667,0.585635359116022,0.7916666666666666,1.3506571017544886,0.8979654957850774,0.2916666666666667,openalex_health_informatics_1000
W7133958902,post_ai,2026,Medicine,60,6.0,0.35,5.629416447756001,0.2166666666666666,0.7152852145355894,0.7666666666666667,1.6849167328720418,0.8299066732327144,0.2,openalex_health_informatics_1000
W7134061390,post_ai,2026,Medicine,16,2.0,0.8125,4.690379012133657,0.1875,0.5865771812080537,0.375,1.1274832349932322,0.83128722012043,0.1875,openalex_health_informatics_1000
W7134116400,post_ai,2026,Medicine,10,3.0,0.8,4.07753744390572,0.1,0.3531428571428571,0.2,0.639031859650177,0.8417633414268494,0.1,openalex_health_informatics_1000
W7134178342,post_ai,2026,Medicine,22,2.0,0.9090909090909092,3.675579113215347,0.3181818181818182,0.3916737468139337,0.6818181818181818,1.173206116185261,0.8463131378997456,0.2727272727272727,openalex_health_informatics_1000
W7134187837,post_ai,2026,Medicine,36,5.5,0.3611111111111111,3.589653984752017,0.2222222222222222,0.800482466462697,0.9722222222222222,1.2366352150900397,0.8667050252358118,0.1944444444444444,openalex_health_informatics_1000
W7134244489,post_ai,2026,Medicine,50,3.0,0.8,5.286106979277196,0.14,0.6798452559314833,0.2,0.772249763671189,0.8372568225860596,0.02,openalex_health_informatics_1000
W7134945053,post_ai,2026,Medicine,26,4.0,0.4230769230769231,4.30897154725819,0.2307692307692307,0.568069306930693,0.1538461538461538,0.6425990774875227,0.837738043986834,0.1538461538461538,openalex_health_informatics_1000
W7135012268,post_ai,2026,Medicine,46,4.0,0.4782608695652174,3.939267098070181,0.2608695652173913,0.9838578910078958,0.4130434782608695,1.3341671007936102,0.843083407567895,0.2391304347826087,openalex_health_informatics_1000
W7135040798,post_ai,2026,Medicine,12,3.0,1.0,4.371287118835319,0.25,0.631653655074521,0.5,1.126928794800676,0.8147277782360712,0.1666666666666666,openalex_health_informatics_1000
W7135068789,post_ai,2026,Medicine,18,3.0,0.5,4.087633052056031,0.2777777777777778,0.4874122988031366,0.3333333333333333,0.8486855577264172,0.8677832086881002,0.2777777777777778,openalex_health_informatics_1000
W7135091383,post_ai,2026,Medicine,19,5.0,0.2631578947368421,4.174387269895637,0.2105263157894736,0.4968885757895973,0.3157894736842105,0.7659373365785205,0.8390544025521529,0.1052631578947368,openalex_health_informatics_1000
W7135183440,post_ai,2026,Medicine,25,2.0,0.8,3.218875824868201,0.4,0.5205290713695233,0.4,1.3303787549265285,0.8470338368415833,0.24,openalex_health_informatics_1000
W7135368397,post_ai,2026,Medicine,25,6.0,0.28,5.83773044716594,0.12,0.4766284171447857,0.6,1.5986148482521467,0.8006952285766602,0.04,openalex_health_informatics_1000
W7136082579,post_ai,2026,Medicine,54,2.0,0.7777777777777778,3.8703322009586207,0.1481481481481481,0.987418303277504,0.2037037037037037,0.8462141749355385,0.907055714616069,0.1481481481481481,openalex_health_informatics_1000
W7138337483,post_ai,2026,Medicine,172,3.0,0.6686046511627907,5.222964057835686,0.1337209302325581,0.7259903669754507,0.4069767441860465,1.4040254426643848,0.8308688866537671,0.0755813953488372,openalex_health_informatics_1000
W7138839459,post_ai,2026,Medicine,24,10.5,0.2083333333333333,5.265594567010502,0.125,0.8940174927113702,1.0,1.53723744437867,0.8216340690851212,0.0833333333333333,openalex_health_informatics_1000
W7138925079,post_ai,2026,Medicine,23,6.0,0.3478260869565217,3.5263605246161616,0.3478260869565217,0.9723552920625678,0.9565217391304348,1.7867236033899263,0.861420012038687,0.3478260869565217,openalex_health_informatics_1000
W7138926836,post_ai,2026,Medicine,44,4.0,0.4772727272727273,3.650573902928016,0.1818181818181818,0.8919798757028706,0.3636363636363636,1.374393109504615,0.7955471548167142,0.0454545454545454,openalex_health_informatics_1000
W7139090811,post_ai,2026,Medicine,35,2.0,0.9142857142857144,4.007333185232471,0.2571428571428571,0.6857528200098088,0.2285714285714285,0.8544116950152295,0.8516007031713213,0.2571428571428571,openalex_health_informatics_1000
W7139926328,post_ai,2026,Medicine,38,4.0,0.4736842105263157,4.999898616336768,0.0263157894736842,0.3653442685485409,0.3421052631578947,1.1640324450076194,0.8600016063765475,0.0263157894736842,openalex_health_informatics_1000
W7139936416,post_ai,2026,Medicine,17,3.0,0.5882352941176471,3.784189633918261,0.2352941176470588,0.7647227670669282,1.0,0.9976148641399868,0.8457922094008502,0.1764705882352941,openalex_health_informatics_1000
W7139976310,post_ai,2026,Medicine,12,4.0,0.4166666666666667,4.169630991461788,0.3333333333333333,0.6867794004611837,0.8333333333333334,0.7214636866925115,0.8311444918314616,0.0833333333333333,openalex_health_informatics_1000
W7139991518,post_ai,2026,Medicine,60,2.0,0.7333333333333333,3.6375861597263857,0.2666666666666666,0.8721212870267375,0.3,0.9600918212218936,0.8397806803385417,0.2,openalex_health_informatics_1000
W7140037742,post_ai,2026,Medicine,54,6.0,0.4074074074074074,4.8636137935603845,0.2037037037037037,0.9548933775766052,0.7592592592592593,1.818243426856457,0.7987152051042627,0.0925925925925925,openalex_health_informatics_1000
W7140117232,post_ai,2026,Medicine,19,2.0,0.8947368421052632,4.127134385045092,0.3157894736842105,0.5154285714285715,0.1578947368421052,0.5366645624845252,0.8232726674330862,0.1578947368421052,openalex_health_informatics_1000
W7140282705,post_ai,2026,Medicine,12,6.0,0.3333333333333333,5.826034912688273,0.0833333333333333,0.94448760948773,0.9166666666666666,1.4735023850806486,0.7963196635246277,0.0,openalex_health_informatics_1000
W7140305634,post_ai,2026,Medicine,49,5.0,0.2244897959183673,3.9889840465642745,0.3673469387755102,0.6053646000642467,0.8367346938775511,1.982583353655429,0.8282985358822103,0.2857142857142857,openalex_health_informatics_1000
W7140324009,post_ai,2026,Medicine,9,2.0,0.5555555555555556,4.564348191467836,0.1111111111111111,0.6929067077872012,0.5555555555555556,1.4270610433807247,0.8674420317014059,0.1111111111111111,openalex_health_informatics_1000
W7140368945,post_ai,2026,Medicine,28,2.0,0.6785714285714286,3.878953104175874,0.3214285714285714,0.4494714587737843,0.8928571428571429,1.603952485084638,0.8234668693372181,0.1785714285714285,openalex_health_informatics_1000
W7140444890,post_ai,2026,Medicine,17,2.0,0.7647058823529411,4.430816798843313,0.2352941176470588,0.7724305166946466,0.4117647058823529,1.0710178890244566,0.8371880510274101,0.1764705882352941,openalex_health_informatics_1000
W7141565145,post_ai,2026,Medicine,25,2.0,0.64,4.04305126783455,0.24,0.5988524982070285,0.48,0.9978737678714718,0.8531690168380738,0.2,openalex_health_informatics_1000
W7142153112,post_ai,2026,Medicine,55,2.0,0.8727272727272727,3.555348061489413,0.3272727272727272,0.8483431800667866,0.7636363636363637,1.4240830766070482,0.841333147612485,0.2181818181818181,openalex_health_informatics_1000
W7142388423,post_ai,2026,Medicine,17,8.0,0.4117647058823529,4.51085950651685,0.1176470588235294,0.5020011435105775,0.0588235294117647,0.2237180760658337,0.8087737910887774,0.0588235294117647,openalex_health_informatics_1000
W7142787128,post_ai,2026,Medicine,27,1.0,0.8148148148148148,3.332204510175204,0.4074074074074074,0.7254034932566881,0.2592592592592592,0.9740874514369364,0.8758168154292636,0.3703703703703703,openalex_health_informatics_1000
W7143058584,post_ai,2026,Medicine,64,3.0,0.640625,3.41759229307365,0.390625,0.9604738684418186,0.859375,1.9271360670553623,0.770303450524807,0.109375,openalex_health_informatics_1000
W7143335700,post_ai,2026,Medicine,40,2.0,0.875,3.41759229307365,0.475,0.7568627450980392,0.55,1.5208468088731268,0.802842165529728,0.3,openalex_health_informatics_1000
W7143411142,post_ai,2026,Medicine,32,4.0,0.34375,4.136923466392254,0.09375,0.6289431473890572,0.78125,0.5253213195155949,0.8992662020027637,0.09375,openalex_health_informatics_1000
W7147074122,post_ai,2026,Medicine,37,4.0,0.4324324324324324,4.110873864173311,0.1891891891891892,0.5986505604527153,0.972972972972973,1.1107526696502892,0.7988161090258006,0.1081081081081081,openalex_health_informatics_1000
W7147177607,post_ai,2026,Medicine,22,3.0,0.7727272727272727,5.32020617772098,0.2272727272727272,0.5143201214723284,0.4090909090909091,1.2603236600583418,0.8244671767408197,0.0909090909090909,openalex_health_informatics_1000
W7147262190,post_ai,2026,Medicine,29,3.0,0.7241379310344828,4.343805421853684,0.0344827586206896,0.9784483712694138,0.1724137931034483,0.6415758075523197,0.8476325437940401,0.0344827586206896,openalex_health_informatics_1000
W7147291687,post_ai,2026,Medicine,30,2.0,0.9,3.747770971942128,0.2,0.5057179161372299,0.7666666666666667,1.4659951290172788,0.8034697691599528,0.0333333333333333,openalex_health_informatics_1000
W7147670945,post_ai,2026,Medicine,22,2.5,0.5454545454545454,3.043387363456153,0.4545454545454545,0.6056758775205378,0.8181818181818182,1.0335620542068176,0.8520123687657443,0.3636363636363636,openalex_health_informatics_1000
W7147677121,post_ai,2026,Medicine,18,10.5,0.1111111111111111,4.1754512258474055,0.2777777777777778,0.5165772023997474,1.0,0.7777899315559316,0.7775753835837046,0.0,openalex_health_informatics_1000
W7148891598,post_ai,2026,Medicine,23,3.0,0.8260869565217391,4.564348191467836,0.1304347826086956,0.8810171064845511,0.6086956521739131,1.3488557482513723,0.8278745982957922,0.0,openalex_health_informatics_1000
W7149704076,post_ai,2026,Medicine,38,3.0,0.5789473684210527,4.477336814478207,0.131578947368421,0.9354116210841356,0.7631578947368421,1.7227707765345075,0.8317111009045651,0.1052631578947368,openalex_health_informatics_1000
W7150724080,post_ai,2026,Medicine,17,7.0,0.1764705882352941,5.857933154483459,0.1176470588235294,0.704225352112676,0.6470588235294118,1.3180238017106036,0.8039017494987039,0.1176470588235294,openalex_health_informatics_1000
W7151548644,post_ai,2026,Medicine,51,4.0,0.4705882352941176,3.1354942159291497,0.4117647058823529,0.6091453456722917,0.9411764705882352,1.7846205251694336,0.8465181752747181,0.3333333333333333,openalex_health_informatics_1000
W7151752325,post_ai,2026,Medicine,12,2.0,0.9166666666666666,4.127134385045092,0.1666666666666666,0.9594326768239811,0.9166666666666666,0.9830877585747856,0.8185173670450846,0.1666666666666666,openalex_health_informatics_1000
W7151872666,post_ai,2026,Medicine,21,3.0,0.6666666666666666,3.1354942159291497,0.4285714285714285,0.7884204909284952,0.2857142857142857,0.8461447967228176,0.8039301066171556,0.1904761904761904,openalex_health_informatics_1000
W7153159661,post_ai,2026,Medicine,16,3.5,0.5,5.49252770329749,0.0625,0.6848499876022812,0.5,1.4402347497045995,0.8621581457555294,0.0625,openalex_health_informatics_1000
W7153368916,post_ai,2026,Medicine,12,2.5,1.0,4.901723099177951,0.1666666666666666,0.7068479097204411,0.0833333333333333,0.2868359830561607,0.8552579432725906,0.0833333333333333,openalex_health_informatics_1000
W7153505081,post_ai,2026,Medicine,71,2.0,0.7887323943661971,2.4849066497880004,0.5352112676056338,0.746338060916066,0.9014084507042254,1.572295731352063,0.8499685945645185,0.3661971830985915,openalex_health_informatics_1000
W7153708721,post_ai,2026,Medicine,38,4.5,0.4736842105263157,4.663439094112067,0.1052631578947368,0.3656662665066026,0.8421052631578947,1.3839663075527244,0.8873779632543263,0.1052631578947368,openalex_health_informatics_1000
W7154233517,post_ai,2026,Medicine,22,5.5,0.1818181818181818,4.147024820051014,0.1818181818181818,0.8267056789466685,1.0,1.5267749765308096,0.8458911017938093,0.0909090909090909,openalex_health_informatics_1000
W7154447070,post_ai,2026,Medicine,70,5.0,0.4428571428571428,4.712806514454911,0.1285714285714285,0.516210825247642,0.9714285714285714,0.7504884190359863,0.8686090690749032,0.1,openalex_health_informatics_1000
W7154466011,post_ai,2026,Medicine,25,5.0,0.28,4.110873864173311,0.12,0.5450897571277719,0.24,0.8701986518121148,0.8566827893257141,0.08,openalex_health_informatics_1000
W7154488024,post_ai,2026,Medicine,22,7.0,0.3181818181818182,6.115597217151977,0.1363636363636363,0.533498759305211,0.4545454545454545,1.420571925946704,0.8229074830358679,0.0454545454545454,openalex_health_informatics_1000
W7154626746,post_ai,2026,Medicine,42,3.0,0.5238095238095238,4.947147717083606,0.0714285714285714,0.83337485260658,0.9047619047619048,1.502829382783495,0.8397978671959468,0.0714285714285714,openalex_health_informatics_1000
W7154715448,post_ai,2026,Medicine,7,4.0,0.2857142857142857,6.424869023905388,0.1428571428571428,0.9270627806903808,0.5714285714285714,1.0042424730540764,0.7928804925509861,0.1428571428571428,openalex_health_informatics_1000
W7154734685,post_ai,2026,Medicine,56,4.0,0.4107142857142857,4.501904043233585,0.0892857142857142,0.853650011650744,0.6964285714285714,1.9939841294676488,0.8125386025224414,0.0535714285714285,openalex_health_informatics_1000
W7154735947,post_ai,2026,Medicine,18,5.5,0.3333333333333333,5.347991103298385,0.2777777777777778,0.5393633540372671,0.7222222222222222,0.9779252266210214,0.7877363098992242,0.0555555555555555,openalex_health_informatics_1000
W7154834568,post_ai,2026,Medicine,24,3.0,0.625,4.189654742026425,0.2083333333333333,0.84175701791739,0.5,1.4298983731002692,0.8355903054277102,0.2083333333333333,openalex_health_informatics_1000
W7155074616,post_ai,2026,Medicine,42,2.5,0.5714285714285714,3.5537127370553523,0.3571428571428571,0.4939320388349514,0.7857142857142857,1.953758839551584,0.7888557329064324,0.119047619047619,openalex_health_informatics_1000
W7155372641,post_ai,2026,Medicine,12,2.5,0.9166666666666666,2.71467281447722,0.5,0.7604743083003953,0.4166666666666667,1.349792396172401,0.824338436126709,0.4166666666666667,openalex_health_informatics_1000
W7155379888,post_ai,2026,Medicine,60,3.0,0.5166666666666667,3.524627420627918,0.4166666666666667,0.8947619215700117,0.55,1.3595921441174648,0.8486101518074671,0.3833333333333333,openalex_health_informatics_1000
W7155411810,post_ai,2026,Medicine,19,4.0,0.4210526315789473,5.783825182329737,0.2105263157894736,0.8340080971659919,0.2105263157894736,0.6330395116644678,0.8591976667705336,0.2105263157894736,openalex_health_informatics_1000
W7155511573,post_ai,2026,Medicine,56,2.0,0.6071428571428571,3.634460064096861,0.3035714285714285,0.8008984013740257,0.5892857142857143,1.4738412539783152,0.8330891323941094,0.2678571428571428,openalex_health_informatics_1000
W7155530930,post_ai,2026,Medicine,55,4.0,0.4363636363636363,4.343805421853684,0.2181818181818181,0.8803684952881936,0.6181818181818182,1.572305279550298,0.8302295370535417,0.1636363636363636,openalex_health_informatics_1000
W7155626304,post_ai,2026,Medicine,11,2.0,0.8181818181818182,1.6094379124341005,0.9090909090909092,0.4590163934426229,0.0,-0.0,0.810165985064073,0.7272727272727273,openalex_health_informatics_1000
W7155651854,post_ai,2026,Medicine,21,2.0,0.9523809523809524,3.4339872044851463,0.3333333333333333,0.5714959886739028,0.8095238095238095,1.395024629977512,0.8321573478834969,0.1904761904761904,openalex_health_informatics_1000
W7155684526,post_ai,2026,Medicine,57,3.0,0.5614035087719298,4.465908118654584,0.1228070175438596,0.9439413114824428,0.912280701754386,1.6602888583355688,0.8691213350546988,0.1228070175438596,openalex_health_informatics_1000
W7158092876,post_ai,2026,Medicine,20,5.0,0.4,4.021349748448818,0.4,0.3055720213396562,0.8,0.5004024235381879,0.8744221270084381,0.3,openalex_health_informatics_1000
W7160011538,post_ai,2026,Medicine,9,1.0,1.0,3.258096538021482,0.3333333333333333,0.5286549707602339,0.3333333333333333,1.002718264517516,0.8711195588111877,0.3333333333333333,openalex_health_informatics_1000
W7160019812,post_ai,2026,Medicine,80,1.5,0.9625,3.60945485380953,0.2875,0.7807924848848249,0.3625,0.984253158313533,0.8596483156085014,0.2875,openalex_health_informatics_1000
W7160052697,post_ai,2026,Medicine,22,6.5,0.4545454545454545,4.704923376762119,0.1363636363636363,0.8232896469555402,0.7727272727272727,1.4606151660689073,0.8365140177986838,0.0909090909090909,openalex_health_informatics_1000
W7160062435,post_ai,2026,Medicine,9,4.0,0.4444444444444444,3.610917912644224,0.1111111111111111,0.6158357771260997,0.3333333333333333,0.6365141682948128,0.8742923008071052,0.1111111111111111,openalex_health_informatics_1000
W7160113378,post_ai,2026,Medicine,6,1.0,0.6666666666666666,4.451227796103441,0.3333333333333333,0.985595916512254,0.8333333333333334,1.242453324894,0.8299947877724966,0.3333333333333333,openalex_health_informatics_1000
W7160279062,post_ai,2026,Medicine,7,7.0,0.4285714285714285,4.770684624465665,0.4285714285714285,0.446643717728055,0.4285714285714285,0.9556998911125344,0.8484793220247541,0.4285714285714285,openalex_health_informatics_1000
W7160419818,post_ai,2026,Medicine,16,2.0,0.75,4.19103025871237,0.25,0.7355149181905678,0.125,0.46341355882643,0.8747747242450714,0.25,openalex_health_informatics_1000
W7160539447,post_ai,2026,Medicine,29,3.0,0.6896551724137931,4.007333185232471,0.4137931034482758,0.8225846925972397,0.7931034482758621,1.4046583376974726,0.8252951543906639,0.3448275862068966,openalex_health_informatics_1000
W7161047033,post_ai,2026,Medicine,18,5.0,0.3333333333333333,4.673963017464374,0.2222222222222222,0.7246928534348503,1.0,1.228310352160882,0.822648760345247,0.2222222222222222,openalex_health_informatics_1000
W7161174547,post_ai,2026,Medicine,24,3.0,0.5416666666666666,5.859188719576519,0.1666666666666666,0.5870635754993637,0.7916666666666666,1.1761618050837883,0.855014443397522,0.0416666666666666,openalex_health_informatics_1000
W7161269367,post_ai,2026,Medicine,33,2.0,0.6666666666666666,3.610917912644224,0.303030303030303,0.9842226980728052,0.2121212121212121,0.7876396458397301,0.8816848812681256,0.303030303030303,openalex_health_informatics_1000
W7161586470,post_ai,2026,Medicine,19,3.0,0.631578947368421,3.218875824868201,0.3684210526315789,0.3364485981308411,0.1052631578947368,0.4094586186950892,0.8270769338858756,0.2631578947368421,openalex_health_informatics_1000
W7161642569,post_ai,2026,Medicine,32,3.0,0.6875,4.042435314569095,0.28125,0.8205253940455342,0.8125,1.4356210015949908,0.8471677284687757,0.25,openalex_health_informatics_1000
W7162002969,post_ai,2026,Medicine,68,3.0,0.5588235294117647,4.234001473612733,0.2647058823529412,0.8795836047215843,0.7352941176470589,1.7315158408406028,0.8382583251770805,0.1911764705882352,openalex_health_informatics_1000
W7162013028,post_ai,2026,Medicine,31,4.0,0.3548387096774194,3.8501476017100575,0.1935483870967742,0.9249570044323886,0.2903225806451613,0.8018807212421457,0.8746113911751778,0.1935483870967742,openalex_health_informatics_1000
W7162129750,post_ai,2026,Medicine,47,2.0,0.6808510638297872,3.80666248977032,0.3191489361702128,0.9268525577348088,0.7446808510638298,1.7803725535535573,0.8349489874028145,0.2553191489361702,openalex_health_informatics_1000
W7162193268,post_ai,2026,Medicine,20,3.5,0.5,4.909835533221509,0.1,0.7879363982025579,0.4,1.2968441295132072,0.8579191029071808,0.1,openalex_health_informatics_1000
W7162201269,post_ai,2026,Medicine,18,1.5,0.7777777777777778,2.8314802400679726,0.5,0.5192307692307693,0.5555555555555556,1.62904076224712,0.8702274229791429,0.5,openalex_health_informatics_1000
W7162285940,post_ai,2026,Medicine,15,4.0,0.4666666666666667,4.110873864173311,0.4,0.6573219571652447,0.7333333333333333,1.2519894208137132,0.8625474214553833,0.4,openalex_health_informatics_1000
W7162434486,post_ai,2026,Medicine,21,2.0,0.7142857142857143,3.951243718581428,0.238095238095238,0.9843727304145734,0.7619047619047619,1.0844316650743355,0.877205613113585,0.238095238095238,openalex_health_informatics_1000
W7162443237,post_ai,2026,Medicine,19,5.0,0.3157894736842105,5.44673737166631,0.1578947368421052,0.5398735153478328,0.3157894736842105,1.0435479071011902,0.8800064513557836,0.1578947368421052,openalex_health_informatics_1000
W7162511193,post_ai,2026,Medicine,5,2.0,0.8,3.4657359027997265,0.2,0.4656084656084656,0.2,0.5004024235381879,0.8030819773674012,0.2,openalex_health_informatics_1000
W7162564626,post_ai,2026,Medicine,32,2.0,0.8125,3.2896256060050506,0.40625,0.762019758507135,0.40625,0.8931987588952126,0.8425946664065123,0.28125,openalex_health_informatics_1000
W7162656529,post_ai,2026,Medicine,24,3.0,0.6666666666666666,4.2729874964208445,0.125,0.9240009586004434,0.25,0.894750481832498,0.8642946655551592,0.0833333333333333,openalex_health_informatics_1000
W7162680131,post_ai,2026,Medicine,48,3.0,0.5625,5.207331557533204,0.1666666666666666,0.8430401351327573,0.4375,1.365742864871751,0.8738168453176817,0.1666666666666666,openalex_health_informatics_1000
W7162767544,post_ai,2026,Medicine,44,2.0,0.8181818181818182,3.699393137709974,0.3409090909090909,0.9169974738361604,0.1590909090909091,0.6413238613055219,0.8453732986341823,0.2954545454545454,openalex_health_informatics_1000
W7162997345,post_ai,2026,Medicine,29,3.0,0.6551724137931034,3.951243718581428,0.0344827586206896,0.8132567943313301,0.5862068965517241,1.2630181073646845,0.8006005616023623,0.0344827586206896,openalex_health_informatics_1000
W7163024703,post_ai,2026,Medicine,13,3.0,0.7692307692307693,4.6443908991413725,0.1538461538461538,0.3819827776551115,0.0769230769230769,0.2711893730418441,0.8184948884523832,0.0769230769230769,openalex_health_informatics_1000
W7163069176,post_ai,2026,Medicine,35,11.0,0.2,4.406719247264253,0.2,0.833281351215182,0.8857142857142857,1.9549159015836624,0.8563340800149101,0.1714285714285714,openalex_health_informatics_1000
W7163149230,post_ai,2026,Medicine,13,4.0,0.4615384615384615,3.58351893845611,0.3076923076923077,0.9141162514827996,0.8461538461538461,1.5910955635959392,0.8325545512712919,0.2307692307692307,openalex_health_informatics_1000
W7163155203,post_ai,2026,Medicine,27,2.0,0.8148148148148148,3.258096538021482,0.3703703703703703,0.7879056999838527,0.8888888888888888,1.912769413564997,0.8044423681718332,0.1851851851851851,openalex_health_informatics_1000
W7163222950,post_ai,2026,Medicine,11,19.0,0.0909090909090909,6.541029999189903,0.0,0.831825716011153,1.0,1.4681399390162089,0.7684697021137584,0.0,openalex_health_informatics_1000
W7163323633,post_ai,2026,Medicine,13,24.0,0.3846153846153846,5.69035945432406,0.0,0.6268100951592884,0.9230769230769232,1.303875529336385,0.8517150970605704,0.0,openalex_health_informatics_1000
W7163378267,post_ai,2026,Medicine,8,3.0,0.75,4.4968378933798405,0.125,0.5238272524199553,0.125,0.3767701612564367,0.8718225359916687,0.125,openalex_health_informatics_1000
W7163393069,post_ai,2026,Medicine,28,4.5,0.3214285714285714,3.7954260618442905,0.2142857142857142,0.4439007340090877,0.1071428571428571,0.3404997784712986,0.8617186227015087,0.2142857142857142,openalex_health_informatics_1000
W7163648665,post_ai,2026,Medicine,46,2.0,0.8043478260869565,4.477078483291886,0.1739130434782608,0.8600722815839095,0.8043478260869565,1.5950648392329343,0.8468776448913242,0.0652173913043478,openalex_health_informatics_1000
W7163805772,post_ai,2026,Medicine,24,2.5,0.625,3.383095857330175,0.3333333333333333,0.7157966564312521,0.25,0.8151862107956462,0.8622178137302399,0.3333333333333333,openalex_health_informatics_1000
W7163888553,post_ai,2026,Medicine,18,3.0,0.6111111111111112,4.825714995528638,0.1666666666666666,0.5422045680238332,0.0555555555555555,0.2145591551764051,0.8917780154281192,0.1111111111111111,openalex_health_informatics_1000
W7163904541,post_ai,2026,Medicine,23,3.0,0.5217391304347826,3.6635616461296463,0.4347826086956521,0.948582075745963,0.4782608695652174,1.4318793354202608,0.7983032335405764,0.3043478260869565,openalex_health_informatics_1000
W7163920179,post_ai,2026,Medicine,14,1.0,0.8571428571428571,3.668468456853809,0.3571428571428571,0.9915938535703526,0.4285714285714285,1.1163670752893369,0.8209448627063206,0.3571428571428571,openalex_health_informatics_1000
W7164012829,post_ai,2026,Medicine,28,1.0,0.8571428571428571,1.9356005054539451,0.5714285714285714,0.9253958944281524,0.1785714285714285,0.7071094627648349,0.880172535777092,0.5714285714285714,openalex_health_informatics_1000
W7164016655,post_ai,2026,Medicine,6,2.0,1.0,4.69766252309481,0.1666666666666666,0.4089709762532981,0.5,1.0114042647073516,0.8197403947512308,0.1666666666666666,openalex_health_informatics_1000
W7164315873,post_ai,2026,Medicine,26,2.0,0.5769230769230769,5.164639013552769,0.1538461538461538,0.9533357423171624,0.5769230769230769,1.7436063305358809,0.809499557201679,0.0769230769230769,openalex_health_informatics_1000
W7164329196,post_ai,2026,Medicine,11,5.0,0.3636363636363636,4.90527477843843,0.0,0.8706949100883877,0.2727272727272727,0.8855741515766717,0.898620377887379,0.0,openalex_health_informatics_1000
W7164387279,post_ai,2026,Medicine,23,2.0,0.9130434782608696,3.9318256327243257,0.1739130434782608,0.6503274878512572,0.5652173913043478,0.9899490539341392,0.8668811554494111,0.1739130434782608,openalex_health_informatics_1000
W7164483515,post_ai,2026,Medicine,31,2.0,0.6774193548387096,2.833213344056216,0.4838709677419355,0.7008375209380234,0.2258064516129032,0.6267662772684035,0.8661912333580756,0.4516129032258064,openalex_health_informatics_1000
W7164804394,post_ai,2026,Medicine,28,3.0,0.5357142857142857,3.5487744253073963,0.3571428571428571,0.6603202991626697,0.6071428571428571,1.8178471653151635,0.8113481019224439,0.1785714285714285,openalex_health_informatics_1000
W7164843230,post_ai,2026,Medicine,44,5.0,0.3181818181818182,4.117415140221028,0.2954545454545454,0.974093108676832,0.8409090909090909,1.8913468117728955,0.8307246389714155,0.25,openalex_health_informatics_1000
W7164898815,post_ai,2026,Medicine,11,3.0,0.5454545454545454,4.060443010546419,0.1818181818181818,0.9271086428323498,0.6363636363636364,1.2636544318820966,0.8423321626403115,0.0909090909090909,openalex_health_informatics_1000
W7165023744,post_ai,2026,Medicine,98,5.0,0.3469387755102041,4.197173680708696,0.2551020408163265,0.5194546661036376,0.8571428571428571,1.9565188676566163,0.8497880916206204,0.2346938775510204,openalex_health_informatics_1000
W7165056146,post_ai,2026,Medicine,25,8.0,0.24,5.849324779946859,0.04,0.8373600012461642,1.0,1.0941013111471627,0.8156068730354309,0.0,openalex_health_informatics_1000
W7165130959,post_ai,2026,Medicine,13,5.0,0.3846153846153846,4.290459441148391,0.2307692307692307,0.9754540383065766,0.6923076923076923,0.6172417697303416,0.8410991705380954,0.1538461538461538,openalex_health_informatics_1000
W7165375707,post_ai,2026,Medicine,40,5.0,0.35,4.772441087540224,0.2,0.7398433604177056,0.325,1.1236552934763342,0.8199837505817413,0.125,openalex_health_informatics_1000
W7165379102,post_ai,2026,Medicine,16,2.5,0.6875,3.8533064569820974,0.375,0.3881048387096774,0.4375,1.0337005498525014,0.853154044598341,0.375,openalex_health_informatics_1000
W7165636808,post_ai,2026,Medicine,16,3.0,0.5625,5.65770046313682,0.25,0.884147164412773,0.25,0.908908734898781,0.8427302986383438,0.25,openalex_health_informatics_1000
W7165917113,post_ai,2026,Medicine,79,1.0,0.8607594936708861,3.044522437723423,0.4430379746835443,0.9311957512583726,0.240506329113924,0.9965986227186114,0.8565358881708942,0.3291139240506329,openalex_health_informatics_1000
W7165933264,post_ai,2026,Medicine,7,6.0,0.4285714285714285,7.444248649496705,0.0,0.3583349197284091,0.5714285714285714,1.277034259466139,0.7772033129419599,0.0,openalex_health_informatics_1000
W7166138166,post_ai,2026,Medicine,15,3.0,0.6666666666666666,3.49650756146648,0.4,0.5523415977961432,0.0,-0.0,0.8902521093686422,0.4,openalex_health_informatics_1000
W7166331145,post_ai,2026,Medicine,170,1.0,0.888235294117647,3.849921203698493,0.2352941176470588,0.8698105299358403,0.5117647058823529,1.2483823878373628,0.8557613611221313,0.2117647058823529,openalex_health_informatics_1000
W7166514880,post_ai,2026,Medicine,26,1.0,0.8461538461538461,3.4637789531391583,0.2692307692307692,0.812549642573471,0.2307692307692307,0.6441798059733927,0.863875904908547,0.2692307692307692,openalex_health_informatics_1000
W7166523886,post_ai,2026,Medicine,65,6.0,0.2769230769230769,6.077642243349034,0.123076923076923,0.4661462825599448,0.7230769230769231,1.894472552049543,0.8363204295818623,0.1076923076923077,openalex_health_informatics_1000
W7166537225,post_ai,2026,Medicine,30,3.5,0.5,5.970480304696731,0.1,0.8096829003664353,0.8666666666666667,1.6541085606925667,0.8408847332000733,0.1,openalex_health_informatics_1000
W7166547628,post_ai,2026,Medicine,19,2.0,1.0,3.7612001156935615,0.1052631578947368,0.8138841567291312,0.0526315789473684,0.2061920506332318,0.8812712368212248,0.0526315789473684,openalex_health_informatics_1000
W7166665206,post_ai,2026,Medicine,20,1.0,0.8,2.70582302592752,0.55,0.6263440860215054,0.2,0.7083465777061714,0.8415631502866745,0.55,openalex_health_informatics_1000
W7166702218,post_ai,2026,Medicine,12,3.0,0.6666666666666666,1.9560115027140728,0.6666666666666666,0.7713414634146342,0.6666666666666666,1.286057336874379,0.8463652779658636,0.5833333333333334,openalex_health_informatics_1000
W7168787187,post_ai,2026,Medicine,13,1.0,0.8461538461538461,1.791759469228055,0.6923076923076923,0.8755304101838756,0.6923076923076923,1.412744636863848,0.8297131932698764,0.6153846153846154,openalex_health_informatics_1000
W2910092170,pre_ai,2019,Medicine,9,3.0,0.5555555555555556,2.5649493574615367,0.5555555555555556,0.954485826726744,0.7777777777777778,1.310783678099714,0.7624677883254157,0.1111111111111111,openalex_health_informatics_1000
W2910165844,pre_ai,2019,Medicine,31,3.0,0.6774193548387096,3.951243718581428,0.2580645161290322,0.6380451382996776,0.4838709677419355,1.5197910456591317,0.7751612374859471,0.064516129032258,openalex_health_informatics_1000
W2911057304,pre_ai,2019,Medicine,19,3.0,0.5789473684210527,3.610917912644224,0.4210526315789473,0.944925299079332,0.631578947368421,1.415277974646454,0.783482341389907,0.1578947368421052,openalex_health_informatics_1000
W2911090573,pre_ai,2019,Medicine,8,3.0,0.625,2.740319461670996,0.625,0.7884057971014493,0.375,0.9002560512685369,0.83636075258255,0.5,openalex_health_informatics_1000
W2911176035,pre_ai,2019,Medicine,12,8.5,0.1666666666666666,5.4389481188724655,0.0833333333333333,0.7519320917268466,0.6666666666666666,0.887694275799104,0.8108287702004114,0.0833333333333333,openalex_health_informatics_1000
W2911578273,pre_ai,2019,Medicine,53,5.0,0.3962264150943396,3.218875824868201,0.4150943396226415,0.4791356184798808,0.7547169811320755,2.2162504762581814,0.7670210487437699,0.1320754716981132,openalex_health_informatics_1000
W2911893848,pre_ai,2019,Medicine,25,7.0,0.16,4.543294782270004,0.04,0.8382437773742122,0.76,1.8015446764291,0.8050298094749451,0.04,openalex_health_informatics_1000
W2912006845,pre_ai,2019,Medicine,48,4.0,0.4375,4.060443010546419,0.1875,0.7276810338034828,0.9375,1.819006883616688,0.811011053621769,0.0833333333333333,openalex_health_informatics_1000
W2912558669,pre_ai,2019,Medicine,11,3.0,0.7272727272727273,4.672828834461906,0.0909090909090909,0.8412662367154147,0.3636363636363636,1.0335620542068176,0.8089540763334795,0.0,openalex_health_informatics_1000
W2912566846,pre_ai,2019,Medicine,8,2.0,0.625,4.643280198943796,0.125,0.505700871898055,0.5,0.6931471805599453,0.8033127337694168,0.125,openalex_health_informatics_1000
W2912918462,pre_ai,2019,Medicine,15,3.0,0.6,4.406719247264253,0.2,0.734852006818534,0.4666666666666667,0.8823109245150755,0.8328205227851868,0.1333333333333333,openalex_health_informatics_1000
W2914382118,pre_ai,2019,Medicine,39,7.0,0.2307692307692307,4.477336814478207,0.3076923076923077,0.4270018311969369,0.0769230769230769,0.3556980106316986,0.8622441154259902,0.2564102564102564,openalex_health_informatics_1000
W2914586904,pre_ai,2019,Medicine,10,2.0,0.9,5.296576840629709,0.2,0.6789300630942859,0.5,1.0296530140645737,0.8354717195034027,0.2,openalex_health_informatics_1000
W2914784868,pre_ai,2019,Medicine,14,10.0,0.2857142857142857,5.097219636927766,0.3571428571428571,0.5800510059506943,0.7857142857142857,1.9701814400260844,0.7243376970291138,0.0714285714285714,openalex_health_informatics_1000
W2915292867,pre_ai,2019,Medicine,15,3.0,0.5333333333333333,4.07753744390572,0.3333333333333333,0.7702318015453437,0.6,1.771623955677366,0.8134933153788249,0.2,openalex_health_informatics_1000
W2915389836,pre_ai,2019,Medicine,5,1.0,1.0,4.394449154672439,0.2,0.3628808864265928,0.6,1.3321790402101223,0.8197479248046875,0.0,openalex_health_informatics_1000
W2915485440,pre_ai,2019,Medicine,15,3.0,0.5333333333333333,2.4849066497880004,0.5333333333333333,0.4745889387144992,0.6,1.1822230016451067,0.824781330426534,0.4666666666666667,openalex_health_informatics_1000
W2915829734,pre_ai,2019,Medicine,23,1.0,0.9130434782608696,4.07753744390572,0.2608695652173913,0.5521023765996343,0.3043478260869565,1.0634395888925918,0.8525993979495504,0.2608695652173913,openalex_health_informatics_1000
W2915881069,pre_ai,2019,Medicine,21,3.0,0.5714285714285714,5.10594547390058,0.0952380952380952,0.8626216003974551,0.3333333333333333,0.6365141682948128,0.8326907441729591,0.0952380952380952,openalex_health_informatics_1000
W2916559661,pre_ai,2019,Medicine,24,3.0,0.6666666666666666,3.877240773735192,0.125,0.7001798267124407,0.2916666666666667,0.7232545110011122,0.7928825890024503,0.0416666666666666,openalex_health_informatics_1000
W2916945581,pre_ai,2019,Medicine,40,2.5,0.675,4.060294355870135,0.15,0.5,0.45,0.9386299203255364,0.8234027773141861,0.05,openalex_health_informatics_1000
W2917559722,pre_ai,2019,Medicine,12,8.5,0.1666666666666666,4.094205654039516,0.1666666666666666,0.5266968325791855,0.6666666666666666,1.236684869140504,0.8477943489948908,0.1666666666666666,openalex_health_informatics_1000
W2920604814,pre_ai,2019,Medicine,7,2.0,1.0,3.713572066704308,0.4285714285714285,0.8041994750656168,0.1428571428571428,0.410116318288409,0.8492844445364816,0.2857142857142857,openalex_health_informatics_1000
W2920828554,pre_ai,2019,Medicine,22,4.5,0.3181818181818182,4.277629696111347,0.1818181818181818,0.6282187699510534,0.8636363636363636,1.9607619094590916,0.7839349074797197,0.0909090909090909,openalex_health_informatics_1000
W2921425875,pre_ai,2019,Medicine,8,2.0,0.5,2.4260151319598084,0.625,0.6985376827896513,1.0,-0.0,0.9104604423046112,0.625,openalex_health_informatics_1000
W2921613140,pre_ai,2019,Medicine,31,2.0,0.6774193548387096,2.833213344056216,0.4516129032258064,0.941641228227689,0.6451612903225806,1.5364994112655248,0.7814481815984172,0.1290322580645161,openalex_health_informatics_1000
W2921661436,pre_ai,2019,Medicine,8,7.0,0.125,4.400584200968346,0.0,0.5125786163522013,0.0,-0.0,0.878300704061985,0.0,openalex_health_informatics_1000
W2921763762,pre_ai,2019,Medicine,21,3.0,0.6190476190476191,5.598421958998375,0.1428571428571428,0.8492134773794555,0.8571428571428571,1.4334953924783715,0.8166799942652384,0.0476190476190476,openalex_health_informatics_1000
W2922028160,pre_ai,2019,Medicine,29,3.0,0.5862068965517241,3.912023005428146,0.2758620689655172,0.4907841299593877,0.4827586206896552,1.4617918192722563,0.8112918652337173,0.1034482758620689,openalex_health_informatics_1000
W2922130842,pre_ai,2019,Medicine,26,3.5,0.5,3.860230847299861,0.1923076923076923,0.6756241853003109,0.1538461538461538,0.4293230219306162,0.7837601556227758,0.1153846153846153,openalex_health_informatics_1000
W2922832504,pre_ai,2019,Medicine,3,1.0,1.0,5.262690188904886,0.3333333333333333,0.5124378109452736,0.6666666666666666,1.0986122886681096,0.8880686362584432,0.3333333333333333,openalex_health_informatics_1000
W2923253317,pre_ai,2019,Medicine,7,1.0,1.0,3.951243718581428,0.1428571428571428,0.4873417721518987,0.2857142857142857,0.7963116401738131,0.793945142201015,0.1428571428571428,openalex_health_informatics_1000
W2923527943,pre_ai,2019,Medicine,20,5.0,0.4,5.203946304249598,0.1,0.4133799301048427,0.8,1.349168943889662,0.8279840290546417,0.1,openalex_health_informatics_1000
W2924551358,pre_ai,2019,Medicine,8,12.5,0.25,4.611529572191979,0.125,0.5348837209302325,0.875,1.4941751382893085,0.7335851639509201,0.0,openalex_health_informatics_1000
W2924820166,pre_ai,2019,Medicine,14,3.0,0.5714285714285714,4.549033564746699,0.0714285714285714,0.4310836501901141,0.5714285714285714,1.1973401339967784,0.8812929477010455,0.0,openalex_health_informatics_1000
W2926850261,pre_ai,2019,Medicine,19,6.0,0.3157894736842105,4.23410650459726,0.2631578947368421,0.6418279127212845,0.3157894736842105,1.0435479071011902,0.8494328197680021,0.2631578947368421,openalex_health_informatics_1000
W2929015087,pre_ai,2019,Medicine,36,2.0,0.5,3.6632328069201607,0.2222222222222222,0.8719071670609296,0.9166666666666666,1.926129231707644,0.7725606511036555,0.1388888888888889,openalex_health_informatics_1000
W2931693521,pre_ai,2019,Medicine,22,4.0,0.3636363636363636,3.384246605824315,0.1818181818181818,0.4909769757311761,0.3181818181818182,1.1186178288686373,0.8249365118416873,0.1818181818181818,openalex_health_informatics_1000
W2932613184,pre_ai,2019,Medicine,21,2.0,0.7142857142857143,2.9444389791664403,0.4285714285714285,0.835873388042204,0.2857142857142857,0.9781728311151882,0.7889602922257923,0.1428571428571428,openalex_health_informatics_1000
W2934730619,pre_ai,2019,Medicine,13,2.0,0.8461538461538461,3.951243718581428,0.0769230769230769,0.8799708515511139,0.2307692307692307,0.5402041423888608,0.8161925948583163,0.0,openalex_health_informatics_1000
W2934954940,pre_ai,2019,Medicine,8,6.5,0.5,5.433712468938818,0.375,0.6809125249981482,0.75,1.559581156259877,0.7470662817358971,0.0,openalex_health_informatics_1000
W2935090763,pre_ai,2019,Medicine,17,3.0,0.5294117647058824,4.852030263919617,0.1176470588235294,0.650810245687402,0.1764705882352941,0.4659992569610426,0.8097625059240005,0.1176470588235294,openalex_health_informatics_1000
W2936527168,pre_ai,2019,Medicine,43,3.0,0.5348837209302325,2.772588722239781,0.5116279069767442,0.964297306069458,0.8372093023255814,2.074983583877113,0.792381530584291,0.2790697674418604,openalex_health_informatics_1000
W2936815201,pre_ai,2019,Medicine,88,4.0,0.4772727272727273,3.7494348669884654,0.3068181818181818,0.8479497927546074,0.3977272727272727,1.214953139481058,0.8025770478627898,0.1590909090909091,openalex_health_informatics_1000
W2937037822,pre_ai,2019,Medicine,21,3.0,0.5714285714285714,3.6375861597263857,0.3333333333333333,0.9207418496340652,0.4761904761904761,1.3674813752821866,0.7754047456241789,0.0952380952380952,openalex_health_informatics_1000
W2940562610,pre_ai,2019,Medicine,32,5.0,0.40625,3.4657359027997265,0.21875,0.9416546242774566,0.8125,1.605498824522825,0.8199601098895073,0.15625,openalex_health_informatics_1000
W2940709043,pre_ai,2019,Medicine,31,5.0,0.3548387096774194,3.970291913552122,0.3870967741935484,0.9104640194990024,0.8064516129032258,1.653074304259227,0.7940688190921661,0.2580645161290322,openalex_health_informatics_1000
W2940867124,pre_ai,2019,Medicine,14,1.0,0.7857142857142857,4.471491832992824,0.3571428571428571,0.7031601018421447,0.5,1.1709971261162124,0.8169712594577244,0.2142857142857142,openalex_health_informatics_1000
W2941445627,pre_ai,2019,Medicine,6,1.0,1.0,3.255129170261575,0.5,0.9939878589773524,0.5,1.0114042647073516,0.8147729734579722,0.5,openalex_health_informatics_1000
W2941516878,pre_ai,2019,Medicine,28,3.0,0.5357142857142857,2.6735537653587342,0.5357142857142857,0.4439461883408072,0.6428571428571429,1.7183239515135764,0.8130271754094532,0.3214285714285714,openalex_health_informatics_1000
W2941525594,pre_ai,2019,Medicine,10,2.5,0.7,4.777815378524139,0.3,0.8389355742296919,0.7,1.366158847569202,0.8120265901088715,0.2,openalex_health_informatics_1000
W2941572989,pre_ai,2019,Medicine,8,2.0,0.625,4.536228332306399,0.25,0.7924058512293807,0.625,1.2554823251787537,0.8072721213102341,0.0,openalex_health_informatics_1000
W2942182150,pre_ai,2019,Medicine,20,4.5,0.3,3.392228531318822,0.35,0.2876557191392978,0.0,-0.0,0.9099996238946916,0.35,openalex_health_informatics_1000
W2942951865,pre_ai,2019,Medicine,23,10.0,0.1739130434782608,6.206575926724928,0.0869565217391304,0.8033434250361985,0.0,-0.0,0.8389913750731427,0.0869565217391304,openalex_health_informatics_1000
W2943005888,pre_ai,2019,Medicine,39,4.0,0.3846153846153846,3.4657359027997265,0.2307692307692307,0.5596517228603186,0.3333333333333333,1.1785210657683975,0.830437055000892,0.1794871794871795,openalex_health_informatics_1000
W2943276308,pre_ai,2019,Medicine,33,2.0,0.6363636363636364,2.079441541679836,0.5757575757575758,0.7855536115971007,0.3333333333333333,1.0101642991860074,0.850779450300968,0.4848484848484848,openalex_health_informatics_1000
W2944361236,pre_ai,2019,Medicine,24,2.5,0.7083333333333334,3.101267758593961,0.4166666666666667,0.5517095821021528,0.5833333333333334,1.828465772673408,0.839233877758185,0.3333333333333333,openalex_health_informatics_1000
W2944642817,pre_ai,2019,Medicine,8,2.0,0.75,4.6027141638075815,0.0,0.688903272786116,0.625,0.9743147528693494,0.834808848798275,0.0,openalex_health_informatics_1000
W2945350763,pre_ai,2019,Medicine,17,5.0,0.3529411764705882,3.871201010907891,0.1764705882352941,0.8499790180444817,1.0,1.3745691971890992,0.8376693234724157,0.1764705882352941,openalex_health_informatics_1000
W2946264668,pre_ai,2019,Medicine,8,3.0,0.625,5.637289719706411,0.125,0.740333451578574,0.625,1.2554823251787537,0.8109232857823372,0.125,openalex_health_informatics_1000
W2946539188,pre_ai,2019,Medicine,8,2.5,0.75,2.9753212762938634,0.5,0.9051094890510948,0.5,1.2130075659799042,0.8259731605648994,0.5,openalex_health_informatics_1000
W2946873906,pre_ai,2019,Medicine,21,2.0,0.6666666666666666,4.59511985013459,0.1904761904761904,0.3910845588235294,0.7619047619047619,1.835502432506876,0.7955625766799563,0.0476190476190476,openalex_health_informatics_1000
W2947621052,pre_ai,2019,Medicine,10,5.0,0.4,4.453738488764369,0.3,0.2281553398058252,0.8,1.2798542258336674,0.8455171108245849,0.3,openalex_health_informatics_1000
W2948117846,pre_ai,2019,Medicine,26,2.0,0.6923076923076923,3.511434043041321,0.3461538461538461,0.989147235833854,0.3846153846153846,1.2118490816245435,0.8421968244589292,0.1923076923076923,openalex_health_informatics_1000
W2950707846,pre_ai,2019,Medicine,9,4.0,0.3333333333333333,6.391917113392602,0.1111111111111111,0.5874937691843535,0.8888888888888888,1.2148896539491203,0.8097625176111857,0.1111111111111111,openalex_health_informatics_1000
W2951078712,pre_ai,2019,Medicine,38,2.0,0.8157894736842105,2.833213344056216,0.4736842105263157,0.751311647429171,0.2894736842105263,1.003955889434912,0.8410970772567549,0.4473684210526316,openalex_health_informatics_1000
W2951674724,pre_ai,2019,Medicine,7,3.0,0.5714285714285714,5.717027701406222,0.2857142857142857,0.2851009016745384,0.8571428571428571,1.5498260458782016,0.8095927664211818,0.1428571428571428,openalex_health_informatics_1000
W2951900635,pre_ai,2019,Medicine,8,8.5,0.0,6.111700813825975,0.0,0.4146451370634623,1.0,1.4941751382893085,0.8469736352562904,0.0,openalex_health_informatics_1000
W2952429584,pre_ai,2019,Medicine,28,1.0,0.7857142857142857,3.698780767762026,0.25,0.5149806133239337,0.5714285714285714,1.6852540081286362,0.8165097960403987,0.2142857142857142,openalex_health_informatics_1000
W2953532875,pre_ai,2019,Medicine,12,1.5,0.75,3.860230847299861,0.0833333333333333,0.5148367952522255,0.5,1.3579778549873245,0.7894735435644785,0.0833333333333333,openalex_health_informatics_1000
W2954646778,pre_ai,2019,Medicine,10,2.0,0.7,2.2499048351651325,0.6,0.4827586206896552,0.7,1.4184836619456564,0.8302401542663574,0.3,openalex_health_informatics_1000
W2954683258,pre_ai,2019,Medicine,16,1.0,0.9375,3.433466642230941,0.3125,0.4378194207836456,0.25,0.8222653373287878,0.8477342985570431,0.3125,openalex_health_informatics_1000
W2955232491,pre_ai,2019,Medicine,48,5.0,0.3541666666666667,4.55382148686892,0.1666666666666666,0.8708165125667404,0.7083333333333334,2.009398704574045,0.8108361400663853,0.1041666666666666,openalex_health_informatics_1000
W2955573345,pre_ai,2019,Medicine,10,3.0,0.6,4.988276061696567,0.2,0.2968127490039841,0.7,1.1682824501765623,0.8177128195762634,0.1,openalex_health_informatics_1000
W2955795502,pre_ai,2019,Medicine,6,1.0,0.8333333333333334,4.3175769945249005,0.3333333333333333,0.3078651685393258,0.3333333333333333,0.8675632284814612,0.8717105786005656,0.3333333333333333,openalex_health_informatics_1000
W2955820241,pre_ai,2019,Medicine,16,4.0,0.4375,3.838931750339105,0.125,0.9218238619458494,0.8125,1.3686896376228386,0.8098468445241451,0.0625,openalex_health_informatics_1000
W2957296527,pre_ai,2019,Medicine,6,2.0,0.8333333333333334,3.3619162204106043,0.1666666666666666,0.6442577030812325,0.6666666666666666,1.0114042647073516,0.8161272505919138,0.1666666666666666,openalex_health_informatics_1000
W2957595110,pre_ai,2019,Medicine,8,11.0,0.125,5.386867172954438,0.0,0.4364597915694509,0.375,0.9002560512685369,0.7614532485604286,0.0,openalex_health_informatics_1000
W2957730340,pre_ai,2019,Medicine,24,2.0,0.7083333333333334,2.6735537653587342,0.5833333333333334,0.8433695828599254,0.625,1.5130929164027496,0.8533401638269424,0.5833333333333334,openalex_health_informatics_1000
W2957812729,pre_ai,2019,Medicine,30,1.5,0.7,3.5975936600893546,0.3333333333333333,0.3928784266984505,0.6333333333333333,1.7732229365070498,0.8218678812185923,0.2333333333333333,openalex_health_informatics_1000
W2958109836,pre_ai,2019,Medicine,7,3.0,0.5714285714285714,3.688879454113936,0.2857142857142857,0.6772727272727272,0.5714285714285714,1.277034259466139,0.7758683562278748,0.0,openalex_health_informatics_1000
W2959065917,pre_ai,2019,Medicine,20,2.0,0.65,2.5649493574615367,0.55,0.9811179504242222,0.6,1.7480673485460891,0.7871717631816864,0.3,openalex_health_informatics_1000
W2959773868,pre_ai,2019,Medicine,9,3.0,0.5555555555555556,3.4339872044851463,0.1111111111111111,0.5578635014836796,1.0,1.1490596969706204,0.7858671413527595,0.1111111111111111,openalex_health_informatics_1000
W2962411443,pre_ai,2019,Medicine,50,2.0,0.64,3.342305863833964,0.32,0.657328990228013,0.8,1.9556066486511967,0.772946845293045,0.08,openalex_health_informatics_1000
W2963676638,pre_ai,2019,Medicine,26,3.0,0.6153846153846154,4.620046665062765,0.0769230769230769,0.6674662610188002,0.6923076923076923,1.7010114592357255,0.7960390333945935,0.0,openalex_health_informatics_1000
W2963899699,pre_ai,2019,Medicine,17,3.0,0.6470588235294118,5.54907608489522,0.1764705882352941,0.4020319303338171,0.7058823529411765,1.5643701028927683,0.8060503672151005,0.0588235294117647,openalex_health_informatics_1000
W2963943051,pre_ai,2019,Medicine,16,1.5,0.875,2.668769039850659,0.5625,0.8754731264193792,0.625,1.6886993130287196,0.80727094784379,0.375,openalex_health_informatics_1000
W2964212429,pre_ai,2019,Medicine,11,2.0,0.6363636363636364,2.772588722239781,0.5454545454545454,0.8396946564885496,0.2727272727272727,0.7595473914748635,0.8264444091103293,0.3636363636363636,openalex_health_informatics_1000
W2964285313,pre_ai,2019,Medicine,8,1.5,1.0,2.985630919895231,0.5,0.3498098859315589,0.5,0.9743147528693494,0.8357340469956398,0.375,openalex_health_informatics_1000
W2965564384,pre_ai,2019,Medicine,16,51.5,0.125,3.4468281773013176,0.3125,0.6625364431486881,0.8125,1.628619830332818,0.8403970487415791,0.3125,openalex_health_informatics_1000
W2965782433,pre_ai,2019,Medicine,19,3.0,0.631578947368421,4.6443908991413725,0.1578947368421052,0.5608054542571745,0.5789473684210527,1.4755264900837266,0.8749485925624245,0.1578947368421052,openalex_health_informatics_1000
W2966555834,pre_ai,2019,Medicine,11,2.0,0.6363636363636364,2.9444389791664403,0.4545454545454545,0.6156716417910447,0.3636363636363636,1.0335620542068176,0.8014361316507513,0.2727272727272727,openalex_health_informatics_1000
W2966702297,pre_ai,2019,Medicine,25,4.0,0.4,3.6635616461296463,0.16,0.7441702513017886,0.92,2.0341748383902365,0.8191116857528686,0.16,openalex_health_informatics_1000
W2966705193,pre_ai,2019,Medicine,20,1.5,0.75,4.022794140401764,0.1,0.5468368178115667,0.45,1.274530395406362,0.8231118738651275,0.1,openalex_health_informatics_1000
W2966884603,pre_ai,2019,Medicine,15,1.0,0.8666666666666667,3.610917912644224,0.3333333333333333,0.821216041397154,0.6,1.5292482930376912,0.7738373080889384,0.2,openalex_health_informatics_1000
W2967473102,pre_ai,2019,Medicine,19,1.0,0.9473684210526316,2.6390573296152584,0.5789473684210527,0.6308203991130821,0.7894736842105263,1.1913695156726758,0.8465299920031899,0.4210526315789473,openalex_health_informatics_1000
W2967501694,pre_ai,2019,Medicine,28,2.0,0.6428571428571429,3.9112223647446593,0.1785714285714285,0.8646367698163164,0.5,1.4084898486035915,0.8307761720248631,0.1428571428571428,openalex_health_informatics_1000
W2967636285,pre_ai,2019,Medicine,60,2.0,0.6166666666666667,4.182254051875295,0.2666666666666666,0.8987801085115942,0.65,1.8727105062371916,0.8157228469848633,0.2,openalex_health_informatics_1000
W2967679975,pre_ai,2019,Medicine,12,1.0,0.8333333333333334,2.138333059508028,0.6666666666666666,0.7803468208092486,0.8333333333333334,1.4735023850806486,0.8636226107676824,0.6666666666666666,openalex_health_informatics_1000
W2967802428,pre_ai,2019,Medicine,8,19.0,0.375,5.7736054714683895,0.25,0.4509477357443096,0.25,0.7356219397587946,0.8354416787624359,0.25,openalex_health_informatics_1000
W2967861886,pre_ai,2019,Medicine,13,4.0,0.4615384615384615,4.477336814478207,0.3846153846153846,0.9077490774907748,0.0769230769230769,0.2711893730418441,0.8003191672838651,0.1538461538461538,openalex_health_informatics_1000
W2967885471,pre_ai,2019,Medicine,9,1.0,0.7777777777777778,2.70805020110221,0.5555555555555556,0.6312217194570136,0.8888888888888888,1.2148896539491203,0.8750381271044413,0.5555555555555556,openalex_health_informatics_1000
W2968485670,pre_ai,2019,Medicine,51,2.0,0.9411764705882352,1.791759469228055,0.6274509803921569,0.6595744680851063,0.6862745098039216,1.6685053952086704,0.8224702769634771,0.4117647058823529,openalex_health_informatics_1000
W2968648791,pre_ai,2019,Medicine,7,8.0,0.1428571428571428,3.5263605246161616,0.2857142857142857,0.796092796092796,0.4285714285714285,0.6829081047004717,0.8635214652333941,0.2857142857142857,openalex_health_informatics_1000
W2968870211,pre_ai,2019,Medicine,93,3.0,0.6129032258064516,3.912023005428146,0.2258064516129032,0.6886468903581657,0.8172043010752689,1.7865645992460788,0.7951425865132321,0.1075268817204301,openalex_health_informatics_1000
W2969169714,pre_ai,2019,Medicine,7,5.0,0.4285714285714285,3.912023005428146,0.1428571428571428,0.6678989525569933,0.7142857142857143,1.5498260458782016,0.8253234454563686,0.0,openalex_health_informatics_1000
W2969619220,pre_ai,2019,Medicine,7,9.0,0.2857142857142857,5.988961416889864,0.1428571428571428,0.5771349862258953,0.1428571428571428,0.410116318288409,0.8467461211340768,0.0,openalex_health_informatics_1000
W2969628488,pre_ai,2019,Medicine,23,3.0,0.5652173913043478,5.068904202220232,0.0869565217391304,0.4754455176166507,0.782608695652174,1.7111935422545053,0.8316692632177601,0.0434782608695652,openalex_health_informatics_1000
W2969890124,pre_ai,2019,Medicine,49,2.0,0.7142857142857143,3.912023005428146,0.2040816326530612,0.4603421461897356,0.6326530612244898,1.8785845685627351,0.8193038191114154,0.1224489795918367,openalex_health_informatics_1000
W2970322142,pre_ai,2019,Medicine,8,1.5,0.75,2.368099224197248,0.5,0.4708860759493671,0.625,1.2554823251787537,0.8304204419255257,0.375,openalex_health_informatics_1000
W2970502087,pre_ai,2019,Medicine,12,8.5,0.1666666666666666,3.831468925230768,0.3333333333333333,0.5748175182481752,0.0833333333333333,0.2868359830561607,0.8803449670473734,0.3333333333333333,openalex_health_informatics_1000
W2970686124,pre_ai,2019,Medicine,18,2.0,0.7777777777777778,2.481422315129953,0.6111111111111112,0.7721518987341772,0.1666666666666666,0.6336632569776564,0.8305739760398865,0.4444444444444444,openalex_health_informatics_1000
W2970837303,pre_ai,2019,Medicine,57,4.0,0.4912280701754385,3.091042453358316,0.4035087719298245,0.9627906055685372,0.8070175438596491,1.776158224491057,0.8008158970297429,0.1929824561403508,openalex_health_informatics_1000
W2970895375,pre_ai,2019,Medicine,18,4.0,0.3888888888888889,4.341692683140154,0.1111111111111111,0.9034662166912748,0.8333333333333334,0.854806284951481,0.710127529170778,0.0,openalex_health_informatics_1000
W2971087358,pre_ai,2019,Medicine,20,1.0,0.95,2.92177220851568,0.5,0.6985645933014354,0.5,1.4023890115327735,0.8259044587612152,0.45,openalex_health_informatics_1000
W2971551231,pre_ai,2019,Medicine,5,3.0,0.8,3.713572066704308,0.0,0.3966244725738396,0.0,-0.0,0.8081816077232361,0.0,openalex_health_informatics_1000
W2971569172,pre_ai,2019,Medicine,28,3.0,0.6785714285714286,5.108747525077728,0.25,0.5325686774284906,0.8571428571428571,1.4884229622788607,0.7740512511559895,0.0357142857142857,openalex_health_informatics_1000
W2971656115,pre_ai,2019,Medicine,5,0.0,1.0,2.19722457733622,1.0,0.3428571428571428,0.4,0.9502705392332348,0.8593227982521057,1.0,openalex_health_informatics_1000
W2972523218,pre_ai,2019,Medicine,4,6.5,0.5,5.18964342718922,0.0,0.5300613496932516,0.5,0.6931471805599453,0.8158805519342422,0.0,openalex_health_informatics_1000
W2972524821,pre_ai,2019,Medicine,12,8.5,0.25,4.60286487970925,0.0833333333333333,0.6993262752646776,0.5833333333333334,1.2650013752730702,0.821591392159462,0.0833333333333333,openalex_health_informatics_1000
W2972553609,pre_ai,2019,Medicine,23,4.0,0.4782608695652174,4.23410650459726,0.3043478260869565,0.7571247933080439,0.391304347826087,1.227743154180755,0.8405652927315753,0.2608695652173913,openalex_health_informatics_1000
W2972885817,pre_ai,2020,Medicine,22,3.0,0.7272727272727273,4.897394067806394,0.0454545454545454,0.7746147391686962,0.3181818181818182,0.7559829155446122,0.8216553086584265,0.0,openalex_health_informatics_1000
W2972944954,pre_ai,2019,Medicine,9,3.0,0.5555555555555556,2.70805020110221,0.5555555555555556,0.4659863945578231,0.5555555555555556,1.2730283365896258,0.8752785126368204,0.4444444444444444,openalex_health_informatics_1000
W2973190536,pre_ai,2019,Medicine,16,3.0,0.625,2.644133515347268,0.5,0.6051020408163266,0.75,1.8195113489698564,0.8371215052902699,0.3125,openalex_health_informatics_1000
W2973346368,pre_ai,2019,Medicine,5,24.0,0.2,4.5217885770490405,0.2,0.9456856032031568,0.6,0.6730116670092565,0.8593261480331421,0.2,openalex_health_informatics_1000
W2973708120,pre_ai,2019,Medicine,24,2.5,0.5833333333333334,4.399227348032548,0.1666666666666666,0.8676049802799474,0.25,0.6749754468353846,0.8202630405624708,0.0833333333333333,openalex_health_informatics_1000
W2975950957,pre_ai,2019,Medicine,8,1.0,0.875,3.9300925287360826,0.25,0.5598958333333334,0.25,0.5623351446188083,0.8612731769680977,0.25,openalex_health_informatics_1000
W2977373448,pre_ai,2019,Medicine,12,2.0,0.9166666666666666,3.881510654509259,0.3333333333333333,0.6286243059839605,0.3333333333333333,0.8239592165010823,0.7922309885422388,0.1666666666666666,openalex_health_informatics_1000
W2977514150,pre_ai,2019,Medicine,12,1.5,1.0,4.0943445622221,0.4166666666666667,0.6666666666666666,0.8333333333333334,1.236684869140504,0.7967276573181152,0.25,openalex_health_informatics_1000
W2977601947,pre_ai,2019,Medicine,6,1.5,1.0,4.0943445622221,0.3333333333333333,0.5202702702702703,0.8333333333333334,1.0114042647073516,0.8258832693099976,0.1666666666666666,openalex_health_informatics_1000
W2978309821,pre_ai,2019,Medicine,13,6.0,0.3076923076923077,3.9889840465642745,0.3076923076923077,0.4294871794871794,0.9230769230769232,1.377819508039033,0.8595170653783358,0.3076923076923077,openalex_health_informatics_1000
W2978794990,pre_ai,2019,Medicine,12,1.0,0.8333333333333334,3.348517123833242,0.4166666666666667,0.6112676056338028,0.3333333333333333,0.9830877585747856,0.7973771194616953,0.3333333333333333,openalex_health_informatics_1000
W2979042524,pre_ai,2019,Medicine,34,1.0,0.7941176470588235,3.2384861814448413,0.3823529411764705,0.5748544021925317,0.5,1.574304535978279,0.8010895690497231,0.2647058823529412,openalex_health_informatics_1000
W2980043881,pre_ai,2019,Medicine,73,3.0,0.684931506849315,2.833213344056216,0.4931506849315068,0.5781741867785939,0.4520547945205479,1.4235288886206152,0.8010025179549439,0.1506849315068493,openalex_health_informatics_1000
W2980623771,pre_ai,2019,Medicine,46,3.0,0.5652173913043478,3.177185020398676,0.3695652173913043,0.7575041689827682,0.5869565217391305,1.7056305484392065,0.8016305656536765,0.1956521739130435,openalex_health_informatics_1000
W2980782042,pre_ai,2020,Medicine,13,9.0,0.3846153846153846,4.553876891600541,0.1538461538461538,0.4840790004030633,0.6153846153846154,1.5193826646423012,0.8204396825570327,0.1538461538461538,openalex_health_informatics_1000
W2980941439,pre_ai,2019,Medicine,6,4.0,0.5,2.607467878804493,0.5,0.4345238095238095,0.6666666666666666,1.0114042647073516,0.8112974067529043,0.3333333333333333,openalex_health_informatics_1000
W2980958045,pre_ai,2019,Medicine,34,2.0,0.6764705882352942,3.589653984752017,0.3235294117647059,0.5838257016248154,0.6176470588235294,1.82678726065153,0.8395606437150169,0.2352941176470588,openalex_health_informatics_1000
W2981100650,pre_ai,2019,Medicine,12,2.5,0.8333333333333334,4.051747139190485,0.0833333333333333,0.5813810110974106,0.3333333333333333,0.8675632284814612,0.8325371593236923,0.0833333333333333,openalex_health_informatics_1000
W2981124546,pre_ai,2019,Medicine,38,8.5,0.2631578947368421,5.248296689457924,0.1842105263157894,0.6860652989055879,0.868421052631579,1.6271688663109938,0.8140887414154253,0.0526315789473684,openalex_health_informatics_1000
W2981296841,pre_ai,2019,Medicine,50,1.0,0.8,2.9444389791664403,0.44,0.7248939179632249,0.58,1.5354692581770124,0.8165238237380982,0.26,openalex_health_informatics_1000
W2981427782,pre_ai,2019,Medicine,31,5.0,0.2903225806451613,4.812184355372417,0.2580645161290322,0.794742799647843,0.5483870967741935,1.5992074685478352,0.8557782807657796,0.1935483870967742,openalex_health_informatics_1000
W2981836947,pre_ai,2020,Medicine,55,3.0,0.6,4.454347296253507,0.1636363636363636,0.931890001028852,0.6909090909090909,1.5957587837758742,0.8280807126652111,0.1272727272727272,openalex_health_informatics_1000
W2982043628,pre_ai,2019,Medicine,16,4.0,0.5,5.684827688119591,0.0625,0.6960451763279074,0.75,1.2996509635498974,0.8143252171576023,0.0,openalex_health_informatics_1000
W2982083314,pre_ai,2019,Medicine,25,4.0,0.36,3.610917912644224,0.28,0.4058047493403694,0.68,1.445135245248066,0.8470785856246948,0.28,openalex_health_informatics_1000
W2982471526,pre_ai,2019,Medicine,14,2.0,0.7857142857142857,3.902125691764057,0.2857142857142857,0.5352678571428572,0.5714285714285714,1.6357434952314975,0.7773522308894566,0.2142857142857142,openalex_health_informatics_1000
W2982580298,pre_ai,2019,Medicine,71,1.0,0.7464788732394366,3.828641396489095,0.2957746478873239,0.6351734489659773,0.5070422535211268,1.378650114929367,0.8026528543149921,0.1690140845070422,openalex_health_informatics_1000
W2982612985,pre_ai,2019,Medicine,15,1.0,0.8,4.672828834461906,0.1333333333333333,0.8448109905495275,0.4666666666666667,0.8823109245150755,0.7656364480654398,0.0666666666666666,openalex_health_informatics_1000
W2982643860,pre_ai,2020,Medicine,18,2.0,0.7777777777777778,3.310036603265178,0.2777777777777778,0.9524960131445416,0.3888888888888889,1.2709586066171723,0.8406810628043281,0.2222222222222222,openalex_health_informatics_1000
W2982704547,pre_ai,2019,Medicine,16,2.0,0.6875,3.40064151723581,0.3125,0.5956607495069034,0.1875,0.6019239717322894,0.8066551610827446,0.125,openalex_health_informatics_1000
W2984135870,pre_ai,2019,Medicine,10,14.0,0.3,3.842621803987917,0.4,0.6592558983666061,0.8,1.8866967846580784,0.7540109157562256,0.0,openalex_health_informatics_1000
W2984220309,pre_ai,2019,Medicine,12,2.0,0.75,3.5670468605964327,0.4166666666666667,0.6471438900939985,0.25,0.7214636866925115,0.828104242682457,0.3333333333333333,openalex_health_informatics_1000
W2986648783,pre_ai,2019,Medicine,19,6.0,0.4210526315789473,4.23410650459726,0.2631578947368421,0.7309425957841708,0.8947368421052632,1.7770332013812695,0.8232911166391874,0.2105263157894736,openalex_health_informatics_1000
W2987267924,pre_ai,2019,Medicine,37,2.0,0.5405405405405406,2.995732273553991,0.4054054054054054,0.6242263483642794,0.6216216216216216,1.6348156538262089,0.8003980968449567,0.2162162162162162,openalex_health_informatics_1000
W2987907760,pre_ai,2019,Medicine,5,2.0,0.6,1.0986122886681098,0.8,0.6060606060606061,1.0,0.5004024235381879,0.8599416732788085,0.6,openalex_health_informatics_1000
W2988347076,pre_ai,2019,Medicine,62,1.0,0.7580645161290323,2.8903717578961645,0.4838709677419355,0.6177330302046119,0.4354838709677419,1.3678594761225444,0.8331860947993494,0.3387096774193548,openalex_health_informatics_1000
W2989343087,pre_ai,2019,Medicine,8,1.0,0.625,2.666359396632685,0.5,0.2663316582914573,0.375,1.0735428464085233,0.8602285534143448,0.5,openalex_health_informatics_1000
W2989512989,pre_ai,2019,Medicine,28,1.0,0.7142857142857143,3.0546237913821823,0.4642857142857143,0.8159090909090909,0.5357142857142857,1.4481879850795452,0.8512258997985295,0.4285714285714285,openalex_health_informatics_1000
W2989621657,pre_ai,2019,Medicine,6,2.0,1.0,2.255429753258425,0.6666666666666666,0.3333333333333333,0.5,1.242453324894,0.8072657386461893,0.1666666666666666,openalex_health_informatics_1000
W2989685864,pre_ai,2019,Medicine,15,2.0,0.6,3.1780538303479458,0.2666666666666666,0.5957767722473605,0.1333333333333333,0.3926744672275521,0.8415366172790527,0.2666666666666666,openalex_health_informatics_1000
W2989744286,pre_ai,2019,Medicine,48,4.5,0.4583333333333333,3.7012257604091214,0.2291666666666666,0.5818661971830986,0.4583333333333333,1.485172057032588,0.807687963048617,0.1666666666666666,openalex_health_informatics_1000
W2989925457,pre_ai,2019,Medicine,33,2.0,0.6666666666666666,2.3978952727983707,0.5454545454545454,0.7333461686561417,0.8181818181818182,1.3751276053063857,0.8232259786490238,0.3939393939393939,openalex_health_informatics_1000
W2990040944,pre_ai,2019,Medicine,10,1.5,0.8,3.8737984193464423,0.5,0.6497037914691943,0.3,0.8018185525433372,0.847223562002182,0.4,openalex_health_informatics_1000
W2990072080,pre_ai,2019,Medicine,4,1.0,1.0,2.70582302592752,0.5,0.4153846153846154,0.75,1.3862943611198906,0.8731601983308792,0.5,openalex_health_informatics_1000
W2990278906,pre_ai,2019,Medicine,28,5.0,0.3928571428571428,4.678646892466173,0.25,0.8667271535863703,0.9642857142857144,1.7347645210257752,0.8281688966921398,0.1428571428571428,openalex_health_informatics_1000
W2990795246,pre_ai,2019,Medicine,20,2.5,0.6,4.663261063132796,0.1,0.590781787629031,0.6,1.2628643221541276,0.8140105545520783,0.05,openalex_health_informatics_1000
W2991158039,pre_ai,2019,Medicine,7,1.0,0.7142857142857143,3.951243718581428,0.1428571428571428,0.2921914357682619,0.7142857142857143,1.277034259466139,0.7915999037878854,0.1428571428571428,openalex_health_informatics_1000
W2991238459,pre_ai,2019,Medicine,7,1.0,0.8571428571428571,3.4339872044851463,0.4285714285714285,0.2553191489361702,0.0,-0.0,0.7550821304321289,0.0,openalex_health_informatics_1000
W2991302197,pre_ai,2019,Medicine,11,1.0,1.0,3.6375861597263857,0.4545454545454545,0.6359143327841845,0.5454545454545454,1.3667110520552042,0.8131864775310863,0.0909090909090909,openalex_health_informatics_1000
W2991542819,pre_ai,2019,Medicine,28,4.0,0.4642857142857143,4.614679188905972,0.2857142857142857,0.5051288795370857,0.75,1.846492731425179,0.817127178822245,0.25,openalex_health_informatics_1000
W2991634334,pre_ai,2019,Medicine,11,3.0,0.6363636363636364,4.04305126783455,0.1818181818181818,0.8974938760128133,0.3636363636363636,0.6554817739013927,0.8057226050983776,0.0909090909090909,openalex_health_informatics_1000
W2991775327,pre_ai,2019,Medicine,6,5.0,0.3333333333333333,4.765994496995619,0.0,0.4868316041500399,0.6666666666666666,1.0114042647073516,0.7523147066434225,0.0,openalex_health_informatics_1000
W2993757391,pre_ai,2019,Medicine,9,0.0,0.5555555555555556,2.302585092994046,0.5555555555555556,0.3478260869565217,0.4444444444444444,1.1490596969706204,0.7953252858585782,0.3333333333333333,openalex_health_informatics_1000
W2994502216,pre_ai,2019,Medicine,9,4.0,0.4444444444444444,2.9444389791664403,0.3333333333333333,0.4354354354354354,0.6666666666666666,1.5229550675313184,0.8099000917540656,0.3333333333333333,openalex_health_informatics_1000
W2994859783,pre_ai,2019,Medicine,8,10.5,0.125,3.5038003069759265,0.375,0.3272311212814645,0.75,1.4941751382893085,0.8013549819588661,0.25,openalex_health_informatics_1000
W2994958466,pre_ai,2019,Medicine,15,1.0,0.8666666666666667,3.6635616461296463,0.3333333333333333,0.5424213536701621,0.6,1.3624474851916286,0.8453212102254232,0.2,openalex_health_informatics_1000
W2994980208,pre_ai,2020,Medicine,14,5.0,0.2142857142857142,4.979697592237212,0.1428571428571428,0.8128197839681637,0.6428571428571429,1.3904377949394804,0.7709107100963593,0.0714285714285714,openalex_health_informatics_1000
W2995118024,pre_ai,2019,Medicine,18,1.5,0.7222222222222222,3.275540167521702,0.2777777777777778,0.5223130106851037,0.5,1.5607104090414063,0.8295383089118533,0.1666666666666666,openalex_health_informatics_1000
W2995219348,pre_ai,2020,Medicine,31,4.0,0.4838709677419355,3.8501476017100575,0.2580645161290322,0.8226351351351351,0.4516129032258064,1.6845339000593471,0.7868845924254386,0.064516129032258,openalex_health_informatics_1000
W2995273310,pre_ai,2019,Medicine,16,1.0,0.8125,1.6094379124341005,0.6875,0.8910329171396141,0.5,1.2996509635498974,0.7776830494403839,0.3125,openalex_health_informatics_1000
W2996219887,pre_ai,2019,Medicine,45,2.0,0.6666666666666666,2.6390573296152584,0.6222222222222222,0.9865660976578008,0.8444444444444444,1.9434272129333243,0.8246690630912781,0.4,openalex_health_informatics_1000
W2996287395,pre_ai,2019,Medicine,35,1.0,0.7428571428571429,2.19722457733622,0.6857142857142857,0.5526315789473685,0.2,0.6915424017606948,0.8270436440195356,0.4285714285714285,openalex_health_informatics_1000
W2996480032,pre_ai,2019,Medicine,27,4.0,0.4814814814814814,3.688879454113936,0.2222222222222222,0.8440796111162066,0.4444444444444444,1.3738162002389207,0.8780362694351761,0.2222222222222222,openalex_health_informatics_1000
W2997276346,pre_ai,2019,Medicine,13,1.0,0.9230769230769232,2.302585092994046,0.5384615384615384,0.7726628895184136,0.5384615384615384,1.631345420808597,0.8331485482362601,0.5384615384615384,openalex_health_informatics_1000
W2997893817,pre_ai,2019,Medicine,9,4.0,0.4444444444444444,4.290459441148391,0.3333333333333333,0.5593597154290796,0.6666666666666666,1.6769877743224175,0.8017905222045051,0.1111111111111111,openalex_health_informatics_1000
W2998553281,pre_ai,2019,Medicine,13,2.0,0.6923076923076923,4.143134726391533,0.3076923076923077,0.4199553239017126,0.4615384615384615,1.4105135571148382,0.838778752547044,0.2307692307692307,openalex_health_informatics_1000
W2998744932,pre_ai,2020,Medicine,8,2.0,1.0,3.172818180414298,0.5,0.6686478454680534,0.5,1.3862943611198906,0.8231361359357834,0.25,openalex_health_informatics_1000
W2999166897,pre_ai,2019,Medicine,13,3.0,0.5384615384615384,3.044522437723423,0.3076923076923077,0.6701720841300192,0.6153846153846154,1.0733942812811266,0.8483987267200763,0.1538461538461538,openalex_health_informatics_1000
W2999885075,pre_ai,2020,Medicine,50,4.0,0.44,4.894094464086333,0.08,0.5878398615594529,0.78,1.6297701272833836,0.8270265150070191,0.04,openalex_health_informatics_1000
W3000239480,pre_ai,2020,Medicine,26,2.0,0.7692307692307693,3.5263605246161616,0.2692307692307692,0.968037635338476,0.2692307692307692,0.9263091598950748,0.8136629324692947,0.1923076923076923,openalex_health_informatics_1000
W3000948500,pre_ai,2020,Medicine,61,3.0,0.5573770491803278,3.828641396489095,0.2295081967213114,0.9469236421938674,0.4426229508196721,1.0495234524744792,0.8390386094812488,0.2131147540983606,openalex_health_informatics_1000
W3001473470,pre_ai,2020,Medicine,13,3.0,0.6153846153846154,4.0943445622221,0.0769230769230769,0.5305448541552009,0.3076923076923077,0.9371558530657008,0.7902865180602441,0.0,openalex_health_informatics_1000
W3001688612,pre_ai,2020,Medicine,13,6.0,0.3076923076923077,3.9318256327243257,0.3076923076923077,0.9325127334465196,0.6923076923076923,1.5247073930301436,0.8656993279090295,0.3076923076923077,openalex_health_informatics_1000
W3002362273,pre_ai,2020,Medicine,20,4.5,0.4,3.8533064569820974,0.25,0.8766347972124146,0.7,1.8217383933208384,0.838678601384163,0.15,openalex_health_informatics_1000
W3003472476,pre_ai,2020,Medicine,19,3.0,0.6842105263157895,5.332718793265369,0.1578947368421052,0.5879520650545688,0.4736842105263157,1.0156378226755116,0.7866953423148707,0.1578947368421052,openalex_health_informatics_1000
W3003600771,pre_ai,2020,Medicine,17,3.0,0.5294117647058824,4.110873864173311,0.1176470588235294,0.7474337367856596,0.7058823529411765,1.696684254567782,0.7987741442287669,0.1176470588235294,openalex_health_informatics_1000
W3003897805,pre_ai,2020,Medicine,54,6.0,0.2592592592592592,4.6422134576644405,0.1481481481481481,0.6653110791041825,0.5925925925925926,1.8083695471053487,0.8338702729454747,0.0925925925925925,openalex_health_informatics_1000
W3004104347,pre_ai,2020,Medicine,10,9.0,0.3,3.3460418712533144,0.4,0.5697503671071953,0.9,1.6434177197931796,0.7762039601802826,0.1,openalex_health_informatics_1000
W3004190915,pre_ai,2020,Medicine,45,3.0,0.5333333333333333,3.7612001156935615,0.1555555555555555,0.3894536213468869,0.5333333333333333,1.288047598149999,0.8427121427324084,0.0888888888888888,openalex_health_informatics_1000
W3004640731,pre_ai,2020,Medicine,35,2.0,0.7714285714285715,3.970291913552122,0.1428571428571428,0.4682767874257236,0.4571428571428571,1.4763959755529903,0.8253083280154637,0.1142857142857142,openalex_health_informatics_1000
W3004956446,pre_ai,2020,Medicine,31,4.0,0.4516129032258064,4.290459441148391,0.1290322580645161,0.8610170001957507,0.6451612903225806,1.470185300441201,0.8047683892711517,0.0967741935483871,openalex_health_informatics_1000
W3005185930,pre_ai,2020,Medicine,11,21.0,0.3636363636363636,4.477336814478207,0.2727272727272727,0.5997782705099778,0.5454545454545454,1.162225544921092,0.8501830751245673,0.1818181818181818,openalex_health_informatics_1000
W3005519724,pre_ai,2020,Medicine,35,6.0,0.2285714285714285,2.4849066497880004,0.5714285714285714,0.9041050172432974,0.9142857142857144,1.8200459961708444,0.8696673171860831,0.5428571428571428,openalex_health_informatics_1000
W3005571331,pre_ai,2020,Medicine,23,7.0,0.2608695652173913,4.0943445622221,0.2608695652173913,0.729426433915212,0.4347826086956521,1.1925651691824188,0.7901950167573016,0.1304347826086956,openalex_health_informatics_1000
W3005745869,pre_ai,2020,Medicine,11,2.0,0.7272727272727273,4.709530201312334,0.0,0.9368965302435682,0.3636363636363636,1.0335620542068176,0.8420302109284834,0.0,openalex_health_informatics_1000
W3005801323,pre_ai,2020,Medicine,17,3.0,0.7647058823529411,3.80666248977032,0.2352941176470588,0.4260808926080892,0.7647058823529411,1.5992212565872683,0.8522922852460075,0.1764705882352941,openalex_health_informatics_1000
W3005937161,pre_ai,2020,Medicine,35,5.0,0.4,5.648974238161206,0.0571428571428571,0.8025135282815997,0.5142857142857142,1.1323536225762714,0.8330168042864118,0.0571428571428571,openalex_health_informatics_1000
W3006253248,pre_ai,2020,Medicine,37,4.0,0.3513513513513513,3.912023005428146,0.3243243243243243,0.7521918242315412,0.7837837837837838,2.0297250268872564,0.8002269525785703,0.1891891891891892,openalex_health_informatics_1000
W3006389498,pre_ai,2020,Medicine,5,4.0,0.4,4.499809670330265,0.2,0.8763623978201635,0.2,0.5004024235381879,0.8451271414756775,0.2,openalex_health_informatics_1000
W3006472523,pre_ai,2020,Medicine,5,2.0,0.8,4.867534450455582,0.0,0.2684824902723735,0.2,0.5004024235381879,0.8465632796287537,0.0,openalex_health_informatics_1000
W3006523342,pre_ai,2020,Medicine,13,5.0,0.3846153846153846,3.295836866004329,0.3076923076923077,0.4324712643678161,0.5384615384615384,1.3114313374732374,0.8914013184033908,0.2307692307692307,openalex_health_informatics_1000
W3006842394,pre_ai,2020,Medicine,34,6.5,0.3235294117647059,3.1112881340356844,0.3823529411764705,0.9173922867024698,0.3529411764705882,1.208045458195772,0.7987953792600071,0.2647058823529412,openalex_health_informatics_1000
W3006913750,pre_ai,2020,Medicine,111,5.0,0.3513513513513513,5.4638318050256105,0.063063063063063,0.7995352578425239,0.945945945945946,0.7176194989426817,0.7890725039147042,0.018018018018018,openalex_health_informatics_1000
W3006975859,pre_ai,2020,Medicine,12,2.0,0.6666666666666666,4.337269381070008,0.25,0.5659824046920822,0.5,1.3143738430069454,0.8631461163361868,0.25,openalex_health_informatics_1000
W3007086729,pre_ai,2020,Medicine,33,4.0,0.4848484848484848,4.189654742026425,0.2727272727272727,0.8326350270434981,0.5454545454545454,1.629882758329957,0.8217296221039512,0.2424242424242424,openalex_health_informatics_1000
W3007126326,pre_ai,2020,Medicine,26,3.0,0.6153846153846154,4.255587559545337,0.2692307692307692,0.3974668275030157,0.3846153846153846,1.285293024120099,0.79076143182241,0.0769230769230769,openalex_health_informatics_1000
W3007547802,pre_ai,2020,Medicine,13,4.0,0.3076923076923077,4.30406509320417,0.2307692307692307,0.6573451327433628,0.3846153846153846,1.1786549963416462,0.7434220130626972,0.0769230769230769,openalex_health_informatics_1000
W3007647093,pre_ai,2020,Medicine,18,4.0,0.4444444444444444,4.823910404758179,0.0555555555555555,0.6553011197417532,0.6666666666666666,1.1858203126288676,0.8192548023329841,0.0555555555555555,openalex_health_informatics_1000
W3007819350,pre_ai,2020,Medicine,24,6.0,0.4166666666666667,3.713274536198652,0.1666666666666666,0.9465876342677496,0.5833333333333334,1.7347432485702736,0.8394513800740242,0.1666666666666666,openalex_health_informatics_1000
W3008058947,pre_ai,2020,Medicine,13,2.0,0.6153846153846154,4.605170185988092,0.1538461538461538,0.5018489170628632,0.8461538461538461,0.9839614460010256,0.8263861674528855,0.1538461538461538,openalex_health_informatics_1000
W3008321294,pre_ai,2020,Medicine,16,6.0,0.4375,4.55298967832572,0.1875,0.7882584823314093,0.8125,1.715263227902811,0.8153376244008541,0.1875,openalex_health_informatics_1000
W3008584416,pre_ai,2020,Medicine,86,4.5,0.4534883720930232,2.833213344056216,0.4883720930232558,0.9314932306635576,0.9534883720930232,2.137637375497866,0.7997665509235027,0.1860465116279069,openalex_health_informatics_1000
W3008680281,pre_ai,2020,Medicine,52,5.0,0.3461538461538461,4.705005283552375,0.1153846153846153,0.614032266709546,0.7884615384615384,1.894867021775145,0.8508263814907807,0.1153846153846153,openalex_health_informatics_1000
W3008960112,pre_ai,2020,Medicine,4,3.0,0.5,2.995732273553991,0.5,0.4444444444444444,0.25,0.5623351446188083,0.8757998049259186,0.5,openalex_health_informatics_1000
W3009306974,pre_ai,2020,Medicine,33,4.0,0.4545454545454545,3.8918202981106265,0.303030303030303,0.890569532335237,1.0,1.493559086907216,0.76616345391129,0.0606060606060606,openalex_health_informatics_1000
W3010377264,pre_ai,2020,Medicine,7,1.0,0.8571428571428571,3.367295829986474,0.2857142857142857,0.8542372881355932,0.1428571428571428,0.410116318288409,0.8298165713037763,0.2857142857142857,openalex_health_informatics_1000
W3010611814,pre_ai,2020,Medicine,36,2.5,0.6388888888888888,4.051747139190485,0.3333333333333333,0.6075529471804032,0.75,1.7387166218701535,0.8517260452111562,0.3055555555555556,openalex_health_informatics_1000
W3011406286,pre_ai,2020,Medicine,8,4.0,0.375,4.48926720504166,0.25,0.6338481338481339,1.0,1.2554823251787537,0.7345154732465744,0.0,openalex_health_informatics_1000
W3011556080,pre_ai,2020,Medicine,28,5.5,0.3571428571428571,5.045771320588921,0.1428571428571428,0.7490554477688145,0.4642857142857143,1.4358687149390552,0.7857152670621872,0.0,openalex_health_informatics_1000
W3011650521,pre_ai,2020,Medicine,24,4.0,0.4583333333333333,3.939267098070181,0.2916666666666667,0.8890845070422535,0.7083333333333334,1.5703134755583947,0.8070327664415041,0.1666666666666666,openalex_health_informatics_1000
W3011915868,pre_ai,2020,Medicine,5,8.0,0.4,3.951243718581428,0.4,0.5528089887640449,0.6,1.0549201679861442,0.8303424000740052,0.2,openalex_health_informatics_1000
W3012098304,pre_ai,2020,Medicine,52,1.0,0.9807692307692308,3.1567740231385475,0.3846153846153846,0.5687526607066837,0.3653846153846153,1.2921637662689196,0.8664171156974939,0.2884615384615384,openalex_health_informatics_1000
W3012391191,pre_ai,2020,Medicine,13,2.0,0.7692307692307693,3.6635616461296463,0.3076923076923077,0.9643871201594876,0.5384615384615384,1.73798344858705,0.7931346939160273,0.2307692307692307,openalex_health_informatics_1000
W3012520299,pre_ai,2020,Medicine,20,6.5,0.2,2.884160497896886,0.5,0.8084223013048636,0.95,1.2275294114572126,0.8714464575052261,0.5,openalex_health_informatics_1000
W3012582382,pre_ai,2020,Medicine,18,1.0,0.7777777777777778,3.0868930519509683,0.3333333333333333,0.7451633035157063,0.3333333333333333,0.9257019111219666,0.8275418678919474,0.3333333333333333,openalex_health_informatics_1000
W3012598084,pre_ai,2020,Medicine,17,3.0,0.5882352941176471,3.7612001156935615,0.1176470588235294,0.659391331079004,0.2352941176470588,0.8717814824679821,0.8647706648882698,0.1176470588235294,openalex_health_informatics_1000
W3012662704,pre_ai,2020,Medicine,31,2.0,0.7419354838709677,2.6390573296152584,0.5806451612903226,0.6617777777777778,0.2258064516129032,0.7139716725328497,0.8399542416295698,0.5483870967741935,openalex_health_informatics_1000
W3012668909,pre_ai,2020,Medicine,5,2.0,0.8,5.351858133476067,0.0,0.9963323826483091,0.4,0.6730116670092565,0.7875741600990296,0.0,openalex_health_informatics_1000
W3012855126,pre_ai,2020,Medicine,21,4.0,0.4761904761904761,3.7612001156935615,0.3809523809523809,0.8351345624072897,0.7142857142857143,1.5834783417800256,0.8594969312349955,0.3809523809523809,openalex_health_informatics_1000
W3012875567,pre_ai,2020,Medicine,16,2.0,0.625,4.42568854875972,0.0625,0.9515656971172524,0.625,1.840748728569281,0.8461437188088894,0.0625,openalex_health_informatics_1000
W3013099930,pre_ai,2020,Medicine,7,2.0,0.7142857142857143,3.4011973816621555,0.1428571428571428,0.4392764857881137,0.4285714285714285,1.15374194270109,0.8707173977579389,0.1428571428571428,openalex_health_informatics_1000
W3013165801,pre_ai,2020,Medicine,59,3.0,0.6101694915254238,4.248495242049359,0.2542372881355932,0.6017805278444248,0.7796610169491526,1.5039321872475977,0.8065143257884656,0.1694915254237288,openalex_health_informatics_1000
W3013578857,pre_ai,2020,Medicine,33,2.0,0.6060606060606061,2.9444389791664403,0.4848484848484848,0.8701827115000768,0.5757575757575758,1.5834758198763443,0.8292216441848062,0.3636363636363636,openalex_health_informatics_1000
W3013872196,pre_ai,2020,Medicine,21,2.0,0.4761904761904761,5.424950017481403,0.1904761904761904,0.6292631578947369,0.5238095238095238,1.551969242644385,0.8486562115805489,0.1904761904761904,openalex_health_informatics_1000
W3014246070,pre_ai,2020,Medicine,28,2.0,0.6428571428571429,3.7191917650221535,0.2857142857142857,0.707094495142773,0.4642857142857143,1.125702061115239,0.8310320866959435,0.1785714285714285,openalex_health_informatics_1000
W3014660118,pre_ai,2020,Medicine,8,3.5,0.5,3.4396779022302195,0.375,0.3317422434367542,1.0,1.2130075659799042,0.8027479127049446,0.25,openalex_health_informatics_1000
W3014763670,pre_ai,2020,Medicine,12,3.0,0.5833333333333334,2.668769039850659,0.5833333333333334,0.7530364372469636,0.6666666666666666,1.3522093992338284,0.7299998799959818,0.0833333333333333,openalex_health_informatics_1000
W3014837963,pre_ai,2020,Medicine,9,4.0,0.4444444444444444,4.983606621708336,0.2222222222222222,0.3853503184713376,0.6666666666666666,1.6769877743224175,0.7844367755783929,0.2222222222222222,openalex_health_informatics_1000
W3014924729,pre_ai,2020,Medicine,15,4.0,0.4666666666666667,4.31748811353631,0.2,0.842281598123796,0.4666666666666667,1.4141754640569788,0.8209480166435241,0.1333333333333333,openalex_health_informatics_1000
W3015240977,pre_ai,2019,Medicine,9,2.0,0.5555555555555556,4.060443010546419,0.1111111111111111,0.6289350301406564,0.5555555555555556,1.2148896539491203,0.7402580446667142,0.0,openalex_health_informatics_1000
W3015682012,pre_ai,2020,Medicine,10,2.5,0.6,3.005633587202081,0.4,0.337730870712401,0.4,1.0888999753452235,0.8323708415031433,0.4,openalex_health_informatics_1000
W3015725233,pre_ai,2020,Medicine,21,16.0,0.0,4.04305126783455,0.0,0.6615695326024236,0.3333333333333333,1.1282062719797112,0.8038135965665182,0.0,openalex_health_informatics_1000
W3015844039,pre_ai,2020,Medicine,24,5.0,0.25,4.709164837759358,0.2083333333333333,0.5571153316818057,0.9583333333333334,1.9214422523876624,0.8210218821962675,0.2083333333333333,openalex_health_informatics_1000
W3015909382,pre_ai,2020,Medicine,45,4.0,0.3333333333333333,4.23410650459726,0.2,0.634055148777068,0.5333333333333333,1.7449607970778584,0.8239224195480347,0.1333333333333333,openalex_health_informatics_1000
W3016012157,pre_ai,2020,Medicine,10,2.5,0.6,4.912492662190585,0.1,0.8272114952851369,0.7,1.8343719702816237,0.7956243336200715,0.0,openalex_health_informatics_1000
W3016180486,pre_ai,2020,Medicine,98,1.0,0.826530612244898,2.302585092994046,0.6326530612244898,0.9311705814401232,0.2755102040816326,1.0657054601008735,0.8354174336608575,0.4897959183673469,openalex_health_informatics_1000
W3016206411,pre_ai,2020,Medicine,30,2.5,0.6333333333333333,4.04305126783455,0.3,0.7312935789364138,0.4,1.418483661945657,0.815562109152476,0.2666666666666666,openalex_health_informatics_1000
W3016417837,pre_ai,2020,Medicine,14,2.0,0.8571428571428571,3.970113882572851,0.1428571428571428,0.8762995594713656,0.7142857142857143,1.5124511784664485,0.8020273617335728,0.1428571428571428,openalex_health_informatics_1000
W3016716625,pre_ai,2020,Medicine,8,1.0,0.625,2.4414009612931853,0.625,0.9508384146341464,0.625,1.4941751382893085,0.8052574098110199,0.125,openalex_health_informatics_1000
W3016745222,pre_ai,2020,Medicine,12,4.0,0.4166666666666667,3.4468281773013176,0.1666666666666666,0.7008652657601978,0.5833333333333334,1.2650013752730702,0.8403184562921524,0.0833333333333333,openalex_health_informatics_1000
W3016850090,pre_ai,2020,Medicine,26,4.0,0.4230769230769231,3.431901695726477,0.3846153846153846,0.8563971837824714,0.8461538461538461,1.6793397063099806,0.838504433631897,0.3846153846153846,openalex_health_informatics_1000
W3016902347,pre_ai,2020,Medicine,12,2.0,0.9166666666666666,3.540854293052788,0.0833333333333333,0.696969696969697,0.4166666666666667,1.1187433359857524,0.827696735660235,0.0833333333333333,openalex_health_informatics_1000
W3017284471,pre_ai,2020,Medicine,34,2.5,0.5882352941176471,4.2106714328797015,0.1764705882352941,0.8378710566501546,0.4705882352941176,1.53226706113927,0.8059917881208307,0.1176470588235294,openalex_health_informatics_1000
W3017723383,pre_ai,2019,Medicine,6,1.5,0.6666666666666666,1.4451858789480825,0.6666666666666666,0.8238095238095238,1.0,1.329661348854758,0.8304996490478516,0.5,openalex_health_informatics_1000
W3019276650,pre_ai,2020,Medicine,6,4.0,0.5,5.487013051188312,0.1666666666666666,0.3364249578414839,0.0,-0.0,0.8477723995844523,0.1666666666666666,openalex_health_informatics_1000
W3019365588,pre_ai,2020,Medicine,12,7.0,0.4166666666666667,7.060011967969961,0.0833333333333333,0.5769268321259104,0.8333333333333334,0.9830877585747856,0.8317035436630249,0.0,openalex_health_informatics_1000
W3021807438,pre_ai,2020,Medicine,51,5.0,0.3725490196078431,3.9318256327243257,0.2352941176470588,0.682320819112628,0.7450980392156863,2.005755044193228,0.7815734919379739,0.0784313725490196,openalex_health_informatics_1000
W3021833419,pre_ai,2020,Medicine,17,7.0,0.2352941176470588,3.9318256327243257,0.3529411764705882,0.3389450056116723,0.4705882352941176,1.0027399543973452,0.8930466280264013,0.3529411764705882,openalex_health_informatics_1000
W3022101623,pre_ai,2020,Medicine,3,3.0,0.6666666666666666,1.3862943611198906,0.6666666666666666,0.9906103286384976,0.0,-0.0,0.925923486550649,0.6666666666666666,openalex_health_informatics_1000
W3022143043,pre_ai,2020,Medicine,16,4.0,0.4375,4.226167309533871,0.1875,0.782108691227356,0.25,0.5623351446188083,0.8493939079344273,0.1875,openalex_health_informatics_1000
W3022206679,pre_ai,2020,Medicine,7,1.0,0.7142857142857143,2.9444389791664403,0.4285714285714285,0.5335968379446641,0.4285714285714285,0.9556998911125344,0.8151602063860212,0.1428571428571428,openalex_health_informatics_1000
W3022336610,pre_ai,2020,Medicine,15,2.0,0.8,3.1354942159291497,0.3333333333333333,0.6606936860724448,0.4666666666666667,1.5065950881316383,0.8301024278004964,0.3333333333333333,openalex_health_informatics_1000
W3022437576,pre_ai,2020,Medicine,54,4.0,0.4814814814814814,2.9174053685313024,0.4629629629629629,0.7892466721201755,0.8518518518518519,1.884906849244028,0.8227051761415269,0.3518518518518518,openalex_health_informatics_1000
W3022475179,pre_ai,2020,Medicine,12,3.5,0.5,3.3649120352447377,0.3333333333333333,0.9868365828532184,0.6666666666666666,1.5607104090414068,0.798929825425148,0.25,openalex_health_informatics_1000
W3022563182,pre_ai,2020,Medicine,21,3.0,0.5714285714285714,3.1780538303479458,0.1428571428571428,0.5599654874892148,0.6190476190476191,1.2736474290365023,0.8486131997335524,0.0952380952380952,openalex_health_informatics_1000
W3023010087,pre_ai,2020,Medicine,12,2.0,0.6666666666666666,4.506432283705276,0.3333333333333333,0.3698630136986301,0.4166666666666667,0.9596147939120492,0.8856512010097504,0.1666666666666666,openalex_health_informatics_1000
W3023069697,pre_ai,2020,Medicine,7,2.0,0.5714285714285714,5.198497031265826,0.1428571428571428,0.4569365652398143,0.5714285714285714,1.277034259466139,0.881213401045118,0.1428571428571428,openalex_health_informatics_1000
W3023233539,pre_ai,2019,Medicine,11,5.0,0.3636363636363636,3.044522437723423,0.2727272727272727,0.6612339930151339,0.1818181818181818,0.6001660731596457,0.8950226469473406,0.2727272727272727,openalex_health_informatics_1000
W3023997891,pre_ai,2020,Medicine,46,2.0,0.6739130434782609,3.091042453358316,0.391304347826087,0.7579428117553614,0.4347826086956521,1.5101708052137677,0.793247868185458,0.1956521739130435,openalex_health_informatics_1000
W3024478970,pre_ai,2020,Medicine,60,2.0,0.7666666666666667,3.9300925287360826,0.2166666666666666,0.6244495332041571,0.5,1.532831081760444,0.8384582797686259,0.1833333333333333,openalex_health_informatics_1000
W3024513077,pre_ai,2020,Medicine,40,8.5,0.225,4.355392170234212,0.175,0.6101025382417213,0.875,1.145956549828646,0.8320401966571808,0.1,openalex_health_informatics_1000
W3024621698,pre_ai,2020,Medicine,10,4.5,0.4,4.658699722134795,0.2,0.6855016538037486,0.9,0.639031859650177,0.8591766357421875,0.2,openalex_health_informatics_1000
W3025331938,pre_ai,2020,Medicine,18,2.0,0.8333333333333334,3.5670468605964327,0.2222222222222222,0.5464788732394367,0.3888888888888889,1.087856558505821,0.8087031609482236,0.1666666666666666,openalex_health_informatics_1000
W3025370095,pre_ai,2020,Medicine,23,2.0,0.5652173913043478,3.784189633918261,0.3043478260869565,0.8254580520732884,0.5652173913043478,1.301042067328836,0.8185023846833602,0.1304347826086956,openalex_health_informatics_1000
W3025819064,pre_ai,2020,Medicine,21,2.0,0.8571428571428571,4.356708826689592,0.1904761904761904,0.7927852348993288,0.4285714285714285,1.1753622605450231,0.8442376170839582,0.1428571428571428,openalex_health_informatics_1000
W3026741337,pre_ai,2020,Medicine,14,10.0,0.2857142857142857,4.6702455282206135,0.2857142857142857,0.8343280745105494,0.7142857142857143,1.450805020083924,0.8025290327412742,0.1428571428571428,openalex_health_informatics_1000
W3026868200,pre_ai,2020,Medicine,5,2.0,0.6,4.543294782270004,0.2,0.4101995565410199,0.4,0.6730116670092565,0.8446833968162537,0.2,openalex_health_informatics_1000
W3027505477,pre_ai,2020,Medicine,11,4.0,0.3636363636363636,4.330733340286331,0.2727272727272727,0.9389709172259508,0.3636363636363636,1.159588814308626,0.8512802124023438,0.2727272727272727,openalex_health_informatics_1000
W3027797500,pre_ai,2020,Medicine,25,3.0,0.72,2.079441541679836,0.72,0.9417640807651436,0.84,1.8360665251233137,0.7949898791313171,0.44,openalex_health_informatics_1000
W3028322130,pre_ai,2020,Medicine,8,1.0,1.0,2.9174053685313024,0.375,0.3313953488372093,0.5,1.2130075659799042,0.7996824979782104,0.25,openalex_health_informatics_1000
W3028515196,pre_ai,2020,Medicine,22,3.0,0.6363636363636364,3.60945485380953,0.2727272727272727,0.9075429424943988,0.7727272727272727,1.6773131565924937,0.8312260562723334,0.2272727272727272,openalex_health_informatics_1000
W3029050330,pre_ai,2020,Medicine,7,2.0,0.7142857142857143,4.30406509320417,0.1428571428571428,0.9925254768230304,0.1428571428571428,0.410116318288409,0.906461102621896,0.1428571428571428,openalex_health_informatics_1000
W3029478107,pre_ai,2020,Medicine,74,3.0,0.5945945945945946,5.158989235925802,0.0945945945945946,0.6568201785100396,0.3378378378378378,1.14996045539892,0.8084484781767871,0.027027027027027,openalex_health_informatics_1000
W3030030520,pre_ai,2020,Medicine,22,2.0,0.6818181818181818,5.350497374210158,0.0454545454545454,0.870723674735235,0.5,1.272941587714258,0.7766877006400715,0.0,openalex_health_informatics_1000
W3030367896,pre_ai,2020,Medicine,21,3.0,0.6190476190476191,4.543294782270004,0.2857142857142857,0.7338790035587188,0.8095238095238095,1.1961299562302357,0.8320785704113188,0.1904761904761904,openalex_health_informatics_1000
W3030588587,pre_ai,2020,Medicine,29,2.0,0.6896551724137931,3.4657359027997265,0.3103448275862069,0.3735795454545454,0.3103448275862069,1.139820771427714,0.802487654932614,0.2758620689655172,openalex_health_informatics_1000
W3031989616,pre_ai,2020,Medicine,4,2.5,0.75,5.911611191596512,0.0,0.7923693086003373,0.5,1.039720770839918,0.8012650460004807,0.0,openalex_health_informatics_1000
W3033190121,pre_ai,2020,Medicine,56,1.0,0.75,3.624252036185305,0.3392857142857143,0.6166646713755537,0.6964285714285714,2.021531314548666,0.8142403289675713,0.2857142857142857,openalex_health_informatics_1000
W3033865101,pre_ai,2020,Medicine,18,3.0,0.5555555555555556,3.020127355638707,0.3333333333333333,0.4035087719298245,0.7222222222222222,1.798105502624266,0.8400656680266062,0.1666666666666666,openalex_health_informatics_1000
W3034018548,pre_ai,2020,Medicine,15,3.5,0.4666666666666667,5.37989735354046,0.0666666666666666,0.5334550888261663,0.2666666666666666,0.857174043642079,0.8352527221043905,0.0666666666666666,openalex_health_informatics_1000
W3034113211,pre_ai,2020,Medicine,70,4.0,0.4714285714285714,4.182021005961031,0.2,0.7256867595365187,0.6285714285714286,1.71871680900837,0.8399469946111952,0.1571428571428571,openalex_health_informatics_1000
W3034285309,pre_ai,2020,Medicine,27,10.0,0.1111111111111111,4.700480365792417,0.037037037037037,0.4208886324293133,0.4444444444444444,1.2879435318123582,0.8382443631136859,0.037037037037037,openalex_health_informatics_1000
W3034361687,pre_ai,2020,Medicine,27,3.0,0.6666666666666666,3.7612001156935615,0.1851851851851851,0.7131001778304683,0.1851851851851851,0.6037974141151747,0.8558224859061064,0.1851851851851851,openalex_health_informatics_1000
W3035113595,pre_ai,2020,Medicine,10,3.5,0.5,3.961492979355598,0.2,0.806345980126468,0.5,1.4978661367769952,0.8213382542133332,0.1,openalex_health_informatics_1000
W3035303183,pre_ai,2020,Medicine,23,4.5,0.3043478260869565,4.477336814478207,0.3043478260869565,0.6433673218068076,0.5217391304347826,1.7248301468410547,0.7760642922442892,0.0869565217391304,openalex_health_informatics_1000
W3035307628,pre_ai,2020,Medicine,25,3.0,0.6,3.332204510175204,0.48,0.5009737098344693,0.48,1.3968592531669948,0.8472384166717529,0.44,openalex_health_informatics_1000
W3036458852,pre_ai,2020,Medicine,29,3.0,0.5517241379310345,4.787491742782046,0.0689655172413793,0.544099939795304,0.7241379310344828,1.9151551755947065,0.8063645362854004,0.0,openalex_health_informatics_1000
W3036469063,pre_ai,2020,Medicine,22,2.0,0.7272727272727273,3.2769667020129054,0.3636363636363636,0.7314614830813535,0.8636363636363636,1.4038946468399995,0.7678462862968445,0.1363636363636363,openalex_health_informatics_1000
W3036527026,pre_ai,2020,Medicine,20,2.0,0.7,4.320147694275111,0.25,0.9117979189632458,0.55,0.8556886672556694,0.8375617384910583,0.2,openalex_health_informatics_1000
W3036852194,pre_ai,2020,Medicine,41,2.0,0.7317073170731707,3.9318256327243257,0.2682926829268293,0.5884731182795699,0.7073170731707317,1.7090508590658255,0.8185901801760603,0.1707317073170731,openalex_health_informatics_1000
W3037126445,pre_ai,2020,Medicine,19,7.0,0.3157894736842105,5.068904202220232,0.1052631578947368,0.6485086992543496,0.3157894736842105,1.1165107682127635,0.7876166324866446,0.0,openalex_health_informatics_1000
W3037405958,pre_ai,2020,Medicine,22,3.0,0.5,5.195419910058238,0.1818181818181818,0.8579777907656342,0.8636363636363636,1.53826004649516,0.8509936576539819,0.1363636363636363,openalex_health_informatics_1000
W3037480398,pre_ai,2020,Medicine,9,1.0,1.0,4.624972813284271,0.3333333333333333,0.3523131672597864,0.2222222222222222,0.5297061990576545,0.8676103552182516,0.2222222222222222,openalex_health_informatics_1000
W3037551964,pre_ai,2020,Medicine,13,1.0,0.6923076923076923,3.1780538303479458,0.4615384615384615,0.7515451174289246,0.6923076923076923,1.2047933096947845,0.7839231078441327,0.0769230769230769,openalex_health_informatics_1000
W3037647569,pre_ai,2020,Medicine,30,2.0,0.7666666666666667,2.9944807084449314,0.3666666666666666,0.6201852754753778,0.5333333333333333,1.672655964550768,0.8379516323407491,0.2333333333333333,openalex_health_informatics_1000
W3037896202,pre_ai,2020,Medicine,11,2.0,0.8181818181818182,2.995732273553991,0.3636363636363636,0.9724374133572536,0.3636363636363636,0.8599672810355049,0.8011540499600497,0.2727272727272727,openalex_health_informatics_1000
W3038043535,pre_ai,2020,Medicine,13,1.0,0.6153846153846154,3.912023005428146,0.3076923076923077,0.6682161533991865,0.5384615384615384,1.377819508039033,0.8226293646372281,0.3076923076923077,openalex_health_informatics_1000
W3038235464,pre_ai,2020,Medicine,68,5.5,0.3970588235294117,5.417431960914162,0.1470588235294117,0.7113537509082404,0.5588235294117647,1.6158520428803025,0.7814337733913871,0.088235294117647,openalex_health_informatics_1000
W3038265118,pre_ai,2020,Medicine,31,6.0,0.3225806451612903,4.127134385045092,0.2903225806451613,0.8157784053355766,0.9032258064516128,1.9801769538472496,0.8480497425602328,0.2580645161290322,openalex_health_informatics_1000
W3039368628,pre_ai,2020,Medicine,24,7.0,0.25,4.060294355870135,0.1666666666666666,0.8747306158008161,0.9166666666666666,0.9830877585747856,0.817460909485817,0.0833333333333333,openalex_health_informatics_1000
W3040111091,pre_ai,2020,Medicine,3,5.0,0.3333333333333333,4.454347296253507,0.3333333333333333,0.7267080745341615,0.3333333333333333,0.6365141682948128,0.7787688970565796,0.0,openalex_health_informatics_1000
W3041089103,pre_ai,2020,Medicine,23,6.0,0.1304347826086956,3.871201010907891,0.1304347826086956,0.8929897357501638,0.8695652173913043,1.479906239123176,0.8271654481473176,0.1304347826086956,openalex_health_informatics_1000
W3041148084,pre_ai,2020,Medicine,77,4.0,0.4675324675324675,2.833213344056216,0.4935064935064935,0.7752561276099079,0.4025974025974026,1.4723963897251375,0.8104632272348775,0.2467532467532467,openalex_health_informatics_1000
W3041256607,pre_ai,2020,Medicine,43,2.0,0.7906976744186046,4.262679877041316,0.1860465116279069,0.5609728117471607,0.3720930232558139,1.046066679786147,0.8429939081502515,0.1860465116279069,openalex_health_informatics_1000
W3041349495,pre_ai,2020,Medicine,7,1.0,0.8571428571428571,0.0,1.0,0.4444444444444444,0.5714285714285714,1.4750763110546947,0.8510337386812482,0.7142857142857143,openalex_health_informatics_1000
W3041537734,pre_ai,2020,Medicine,23,5.0,0.2608695652173913,4.110873864173311,0.2608695652173913,0.6925663716814159,0.5652173913043478,1.520647864609364,0.823196890561477,0.1739130434782608,openalex_health_informatics_1000
W3041796653,pre_ai,2020,Medicine,46,3.0,0.5217391304347826,4.591844170489377,0.0869565217391304,0.8719586608762575,0.717391304347826,1.8649446488277264,0.7699061489623525,0.0434782608695652,openalex_health_informatics_1000
W3042022921,pre_ai,2020,Medicine,7,2.0,0.5714285714285714,3.1354942159291497,0.4285714285714285,0.4436860068259385,0.4285714285714285,0.6829081047004717,0.8761983343533107,0.2857142857142857,openalex_health_informatics_1000
W3042815109,pre_ai,2020,Medicine,32,5.5,0.375,5.243130837807351,0.09375,0.6549383263821102,0.53125,1.5080760655799028,0.8750082869082689,0.09375,openalex_health_informatics_1000
W3042865117,pre_ai,2020,Medicine,28,4.0,0.3571428571428571,3.6199662956602343,0.1785714285714285,0.6920399164539336,0.6785714285714286,1.854548784013,0.787345466869218,0.1071428571428571,openalex_health_informatics_1000
W3042904241,pre_ai,2020,Medicine,16,2.0,0.875,3.77847528600645,0.25,0.4889643463497453,0.6875,1.474056825273205,0.821974977850914,0.1875,openalex_health_informatics_1000
W3043167642,pre_ai,2020,Medicine,4,15.0,0.0,7.368519773093267,0.0,0.5454777938794647,1.0,0.5623351446188083,0.8064659088850021,0.0,openalex_health_informatics_1000
W3043396016,pre_ai,2020,Medicine,10,2.0,0.7,3.709090411363394,0.3,0.5745489078822412,0.5,1.0296530140645737,0.8483119368553161,0.3,openalex_health_informatics_1000
W3043673199,pre_ai,2020,Medicine,16,1.0,0.875,3.686059014168893,0.125,0.4890864995957963,0.6875,1.5110861760736112,0.8261933028697968,0.0625,openalex_health_informatics_1000
W3044103490,pre_ai,2020,Medicine,38,5.5,0.1842105263157894,4.842665771366479,0.2631578947368421,0.6755495737999103,0.8421052631578947,1.6828881371192388,0.8460864707043296,0.2105263157894736,openalex_health_informatics_1000
W3044430020,pre_ai,2020,Medicine,51,2.0,0.5882352941176471,4.143134726391533,0.196078431372549,0.8427864400840925,0.7254901960784313,2.061595869614924,0.799569262009041,0.1568627450980392,openalex_health_informatics_1000
W3044735484,pre_ai,2020,Medicine,29,1.0,0.8620689655172413,2.9444389791664403,0.4827586206896552,0.380693405846363,0.0689655172413793,0.2987580581893401,0.8240893483161926,0.4137931034482758,openalex_health_informatics_1000
W3045226598,pre_ai,2021,Medicine,13,5.0,0.3076923076923077,4.382026634673881,0.3076923076923077,0.564042303172738,0.4615384615384615,1.2636256721237276,0.7941428606326764,0.1538461538461538,openalex_health_informatics_1000
W3045238219,pre_ai,2020,Medicine,11,7.0,0.1818181818181818,3.5263605246161616,0.3636363636363636,0.9828820567273197,0.7272727272727273,1.594166699118017,0.80850365487012,0.2727272727272727,openalex_health_informatics_1000
W3045439214,pre_ai,2020,Medicine,20,2.0,0.85,4.417677985560802,0.1,0.3593179049939098,0.3,1.14839214282331,0.8623135834932327,0.1,openalex_health_informatics_1000
W3045567674,pre_ai,2020,Medicine,15,4.0,0.4,4.934473933130692,0.0,0.3620092378752886,0.6666666666666666,1.235144651532666,0.8168406009674072,0.0,openalex_health_informatics_1000
W3045936641,pre_ai,2020,Medicine,13,14.0,0.0769230769230769,3.8501476017100575,0.2307692307692307,0.5501373626373627,0.6153846153846154,1.5857708352080968,0.8630699652891892,0.2307692307692307,openalex_health_informatics_1000
W3046113390,pre_ai,2020,Medicine,33,4.5,0.4242424242424242,4.624972813284271,0.0909090909090909,0.648171500630517,0.6666666666666666,1.9492478676364415,0.844748525908499,0.0606060606060606,openalex_health_informatics_1000
W3046560217,pre_ai,2020,Medicine,10,3.5,0.5,4.374549124199509,0.2,0.4120902511707109,0.3,0.9404479886553264,0.8062312781810761,0.2,openalex_health_informatics_1000
W3046893242,pre_ai,2020,Medicine,23,7.0,0.217391304347826,5.808142489980444,0.0869565217391304,0.8493402579330567,0.8695652173913043,1.5223964486226174,0.7679417936698251,0.0,openalex_health_informatics_1000
W3047110312,pre_ai,2020,Medicine,14,2.5,0.6428571428571429,3.772694874805912,0.2857142857142857,0.7137176938369781,1.0,0.7589367727620595,0.8631031257765633,0.2857142857142857,openalex_health_informatics_1000
W3048397901,pre_ai,2020,Medicine,14,5.5,0.4285714285714285,3.2384861814448413,0.4285714285714285,0.7010309278350515,0.5,0.8982053397041498,0.8489603698253632,0.3571428571428571,openalex_health_informatics_1000
W3048449535,pre_ai,2020,Medicine,17,2.0,0.6470588235294118,2.833213344056216,0.4705882352941176,0.56765899864682,0.4117647058823529,1.152564616149156,0.7920503616333008,0.0588235294117647,openalex_health_informatics_1000
W3048464064,pre_ai,2020,Medicine,36,5.0,0.3055555555555556,5.769238122907117,0.0555555555555555,0.8181694136234694,0.8888888888888888,0.4724416944694684,0.7329450050989786,0.0,openalex_health_informatics_1000
W3048902157,pre_ai,2020,Medicine,11,2.0,0.7272727272727273,3.9318256327243257,0.1818181818181818,0.9221495709031468,0.3636363636363636,0.8599672810355049,0.8680775707418268,0.0909090909090909,openalex_health_informatics_1000
W3050761371,pre_ai,2020,Medicine,45,2.0,0.5555555555555556,3.784189633918261,0.3555555555555555,0.941806254641472,1.0,1.7317472107300005,0.7807756463686625,0.1777777777777777,openalex_health_informatics_1000
W3055421392,pre_ai,2020,Medicine,102,4.0,0.4509803921568627,3.218875824868201,0.4117647058823529,0.93357246462033,0.4019607843137255,1.2351957923561323,0.808674054402931,0.2352941176470588,openalex_health_informatics_1000
W3058326112,pre_ai,2020,Medicine,12,1.0,0.8333333333333334,2.302585092994046,0.75,0.3858267716535433,0.6666666666666666,1.077556327066801,0.8189449161291122,0.5,openalex_health_informatics_1000
W3063829060,pre_ai,2019,Medicine,3,6.0,0.0,5.087596335232384,0.0,0.6683417085427136,0.6666666666666666,0.6365141682948128,0.8279938499132792,0.0,openalex_health_informatics_1000
W3070313384,pre_ai,2020,Medicine,30,3.0,0.6666666666666666,3.5858284113842576,0.2333333333333333,0.640222686151705,0.3,1.1601704463889484,0.8532622118790945,0.2,openalex_health_informatics_1000
W3072836484,pre_ai,2020,Medicine,24,3.5,0.5,3.2769667020129054,0.4166666666666667,0.8094512195121951,0.6666666666666666,1.6297466992776035,0.8328557560841242,0.3333333333333333,openalex_health_informatics_1000
W3076720290,pre_ai,2020,Medicine,10,1.0,0.8,3.729669447610148,0.3,0.4202279202279202,0.1,0.3250829733914482,0.8492939651012421,0.3,openalex_health_informatics_1000
W3077393137,pre_ai,2020,Medicine,29,2.0,0.6206896551724138,4.454347296253507,0.1724137931034483,0.8364791895637215,0.6206896551724138,1.6841844741962662,0.8493111010255485,0.1724137931034483,openalex_health_informatics_1000
W3077749392,pre_ai,2020,Medicine,16,2.5,0.5625,5.09583475001478,0.3125,0.5213440768043888,0.5625,1.3686896376228386,0.8039798252284527,0.3125,openalex_health_informatics_1000
W3078591268,pre_ai,2020,Medicine,32,3.0,0.5625,4.218100016103353,0.15625,0.7260783884388001,0.28125,0.9358177378980284,0.8197298496961594,0.125,openalex_health_informatics_1000
W3080187696,pre_ai,2020,Medicine,10,0.5,0.8,1.5890269151739729,0.8,0.9779551501330292,0.1,0.3250829733914482,0.8125072121620178,0.4,openalex_health_informatics_1000
W3080222954,pre_ai,2020,Medicine,18,2.5,0.6111111111111112,4.843411483659814,0.1111111111111111,0.4343237989447375,0.6111111111111112,1.6904084725341788,0.8085801038477156,0.1111111111111111,openalex_health_informatics_1000
W3080485331,pre_ai,2020,Medicine,66,2.0,0.8939393939393939,2.995732273553991,0.4393939393939394,0.798168308277173,0.8333333333333334,1.4830951390952531,0.8406812891815648,0.3484848484848485,openalex_health_informatics_1000
W3080527613,pre_ai,2020,Medicine,28,5.5,0.3214285714285714,5.096696076670503,0.1071428571428571,0.5760381793575041,0.4285714285714285,1.3614474444521047,0.8142624390976769,0.0714285714285714,openalex_health_informatics_1000
W3080727570,pre_ai,2020,Medicine,16,1.0,0.875,2.70805020110221,0.5625,0.4738372093023256,0.375,0.98689944883853,0.7971810735762119,0.1875,openalex_health_informatics_1000
W3080945889,pre_ai,2020,Medicine,14,1.0,0.8571428571428571,2.5184763012068148,0.5714285714285714,0.8431174089068826,0.5,1.1709971261162124,0.8249676866190774,0.5,openalex_health_informatics_1000
W3081023702,pre_ai,2020,Medicine,15,5.0,0.4,4.189654742026425,0.2,0.4884467265725289,0.4666666666666667,1.4141754640569788,0.862016499042511,0.2,openalex_health_informatics_1000
W3081086474,pre_ai,2020,Medicine,13,5.0,0.3076923076923077,3.218875824868201,0.3846153846153846,0.5843164469118668,0.7692307692307693,1.7782333057997075,0.8393183029614962,0.3846153846153846,openalex_health_informatics_1000
W3081126843,pre_ai,2020,Medicine,11,1.0,0.8181818181818182,2.8903717578961645,0.4545454545454545,0.8460982658959537,0.4545454545454545,1.294545165844896,0.8345850326798179,0.2727272727272727,openalex_health_informatics_1000
W3081131100,pre_ai,2020,Medicine,99,2.0,0.9090909090909092,2.4849066497880004,0.5757575757575758,0.6425008906305665,0.7474747474747475,1.92363504068849,0.8651179701390893,0.5656565656565656,openalex_health_informatics_1000
W3081136031,pre_ai,2020,Medicine,12,1.0,1.0,2.888826161611328,0.3333333333333333,0.6869565217391305,0.4166666666666667,0.887694275799104,0.7930245796839396,0.3333333333333333,openalex_health_informatics_1000
W3081216508,pre_ai,2020,Medicine,8,0.0,1.0,2.8872757727722043,0.5,0.6229802513464991,0.25,0.7356219397587946,0.8432092294096947,0.375,openalex_health_informatics_1000
W3081453172,pre_ai,2020,Medicine,19,1.0,1.0,2.3978952727983707,0.6842105263157895,0.2775665399239543,0.3684210526315789,1.2290985307613993,0.8563269408125627,0.6842105263157895,openalex_health_informatics_1000
W3082837871,pre_ai,2021,Medicine,57,8.0,0.1929824561403508,4.8283137373023015,0.1403508771929824,0.8677713684516035,0.8245614035087719,2.1377794587974166,0.823714652605224,0.1228070175438596,openalex_health_informatics_1000
W3082989676,pre_ai,2020,Medicine,15,2.0,0.8,3.7612001156935615,0.3333333333333333,0.8131006079623455,0.6,1.3624474851916286,0.805577298005422,0.3333333333333333,openalex_health_informatics_1000
W3083722050,pre_ai,2020,Medicine,28,9.0,0.2142857142857142,3.901921651769386,0.2142857142857142,0.45595690747782,0.4285714285714285,1.2462111802748768,0.8438997204814639,0.1785714285714285,openalex_health_informatics_1000
W3083871898,pre_ai,2020,Medicine,23,1.0,0.782608695652174,3.4657359027997265,0.391304347826087,0.7356181150550796,0.4782608695652174,1.5376528418832602,0.846397700517074,0.3043478260869565,openalex_health_informatics_1000
W3083901094,pre_ai,2020,Medicine,19,10.0,0.2105263157894736,5.099866427824199,0.0526315789473684,0.4864655839133797,0.631578947368421,1.4391741154213276,0.8196423838013097,0.0526315789473684,openalex_health_informatics_1000
W3083992516,pre_ai,2020,Medicine,39,2.0,0.6923076923076923,4.663439094112067,0.1538461538461538,0.7202078705172961,0.3333333333333333,1.064945176334846,0.8144696354866028,0.0512820512820512,openalex_health_informatics_1000
W3084231313,pre_ai,2020,Medicine,29,2.0,0.6206896551724138,4.356708826689592,0.2068965517241379,0.6150748912868417,0.3448275862068966,1.0855148204772964,0.8513591330626915,0.1724137931034483,openalex_health_informatics_1000
W3084257477,pre_ai,2020,Medicine,8,2.5,0.75,2.8617925509761903,0.375,0.8509316770186336,1.0,1.559581156259877,0.9239268526434898,0.375,openalex_health_informatics_1000
W3084286597,pre_ai,2020,Medicine,12,1.0,0.75,4.515846030274262,0.25,0.625810635538262,0.3333333333333333,0.8675632284814612,0.7949700752894083,0.1666666666666666,openalex_health_informatics_1000
W3084378266,pre_ai,2020,Medicine,31,2.0,0.6774193548387096,3.4011973816621555,0.4516129032258064,0.7705840957072484,0.3870967741935484,1.0836146717898596,0.8135414085080547,0.1935483870967742,openalex_health_informatics_1000
W3084438218,pre_ai,2020,Medicine,29,1.0,0.8275862068965517,4.127134385045092,0.2068965517241379,0.661364249123753,0.2068965517241379,0.8327213014523247,0.8085521747326029,0.0689655172413793,openalex_health_informatics_1000
W3084708954,pre_ai,2020,Medicine,29,2.0,0.896551724137931,4.204692619390966,0.2068965517241379,0.5020364415862808,0.2758620689655172,0.9236253817867728,0.8674920653474743,0.1724137931034483,openalex_health_informatics_1000
W3086441691,pre_ai,2020,Medicine,4,0.0,1.0,1.47221948958322,0.5,0.5,0.5,1.039720770839918,0.82589390873909,0.5,openalex_health_informatics_1000
W3086667591,pre_ai,2020,Medicine,16,2.0,0.9375,3.848106319673204,0.25,0.3687943262411347,0.1875,0.6885673693022827,0.7636940516531467,0.0,openalex_health_informatics_1000
W3087068758,pre_ai,2020,Medicine,15,5.5,0.4,4.927253685157205,0.0666666666666666,0.7448399326032014,0.4666666666666667,1.1369165918330009,0.8395276864369711,0.0666666666666666,openalex_health_informatics_1000
W3087086163,pre_ai,2020,Medicine,55,1.0,0.9090909090909092,2.19722457733622,0.5818181818181818,0.699468085106383,0.3636363636363636,1.388628580178258,0.8179045037789778,0.4545454545454545,openalex_health_informatics_1000
W3087496930,pre_ai,2020,Medicine,6,8.0,0.1666666666666666,5.625208595066871,0.0,0.8823638042474607,0.8333333333333334,1.5607104090414063,0.7212737997372946,0.0,openalex_health_informatics_1000
W3087532900,pre_ai,2020,Medicine,43,5.0,0.4418604651162791,3.828641396489095,0.2325581395348837,0.797432840008417,0.7906976744186046,1.6352364417833063,0.8463312387466431,0.1627906976744186,openalex_health_informatics_1000
W3087776590,pre_ai,2020,Medicine,17,1.0,0.8823529411764706,2.833213344056216,0.4705882352941176,0.7306648575305291,0.2352941176470588,0.7902347553432827,0.8540705161936143,0.3529411764705882,openalex_health_informatics_1000
W3087893815,pre_ai,2021,Medicine,75,4.0,0.4533333333333333,4.51085950651685,0.08,0.5350020990764064,0.6,1.927840433545917,0.7920332312583923,0.04,openalex_health_informatics_1000
W3088026632,pre_ai,2020,Medicine,6,1.0,0.8333333333333334,3.970113882572851,0.3333333333333333,0.4230769230769231,0.8333333333333334,1.0114042647073516,0.7808401981989542,0.0,openalex_health_informatics_1000
W3088228894,pre_ai,2020,Medicine,9,2.0,0.8888888888888888,3.8501476017100575,0.1111111111111111,0.2357512953367875,0.4444444444444444,0.936888307539016,0.8449449274275038,0.1111111111111111,openalex_health_informatics_1000
W3088302081,pre_ai,2020,Medicine,8,2.0,0.875,2.2499048351651325,0.875,0.2602739726027397,0.625,1.4941751382893085,0.7604086101055145,0.25,openalex_health_informatics_1000
W3088364823,pre_ai,2020,Medicine,10,2.0,1.0,3.471561211409714,0.0,0.3178694158075601,0.2,0.639031859650177,0.8479830026626587,0.0,openalex_health_informatics_1000
W3088387283,pre_ai,2020,Medicine,14,4.0,0.3571428571428571,3.751920373349476,0.2857142857142857,0.704647676161919,0.5714285714285714,1.5367224694372197,0.8095068292958396,0.2142857142857142,openalex_health_informatics_1000
W3088589938,pre_ai,2020,Medicine,34,2.0,0.8529411764705882,3.332204510175204,0.3235294117647059,0.670018281535649,0.2352941176470588,0.718682089206548,0.8425567833816304,0.2941176470588235,openalex_health_informatics_1000
W3088605444,pre_ai,2020,Medicine,14,7.5,0.2142857142857142,4.126613822790886,0.2857142857142857,0.9174925097948836,0.9285714285714286,1.4377014436429414,0.7988053262233734,0.2142857142857142,openalex_health_informatics_1000
W3088850511,pre_ai,2020,Medicine,11,6.0,0.4545454545454545,3.58351893845611,0.2727272727272727,0.8717339667458432,0.7272727272727273,1.8462202193216333,0.7919797138734297,0.0,openalex_health_informatics_1000
W3088866196,pre_ai,2020,Medicine,30,6.5,0.3666666666666666,4.619075036307725,0.1333333333333333,0.4770742358078602,0.3333333333333333,0.9994808267432208,0.8721546630064646,0.1333333333333333,openalex_health_informatics_1000
W3089278558,pre_ai,2020,Medicine,61,3.0,0.5245901639344263,3.044522437723423,0.4426229508196721,0.8459527295544865,0.6065573770491803,1.7102639191331788,0.8542037977546942,0.3770491803278688,openalex_health_informatics_1000
W3089318560,pre_ai,2020,Medicine,43,2.0,0.7906976744186046,3.80666248977032,0.2558139534883721,0.8532902354303358,0.3953488372093023,1.5089359025529403,0.799632188885711,0.0930232558139534,openalex_health_informatics_1000
W3089327259,pre_ai,2020,Medicine,25,3.0,0.52,4.8283137373023015,0.24,0.4753801593048515,0.76,1.6232822062424912,0.8183825516700745,0.12,openalex_health_informatics_1000
W3089623907,pre_ai,2020,Medicine,9,1.0,0.8888888888888888,3.912023005428146,0.2222222222222222,0.6367521367521367,0.7777777777777778,0.5297061990576545,0.8294875224431356,0.2222222222222222,openalex_health_informatics_1000
W3089650935,pre_ai,2020,Medicine,13,1.0,0.6153846153846154,4.406719247264253,0.2307692307692307,0.7174524982406756,0.4615384615384615,1.4105135571148382,0.8150969972977271,0.2307692307692307,openalex_health_informatics_1000
W3089706062,pre_ai,2020,Medicine,20,2.0,0.7,2.6735537653587342,0.55,0.8142300594627845,0.25,0.7999027794271169,0.8022228956222535,0.25,openalex_health_informatics_1000
W3089917221,pre_ai,2020,Medicine,16,1.0,1.0,2.505317647048128,0.5625,0.4524886877828054,0.5625,1.7479662368880953,0.7216602936387062,0.0,openalex_health_informatics_1000
W3090042218,pre_ai,2020,Medicine,21,3.0,0.5238095238095238,3.49650756146648,0.3333333333333333,0.775382096069869,0.4285714285714285,1.4265337291131528,0.8127431103161403,0.2857142857142857,openalex_health_informatics_1000
W3090082271,pre_ai,2020,Medicine,27,0.0,0.8888888888888888,2.772588722239781,0.5185185185185185,0.5363489499192245,0.3703703703703703,1.2872052942561891,0.8460532470985695,0.5185185185185185,openalex_health_informatics_1000
W3090128601,pre_ai,2020,Medicine,42,2.0,0.7142857142857143,3.1112881340356844,0.4047619047619047,0.742103738046943,0.3571428571428571,1.1979166658289715,0.819788498537881,0.3333333333333333,openalex_health_informatics_1000
W3090170696,pre_ai,2020,Medicine,27,4.0,0.4814814814814814,3.951243718581428,0.1111111111111111,0.5442392502756339,0.8148148148148148,1.3339124115631191,0.7560739009468643,0.0,openalex_health_informatics_1000
W3090756341,pre_ai,2020,Medicine,23,1.0,0.9565217391304348,3.4339872044851463,0.3043478260869565,0.4846322722283205,0.2608695652173913,0.9208326693554344,0.8142745313437089,0.217391304347826,openalex_health_informatics_1000
W3090969061,pre_ai,2020,Medicine,12,2.5,0.6666666666666666,2.70582302592752,0.5833333333333334,0.7493403693931399,0.5833333333333334,1.4677339293271523,0.8084538082281748,0.3333333333333333,openalex_health_informatics_1000
W3091100121,pre_ai,2020,Medicine,23,2.0,0.9130434782608696,3.49650756146648,0.217391304347826,0.531638723634397,0.5652173913043478,1.5433977839034747,0.7823957360309103,0.1304347826086956,openalex_health_informatics_1000
W3091593320,pre_ai,2020,Medicine,133,2.0,0.6616541353383458,1.9459101490553128,0.7443609022556391,0.94991967204033,0.518796992481203,1.6431638690754693,0.7961505337765342,0.3759398496240601,openalex_health_informatics_1000
W3091644591,pre_ai,2020,Medicine,12,1.0,0.75,3.957126139371221,0.25,0.4893138357705286,0.5833333333333334,1.236684869140504,0.8516252785921097,0.25,openalex_health_informatics_1000
W3091935779,pre_ai,2020,Medicine,15,1.0,0.6666666666666666,2.833213344056216,0.4666666666666667,0.8093325457767278,0.5333333333333333,1.2680942586678274,0.8160407980283101,0.3333333333333333,openalex_health_informatics_1000
W3092259203,pre_ai,2020,Medicine,30,3.0,0.5666666666666667,4.147524570217556,0.1,0.6111934156378601,0.8,1.1525513921747048,0.8353604177633921,0.1,openalex_health_informatics_1000
W3092491824,pre_ai,2020,Medicine,42,4.0,0.4523809523809524,4.748811182203312,0.1428571428571428,0.692967409948542,0.6428571428571429,1.6019182149738915,0.8272781812009358,0.1428571428571428,openalex_health_informatics_1000
W3092622479,pre_ai,2020,Medicine,10,1.0,0.8,3.5127691573192603,0.4,0.8358547655068078,0.9,1.7480673485460891,0.810668694972992,0.2,openalex_health_informatics_1000
W3092635044,pre_ai,2020,Medicine,9,1.0,0.7777777777777778,4.430816798843313,0.1111111111111111,0.3226744186046512,0.0,-0.0,0.8456728458404541,0.1111111111111111,openalex_health_informatics_1000
W3093018362,pre_ai,2020,Medicine,8,2.0,0.625,4.011448434800728,0.125,0.6711538461538461,0.375,0.6615632381579821,0.8777773156762123,0.125,openalex_health_informatics_1000
W3093484343,pre_ai,2021,Medicine,20,2.0,0.6,5.359868465115028,0.15,0.5768827007016962,0.6,1.6229667426615422,0.8123492240905762,0.15,openalex_health_informatics_1000
W3093650933,pre_ai,2020,Medicine,69,2.0,0.6666666666666666,3.1354942159291497,0.391304347826087,0.7332291259606617,0.2318840579710145,0.8919396617433293,0.8536405494247657,0.391304347826087,openalex_health_informatics_1000
W3093861859,pre_ai,2020,Medicine,39,2.0,0.6923076923076923,3.80666248977032,0.2307692307692307,0.5419396274887605,0.4615384615384615,1.5352720519173502,0.8250068166317084,0.1794871794871795,openalex_health_informatics_1000
W3093980853,pre_ai,2020,Medicine,31,0.0,0.8387096774193549,0.6931471805599453,0.5806451612903226,0.7115384615384616,0.2903225806451613,1.0445885089326603,0.8320692719951752,0.5483870967741935,openalex_health_informatics_1000
W3094088369,pre_ai,2020,Medicine,18,1.0,0.8888888888888888,3.1567740231385475,0.3333333333333333,0.6541353383458647,0.2777777777777778,0.854806284951481,0.8728965918223063,0.3333333333333333,openalex_health_informatics_1000
W3094141556,pre_ai,2020,Medicine,12,1.0,0.9166666666666666,2.799210979499187,0.5,0.6595330739299611,0.4166666666666667,1.1187433359857524,0.838649054368337,0.3333333333333333,openalex_health_informatics_1000
W3094150112,pre_ai,2020,Medicine,9,2.0,0.5555555555555556,5.594711379601839,0.1111111111111111,0.3574931880108992,0.7777777777777778,1.2730283365896258,0.8358623849021064,0.1111111111111111,openalex_health_informatics_1000
W3094444476,pre_ai,2020,Medicine,17,3.0,0.5882352941176471,3.7612001156935615,0.1764705882352941,0.5473098330241187,0.8235294117647058,1.5335908003183834,0.8266839490217321,0.1176470588235294,openalex_health_informatics_1000
W3094553643,pre_ai,2020,Medicine,48,2.0,0.6666666666666666,3.699393137709974,0.2916666666666667,0.7437628962671169,0.7916666666666666,1.810816428908708,0.8177895893653234,0.1875,openalex_health_informatics_1000
W3094685496,pre_ai,2020,Medicine,12,2.0,0.75,3.119162312519754,0.5,0.7816550348953141,0.5833333333333334,1.3522093992338284,0.8192288478215536,0.3333333333333333,openalex_health_informatics_1000
W3094858067,pre_ai,2020,Medicine,16,2.0,0.625,3.1345481418531307,0.375,0.9260489842415036,0.375,1.2468296415485096,0.850414589047432,0.375,openalex_health_informatics_1000
W3095169666,pre_ai,2020,Medicine,14,2.0,0.6428571428571429,3.151309487872453,0.2857142857142857,0.5054187192118227,0.4285714285714285,1.252762968495368,0.8319972540651049,0.1428571428571428,openalex_health_informatics_1000
W3095174869,pre_ai,2020,Medicine,6,3.0,0.5,4.488573242404236,0.3333333333333333,0.6635514018691588,0.3333333333333333,0.8675632284814612,0.7783429622650146,0.1666666666666666,openalex_health_informatics_1000
W3095389414,pre_ai,2020,Medicine,41,2.0,0.8048780487804879,3.218875824868201,0.4146341463414634,0.6804658817571845,0.4634146341463415,1.3242975128159458,0.8032744614089408,0.1219512195121951,openalex_health_informatics_1000
W3095399468,pre_ai,2020,Medicine,103,2.0,0.7184466019417476,2.4849066497880004,0.6310679611650486,0.9325518831667948,0.6893203883495146,1.5813603283931947,0.8549468164305085,0.5825242718446602,openalex_health_informatics_1000
W3095523094,pre_ai,2020,Medicine,8,3.0,0.625,5.089042192719626,0.0,0.6762155059132721,0.25,0.7356219397587946,0.8202937841415405,0.0,openalex_health_informatics_1000
W3095560178,pre_ai,2021,Medicine,121,3.0,0.6363636363636364,3.58351893845611,0.3636363636363636,0.8221885612372041,0.5454545454545454,1.602394302759974,0.7954282381317832,0.1487603305785124,openalex_health_informatics_1000
W3095899746,pre_ai,2020,Medicine,30,1.0,0.9666666666666668,2.9174053685313024,0.4666666666666667,0.55324790101635,0.2,0.6739150692344802,0.8391428232192993,0.4,openalex_health_informatics_1000
W3095912373,pre_ai,2020,Medicine,21,1.0,0.8095238095238095,4.564348191467836,0.3333333333333333,0.7904727469944861,0.8095238095238095,1.9480533458214964,0.8357100685437521,0.3333333333333333,openalex_health_informatics_1000
W3095977225,pre_ai,2020,Medicine,38,2.0,0.6842105263157895,2.70805020110221,0.5263157894736842,0.838586717490104,0.3684210526315789,1.1260114119311897,0.8212311205111051,0.3684210526315789,openalex_health_informatics_1000
W3096013895,pre_ai,2020,Medicine,48,2.0,0.7708333333333334,2.8029010331479984,0.5,0.6856088560885609,0.7083333333333334,1.473870740143428,0.7779641412198544,0.1041666666666666,openalex_health_informatics_1000
W3096167468,pre_ai,2020,Medicine,34,2.0,0.7058823529411765,3.198464827608073,0.4117647058823529,0.7771693845970717,0.5588235294117647,1.7941472525482955,0.8148003448458279,0.2647058823529412,openalex_health_informatics_1000
W3096718527,pre_ai,2020,Medicine,7,0.0,0.7142857142857143,3.091042453358316,0.2857142857142857,0.9154589371980676,0.2857142857142857,0.5982695885852573,0.8234824453081403,0.1428571428571428,openalex_health_informatics_1000
W3096775062,pre_ai,2020,Medicine,46,0.0,0.9347826086956522,3.017740716262378,0.4565217391304347,0.7767669699090273,0.3478260869565217,1.2734711581978089,0.8295368889103765,0.3043478260869565,openalex_health_informatics_1000
W3096943439,pre_ai,2020,Medicine,38,3.0,0.5789473684210527,4.369367730681736,0.1578947368421052,0.5343200849156741,0.6052631578947368,1.6152741472047,0.8696487655765132,0.1578947368421052,openalex_health_informatics_1000
W3097208481,pre_ai,2020,Medicine,21,5.0,0.3809523809523809,6.1092475827643655,0.0952380952380952,0.6920274694168902,0.7619047619047619,1.9513496062520652,0.8419366961433774,0.0952380952380952,openalex_health_informatics_1000
W3097223611,pre_ai,2020,Medicine,10,1.5,0.8,3.194280702772815,0.4,0.6061365059486538,0.2,0.639031859650177,0.8939875066280365,0.4,openalex_health_informatics_1000
W3097371517,pre_ai,2020,Medicine,5,1.0,0.6,2.3978952727983707,0.6,0.9769012856831554,0.2,0.5004024235381879,0.8626844882965088,0.6,openalex_health_informatics_1000
W3097416145,pre_ai,2020,Medicine,12,3.0,0.6666666666666666,2.931815587799049,0.5,0.6449136276391555,0.5833333333333334,1.583258459420477,0.7705479512612025,0.0833333333333333,openalex_health_informatics_1000
W3099217180,pre_ai,2020,Medicine,19,2.0,0.7368421052631579,3.688879454113936,0.2105263157894736,0.5387509405568096,0.2631578947368421,0.9269075593909928,0.8370266870448464,0.1052631578947368,openalex_health_informatics_1000
W3102025788,pre_ai,2020,Medicine,30,0.0,0.8333333333333334,2.8617925509761903,0.4666666666666667,0.8734340596765622,0.5,1.3078152885137753,0.8376300235589346,0.4,openalex_health_informatics_1000
W3103396008,pre_ai,2020,Medicine,3,5.0,0.3333333333333333,5.288267030694535,0.3333333333333333,0.7541176470588236,0.6666666666666666,1.0986122886681096,0.7625153660774231,0.3333333333333333,openalex_health_informatics_1000
W3103768940,pre_ai,2020,Medicine,31,5.0,0.4516129032258064,3.367295829986474,0.4193548387096774,0.8515166340508806,0.1935483870967742,0.7934004308456332,0.8253309380623602,0.3870967741935484,openalex_health_informatics_1000
W3105110297,pre_ai,2020,Medicine,8,3.0,0.5,5.446142487598515,0.0,0.2173435784851811,0.875,0.9002560512685369,0.861486628651619,0.0,openalex_health_informatics_1000
W3106575366,pre_ai,2020,Medicine,4,6.0,0.0,2.5437981676161923,0.5,0.8940269749518305,0.75,0.5623351446188083,0.9398756176233292,0.5,openalex_health_informatics_1000
W3106887551,pre_ai,2020,Medicine,9,1.0,1.0,3.295836866004329,0.2222222222222222,0.6088527551942186,0.7777777777777778,1.2730283365896258,0.8102898928854201,0.1111111111111111,openalex_health_informatics_1000
W3107218047,pre_ai,2020,Medicine,24,2.0,0.5833333333333334,4.181787851375319,0.2083333333333333,0.5238608789431114,0.6666666666666666,1.8749540125305355,0.7891632368167242,0.0833333333333333,openalex_health_informatics_1000
W3107263672,pre_ai,2020,Medicine,31,2.0,0.7096774193548387,3.912023005428146,0.2258064516129032,0.8233520034467902,0.5161290322580645,1.5150284669653418,0.8473305317663378,0.1612903225806451,openalex_health_informatics_1000
W3107277021,pre_ai,2020,Medicine,8,2.0,0.75,3.4696269730207536,0.5,0.7549271636675235,0.25,0.7356219397587946,0.8594966158270836,0.5,openalex_health_informatics_1000
W3107396352,pre_ai,2020,Medicine,22,3.0,0.5454545454545454,3.7576722855902176,0.2727272727272727,0.9140511479221156,0.0,-0.0,0.8373369682918895,0.2272727272727272,openalex_health_informatics_1000
W3107509176,pre_ai,2020,Medicine,93,2.0,0.6666666666666666,3.49650756146648,0.3440860215053763,0.5221524218879153,0.5698924731182796,1.7774198179147134,0.8008764828405073,0.1935483870967742,openalex_health_informatics_1000
W3107881966,pre_ai,2020,Medicine,80,6.0,0.175,2.19722457733622,0.6375,0.929259311712222,0.9125,0.5558632291758565,0.8847399286925792,0.5875,openalex_health_informatics_1000
W3107969206,pre_ai,2020,Medicine,30,6.0,0.3333333333333333,5.697729314658677,0.0333333333333333,0.4915245504662785,0.6,1.6768969493013084,0.8421187023321788,0.0333333333333333,openalex_health_informatics_1000
W3108119861,pre_ai,2020,Medicine,8,3.5,0.5,4.5396600547688895,0.25,0.5477693144722524,0.625,1.4941751382893085,0.8388948887586594,0.25,openalex_health_informatics_1000
W3108438697,pre_ai,2020,Medicine,30,4.0,0.4333333333333333,2.967447097809794,0.4333333333333333,0.8173892917759605,1.0,1.3024685046971851,0.8314708431561788,0.2,openalex_health_informatics_1000
W3109130608,pre_ai,2020,Medicine,15,2.5,0.6666666666666666,4.174387269895637,0.2666666666666666,0.4969378827646544,0.5333333333333333,1.39539709232679,0.8354011178016663,0.2,openalex_health_informatics_1000
W3109148626,pre_ai,2020,Medicine,24,5.5,0.375,4.453738488764369,0.2083333333333333,0.6975470245297547,0.75,1.6326309271543518,0.8287914916872978,0.2083333333333333,openalex_health_informatics_1000
W3109647503,pre_ai,2020,Medicine,2,1.0,1.0,2.470821211304652,1.0,0.5909090909090909,0.0,-0.0,0.920932799577713,1.0,openalex_health_informatics_1000
W3109650690,pre_ai,2020,Medicine,33,2.0,0.7878787878787878,3.4339872044851463,0.303030303030303,0.8445551427054836,0.5454545454545454,1.200039224407031,0.8364956433122809,0.2424242424242424,openalex_health_informatics_1000
W3109712634,pre_ai,2020,Medicine,24,2.0,0.8333333333333334,3.332204510175204,0.2916666666666667,0.7958549222797927,0.3333333333333333,1.214136818761434,0.8117621863881747,0.25,openalex_health_informatics_1000
W3109738061,pre_ai,2020,Medicine,16,3.0,0.5,4.212209895631942,0.3125,0.6565181289786881,0.4375,1.2440166957928942,0.7860579527914524,0.125,openalex_health_informatics_1000
W3109762849,pre_ai,2020,Medicine,55,3.0,0.5818181818181818,4.219507705176107,0.2727272727272727,0.9119232751954636,0.8181818181818182,2.0581879968973977,0.767964820428328,0.1454545454545454,openalex_health_informatics_1000
W3109894209,pre_ai,2020,Medicine,13,1.0,0.6153846153846154,3.4657359027997265,0.3846153846153846,0.5966850828729282,0.4615384615384615,1.2636256721237276,0.8481100751803472,0.3076923076923077,openalex_health_informatics_1000
W3109963111,pre_ai,2020,Medicine,25,3.0,0.56,3.4011973816621555,0.24,0.7100591715976331,0.16,0.6060252027357298,0.8266570520401001,0.2,openalex_health_informatics_1000
W3110169284,pre_ai,2020,Medicine,18,1.0,1.0,3.607619989365049,0.3888888888888889,0.3784556720686368,0.3333333333333333,0.9257019111219666,0.8628371159235636,0.3333333333333333,openalex_health_informatics_1000
W3110281160,pre_ai,2020,Medicine,7,2.0,0.8571428571428571,3.4011973816621555,0.2857142857142857,0.6689702833448514,0.5714285714285714,1.277034259466139,0.8455394421304975,0.2857142857142857,openalex_health_informatics_1000
W3110292931,pre_ai,2021,Medicine,32,3.0,0.6875,5.672401313788043,0.09375,0.919599842690001,0.59375,0.6754645824509031,0.8258438427001238,0.09375,openalex_health_informatics_1000
W3110447907,pre_ai,2020,Medicine,20,2.5,0.8,4.729614819854405,0.2,0.7899745490760208,0.3,0.6108643020548935,0.8263958096504211,0.1,openalex_health_informatics_1000
W3110781278,pre_ai,2020,Medicine,10,0.0,1.0,1.4978661367769954,1.0,0.2888888888888888,0.7,1.2798542258336674,0.8566778123378753,0.7,openalex_health_informatics_1000
W3110784362,pre_ai,2020,Medicine,16,2.0,0.6875,3.255129170261575,0.125,0.5199115044247787,0.4375,0.9470571522825082,0.813238438218832,0.125,openalex_health_informatics_1000
W3110827841,pre_ai,2020,Medicine,27,4.0,0.4444444444444444,4.770684624465665,0.1481481481481481,0.6665570536007892,0.7407407407407407,1.872936068221804,0.8112926527305886,0.1111111111111111,openalex_health_informatics_1000
W3111116029,pre_ai,2020,Medicine,9,1.0,0.8888888888888888,2.6390573296152584,0.5555555555555556,0.7377049180327869,0.2222222222222222,0.6837389058487535,0.7737668752670288,0.1111111111111111,openalex_health_informatics_1000
W3111333805,pre_ai,2020,Medicine,103,1.0,0.8932038834951457,2.079441541679836,0.6893203883495146,0.65828611898017,0.5533980582524272,1.758055780121918,0.8129079590723353,0.3689320388349514,openalex_health_informatics_1000
W3111818395,pre_ai,2020,Medicine,11,5.0,0.4545454545454545,4.543294782270004,0.4545454545454545,0.7015408027392048,0.7272727272727273,1.0900596587107838,0.852155024355108,0.4545454545454545,openalex_health_informatics_1000
W3112066040,pre_ai,2020,Medicine,32,2.5,0.5625,3.7221243247483526,0.25,0.772444489403672,0.65625,1.499303263164394,0.8087972309440374,0.1875,openalex_health_informatics_1000
W3112278503,pre_ai,2020,Medicine,11,8.0,0.2727272727272727,3.871201010907891,0.3636363636363636,0.4970414201183432,0.7272727272727273,1.120950392673583,0.8333402059294961,0.1818181818181818,openalex_health_informatics_1000
W3112680654,pre_ai,2020,Medicine,17,1.0,0.7058823529411765,3.713572066704308,0.2352941176470588,0.9730769230769232,0.7647058823529411,1.4469189829363258,0.843826132662156,0.2352941176470588,openalex_health_informatics_1000
W3112812801,pre_ai,2020,Medicine,29,1.0,0.6206896551724138,5.081404364984463,0.2068965517241379,0.7651705717758118,0.4827586206896552,1.4227013771376291,0.8038353015636576,0.1379310344827586,openalex_health_informatics_1000
W3113541070,pre_ai,2021,Medicine,25,3.0,0.52,4.343805421853684,0.36,0.40625,0.6,1.4757280737111167,0.7954446387290954,0.08,openalex_health_informatics_1000
W3114570813,pre_ai,2020,Medicine,12,6.5,0.3333333333333333,4.18026969068543,0.3333333333333333,0.7734534330387491,0.9166666666666666,1.583258459420477,0.776474287112554,0.0833333333333333,openalex_health_informatics_1000
W3115247823,pre_ai,2021,Medicine,49,4.0,0.3469387755102041,4.31748811353631,0.0816326530612244,0.7695452687048562,0.6938775510204082,1.9705525920226568,0.8331717970419903,0.0816326530612244,openalex_health_informatics_1000
W3115294294,pre_ai,2020,Medicine,9,1.0,0.8888888888888888,2.772588722239781,0.5555555555555556,0.5305343511450382,0.4444444444444444,0.6869615765973234,0.8875102665689256,0.5555555555555556,openalex_health_informatics_1000
W3115975265,pre_ai,2020,Medicine,3,0.0,1.0,0.6931471805599453,0.6666666666666666,0.9830508474576272,0.3333333333333333,0.6365141682948128,0.9049645860989888,0.6666666666666666,openalex_health_informatics_1000
W3116973196,pre_ai,2020,Medicine,26,4.0,0.4230769230769231,2.6020033435383976,0.6153846153846154,0.7566862361382909,0.5384615384615384,1.344625422756135,0.8377194748475001,0.5384615384615384,openalex_health_informatics_1000
W3117124430,pre_ai,2021,Medicine,29,3.0,0.5172413793103449,4.060443010546419,0.2068965517241379,0.8337902488845885,0.0689655172413793,0.2509548043576197,0.8443924681893711,0.2068965517241379,openalex_health_informatics_1000
W3117152754,pre_ai,2020,Medicine,34,8.0,0.3235294117647059,4.189654742026425,0.1764705882352941,0.7112310424921438,1.0,1.7307039421436714,0.8316455378251917,0.1470588235294117,openalex_health_informatics_1000
W3117243950,pre_ai,2020,Medicine,48,2.0,0.625,2.6020033435383976,0.5625,0.5346534653465347,0.5833333333333334,1.5182254636443486,0.8178613831599554,0.375,openalex_health_informatics_1000
W3117511502,pre_ai,2020,Medicine,25,3.0,0.52,4.68213122712422,0.16,0.7749830355123275,0.56,1.3110953624144013,0.8601708221435547,0.16,openalex_health_informatics_1000
W3117865842,pre_ai,2020,Medicine,39,2.0,0.6923076923076923,3.713572066704308,0.2307692307692307,0.7189328006848338,0.5641025641025641,1.536707455117115,0.7939689006560888,0.1282051282051282,openalex_health_informatics_1000
W3118016331,pre_ai,2020,Medicine,40,3.0,0.6,5.161427782906642,0.275,0.5558924101949448,1.0,0.2331726023738698,0.7465674683451653,0.125,openalex_health_informatics_1000
W3118373977,pre_ai,2021,Medicine,44,4.0,0.3409090909090909,4.211441255972498,0.2954545454545454,0.4752273652775892,0.7954545454545454,2.003137713386241,0.7896650013598528,0.1590909090909091,openalex_health_informatics_1000
W3118378000,pre_ai,2021,Medicine,58,3.0,0.5517241379310345,5.310736838221496,0.1206896551724138,0.830939808042245,0.603448275862069,1.586200629375276,0.7553571914804393,0.0344827586206896,openalex_health_informatics_1000
W3118929067,pre_ai,2021,Medicine,52,4.0,0.4230769230769231,5.429999248948324,0.1346153846153846,0.6131966569700328,0.8846153846153846,1.0584947729766438,0.8034997559510745,0.0961538461538461,openalex_health_informatics_1000
W3118958411,pre_ai,2021,Medicine,19,3.0,0.5789473684210527,2.995732273553991,0.4210526315789473,0.4328358208955223,0.1052631578947368,0.336495757583516,0.8876378849933022,0.4210526315789473,openalex_health_informatics_1000
W3119481802,pre_ai,2020,Medicine,14,0.0,0.7142857142857143,1.9459101490553128,0.7142857142857143,0.7050898203592815,1.0,1.4944032113796122,0.8354464003017971,0.5714285714285714,openalex_health_informatics_1000
W3120809037,pre_ai,2021,Medicine,5,2.0,0.8,4.770684624465665,0.0,0.7701511335012594,0.0,-0.0,0.9093459963798524,0.0,openalex_health_informatics_1000
W3120972590,pre_ai,2021,Medicine,38,5.0,0.3684210526315789,3.900695660145743,0.2631578947368421,0.8926827449957133,0.3157894736842105,1.0160085311135825,0.8618011458923942,0.2631578947368421,openalex_health_informatics_1000
W3121368818,pre_ai,2021,Medicine,12,3.0,0.75,4.697828718874968,0.0833333333333333,0.5621890547263682,0.6666666666666666,1.6326309271543518,0.8642994165420532,0.0833333333333333,openalex_health_informatics_1000
W3121890151,pre_ai,2021,Medicine,14,2.5,0.7142857142857143,4.031373950543177,0.2142857142857142,0.8777728482697427,0.3571428571428571,1.226555815613403,0.8479317384106773,0.2142857142857142,openalex_health_informatics_1000
W3121930650,pre_ai,2021,Medicine,12,5.5,0.3333333333333333,8.215006396159467,0.0833333333333333,0.8278100922029631,0.5833333333333334,1.14370838942625,0.7910842100779215,0.0833333333333333,openalex_health_informatics_1000
W3122000782,pre_ai,2021,Medicine,19,5.0,0.3157894736842105,3.218875824868201,0.2631578947368421,0.8237608182533438,0.7368421052631579,0.9514879602387298,0.8499411846462049,0.2631578947368421,openalex_health_informatics_1000
W3122397014,pre_ai,2021,Medicine,13,7.0,0.3076923076923077,4.90527477843843,0.1538461538461538,0.4630657916876998,0.7692307692307693,1.4388829502169862,0.782773508475377,0.0,openalex_health_informatics_1000
W3123730699,pre_ai,2021,Medicine,19,3.0,0.631578947368421,4.574710978503383,0.2105263157894736,0.3475922757272061,0.5263157894736842,1.2648667490341146,0.8605769496215018,0.2105263157894736,openalex_health_informatics_1000
W3123895011,pre_ai,2020,Medicine,18,3.0,0.5555555555555556,6.076731347628938,0.1666666666666666,0.6741341325955528,1.0,0.2145591551764051,0.7557147178384993,0.0555555555555555,openalex_health_informatics_1000
W3124037406,pre_ai,2021,Medicine,5,2.0,0.6,5.030437921392435,0.0,0.5222348916761688,0.6,1.0549201679861442,0.8131012678146362,0.0,openalex_health_informatics_1000
W3124056174,pre_ai,2021,Medicine,38,2.0,0.7894736842105263,4.381323014825141,0.1578947368421052,0.5844002226551628,0.5789473684210527,1.2188060445166726,0.8445631532292617,0.131578947368421,openalex_health_informatics_1000
W3124576257,pre_ai,2021,Medicine,17,4.0,0.3529411764705882,5.834810737062605,0.1764705882352941,0.7139286744208402,0.5882352941176471,1.205697772011519,0.8019955859464758,0.1764705882352941,openalex_health_informatics_1000
W3125279072,pre_ai,2021,Medicine,3,1.0,0.6666666666666666,4.624972813284271,0.3333333333333333,0.6232394366197183,0.0,-0.0,0.846687396367391,0.3333333333333333,openalex_health_informatics_1000
W3125332662,pre_ai,2021,Medicine,10,5.5,0.2,5.227823519897548,0.3,0.3669871794871794,1.0,1.2798542258336674,0.7028100430965424,0.0,openalex_health_informatics_1000
W3125451872,pre_ai,2021,Medicine,10,2.5,0.6,6.53329635304325,0.1,0.4479834401709401,0.8,0.8018185525433372,0.8132513284683227,0.0,openalex_health_informatics_1000
W3125603166,pre_ai,2021,Medicine,49,2.0,0.7755102040816326,3.713572066704308,0.2857142857142857,0.7115517411462957,0.3877551020408163,1.215693808966765,0.8288654210616131,0.2040816326530612,openalex_health_informatics_1000
W3125841294,pre_ai,2021,Medicine,33,7.0,0.0909090909090909,4.762173934797756,0.1515151515151515,0.8697555636628967,1.0,1.4939851858225088,0.8261777668288259,0.0909090909090909,openalex_health_informatics_1000
W3125999551,pre_ai,2020,Medicine,24,2.5,0.7083333333333334,4.44278964564149,0.2083333333333333,0.4240849036170673,0.6666666666666666,1.6875089643242656,0.8514720226327578,0.2083333333333333,openalex_health_informatics_1000
W3126495340,pre_ai,2021,Medicine,14,3.0,0.5714285714285714,4.890998827474209,0.2142857142857142,0.5152909336941813,0.7142857142857143,1.475076311054695,0.8167636692523956,0.0714285714285714,openalex_health_informatics_1000
W3126809178,pre_ai,2021,Medicine,21,3.0,0.5238095238095238,5.337538079701318,0.0476190476190476,0.9413035460245536,0.6190476190476191,1.4892514858787689,0.854156113806225,0.0476190476190476,openalex_health_informatics_1000
W3126907871,pre_ai,2021,Medicine,84,4.0,0.4404761904761904,5.581471183160534,0.0714285714285714,0.5755860953920776,0.7023809523809523,0.9938030165792776,0.7962123233647573,0.0476190476190476,openalex_health_informatics_1000
W3126947662,pre_ai,2021,Medicine,23,8.0,0.3043478260869565,3.688879454113936,0.3043478260869565,0.9463275421819456,0.6086956521739131,1.2143130643167008,0.8216597593348959,0.1739130434782608,openalex_health_informatics_1000
W3126992396,pre_ai,2021,Medicine,7,2.0,0.7142857142857143,2.6390573296152584,0.5714285714285714,0.3757225433526011,0.5714285714285714,1.4750763110546947,0.8205943703651428,0.1428571428571428,openalex_health_informatics_1000
W3127157950,pre_ai,2021,Medicine,50,3.0,0.62,4.75788206295206,0.04,0.5611670020120725,0.48,1.3786981861780907,0.8514261221885682,0.02,openalex_health_informatics_1000
W3127200571,pre_ai,2021,Medicine,12,3.0,0.6666666666666666,4.02757886590984,0.1666666666666666,0.6297198538367844,0.3333333333333333,0.8239592165010823,0.854610949754715,0.1666666666666666,openalex_health_informatics_1000
W3127549795,pre_ai,2021,Medicine,8,2.5,0.75,4.716261731097634,0.375,0.930956162642948,0.125,0.3767701612564367,0.7923539057374,0.25,openalex_health_informatics_1000
W3128172596,pre_ai,2021,Medicine,40,4.0,0.475,4.693573374041014,0.1,0.3869276476756378,0.65,1.8447200619461608,0.8208367541432381,0.05,openalex_health_informatics_1000
W3128713593,pre_ai,2021,Medicine,9,2.0,0.7777777777777778,4.6443908991413725,0.1111111111111111,0.7337180544105524,0.2222222222222222,0.5297061990576545,0.7863665620485941,0.0,openalex_health_informatics_1000
W3129136073,pre_ai,2021,Medicine,5,2.0,0.6,4.74493212836325,0.0,0.4103260869565217,0.4,0.9502705392332348,0.8610162734985352,0.0,openalex_health_informatics_1000
W3129171388,pre_ai,2021,Medicine,15,8.0,0.2666666666666666,4.6443908991413725,0.0666666666666666,0.6975125660523264,0.8,1.806507165261669,0.8110498587290446,0.0,openalex_health_informatics_1000
W3129239422,pre_ai,2021,Medicine,27,2.0,0.6666666666666666,4.0943445622221,0.2222222222222222,0.8652029774191531,0.7777777777777778,1.131099227287652,0.843453413910336,0.2222222222222222,openalex_health_informatics_1000
W3129275189,pre_ai,2021,Medicine,38,3.0,0.631578947368421,5.28058149189391,0.131578947368421,0.5235550805948882,0.3947368421052631,1.2718856046443516,0.8471102134177559,0.1052631578947368,openalex_health_informatics_1000
W3129363458,pre_ai,2021,Medicine,58,3.0,0.5689655172413793,4.123871943612758,0.2586206896551724,0.8802965232376836,0.5517241379310345,1.6637058287168187,0.819208384587847,0.1551724137931034,openalex_health_informatics_1000
W3129511416,pre_ai,2021,Medicine,19,3.0,0.5263157894736842,4.605170185988092,0.2105263157894736,0.5804414306608163,0.6842105263157895,1.6214522123068729,0.8545767476684168,0.2105263157894736,openalex_health_informatics_1000
W3130067899,pre_ai,2021,Medicine,43,3.0,0.5813953488372093,4.852030263919617,0.0232558139534883,0.7065589961075931,0.3953488372093023,1.2171714672245455,0.7655059016028116,0.0,openalex_health_informatics_1000
W3130222707,pre_ai,2021,Medicine,15,2.0,0.9333333333333332,5.627621113690637,0.0,0.3982064491509254,0.3333333333333333,0.8033149761408755,0.8626114885012309,0.0,openalex_health_informatics_1000
W3130272805,pre_ai,2021,Medicine,63,2.0,0.8095238095238095,4.060443010546419,0.1904761904761904,0.753808864265928,0.4603174603174603,1.3432215744982912,0.8322533851578122,0.1746031746031746,openalex_health_informatics_1000
W3130551496,pre_ai,2021,Medicine,18,4.0,0.4444444444444444,4.866082640600271,0.2222222222222222,0.9652383760541848,0.4444444444444444,1.2260760503661696,0.8157875306076474,0.1111111111111111,openalex_health_informatics_1000
W3130879307,pre_ai,2021,Medicine,9,3.0,0.6666666666666666,4.23410650459726,0.0,0.5153061224489796,0.8888888888888888,1.3030924037617193,0.8041614492734274,0.0,openalex_health_informatics_1000
W3130937151,pre_ai,2021,Medicine,29,4.0,0.4827586206896552,4.382026634673881,0.1724137931034483,0.7029664825992038,0.5172413793103449,1.5133032431510929,0.8224641804037423,0.0344827586206896,openalex_health_informatics_1000
W3131191101,pre_ai,2021,Medicine,41,2.0,0.6585365853658537,4.174387269895637,0.1219512195121951,0.8828199013426546,0.5121951219512195,1.5753370725522506,0.8029718224595233,0.1219512195121951,openalex_health_informatics_1000
W3131552811,pre_ai,2021,Medicine,31,4.0,0.4516129032258064,4.962844630259907,0.1935483870967742,0.5501484816553309,0.5161290322580645,1.614850458271711,0.7764586037205111,0.1290322580645161,openalex_health_informatics_1000
W3131569973,pre_ai,2021,Medicine,37,2.0,0.7297297297297297,4.663439094112067,0.1351351351351351,0.3741007194244604,0.2162162162162162,0.793532701789727,0.8502600209133045,0.1351351351351351,openalex_health_informatics_1000
W3131590209,pre_ai,2021,Medicine,22,2.0,0.6818181818181818,4.125962356900678,0.2727272727272727,0.671193232413179,0.1818181818181818,0.4741393130578373,0.8619372600858862,0.2272727272727272,openalex_health_informatics_1000
W3131947895,pre_ai,2021,Medicine,75,3.0,0.5333333333333333,3.1354942159291497,0.4133333333333333,0.6424041907912875,0.9866666666666668,1.1204605618932926,0.7687057677904765,0.0933333333333333,openalex_health_informatics_1000
W3132098331,pre_ai,2021,Medicine,10,9.0,0.1,6.055946912748482,0.0,0.2280378141572515,0.8,1.2206072645530173,0.8217952430248261,0.0,openalex_health_informatics_1000
W3132287354,pre_ai,2021,Medicine,12,4.0,0.3333333333333333,1.4978661367769954,0.75,0.4742268041237113,0.6666666666666666,1.329661348854758,0.8998028387626013,0.75,openalex_health_informatics_1000
W3132670638,pre_ai,2021,Medicine,13,9.0,0.2307692307692307,4.941642422609304,0.1538461538461538,0.8340215307476774,0.3076923076923077,0.9371558530657008,0.8084867871724642,0.0769230769230769,openalex_health_informatics_1000
W3132807071,pre_ai,2021,Medicine,45,3.0,0.5777777777777777,4.454347296253507,0.1333333333333333,0.8182486486486487,0.3777777777777777,1.1897985184801882,0.814423926671346,0.1111111111111111,openalex_health_informatics_1000
W3133227296,pre_ai,2021,Medicine,23,3.0,0.5652173913043478,4.74493212836325,0.0869565217391304,0.8441743841282624,0.217391304347826,0.7529168087825955,0.7881899320560953,0.0869565217391304,openalex_health_informatics_1000
W3133277548,pre_ai,2021,Medicine,6,3.0,0.6666666666666666,5.745523943225456,0.0,0.5083639330885353,0.5,1.242453324894,0.8532870014508566,0.0,openalex_health_informatics_1000
W3133525231,pre_ai,2021,Medicine,14,3.0,0.5714285714285714,4.576885010243894,0.0,0.6254876462938882,0.7142857142857143,1.6488470716724797,0.8394215362412589,0.0,openalex_health_informatics_1000
W3133622253,pre_ai,2021,Medicine,40,4.0,0.45,4.245629904694867,0.175,0.5504562888506811,0.65,1.8355000091879623,0.8017997682094574,0.05,openalex_health_informatics_1000
W3133643868,pre_ai,2021,Medicine,7,5.0,0.1428571428571428,3.258096538021482,0.4285714285714285,0.5635179153094463,0.5714285714285714,0.6829081047004717,0.86406957251685,0.4285714285714285,openalex_health_informatics_1000
W3133943627,pre_ai,2021,Medicine,25,1.0,0.92,4.762173934797756,0.2,0.6810126582278481,0.2,0.7668382315802122,0.8673319888114929,0.2,openalex_health_informatics_1000
W3134020135,pre_ai,2021,Medicine,24,2.0,0.7083333333333334,4.271917561181329,0.25,0.5977048135160982,0.25,0.6749754468353846,0.8432451834281286,0.1666666666666666,openalex_health_informatics_1000
W3134088256,pre_ai,2021,Medicine,8,2.0,0.875,4.986436840010567,0.0,0.4052519517388218,1.0,0.3767701612564367,0.8211896196007729,0.0,openalex_health_informatics_1000
W3134091821,pre_ai,2021,Medicine,21,2.0,0.6190476190476191,5.627621113690637,0.1428571428571428,0.7424111265004617,0.6666666666666666,1.5242903751568226,0.8303161235082717,0.1428571428571428,openalex_health_informatics_1000
W3134156671,pre_ai,2021,Medicine,37,3.0,0.5135135135135135,3.784189633918261,0.2702702702702703,0.7316033835781975,0.3783783783783784,1.14459598244152,0.833519879225138,0.2432432432432432,openalex_health_informatics_1000
W3134231557,pre_ai,2021,Medicine,34,2.0,0.6470588235294118,3.1567740231385475,0.3529411764705882,0.5012919896640827,0.5,1.574304535978279,0.781820675906013,0.1470588235294117,openalex_health_informatics_1000
W3134661855,pre_ai,2021,Medicine,16,2.0,0.8125,4.113420445204289,0.0,0.5717828602920915,0.1875,0.482577565177012,0.8583253994584084,0.0,openalex_health_informatics_1000
W3134731881,pre_ai,2021,Medicine,5,1.0,1.0,0.6931471805599453,1.0,0.4285714285714285,1.0,1.3321790402101223,0.8558539509773254,0.8,openalex_health_informatics_1000
W3134927706,pre_ai,2021,Medicine,12,1.0,0.8333333333333334,5.805688081363519,0.0833333333333333,0.6441477614936759,0.1666666666666666,0.4505612088663046,0.8400188684463501,0.0833333333333333,openalex_health_informatics_1000
W3135345856,pre_ai,2021,Medicine,30,2.0,0.8333333333333334,3.41759229307365,0.2,0.5953502060035315,0.5,1.5615175536064765,0.8274185578028361,0.1,openalex_health_informatics_1000
W3135738324,pre_ai,2021,Medicine,9,7.0,0.1111111111111111,5.60947179518496,0.1111111111111111,0.3942083818393481,0.5555555555555556,1.581093750171824,0.869760149055057,0.1111111111111111,openalex_health_informatics_1000
W3135855542,pre_ai,2021,Medicine,17,8.0,0.2352941176470588,3.1780538303479458,0.3529411764705882,0.2694736842105263,0.4117647058823529,1.152564616149156,0.8584461562773761,0.2352941176470588,openalex_health_informatics_1000
W3135938089,pre_ai,2021,Medicine,17,5.0,0.4117647058823529,4.406719247264253,0.1176470588235294,0.5768261964735516,0.6470588235294118,1.5643701028927683,0.8166600956636316,0.0,openalex_health_informatics_1000
W3136552952,pre_ai,2020,Medicine,37,2.0,0.6756756756756757,4.663439094112067,0.1351351351351351,0.7288237655560016,0.3513513513513513,1.0998686082715383,0.8171165263330614,0.054054054054054,openalex_health_informatics_1000
W3136664331,pre_ai,2021,Medicine,13,2.0,0.8461538461538461,5.209486152841421,0.1538461538461538,0.5562326869806095,0.2307692307692307,0.7937300551584247,0.847596131838285,0.1538461538461538,openalex_health_informatics_1000
W3136782517,pre_ai,2021,Medicine,28,3.0,0.6785714285714286,4.183998442527056,0.2142857142857142,0.482876064333018,0.6785714285714286,1.530170681216728,0.8336831033229828,0.1785714285714285,openalex_health_informatics_1000
W3136907493,pre_ai,2020,Medicine,39,2.0,0.6666666666666666,4.663439094112067,0.1282051282051282,0.7191523073876015,0.358974358974359,1.138081586738272,0.8166224222916824,0.0512820512820512,openalex_health_informatics_1000
W3136960503,pre_ai,2020,Medicine,28,1.0,0.7857142857142857,4.03918905181326,0.1785714285714285,0.6848129536571748,0.25,0.9497916560883588,0.8151060853685651,0.0714285714285714,openalex_health_informatics_1000
W3137090984,pre_ai,2021,Medicine,15,17.0,0.2,4.564348191467836,0.2,0.5524925338846772,1.0,2.2110688711446103,0.6852792541186015,0.0,openalex_health_informatics_1000
W3137100711,pre_ai,2021,Medicine,17,3.0,0.5882352941176471,3.8918202981106265,0.1176470588235294,0.9816751663929468,0.2352941176470588,0.7902347553432827,0.8981359636082369,0.1176470588235294,openalex_health_informatics_1000
W3137173238,pre_ai,2021,Medicine,8,1.5,0.75,3.4437762858323087,0.25,0.271875,0.75,1.4941751382893085,0.7579368874430656,0.0,openalex_health_informatics_1000
W3137245688,pre_ai,2020,Medicine,31,1.0,0.8387096774193549,3.951243718581428,0.2580645161290322,0.7082492262145068,0.1935483870967742,0.7934004308456332,0.8030381048879316,0.0967741935483871,openalex_health_informatics_1000
W3137624954,pre_ai,2021,Medicine,39,2.0,0.717948717948718,3.258096538021482,0.4358974358974359,0.9478743717490068,0.717948717948718,2.2937375672578946,0.7679313757480719,0.1282051282051282,openalex_health_informatics_1000
W3137832464,pre_ai,2021,Medicine,28,15.0,0.1785714285714285,5.7672847665140505,0.1071428571428571,0.6825064224282363,0.8571428571428571,1.6462300366681006,0.8036967771393912,0.1071428571428571,openalex_health_informatics_1000
W3138040052,pre_ai,2021,Medicine,25,2.0,0.64,4.204692619390966,0.16,0.6089866156787763,0.32,0.9149513939783582,0.8171775460243225,0.12,openalex_health_informatics_1000
W3138372302,pre_ai,2021,Medicine,20,3.0,0.55,3.489106871315349,0.3,0.5384078212290503,0.5,1.1648213767244648,0.8252104192972183,0.15,openalex_health_informatics_1000
W3138769367,pre_ai,2021,Medicine,42,2.0,0.7142857142857143,4.025192226533511,0.2142857142857142,0.8807708902631958,0.4047619047619047,1.3925809917056635,0.798143432253883,0.119047619047619,openalex_health_informatics_1000
W3139164403,pre_ai,2021,Medicine,10,1.0,1.0,3.838004966014444,0.3,0.24950884086444,0.6,0.9433483923290392,0.8619154930114746,0.3,openalex_health_informatics_1000
W3139358025,pre_ai,2021,Medicine,20,1.0,0.8,3.880233514606711,0.2,0.8494612407155561,0.7,1.5444795210968605,0.8090332567691803,0.2,openalex_health_informatics_1000
W3139450906,pre_ai,2021,Medicine,24,4.0,0.3333333333333333,4.217774601187863,0.0833333333333333,0.8825072358900145,0.9583333333333334,1.1906638540986976,0.8497215509414673,0.0833333333333333,openalex_health_informatics_1000
W3140187804,pre_ai,2021,Medicine,25,4.0,0.32,5.293304824724492,0.04,0.7450371488274902,0.36,0.8441124264544575,0.8229993963241578,0.04,openalex_health_informatics_1000
W3140364028,pre_ai,2021,Medicine,10,1.0,0.7,3.849241393940473,0.3,0.3104956268221574,0.2,0.639031859650177,0.8538772761821747,0.3,openalex_health_informatics_1000
W3140642569,pre_ai,2021,Medicine,71,3.0,0.5915492957746479,4.430816798843313,0.1267605633802817,0.7079971261191556,0.4366197183098591,1.5347800010798318,0.8275023732386845,0.0845070422535211,openalex_health_informatics_1000
W3141064676,pre_ai,2021,Medicine,11,4.0,0.2727272727272727,6.665683717782408,0.1818181818181818,0.5347755954075339,0.6363636363636364,1.3421131789144003,0.8281469670209017,0.0909090909090909,openalex_health_informatics_1000
W3142436303,pre_ai,2021,Medicine,14,2.0,0.7142857142857143,4.100967175597111,0.3571428571428571,0.5726059654631083,0.5,1.4680602034990462,0.7786112427711487,0.1428571428571428,openalex_health_informatics_1000
W3145247846,pre_ai,2021,Medicine,15,3.0,0.5333333333333333,5.262690188904886,0.2,0.8217897977132805,1.0,1.7489707507713133,0.7764970064163208,0.1333333333333333,openalex_health_informatics_1000
W3145281551,pre_ai,2020,Medicine,16,3.5,0.5,3.1201379225853847,0.4375,0.8318739054290718,1.0,1.1900763072081852,0.7975219786167145,0.1875,openalex_health_informatics_1000
W3145891727,pre_ai,2021,Medicine,8,2.5,0.75,4.066059386477903,0.125,0.7940097799511002,0.625,1.4941751382893085,0.871745876967907,0.125,openalex_health_informatics_1000
W3148624321,pre_ai,2021,Medicine,27,3.0,0.5925925925925926,5.2574953720277815,0.1481481481481481,0.6390519187358916,0.4074074074074074,1.2033083203626729,0.7970627943674723,0.0,openalex_health_informatics_1000
W3149733174,pre_ai,2021,Medicine,9,3.0,0.5555555555555556,4.060443010546419,0.4444444444444444,0.6323907455012854,0.4444444444444444,1.3030924037617193,0.8366803990470039,0.3333333333333333,openalex_health_informatics_1000
W3150148658,pre_ai,2021,Medicine,17,2.0,0.5882352941176471,2.833213344056216,0.4705882352941176,0.7115441393563625,0.1764705882352941,0.6598720137848266,0.831380661796121,0.3529411764705882,openalex_health_informatics_1000
W3151514856,pre_ai,2021,Medicine,22,2.0,0.8181818181818182,4.182021005961031,0.0,0.6077359680470885,0.2727272727272727,1.01160091167848,0.8796627115119587,0.0,openalex_health_informatics_1000
W3151880672,pre_ai,2021,Medicine,64,10.0,0.34375,4.859060682777974,0.125,0.8696118563819294,0.875,1.4456140879913846,0.7718340596184134,0.0625,openalex_health_informatics_1000
W3151883535,pre_ai,2021,Medicine,41,4.0,0.4390243902439024,3.8501476017100575,0.2682926829268293,0.9540823673410612,0.4390243902439024,1.6458533767866688,0.816905248455885,0.1707317073170731,openalex_health_informatics_1000
W3152075372,pre_ai,2021,Medicine,12,14.0,0.0833333333333333,3.367295829986474,0.25,0.9604247104247104,0.5,1.1988493129136213,0.8611963589986166,0.25,openalex_health_informatics_1000
W3152594952,pre_ai,2021,Medicine,43,3.0,0.5813953488372093,2.772588722239781,0.5348837209302325,0.7251445086705203,0.6511627906976745,1.5909840967805389,0.8332936514255612,0.3488372093023256,openalex_health_informatics_1000
W3152710649,pre_ai,2021,Medicine,28,5.0,0.4642857142857143,5.226180061969511,0.0714285714285714,0.7051814309591847,0.6785714285714286,1.5883087858214282,0.8233241375003543,0.0714285714285714,openalex_health_informatics_1000
W3152774580,pre_ai,2021,Medicine,39,4.0,0.4871794871794871,4.382026634673881,0.1025641025641025,0.7893304593829988,0.6153846153846154,1.6475292021746837,0.7794648622855161,0.0256410256410256,openalex_health_informatics_1000
W3152780469,pre_ai,2021,Medicine,16,3.0,0.5625,4.305341767251788,0.1875,0.9429122875797284,0.75,1.6304325826288886,0.8243446573615074,0.1875,openalex_health_informatics_1000
W3153320818,pre_ai,2021,Medicine,13,2.0,0.8461538461538461,4.770684624465665,0.2307692307692307,0.4827817531305903,0.4615384615384615,0.9839614460010256,0.8742370697168204,0.2307692307692307,openalex_health_informatics_1000
W3153424988,pre_ai,2021,Medicine,9,1.0,0.7777777777777778,5.135798437050262,0.2222222222222222,0.6302771855010662,0.1111111111111111,0.3488320958430319,0.8842841055658128,0.2222222222222222,openalex_health_informatics_1000
W3153651148,pre_ai,2021,Medicine,6,1.0,1.0,3.061246404757193,0.1666666666666666,0.7989002356637863,0.5,1.0114042647073516,0.8733449280261993,0.1666666666666666,openalex_health_informatics_1000
W3154353104,pre_ai,2021,Medicine,4,4.0,0.25,4.528944124392253,0.25,0.486810551558753,0.0,-0.0,0.8949447274208069,0.25,openalex_health_informatics_1000
W3154425186,pre_ai,2021,Medicine,11,5.0,0.4545454545454545,4.30406509320417,0.0909090909090909,0.9411902897415818,0.2727272727272727,0.7595473914748635,0.8629993362860247,0.0909090909090909,openalex_health_informatics_1000
W3154716059,pre_ai,2021,Medicine,34,2.0,0.7647058823529411,3.939267098070181,0.2352941176470588,0.819957221240584,0.6470588235294118,1.2476506358133133,0.8589478310416726,0.2058823529411764,openalex_health_informatics_1000
W3154829890,pre_ai,2021,Medicine,19,1.0,0.8947368421052632,2.9444389791664403,0.4210526315789473,0.634185303514377,0.1578947368421052,0.5366645624845252,0.7892949392921046,0.1052631578947368,openalex_health_informatics_1000
W3155141806,pre_ai,2021,Medicine,13,4.0,0.4615384615384615,4.110873864173311,0.3076923076923077,0.5533039647577093,0.6153846153846154,1.2658567518727373,0.8237254619598389,0.3076923076923077,openalex_health_informatics_1000
W3155975492,pre_ai,2021,Medicine,23,2.0,0.7391304347826086,3.091042453358316,0.4347826086956521,0.7483473900159562,0.9565217391304348,1.7714672101292832,0.7629879531653031,0.1739130434782608,openalex_health_informatics_1000
W3156295780,pre_ai,2021,Medicine,8,2.0,0.75,4.085658437359865,0.25,0.4533551554828151,0.375,1.0735428464085233,0.8023065403103828,0.125,openalex_health_informatics_1000
W3156311852,pre_ai,2021,Medicine,27,2.0,0.6666666666666666,4.007333185232471,0.3333333333333333,0.4027777777777778,0.6666666666666666,1.632437985768857,0.8051201237572564,0.1111111111111111,openalex_health_informatics_1000
W3156580094,pre_ai,2021,Medicine,7,1.0,0.5714285714285714,2.9444389791664403,0.4285714285714285,0.7619340488124892,0.4285714285714285,1.15374194270109,0.8526428682463509,0.4285714285714285,openalex_health_informatics_1000
W3157129994,pre_ai,2021,Medicine,64,3.0,0.640625,4.482219916769679,0.078125,0.7661016949152543,0.546875,1.6533556453056122,0.8143602004274726,0.046875,openalex_health_informatics_1000
W3157222111,pre_ai,2021,Medicine,21,3.0,0.6666666666666666,3.5263605246161616,0.2857142857142857,0.9180920472579792,0.5238095238095238,1.4859552254481996,0.8312819997469584,0.238095238095238,openalex_health_informatics_1000
W3157285949,pre_ai,2021,Medicine,8,1.0,0.875,2.12424762102468,0.75,0.4047619047619047,0.75,1.320888343149322,0.8450535386800766,0.375,openalex_health_informatics_1000
W3157411665,pre_ai,2021,Medicine,22,6.5,0.0909090909090909,5.065351401610196,0.0,0.8872774967210043,0.3636363636363636,1.0458609907772194,0.798956960439682,0.0,openalex_health_informatics_1000
W3157518401,pre_ai,2021,Medicine,16,1.5,0.875,4.647386713975506,0.125,0.6115267387087836,0.5,1.4402347497045995,0.8520557917654514,0.125,openalex_health_informatics_1000
W3157550358,pre_ai,2021,Medicine,12,10.5,0.1666666666666666,4.31526093836162,0.3333333333333333,0.801049674171772,0.25,0.5623351446188083,0.7986863354841868,0.25,openalex_health_informatics_1000
W3157651069,pre_ai,2021,Medicine,30,1.0,0.9,3.997821802143636,0.1666666666666666,0.498367244410952,0.7666666666666667,1.5265709450228264,0.8311091840267182,0.1,openalex_health_informatics_1000
W3157735681,pre_ai,2021,Medicine,45,2.0,0.8,3.58351893845611,0.3333333333333333,0.5522195616135568,0.4666666666666667,1.433709893228269,0.8290423207812839,0.2,openalex_health_informatics_1000
W3157925383,pre_ai,2021,Medicine,12,2.0,0.75,3.2384861814448413,0.3333333333333333,0.451271186440678,0.3333333333333333,0.9830877585747856,0.8653487861156464,0.25,openalex_health_informatics_1000
W3157968420,pre_ai,2021,Medicine,14,5.0,0.1428571428571428,6.392947170388998,0.0,0.8587225705329153,0.6428571428571429,1.0913030006468518,0.7457772067614964,0.0,openalex_health_informatics_1000
W3158032965,pre_ai,2021,Medicine,39,6.0,0.1794871794871795,4.59511985013459,0.1794871794871795,0.4942807625649913,0.8974358974358975,1.746026570809057,0.7723645873558826,0.0769230769230769,openalex_health_informatics_1000
W3158187267,pre_ai,2021,Medicine,21,3.5,0.4761904761904761,4.0943445622221,0.1904761904761904,0.8365392692146157,0.5714285714285714,1.65693750199607,0.8577475008510408,0.1904761904761904,openalex_health_informatics_1000
W3158319314,pre_ai,2021,Medicine,30,2.0,0.6333333333333333,5.530671558622439,0.0333333333333333,0.5079163132598247,0.3333333333333333,0.9499968311799216,0.8374712963898977,0.0,openalex_health_informatics_1000
W3158393586,pre_ai,2021,Medicine,33,2.0,0.7878787878787878,3.713572066704308,0.2121212121212121,0.5809712151175566,0.5757575757575758,1.85694443747203,0.8098016742504004,0.1515151515151515,openalex_health_informatics_1000
W3158602089,pre_ai,2021,Medicine,54,3.0,0.5185185185185185,4.032318237887111,0.2037037037037037,0.5564692982456141,0.7222222222222222,1.5898332268395223,0.8430254139282085,0.1481481481481481,openalex_health_informatics_1000
W3158651856,pre_ai,2021,Medicine,26,3.0,0.7307692307692307,3.610917912644224,0.1923076923076923,0.5222437137330754,0.2692307692307692,0.8931150746121772,0.8083275533639468,0.1923076923076923,openalex_health_informatics_1000
W3158653447,pre_ai,2021,Medicine,18,4.0,0.4444444444444444,4.563479381518566,0.1111111111111111,0.961608159884022,0.2222222222222222,0.760755259244303,0.8401010897424486,0.1111111111111111,openalex_health_informatics_1000
W3158724625,pre_ai,2021,Medicine,16,3.5,0.5,5.16476964712634,0.125,0.670691090757702,0.5625,0.6853142072764582,0.8172195143997669,0.125,openalex_health_informatics_1000
W3158828453,pre_ai,2021,Medicine,11,2.0,0.8181818181818182,4.634728988229636,0.3636363636363636,0.790218394340203,0.8181818181818182,1.294545165844896,0.8265137834982439,0.1818181818181818,openalex_health_informatics_1000
W3158906097,pre_ai,2021,Medicine,8,2.0,0.75,3.955662009481676,0.125,0.3959445037353255,0.875,1.4941751382893085,0.7758396342396736,0.0,openalex_health_informatics_1000
W3158940634,pre_ai,2021,Medicine,10,6.0,0.3,5.746820351779181,0.1,0.2762114537444934,0.8,1.2206072645530173,0.8014391779899597,0.1,openalex_health_informatics_1000
W3158962454,pre_ai,2021,Medicine,17,1.0,0.9411764705882352,3.688879454113936,0.2352941176470588,0.6375,0.2941176470588235,0.8852888344409023,0.872997010455412,0.2352941176470588,openalex_health_informatics_1000
W3159068118,pre_ai,2021,Medicine,7,1.0,0.8571428571428571,3.9318256327243257,0.0,0.6206795547744581,0.2857142857142857,0.5982695885852573,0.8295836278370449,0.0,openalex_health_informatics_1000
W3159129215,pre_ai,2021,Medicine,38,3.0,0.5263157894736842,3.044522437723423,0.4210526315789473,0.6847430190206394,0.6052631578947368,1.4803160969609863,0.8507702366301888,0.2894736842105263,openalex_health_informatics_1000
W3159139833,pre_ai,2021,Medicine,6,1.0,1.0,2.359249435647547,0.6666666666666666,0.8165467625899281,0.0,-0.0,0.9166919688383738,0.6666666666666666,openalex_health_informatics_1000
W3159421950,pre_ai,2021,Medicine,9,1.0,1.0,0.6931471805599453,0.7777777777777778,0.7090909090909091,0.7777777777777778,1.7351264569629228,0.8723677926593356,0.7777777777777778,openalex_health_informatics_1000
W3160035121,pre_ai,2021,Medicine,22,4.0,0.1818181818181818,7.021625762474544,0.0909090909090909,0.7610349138992555,0.8181818181818182,0.992591068766829,0.7810068455609408,0.0454545454545454,openalex_health_informatics_1000
W3160509939,pre_ai,2021,Medicine,10,2.0,0.8,3.2291691416723958,0.4,0.6117216117216118,0.6,1.193549604098133,0.8206144332885742,0.2,openalex_health_informatics_1000
W3160780104,pre_ai,2021,Medicine,9,1.0,0.8888888888888888,3.49650756146648,0.3333333333333333,0.7984994640943194,0.1111111111111111,0.3488320958430319,0.9083091881540086,0.3333333333333333,openalex_health_informatics_1000
W3160793915,pre_ai,2021,Medicine,8,3.5,0.5,3.2156655409667394,0.375,0.3947368421052631,0.625,1.320888343149322,0.8080686181783676,0.375,openalex_health_informatics_1000
W3160996449,pre_ai,2021,Medicine,125,2.0,0.92,2.302585092994046,0.672,0.8407002731561957,0.408,1.543170389483571,0.8159714798927307,0.448,openalex_health_informatics_1000
W3161820248,pre_ai,2021,Medicine,8,3.5,0.5,5.715836012327818,0.25,0.5011856003449019,0.75,1.320888343149322,0.7835942283272743,0.0,openalex_health_informatics_1000
W3161909910,pre_ai,2021,Medicine,54,3.0,0.6111111111111112,4.067233785138781,0.2037037037037037,0.8057146873791867,0.3888888888888889,1.0459613451750869,0.8076777480266712,0.1481481481481481,openalex_health_informatics_1000
W3162025775,pre_ai,2021,Medicine,28,4.5,0.3214285714285714,5.807289559348364,0.1428571428571428,0.6274315765663877,0.5357142857142857,1.6583656821534865,0.8015174056802478,0.1071428571428571,openalex_health_informatics_1000
W3162090373,pre_ai,2021,Medicine,101,4.0,0.4554455445544554,3.970291913552122,0.2277227722772277,0.7373741393719903,0.495049504950495,1.5922372787813213,0.8062535034547939,0.099009900990099,openalex_health_informatics_1000
W3162154091,pre_ai,2021,Medicine,10,1.5,0.8,3.9362275750319897,0.2,0.6940074906367041,0.8,1.2206072645530173,0.7586468458175659,0.0,openalex_health_informatics_1000
W3162309091,pre_ai,2021,Medicine,44,3.0,0.5681818181818182,5.020449454179545,0.0909090909090909,0.8538781163434903,0.5454545454545454,1.559073804268589,0.8414364416490901,0.0909090909090909,openalex_health_informatics_1000
W3162447981,pre_ai,2021,Medicine,7,4.0,0.4285714285714285,5.739792912179234,0.0,0.4317220543806646,0.8571428571428571,1.7478680974667573,0.8516002382550921,0.0,openalex_health_informatics_1000
W3162513718,pre_ai,2021,Medicine,33,4.0,0.4545454545454545,6.269096283706261,0.0909090909090909,0.2675570638787016,0.6666666666666666,1.765356183144196,0.7499807314439253,0.0,openalex_health_informatics_1000
W3162677054,pre_ai,2021,Medicine,74,3.0,0.5135135135135135,3.650573902928016,0.2837837837837837,0.5987205898297734,0.2162162162162162,0.9084140022882824,0.8235894248292253,0.2702702702702703,openalex_health_informatics_1000
W3162686549,pre_ai,2021,Medicine,15,1.0,0.7333333333333333,1.791759469228055,0.6,0.7198492462311558,0.9333333333333332,1.806507165261669,0.8252892017364502,0.4,openalex_health_informatics_1000
W3162919936,pre_ai,2021,Medicine,122,5.0,0.3688524590163934,3.218875824868201,0.3770491803278688,0.7624449118589743,0.7540983606557377,2.147536117211417,0.7855907180270211,0.1885245901639344,openalex_health_informatics_1000
W3163490502,pre_ai,2021,Medicine,57,3.0,0.5964912280701754,3.9889840465642745,0.2456140350877192,0.6500052614963696,0.5614035087719298,1.4716804790741904,0.796092316769717,0.1052631578947368,openalex_health_informatics_1000
W3163501241,pre_ai,2021,Medicine,25,2.0,0.68,3.688879454113936,0.24,0.8808440215142739,0.84,1.987669764044584,0.8053543639183044,0.16,openalex_health_informatics_1000
W3163849331,pre_ai,2021,Medicine,27,2.0,0.6666666666666666,3.970291913552122,0.3333333333333333,0.7977894402035624,0.4074074074074074,0.9853462641378448,0.8224495472731413,0.2962962962962963,openalex_health_informatics_1000
W3164201910,pre_ai,2021,Medicine,6,3.0,0.5,3.80443531459563,0.3333333333333333,0.871517027863777,0.6666666666666666,1.0114042647073516,0.8190031250317892,0.1666666666666666,openalex_health_informatics_1000
W3164247305,pre_ai,2021,Medicine,20,5.5,0.3,3.970291913552122,0.1,0.9148992035475684,0.75,1.3747764025076898,0.7961137264966964,0.05,openalex_health_informatics_1000
W3164496926,pre_ai,2021,Medicine,6,1.0,0.8333333333333334,3.044522437723423,0.0,0.261437908496732,0.8333333333333334,1.329661348854758,0.8942849338054657,0.0,openalex_health_informatics_1000
W3164573547,pre_ai,2021,Medicine,28,2.0,0.75,4.269477341598876,0.1785714285714285,0.6427485337774238,0.4642857142857143,1.1696287167474837,0.7925914483410972,0.0,openalex_health_informatics_1000
W3164721204,pre_ai,2021,Medicine,6,1.0,0.8333333333333334,3.044522437723423,0.0,0.261437908496732,0.8333333333333334,1.329661348854758,0.810584157705307,0.0,openalex_health_informatics_1000
W3164919884,pre_ai,2021,Medicine,51,6.0,0.3529411764705882,3.9889840465642745,0.2352941176470588,0.9405487338089844,0.8823529411764706,1.5363832835958495,0.8455031794660232,0.2352941176470588,openalex_health_informatics_1000
W3165128467,pre_ai,2021,Medicine,9,4.5,0.3333333333333333,4.382026634673881,0.1111111111111111,0.6894600711283544,0.8888888888888888,0.3488320958430319,0.7886622680558099,0.0,openalex_health_informatics_1000
W3165232817,pre_ai,2021,Medicine,6,1.0,0.8333333333333334,3.044522437723423,0.0,0.261437908496732,0.8333333333333334,1.329661348854758,0.912262350320816,0.0,openalex_health_informatics_1000
W3165554159,pre_ai,2021,Medicine,6,1.0,0.8333333333333334,3.044522437723423,0.0,0.261437908496732,0.8333333333333334,1.329661348854758,0.8942849338054657,0.0,openalex_health_informatics_1000
W3165635507,pre_ai,2021,Medicine,21,5.0,0.3333333333333333,3.6375861597263857,0.1904761904761904,0.6766413577489951,0.8095238095238095,1.410352868465972,0.852677413395473,0.1428571428571428,openalex_health_informatics_1000
W3165752042,pre_ai,2021,Medicine,6,1.0,0.8333333333333334,3.044522437723423,0.0,0.261437908496732,0.8333333333333334,1.329661348854758,0.9123153587182364,0.0,openalex_health_informatics_1000
W3165823807,pre_ai,2021,Medicine,6,1.0,0.8333333333333334,3.044522437723423,0.0,0.261437908496732,0.8333333333333334,1.329661348854758,0.9126034577687582,0.0,openalex_health_informatics_1000
W3165824050,pre_ai,2021,Medicine,21,3.0,0.5714285714285714,4.5217885770490405,0.0476190476190476,0.5157894736842106,0.4761904761904761,1.2105367626153136,0.8448558903875805,0.0476190476190476,openalex_health_informatics_1000
W3165883805,pre_ai,2021,Medicine,15,6.0,0.2666666666666666,3.5263605246161616,0.3333333333333333,0.4307004470938897,1.0,1.6792043316027068,0.8477032462755839,0.2666666666666666,openalex_health_informatics_1000
W3166410900,pre_ai,2021,Medicine,41,4.0,0.4146341463414634,3.091042453358316,0.4146341463414634,0.4217228464419476,0.4146341463414634,1.3053848159184112,0.8391875755496141,0.3414634146341463,openalex_health_informatics_1000
W3166827880,pre_ai,2021,Medicine,73,1.0,0.7671232876712328,3.58351893845611,0.3561643835616438,0.8746204947846214,0.821917808219178,1.7172008627807551,0.7991087902082156,0.2191780821917808,openalex_health_informatics_1000
W3167015399,pre_ai,2021,Medicine,16,8.5,0.375,4.707537761803518,0.0625,0.3745733788395904,0.875,1.5934032318284823,0.7845086976885796,0.0625,openalex_health_informatics_1000
W3167166977,pre_ai,2021,Medicine,28,2.0,0.7142857142857143,5.288471049875168,0.0357142857142857,0.3576282478347768,0.3571428571428571,0.9886667012901672,0.8429593018123082,0.0357142857142857,openalex_health_informatics_1000
W3167415262,pre_ai,2021,Medicine,29,4.0,0.4137931034482758,5.799092654460526,0.2068965517241379,0.843256825462133,0.8620689655172413,0.545969299888879,0.8050114985170036,0.1724137931034483,openalex_health_informatics_1000
W3167716247,pre_ai,2021,Medicine,20,2.0,0.75,4.345741288256464,0.15,0.9324220324696744,0.4,1.2706817223249798,0.8483890473842621,0.15,openalex_health_informatics_1000
W3167720213,pre_ai,2021,Medicine,10,3.0,0.5,4.668310268943257,0.2,0.5754126351735913,0.7,1.5571130980576458,0.8272689342498779,0.1,openalex_health_informatics_1000
W3169248567,pre_ai,2021,Medicine,11,2.0,0.8181818181818182,3.737669618283368,0.3636363636363636,0.6318510858324715,0.4545454545454545,1.294545165844896,0.858499678698453,0.2727272727272727,openalex_health_informatics_1000
W3169390163,pre_ai,2021,Medicine,16,6.0,0.1875,1.6094379124341005,0.6875,0.5155038759689923,0.4375,1.1900763072081852,0.8196144104003906,0.625,openalex_health_informatics_1000
W3169554784,pre_ai,2021,Medicine,19,1.0,0.8421052631578947,3.784189633918261,0.3157894736842105,0.5560265388868412,0.2631578947368421,0.8264053222918117,0.8250664943142941,0.3157894736842105,openalex_health_informatics_1000
W3169649689,pre_ai,2021,Medicine,20,2.5,0.65,4.277437129191963,0.15,0.4516743806153008,0.55,1.5910929054167249,0.8553643822669983,0.15,openalex_health_informatics_1000
W3170186245,pre_ai,2021,Medicine,7,1.0,1.0,3.4657359027997265,0.2857142857142857,0.6726943942133815,0.5714285714285714,1.0042424730540764,0.8387602993420192,0.2857142857142857,openalex_health_informatics_1000
W3170635275,pre_ai,2021,Medicine,33,4.0,0.3939393939393939,4.882801922586371,0.1212121212121212,0.5088410629483682,0.5151515151515151,1.666611282341161,0.7943775202288772,0.0909090909090909,openalex_health_informatics_1000
W3170656302,pre_ai,2021,Medicine,13,3.0,0.5384615384615384,6.150602768446279,0.1538461538461538,0.7694840211159675,0.4615384615384615,1.2636256721237276,0.8404727073816153,0.1538461538461538,openalex_health_informatics_1000
W3170929720,pre_ai,2021,Medicine,8,2.0,0.875,3.7461015213093702,0.125,0.4152046783625731,0.0,-0.0,0.9140517488121986,0.125,openalex_health_informatics_1000
W3170987383,pre_ai,2021,Medicine,8,8.5,0.375,5.129601017689868,0.0,0.4732952838690297,0.75,1.7328679513998633,0.7916249558329582,0.0,openalex_health_informatics_1000
W3171407144,pre_ai,2021,Medicine,35,2.0,0.8285714285714286,3.555348061489413,0.4571428571428571,0.5770221535291087,0.5428571428571428,1.7508004633929757,0.8607955370630537,0.4,openalex_health_informatics_1000
W3171436770,pre_ai,2021,Medicine,35,2.0,0.6857142857142857,3.4339872044851463,0.3142857142857143,0.7258237342619877,0.3428571428571428,1.066089993750056,0.8277717624391828,0.2,openalex_health_informatics_1000
W3171440887,pre_ai,2021,Medicine,67,2.0,0.6567164179104478,3.044522437723423,0.3582089552238806,0.9028297551047206,0.746268656716418,1.1451179357508967,0.8454524243055884,0.3283582089552239,openalex_health_informatics_1000
W3172045603,pre_ai,2021,Medicine,31,2.0,0.5483870967741935,4.465908118654584,0.1935483870967742,0.6635841039740065,0.4838709677419355,1.5476312462189812,0.8433065202928358,0.1935483870967742,openalex_health_informatics_1000
W3172048750,pre_ai,2021,Medicine,52,2.0,0.6730769230769231,3.4339872044851463,0.3269230769230769,0.7146178886994264,0.6538461538461539,1.6509491558234504,0.8299732150939795,0.2884615384615384,openalex_health_informatics_1000
W3172087295,pre_ai,2021,Medicine,10,2.0,0.7,4.254580509859487,0.1,0.4320305862361937,0.6,1.193549604098133,0.8681315839290619,0.0,openalex_health_informatics_1000
W3172289389,pre_ai,2021,Medicine,20,3.0,0.55,4.444516285937372,0.2,0.6724790966912028,0.4,1.2706817223249798,0.8407294183969498,0.2,openalex_health_informatics_1000
W3172586930,pre_ai,2021,Medicine,23,2.0,0.6956521739130435,3.8918202981106265,0.217391304347826,0.8445898064867812,0.5217391304347826,1.3631881395923875,0.7808096512504246,0.1304347826086956,openalex_health_informatics_1000
W3172881192,pre_ai,2021,Medicine,16,7.5,0.375,4.713934092252378,0.0625,0.6065888373580681,0.0625,0.2337916587064593,0.869353074580431,0.0625,openalex_health_informatics_1000
W3173063071,pre_ai,2021,Medicine,7,4.0,0.4285714285714285,1.9459101490553128,0.8571428571428571,0.4482758620689655,1.0,0.5982695885852573,0.722468444279262,0.0,openalex_health_informatics_1000
W3173079757,pre_ai,2021,Medicine,10,2.0,0.8,3.286141271347004,0.5,0.6273779983457403,0.6,1.4184836619456564,0.8161866426467895,0.3,openalex_health_informatics_1000
W3173169714,pre_ai,2021,Medicine,25,2.0,0.84,4.804021044733257,0.08,0.5071672354948805,0.36,1.0143967700200074,0.8227001643180847,0.04,openalex_health_informatics_1000
W3173393692,pre_ai,2021,Medicine,15,5.0,0.2666666666666666,4.997212273764115,0.0666666666666666,0.4866412213740458,0.7333333333333333,1.4019454593787286,0.862152616182963,0.0,openalex_health_informatics_1000
W3173561451,pre_ai,2021,Medicine,23,7.0,0.217391304347826,5.659482215759621,0.0434782608695652,0.4801208161252542,0.9565217391304348,0.5305096302300271,0.8552269883777784,0.0,openalex_health_informatics_1000
W3173770286,pre_ai,2021,Medicine,20,11.0,0.2,3.387111943178807,0.35,0.3607666290868094,0.8,0.9819416009240194,0.9264200001955032,0.35,openalex_health_informatics_1000
W3173900512,pre_ai,2021,Medicine,19,2.0,0.9473684210526316,4.07753744390572,0.2105263157894736,0.2260273972602739,0.1052631578947368,0.4094586186950892,0.9063440875003212,0.2105263157894736,openalex_health_informatics_1000
W3174245779,pre_ai,2021,Medicine,12,3.5,0.5,5.010435254085586,0.0,0.9491787282484956,0.3333333333333333,0.8239592165010823,0.8704598148663839,0.0,openalex_health_informatics_1000
W3174364882,pre_ai,2021,Medicine,42,4.0,0.4285714285714285,3.676220550121792,0.238095238095238,0.4945378151260504,0.7380952380952381,1.922584532420816,0.8251081875392369,0.2142857142857142,openalex_health_informatics_1000
W3174411215,pre_ai,2021,Medicine,77,4.0,0.4935064935064935,4.04305126783455,0.2337662337662337,0.7832059805246752,0.7792207792207793,1.987054740865434,0.7923856965907208,0.1038961038961039,openalex_health_informatics_1000
W3174674735,pre_ai,2021,Medicine,18,2.0,0.6111111111111112,4.548697806480025,0.2777777777777778,0.5839170636032502,0.4444444444444444,0.8544149816001841,0.8095802962779999,0.1666666666666666,openalex_health_informatics_1000
W3174844187,pre_ai,2021,Medicine,11,3.0,0.7272727272727273,5.308267697401205,0.1818181818181818,0.3729887859580692,0.3636363636363636,1.0335620542068176,0.7733320214531638,0.0909090909090909,openalex_health_informatics_1000
W3174981610,pre_ai,2021,Medicine,5,2.0,0.8,4.0943445622221,0.4,0.6466165413533834,0.4,0.6730116670092565,0.8796727299690247,0.4,openalex_health_informatics_1000
W3175382607,pre_ai,2021,Medicine,46,2.0,0.6521739130434783,4.066059386477903,0.217391304347826,0.8981106413175246,0.8043478260869565,1.4143809936872744,0.8254538022953531,0.1739130434782608,openalex_health_informatics_1000
W3176050628,pre_ai,2020,Medicine,8,3.5,0.5,4.856647550680802,0.0,0.2804979253112033,0.5,1.2130075659799042,0.8581321015954018,0.0,openalex_health_informatics_1000
W3176158708,pre_ai,2021,Medicine,6,3.0,0.6666666666666666,4.602965331743741,0.0,0.5085239085239085,0.0,-0.0,0.8480388124783834,0.0,openalex_health_informatics_1000
W3176290932,pre_ai,2021,Medicine,30,2.0,0.6,4.005843364563924,0.2333333333333333,0.7202047862840815,0.2666666666666666,0.9783618749619166,0.8486233830451966,0.2333333333333333,openalex_health_informatics_1000
W3176500331,pre_ai,2021,Medicine,31,5.0,0.3548387096774194,3.80666248977032,0.2258064516129032,0.976991941727458,0.1612903225806451,0.6119517622013296,0.8336661015787432,0.2258064516129032,openalex_health_informatics_1000
W3176619972,pre_ai,2021,Medicine,17,3.0,0.5294117647058824,4.553876891600541,0.0588235294117647,0.5340686274509804,0.3529411764705882,0.9554471413937666,0.8502678976339453,0.0588235294117647,openalex_health_informatics_1000
W3176626957,pre_ai,2021,Medicine,15,2.0,0.6666666666666666,3.58351893845611,0.3333333333333333,0.5960076045627376,0.1333333333333333,0.4850940913022115,0.8401519258817037,0.0666666666666666,openalex_health_informatics_1000
W3176804465,pre_ai,2021,Medicine,12,3.5,0.5,4.271430469082407,0.25,0.6821411653244908,0.5,1.1988493129136213,0.8269072075684866,0.0833333333333333,openalex_health_informatics_1000
W3176923365,pre_ai,2021,Medicine,61,2.0,0.8852459016393442,3.091042453358316,0.4098360655737705,0.9900842466264071,0.2786885245901639,1.1197217317362524,0.7736359307023345,0.0655737704918032,openalex_health_informatics_1000
W3177358354,pre_ai,2021,Medicine,9,8.0,0.2222222222222222,4.406719247264253,0.2222222222222222,0.672869735553379,0.3333333333333333,0.8486855577264172,0.8525039023823209,0.2222222222222222,openalex_health_informatics_1000
W3177390172,pre_ai,2021,Medicine,24,6.0,0.2083333333333333,3.7238756400239534,0.2916666666666667,0.905753523023068,0.75,1.4735023850806486,0.8071219573418299,0.2083333333333333,openalex_health_informatics_1000
W3177647600,pre_ai,2021,Medicine,33,6.0,0.3636363636363636,3.6635616461296463,0.2424242424242424,0.9322843985487022,0.8181818181818182,1.706399687825927,0.8590032476367373,0.2121212121212121,openalex_health_informatics_1000
W3177656130,pre_ai,2021,Medicine,84,3.0,0.5238095238095238,3.540854293052788,0.2738095238095238,0.7479179141037505,0.6428571428571429,1.68032271491121,0.8551742505459559,0.2261904761904762,openalex_health_informatics_1000
W3177817367,pre_ai,2021,Medicine,34,3.5,0.5,4.025192226533511,0.2352941176470588,0.5555555555555556,0.3529411764705882,1.3477911257300714,0.8092910927884719,0.088235294117647,openalex_health_informatics_1000
W3178433975,pre_ai,2021,Medicine,32,3.5,0.5,5.441958362763257,0.09375,0.6431552415189455,0.40625,1.2948769608693993,0.8104407079517841,0.09375,openalex_health_informatics_1000
W3178709181,pre_ai,2021,Medicine,34,3.0,0.5588235294117647,3.3961722137354045,0.4411764705882353,0.9152480985150308,0.2352941176470588,0.6342463766177577,0.8322139522608589,0.3235294117647059,openalex_health_informatics_1000
W3179325635,pre_ai,2021,Medicine,36,3.0,0.5277777777777778,3.912023005428146,0.1944444444444444,0.935120569336005,0.25,0.7965572215035623,0.8114348236057494,0.1944444444444444,openalex_health_informatics_1000
W3179399561,pre_ai,2021,Medicine,20,2.5,0.65,3.511434043041321,0.35,0.2781954887218045,0.8,0.5004024235381879,0.859219977259636,0.35,openalex_health_informatics_1000
W3179600497,pre_ai,2021,Medicine,8,2.0,0.75,3.1112881340356844,0.375,0.6039735099337749,0.375,0.9002560512685369,0.7893389835953712,0.0,openalex_health_informatics_1000
W3180030384,pre_ai,2021,Medicine,15,1.0,0.9333333333333332,1.3862943611198906,0.7333333333333333,0.9463276836158192,0.2666666666666666,0.857174043642079,0.864777143796285,0.6,openalex_health_informatics_1000
W3180293735,pre_ai,2021,Medicine,15,2.0,0.7333333333333333,4.727387818712341,0.0666666666666666,0.3491220906492446,0.8,1.459481873869085,0.8620389382044474,0.0,openalex_health_informatics_1000
W3180305929,pre_ai,2021,Medicine,8,7.5,0.125,5.860469567343819,0.25,0.6186109151542358,1.0,0.3767701612564367,0.7673900425434113,0.0,openalex_health_informatics_1000
W3181780535,pre_ai,2021,Medicine,67,5.0,0.3283582089552239,4.31748811353631,0.1343283582089552,0.8572637070196154,0.8955223880597015,1.947443278912179,0.825752338366722,0.1194029850746268,openalex_health_informatics_1000
W3182116013,pre_ai,2021,Medicine,12,2.0,0.5833333333333334,5.68067905607262,0.0833333333333333,0.7013422818791947,0.9166666666666666,1.2342678660790765,0.7989524652560552,0.0833333333333333,openalex_health_informatics_1000
W3182171307,pre_ai,2021,Medicine,17,3.0,0.5882352941176471,4.700480365792417,0.1176470588235294,0.4882997630331753,0.3529411764705882,0.9554471413937666,0.8258878167937783,0.1176470588235294,openalex_health_informatics_1000
W3182419356,pre_ai,2021,Medicine,14,1.5,0.6428571428571429,3.026044584462208,0.4285714285714285,0.6530386740331492,0.6428571428571429,1.6307991045856434,0.7857890512262072,0.2142857142857142,openalex_health_informatics_1000
W3182459953,pre_ai,2021,Medicine,18,1.5,0.8333333333333334,3.783931302731941,0.2777777777777778,0.6359178669935642,0.3333333333333333,1.0506652765928128,0.8823635710610284,0.2777777777777778,openalex_health_informatics_1000
W3183015861,pre_ai,2021,Medicine,9,5.0,0.4444444444444444,5.017279836814924,0.0,0.8485182849936949,0.5555555555555556,1.0608569471580214,0.8354278206825256,0.0,openalex_health_informatics_1000
W3183267169,pre_ai,2021,Medicine,74,6.0,0.3108108108108108,5.811028929072911,0.1081081081081081,0.5659132019718037,0.8378378378378378,1.692568253847537,0.7993339896202087,0.0675675675675675,openalex_health_informatics_1000
W3183372445,pre_ai,2021,Medicine,54,3.0,0.6481481481481481,4.619949587108864,0.0925925925925925,0.7627414844941536,0.6111111111111112,1.965729222468304,0.8101066913869646,0.0925925925925925,openalex_health_informatics_1000
W3183432964,pre_ai,2021,Medicine,12,1.0,0.9166666666666666,5.769851853001416,0.0,0.3751829565783054,0.3333333333333333,0.8239592165010823,0.726082389553388,0.0,openalex_health_informatics_1000
W3183507265,pre_ai,2021,Medicine,36,2.0,0.6944444444444444,3.174569495689899,0.2777777777777778,0.6506849315068494,0.0833333333333333,0.3398788304140617,0.849914131893052,0.25,openalex_health_informatics_1000
W3183679434,pre_ai,2021,Medicine,10,1.0,1.0,3.441218735498923,0.4,0.4042553191489361,0.4,0.8979457248567797,0.8428812146186828,0.4,openalex_health_informatics_1000
W3184257704,pre_ai,2021,Medicine,24,2.0,0.7083333333333334,3.218875824868201,0.2916666666666667,0.9380926102443184,0.5416666666666666,1.493752093591498,0.8401437724630038,0.2916666666666667,openalex_health_informatics_1000
W3184671111,pre_ai,2021,Medicine,15,2.0,0.9333333333333332,3.688879454113936,0.1333333333333333,0.5080707148347425,0.4,0.9502705392332348,0.8029961148897807,0.0,openalex_health_informatics_1000
W3184842396,pre_ai,2021,Medicine,19,3.0,0.5789473684210527,3.8501476017100575,0.1578947368421052,0.9174393845731162,0.6842105263157895,1.9133036567531656,0.8280365184733742,0.1052631578947368,openalex_health_informatics_1000
W3184954410,pre_ai,2021,Medicine,23,3.0,0.782608695652174,2.079441541679836,0.6956521739130435,0.75,0.9130434782608696,1.3240982240283097,0.8370787060779074,0.6086956521739131,openalex_health_informatics_1000
W3185079073,pre_ai,2021,Medicine,38,3.0,0.5263157894736842,3.3485171238332425,0.3421052631578947,0.6742937193555919,0.7105263157894737,1.8915621892829335,0.7930795550346375,0.1578947368421052,openalex_health_informatics_1000
W3185517933,pre_ai,2021,Medicine,16,3.0,0.5625,2.833213344056216,0.4375,0.6916701201823456,0.5625,1.541976432762825,0.838039617985487,0.3125,openalex_health_informatics_1000
W3185701840,pre_ai,2021,Medicine,8,0.5,0.875,4.45027450696815,0.25,0.7906566769501984,0.0,-0.0,0.911087840795517,0.25,openalex_health_informatics_1000
W3186021412,pre_ai,2021,Medicine,31,2.0,0.7741935483870968,4.110873864173311,0.2580645161290322,0.4870218579234973,0.5806451612903226,1.4161534378297802,0.8525663633500377,0.1935483870967742,openalex_health_informatics_1000
W3186120342,pre_ai,2021,Medicine,41,5.0,0.2682926829268293,4.962844630259907,0.1463414634146341,0.7076742419009463,0.6585365853658537,1.7585307427235075,0.8142476052772708,0.0975609756097561,openalex_health_informatics_1000
W3186380680,pre_ai,2021,Medicine,27,2.0,0.7037037037037037,3.9889840465642745,0.3333333333333333,0.8540888237241641,0.6296296296296297,1.7493785016177612,0.8012558575029727,0.1481481481481481,openalex_health_informatics_1000
W3186504471,pre_ai,2021,Medicine,69,2.0,0.5507246376811594,3.7612001156935615,0.3333333333333333,0.7488871050135006,0.463768115942029,1.663323726593342,0.783579088639522,0.1304347826086956,openalex_health_informatics_1000
W3186595981,pre_ai,2021,Medicine,22,2.5,0.8181818181818182,4.240679369203511,0.2727272727272727,0.4573355817875211,0.3181818181818182,1.0318204422829809,0.8447469229047949,0.2727272727272727,openalex_health_informatics_1000
W3186633873,pre_ai,2021,Medicine,21,3.0,0.5238095238095238,4.007333185232471,0.0952380952380952,0.800648526716481,0.6190476190476191,1.5012834639366597,0.7944633620125907,0.0952380952380952,openalex_health_informatics_1000
W3187290221,pre_ai,2021,Medicine,24,6.5,0.3333333333333333,5.298004768851078,0.0833333333333333,0.5571982727073117,0.9583333333333334,2.224411830687256,0.8236967374881109,0.0,openalex_health_informatics_1000
W3187428826,pre_ai,2021,Medicine,25,4.0,0.48,4.584967478670572,0.28,0.7692231273594278,0.28,0.9505229100979934,0.8269323897361756,0.24,openalex_health_informatics_1000
W3187950362,pre_ai,2021,Medicine,3,3.0,0.6666666666666666,5.407171771460119,0.3333333333333333,0.6,0.3333333333333333,0.6365141682948128,0.7962308724721273,0.3333333333333333,openalex_health_informatics_1000
W3188395949,pre_ai,2021,Medicine,13,2.0,0.7692307692307693,3.6635616461296463,0.2307692307692307,0.5226377952755905,0.2307692307692307,0.6870920273799715,0.8718728927465585,0.2307692307692307,openalex_health_informatics_1000
W3188560218,pre_ai,2021,Medicine,36,2.0,0.6944444444444444,4.350090596376676,0.1111111111111111,0.861395981582252,0.3611111111111111,0.9924722016917682,0.8231411344475217,0.0833333333333333,openalex_health_informatics_1000
W3189660718,pre_ai,2021,Medicine,31,3.0,0.6451612903225806,3.6635616461296463,0.1290322580645161,0.5013812154696132,0.3225806451612903,1.0416555959756086,0.8498333423368393,0.0967741935483871,openalex_health_informatics_1000
W3189751383,pre_ai,2021,Medicine,32,2.5,0.625,3.955295306128239,0.15625,0.9208717205256512,0.28125,0.8328228358353933,0.8631343878805637,0.15625,openalex_health_informatics_1000
W3189763864,pre_ai,2021,Medicine,11,5.0,0.2727272727272727,3.610917912644224,0.1818181818181818,0.6155734829884251,0.9090909090909092,1.515707952085713,0.8747419010509144,0.1818181818181818,openalex_health_informatics_1000
W3190110441,pre_ai,2021,Medicine,13,2.0,0.7692307692307693,2.302585092994046,0.8461538461538461,0.8744038155802861,0.7692307692307693,1.1569876443452742,0.8494081909839923,0.7692307692307693,openalex_health_informatics_1000
W3190357239,pre_ai,2021,Medicine,30,2.0,0.6,4.604970145977422,0.1666666666666666,0.8847025861274447,0.7333333333333333,1.9163683941284804,0.7996512273947398,0.0333333333333333,openalex_health_informatics_1000
W3191149992,pre_ai,2020,Medicine,4,9.5,0.5,3.1383217446708223,0.25,0.6861702127659575,1.0,0.5623351446188083,0.9069853723049164,0.25,openalex_health_informatics_1000
W3191197587,pre_ai,2021,Medicine,84,5.0,0.369047619047619,4.0598481264786255,0.2976190476190476,0.6577717727861284,0.3452380952380952,1.2598454745376857,0.8016621541409266,0.1904761904761904,openalex_health_informatics_1000
W3192023667,pre_ai,2021,Medicine,19,2.0,0.6842105263157895,4.276666119016055,0.1578947368421052,0.9543927327028372,0.5263157894736842,1.188260652709807,0.82942092104962,0.1578947368421052,openalex_health_informatics_1000
W3192447662,pre_ai,2021,Medicine,69,3.0,0.6086956521739131,4.204692619390966,0.1884057971014492,0.8170393482405963,0.4347826086956521,1.516396369367614,0.8348152430161185,0.1159420289855072,openalex_health_informatics_1000
W3192686185,pre_ai,2021,Medicine,34,7.5,0.2941176470588235,4.886575525404062,0.1470588235294117,0.8308849678566543,0.7941176470588235,1.8947731014513491,0.8094495271935183,0.1176470588235294,openalex_health_informatics_1000
W3193480672,pre_ai,2021,Medicine,16,7.0,0.3125,4.589424852442406,0.0,0.8645339652448657,1.0,1.3535913521346064,0.7635847963392735,0.0,openalex_health_informatics_1000
W3193637582,pre_ai,2021,Medicine,19,2.0,0.8421052631578947,3.80666248977032,0.4210526315789473,0.989707468748017,0.2631578947368421,0.8539446982794194,0.8377516301054704,0.2105263157894736,openalex_health_informatics_1000
W3193669350,pre_ai,2021,Medicine,20,1.5,0.85,3.0523966162074925,0.5,0.8502818489289741,0.35,0.7909873504355756,0.8545489430427551,0.45,openalex_health_informatics_1000
W3193672086,pre_ai,2021,Medicine,14,5.0,0.3571428571428571,3.7954260618442905,0.2857142857142857,0.951895991332611,0.6428571428571429,1.470131920408841,0.7621155040604728,0.0714285714285714,openalex_health_informatics_1000
W3193735819,pre_ai,2021,Medicine,24,2.0,0.75,3.569433499972762,0.2916666666666667,0.7804878048780488,0.5,1.2925718370167558,0.8678673406442007,0.2916666666666667,openalex_health_informatics_1000
W3193961200,pre_ai,2021,Medicine,30,2.0,0.7,3.597218425550168,0.2666666666666666,0.6428112965340179,0.3,1.13140223914377,0.8282851954301198,0.2,openalex_health_informatics_1000
W3194229737,pre_ai,2021,Medicine,10,33.0,0.0,5.69673301246645,0.0,0.3704593215250675,0.8,1.6957425341696346,0.7899701595306396,0.0,openalex_health_informatics_1000
W3194575560,pre_ai,2021,Medicine,16,2.0,0.625,4.879693104280936,0.125,0.6570268074735987,0.375,1.1274832349932322,0.8210971802473068,0.125,openalex_health_informatics_1000
W3194739791,pre_ai,2021,Medicine,22,4.0,0.3181818181818182,4.373993700830485,0.1818181818181818,0.9622195269860522,0.5,1.403433143533297,0.7979074879126116,0.1363636363636363,openalex_health_informatics_1000
W3194787424,pre_ai,2021,Medicine,44,3.0,0.5227272727272727,4.378183779901487,0.2272727272727272,0.6890110424672861,0.6363636363636364,1.9742271279319656,0.8244388807903636,0.1136363636363636,openalex_health_informatics_1000
W3194795494,pre_ai,2021,Medicine,7,2.0,1.0,2.5649493574615367,0.5714285714285714,0.5185643564356436,0.2857142857142857,0.7963116401738131,0.784558858190264,0.1428571428571428,openalex_health_informatics_1000
W3194979994,pre_ai,2021,Medicine,10,2.5,0.7,5.604475697870734,0.1,0.5747997864388681,0.5,1.1682824501765623,0.8521782040596009,0.1,openalex_health_informatics_1000
W3195252633,pre_ai,2021,Medicine,25,3.0,0.52,3.295836866004329,0.32,0.9387133612485724,0.36,1.067079685703125,0.8251433134078979,0.12,openalex_health_informatics_1000
W3195358355,pre_ai,2021,Medicine,18,4.0,0.1666666666666666,1.6094379124341005,0.8888888888888888,0.3814432989690721,0.7222222222222222,1.659104829419214,0.7536079618665907,0.1666666666666666,openalex_health_informatics_1000
W3195505129,pre_ai,2021,Medicine,72,3.0,0.6111111111111112,3.849921203698493,0.2222222222222222,0.6390150368352003,0.7222222222222222,1.8042564964009276,0.8039260167214606,0.125,openalex_health_informatics_1000
W3196012986,pre_ai,2021,Medicine,31,3.0,0.6451612903225806,4.499809670330265,0.1290322580645161,0.5295940959409594,0.4838709677419355,1.376905249274986,0.8648437376945249,0.032258064516129,openalex_health_informatics_1000
W3196056703,pre_ai,2021,Medicine,9,1.0,1.0,2.995732273553991,0.4444444444444444,0.5255474452554745,0.5555555555555556,1.581093750171824,0.8003375265333388,0.2222222222222222,openalex_health_informatics_1000
W3196240035,pre_ai,2021,Medicine,17,2.0,0.7647058823529411,2.19722457733622,0.5882352941176471,0.6405622489959839,0.1764705882352941,0.4659992569610426,0.8213959266157711,0.4705882352941176,openalex_health_informatics_1000
W3196387024,pre_ai,2021,Medicine,36,3.0,0.5277777777777778,4.653960350157523,0.1666666666666666,0.538974278544542,0.5,1.4987260892319036,0.8433271265692182,0.1388888888888889,openalex_health_informatics_1000
W3196400313,pre_ai,2021,Medicine,41,3.0,0.5853658536585366,3.58351893845611,0.3414634146341463,0.7508896797153025,0.4146341463414634,1.375404675138383,0.81490746503923,0.2682926829268293,openalex_health_informatics_1000
W3196560242,pre_ai,2021,Medicine,27,3.0,0.5185185185185185,4.48863636973214,0.1481481481481481,0.958392661555312,0.5925925925925926,1.7347504172315356,0.7883364072552433,0.074074074074074,openalex_health_informatics_1000
W3196768570,pre_ai,2021,Medicine,31,3.0,0.6774193548387096,4.07753744390572,0.1612903225806451,0.887920954162769,0.4193548387096774,1.28348543234611,0.8557084164311809,0.064516129032258,openalex_health_informatics_1000
W3196769534,pre_ai,2021,Medicine,78,4.0,0.4871794871794871,3.4165158663931003,0.358974358974359,0.8098016997167139,0.4102564102564102,1.3806494698280576,0.8131795143469785,0.1923076923076923,openalex_health_informatics_1000
W3197003956,pre_ai,2021,Medicine,20,3.5,0.45,2.282174095733918,0.6,0.6772428884026258,0.9,1.7820471559051687,0.8399417370557785,0.55,openalex_health_informatics_1000
W3197051181,pre_ai,2021,Medicine,11,2.0,0.6363636363636364,3.4011973816621555,0.1818181818181818,0.4150485436893203,0.0909090909090909,0.3046360973492381,0.8537506677887656,0.1818181818181818,openalex_health_informatics_1000
W3197085278,pre_ai,2021,Medicine,11,2.0,0.5454545454545454,5.442417710521793,0.1818181818181818,0.6914128271850605,0.4545454545454545,0.9164648855394713,0.8653585043820468,0.1818181818181818,openalex_health_informatics_1000
W3197612343,pre_ai,2021,Medicine,26,1.0,0.9230769230769232,3.6810052756298655,0.2692307692307692,0.5342242503259452,0.3461538461538461,0.8817120037006025,0.8645193370488974,0.1923076923076923,openalex_health_informatics_1000
W3197667148,pre_ai,2021,Medicine,6,2.0,0.8333333333333334,4.945378430028654,0.1666666666666666,0.5888824551244933,0.3333333333333333,0.8675632284814612,0.822498748699824,0.1666666666666666,openalex_health_informatics_1000
W3197669231,pre_ai,2021,Medicine,28,3.0,0.5714285714285714,2.5619819897016294,0.5714285714285714,0.7991535205848403,0.8928571428571429,1.8272337585995615,0.8007703593799046,0.3214285714285714,openalex_health_informatics_1000
W3198380000,pre_ai,2021,Medicine,24,2.0,0.75,3.384246605824315,0.2916666666666667,0.8324550736386974,0.4166666666666667,0.945456540845766,0.8624781916538874,0.2916666666666667,openalex_health_informatics_1000
W3198711189,pre_ai,2021,Medicine,11,1.0,1.0,2.70805020110221,0.5454545454545454,0.7181069958847737,0.8181818181818182,1.0335620542068176,0.8439212170514193,0.4545454545454545,openalex_health_informatics_1000
W3198967544,pre_ai,2021,Medicine,21,2.0,0.5714285714285714,3.4011973816621555,0.4285714285714285,0.6743407283382168,0.5238095238095238,1.089871122271088,0.8668062403088524,0.4285714285714285,openalex_health_informatics_1000
W3199003174,pre_ai,2021,Medicine,132,3.0,0.5151515151515151,3.295150524098343,0.3560606060606061,0.917597187758478,0.6136363636363636,1.6264261572318637,0.8257355455196265,0.303030303030303,openalex_health_informatics_1000
W3199664458,pre_ai,2021,Medicine,17,1.0,0.8235294117647058,1.9459101490553128,0.5882352941176471,0.8630828630828631,0.1764705882352941,0.6598720137848266,0.8376511861296261,0.5294117647058824,openalex_health_informatics_1000
W3199676479,pre_ai,2021,Medicine,54,5.0,0.3518518518518518,3.890986617217192,0.3333333333333333,0.6001808863430811,0.7777777777777778,1.926987617349755,0.7895412886584247,0.1296296296296296,openalex_health_informatics_1000
W3199921441,pre_ai,2021,Medicine,14,2.5,0.8571428571428571,3.721539187174258,0.2142857142857142,0.6664972038637519,0.0714285714285714,0.2573186405438316,0.8796105767999377,0.1428571428571428,openalex_health_informatics_1000
W3200368657,pre_ai,2021,Medicine,27,7.0,0.1481481481481481,4.406719247264253,0.1111111111111111,0.7819946561971755,0.3333333333333333,1.195510093068952,0.7969865445737485,0.037037037037037,openalex_health_informatics_1000
W3200391510,pre_ai,2021,Medicine,43,3.0,0.5581395348837209,3.58351893845611,0.2093023255813953,0.9855945182897948,0.4418604651162791,1.1327432893817917,0.8001110567603,0.1395348837209302,openalex_health_informatics_1000
W3200564379,pre_ai,2021,Medicine,14,5.0,0.3571428571428571,3.4165158663931003,0.3571428571428571,0.7957695113056164,0.9285714285714286,1.1163670752893369,0.8586100169590541,0.3571428571428571,openalex_health_informatics_1000
W3200614250,pre_ai,2021,Medicine,32,2.0,0.8125,3.198464827608073,0.4375,0.5793499043977055,0.875,1.4677011226422574,0.8341655358672142,0.3125,openalex_health_informatics_1000
W3200662332,pre_ai,2021,Medicine,34,5.0,0.2647058823529412,3.988812549392296,0.1764705882352941,0.4401980198019802,1.0,1.217773744544746,0.8535271304495194,0.1764705882352941,openalex_health_informatics_1000
W3200676672,pre_ai,2021,Medicine,15,2.0,0.6,4.465908118654584,0.2666666666666666,0.5206994328922495,0.6,1.0832550105185086,0.8493640104929606,0.2,openalex_health_informatics_1000
W3200883555,pre_ai,2021,Medicine,32,2.0,0.6875,4.283372485122743,0.125,0.658287419651056,0.5625,1.54736240459938,0.8636375982314348,0.09375,openalex_health_informatics_1000
W3200897066,pre_ai,2021,Medicine,12,7.0,0.25,2.2924837393352857,0.5833333333333334,0.952359048495203,0.5833333333333334,1.308605387253449,0.7799287438392639,0.4166666666666667,openalex_health_informatics_1000
W3201175913,pre_ai,2021,Medicine,7,5.0,0.4285714285714285,5.049856007249537,0.0,0.507738392411383,0.4285714285714285,1.15374194270109,0.8320097242082868,0.0,openalex_health_informatics_1000
W3201352722,pre_ai,2020,Medicine,67,2.0,0.7014925373134329,4.07753744390572,0.2388059701492537,0.7280976921353349,0.3880597014925373,1.1567683991820503,0.8393871197059973,0.1791044776119403,openalex_health_informatics_1000
W3201406230,pre_ai,2021,Medicine,7,1.5,0.8571428571428571,4.8283137373023015,0.0,0.3572867696440564,0.5714285714285714,1.277034259466139,0.8195534689085824,0.0,openalex_health_informatics_1000
W3201412616,pre_ai,2021,Medicine,32,7.0,0.34375,4.387311110348499,0.125,0.8975099924381549,0.4375,1.078279043397024,0.8250690251588821,0.0625,openalex_health_informatics_1000
W3201427707,pre_ai,2021,Medicine,65,4.0,0.4307692307692308,4.499809670330265,0.1846153846153846,0.6486701885417615,0.6461538461538462,1.6028721775889572,0.8052456131348243,0.1076923076923077,openalex_health_informatics_1000
W3201532559,pre_ai,2021,Medicine,31,3.0,0.5483870967741935,3.091042453358316,0.4193548387096774,0.6777264858626659,0.2903225806451613,1.0445885089326603,0.8353820635426429,0.3225806451612903,openalex_health_informatics_1000
W3201827372,pre_ai,2021,Medicine,25,2.0,0.84,4.343805421853684,0.12,0.8072349272349272,0.88,0.6350047569400391,0.8839475584030151,0.08,openalex_health_informatics_1000
W3201841192,pre_ai,2021,Medicine,41,4.0,0.4878048780487805,4.820281565605037,0.1463414634146341,0.7475841645885287,0.5609756097560976,1.288756774740805,0.8488265217804327,0.0975609756097561,openalex_health_informatics_1000
W3201971809,pre_ai,2021,Medicine,41,3.0,0.6585365853658537,4.007333185232471,0.1951219512195122,0.8693854386249392,0.4390243902439024,1.370882524124891,0.816770406757913,0.073170731707317,openalex_health_informatics_1000
W3202023207,pre_ai,2021,Medicine,8,2.0,0.875,5.315783709818048,0.125,0.3027469316189363,0.125,0.3767701612564367,0.8743242025375366,0.125,openalex_health_informatics_1000
W3202257981,pre_ai,2021,Medicine,5,1.0,1.0,4.007333185232471,0.4,0.4932885906040268,0.0,-0.0,0.8586729645729065,0.2,openalex_health_informatics_1000
W3202309439,pre_ai,2021,Medicine,27,3.0,0.5185185185185185,3.4339872044851463,0.1851851851851851,0.6990701606086221,0.3333333333333333,1.092821621874886,0.8054246703783671,0.1111111111111111,openalex_health_informatics_1000
W3202682695,pre_ai,2021,Medicine,13,7.0,0.2307692307692307,2.833213344056216,0.4615384615384615,0.8607442977190877,0.6923076923076923,1.925121190790818,0.7721693332378681,0.2307692307692307,openalex_health_informatics_1000
W3202727807,pre_ai,2021,Medicine,37,5.0,0.2432432432432432,4.143134726391533,0.1351351351351351,0.916911067498732,0.1621621621621621,0.5163018882871965,0.8293662264540389,0.1351351351351351,openalex_health_informatics_1000
W3203144987,pre_ai,2021,Medicine,9,3.0,0.6666666666666666,1.791759469228055,0.5555555555555556,0.4598930481283422,0.7777777777777778,1.310783678099714,0.8361353807979159,0.5555555555555556,openalex_health_informatics_1000
W3203257707,pre_ai,2021,Medicine,42,1.0,0.7857142857142857,3.091042453358316,0.3809523809523809,0.681337525007145,0.6904761904761905,1.682519572642591,0.8563602907317025,0.3571428571428571,openalex_health_informatics_1000
W3203350462,pre_ai,2021,Medicine,27,3.0,0.6296296296296297,3.610917912644224,0.2222222222222222,0.4408310749774164,0.3703703703703703,1.0918497075920883,0.825805992991836,0.1481481481481481,openalex_health_informatics_1000
W3203561311,pre_ai,2021,Medicine,24,3.0,0.75,3.754393585317138,0.2083333333333333,0.5462649861666155,0.875,1.5756147064965702,0.7093214492003123,0.0,openalex_health_informatics_1000
W3203572126,pre_ai,2021,Medicine,12,6.5,0.3333333333333333,3.833110962831362,0.1666666666666666,0.980630353244136,0.6666666666666666,1.7917594692280554,0.786703755458196,0.1666666666666666,openalex_health_informatics_1000
W3203584273,pre_ai,2021,Medicine,35,3.0,0.5428571428571428,4.143134726391533,0.2285714285714285,0.9420855623564188,0.4571428571428571,1.5536350399300711,0.8369747042655945,0.2285714285714285,openalex_health_informatics_1000
W3204274972,pre_ai,2021,Medicine,28,3.0,0.6785714285714286,3.623540292292878,0.2857142857142857,0.8572426641825803,0.1785714285714285,0.7071094627648349,0.841094474707331,0.1785714285714285,openalex_health_informatics_1000
W3204768714,pre_ai,2021,Medicine,102,3.0,0.6764705882352942,3.912023005428146,0.2549019607843137,0.8846225412014885,0.284313725490196,0.95735039326385,0.8232396063851375,0.1470588235294117,openalex_health_informatics_1000
W3204921442,pre_ai,2021,Medicine,19,2.0,0.9473684210526316,4.30406509320417,0.1578947368421052,0.5679245283018868,0.1052631578947368,0.4094586186950892,0.8350570515582436,0.1578947368421052,openalex_health_informatics_1000
W3204931000,pre_ai,2021,Medicine,36,4.0,0.3055555555555556,4.594302939915089,0.1666666666666666,0.767995915820523,0.8055555555555556,1.811526200836028,0.802021849486563,0.0833333333333333,openalex_health_informatics_1000
W3204961660,pre_ai,2021,Medicine,22,6.5,0.3181818181818182,4.988903108389214,0.0,0.4150943396226415,0.3636363636363636,1.0097780476720652,0.8240943307226355,0.0,openalex_health_informatics_1000
W3205234239,pre_ai,2021,Medicine,12,4.0,0.3333333333333333,8.879307525210523,0.0833333333333333,0.582729887297478,0.9166666666666666,0.5660857389596289,0.7794110029935837,0.0833333333333333,openalex_health_informatics_1000
W3205457855,pre_ai,2021,Medicine,32,0.5,0.90625,3.3460418712533144,0.34375,0.8847295514511874,0.34375,1.1751348513484663,0.8320478014647961,0.25,openalex_health_informatics_1000
W3205681284,pre_ai,2021,Medicine,34,3.0,0.5882352941176471,4.1060129023117184,0.2647058823529412,0.5366099740559239,0.4411764705882353,1.3608790768182155,0.8095218065906974,0.1470588235294117,openalex_health_informatics_1000
W3205714711,pre_ai,2021,Medicine,4,16.0,0.0,6.495041886197619,0.0,0.771039273310179,0.75,1.3862943611198906,0.8132010102272034,0.0,openalex_health_informatics_1000
W3205772203,pre_ai,2021,Medicine,11,7.0,0.1818181818181818,4.61512051684126,0.0909090909090909,0.5857566765578635,0.1818181818181818,0.6001660731596457,0.8317070007324219,0.0909090909090909,openalex_health_informatics_1000
W3205958636,pre_ai,2021,Medicine,36,2.5,0.7222222222222222,4.344226900425383,0.1111111111111111,0.9539420211324844,0.2777777777777778,0.8402716142913547,0.8318049261967341,0.0833333333333333,openalex_health_informatics_1000
W3206074437,pre_ai,2021,Medicine,22,2.5,0.7727272727272727,4.472079415485203,0.2272727272727272,0.7686283815851922,0.5454545454545454,1.6033192052774208,0.8284093764695254,0.2272727272727272,openalex_health_informatics_1000
W3206337820,pre_ai,2021,Medicine,8,1.0,1.0,2.5529727369502906,0.625,0.7612687813021702,0.125,0.3767701612564367,0.8862588405609131,0.625,openalex_health_informatics_1000
W3206362816,pre_ai,2021,Medicine,14,2.0,0.7142857142857143,3.908006919579514,0.2142857142857142,0.9476853932584268,0.4285714285714285,0.9556998911125344,0.7705638919557843,0.1428571428571428,openalex_health_informatics_1000
W3206840963,pre_ai,2021,Medicine,53,2.0,0.660377358490566,4.356708826689592,0.1886792452830188,0.7459765970697171,0.660377358490566,1.8252877590409728,0.7922773934760183,0.1132075471698113,openalex_health_informatics_1000
W3207236987,pre_ai,2021,Medicine,49,3.0,0.5714285714285714,4.477336814478207,0.2244897959183673,0.8546532574346094,0.8571428571428571,1.845957048807005,0.8049957849541489,0.1428571428571428,openalex_health_informatics_1000
W3207584269,pre_ai,2021,Medicine,12,2.0,0.9166666666666666,3.3619162204106043,0.25,0.5220700152207002,0.4166666666666667,0.887694275799104,0.8196284274260203,0.0833333333333333,openalex_health_informatics_1000
W3207653653,pre_ai,2021,Medicine,32,3.0,0.65625,3.988812549392296,0.25,0.4752824858757062,0.375,1.124413687937636,0.8462234437465668,0.1875,openalex_health_informatics_1000
W3207778273,pre_ai,2021,Medicine,21,3.0,0.7142857142857143,4.158883083359672,0.238095238095238,0.5615952732644017,0.1428571428571428,0.5670609309552819,0.8501415252685547,0.1428571428571428,openalex_health_informatics_1000
W3208522983,pre_ai,2021,Medicine,72,2.0,0.6666666666666666,3.569433499972762,0.3611111111111111,0.6228436196051567,0.5138888888888888,1.782551388598125,0.8238195180892944,0.2222222222222222,openalex_health_informatics_1000
W3208715694,pre_ai,2021,Medicine,7,2.0,0.7142857142857143,4.574710978503383,0.1428571428571428,0.6013775290572535,0.5714285714285714,1.277034259466139,0.8796776447977338,0.1428571428571428,openalex_health_informatics_1000
W3208954537,pre_ai,2021,Medicine,17,4.0,0.4705882352941176,5.60947179518496,0.1764705882352941,0.6261253270655018,0.7647058823529411,1.5284657100610253,0.805244554491604,0.1764705882352941,openalex_health_informatics_1000
W3208991612,pre_ai,2021,Medicine,77,5.0,0.3766233766233766,4.0943445622221,0.1688311688311688,0.6883992493223049,0.6623376623376623,1.8828714206341224,0.8423741266324922,0.1558441558441558,openalex_health_informatics_1000
W3209060067,pre_ai,2021,Medicine,15,1.0,0.8,3.4339872044851463,0.3333333333333333,0.5043478260869565,0.3333333333333333,1.0805738483648537,0.8550585786501567,0.3333333333333333,openalex_health_informatics_1000
W3209766256,pre_ai,2021,Medicine,25,4.0,0.48,3.4339872044851463,0.24,0.6601428193599577,0.6,1.4757280737111167,0.8448021221160888,0.16,openalex_health_informatics_1000
W3210146206,pre_ai,2021,Medicine,25,3.0,0.52,4.31748811353631,0.32,0.607038636628925,0.68,1.6906411275395088,0.8218390536308289,0.32,openalex_health_informatics_1000
W3210293336,pre_ai,2021,Medicine,61,2.0,0.7704918032786885,3.7612001156935615,0.2950819672131147,0.9851711240043068,0.4754098360655737,1.6664572031436626,0.8598707738469858,0.2459016393442623,openalex_health_informatics_1000
W3210615824,pre_ai,2021,Medicine,5,2.0,0.6,4.605170185988092,0.2,0.964729034211323,0.8,0.5004024235381879,0.8243794083595276,0.2,openalex_health_informatics_1000
W3210777471,pre_ai,2021,Medicine,28,3.0,0.6428571428571429,4.123871943612758,0.3571428571428571,0.7885908873441589,0.2857142857142857,0.8554856032334106,0.7611907507692065,0.0,openalex_health_informatics_1000
W3210874941,pre_ai,2021,Medicine,54,7.0,0.3333333333333333,4.72676090851345,0.1111111111111111,0.5957253296953161,0.7592592592592593,1.8543676090017491,0.8255470516505065,0.0925925925925925,openalex_health_informatics_1000
W3210998236,pre_ai,2021,Medicine,9,3.0,0.6666666666666666,3.332204510175204,0.4444444444444444,0.4987775061124694,0.3333333333333333,1.002718264517516,0.835405429204305,0.4444444444444444,openalex_health_informatics_1000
W3211108032,pre_ai,2021,Medicine,9,2.0,0.7777777777777778,3.49650756146648,0.2222222222222222,0.4234234234234234,0.5555555555555556,0.9649629230074276,0.8489146497514513,0.2222222222222222,openalex_health_informatics_1000
W3211162146,pre_ai,2021,Medicine,23,3.0,0.6521739130434783,4.844187086458591,0.0869565217391304,0.5374625374625375,0.0869565217391304,0.355712859746894,0.8196266008460004,0.0434782608695652,openalex_health_informatics_1000
W3212070912,pre_ai,2021,Medicine,32,6.0,0.28125,3.881510654509259,0.15625,0.7169752702870635,0.59375,1.616117514322537,0.838464992120862,0.15625,openalex_health_informatics_1000
W3212788600,pre_ai,2021,Medicine,11,6.0,0.3636363636363636,3.044522437723423,0.4545454545454545,0.7770745428973277,0.2727272727272727,0.7595473914748635,0.8416215181350708,0.4545454545454545,openalex_health_informatics_1000
W3212931738,pre_ai,2021,Medicine,9,4.0,0.3333333333333333,3.784189633918261,0.1111111111111111,0.3641727144572652,1.0,0.936888307539016,0.8245675033993192,0.1111111111111111,openalex_health_informatics_1000
W3212950808,pre_ai,2021,Medicine,9,8.0,0.4444444444444444,7.254884810077338,0.2222222222222222,0.5226780642802913,0.7777777777777778,1.1490596969706204,0.8055150707562765,0.2222222222222222,openalex_health_informatics_1000
W3213099827,pre_ai,2021,Medicine,39,2.0,0.5641025641025641,3.610917912644224,0.3076923076923077,0.688182887880316,0.4102564102564102,1.227567416431519,0.7861765302144564,0.1025641025641025,openalex_health_informatics_1000
W3213197551,pre_ai,2021,Medicine,181,2.0,0.7955801104972375,3.4657359027997265,0.3535911602209944,0.5996720204504895,0.5138121546961326,1.3187593740036414,0.8043554214482808,0.154696132596685,openalex_health_informatics_1000
W3213200338,pre_ai,2021,Medicine,68,2.0,0.7647058823529411,2.4849066497880004,0.5735294117647058,0.8526240966710106,0.1470588235294117,0.5354877049378801,0.8257845210678437,0.4558823529411764,openalex_health_informatics_1000
W3213318986,pre_ai,2021,Medicine,34,1.0,0.8529411764705882,2.6735537653587342,0.5294117647058824,0.5961435457953936,0.7647058823529411,1.7662009951444593,0.8507184438845691,0.5,openalex_health_informatics_1000
W3213384164,pre_ai,2021,Medicine,167,3.0,0.5269461077844312,4.605170185988092,0.2514970059880239,0.7234125708925733,0.8982035928143712,1.5013428217945728,0.7761313319206238,0.1197604790419161,openalex_health_informatics_1000
W3213590169,pre_ai,2021,Medicine,28,2.0,0.7857142857142857,5.068409515118914,0.25,0.6076352981730437,0.7857142857142857,1.635743495231497,0.8342236791338239,0.2142857142857142,openalex_health_informatics_1000
W3213900994,pre_ai,2021,Medicine,32,2.0,0.59375,4.219507705176107,0.21875,0.7630151217822925,0.46875,1.267444133209917,0.8231261633336544,0.1875,openalex_health_informatics_1000
W3214204887,pre_ai,2021,Medicine,76,3.0,0.5789473684210527,3.4811217321331034,0.2368421052631578,0.4573317307692308,0.2105263157894736,0.8323949388557798,0.8496507900325876,0.2105263157894736,openalex_health_informatics_1000
W3214278075,pre_ai,2021,Medicine,13,2.0,0.6153846153846154,3.1780538303479458,0.3846153846153846,0.7812596006144393,0.0769230769230769,0.2711893730418441,0.8406026317523076,0.2307692307692307,openalex_health_informatics_1000
W3214309531,pre_ai,2021,Medicine,50,2.5,0.56,4.161561443793867,0.22,0.7265636181479891,0.6,1.8437626292369265,0.8179220163822174,0.08,openalex_health_informatics_1000
W3214410347,pre_ai,2021,Medicine,9,10.0,0.1111111111111111,3.58351893845611,0.4444444444444444,0.5928651059085842,0.7777777777777778,1.5229550675313184,0.7861128913031684,0.2222222222222222,openalex_health_informatics_1000
W3215066749,pre_ai,2021,Medicine,16,3.0,0.625,2.70582302592752,0.5625,0.8453343130051433,0.3125,0.918045918065631,0.7779460847377777,0.1875,openalex_health_informatics_1000
W3215114742,pre_ai,2021,Medicine,52,4.0,0.4423076923076923,4.102609213197706,0.1346153846153846,0.6760898467567,0.5384615384615384,1.5149892569064627,0.84466608441793,0.1153846153846153,openalex_health_informatics_1000
W3215116185,pre_ai,2021,Medicine,14,1.0,0.8571428571428571,4.16422553340968,0.2857142857142857,0.9246159342622364,0.4285714285714285,1.2153881010836147,0.8012865654059819,0.1428571428571428,openalex_health_informatics_1000
W3215316138,pre_ai,2021,Medicine,32,7.0,0.28125,4.10939357780074,0.21875,0.5645360824742268,0.8125,1.6304325826288886,0.8256524968892336,0.15625,openalex_health_informatics_1000
W3215322949,pre_ai,2021,Medicine,7,3.0,0.5714285714285714,2.079441541679836,0.5714285714285714,0.875,0.5714285714285714,1.277034259466139,0.8468591230256217,0.5714285714285714,openalex_health_informatics_1000
W3215657910,pre_ai,2021,Medicine,50,7.0,0.28,4.642120589907858,0.14,0.660952380952381,0.22,0.8117078979172574,0.8613704633712769,0.14,openalex_health_informatics_1000
W3215718573,pre_ai,2021,Medicine,39,2.0,0.6410256410256411,4.189654742026425,0.2307692307692307,0.845252202586429,0.4102564102564102,1.1873175592188607,0.8307408721019061,0.1538461538461538,openalex_health_informatics_1000
W3215823326,pre_ai,2021,Medicine,27,2.0,0.7407407407407407,4.7535901911063645,0.1851851851851851,0.586548752323551,0.4444444444444444,1.0531656728200267,0.825521155639931,0.1851851851851851,openalex_health_informatics_1000
W3215985540,pre_ai,2021,Medicine,9,2.0,0.7777777777777778,2.5649493574615367,0.5555555555555556,0.430379746835443,0.6666666666666666,1.2148896539491203,0.8595073488023546,0.5555555555555556,openalex_health_informatics_1000
W3216056122,pre_ai,2019,Medicine,8,2.5,0.75,3.575742731952368,0.375,0.3949313621964097,0.5,1.3862943611198906,0.8117045387625694,0.25,openalex_health_informatics_1000
W3216300781,pre_ai,2021,Medicine,16,3.5,0.5,3.012932986912657,0.375,0.3304093567251462,0.9375,1.2468296415485096,0.8818512260913849,0.3125,openalex_health_informatics_1000
W3216743599,pre_ai,2021,Medicine,25,3.0,0.8,4.653960350157523,0.08,0.3792073832790445,0.68,2.012528710026329,0.7529169201850892,0.0,openalex_health_informatics_1000
W3216826236,pre_ai,2021,Medicine,33,4.0,0.4848484848484848,4.30406509320417,0.2727272727272727,0.7914875625396378,0.8484848484848485,1.4177405378862784,0.7975194111014857,0.1212121212121212,openalex_health_informatics_1000
W3217022561,pre_ai,2021,Medicine,17,2.0,0.5294117647058824,3.951243718581428,0.1764705882352941,0.5876797596050655,0.8823529411764706,1.2980356797346742,0.8112051872646108,0.1176470588235294,openalex_health_informatics_1000
W3217084614,pre_ai,2021,Medicine,5,1.0,0.8,3.555348061489413,0.2,0.5252525252525253,0.4,0.9502705392332348,0.8205310702323914,0.2,openalex_health_informatics_1000
W3217107238,pre_ai,2021,Medicine,19,4.0,0.4736842105263157,2.995732273553991,0.4736842105263157,0.9837608473711076,0.4210526315789473,1.3097558619082146,0.8128513599696913,0.3684210526315789,openalex_health_informatics_1000
W3217527534,pre_ai,2021,Medicine,32,2.0,0.5625,4.276762560331815,0.21875,0.8018043416972089,0.8125,1.852777467001917,0.8258155211806297,0.21875,openalex_health_informatics_1000
W3217689008,pre_ai,2021,Medicine,42,2.5,0.6666666666666666,3.7461015213093702,0.3095238095238095,0.607895275107384,0.2619047619047619,1.0585736914432815,0.812476172333672,0.2142857142857142,openalex_health_informatics_1000
W3217761402,pre_ai,2021,Medicine,34,2.0,0.8235294117647058,3.383095857330175,0.3235294117647059,0.721032619571743,0.6470588235294118,1.7948034986356982,0.8223804498420042,0.2352941176470588,openalex_health_informatics_1000
W3217773784,pre_ai,2021,Medicine,37,12.0,0.2702702702702703,5.407171771460119,0.1891891891891892,0.9324096890742304,0.8108108108108109,1.563268055185561,0.8715652775120091,0.1891891891891892,openalex_health_informatics_1000
W4200000649,pre_ai,2021,Medicine,14,4.0,0.4285714285714285,3.6375861597263857,0.3571428571428571,0.9079737848170398,0.6428571428571429,1.8662160235859528,0.7856939349855695,0.1428571428571428,openalex_health_informatics_1000
W4200037840,pre_ai,2021,Medicine,41,2.0,0.7804878048780488,3.1780538303479458,0.4146341463414634,0.9450391107451628,0.2195121951219512,0.8395471716996565,0.863530464288665,0.3170731707317073,openalex_health_informatics_1000
W4200058814,pre_ai,2021,Medicine,5,17.0,0.2,2.3978952727983707,0.6,0.5522388059701493,0.0,-0.0,0.9024052619934082,0.4,openalex_health_informatics_1000
W4200061179,pre_ai,2021,Medicine,29,2.0,0.7931034482758621,3.9318256327243257,0.2758620689655172,0.6425650557620818,0.8620689655172413,0.8577790885148956,0.7628167415487355,0.0689655172413793,openalex_health_informatics_1000
W4200092508,pre_ai,2021,Medicine,29,6.0,0.3448275862068966,3.951243718581428,0.2413793103448276,0.5714642210992575,0.4827586206896552,1.4705046309693497,0.8477069879400319,0.2413793103448276,openalex_health_informatics_1000
W4200152104,pre_ai,2021,Medicine,20,4.0,0.3,2.8518912373281005,0.5,0.6807760141093474,0.85,1.8479008005090656,0.727406507730484,0.1,openalex_health_informatics_1000
W4200163328,pre_ai,2021,Medicine,63,3.0,0.6031746031746031,3.4339872044851463,0.3333333333333333,0.5794066317626527,0.5396825396825397,1.6219921703747595,0.8007043354094975,0.1111111111111111,openalex_health_informatics_1000
W4200174596,pre_ai,2021,Medicine,11,5.0,0.2727272727272727,4.997212273764115,0.0,0.6398166339227243,0.6363636363636364,1.0361987848192835,0.7889809825203635,0.0,openalex_health_informatics_1000
W4200191097,pre_ai,2021,Medicine,31,3.0,0.6129032258064516,4.51085950651685,0.1290322580645161,0.6982264969144382,0.5161290322580645,1.415926229432253,0.8283950801818601,0.1290322580645161,openalex_health_informatics_1000
W4200196923,pre_ai,2021,Medicine,33,7.0,0.3636363636363636,3.8918202981106265,0.2727272727272727,0.6357089644896946,0.4242424242424242,0.897622094750772,0.8682140437039462,0.2727272727272727,openalex_health_informatics_1000
W4200218394,pre_ai,2021,Medicine,30,2.0,0.6666666666666666,4.23316043052124,0.2,0.6795634420527298,0.5666666666666667,1.429771338356148,0.8057729204495748,0.1333333333333333,openalex_health_informatics_1000
W4200284893,pre_ai,2021,Medicine,15,3.0,0.6,2.8903717578961645,0.4666666666666667,0.982477205358148,0.5333333333333333,1.4878167164014493,0.8360900084177653,0.4,openalex_health_informatics_1000
W4200313034,pre_ai,2021,Medicine,14,10.5,0.2142857142857142,5.348409688504917,0.2857142857142857,0.9025724595506924,0.4285714285714285,1.2153881010836147,0.8311416549342019,0.2857142857142857,openalex_health_informatics_1000
W4200314828,pre_ai,2021,Medicine,13,2.0,0.6153846153846154,3.610917912644224,0.3076923076923077,0.6514206514206514,0.2307692307692307,0.5402041423888608,0.7959726773775541,0.2307692307692307,openalex_health_informatics_1000
W4200322751,pre_ai,2021,Medicine,23,4.0,0.3478260869565217,3.1780538303479458,0.1304347826086956,0.4065420560747663,0.0869565217391304,0.355712859746894,0.8078962512638258,0.0434782608695652,openalex_health_informatics_1000
W4200324330,pre_ai,2021,Medicine,45,3.0,0.6,4.812184355372417,0.2222222222222222,0.6056153108114932,0.3111111111111111,1.1581530646962253,0.8198460194799635,0.1777777777777777,openalex_health_informatics_1000
W4200349396,pre_ai,2021,Medicine,9,2.0,0.7777777777777778,3.8918202981106265,0.4444444444444444,0.3203463203463203,0.2222222222222222,0.6837389058487535,0.8589188986354404,0.3333333333333333,openalex_health_informatics_1000
W4200394808,pre_ai,2021,Medicine,30,1.0,0.9333333333333332,3.849241393940473,0.2666666666666666,0.7066009852216749,0.2666666666666666,0.9033838556794088,0.8794231553872426,0.2666666666666666,openalex_health_informatics_1000
W4200468012,pre_ai,2021,Medicine,21,2.0,0.6666666666666666,4.3694478524670215,0.1428571428571428,0.792128534064018,0.5714285714285714,1.433978872133012,0.8226912617683411,0.0952380952380952,openalex_health_informatics_1000
W4200481904,pre_ai,2021,Medicine,17,4.0,0.1764705882352941,3.688879454113936,0.3529411764705882,0.7375722543352601,0.4117647058823529,1.2033320406994703,0.7839750016436857,0.1764705882352941,openalex_health_informatics_1000
W4200484146,pre_ai,2021,Medicine,7,3.0,0.4285714285714285,3.4339872044851463,0.2857142857142857,0.7837713231904103,0.8571428571428571,1.5498260458782016,0.7876214555331639,0.2857142857142857,openalex_health_informatics_1000
W4200543168,pre_ai,2021,Medicine,23,3.0,0.5652173913043478,3.1354942159291497,0.391304347826087,0.5093922651933702,0.5652173913043478,1.463383825823367,0.8432890643244204,0.3478260869565217,openalex_health_informatics_1000
W4200563090,pre_ai,2021,Medicine,33,2.0,0.6666666666666666,2.19722457733622,0.5757575757575758,0.9087983617348058,0.6666666666666666,1.8570307365216356,0.8195373957807367,0.3333333333333333,openalex_health_informatics_1000
W4200586678,pre_ai,2021,Medicine,46,7.0,0.217391304347826,4.8176406282925015,0.0869565217391304,0.4931457647410955,0.782608695652174,2.0701085495749223,0.7993550248768019,0.0869565217391304,openalex_health_informatics_1000
W4200594220,pre_ai,2021,Medicine,17,2.0,0.7647058823529411,4.584967478670572,0.1176470588235294,0.7856027912955651,0.7647058823529411,0.7529746827658885,0.813645881765029,0.0588235294117647,openalex_health_informatics_1000
W4200608303,pre_ai,2021,Medicine,21,3.0,0.5238095238095238,5.552959584921617,0.1904761904761904,0.6091258405379443,0.2857142857142857,0.8872422356445006,0.8492096520605541,0.1428571428571428,openalex_health_informatics_1000
W4205132527,pre_ai,2020,Medicine,14,4.0,0.2142857142857142,4.150760827470364,0.2857142857142857,0.8897705217490581,0.4285714285714285,0.8760057656431737,0.8250765545027596,0.2857142857142857,openalex_health_informatics_1000
W4205276815,pre_ai,2021,Medicine,11,7.0,0.4545454545454545,4.934473933130692,0.1818181818181818,0.9413249511835023,0.1818181818181818,0.4741393130578373,0.7631350538947366,0.0,openalex_health_informatics_1000
W4205298801,pre_ai,2021,Medicine,126,10.0,0.1428571428571428,5.507310560878954,0.0396825396825396,0.539524538357356,0.992063492063492,1.5408043009807757,0.8435676528347863,0.0396825396825396,openalex_health_informatics_1000
W4205508593,pre_ai,2021,Medicine,9,3.0,0.6666666666666666,3.871201010907891,0.1111111111111111,0.3911368015414258,0.7777777777777778,1.0608569471580214,0.8898331854078505,0.1111111111111111,openalex_health_informatics_1000
W4205516484,pre_ai,2021,Medicine,10,1.0,0.8,4.994924359092086,0.1,0.3734851266984943,0.4,0.8979457248567797,0.876314902305603,0.1,openalex_health_informatics_1000
W4205635309,pre_ai,2020,Medicine,23,3.0,0.6521739130434783,3.58351893845611,0.1304347826086956,0.7104504104725982,0.5217391304347826,1.25314395896508,0.8059635084608326,0.0869565217391304,openalex_health_informatics_1000
W4206036594,pre_ai,2021,Medicine,14,2.0,0.9285714285714286,1.7005986908310775,0.7857142857142857,0.8046647230320699,0.2142857142857142,0.6559757323365467,0.8883328522954669,0.7857142857142857,openalex_health_informatics_1000
W4206111450,pre_ai,2021,Medicine,11,10.5,0.0909090909090909,6.289715570908998,0.1818181818181818,0.8698160046728972,0.9090909090909092,1.8462202193216333,0.782058217308738,0.0,openalex_health_informatics_1000
W4206132260,pre_ai,2021,Medicine,37,1.0,0.6486486486486487,3.555348061489413,0.3513513513513513,0.9037427831972924,0.4054054054054054,1.3165628357107828,0.8208393502879787,0.2972972972972973,openalex_health_informatics_1000
W4206202781,pre_ai,2021,Medicine,11,2.0,0.7272727272727273,1.6094379124341005,0.9090909090909092,0.5679012345679012,0.8181818181818182,1.4142790651247086,0.8638003035025164,0.7272727272727273,openalex_health_informatics_1000
W4206293679,pre_ai,2021,Medicine,31,3.0,0.5483870967741935,3.4339872044851463,0.3225806451612903,0.7889326056606168,0.9032258064516128,2.0527363273464507,0.8313068247610523,0.1935483870967742,openalex_health_informatics_1000
W4206299767,pre_ai,2021,Medicine,38,5.0,0.2894736842105263,4.7476844634812,0.131578947368421,0.4489615554573575,0.7368421052631579,1.7384881268658638,0.8300401395873019,0.1052631578947368,openalex_health_informatics_1000
W4206325976,pre_ai,2021,Medicine,18,1.0,1.0,3.652594107696519,0.4444444444444444,0.7079551521623064,0.4444444444444444,1.2260760503661696,0.83338287141588,0.2222222222222222,openalex_health_informatics_1000
W4206644627,pre_ai,2021,Medicine,9,3.0,0.6666666666666666,5.159055299214529,0.2222222222222222,0.6539757970934409,0.8888888888888888,1.2148896539491203,0.784811172220442,0.1111111111111111,openalex_health_informatics_1000
W4206686640,pre_ai,2021,Medicine,21,1.0,0.9047619047619048,2.9444389791664403,0.4285714285714285,0.7509903791737408,0.7142857142857143,1.7001781376839362,0.8310383217675346,0.3333333333333333,openalex_health_informatics_1000
W4206802347,pre_ai,2021,Medicine,5,1.0,0.8,2.9444389791664403,0.4,0.9903584154265354,0.8,1.3321790402101223,0.8512217283248902,0.4,openalex_health_informatics_1000
W4211232612,pre_ai,2021,Medicine,15,5.0,0.0666666666666666,5.41164605185504,0.0666666666666666,0.4823229750382068,0.8666666666666667,2.2110688711446103,0.7601714054743449,0.0,openalex_health_informatics_1000
W4212849349,pre_ai,2021,Medicine,30,2.0,0.6666666666666666,3.889942557535261,0.3666666666666666,0.8869111291771854,0.5,1.224414884590744,0.8092252890268962,0.2333333333333333,openalex_health_informatics_1000
W4214705877,pre_ai,2021,Medicine,59,5.0,0.2542372881355932,5.53338948872752,0.1525423728813559,0.7734331092192086,0.6440677966101694,0.9382573864436642,0.7857903898772547,0.0338983050847457,openalex_health_informatics_1000
W4220993218,pre_ai,2021,Medicine,43,5.0,0.0930232558139534,6.363028103540465,0.1395348837209302,0.8730741283544958,0.7906976744186046,2.19130349713567,0.768772353959638,0.1395348837209302,openalex_health_informatics_1000
W4221004864,pre_ai,2021,Medicine,7,1.0,1.0,4.762173934797756,0.1428571428571428,0.3065693430656934,0.0,-0.0,0.8930164405277797,0.1428571428571428,openalex_health_informatics_1000
W4226188832,pre_ai,2021,Medicine,16,5.0,0.3125,4.293359627032423,0.1875,0.4432757325319308,0.6875,1.263740679332812,0.8387131802737713,0.1875,openalex_health_informatics_1000
W4226366229,pre_ai,2021,Medicine,11,8.0,0.4545454545454545,3.218875824868201,0.3636363636363636,0.944985225099948,0.3636363636363636,1.0335620542068176,0.8075735135511919,0.1818181818181818,openalex_health_informatics_1000
W4230308904,pre_ai,2021,Medicine,6,1.0,0.8333333333333334,3.044522437723423,0.0,0.261437908496732,0.8333333333333334,1.329661348854758,0.8942849338054657,0.0,openalex_health_informatics_1000
W4232308730,pre_ai,2021,Medicine,15,2.0,0.6,3.091042453358316,0.4666666666666667,0.5010438413361169,0.9333333333333332,0.2449300267946353,0.8480897227923075,0.4,openalex_health_informatics_1000
W4235216760,pre_ai,2019,Medicine,41,4.0,0.4634146341463415,4.418840607796598,0.2195121951219512,0.8478513356562137,0.951219512195122,0.7047252954476639,0.80159097619173,0.1707317073170731,openalex_health_informatics_1000
W4235771596,pre_ai,2021,Medicine,10,2.0,0.7,3.623540292292878,0.1,0.9599376157520226,0.9,1.2206072645530173,0.7899646520614624,0.1,openalex_health_informatics_1000
W4240120628,pre_ai,2021,Medicine,30,3.0,0.6666666666666666,4.695079399276009,0.1,0.5149186835702395,0.2,0.748893088516988,0.8494904339313507,0.0333333333333333,openalex_health_informatics_1000
W4242406874,pre_ai,2019,Medicine,16,3.5,0.5,4.197512778721015,0.1875,0.5676978706307754,0.1875,0.482577565177012,0.842194989323616,0.1875,openalex_health_informatics_1000
W4244192121,pre_ai,2021,Medicine,22,2.0,0.5454545454545454,5.207721269166338,0.1363636363636363,0.791565141533556,0.4545454545454545,1.0971663861388312,0.782544734803113,0.0909090909090909,openalex_health_informatics_1000
W4250625763,pre_ai,2019,Medicine,12,12.0,0.1666666666666666,1.5890269151739729,0.8333333333333334,0.6271186440677966,1.0,0.7214636866925115,0.6881864766279856,0.0,openalex_health_informatics_1000
W4254047596,pre_ai,2021,Medicine,2,10.5,0.5,5.822599283139084,0.0,0.9919159256265158,1.0,0.6931471805599453,0.7814356088638306,0.0,openalex_health_informatics_1000
W4285314506,pre_ai,2021,Medicine,14,4.0,0.4285714285714285,2.9444389791664403,0.3571428571428571,0.4302325581395348,0.0714285714285714,0.2573186405438316,0.7615701641355243,0.0714285714285714,openalex_health_informatics_1000
W4285326276,pre_ai,2021,Medicine,259,8.0,0.277992277992278,4.02535169073515,0.027027027027027,0.6339406084897067,0.3667953667953668,1.3977912645879904,0.716315479582341,0.0,openalex_health_informatics_1000
W4285458000,pre_ai,2021,Medicine,30,2.0,0.5666666666666667,4.525437798662578,0.1666666666666666,0.6202199450137466,0.5,1.5766517760972298,0.8389875690142313,0.1333333333333333,openalex_health_informatics_1000
W4312855407,pre_ai,2020,Medicine,15,1.0,0.5333333333333333,1.0986122886681098,0.8,0.9034090909090908,0.7333333333333333,1.4019454593787286,0.8513227462768554,0.6666666666666666,openalex_health_informatics_1000
W4367460761,pre_ai,2021,Medicine,9,1.0,1.0,2.302585092994046,0.5555555555555556,0.7905544147843943,0.5555555555555556,1.2148896539491203,0.8662033014827304,0.4444444444444444,openalex_health_informatics_1000
W4367665564,pre_ai,2021,Medicine,8,1.5,1.0,2.12424762102468,0.625,0.458980044345898,0.125,0.3767701612564367,0.8186354413628578,0.375,openalex_health_informatics_1000
W4376479655,pre_ai,2021,Medicine,11,7.0,0.1818181818181818,3.555348061489413,0.3636363636363636,0.5863930885529157,1.0,1.2406842919533958,0.8078277707099915,0.3636363636363636,openalex_health_informatics_1000
W4376486929,pre_ai,2021,Medicine,30,4.0,0.4333333333333333,4.085092826439821,0.1666666666666666,0.5768429487179487,0.5,1.631283972775083,0.8227220634619395,0.1333333333333333,openalex_health_informatics_1000
W4378212421,pre_ai,2020,Medicine,9,3.0,0.6666666666666666,5.69035945432406,0.1111111111111111,0.2418046088932164,0.7777777777777778,0.5297061990576545,0.8084966275427077,0.1111111111111111,openalex_health_informatics_1000
W4378740583,pre_ai,2020,Medicine,8,0.0,1.0,0.0,1.0,1.0,1.0,1.0735428464085233,0.7850158512592316,0.25,openalex_health_informatics_1000
W4389054060,pre_ai,2020,Medicine,11,4.0,0.3636363636363636,4.382026634673881,0.1818181818181818,0.7463359639233371,1.0,1.798652206252129,0.7702264569022439,0.0,openalex_health_informatics_1000
W4389736019,pre_ai,2019,Medicine,9,18.0,0.3333333333333333,3.713572066704308,0.3333333333333333,0.3054101221640489,0.0,-0.0,0.885990560054779,0.3333333333333333,openalex_health_informatics_1000
W4391191280,pre_ai,2021,Medicine,5,12.0,0.0,5.062595033026967,0.2,0.8903434467888496,0.0,-0.0,0.916280436515808,0.2,openalex_health_informatics_1000
W4391534209,pre_ai,2020,Medicine,6,2.0,0.8333333333333334,5.8772412218975765,0.0,0.3513611615245009,0.6666666666666666,1.5607104090414063,0.8218505283196768,0.0,openalex_health_informatics_1000
W4391764246,pre_ai,2021,Medicine,10,1.5,0.8,2.393745871391024,0.6,0.4995652173913043,0.2,0.639031859650177,0.8438553988933564,0.3,openalex_health_informatics_1000
W4391764329,pre_ai,2020,Medicine,6,3.5,0.5,5.38624898991449,0.0,0.3478432924416303,1.0,1.0114042647073516,0.8263875246047974,0.0,openalex_health_informatics_1000
W4395005015,pre_ai,2021,Medicine,45,8.0,0.1777777777777777,4.31748811353631,0.0888888888888888,0.5306689205505917,0.4444444444444444,1.0677797966148663,0.9097393817371792,0.0888888888888888,openalex_health_informatics_1000
W4401198650,pre_ai,2020,Medicine,15,6.0,0.4,2.079441541679836,0.6666666666666666,0.8602771362586605,0.0666666666666666,0.2449300267946353,0.8795937498410543,0.6,openalex_health_informatics_1000
W4401305499,pre_ai,2019,Medicine,23,2.0,0.6521739130434783,3.828641396489095,0.217391304347826,0.6885083147182924,0.7391304347826086,1.8120005877987309,0.8645118837771208,0.1304347826086956,openalex_health_informatics_1000
W4401554874,pre_ai,2019,Medicine,12,4.0,0.3333333333333333,2.976621667143892,0.5,0.7949901120632828,0.5,1.3143738430069454,0.9035821159680684,0.5,openalex_health_informatics_1000
W4405153832,pre_ai,2019,Medicine,11,2.5,0.3636363636363636,1.6094379124341005,0.6363636363636364,0.9960569943543328,0.9090909090909092,1.9722469794234416,0.797398334199732,0.2727272727272727,openalex_health_informatics_1000
W4405724971,pre_ai,2020,Medicine,15,3.0,0.6,6.0473721790462776,0.2,0.4358153846153846,0.9333333333333332,1.0805738483648537,0.8523738622665405,0.0666666666666666,openalex_health_informatics_1000
W4406295684,pre_ai,2020,Medicine,12,1.0,0.9166666666666666,2.5375869076169133,0.5,0.4975,0.9166666666666666,1.4735023850806486,0.8181749135255814,0.3333333333333333,openalex_health_informatics_1000
W4409113898,pre_ai,2021,Medicine,8,3.5,0.5,6.493526058019242,0.0,0.6872972829265699,1.0,0.7356219397587946,0.8412588462233543,0.0,openalex_health_informatics_1000
W4410922084,pre_ai,2021,Medicine,6,2.0,1.0,3.131699131295812,0.1666666666666666,0.7467532467532467,1.0,0.4505612088663046,0.8237406512101492,0.1666666666666666,openalex_health_informatics_1000
W4411613959,pre_ai,2020,Medicine,10,2.0,0.7,3.4573654463592813,0.4,0.296987087517934,0.9,0.9404479886553264,0.8956196010112762,0.3,openalex_health_informatics_1000
W7166115950,pre_ai,2021,Medicine,12,1.5,0.75,2.668769039850659,0.6666666666666666,0.8058690744920993,0.0833333333333333,0.2868359830561607,0.8561892012755076,0.5833333333333334,openalex_health_informatics_1000
W1723255003,post_ai,2023,Mathematics,20,21.0,0.0,3.781859834207183,0.2,0.5159642401021711,0.05,0.1985152433458726,0.9307006180286408,0.2,openalex_pure_math_1000
W1910723461,post_ai,2024,Mathematics,17,21.0,0.0,4.812184355372417,0.0588235294117647,0.3995475113122172,0.0,-0.0,0.9113260963383842,0.0588235294117647,openalex_pure_math_1000
W2575802826,post_ai,2023,Mathematics,31,15.0,0.1935483870967742,3.610917912644224,0.1612903225806451,0.5950953678474115,0.032258064516129,0.1425058673927378,0.904165671717736,0.1612903225806451,openalex_pure_math_1000
W2755707679,post_ai,2024,Mathematics,11,26.0,0.0,2.3978952727983707,0.0909090909090909,0.6509863429438544,0.2727272727272727,0.7595473914748635,0.8963519172234968,0.0909090909090909,openalex_pure_math_1000
W2763535726,post_ai,2025,Mathematics,22,19.0,0.0,4.633029430366263,0.0909090909090909,0.8449940708114518,0.0454545454545454,0.1849073991677756,0.9080462970516898,0.0909090909090909,openalex_pure_math_1000
W2765389474,post_ai,2023,Mathematics,12,8.5,0.3333333333333333,3.5819733421712736,0.0833333333333333,0.5045317220543807,0.0833333333333333,0.2868359830561607,0.919150228301684,0.0833333333333333,openalex_pure_math_1000
W2794865611,post_ai,2024,Mathematics,5,25.0,0.0,4.955827057601261,0.0,0.6625727213962508,0.0,-0.0,0.9128476262092592,0.0,openalex_pure_math_1000
W2859116039,post_ai,2023,Mathematics,13,17.0,0.0,5.973809611869261,0.0,0.4209160305343511,0.1538461538461538,0.4293230219306162,0.8630614509949317,0.0,openalex_pure_math_1000
W2899218935,post_ai,2023,Mathematics,14,18.0,0.0,4.345741288256464,0.2142857142857142,0.6244292237442922,0.2142857142857142,0.7549967581308246,0.8887625506946019,0.2142857142857142,openalex_pure_math_1000
W2900975845,post_ai,2023,Mathematics,21,11.0,0.0476190476190476,3.1780538303479458,0.1428571428571428,0.754978354978355,0.1904761904761904,0.5940241655824705,0.8912231978915987,0.1428571428571428,openalex_pure_math_1000
W2939049363,post_ai,2026,Mathematics,22,15.0,0.1363636363636363,3.881510654509259,0.1363636363636363,0.7573799126637555,0.0454545454545454,0.1849073991677756,0.8944256684996865,0.1363636363636363,openalex_pure_math_1000
W2951383280,post_ai,2023,Mathematics,7,42.0,0.0,6.963189985870238,0.1428571428571428,0.4980412793077238,0.8571428571428571,1.15374194270109,0.8575442263058254,0.0,openalex_pure_math_1000
W2952884231,post_ai,2023,Mathematics,20,19.0,0.0,3.675579113215347,0.15,0.8002645502645502,0.35,0.7909873504355756,0.8779676139354706,0.15,openalex_pure_math_1000
W2972594504,post_ai,2024,Mathematics,9,12.0,0.0,3.4011973816621555,0.3333333333333333,0.8326039387308534,0.2222222222222222,0.5297061990576545,0.9101373884412978,0.3333333333333333,openalex_pure_math_1000
W2980426475,post_ai,2023,Mathematics,21,25.0,0.0952380952380952,4.31748811353631,0.1428571428571428,0.6242696629213483,0.1428571428571428,0.5670609309552819,0.8748313103403363,0.1428571428571428,openalex_pure_math_1000
W2982570320,post_ai,2023,Mathematics,10,9.5,0.3,2.452637389219215,0.3,0.6810897435897436,0.0,-0.0,0.8657428979873657,0.3,openalex_pure_math_1000
W2989169773,post_ai,2024,Mathematics,22,20.5,0.0454545454545454,3.522452558564685,0.1818181818181818,0.5583380762663631,0.0,-0.0,0.9010157856074248,0.1818181818181818,openalex_pure_math_1000
W2997231012,post_ai,2023,Mathematics,30,14.0,0.0333333333333333,3.090008326826286,0.2333333333333333,0.5941329372447085,0.0,-0.0,0.8608345488707224,0.2333333333333333,openalex_pure_math_1000
W2997558856,post_ai,2023,Mathematics,29,10.0,0.0,3.9889840465642745,0.0689655172413793,0.512379842703175,0.0344827586206896,0.149994923610415,0.9271233184584255,0.0689655172413793,openalex_pure_math_1000
W2999674244,post_ai,2023,Mathematics,51,9.0,0.0588235294117647,2.6390573296152584,0.2941176470588235,0.9055573401863154,0.0980392156862745,0.3698122663914251,0.8733267573749318,0.2549019607843137,openalex_pure_math_1000
W3001230795,post_ai,2023,Mathematics,24,9.0,0.0416666666666666,2.93886789088982,0.2916666666666667,0.4631016042780748,0.0,-0.0,0.8776362960537275,0.2083333333333333,openalex_pure_math_1000
W3005291986,post_ai,2023,Mathematics,19,24.0,0.1578947368421052,4.204692619390966,0.1578947368421052,0.4803092968890487,0.0526315789473684,0.2061920506332318,0.9138125683131972,0.1578947368421052,openalex_pure_math_1000
W3007559582,post_ai,2023,Mathematics,19,14.0,0.0,2.3978952727983707,0.2631578947368421,0.8257236037505096,0.1578947368421052,0.6096274235960984,0.8735277746853075,0.2631578947368421,openalex_pure_math_1000
W3009415485,post_ai,2024,Mathematics,12,9.5,0.1666666666666666,4.066059386477904,0.0,0.4545454545454545,0.25,0.7214636866925115,0.8677229235569636,0.0,openalex_pure_math_1000
W3015910719,post_ai,2025,Mathematics,28,11.5,0.0357142857142857,3.7012257604091214,0.1428571428571428,0.5777594274704101,0.2142857142857142,0.6161286696018664,0.9152544736862184,0.1428571428571428,openalex_pure_math_1000
W3016040847,post_ai,2023,Mathematics,10,19.5,0.1,4.168554564781237,0.3,0.6976744186046512,0.0,-0.0,0.8838000297546387,0.3,openalex_pure_math_1000
W3021151519,post_ai,2023,Mathematics,8,7.5,0.125,3.828405045740189,0.0,0.8972875947347427,0.0,-0.0,0.900215245783329,0.0,openalex_pure_math_1000
W3034994700,post_ai,2023,Mathematics,6,13.5,0.0,3.928740393471265,0.1666666666666666,0.3537604456824512,0.5,1.0114042647073516,0.8089806437492371,0.1666666666666666,openalex_pure_math_1000
W3035111015,post_ai,2023,Mathematics,9,22.0,0.0,4.605170185988092,0.1111111111111111,0.601528384279476,0.0,-0.0,0.9084905518425836,0.1111111111111111,openalex_pure_math_1000
W3039695391,post_ai,2024,Mathematics,6,17.0,0.0,4.003183783825123,0.0,0.9082745349583066,0.1666666666666666,0.4505612088663046,0.9111424287160238,0.0,openalex_pure_math_1000
W3044091655,post_ai,2023,Mathematics,16,11.5,0.3125,3.1780538303479458,0.3125,0.4236526946107784,0.125,0.3767701612564367,0.909372430294752,0.3125,openalex_pure_math_1000
W3044553035,post_ai,2023,Mathematics,8,15.0,0.0,2.70805020110221,0.125,0.9737282063529974,0.0,-0.0,0.8697322756052017,0.125,openalex_pure_math_1000
W3081778768,post_ai,2024,Mathematics,13,9.0,0.1538461538461538,2.079441541679836,0.5384615384615384,0.6402777777777777,0.0,-0.0,0.8926255290324872,0.4615384615384615,openalex_pure_math_1000
W3088704635,post_ai,2023,Mathematics,13,7.0,0.0769230769230769,3.218875824868201,0.3076923076923077,0.7693069306930693,0.3076923076923077,0.8305178252872478,0.9080128348790684,0.3076923076923077,openalex_pure_math_1000
W3092467927,post_ai,2023,Mathematics,32,8.0,0.125,3.043387363456153,0.3125,0.6853932584269663,0.09375,0.3708023580894878,0.911035493016243,0.3125,openalex_pure_math_1000
W3096765493,post_ai,2023,Mathematics,10,9.0,0.1,2.393745871391024,0.3,0.4970414201183432,0.1,0.3250829733914482,0.918676334619522,0.3,openalex_pure_math_1000
W3109189020,post_ai,2024,Mathematics,26,13.0,0.1153846153846153,4.689830558296443,0.0769230769230769,0.5422885572139303,0.1153846153846153,0.431071102348777,0.9116120659388028,0.0769230769230769,openalex_pure_math_1000
W3111171122,post_ai,2024,Mathematics,20,16.0,0.05,2.93886789088982,0.35,0.7433580579905597,0.45,1.347306186914454,0.8661240041255951,0.3,openalex_pure_math_1000
W3113010852,post_ai,2024,Mathematics,7,7.0,0.1428571428571428,3.80666248977032,0.0,0.5251798561151079,0.0,-0.0,0.8919651678630284,0.0,openalex_pure_math_1000
W3114936781,post_ai,2025,Mathematics,7,22.0,0.0,3.970291913552122,0.0,0.9372803935347856,0.0,-0.0,0.8903534497533526,0.0,openalex_pure_math_1000
W3117844417,post_ai,2023,Mathematics,14,11.5,0.2142857142857142,4.127004295282422,0.1428571428571428,0.5786701777485188,0.0,-0.0,0.879410411630358,0.1428571428571428,openalex_pure_math_1000
W3127305505,post_ai,2023,Mathematics,6,9.5,0.3333333333333333,1.354025100551105,0.6666666666666666,0.6590909090909091,0.0,-0.0,0.9249501427014668,0.6666666666666666,openalex_pure_math_1000
W3132525013,post_ai,2024,Mathematics,9,17.0,0.0,5.765191102784844,0.1111111111111111,0.3842682140554481,0.2222222222222222,0.6837389058487535,0.8364614446957906,0.1111111111111111,openalex_pure_math_1000
W3137732421,post_ai,2023,Mathematics,35,10.0,0.1142857142857142,4.143134726391533,0.1428571428571428,0.4751270878721859,0.0285714285714285,0.1297406947194283,0.9054683702332632,0.1428571428571428,openalex_pure_math_1000
W3148931045,post_ai,2023,Mathematics,23,7.0,0.2608695652173913,3.218875824868201,0.217391304347826,0.6872599231754162,0.3043478260869565,0.8223449173934805,0.8755604391512664,0.217391304347826,openalex_pure_math_1000
W3153291444,post_ai,2023,Mathematics,9,16.0,0.1111111111111111,4.653960350157523,0.2222222222222222,0.5066751430387794,0.1111111111111111,0.3488320958430319,0.9234289526939392,0.2222222222222222,openalex_pure_math_1000
W3154486866,post_ai,2023,Mathematics,26,9.0,0.1538461538461538,4.033888097889445,0.1153846153846153,0.9611857271724968,0.2307692307692307,0.7404110412691982,0.8980818941042974,0.1153846153846153,openalex_pure_math_1000
W3155882411,post_ai,2023,Mathematics,2,6.5,0.0,4.30806656963557,0.5,0.996386630532972,0.0,-0.0,0.9218665659427644,0.5,openalex_pure_math_1000
W3156906867,post_ai,2023,Mathematics,6,12.5,0.1666666666666666,3.005633587202081,0.1666666666666666,0.5459770114942529,0.0,-0.0,0.8933602571487427,0.1666666666666666,openalex_pure_math_1000
W3162637405,post_ai,2024,Mathematics,7,10.0,0.0,2.8903717578961645,0.2857142857142857,0.7382875605815832,0.0,-0.0,0.897766479424068,0.2857142857142857,openalex_pure_math_1000
W3164573538,post_ai,2023,Mathematics,32,7.5,0.15625,2.6390573296152584,0.375,0.7807991120976693,0.03125,0.1390607984547411,0.8904443718492985,0.375,openalex_pure_math_1000
W3164629848,post_ai,2023,Mathematics,9,15.0,0.1111111111111111,4.48863636973214,0.3333333333333333,0.3176823176823177,0.4444444444444444,0.936888307539016,0.8645778298377991,0.3333333333333333,openalex_pure_math_1000
W3167370718,post_ai,2025,Mathematics,14,12.0,0.0714285714285714,3.1892130918257933,0.2142857142857142,0.4183006535947712,0.1428571428571428,0.509137344082687,0.865738992180143,0.2142857142857142,openalex_pure_math_1000
W3176649404,post_ai,2025,Mathematics,17,19.0,0.0,3.258096538021482,0.2352941176470588,0.4162962962962963,0.0,-0.0,0.9055744935484492,0.1764705882352941,openalex_pure_math_1000
W3179008328,post_ai,2024,Mathematics,10,12.5,0.0,3.5487744253073963,0.2,0.3598191214470284,0.0,-0.0,0.862436830997467,0.2,openalex_pure_math_1000
W3187190024,post_ai,2023,Mathematics,17,10.0,0.0588235294117647,3.7612001156935615,0.2352941176470588,0.7629420084865629,0.1764705882352941,0.5783252866601273,0.8918510219630074,0.2352941176470588,openalex_pure_math_1000
W3190392545,post_ai,2023,Mathematics,16,7.0,0.0625,2.2924837393352857,0.5,0.765261914139425,0.0,-0.0,0.8964175991714001,0.5,openalex_pure_math_1000
W3191351270,post_ai,2023,Mathematics,15,17.0,0.0666666666666666,4.007333185232471,0.1333333333333333,0.6032452237634127,0.0666666666666666,0.2449300267946353,0.9276720643043518,0.1333333333333333,openalex_pure_math_1000
W3192535356,post_ai,2023,Mathematics,6,24.5,0.1666666666666666,3.3649120352447377,0.1666666666666666,0.8002915451895044,0.0,-0.0,0.9019606610139212,0.1666666666666666,openalex_pure_math_1000
W3195307981,post_ai,2023,Mathematics,21,17.0,0.0,3.828641396489095,0.238095238095238,0.7935838680109991,0.1428571428571428,0.5010469137590966,0.9019130156153724,0.238095238095238,openalex_pure_math_1000
W3196549561,post_ai,2025,Mathematics,25,18.0,0.04,3.58351893845611,0.2,0.5675345809601302,0.04,0.167944147734173,0.8562163662910461,0.2,openalex_pure_math_1000
W3197808372,post_ai,2023,Mathematics,3,5.0,0.3333333333333333,3.367295829986474,0.0,0.7615894039735099,0.0,-0.0,0.9170706868171692,0.0,openalex_pure_math_1000
W3198467323,post_ai,2024,Mathematics,23,8.0,0.2608695652173913,2.4849066497880004,0.3043478260869565,0.5618131868131868,0.1304347826086956,0.3872123751863606,0.8846743210502293,0.3043478260869565,openalex_pure_math_1000
W3199588482,post_ai,2023,Mathematics,10,4.0,0.3,1.4978661367769954,0.6,0.6571428571428571,0.0,-0.0,0.90615394115448,0.6,openalex_pure_math_1000
W3200974601,post_ai,2023,Mathematics,23,18.0,0.0869565217391304,3.871201010907891,0.1304347826086956,0.7577238610577762,0.0434782608695652,0.1788449127168475,0.8887160187182219,0.1304347826086956,openalex_pure_math_1000
W3201466562,post_ai,2023,Mathematics,12,6.5,0.25,1.791759469228055,0.5,0.6346153846153846,0.0833333333333333,0.2868359830561607,0.8932046542565028,0.5,openalex_pure_math_1000
W3204102964,post_ai,2023,Mathematics,7,25.0,0.4285714285714285,2.5649493574615367,0.2857142857142857,0.4502923976608187,0.1428571428571428,0.410116318288409,0.902782542364938,0.2857142857142857,openalex_pure_math_1000
W3205031881,post_ai,2023,Mathematics,26,12.0,0.1538461538461538,3.40064151723581,0.1538461538461538,0.6549737549609524,0.7307692307692307,0.9746701933928829,0.8825066914925208,0.1153846153846153,openalex_pure_math_1000
W3205311113,post_ai,2023,Mathematics,14,4.0,0.5,1.6094379124341005,0.5714285714285714,0.7885532591414944,0.0714285714285714,0.2573186405438316,0.9185713231563568,0.5714285714285714,openalex_pure_math_1000
W3205353575,post_ai,2023,Mathematics,45,8.0,0.1777777777777777,3.1354942159291497,0.1555555555555555,0.4070729872084274,0.0222222222222222,0.1065659588280199,0.8753697315851847,0.1555555555555555,openalex_pure_math_1000
W3205723485,post_ai,2026,Mathematics,22,9.5,0.0,3.2769667020129054,0.3181818181818182,0.4238310708898944,0.0,-0.0,0.9240682721138,0.3181818181818182,openalex_pure_math_1000
W3208113684,post_ai,2025,Mathematics,4,26.5,0.0,5.339567977303909,0.0,0.6902377972465582,0.0,-0.0,0.8978260308504105,0.0,openalex_pure_math_1000
W3208119615,post_ai,2024,Mathematics,4,26.5,0.0,5.003315305726498,0.0,0.9064748201438848,0.25,0.5623351446188083,0.8722237646579742,0.0,openalex_pure_math_1000
W3210187118,post_ai,2023,Mathematics,20,11.5,0.15,2.5529727369502906,0.15,0.6053254437869823,0.1,0.3250829733914482,0.8845678746700287,0.15,openalex_pure_math_1000
W3214445743,post_ai,2025,Mathematics,5,15.0,0.0,4.919980925828125,0.0,0.5080459770114942,0.0,-0.0,0.9197498440742492,0.0,openalex_pure_math_1000
W3215721063,post_ai,2024,Mathematics,7,3.5,0.4285714285714285,2.302585092994046,0.4285714285714285,0.4930555555555556,0.1428571428571428,0.410116318288409,0.9030281560761588,0.2857142857142857,openalex_pure_math_1000
W3215995513,post_ai,2023,Mathematics,12,23.0,0.0833333333333333,3.4657359027997265,0.1666666666666666,0.6557823129251701,0.0,-0.0,0.9021352678537368,0.1666666666666666,openalex_pure_math_1000
W4226264330,post_ai,2024,Mathematics,7,11.0,0.1428571428571428,2.772588722239781,0.4285714285714285,0.6551724137931034,0.5714285714285714,0.6829081047004717,0.8999018243380955,0.4285714285714285,openalex_pure_math_1000
W4226334441,post_ai,2023,Mathematics,11,18.0,0.2727272727272727,3.258096538021482,0.1818181818181818,0.6746781115879829,0.1818181818181818,0.4741393130578373,0.933360674164512,0.1818181818181818,openalex_pure_math_1000
W4226407670,post_ai,2023,Mathematics,5,4.0,0.4,1.3862943611198906,1.0,0.25,0.0,-0.0,0.9685001015663148,1.0,openalex_pure_math_1000
W4288102721,post_ai,2023,Mathematics,10,10.5,0.3,4.056713319971827,0.3,0.2638297872340425,0.0,-0.0,0.9125118553638458,0.3,openalex_pure_math_1000
W4294973575,post_ai,2023,Mathematics,8,19.5,0.25,2.4849066497880004,0.25,0.4766146993318486,0.0,-0.0,0.918140470981598,0.25,openalex_pure_math_1000
W4295682225,post_ai,2026,Mathematics,9,15.0,0.0,3.1780538303479458,0.2222222222222222,0.6903178122690318,0.4444444444444444,0.936888307539016,0.8788784874810113,0.2222222222222222,openalex_pure_math_1000
W4307766911,post_ai,2025,Mathematics,3,12.0,0.0,2.302585092994046,0.3333333333333333,0.9912790697674418,0.3333333333333333,0.6365141682948128,0.8870583375295004,0.3333333333333333,openalex_pure_math_1000
W4309671503,post_ai,2023,Mathematics,10,5.5,0.2,3.1354942159291497,0.1,0.4486486486486487,0.1,0.3250829733914482,0.8795337736606598,0.1,openalex_pure_math_1000
W4313511858,post_ai,2023,Mathematics,18,8.0,0.2777777777777778,3.101267758593961,0.1666666666666666,0.6050531914893617,0.0,-0.0,0.8995561930868361,0.1666666666666666,openalex_pure_math_1000
W4313646249,post_ai,2023,Mathematics,15,12.0,0.1333333333333333,3.332204510175204,0.3333333333333333,0.8002005515166708,0.0,-0.0,0.9103659868240356,0.3333333333333333,openalex_pure_math_1000
W4313855695,post_ai,2023,Mathematics,7,3.0,0.5714285714285714,1.6094379124341005,0.5714285714285714,0.3137254901960784,1.0,1.078992207877583,0.8098343781062535,0.4285714285714285,openalex_pure_math_1000
W4315433398,post_ai,2023,Mathematics,7,39.0,0.1428571428571428,4.0943445622221,0.2857142857142857,0.3983516483516483,0.7142857142857143,1.351783994289646,0.8511829631669181,0.2857142857142857,openalex_pure_math_1000
W4315705101,post_ai,2023,Mathematics,23,9.0,0.2608695652173913,4.709530201312334,0.0434782608695652,0.5884815242494227,0.0434782608695652,0.1788449127168475,0.826794015324634,0.0434782608695652,openalex_pure_math_1000
W4315767549,post_ai,2023,Mathematics,27,7.0,0.2962962962962963,4.564348191467836,0.074074074074074,0.8939993810494413,0.7777777777777778,1.6560482355798325,0.8207786061145641,0.037037037037037,openalex_pure_math_1000
W4317206833,post_ai,2023,Mathematics,5,8.0,0.2,5.220355825078324,0.0,0.3293736501079913,0.0,-0.0,0.9132178544998169,0.0,openalex_pure_math_1000
W4317399713,post_ai,2023,Mathematics,8,17.0,0.0,3.4782727215757845,0.25,0.4223300970873786,0.125,0.3767701612564367,0.9152505472302436,0.25,openalex_pure_math_1000
W4317433300,post_ai,2023,Mathematics,10,8.0,0.2,3.6857446476071383,0.1,0.5825214899713467,0.2,0.5004024235381879,0.9189156889915466,0.1,openalex_pure_math_1000
W4317600488,post_ai,2023,Mathematics,3,9.0,0.3333333333333333,3.4011973816621555,0.0,0.5811965811965812,0.3333333333333333,0.6365141682948128,0.8054553071657816,0.0,openalex_pure_math_1000
W4317838038,post_ai,2023,Mathematics,5,1.0,0.6,0.0,1.0,0.5,0.6,0.6730116670092565,0.8871763348579407,1.0,openalex_pure_math_1000
W4318195620,post_ai,2023,Mathematics,2,8.5,0.0,2.178354413344796,0.5,0.7058823529411765,0.0,-0.0,0.9395413994789124,0.5,openalex_pure_math_1000
W4318261670,post_ai,2023,Mathematics,52,15.0,0.0384615384615384,4.219507705176107,0.0769230769230769,0.6538605276926527,0.903846153846154,1.85220992345882,0.8946632548020437,0.0769230769230769,openalex_pure_math_1000
W4318479547,post_ai,2023,Mathematics,9,17.0,0.1111111111111111,2.19722457733622,0.4444444444444444,0.3694444444444444,0.3333333333333333,0.6365141682948128,0.879718197716607,0.4444444444444444,openalex_pure_math_1000
W4318485174,post_ai,2023,Mathematics,14,3.0,0.5,3.061246404757193,0.3571428571428571,0.9469945355191256,0.5,1.0913030006468518,0.8509554096630642,0.2857142857142857,openalex_pure_math_1000
W4318753230,post_ai,2023,Mathematics,11,42.0,0.1818181818181818,3.1780538303479458,0.0909090909090909,0.4355828220858895,0.4545454545454545,0.9164648855394713,0.8510840318419717,0.0909090909090909,openalex_pure_math_1000
W4318761543,post_ai,2023,Mathematics,6,10.5,0.0,3.0677824455408693,0.0,0.7796257796257796,0.6666666666666666,0.6365141682948128,0.9230635861555736,0.0,openalex_pure_math_1000
W4318778683,post_ai,2023,Mathematics,53,6.0,0.320754716981132,3.688879454113936,0.1509433962264151,0.7859220163722533,0.8301886792452831,0.635251438761038,0.8690864095148051,0.1509433962264151,openalex_pure_math_1000
W4318833578,post_ai,2023,Mathematics,6,22.0,0.0,2.6735537653587342,0.3333333333333333,0.8982118294360385,0.1666666666666666,0.4505612088663046,0.9163280328114828,0.3333333333333333,openalex_pure_math_1000
W4319001488,post_ai,2023,Mathematics,9,8.0,0.2222222222222222,2.5649493574615367,0.3333333333333333,0.2330827067669172,0.5555555555555556,0.6869615765973234,0.8618186049991183,0.2222222222222222,openalex_pure_math_1000
W4319073271,post_ai,2023,Mathematics,13,21.0,0.0,3.367295829986474,0.3076923076923077,0.48729792147806,0.0,-0.0,0.9200022770808294,0.3076923076923077,openalex_pure_math_1000
W4319081267,post_ai,2023,Mathematics,5,11.0,0.2,4.189654742026425,0.2,0.8402777777777778,0.2,0.5004024235381879,0.8845370173454284,0.2,openalex_pure_math_1000
W4319083946,post_ai,2023,Mathematics,13,2.0,0.9230769230769232,2.995732273553991,0.0769230769230769,0.293040293040293,0.0,-0.0,0.8987125204159663,0.0769230769230769,openalex_pure_math_1000
W4319213287,post_ai,2023,Mathematics,20,12.0,0.0,4.648625871982739,0.15,0.447867298578199,0.1,0.3250829733914482,0.913201954960823,0.15,openalex_pure_math_1000
W4319299589,post_ai,2023,Mathematics,20,7.0,0.4,3.321894866573836,0.15,0.625834826518977,0.75,0.926155713095467,0.9073400676250458,0.15,openalex_pure_math_1000
W4319438951,post_ai,2023,Mathematics,13,5.0,0.2307692307692307,2.833213344056216,0.3076923076923077,0.5148247978436657,0.0,-0.0,0.9181922536629896,0.3076923076923077,openalex_pure_math_1000
W4319738587,post_ai,2023,Mathematics,8,16.0,0.25,3.6231840400512314,0.375,0.6358645928636779,0.25,0.7356219397587946,0.8513827845454216,0.375,openalex_pure_math_1000
W4319832119,post_ai,2023,Mathematics,14,6.0,0.2857142857142857,2.4414009612931853,0.2857142857142857,0.5360501567398119,0.0714285714285714,0.2573186405438316,0.8835213354655674,0.2857142857142857,openalex_pure_math_1000
W4319841804,post_ai,2023,Mathematics,17,20.0,0.0,4.90527477843843,0.0588235294117647,0.4395604395604395,0.4117647058823529,1.0710178890244566,0.8500689022681293,0.0,openalex_pure_math_1000
W4319996818,post_ai,2023,Mathematics,7,10.0,0.2857142857142857,2.302585092994046,0.4285714285714285,0.6187290969899666,0.1428571428571428,0.410116318288409,0.8809287888663155,0.4285714285714285,openalex_pure_math_1000
W4320502327,post_ai,2023,Mathematics,18,4.0,0.4444444444444444,3.251395022957812,0.1666666666666666,0.6745362563237775,0.0555555555555555,0.2145591551764051,0.9202594028578864,0.1666666666666666,openalex_pure_math_1000
W4320879668,post_ai,2023,Mathematics,7,10.0,0.1428571428571428,2.8903717578961645,0.2857142857142857,0.6876080691642651,0.4285714285714285,0.6829081047004717,0.90790342433112,0.2857142857142857,openalex_pure_math_1000
W4320916251,post_ai,2023,Mathematics,16,16.5,0.125,4.158394563535758,0.0,0.4117161716171617,0.0625,0.2337916587064593,0.9145476073026656,0.0,openalex_pure_math_1000
W4321117803,post_ai,2023,Mathematics,6,10.5,0.3333333333333333,5.539144489780892,0.1666666666666666,0.2837489251934652,0.3333333333333333,0.8675632284814612,0.9046620428562164,0.1666666666666666,openalex_pure_math_1000
W4321274597,post_ai,2023,Mathematics,41,8.0,0.2682926829268293,3.610917912644224,0.1951219512195122,0.7370398920793987,0.4634146341463415,1.4191342562015754,0.8623026987401451,0.1951219512195122,openalex_pure_math_1000
W4321328704,post_ai,2023,Mathematics,4,10.0,0.0,3.610552549091248,0.25,0.7051886792452831,0.0,-0.0,0.9120768904685974,0.25,openalex_pure_math_1000
W4321454926,post_ai,2023,Mathematics,2,6.0,0.0,3.061246404757193,0.5,0.9375,0.0,-0.0,0.913594514131546,0.5,openalex_pure_math_1000
W4321747542,post_ai,2023,Mathematics,5,7.0,0.4,1.791759469228055,0.6,0.8363636363636363,0.0,-0.0,0.9056873321533204,0.6,openalex_pure_math_1000
W4321790950,post_ai,2023,Mathematics,3,13.0,0.0,5.313205979041787,0.0,0.4754098360655737,0.0,-0.0,0.9030069708824158,0.0,openalex_pure_math_1000
W4322485926,post_ai,2023,Mathematics,5,4.0,0.4,1.3862943611198906,0.6,0.4193548387096774,0.0,-0.0,0.931502890586853,0.6,openalex_pure_math_1000
W4322577039,post_ai,2023,Mathematics,10,14.5,0.0,1.9944920232821373,0.5,0.359090909090909,0.2,0.639031859650177,0.9248424470424652,0.5,openalex_pure_math_1000
W4322719320,post_ai,2023,Mathematics,24,15.0,0.0833333333333333,5.751801068754672,0.0833333333333333,0.4835053947062019,0.5,1.600300940363508,0.8477558791637421,0.0416666666666666,openalex_pure_math_1000
W4322734001,post_ai,2023,Mathematics,6,21.0,0.0,4.739801929451973,0.0,0.4259259259259259,0.1666666666666666,0.4505612088663046,0.908426155646642,0.0,openalex_pure_math_1000
W4322755399,post_ai,2023,Mathematics,13,16.0,0.0,5.680172609017068,0.0769230769230769,0.5906288532675709,0.1538461538461538,0.5359610497090694,0.8451098662156326,0.0,openalex_pure_math_1000
W4323255000,post_ai,2023,Mathematics,6,11.5,0.0,3.222859909692789,0.5,0.4412238325281803,0.0,-0.0,0.8975668450196584,0.5,openalex_pure_math_1000
W4323266818,post_ai,2023,Mathematics,4,4.0,0.5,2.4414009612931853,0.25,0.6575342465753424,0.0,-0.0,0.9263222366571426,0.25,openalex_pure_math_1000
W4323314395,post_ai,2023,Mathematics,4,4.5,0.25,1.3862943611198906,0.75,0.5263157894736842,0.25,0.5623351446188083,0.9540166854858398,0.75,openalex_pure_math_1000
W4323655601,post_ai,2023,Mathematics,10,20.0,0.0,3.648545502580209,0.1,0.4333250558728582,0.0,-0.0,0.874372798204422,0.1,openalex_pure_math_1000
W4323822093,post_ai,2023,Mathematics,4,13.5,0.0,1.629048269010741,0.5,0.6388888888888888,0.0,-0.0,0.9445324540138244,0.5,openalex_pure_math_1000
W4323854618,post_ai,2023,Mathematics,17,10.0,0.0,4.262679877041316,0.1176470588235294,0.3586150041220115,0.0,-0.0,0.9133943845244016,0.1176470588235294,openalex_pure_math_1000
W4324128250,post_ai,2023,Mathematics,8,15.0,0.0,2.984353779992683,0.125,0.8809666466946275,0.0,-0.0,0.9005100056529045,0.125,openalex_pure_math_1000
W4324149092,post_ai,2023,Mathematics,58,13.0,0.1034482758620689,3.959678095330308,0.1034482758620689,0.7062851029687082,0.7413793103448276,1.0509576168211632,0.8929783537470061,0.1034482758620689,openalex_pure_math_1000
W4324279136,post_ai,2023,Mathematics,31,20.0,0.1612903225806451,3.367295829986474,0.2580645161290322,0.6426512968299711,0.032258064516129,0.1425058673927378,0.886582737968814,0.2580645161290322,openalex_pure_math_1000
W4324281441,post_ai,2023,Mathematics,16,20.5,0.0,2.740319461670996,0.3125,0.5943970767356882,0.0,-0.0,0.9378047212958336,0.3125,openalex_pure_math_1000
W4327740830,post_ai,2023,Mathematics,7,12.0,0.1428571428571428,3.784189633918261,0.1428571428571428,0.3825214899713467,0.0,-0.0,0.9296318207468304,0.1428571428571428,openalex_pure_math_1000
W4327814756,post_ai,2023,Mathematics,1,30.0,0.0,6.825460036255307,0.0,1.0,0.0,-0.0,0.9499101638793944,0.0,openalex_pure_math_1000
W4327948856,post_ai,2023,Mathematics,27,4.0,0.4074074074074074,3.713572066704308,0.1111111111111111,0.5824742268041238,0.0,-0.0,0.9005101632188868,0.1111111111111111,openalex_pure_math_1000
W4328053922,post_ai,2023,Mathematics,3,12.0,0.0,1.3862943611198906,0.6666666666666666,0.8421052631578947,0.0,-0.0,0.9336760640144348,0.6666666666666666,openalex_pure_math_1000
W4328131174,post_ai,2023,Mathematics,4,17.0,0.0,6.338999712168879,0.0,0.7286920503425203,0.75,0.5623351446188083,0.8842652440071106,0.0,openalex_pure_math_1000
W4360615822,post_ai,2023,Mathematics,40,8.0,0.125,3.020127355638707,0.275,0.4875896304467733,0.525,0.7924048022328816,0.8983092099428177,0.25,openalex_pure_math_1000
W4360869952,post_ai,2023,Mathematics,6,12.5,0.1666666666666666,3.026044584462208,0.3333333333333333,0.8995943204868154,0.0,-0.0,0.9458186527093252,0.3333333333333333,openalex_pure_math_1000
W4360872574,post_ai,2023,Mathematics,15,4.0,0.4,2.995732273553991,0.2666666666666666,0.5483870967741935,0.0,-0.0,0.8859093983968099,0.2666666666666666,openalex_pure_math_1000
W4361771459,post_ai,2023,Mathematics,6,13.5,0.1666666666666666,2.488366871210287,0.5,0.44,0.1666666666666666,0.4505612088663046,0.9010558823744456,0.5,openalex_pure_math_1000
W4362450028,post_ai,2023,Mathematics,20,15.0,0.05,4.0286887442789965,0.1,0.522277765703108,0.85,1.2353468116280646,0.8987865507602691,0.1,openalex_pure_math_1000
W4362510956,post_ai,2023,Mathematics,5,17.0,0.0,4.553876891600541,0.0,0.2991452991452991,0.0,-0.0,0.9199511170387268,0.0,openalex_pure_math_1000
W4362608317,post_ai,2023,Mathematics,8,49.5,0.0,3.4608290920755644,0.125,0.3090379008746355,1.0,0.3767701612564367,0.8522573783993721,0.125,openalex_pure_math_1000
W4362608521,post_ai,2023,Mathematics,12,10.0,0.0833333333333333,3.545038417888046,0.4166666666666667,0.4876957494407158,0.0,-0.0,0.9184868186712264,0.4166666666666667,openalex_pure_math_1000
W4364374503,post_ai,2023,Mathematics,4,7.5,0.0,1.2424533248940002,0.75,0.65,0.0,-0.0,0.9124755561351776,0.75,openalex_pure_math_1000
W4365452096,post_ai,2023,Mathematics,8,17.0,0.25,3.407819995037165,0.25,0.2510121457489878,0.0,-0.0,0.9261665418744088,0.25,openalex_pure_math_1000
W4365514870,post_ai,2023,Mathematics,14,9.0,0.1428571428571428,3.1354942159291497,0.1428571428571428,0.7901069518716578,0.6428571428571429,1.2963611597910565,0.8466688862868718,0.0714285714285714,openalex_pure_math_1000
W4366417623,post_ai,2023,Mathematics,19,4.0,0.4210526315789473,2.302585092994046,0.3684210526315789,0.6707246376811594,0.3157894736842105,1.0160085311135825,0.8511027568265012,0.2105263157894736,openalex_pure_math_1000
W4366549595,post_ai,2023,Mathematics,20,5.5,0.3,1.791759469228055,0.65,0.8949704142011834,0.15,0.5181862130502128,0.8867563754320145,0.65,openalex_pure_math_1000
W4366572244,post_ai,2023,Mathematics,5,6.0,0.4,1.6094379124341005,0.6,0.5362318840579711,0.0,-0.0,0.879105019569397,0.6,openalex_pure_math_1000
W4366602769,post_ai,2023,Mathematics,73,9.0,0.136986301369863,4.543294782270004,0.0547945205479452,0.7500499900019996,0.9041095890410958,1.6803288113776609,0.8820441332581925,0.0547945205479452,openalex_pure_math_1000
W4366772688,post_ai,2023,Mathematics,27,6.0,0.2222222222222222,3.044522437723423,0.3333333333333333,0.6746675316250406,0.1481481481481481,0.5221718405002467,0.8770546427479496,0.3333333333333333,openalex_pure_math_1000
W4366813486,post_ai,2023,Mathematics,16,7.0,0.4375,3.392228531318822,0.1875,0.9013954914890354,0.0,-0.0,0.8838418014347553,0.1875,openalex_pure_math_1000
W4366817505,post_ai,2023,Mathematics,5,16.0,0.2,2.4849066497880004,0.4,0.7855530474040632,0.4,0.6730116670092565,0.9158362865447998,0.4,openalex_pure_math_1000
W4366991545,post_ai,2023,Mathematics,9,8.0,0.0,2.833213344056216,0.2222222222222222,0.4122807017543859,0.1111111111111111,0.3488320958430319,0.9020240108172098,0.2222222222222222,openalex_pure_math_1000
W4367043503,post_ai,2023,Mathematics,15,4.0,0.4666666666666667,2.5649493574615367,0.3333333333333333,0.850625,0.4666666666666667,1.5065950881316383,0.8525173147519429,0.3333333333333333,openalex_pure_math_1000
W4367059517,post_ai,2023,Mathematics,17,6.0,0.4117647058823529,3.6635616461296463,0.1764705882352941,0.518348623853211,0.0,-0.0,0.9179721860324636,0.1764705882352941,openalex_pure_math_1000
W4367164298,post_ai,2023,Mathematics,11,9.0,0.1818181818181818,2.772588722239781,0.4545454545454545,0.6445012787723785,0.1818181818181818,0.4741393130578373,0.9257162538441744,0.4545454545454545,openalex_pure_math_1000
W4367189050,post_ai,2023,Mathematics,12,7.0,0.0,3.955662009481676,0.0833333333333333,0.6649484536082474,0.0,-0.0,0.9069540003935496,0.0833333333333333,openalex_pure_math_1000
W4367298281,post_ai,2023,Mathematics,4,5.5,0.5,4.4688719684712215,0.0,0.923251417769376,0.0,-0.0,0.884485512971878,0.0,openalex_pure_math_1000
W4367316959,post_ai,2023,Mathematics,12,10.5,0.3333333333333333,3.5323795138959007,0.4166666666666667,0.6969072164948453,0.0,-0.0,0.9461371749639512,0.4166666666666667,openalex_pure_math_1000
W4367339122,post_ai,2023,Mathematics,4,6.0,0.25,2.0471722811110507,0.5,0.4,0.0,-0.0,0.9381736218929292,0.5,openalex_pure_math_1000
W4367547899,post_ai,2023,Mathematics,3,12.0,0.3333333333333333,2.6390573296152584,0.3333333333333333,0.4117647058823529,0.6666666666666666,0.6365141682948128,0.8854078849156698,0.3333333333333333,openalex_pure_math_1000
W4367549866,post_ai,2023,Mathematics,9,12.0,0.0,2.995732273553991,0.3333333333333333,0.6882175226586102,0.1111111111111111,0.3488320958430319,0.9113191233740912,0.3333333333333333,openalex_pure_math_1000
W4367694067,post_ai,2023,Mathematics,6,2.5,0.8333333333333334,3.257356345436265,0.0,0.3087248322147651,0.0,-0.0,0.920172800620397,0.0,openalex_pure_math_1000
W4367842049,post_ai,2023,Mathematics,2,31.5,0.0,5.080574232937949,0.0,0.8899803536345776,0.0,-0.0,0.8749139606952667,0.0,openalex_pure_math_1000
W4368374805,post_ai,2023,Mathematics,2,33.0,0.0,5.17045171093806,0.0,0.9912901469787696,0.5,0.6931471805599453,0.7967429757118225,0.0,openalex_pure_math_1000
W4368374841,post_ai,2023,Mathematics,24,4.0,0.375,2.888826161611328,0.2916666666666667,0.5152542372881356,0.0,-0.0,0.9154732624689738,0.2916666666666667,openalex_pure_math_1000
W4372319449,post_ai,2023,Mathematics,8,5.5,0.25,1.4978661367769954,0.625,0.7712765957446809,0.125,0.3767701612564367,0.9611572921276093,0.625,openalex_pure_math_1000
W4376269616,post_ai,2023,Mathematics,4,4.0,0.5,1.3862943611198906,1.0,0.3333333333333333,0.0,-0.0,0.9661355465650558,1.0,openalex_pure_math_1000
W4376279528,post_ai,2023,Mathematics,26,3.0,0.5384615384615384,3.196795376975316,0.0769230769230769,0.6854206584218777,0.6923076923076923,1.0798753311904068,0.8977549121930049,0.0769230769230769,openalex_pure_math_1000
W4376477493,post_ai,2023,Mathematics,12,16.0,0.1666666666666666,2.740319461670996,0.4166666666666667,0.6176470588235294,0.0833333333333333,0.2868359830561607,0.9300032705068588,0.4166666666666667,openalex_pure_math_1000
W4376504010,post_ai,2023,Mathematics,4,56.5,0.0,5.270190895772638,0.25,0.6859939759036144,0.25,0.5623351446188083,0.8842341601848602,0.25,openalex_pure_math_1000
W4376505466,post_ai,2023,Mathematics,6,7.5,0.1666666666666666,2.505317647048128,0.1666666666666666,0.514018691588785,0.1666666666666666,0.4505612088663046,0.91079314549764,0.1666666666666666,openalex_pure_math_1000
W4376565594,post_ai,2023,Mathematics,4,30.5,0.0,5.904834429681222,0.0,0.4710059171597633,0.5,0.6931471805599453,0.9261235296726228,0.0,openalex_pure_math_1000
W4376629388,post_ai,2023,Mathematics,10,9.5,0.2,2.302585092994045,0.5,0.5765957446808511,0.2,0.5004024235381879,0.920496779680252,0.5,openalex_pure_math_1000
W4376651376,post_ai,2023,Mathematics,33,10.0,0.0909090909090909,2.8903717578961645,0.3333333333333333,0.6493034524530588,0.0303030303030303,0.1357939587515938,0.8964488488255125,0.3333333333333333,openalex_pure_math_1000
W4376956827,post_ai,2023,Mathematics,7,4.0,0.4285714285714285,0.6931471805599453,1.0,0.5,0.0,-0.0,0.9228993228503636,1.0,openalex_pure_math_1000
W4377029831,post_ai,2023,Mathematics,8,9.0,0.125,3.637239779386936,0.125,0.2706766917293233,0.0,-0.0,0.9039909914135932,0.125,openalex_pure_math_1000
W4377099695,post_ai,2023,Mathematics,8,9.5,0.25,2.727660557678851,0.375,0.7570518653321201,0.125,0.3767701612564367,0.919978678226471,0.375,openalex_pure_math_1000
W4377103635,post_ai,2023,Mathematics,3,28.0,0.0,5.480638923341991,0.0,0.7252941176470589,1.0,-0.0,0.8366081118583679,0.0,openalex_pure_math_1000
W4377137004,post_ai,2023,Mathematics,24,29.5,0.0,4.862419620554235,0.0833333333333333,0.6289584951246872,0.2083333333333333,0.6159905783211985,0.8930035258332888,0.0833333333333333,openalex_pure_math_1000
W4377137247,post_ai,2023,Mathematics,4,33.0,0.25,4.163500370120857,0.0,0.6277533039647577,0.0,-0.0,0.8575845658779144,0.0,openalex_pure_math_1000
W4377158015,post_ai,2023,Mathematics,3,2.0,0.6666666666666666,0.0,1.0,1.0,0.6666666666666666,0.6365141682948128,0.856132964293162,0.6666666666666666,openalex_pure_math_1000
W4377245811,post_ai,2023,Mathematics,4,21.0,0.0,3.151309487872453,0.25,0.9465811965811964,0.25,0.5623351446188083,0.9510835856199265,0.25,openalex_pure_math_1000
W4377967711,post_ai,2023,Mathematics,2,9.5,0.0,2.2386684072391034,0.5,0.5882352941176471,0.5,0.6931471805599453,0.9347806572914124,0.5,openalex_pure_math_1000
W4377989600,post_ai,2023,Mathematics,7,8.0,0.0,2.995732273553991,0.2857142857142857,0.8370927318295739,0.1428571428571428,0.410116318288409,0.8822496788842338,0.2857142857142857,openalex_pure_math_1000
W4378077970,post_ai,2023,Mathematics,16,11.0,0.3125,3.255129170261575,0.25,0.3695324283559578,0.25,0.5623351446188083,0.8790469542145729,0.25,openalex_pure_math_1000
W4378529402,post_ai,2023,Mathematics,13,13.0,0.0769230769230769,3.7612001156935615,0.1538461538461538,0.6135521439915299,0.2307692307692307,0.5402041423888608,0.8928498029708862,0.1538461538461538,openalex_pure_math_1000
W4378627855,post_ai,2023,Mathematics,16,7.0,0.125,3.960767816066775,0.0625,0.7372685185185185,0.625,0.6615632381579821,0.9051911309361458,0.0625,openalex_pure_math_1000
W4379280549,post_ai,2023,Mathematics,3,7.0,0.0,1.9459101490553128,0.6666666666666666,0.9444444444444444,0.3333333333333333,0.6365141682948128,0.9335901737213136,0.6666666666666666,openalex_pure_math_1000
W4379932578,post_ai,2023,Mathematics,6,16.0,0.0,2.8518912373281005,0.5,0.7424684159378037,0.0,-0.0,0.944615085919698,0.5,openalex_pure_math_1000
W4380077457,post_ai,2023,Mathematics,3,29.0,0.0,7.187657164114956,0.3333333333333333,0.7350290406569197,0.3333333333333333,0.6365141682948128,0.884079118569692,0.3333333333333333,openalex_pure_math_1000
W4380154285,post_ai,2023,Mathematics,4,5.5,0.25,2.6287476860138907,0.5,0.8671586715867159,0.0,-0.0,0.9207358956336976,0.5,openalex_pure_math_1000
W4380272553,post_ai,2023,Mathematics,16,3.5,0.5,2.70582302592752,0.125,0.8805874840357599,0.0,-0.0,0.9359188079833984,0.125,openalex_pure_math_1000
W4380480023,post_ai,2023,Mathematics,3,3.0,0.6666666666666666,2.4849066497880004,0.3333333333333333,0.5769230769230769,0.0,-0.0,0.9134545723597208,0.3333333333333333,openalex_pure_math_1000
W4380627221,post_ai,2023,Mathematics,6,13.0,0.0,3.756854623919853,0.1666666666666666,0.4613003095975232,0.1666666666666666,0.4505612088663046,0.8592545588811239,0.1666666666666666,openalex_pure_math_1000
W4380741602,post_ai,2023,Mathematics,23,11.0,0.2608695652173913,3.091042453358316,0.217391304347826,0.793629278210776,0.0434782608695652,0.1788449127168475,0.8911076732303785,0.217391304347826,openalex_pure_math_1000
W4380792672,post_ai,2023,Mathematics,6,4.0,0.5,1.2424533248940002,0.6666666666666666,0.5813953488372093,0.1666666666666666,0.4505612088663046,0.9204012950261434,0.6666666666666666,openalex_pure_math_1000
W4380886126,post_ai,2023,Mathematics,2,9.0,0.0,1.9356005054539451,1.0,0.5833333333333334,0.0,-0.0,0.9329570233821868,1.0,openalex_pure_math_1000
W4381143995,post_ai,2023,Mathematics,16,3.0,0.5625,2.19722457733622,0.4375,0.5985130111524164,0.0,-0.0,0.9038548693060876,0.4375,openalex_pure_math_1000
W4381187735,post_ai,2023,Mathematics,5,46.0,0.2,2.302585092994046,0.4,0.7520325203252033,0.4,0.9502705392332348,0.9128855466842652,0.4,openalex_pure_math_1000
W4381196657,post_ai,2023,Mathematics,8,10.5,0.0,3.326431514676673,0.25,0.3307692307692307,0.0,-0.0,0.9054242447018624,0.25,openalex_pure_math_1000
W4381276222,post_ai,2023,Mathematics,7,4.0,0.4285714285714285,2.5649493574615367,0.4285714285714285,0.5945945945945946,0.8571428571428571,1.0042424730540764,0.8893261126109532,0.4285714285714285,openalex_pure_math_1000
W4381323000,post_ai,2023,Mathematics,4,18.0,0.25,2.9957322735539917,0.25,0.5294117647058824,0.0,-0.0,0.9245799332857132,0.25,openalex_pure_math_1000
W4381331246,post_ai,2023,Mathematics,1,54.0,0.0,2.995732273553991,0.0,1.0,1.0,-0.0,0.9140450954437256,0.0,openalex_pure_math_1000
W4381335312,post_ai,2023,Mathematics,2,21.5,0.0,4.375578990681015,0.0,0.906367041198502,0.5,0.6931471805599453,0.8742096126079559,0.0,openalex_pure_math_1000
W4381436239,post_ai,2023,Mathematics,8,31.5,0.0,4.317754709117139,0.0,0.5072302558398221,0.125,0.3767701612564367,0.8460552915930748,0.0,openalex_pure_math_1000
W4381512361,post_ai,2023,Mathematics,11,4.0,0.2727272727272727,1.9459101490553128,0.5454545454545454,0.4916666666666666,0.0909090909090909,0.3046360973492381,0.9282681887800044,0.5454545454545454,openalex_pure_math_1000
W4381616484,post_ai,2023,Mathematics,9,10.0,0.1111111111111111,2.19722457733622,0.4444444444444444,0.6367713004484304,0.0,-0.0,0.8893974290953742,0.4444444444444444,openalex_pure_math_1000
W4381803221,post_ai,2023,Mathematics,13,2.0,0.7692307692307693,2.3978952727983707,0.3846153846153846,0.3262411347517731,0.6153846153846154,0.8981370031878679,0.9047915385319636,0.3846153846153846,openalex_pure_math_1000
W4381889910,post_ai,2023,Mathematics,13,21.0,0.0,4.143134726391533,0.0,0.7217481789802289,0.0769230769230769,0.2711893730418441,0.8774018471057599,0.0,openalex_pure_math_1000
W4381996630,post_ai,2023,Mathematics,7,8.0,0.1428571428571428,2.70805020110221,0.1428571428571428,0.7960954446854663,0.1428571428571428,0.410116318288409,0.9137367180415562,0.1428571428571428,openalex_pure_math_1000
W4382140806,post_ai,2023,Mathematics,47,12.0,0.0425531914893617,5.6937321388027,0.0638297872340425,0.9292200172785064,0.7659574468085106,1.2481068530186028,0.8280501885617033,0.0638297872340425,openalex_pure_math_1000
W4382395537,post_ai,2023,Mathematics,21,3.0,0.5238095238095238,3.258096538021482,0.0952380952380952,0.4132231404958678,0.238095238095238,0.5488743844849944,0.8949166649863833,0.0952380952380952,openalex_pure_math_1000
W4382560862,post_ai,2023,Mathematics,13,21.0,0.0,3.784189633918261,0.1538461538461538,0.7792207792207793,0.0,-0.0,0.9068162991450384,0.1538461538461538,openalex_pure_math_1000
W4382582753,post_ai,2023,Mathematics,10,5.0,0.4,1.868834809141684,0.6,0.8418491484184915,0.4,1.0888999753452235,0.8508363544940949,0.5,openalex_pure_math_1000
W4382598251,post_ai,2023,Mathematics,7,28.0,0.0,3.713572066704308,0.1428571428571428,0.4470359572400388,0.0,-0.0,0.9201272896357944,0.1428571428571428,openalex_pure_math_1000
W4382598252,post_ai,2023,Mathematics,11,9.0,0.0909090909090909,4.07753744390572,0.0909090909090909,0.690566037735849,0.1818181818181818,0.4741393130578373,0.8962473815137689,0.0909090909090909,openalex_pure_math_1000
W4382599350,post_ai,2023,Mathematics,27,3.0,0.5185185185185185,2.833213344056216,0.2962962962962963,0.6521978021978022,0.037037037037037,0.1584105701317908,0.9030466278394064,0.2962962962962963,openalex_pure_math_1000
W4382645096,post_ai,2023,Mathematics,7,5.0,0.4285714285714285,1.9459101490553128,0.7142857142857143,0.8520710059171598,0.0,-0.0,0.9236041052000864,0.7142857142857143,openalex_pure_math_1000
W4382656820,post_ai,2023,Mathematics,6,4.5,0.5,1.4978661367769954,0.6666666666666666,0.7727272727272727,0.0,-0.0,0.9428117175896964,0.6666666666666666,openalex_pure_math_1000
W4382814761,post_ai,2023,Mathematics,2,37.5,0.0,3.329005522935374,0.0,0.6896551724137931,0.5,0.6931471805599453,0.9132100641727448,0.0,openalex_pure_math_1000
W4382939114,post_ai,2023,Mathematics,30,13.0,0.0666666666666666,4.709367850470742,0.1333333333333333,0.4426729986431479,0.0,-0.0,0.8998779614766439,0.1333333333333333,openalex_pure_math_1000
W4382981936,post_ai,2023,Mathematics,6,3.5,0.5,1.6094379124341005,0.8333333333333334,0.7301587301587301,0.3333333333333333,0.8675632284814612,0.901592493057251,0.8333333333333334,openalex_pure_math_1000
W4382986750,post_ai,2023,Mathematics,3,4.0,0.3333333333333333,2.079441541679836,0.6666666666666666,0.6666666666666666,0.0,-0.0,0.9492984215418496,0.6666666666666666,openalex_pure_math_1000
W4382986952,post_ai,2023,Mathematics,6,0.5,0.6666666666666666,1.4978661367769956,0.5,0.7265917602996255,0.0,-0.0,0.8989628851413727,0.5,openalex_pure_math_1000
W4383069915,post_ai,2023,Mathematics,6,8.5,0.1666666666666666,2.19722457733622,0.3333333333333333,0.9565846599131692,0.0,-0.0,0.8733552197615305,0.3333333333333333,openalex_pure_math_1000
W4383224201,post_ai,2023,Mathematics,3,8.0,0.0,3.1354942159291497,0.0,0.8394495412844036,0.0,-0.0,0.9035296440124512,0.0,openalex_pure_math_1000
W4383343205,post_ai,2023,Mathematics,11,12.0,0.0909090909090909,2.772588722239781,0.2727272727272727,0.7311557788944724,0.3636363636363636,1.0335620542068176,0.8334740562872454,0.2727272727272727,openalex_pure_math_1000
W4383852827,post_ai,2023,Mathematics,10,10.5,0.2,3.6009581587658137,0.1,0.6343234323432343,0.3,0.9404479886553264,0.8876708388328552,0.1,openalex_pure_math_1000
W4383876291,post_ai,2023,Mathematics,6,7.0,0.1666666666666666,2.505317647048128,0.3333333333333333,0.9821016166281756,0.3333333333333333,0.8675632284814612,0.935707797606786,0.3333333333333333,openalex_pure_math_1000
W4384027804,post_ai,2024,Mathematics,8,10.5,0.375,2.0126758453675744,0.625,0.5867781390308098,0.125,0.3767701612564367,0.9253902211785316,0.625,openalex_pure_math_1000
W4384131684,post_ai,2023,Mathematics,18,4.0,0.3888888888888889,2.481422315129953,0.4444444444444444,0.6811059907834102,0.1111111111111111,0.3488320958430319,0.9297212726540036,0.4444444444444444,openalex_pure_math_1000
W4384155643,post_ai,2023,Mathematics,6,8.0,0.3333333333333333,0.8958797346140275,0.8333333333333334,0.6190476190476191,0.0,-0.0,0.96167920033137,0.8333333333333334,openalex_pure_math_1000
W4384469629,post_ai,2023,Mathematics,6,27.5,0.1666666666666666,2.138333059508028,0.5,0.5298013245033113,0.1666666666666666,0.4505612088663046,0.8895197908083597,0.5,openalex_pure_math_1000
W4384492822,post_ai,2023,Mathematics,5,9.0,0.0,1.6094379124341005,0.6,0.9664634146341464,0.0,-0.0,0.9072985529899598,0.6,openalex_pure_math_1000
W4384695640,post_ai,2023,Mathematics,55,14.0,0.0909090909090909,4.158883083359672,0.109090909090909,0.9794130580692944,0.6545454545454545,1.288062947416288,0.8747223734855651,0.109090909090909,openalex_pure_math_1000
W4385060101,post_ai,2023,Mathematics,7,3.0,0.5714285714285714,1.0986122886681098,0.7142857142857143,0.8628571428571429,0.0,-0.0,0.9364110486848014,0.7142857142857143,openalex_pure_math_1000
W4385074770,post_ai,2023,Mathematics,22,19.0,0.0,3.258096538021482,0.2727272727272727,0.6142953472690492,0.0909090909090909,0.3676494774001422,0.9073331572792748,0.2727272727272727,openalex_pure_math_1000
W4385145314,post_ai,2023,Mathematics,1,23.0,0.0,5.513428746164983,0.0,1.0,0.0,-0.0,0.9076867699623108,0.0,openalex_pure_math_1000
W4385147716,post_ai,2023,Mathematics,7,17.0,0.0,2.8903717578961645,0.1428571428571428,0.6033182503770739,0.0,-0.0,0.9050380076680864,0.1428571428571428,openalex_pure_math_1000
W4385151311,post_ai,2023,Mathematics,7,11.0,0.1428571428571428,4.709530201312334,0.1428571428571428,0.4085365853658536,0.0,-0.0,0.9344670687402996,0.1428571428571428,openalex_pure_math_1000
W4385201693,post_ai,2023,Mathematics,4,10.5,0.25,4.562391241807268,0.25,0.6003490401396161,0.0,-0.0,0.8747319281101227,0.25,openalex_pure_math_1000
W4385270491,post_ai,2023,Mathematics,7,25.0,0.0,4.727387818712341,0.0,0.4891535516801361,0.7142857142857143,0.5982695885852573,0.8981582692691258,0.0,openalex_pure_math_1000
W4385361061,post_ai,2023,Mathematics,10,10.5,0.3,3.6149193890756255,0.1,0.600328272466147,0.5,0.6931471805599453,0.8917534828186036,0.1,openalex_pure_math_1000
W4385421191,post_ai,2023,Mathematics,8,31.5,0.25,2.596478425445105,0.5,0.5379002837454399,0.0,-0.0,0.9227172434329988,0.5,openalex_pure_math_1000
W4385423516,post_ai,2023,Mathematics,11,7.0,0.2727272727272727,3.332204510175204,0.1818181818181818,0.4172185430463576,0.0,-0.0,0.9133608774705366,0.1818181818181818,openalex_pure_math_1000
W4385445042,post_ai,2023,Mathematics,2,55.0,0.5,1.1512925464970227,1.0,0.8,0.0,-0.0,0.9282292127609252,1.0,openalex_pure_math_1000
W4385457099,post_ai,2023,Mathematics,2,27.5,0.0,4.216688352661564,0.0,0.9082969432314412,1.0,0.6931471805599453,0.8245110511779785,0.0,openalex_pure_math_1000
W4385481496,post_ai,2023,Mathematics,10,11.5,0.0,2.612873336856601,0.5,0.6591375770020534,0.0,-0.0,0.9411252021789552,0.5,openalex_pure_math_1000
W4385497941,post_ai,2023,Mathematics,9,9.0,0.3333333333333333,2.772588722239781,0.4444444444444444,0.4657762938230384,0.0,-0.0,0.9102742738193936,0.4444444444444444,openalex_pure_math_1000
W4385543230,post_ai,2023,Mathematics,19,5.0,0.3157894736842105,2.70805020110221,0.1578947368421052,0.8185799186737567,0.2105263157894736,0.7335417487636489,0.8921774061102616,0.1578947368421052,openalex_pure_math_1000
W4385552406,post_ai,2023,Mathematics,16,15.0,0.125,2.914472808805104,0.125,0.518651832460733,0.4375,1.1246702892376168,0.8474331609904766,0.0625,openalex_pure_math_1000
W4385578126,post_ai,2023,Mathematics,2,23.0,0.0,2.0126758453675744,1.0,0.5384615384615384,0.0,-0.0,0.8999554812908173,1.0,openalex_pure_math_1000
W4385584962,post_ai,2023,Mathematics,15,2.0,0.6666666666666666,2.3978952727983707,0.2666666666666666,0.773286467486819,0.0,-0.0,0.896782648563385,0.2666666666666666,openalex_pure_math_1000
W4385755413,post_ai,2023,Mathematics,13,7.0,0.4615384615384615,4.663439094112067,0.1538461538461538,0.5588343784581336,0.8461538461538461,0.9251290835720823,0.9123387520129864,0.1538461538461538,openalex_pure_math_1000
W4385876107,post_ai,2023,Mathematics,4,25.0,0.0,3.977537136631348,0.25,0.6566757493188011,1.0,0.5623351446188083,0.915100947022438,0.25,openalex_pure_math_1000
W4385953711,post_ai,2023,Mathematics,35,7.0,0.1428571428571428,4.356708826689592,0.1142857142857142,0.9910837778316882,0.3428571428571428,1.066089993750056,0.8933053340230669,0.1142857142857142,openalex_pure_math_1000
W4385997741,post_ai,2023,Mathematics,3,4.0,0.3333333333333333,3.091042453358316,0.3333333333333333,0.5862068965517241,0.0,-0.0,0.9189826250076294,0.3333333333333333,openalex_pure_math_1000
W4386000830,post_ai,2023,Mathematics,14,0.5,0.9285714285714286,1.791759469228055,0.6428571428571429,0.6751269035532995,0.4285714285714285,1.0547209169068124,0.8890555202960968,0.6428571428571429,openalex_pure_math_1000
W4386030844,post_ai,2023,Mathematics,5,8.0,0.0,2.995732273553991,0.2,0.4615384615384615,0.0,-0.0,0.9189063310623168,0.2,openalex_pure_math_1000
W4386067400,post_ai,2023,Mathematics,32,6.0,0.28125,3.737669618283368,0.09375,0.909766108541273,0.90625,0.3111291548118492,0.9039650280028582,0.09375,openalex_pure_math_1000
W4386072817,post_ai,2023,Mathematics,12,8.0,0.0833333333333333,3.676220550121792,0.0833333333333333,0.3961864406779661,0.0,-0.0,0.9356926381587982,0.0833333333333333,openalex_pure_math_1000
W4386097832,post_ai,2025,Mathematics,5,16.0,0.2,2.995732273553991,0.2,0.8317941952506597,0.0,-0.0,0.9127362489700316,0.2,openalex_pure_math_1000
W4386242088,post_ai,2023,Mathematics,11,19.0,0.1818181818181818,4.31748811353631,0.3636363636363636,0.8498854882365189,0.1818181818181818,0.6001660731596457,0.9019270810213956,0.3636363636363636,openalex_pure_math_1000
W4386251279,post_ai,2023,Mathematics,2,11.0,0.0,2.5499332139121,0.5,0.9878048780487804,0.0,-0.0,0.928168386220932,0.5,openalex_pure_math_1000
W4386286486,post_ai,2023,Mathematics,6,12.0,0.0,2.5184763012068148,0.3333333333333333,0.7056451612903226,0.0,-0.0,0.9282675584157308,0.3333333333333333,openalex_pure_math_1000
W4386310902,post_ai,2023,Mathematics,9,3.0,0.5555555555555556,2.772588722239781,0.3333333333333333,0.4359550561797752,0.0,-0.0,0.8818895750575595,0.3333333333333333,openalex_pure_math_1000
W4386418966,post_ai,2023,Mathematics,27,2.0,0.6296296296296297,2.8903717578961645,0.2962962962962963,0.9395403653506188,0.4814814814814814,0.6924611526112329,0.8939880066447787,0.2962962962962963,openalex_pure_math_1000
W4386422728,post_ai,2023,Mathematics,11,4.0,0.4545454545454545,1.3862943611198906,0.8181818181818182,0.9285714285714286,0.2727272727272727,0.5859526183035508,0.918185364116322,0.8181818181818182,openalex_pure_math_1000
W4386425835,post_ai,2023,Mathematics,15,10.5,0.1333333333333333,3.6375861597263857,0.2666666666666666,0.9940250129957496,0.8666666666666667,1.2048762065511598,0.8081583778063456,0.2,openalex_pure_math_1000
W4386475445,post_ai,2023,Mathematics,6,9.0,0.1666666666666666,1.7005986908310775,0.8333333333333334,0.8095238095238095,0.0,-0.0,0.9348819653193156,0.8333333333333334,openalex_pure_math_1000
W4386546718,post_ai,2023,Mathematics,18,7.0,0.3888888888888889,4.0354530443939085,0.2222222222222222,0.6234878094174576,0.3888888888888889,0.8277381569989198,0.8484972185558743,0.2222222222222222,openalex_pure_math_1000
W4386640106,post_ai,2023,Mathematics,5,9.0,0.4,1.3862943611198906,0.6,0.9954063935502016,0.2,0.5004024235381879,0.913198959827423,0.6,openalex_pure_math_1000
W4386698822,post_ai,2023,Mathematics,10,13.5,0.1,4.399227348032548,0.2,0.5840188014101058,0.0,-0.0,0.9172205090522766,0.2,openalex_pure_math_1000
W4386752833,post_ai,2023,Mathematics,18,6.5,0.0555555555555555,5.054600031060329,0.1111111111111111,0.988425904137998,0.8333333333333334,1.9559838465843624,0.7916182312700484,0.1111111111111111,openalex_pure_math_1000
W4386754686,post_ai,2023,Mathematics,13,25.0,0.2307692307692307,2.4849066497880004,0.3846153846153846,0.8057988523104802,0.0,-0.0,0.9076686134705176,0.3846153846153846,openalex_pure_math_1000
W4386772607,post_ai,2023,Mathematics,6,7.5,0.1666666666666666,2.70582302592752,0.1666666666666666,0.8190104166666666,0.5,1.242453324894,0.9068083862463632,0.1666666666666666,openalex_pure_math_1000
W4386921918,post_ai,2023,Mathematics,7,28.0,0.0,3.218875824868201,0.4285714285714285,0.5836516424751719,0.0,-0.0,0.946538133280618,0.4285714285714285,openalex_pure_math_1000
W4386951705,post_ai,2023,Mathematics,8,6.5,0.125,1.7776740307447068,0.625,0.6498054474708171,0.25,0.5623351446188083,0.9339346885681152,0.625,openalex_pure_math_1000
W4387019788,post_ai,2023,Mathematics,6,14.5,0.1666666666666666,4.827641285313273,0.1666666666666666,0.4493801652892562,0.1666666666666666,0.4505612088663046,0.9063946902751924,0.1666666666666666,openalex_pure_math_1000
W4387063240,post_ai,2023,Mathematics,4,22.5,0.0,3.1815140517702325,0.25,0.4732824427480916,0.0,-0.0,0.9148820489645004,0.25,openalex_pure_math_1000
W4387131427,post_ai,2023,Mathematics,12,15.5,0.0833333333333333,4.448499276371912,0.1666666666666666,0.7948506694129763,0.0833333333333333,0.2868359830561607,0.8390288750330607,0.1666666666666666,openalex_pure_math_1000
W4387164051,post_ai,2023,Mathematics,17,16.0,0.0,4.499809670330265,0.0588235294117647,0.8058807514293493,0.0588235294117647,0.2237180760658337,0.9168868695988376,0.0588235294117647,openalex_pure_math_1000
W4387259094,post_ai,2023,Mathematics,12,16.5,0.25,3.841241223267253,0.25,0.8393771331058021,0.1666666666666666,0.4505612088663046,0.8549669782320658,0.1666666666666666,openalex_pure_math_1000
W4387369852,post_ai,2023,Mathematics,6,9.5,0.0,3.301971912300236,0.1666666666666666,0.8611918604651163,0.0,-0.0,0.9088281691074372,0.0,openalex_pure_math_1000
W4387410130,post_ai,2023,Mathematics,8,9.5,0.125,3.50244099485643,0.0,0.3568904593639576,0.125,0.3767701612564367,0.9212165325880052,0.0,openalex_pure_math_1000
W4387457467,post_ai,2023,Mathematics,19,9.0,0.0526315789473684,3.258096538021482,0.2105263157894736,0.4387254901960784,0.0526315789473684,0.2061920506332318,0.8790304598055387,0.2105263157894736,openalex_pure_math_1000
W4387461635,post_ai,2023,Mathematics,3,14.0,0.0,3.332204510175204,0.0,0.6809815950920245,0.0,-0.0,0.9107754429181416,0.0,openalex_pure_math_1000
W4387476501,post_ai,2023,Mathematics,19,2.0,0.631578947368421,2.19722457733622,0.4736842105263157,0.6016949152542372,0.1052631578947368,0.4094586186950892,0.9132485170113412,0.4736842105263157,openalex_pure_math_1000
W4387529245,post_ai,2023,Mathematics,8,31.0,0.125,3.956028444089503,0.125,0.3850806451612903,0.0,-0.0,0.9444410726428032,0.125,openalex_pure_math_1000
W4387641547,post_ai,2023,Mathematics,4,10.5,0.25,4.357201680351971,0.25,0.5892857142857143,0.0,-0.0,0.93869349360466,0.25,openalex_pure_math_1000
W4387642017,post_ai,2023,Mathematics,6,14.5,0.3333333333333333,2.282174095733918,0.5,0.6369426751592356,0.1666666666666666,0.4505612088663046,0.9408908089001974,0.5,openalex_pure_math_1000
W4387642347,post_ai,2023,Mathematics,3,1.0,0.6666666666666666,1.3862943611198906,0.6666666666666666,0.9983370288248336,0.3333333333333333,0.6365141682948128,0.8079284032185873,0.3333333333333333,openalex_pure_math_1000
W4387654809,post_ai,2023,Mathematics,18,3.0,0.5,2.079441541679836,0.5555555555555556,0.7889182058047494,0.6111111111111112,1.1324163280102886,0.8628011246522268,0.4444444444444444,openalex_pure_math_1000
W4387656396,post_ai,2023,Mathematics,11,10.0,0.1818181818181818,3.1354942159291497,0.1818181818181818,0.6224299065420561,0.0909090909090909,0.3046360973492381,0.9019107926975596,0.1818181818181818,openalex_pure_math_1000
W4387695105,post_ai,2023,Mathematics,6,13.0,0.0,3.4165158663931003,0.0,0.7035398230088495,0.3333333333333333,0.6365141682948128,0.9113958477973938,0.0,openalex_pure_math_1000
W4387696134,post_ai,2023,Mathematics,18,7.0,0.4444444444444444,3.519391770694271,0.2222222222222222,0.3039796782387807,0.0,-0.0,0.9124712612893846,0.2222222222222222,openalex_pure_math_1000
W4387732149,post_ai,2023,Mathematics,5,5.0,0.4,2.4849066497880004,0.4,0.9844666896789782,0.2,0.5004024235381879,0.874221682548523,0.4,openalex_pure_math_1000
W4387740352,post_ai,2023,Mathematics,13,3.0,0.6153846153846154,1.6094379124341005,0.7692307692307693,0.6222222222222222,0.0,-0.0,0.9199674129486084,0.7692307692307693,openalex_pure_math_1000
W4387819838,post_ai,2023,Mathematics,12,3.0,0.5833333333333334,2.282174095733918,0.5,0.728421052631579,0.0,-0.0,0.9408900638421376,0.5,openalex_pure_math_1000
W4387831016,post_ai,2023,Mathematics,10,9.5,0.1,2.727660557678851,0.4,0.2925925925925925,0.2,0.639031859650177,0.8571966171264649,0.4,openalex_pure_math_1000
W4387906760,post_ai,2023,Mathematics,11,4.0,0.1818181818181818,2.4849066497880004,0.2727272727272727,0.8653846153846154,0.0,-0.0,0.912827031178908,0.2727272727272727,openalex_pure_math_1000
W4387906860,post_ai,2023,Mathematics,5,2.0,0.6,2.079441541679836,0.6,0.9033457249070632,0.0,-0.0,0.930021071434021,0.6,openalex_pure_math_1000
W4387957812,post_ai,2023,Mathematics,4,8.5,0.25,3.392228531318822,0.25,0.9463971880492092,0.25,0.5623351446188083,0.9309149533510208,0.25,openalex_pure_math_1000
W4387971098,post_ai,2023,Mathematics,8,6.0,0.375,3.1549591391132585,0.25,0.6184397163120567,0.125,0.3767701612564367,0.9151549786329268,0.25,openalex_pure_math_1000
W4388028136,post_ai,2023,Mathematics,12,19.5,0.0833333333333333,3.612012404142915,0.0833333333333333,0.4222222222222222,0.0,-0.0,0.922864019870758,0.0833333333333333,openalex_pure_math_1000
W4388210069,post_ai,2023,Mathematics,13,26.0,0.0769230769230769,3.6375861597263857,0.2307692307692307,0.7974874371859296,0.0,-0.0,0.9088158286534824,0.2307692307692307,openalex_pure_math_1000
W4388261475,post_ai,2023,Mathematics,6,12.0,0.0,1.8920948169591307,0.5,0.7711864406779662,0.0,-0.0,0.9176368713378906,0.5,openalex_pure_math_1000
W4388271160,post_ai,2023,Mathematics,7,15.0,0.2857142857142857,2.70805020110221,0.4285714285714285,0.906810035842294,0.0,-0.0,0.9287898966244288,0.4285714285714285,openalex_pure_math_1000
W4388516724,post_ai,2023,Mathematics,8,44.5,0.0,4.096008457268438,0.125,0.4979757085020243,0.25,0.7356219397587946,0.8983518779277802,0.125,openalex_pure_math_1000
W4388525058,post_ai,2023,Mathematics,18,7.0,0.2222222222222222,2.7647145437557112,0.3333333333333333,0.5485519591141397,0.0555555555555555,0.2145591551764051,0.9011826978789436,0.3333333333333333,openalex_pure_math_1000
W4388578771,post_ai,2023,Mathematics,15,2.0,0.5333333333333333,2.3978952727983707,0.4666666666666667,0.3736842105263158,0.6,1.1822230016451067,0.8435759902000427,0.3333333333333333,openalex_pure_math_1000
W4388585009,post_ai,2023,Mathematics,14,7.5,0.1428571428571428,3.044522437723423,0.3571428571428571,0.5726795096322241,0.0714285714285714,0.2573186405438316,0.9127370289393834,0.3571428571428571,openalex_pure_math_1000
W4388638506,post_ai,2023,Mathematics,5,22.0,0.2,5.365976015021851,0.4,0.5478750640040962,0.0,-0.0,0.8391007661819458,0.4,openalex_pure_math_1000
W4388641180,post_ai,2023,Mathematics,3,4.0,0.3333333333333333,1.0986122886681098,0.6666666666666666,0.961904761904762,0.6666666666666666,0.6365141682948128,0.93219925959905,0.6666666666666666,openalex_pure_math_1000
W4388665796,post_ai,2023,Mathematics,10,7.0,0.2,3.172818180414298,0.3,0.7547663551401869,0.6,0.6730116670092565,0.8800746202468872,0.3,openalex_pure_math_1000
W4388685760,post_ai,2026,Mathematics,13,21.0,0.0769230769230769,3.4339872044851463,0.3076923076923077,0.8906298965841429,0.0,-0.0,0.8959706471516535,0.2307692307692307,openalex_pure_math_1000
W4388770533,post_ai,2023,Mathematics,16,7.5,0.25,2.4849066497880004,0.375,0.880199075719872,0.0625,0.2337916587064593,0.9190577603876592,0.375,openalex_pure_math_1000
W4388797219,post_ai,2023,Mathematics,36,14.0,0.1388888888888889,4.350090596376676,0.1666666666666666,0.5757753932088784,0.4444444444444444,1.1950838904614185,0.8828184008598328,0.1666666666666666,openalex_pure_math_1000
W4388839473,post_ai,2023,Mathematics,4,10.0,0.0,0.6931471805599453,1.0,0.6,0.5,0.6931471805599453,0.8453881442546844,0.75,openalex_pure_math_1000
W4388896457,post_ai,2023,Mathematics,30,10.5,0.2666666666666666,2.740319461670996,0.3,0.6579357655129404,0.0,-0.0,0.9164070884386698,0.3,openalex_pure_math_1000
W4388945398,post_ai,2023,Mathematics,5,22.0,0.0,3.9889840465642745,0.0,0.3690773067331671,0.0,-0.0,0.9170467019081116,0.0,openalex_pure_math_1000
W4388965428,post_ai,2023,Mathematics,6,10.5,0.1666666666666666,3.546702312934383,0.3333333333333333,0.4411764705882353,0.0,-0.0,0.9322190880775452,0.3333333333333333,openalex_pure_math_1000
W4388982825,post_ai,2023,Mathematics,11,17.0,0.0909090909090909,2.70805020110221,0.1818181818181818,0.7075971731448764,0.1818181818181818,0.4741393130578373,0.9206849553368308,0.1818181818181818,openalex_pure_math_1000
W4389090181,post_ai,2023,Mathematics,16,5.5,0.4375,2.764714543755712,0.3125,0.7177974434611603,0.0,-0.0,0.914277207106352,0.3125,openalex_pure_math_1000
W4389096463,post_ai,2023,Mathematics,5,24.0,0.0,5.966146739123692,0.0,0.6527687296416939,0.6,1.0549201679861442,0.8960487008094787,0.0,openalex_pure_math_1000
W4389121804,post_ai,2023,Mathematics,4,28.5,0.25,6.889260916036591,0.25,0.7487094395280236,1.0,1.039720770839918,0.7580166012048721,0.0,openalex_pure_math_1000
W4389284385,post_ai,2023,Mathematics,4,35.5,0.0,3.2461199175102355,0.25,0.5683453237410072,0.5,1.039720770839918,0.8584839105606079,0.25,openalex_pure_math_1000
W4389284457,post_ai,2023,Mathematics,2,12.0,0.0,2.5184763012068148,0.0,0.5652173913043478,1.0,-0.0,0.867074191570282,0.0,openalex_pure_math_1000
W4389321475,post_ai,2023,Mathematics,9,10.0,0.2222222222222222,1.791759469228055,0.5555555555555556,0.2575757575757575,0.1111111111111111,0.3488320958430319,0.8995382785797119,0.5555555555555556,openalex_pure_math_1000
W4389379435,post_ai,2023,Mathematics,8,27.0,0.25,2.1910133173369406,0.5,0.5319148936170213,0.125,0.3767701612564367,0.9116782397031784,0.5,openalex_pure_math_1000
W4389381538,post_ai,2023,Mathematics,21,3.0,0.7142857142857143,1.791759469228055,0.6666666666666666,0.929549902152642,0.0,-0.0,0.9159120236124312,0.6666666666666666,openalex_pure_math_1000
W4389427812,post_ai,2023,Mathematics,6,14.5,0.1666666666666666,2.481422315129953,0.3333333333333333,0.4791666666666667,0.0,-0.0,0.9230722089608512,0.3333333333333333,openalex_pure_math_1000
W4389567635,post_ai,2023,Mathematics,9,44.0,0.0,5.288267030694535,0.0,0.2861773117254528,0.4444444444444444,1.1490596969706204,0.8860548933347067,0.0,openalex_pure_math_1000
W4389606579,post_ai,2023,Mathematics,14,5.0,0.3571428571428571,3.205087440983084,0.2857142857142857,0.7459703417150225,0.1428571428571428,0.410116318288409,0.9065778085163662,0.2857142857142857,openalex_pure_math_1000
W4389676044,post_ai,2023,Mathematics,3,21.0,0.0,1.6094379124341005,0.6666666666666666,0.9,0.0,-0.0,0.8578591545422872,0.6666666666666666,openalex_pure_math_1000
W4389786147,post_ai,2023,Mathematics,7,10.0,0.4285714285714285,6.257667587882639,0.2857142857142857,0.6330935251798561,0.5714285714285714,1.0042424730540764,0.8322209800992694,0.2857142857142857,openalex_pure_math_1000
W4389857056,post_ai,2023,Mathematics,5,6.0,0.2,3.610917912644224,0.2,0.2978723404255319,0.0,-0.0,0.9185240983963012,0.2,openalex_pure_math_1000
W4389857647,post_ai,2023,Mathematics,6,22.5,0.1666666666666666,5.107357619281462,0.3333333333333333,0.3094660194174757,0.0,-0.0,0.913548449675242,0.3333333333333333,openalex_pure_math_1000
W4389857737,post_ai,2023,Mathematics,22,5.0,0.3181818181818182,3.131699131295812,0.3181818181818182,0.7171717171717171,0.0909090909090909,0.3676494774001422,0.9116069078445436,0.3181818181818182,openalex_pure_math_1000
W4389916947,post_ai,2023,Mathematics,10,15.0,0.1,4.322001019139966,0.1,0.7091957034320147,0.0,-0.0,0.9231270849704742,0.1,openalex_pure_math_1000
W4389987049,post_ai,2023,Mathematics,4,6.5,0.5,3.00194353355327,0.25,0.7208121827411168,0.0,-0.0,0.9302801936864852,0.25,openalex_pure_math_1000
W4390061367,post_ai,2023,Mathematics,5,21.0,0.4,2.079441541679836,0.6,0.5271084337349398,0.2,0.5004024235381879,0.8978524565696716,0.6,openalex_pure_math_1000
W4390105609,post_ai,2023,Mathematics,24,16.5,0.3333333333333333,3.367295829986474,0.125,0.9316057271328836,0.7083333333333334,0.8602030628046026,0.8962846845388412,0.125,openalex_pure_math_1000
W4390105633,post_ai,2023,Mathematics,6,11.5,0.1666666666666666,4.365748897031621,0.1666666666666666,0.6612903225806451,0.3333333333333333,0.6365141682948128,0.9016539752483368,0.1666666666666666,openalex_pure_math_1000
W4390146418,post_ai,2023,Mathematics,6,28.5,0.1666666666666666,2.452637389219215,0.3333333333333333,0.8983050847457628,0.1666666666666666,0.4505612088663046,0.9241611460844676,0.3333333333333333,openalex_pure_math_1000
W4390269465,post_ai,2023,Mathematics,19,6.0,0.3157894736842105,3.1354942159291497,0.2105263157894736,0.6872800402212167,0.0,-0.0,0.9001956142877278,0.2105263157894736,openalex_pure_math_1000
W4390273895,post_ai,2023,Mathematics,5,12.0,0.0,1.3862943611198906,0.6,0.6461538461538462,0.0,-0.0,0.9248276233673096,0.6,openalex_pure_math_1000
W4390274873,post_ai,2023,Mathematics,10,12.5,0.0,3.713274536198652,0.1,0.2393509127789046,0.2,0.639031859650177,0.9256266117095948,0.1,openalex_pure_math_1000
W4390400429,post_ai,2023,Mathematics,10,6.0,0.1,2.3502401828962083,0.4,0.4206349206349206,0.6,1.4708084763221112,0.8387494504451751,0.4,openalex_pure_math_1000
W4390575873,post_ai,2024,Mathematics,173,8.0,0.2254335260115607,3.49650756146648,0.1676300578034682,0.7220060870715893,0.4566473988439306,0.7203840915199262,0.9091421696492014,0.1676300578034682,openalex_pure_math_1000
W4390608446,post_ai,2024,Mathematics,10,26.5,0.0,5.016160212189549,0.2,0.322296947749612,0.3,0.6108643020548935,0.8830889403820038,0.2,openalex_pure_math_1000
W4390616204,post_ai,2024,Mathematics,9,11.5,0.1111111111111111,2.6390573296152584,0.2222222222222222,0.6565656565656566,0.0,-0.0,0.9397294918696084,0.2222222222222222,openalex_pure_math_1000
W4390668258,post_ai,2024,Mathematics,13,13.0,0.2307692307692307,2.19722457733622,0.4615384615384615,0.8450867052023121,0.7692307692307693,0.7902679680745903,0.9085305378987238,0.4615384615384615,openalex_pure_math_1000
W4390681195,post_ai,2023,Mathematics,6,3.0,0.6666666666666666,1.354025100551105,0.8333333333333334,0.627906976744186,0.1666666666666666,0.4505612088663046,0.9018719792366028,0.8333333333333334,openalex_pure_math_1000
W4390684411,post_ai,2024,Mathematics,17,6.0,0.2352941176470588,3.1354942159291497,0.1764705882352941,0.7426059152677857,0.0,-0.0,0.9124893686350656,0.1764705882352941,openalex_pure_math_1000
W4390699994,post_ai,2024,Mathematics,2,7.5,0.5,2.505317647048128,0.5,0.8787878787878788,0.0,-0.0,0.9474331736564636,0.5,openalex_pure_math_1000
W4390701129,post_ai,2024,Mathematics,5,55.0,0.0,3.367295829986474,0.0,0.3945945945945946,0.0,-0.0,0.8971466660499573,0.0,openalex_pure_math_1000
W4390750705,post_ai,2024,Mathematics,11,2.0,0.9090909090909092,2.19722457733622,0.4545454545454545,0.6747404844290658,0.5454545454545454,1.162225544921092,0.8816196864301508,0.4545454545454545,openalex_pure_math_1000
W4390769218,post_ai,2024,Mathematics,13,21.0,0.2307692307692307,3.332204510175204,0.1538461538461538,0.6824978012313104,0.0,-0.0,0.914377836080698,0.1538461538461538,openalex_pure_math_1000
W4390876806,post_ai,2024,Mathematics,19,14.0,0.1052631578947368,2.995732273553991,0.2631578947368421,0.9230032822757112,0.1052631578947368,0.4094586186950892,0.9177343217950118,0.2631578947368421,openalex_pure_math_1000
W4390911928,post_ai,2024,Mathematics,6,15.0,0.1666666666666666,4.59710549502315,0.3333333333333333,0.4108416547788873,0.5,1.0114042647073516,0.8714186946551005,0.3333333333333333,openalex_pure_math_1000
W4390943425,post_ai,2024,Mathematics,3,19.0,0.0,3.9318256327243257,0.0,0.9298418972332017,0.0,-0.0,0.884951134522756,0.0,openalex_pure_math_1000
W4390950267,post_ai,2024,Mathematics,10,7.0,0.3,3.3972932904382493,0.2,0.4743208038704875,0.2,0.639031859650177,0.8733018159866333,0.2,openalex_pure_math_1000
W4390963618,post_ai,2024,Mathematics,5,4.0,0.4,2.4849066497880004,0.4,0.8953488372093024,0.0,-0.0,0.9176605343818665,0.4,openalex_pure_math_1000
W4390971814,post_ai,2024,Mathematics,13,5.0,0.3846153846153846,2.70805020110221,0.3846153846153846,0.8326732673267326,0.2307692307692307,0.5402041423888608,0.9295505652060876,0.3846153846153846,openalex_pure_math_1000
W4391024902,post_ai,2024,Mathematics,127,8.0,0.2598425196850393,2.70805020110221,0.3543307086614173,0.74,0.0078740157480314,0.0459861394043689,0.909916187834552,0.3543307086614173,openalex_pure_math_1000
W4391113092,post_ai,2024,Mathematics,3,5.0,0.0,3.1354942159291497,0.0,0.4,0.0,-0.0,0.9219987988471984,0.0,openalex_pure_math_1000
W4391126358,post_ai,2024,Mathematics,16,10.0,0.3125,3.480173864550654,0.1875,0.6867272268483472,0.375,1.2468296415485096,0.9055250398814678,0.1875,openalex_pure_math_1000
W4391127094,post_ai,2024,Mathematics,3,6.0,0.3333333333333333,1.0986122886681098,0.6666666666666666,0.9971988795518208,0.0,-0.0,0.932946801185608,0.6666666666666666,openalex_pure_math_1000
W4391247939,post_ai,2024,Mathematics,8,7.0,0.0,1.4978661367769954,0.75,0.7227722772277227,0.0,-0.0,0.913980968296528,0.75,openalex_pure_math_1000
W4391258063,post_ai,2024,Mathematics,4,31.0,0.0,3.617088589874924,0.0,0.5275590551181102,0.0,-0.0,0.9139617830514908,0.0,openalex_pure_math_1000
W4391258548,post_ai,2024,Mathematics,2,16.0,0.5,4.127914213640915,0.0,0.9770992366412212,0.0,-0.0,0.9066832661628724,0.0,openalex_pure_math_1000
W4391275239,post_ai,2024,Mathematics,4,11.5,0.25,2.255429753258425,0.5,0.8145161290322581,0.0,-0.0,0.9382024705410004,0.5,openalex_pure_math_1000
W4391321627,post_ai,2024,Mathematics,4,11.0,0.0,4.479462969347472,0.0,0.6365422396856582,0.0,-0.0,0.9428060948848724,0.0,openalex_pure_math_1000
W4391348852,post_ai,2024,Mathematics,13,5.0,0.3076923076923077,1.9459101490553128,0.5384615384615384,0.6927939317319848,0.0,-0.0,0.8898185583261343,0.5384615384615384,openalex_pure_math_1000
W4391351536,post_ai,2024,Mathematics,11,14.0,0.0909090909090909,3.6375861597263857,0.3636363636363636,0.6514598540145985,0.0909090909090909,0.3046360973492381,0.9374000809409402,0.3636363636363636,openalex_pure_math_1000
W4391450036,post_ai,2024,Mathematics,42,11.0,0.119047619047619,4.268791940531986,0.119047619047619,0.944305627005708,0.8571428571428571,1.4419932279337575,0.902308483918508,0.119047619047619,openalex_pure_math_1000
W4391522791,post_ai,2024,Mathematics,26,3.0,0.5384615384615384,2.5529727369502906,0.4230769230769231,0.6380466863429032,0.1923076923076923,0.4895518936229288,0.895461923800982,0.4230769230769231,openalex_pure_math_1000
W4391592741,post_ai,2024,Mathematics,9,12.0,0.0,4.07753744390572,0.0,0.7538161740824944,0.1111111111111111,0.3488320958430319,0.8673242264323764,0.0,openalex_pure_math_1000
W4391613826,post_ai,2024,Mathematics,17,18.0,0.0,3.610917912644224,0.1176470588235294,0.6865493587831792,0.8823529411764706,1.4976864074866398,0.8416861260638517,0.1176470588235294,openalex_pure_math_1000
W4391661982,post_ai,2023,Mathematics,6,2.5,0.8333333333333334,1.4978661367769954,0.8333333333333334,0.3636363636363636,1.0,1.5607104090414063,0.82655135790507,0.6666666666666666,openalex_pure_math_1000
W4391681882,post_ai,2024,Mathematics,6,8.5,0.1666666666666666,3.50334761341852,0.1666666666666666,0.5889145496535797,0.0,-0.0,0.9110623002052308,0.1666666666666666,openalex_pure_math_1000
W4391694397,post_ai,2024,Mathematics,3,2.0,0.6666666666666666,1.3862943611198906,1.0,0.6666666666666666,0.0,-0.0,0.9031763474146524,1.0,openalex_pure_math_1000
W4391696327,post_ai,2024,Mathematics,4,1.0,0.75,1.90333124488516,0.5,0.996352266805628,0.25,0.5623351446188083,0.8934581577777863,0.5,openalex_pure_math_1000
W4391696397,post_ai,2024,Mathematics,3,3.0,0.6666666666666666,2.19722457733622,0.3333333333333333,0.7352941176470589,0.0,-0.0,0.9701966047286988,0.3333333333333333,openalex_pure_math_1000
W4391746432,post_ai,2024,Mathematics,8,26.0,0.0,3.9869221879723433,0.125,0.3801261829652997,0.0,-0.0,0.90557199716568,0.125,openalex_pure_math_1000
W4391749790,post_ai,2024,Mathematics,22,9.5,0.3181818181818182,1.6094379124341005,0.5909090909090909,0.8931297709923665,0.0,-0.0,0.8620013106953014,0.5909090909090909,openalex_pure_math_1000
W4391761108,post_ai,2023,Mathematics,11,9.0,0.0,1.3862943611198906,0.8181818181818182,0.9704301075268816,0.0,-0.0,0.9389627359130166,0.8181818181818182,openalex_pure_math_1000
W4391786350,post_ai,2024,Mathematics,4,4.0,0.25,3.239254821104285,0.25,0.979124849458049,0.25,0.5623351446188083,0.916103094816208,0.25,openalex_pure_math_1000
W4391814498,post_ai,2024,Mathematics,20,5.5,0.3,3.4339872044851463,0.35,0.8328908065051444,0.55,1.465992299532178,0.8650487869977951,0.35,openalex_pure_math_1000
W4391815401,post_ai,2024,Mathematics,6,16.0,0.0,3.916403758262432,0.1666666666666666,0.4031563845050215,0.0,-0.0,0.9515269498030344,0.1666666666666666,openalex_pure_math_1000
W4391845778,post_ai,2024,Mathematics,5,7.0,0.2,2.079441541679836,0.6,0.6407766990291263,0.0,-0.0,0.8990661144256592,0.6,openalex_pure_math_1000
W4391871417,post_ai,2024,Mathematics,50,5.5,0.38,4.189654742026425,0.12,0.7139649555340318,1.0,0.6931471805599453,0.9116781902313232,0.12,openalex_pure_math_1000
W4391939953,post_ai,2024,Mathematics,7,8.0,0.0,3.218875824868201,0.0,0.2278481012658227,0.0,-0.0,0.9377480830465044,0.0,openalex_pure_math_1000
W4391961333,post_ai,2024,Mathematics,16,11.0,0.125,3.3784661946237766,0.3125,0.9458462001958272,0.375,1.1274832349932322,0.8517566323280334,0.25,openalex_pure_math_1000
W4392044784,post_ai,2024,Mathematics,7,11.0,0.0,3.80666248977032,0.0,0.908380373425966,0.0,-0.0,0.8842882513999939,0.0,openalex_pure_math_1000
W4392080704,post_ai,2024,Mathematics,8,20.5,0.125,3.9614929793555977,0.125,0.7981810307492421,0.0,-0.0,0.8741292357444763,0.125,openalex_pure_math_1000
W4392096251,post_ai,2024,Mathematics,4,11.5,0.25,3.751920373349476,0.25,0.9167063303188958,0.0,-0.0,0.8897068947553635,0.25,openalex_pure_math_1000
W4392180553,post_ai,2024,Mathematics,3,28.0,0.0,4.897839799950911,0.0,0.6869436201780416,0.0,-0.0,0.9077711900075276,0.0,openalex_pure_math_1000
W4392191465,post_ai,2024,Mathematics,12,10.0,0.0833333333333333,3.908812721526685,0.0833333333333333,0.9456497259965468,0.0833333333333333,0.2868359830561607,0.9126186668872832,0.0833333333333333,openalex_pure_math_1000
W4392288675,post_ai,2024,Mathematics,3,28.0,0.0,5.552959584921617,0.0,0.7793538219070134,0.3333333333333333,0.6365141682948128,0.8697094321250916,0.0,openalex_pure_math_1000
W4392306680,post_ai,2024,Mathematics,1,10.0,0.0,2.079441541679836,1.0,1.0,0.0,-0.0,0.945102035999298,1.0,openalex_pure_math_1000
W4392368887,post_ai,2024,Mathematics,11,25.0,0.0,2.833213344056216,0.1818181818181818,0.6508620689655172,0.0909090909090909,0.3046360973492381,0.9100482518022712,0.1818181818181818,openalex_pure_math_1000
W4392594071,post_ai,2024,Mathematics,9,16.0,0.1111111111111111,3.5263605246161616,0.1111111111111111,0.8539376262059681,0.2222222222222222,0.6837389058487535,0.888424793879191,0.1111111111111111,openalex_pure_math_1000
W4392635288,post_ai,2023,Mathematics,9,8.0,0.2222222222222222,1.6094379124341005,0.7777777777777778,0.3076923076923077,0.0,-0.0,0.9310228294796414,0.7777777777777778,openalex_pure_math_1000
W4392651574,post_ai,2024,Mathematics,4,14.0,0.0,2.12424762102468,0.5,0.8536585365853658,0.25,0.5623351446188083,0.9297745376825332,0.5,openalex_pure_math_1000
W4392757374,post_ai,2024,Mathematics,9,18.0,0.0,3.80666248977032,0.2222222222222222,0.5076804915514593,0.0,-0.0,0.9131098323398166,0.2222222222222222,openalex_pure_math_1000
W4392757513,post_ai,2024,Mathematics,12,8.0,0.1666666666666666,2.6364997792818734,0.25,0.839110686110447,0.0,-0.0,0.8946447819471359,0.25,openalex_pure_math_1000
W4392782079,post_ai,2024,Mathematics,7,18.0,0.0,3.1354942159291497,0.0,0.5913312693498453,0.1428571428571428,0.410116318288409,0.8940308179174151,0.0,openalex_pure_math_1000
W4392782098,post_ai,2024,Mathematics,5,23.0,0.0,4.02535169073515,0.0,0.4850498338870432,0.0,-0.0,0.8918296098709106,0.0,openalex_pure_math_1000
W4392787531,post_ai,2024,Mathematics,21,3.0,0.7619047619047619,2.70805020110221,0.3333333333333333,0.8362162162162162,0.1428571428571428,0.5010469137590966,0.9051454123996552,0.3333333333333333,openalex_pure_math_1000
W4392842595,post_ai,2024,Mathematics,1,2.0,1.0,0.6931471805599453,1.0,1.0,0.0,-0.0,0.9092062711715698,1.0,openalex_pure_math_1000
W4392842893,post_ai,2024,Mathematics,2,12.5,0.0,3.2610463990850764,0.0,0.6346153846153846,0.0,-0.0,0.932820439338684,0.0,openalex_pure_math_1000
W4392876997,post_ai,2023,Mathematics,10,15.0,0.2,3.0868930519509683,0.4,0.4305418719211822,0.2,0.5004024235381879,0.9333901822566986,0.4,openalex_pure_math_1000
W4392909168,post_ai,2024,Mathematics,88,7.0,0.2613636363636363,4.189539944643301,0.0795454545454545,0.5786758991026637,0.7386363636363636,0.712626181464906,0.8983813693577593,0.0795454545454545,openalex_pure_math_1000
W4392911992,post_ai,2024,Mathematics,8,8.0,0.375,3.330927370272656,0.125,0.4747039827771798,0.875,1.2554823251787537,0.8563073724508286,0.125,openalex_pure_math_1000
W4392918622,post_ai,2024,Mathematics,25,15.0,0.16,4.290459441148391,0.04,0.4688149688149688,0.2,0.6904565313848348,0.8774186348915101,0.04,openalex_pure_math_1000
W4393029199,post_ai,2024,Mathematics,6,18.0,0.0,4.422816628170093,0.0,0.3663522012578616,0.0,-0.0,0.8902632296085358,0.0,openalex_pure_math_1000
W4393034755,post_ai,2024,Mathematics,10,27.0,0.0,4.0829660686607925,0.0,0.6190269331016507,0.0,-0.0,0.8685328781604766,0.0,openalex_pure_math_1000
W4393045950,post_ai,2024,Mathematics,3,64.0,0.0,3.912023005428146,0.3333333333333333,0.9094076655052264,0.0,-0.0,0.8644167383511862,0.3333333333333333,openalex_pure_math_1000
W4393083844,post_ai,2024,Mathematics,23,22.0,0.0,4.31748811353631,0.0869565217391304,0.6664092664092665,0.0434782608695652,0.1788449127168475,0.8920104685037032,0.0869565217391304,openalex_pure_math_1000
W4393142770,post_ai,2024,Mathematics,17,5.0,0.2941176470588235,2.302585092994046,0.4705882352941176,0.863662960795787,0.0,-0.0,0.888268390122582,0.4705882352941176,openalex_pure_math_1000
W4393143435,post_ai,2023,Mathematics,14,21.0,0.2142857142857142,2.3502401828962083,0.5,0.5300448430493273,0.0714285714285714,0.2573186405438316,0.9207223185471126,0.5,openalex_pure_math_1000
W4393190058,post_ai,2024,Mathematics,23,4.0,0.4782608695652174,1.6094379124341005,0.7391304347826086,0.8322259136212624,0.0,-0.0,0.9506413236908292,0.7391304347826086,openalex_pure_math_1000
W4393227888,post_ai,2024,Mathematics,3,3.0,1.0,1.6094379124341005,0.6666666666666666,0.7,0.3333333333333333,0.6365141682948128,0.8272080620129904,0.3333333333333333,openalex_pure_math_1000
W4393256875,post_ai,2024,Mathematics,9,2.0,0.6666666666666666,1.791759469228055,0.6666666666666666,0.8014888337468983,0.0,-0.0,0.9211640026834276,0.6666666666666666,openalex_pure_math_1000
W4393374769,post_ai,2024,Mathematics,11,7.0,0.0909090909090909,2.995732273553991,0.2727272727272727,0.5377720870678617,0.1818181818181818,0.6001660731596457,0.9113240404562516,0.1818181818181818,openalex_pure_math_1000
W4393900741,post_ai,2024,Mathematics,9,12.0,0.1111111111111111,4.356708826689592,0.1111111111111111,0.3228228228228228,0.0,-0.0,0.8521349098947313,0.1111111111111111,openalex_pure_math_1000
W4393935277,post_ai,2024,Mathematics,15,6.0,0.4666666666666667,2.5649493574615367,0.3333333333333333,0.6134020618556701,0.2666666666666666,0.5799151714181009,0.9003359953562419,0.3333333333333333,openalex_pure_math_1000
W4393940845,post_ai,2024,Mathematics,9,8.0,0.0,3.1780538303479458,0.0,0.4904458598726114,0.0,-0.0,0.9144792026943632,0.0,openalex_pure_math_1000
W4393970919,post_ai,2024,Mathematics,16,9.0,0.0625,2.6020033435383976,0.3125,0.5264705882352941,0.1875,0.6019239717322894,0.9134544171392918,0.3125,openalex_pure_math_1000
W4393994914,post_ai,2024,Mathematics,8,12.0,0.25,3.389960953736126,0.125,0.6897058823529412,0.0,-0.0,0.9364765733480452,0.125,openalex_pure_math_1000
W4394006660,post_ai,2024,Mathematics,6,9.5,0.3333333333333333,2.178354413344796,0.5,0.5436241610738255,0.0,-0.0,0.9325706859429678,0.5,openalex_pure_math_1000
W4394578129,post_ai,2024,Mathematics,36,9.0,0.0555555555555555,4.032318237887111,0.0,0.9882512658065729,0.8055555555555556,1.4758697340916116,0.8786946137746176,0.0,openalex_pure_math_1000
W4394619382,post_ai,2024,Mathematics,4,7.0,0.0,2.393745871391024,0.25,0.8032786885245902,0.5,1.039720770839918,0.8817830234766006,0.25,openalex_pure_math_1000
W4394760823,post_ai,2024,Mathematics,17,14.0,0.1764705882352941,4.007333185232471,0.2352941176470588,0.4940334128878281,0.1176470588235294,0.4437572842601484,0.8900505058905658,0.2352941176470588,openalex_pure_math_1000
W4394785817,post_ai,2024,Mathematics,10,15.5,0.2,3.6495607313554,0.2,0.417910447761194,0.0,-0.0,0.9014681518077852,0.2,openalex_pure_math_1000
W4394795800,post_ai,2024,Mathematics,6,22.5,0.0,3.174569495689899,0.1666666666666666,0.9461221688400824,0.0,-0.0,0.9079709649086,0.1666666666666666,openalex_pure_math_1000
W4394819328,post_ai,2024,Mathematics,4,21.0,0.0,2.666359396632685,0.25,0.7551020408163265,0.0,-0.0,0.8981824219226837,0.25,openalex_pure_math_1000
W4394841357,post_ai,2024,Mathematics,10,10.5,0.0,1.7776740307447068,0.6,0.4105263157894737,0.0,-0.0,0.9335212171077728,0.6,openalex_pure_math_1000
W4394883923,post_ai,2024,Mathematics,7,3.0,0.5714285714285714,2.302585092994046,0.4285714285714285,0.4101382488479262,0.1428571428571428,0.410116318288409,0.8974354352269854,0.4285714285714285,openalex_pure_math_1000
W4394884272,post_ai,2024,Mathematics,8,18.5,0.125,2.452637389219215,0.375,0.5753846153846154,0.0,-0.0,0.9035833105444908,0.375,openalex_pure_math_1000
W4394898728,post_ai,2023,Mathematics,33,5.0,0.2727272727272727,2.8903717578961645,0.2121212121212121,0.6722151088348272,0.2424242424242424,0.6451964504030799,0.9210248174089374,0.2121212121212121,openalex_pure_math_1000
W4394909152,post_ai,2024,Mathematics,4,9.0,0.25,1.2424533248940002,1.0,0.5454545454545454,0.25,0.5623351446188083,0.9206734001636504,1.0,openalex_pure_math_1000
W4394922006,post_ai,2024,Mathematics,4,9.5,0.0,2.871501593904741,0.0,0.6198347107438017,0.0,-0.0,0.8711079508066177,0.0,openalex_pure_math_1000
W4394949102,post_ai,2024,Mathematics,14,2.0,0.7142857142857143,1.791759469228055,0.5714285714285714,0.7424892703862661,0.1428571428571428,0.410116318288409,0.8999650052615574,0.5714285714285714,openalex_pure_math_1000
W4394952412,post_ai,2024,Mathematics,8,7.0,0.125,2.2499048351651325,0.375,0.8351539225422046,0.25,0.5623351446188083,0.8737911581993103,0.375,openalex_pure_math_1000
W4395006069,post_ai,2024,Mathematics,2,7.5,0.0,2.484906649788,0.5,0.7083333333333334,0.0,-0.0,0.9654152393341064,0.5,openalex_pure_math_1000
W4395018159,post_ai,2024,Mathematics,8,2.0,1.0,1.9356005054539451,0.625,0.4,0.125,0.3767701612564367,0.9428732469677924,0.625,openalex_pure_math_1000
W4395026078,post_ai,2024,Mathematics,9,11.0,0.2222222222222222,3.58351893845611,0.1111111111111111,0.8198924731182796,0.4444444444444444,0.6869615765973234,0.8617940412627326,0.1111111111111111,openalex_pure_math_1000
W4395029519,post_ai,2024,Mathematics,7,6.0,0.4285714285714285,2.995732273553991,0.1428571428571428,0.4412864622288706,0.2857142857142857,0.7963116401738131,0.8841769439833504,0.1428571428571428,openalex_pure_math_1000
W4395467051,post_ai,2024,Mathematics,6,17.5,0.0,2.8995463272302637,0.1666666666666666,0.4813432835820895,0.0,-0.0,0.9046372175216676,0.1666666666666666,openalex_pure_math_1000
W4395663705,post_ai,2024,Mathematics,9,5.0,0.2222222222222222,1.6094379124341005,0.5555555555555556,0.7213375796178344,0.1111111111111111,0.3488320958430319,0.916331794526842,0.5555555555555556,openalex_pure_math_1000
W4395667230,post_ai,2024,Mathematics,7,11.0,0.2857142857142857,2.19722457733622,0.4285714285714285,0.3979893554109994,0.0,-0.0,0.9295516610145568,0.4285714285714285,openalex_pure_math_1000
W4395673270,post_ai,2024,Mathematics,8,13.5,0.0,4.123479016284088,0.0,0.2463295269168026,0.0,-0.0,0.9282931610941888,0.0,openalex_pure_math_1000
W4396228719,post_ai,2024,Mathematics,8,15.5,0.25,3.742745804015377,0.375,0.945010433288327,0.125,0.3767701612564367,0.9117929488420486,0.375,openalex_pure_math_1000
W4396241168,post_ai,2024,Mathematics,11,12.0,0.0,3.044522437723423,0.1818181818181818,0.7667016439314446,0.1818181818181818,0.6001660731596457,0.8664681423794139,0.1818181818181818,openalex_pure_math_1000
W4396496104,post_ai,2024,Mathematics,7,26.0,0.0,2.772588722239781,0.1428571428571428,0.8639705882352942,0.2857142857142857,0.5982695885852573,0.894691697188786,0.1428571428571428,openalex_pure_math_1000
W4396568092,post_ai,2024,Mathematics,7,2.0,0.7142857142857143,1.791759469228055,0.7142857142857143,0.7238962859145059,0.0,-0.0,0.8662534015519279,0.7142857142857143,openalex_pure_math_1000
W4396596389,post_ai,2024,Mathematics,17,8.0,0.2352941176470588,3.784189633918261,0.1764705882352941,0.8152231904677218,0.5882352941176471,1.2324052234657892,0.8892134077408734,0.1764705882352941,openalex_pure_math_1000
W4396608516,post_ai,2024,Mathematics,2,6.5,0.0,2.6735537653587342,0.5,0.8285714285714286,0.0,-0.0,0.899179607629776,0.5,openalex_pure_math_1000
W4396677384,post_ai,2024,Mathematics,6,22.5,0.0,2.5649493574615367,0.0,0.5042016806722689,0.0,-0.0,0.9083215196927388,0.0,openalex_pure_math_1000
W4396685621,post_ai,2024,Mathematics,21,14.0,0.1428571428571428,3.688879454113936,0.238095238095238,0.5761421319796954,0.0952380952380952,0.3144922012814106,0.8843495874177842,0.238095238095238,openalex_pure_math_1000
W4396701709,post_ai,2024,Mathematics,17,8.0,0.2352941176470588,3.367295829986474,0.1764705882352941,0.4471959213401311,0.1176470588235294,0.4437572842601484,0.8960137402310091,0.1176470588235294,openalex_pure_math_1000
W4396702206,post_ai,2024,Mathematics,10,20.5,0.1,3.00194353355327,0.2,0.6412652767792955,0.0,-0.0,0.8901180326938629,0.2,openalex_pure_math_1000
W4396854789,post_ai,2024,Mathematics,6,7.5,0.3333333333333333,2.19722457733622,0.3333333333333333,0.620253164556962,0.0,-0.0,0.9132225116093954,0.3333333333333333,openalex_pure_math_1000
W4396878876,post_ai,2023,Mathematics,10,4.0,0.4,1.3195286648076292,0.6,0.2933333333333333,0.1,0.3250829733914482,0.8915135264396667,0.6,openalex_pure_math_1000
W4396957637,post_ai,2024,Mathematics,10,4.0,0.3,1.9356005054539451,0.6,0.951706374758532,1.0,0.9404479886553264,0.7778400838375091,0.3,openalex_pure_math_1000
W4396975708,post_ai,2024,Mathematics,39,2.0,0.6153846153846154,3.367295829986474,0.1794871794871795,0.9871567282605772,0.3846153846153846,1.046337759449366,0.8558068672815958,0.1538461538461538,openalex_pure_math_1000
W4397002674,post_ai,2024,Mathematics,27,10.0,0.037037037037037,3.9318256327243257,0.1481481481481481,0.3887566924449732,0.0,-0.0,0.9262315145245305,0.1481481481481481,openalex_pure_math_1000
W4397011304,post_ai,2024,Mathematics,11,9.0,0.2727272727272727,2.833213344056216,0.2727272727272727,0.73502722323049,0.0,-0.0,0.8869632645086809,0.2727272727272727,openalex_pure_math_1000
W4398192383,post_ai,2025,Mathematics,4,10.5,0.25,3.451873628792299,0.5,0.8477865372953305,0.0,-0.0,0.9178930819034576,0.5,openalex_pure_math_1000
W4398224887,post_ai,2024,Mathematics,4,16.0,0.25,3.4923581600591325,0.25,0.9735764793449944,1.0,1.039720770839918,0.8916953206062317,0.25,openalex_pure_math_1000
W4398247511,post_ai,2024,Mathematics,5,7.0,0.2,4.23410650459726,0.2,0.7849604221635884,0.0,-0.0,0.9030452132225036,0.2,openalex_pure_math_1000
W4398255397,post_ai,2024,Mathematics,46,15.0,0.0,3.871201010907891,0.1521739130434782,0.466618979494516,0.0869565217391304,0.3443379000998386,0.9156170889087344,0.1521739130434782,openalex_pure_math_1000
W4398783749,post_ai,2024,Mathematics,6,16.0,0.0,4.257795955024632,0.0,0.6118363794604004,0.3333333333333333,0.8675632284814612,0.8928158283233643,0.0,openalex_pure_math_1000
W4398789714,post_ai,2023,Mathematics,6,13.5,0.0,3.908812721526685,0.0,0.4866412213740458,0.0,-0.0,0.9031903843084972,0.0,openalex_pure_math_1000
W4398789725,post_ai,2023,Mathematics,12,9.5,0.3333333333333333,3.0546237913821828,0.4166666666666667,0.831275720164609,0.0833333333333333,0.2868359830561607,0.9006778548161188,0.4166666666666667,openalex_pure_math_1000
W4399026204,post_ai,2025,Mathematics,7,16.0,0.1428571428571428,3.044522437723423,0.1428571428571428,0.4749536178107607,0.7142857142857143,1.078992207877583,0.8382038218634469,0.1428571428571428,openalex_pure_math_1000
W4399121994,post_ai,2024,Mathematics,3,13.0,0.0,5.883322388488279,0.0,0.5709342560553633,1.0,0.6365141682948128,0.9147152702013652,0.0,openalex_pure_math_1000
W4399147564,post_ai,2023,Mathematics,14,2.0,0.6428571428571429,0.8958797346140275,0.8571428571428571,0.6136363636363636,0.0714285714285714,0.2573186405438316,0.8981127185480935,0.8571428571428571,openalex_pure_math_1000
W4399153395,post_ai,2024,Mathematics,23,14.0,0.1304347826086956,4.158883083359672,0.217391304347826,0.7464469307529483,0.0434782608695652,0.1788449127168475,0.8849604959073274,0.217391304347826,openalex_pure_math_1000
W4399172262,post_ai,2024,Mathematics,10,12.0,0.0,3.849921203698493,0.0,0.3811881188118812,0.1,0.3250829733914482,0.8987973213195801,0.0,openalex_pure_math_1000
W4399215897,post_ai,2024,Mathematics,3,3.0,0.6666666666666666,1.3862943611198906,1.0,0.6,0.3333333333333333,0.6365141682948128,0.9197715918223064,1.0,openalex_pure_math_1000
W4399237876,post_ai,2024,Mathematics,4,2.0,1.0,2.2154083994216567,0.5,0.375,0.0,-0.0,0.9160087704658508,0.5,openalex_pure_math_1000
W4399243210,post_ai,2023,Mathematics,8,13.0,0.25,4.791434489919041,0.25,0.7967815143387662,0.5,0.9743147528693494,0.8441178947687149,0.25,openalex_pure_math_1000
W4399358989,post_ai,2024,Mathematics,4,18.5,0.0,3.727649242841645,0.5,0.7214912280701754,0.25,0.5623351446188083,0.8645970821380615,0.25,openalex_pure_math_1000
W4399381262,post_ai,2024,Mathematics,25,14.0,0.08,3.5263605246161616,0.2,0.4365841334007074,0.0,-0.0,0.9034340238571168,0.2,openalex_pure_math_1000
W4399385364,post_ai,2024,Mathematics,67,11.0,0.0597014925373134,3.912023005428146,0.0298507462686567,0.98468811363758,0.6268656716417911,1.7953296525673847,0.863176250635688,0.0149253731343283,openalex_pure_math_1000
W4399442018,post_ai,2024,Mathematics,11,11.0,0.2727272727272727,2.6390573296152584,0.2727272727272727,0.5038461538461538,0.0,-0.0,0.9316111857240852,0.2727272727272727,openalex_pure_math_1000
W4399492591,post_ai,2024,Mathematics,13,17.0,0.0,3.5263605246161616,0.0769230769230769,0.4867872044506258,0.0,-0.0,0.9279167973078214,0.0769230769230769,openalex_pure_math_1000
W4399551841,post_ai,2024,Mathematics,31,17.0,0.2258064516129032,2.9444389791664403,0.3870967741935484,0.6282617422721799,0.2903225806451613,0.9807574129995512,0.868620551401569,0.3870967741935484,openalex_pure_math_1000
W4399571141,post_ai,2024,Mathematics,54,11.0,0.1481481481481481,4.386692298388324,0.1666666666666666,0.8922091782283885,0.4259259259259259,1.5327461169920444,0.8494087369353683,0.1666666666666666,openalex_pure_math_1000
W4399576854,post_ai,2024,Mathematics,21,28.0,0.0,2.995732273553991,0.1904761904761904,0.8557710773958134,0.1428571428571428,0.5670609309552819,0.8695107102394104,0.1904761904761904,openalex_pure_math_1000
W4399671578,post_ai,2024,Mathematics,6,21.0,0.1666666666666666,2.9647945716949478,0.5,0.9073608617594257,0.0,-0.0,0.9058549205462136,0.5,openalex_pure_math_1000
W4399725632,post_ai,2024,Mathematics,5,25.0,0.0,3.912023005428146,0.2,0.5689119170984456,0.6,1.0549201679861442,0.8225106120109558,0.2,openalex_pure_math_1000
W4399731262,post_ai,2024,Mathematics,9,17.0,0.2222222222222222,3.7612001156935615,0.1111111111111111,0.1838790931989924,0.0,-0.0,0.9262147479587132,0.1111111111111111,openalex_pure_math_1000
W4399743632,post_ai,2024,Mathematics,3,20.0,0.0,1.0986122886681098,0.6666666666666666,0.8787878787878788,0.6666666666666666,0.6365141682948128,0.919879953066508,0.6666666666666666,openalex_pure_math_1000
W4399810176,post_ai,2024,Mathematics,6,18.5,0.0,6.665601760479545,0.0,0.354041651959054,0.3333333333333333,0.6365141682948128,0.9144381483395896,0.0,openalex_pure_math_1000
W4399846542,post_ai,2024,Mathematics,9,16.0,0.0,3.1780538303479458,0.2222222222222222,0.3341463414634146,0.3333333333333333,0.8486855577264172,0.8770422869258456,0.2222222222222222,openalex_pure_math_1000
W4399879498,post_ai,2024,Mathematics,7,1.0,1.0,2.19722457733622,0.4285714285714285,0.3866666666666666,0.1428571428571428,0.410116318288409,0.9358556696346828,0.4285714285714285,openalex_pure_math_1000
W4399890330,post_ai,2024,Mathematics,17,8.0,0.2941176470588235,2.302585092994046,0.4117647058823529,0.4517184942716857,0.1176470588235294,0.362210557135449,0.8952513126765981,0.4117647058823529,openalex_pure_math_1000
W4399908033,post_ai,2024,Mathematics,4,21.0,0.0,3.246119917510236,0.5,0.6541471048513302,0.25,0.5623351446188083,0.8850338757038116,0.5,openalex_pure_math_1000
W4399917531,post_ai,2024,Mathematics,3,17.0,0.0,5.017279836814924,0.0,0.5089514066496164,0.6666666666666666,1.0986122886681096,0.8949992458025614,0.0,openalex_pure_math_1000
W4399918483,post_ai,2024,Mathematics,4,9.0,0.0,2.178354413344796,0.5,0.4571428571428571,0.25,0.5623351446188083,0.9029788821935654,0.5,openalex_pure_math_1000
W4399922499,post_ai,2024,Mathematics,6,18.5,0.0,3.8007011672918662,0.3333333333333333,0.4659340659340659,0.1666666666666666,0.4505612088663046,0.8916555643081665,0.3333333333333333,openalex_pure_math_1000
W4399942982,post_ai,2024,Mathematics,58,9.0,0.2413793103448276,3.384246605824315,0.2068965517241379,0.9668929503916448,0.7068965517241379,1.5112395932139338,0.8553448596905018,0.2068965517241379,openalex_pure_math_1000
W4399982121,post_ai,2024,Mathematics,36,14.5,0.1944444444444444,3.60945485380953,0.1666666666666666,0.8033209918097162,0.1388888888888889,0.4964152005071168,0.8946265594826804,0.1666666666666666,openalex_pure_math_1000
W4399984989,post_ai,2024,Mathematics,4,4.0,0.5,2.7917481543908496,0.0,0.9099307159353348,0.25,0.5623351446188083,0.913110539317131,0.0,openalex_pure_math_1000
W4400003528,post_ai,2024,Mathematics,12,4.5,0.4166666666666667,1.3862943611198906,0.75,0.9441340782122905,0.0,-0.0,0.9215130656957626,0.75,openalex_pure_math_1000
W4400039714,post_ai,2024,Mathematics,46,9.5,0.1521739130434782,4.254378856297568,0.0869565217391304,0.7854434052660701,0.6304347826086957,1.435597986263537,0.8644931290460669,0.0869565217391304,openalex_pure_math_1000
W4400065328,post_ai,2024,Mathematics,5,15.0,0.0,1.6094379124341005,0.6,0.7899159663865546,0.4,0.9502705392332348,0.8964843869209289,0.6,openalex_pure_math_1000
W4400088323,post_ai,2024,Mathematics,5,11.0,0.2,2.70805020110221,0.2,0.8446601941747572,0.2,0.5004024235381879,0.8878867626190186,0.2,openalex_pure_math_1000
W4400089347,post_ai,2024,Mathematics,6,9.5,0.1666666666666666,3.5015327293932312,0.1666666666666666,0.5477568740955138,0.0,-0.0,0.8292843401432037,0.1666666666666666,openalex_pure_math_1000
W4400119737,post_ai,2024,Mathematics,6,10.5,0.0,2.1910133173369406,0.5,0.6517857142857143,0.0,-0.0,0.9401566584904988,0.5,openalex_pure_math_1000
W4400134061,post_ai,2024,Mathematics,6,8.0,0.3333333333333333,1.0986122886681098,0.8333333333333334,0.7096774193548387,0.5,1.0114042647073516,0.9205963015556335,0.8333333333333334,openalex_pure_math_1000
W4400173442,post_ai,2024,Mathematics,8,10.0,0.0,3.4396779022302195,0.25,0.6571834992887624,0.0,-0.0,0.8605154603719711,0.25,openalex_pure_math_1000
W4400205789,post_ai,2024,Mathematics,23,3.0,0.6521739130434783,2.302585092994046,0.4782608695652174,0.4851485148514851,0.0,-0.0,0.9202276908833048,0.4782608695652174,openalex_pure_math_1000
W4400205791,post_ai,2024,Mathematics,30,3.5,0.5,2.5649493574615367,0.3333333333333333,0.554337899543379,0.0666666666666666,0.2449300267946353,0.8960071365038554,0.3333333333333333,openalex_pure_math_1000
W4400271940,post_ai,2024,Mathematics,12,17.5,0.0,4.118210263632696,0.0833333333333333,0.7320366132723112,0.5,1.3143738430069454,0.8338261793057123,0.0,openalex_pure_math_1000
W4400291200,post_ai,2024,Mathematics,21,1.0,0.7619047619047619,1.3862943611198906,0.7142857142857143,0.9527439024390244,0.0476190476190476,0.1914440819577173,0.9092529841831752,0.7142857142857143,openalex_pure_math_1000
W4400306529,post_ai,2024,Mathematics,7,5.0,0.2857142857142857,2.8903717578961645,0.4285714285714285,0.6105769230769231,0.0,-0.0,0.9436443703515188,0.4285714285714285,openalex_pure_math_1000
W4400332015,post_ai,2024,Mathematics,10,2.5,0.6,1.9356005054539451,0.6,0.3670886075949367,0.2,0.639031859650177,0.950035399198532,0.6,openalex_pure_math_1000
W4400350044,post_ai,2024,Mathematics,25,21.0,0.04,3.5263605246161616,0.16,0.8747767414169478,0.76,1.4565207599982064,0.8871850562095642,0.16,openalex_pure_math_1000
W4400406672,post_ai,2024,Mathematics,5,20.0,0.0,6.054439346269371,0.0,0.29484425349087,0.6,1.0549201679861442,0.8840551018714905,0.0,openalex_pure_math_1000
W4400422252,post_ai,2024,Mathematics,9,7.0,0.2222222222222222,2.4849066497880004,0.3333333333333333,0.3370786516853932,0.8888888888888888,1.310783678099714,0.8738352126545377,0.3333333333333333,openalex_pure_math_1000
W4400445488,post_ai,2024,Mathematics,5,12.0,0.0,3.4339872044851463,0.2,0.8155339805825242,0.0,-0.0,0.9397167682647704,0.2,openalex_pure_math_1000
W4400450615,post_ai,2024,Mathematics,12,15.0,0.0833333333333333,2.888826161611328,0.25,0.9074778200253484,0.0,-0.0,0.8835960129896799,0.25,openalex_pure_math_1000
W4400509633,post_ai,2024,Mathematics,25,21.0,0.04,4.564348191467836,0.12,0.5293928686154834,0.0,-0.0,0.8954701232910156,0.12,openalex_pure_math_1000
W4400520348,post_ai,2024,Mathematics,6,7.5,0.0,2.094827371013213,0.5,0.5206611570247934,1.0,0.6365141682948128,0.869488517443339,0.5,openalex_pure_math_1000
W4400526150,post_ai,2024,Mathematics,15,8.0,0.3333333333333333,3.610917912644224,0.2,0.6725206611570248,0.1333333333333333,0.3926744672275521,0.9168349146842956,0.2,openalex_pure_math_1000
W4400558823,post_ai,2024,Mathematics,25,8.0,0.2,3.9889840465642745,0.24,0.5602955995969097,0.0,-0.0,0.9161431860923768,0.24,openalex_pure_math_1000
W4400581716,post_ai,2024,Mathematics,7,22.0,0.0,4.356708826689592,0.2857142857142857,0.6321167883211679,0.2857142857142857,0.5982695885852573,0.883050296987806,0.2857142857142857,openalex_pure_math_1000
W4400585789,post_ai,2024,Mathematics,12,11.0,0.1666666666666666,2.727660557678851,0.4166666666666667,0.9255068363979256,0.1666666666666666,0.5660857389596289,0.9272157847881316,0.4166666666666667,openalex_pure_math_1000
W4400589252,post_ai,2024,Mathematics,3,25.0,0.0,3.9889840465642745,0.0,0.3925925925925926,0.3333333333333333,0.6365141682948128,0.8900897105534872,0.0,openalex_pure_math_1000
W4400643782,post_ai,2024,Mathematics,10,6.0,0.3,3.239254821104285,0.2,0.6540608428691042,0.2,0.639031859650177,0.90085289478302,0.2,openalex_pure_math_1000
W4400659130,post_ai,2024,Mathematics,5,1.0,0.8,1.3862943611198906,0.8,0.859375,0.2,0.5004024235381879,0.9171264290809632,0.8,openalex_pure_math_1000
W4400664842,post_ai,2024,Mathematics,3,44.0,0.0,4.02535169073515,0.0,0.8562367864693446,0.6666666666666666,0.6365141682948128,0.8758197824160258,0.0,openalex_pure_math_1000
W4400688525,post_ai,2024,Mathematics,8,10.0,0.25,2.70805020110221,0.375,0.3837330552659019,0.125,0.3767701612564367,0.8117140531539917,0.25,openalex_pure_math_1000
W4400697971,post_ai,2024,Mathematics,6,6.5,0.3333333333333333,2.9753212762938634,0.3333333333333333,0.3076923076923077,0.0,-0.0,0.9318608343601228,0.3333333333333333,openalex_pure_math_1000
W4400738966,post_ai,2024,Mathematics,9,29.0,0.0,4.219507705176107,0.0,0.4807799442896936,0.0,-0.0,0.8921854760911729,0.0,openalex_pure_math_1000
W4400833546,post_ai,2024,Mathematics,6,4.0,0.5,1.1512925464970227,0.6666666666666666,0.7375,0.0,-0.0,0.9410458207130432,0.6666666666666666,openalex_pure_math_1000
W4400914590,post_ai,2024,Mathematics,49,11.0,0.0612244897959183,4.983606621708336,0.0,0.5408611311357232,1.0,-0.0,0.871818271218514,0.0,openalex_pure_math_1000
W4400917839,post_ai,2024,Mathematics,11,10.0,0.0,3.49650756146648,0.2727272727272727,0.5473684210526316,0.0,-0.0,0.946768110448664,0.2727272727272727,openalex_pure_math_1000
W4400929602,post_ai,2024,Mathematics,14,4.5,0.4285714285714285,2.34106561356211,0.4285714285714285,0.6915887850467289,0.0714285714285714,0.2573186405438316,0.899307838508061,0.4285714285714285,openalex_pure_math_1000
W4400944934,post_ai,2024,Mathematics,3,45.0,0.0,3.258096538021482,0.3333333333333333,0.582089552238806,0.0,-0.0,0.9348227977752686,0.3333333333333333,openalex_pure_math_1000
W4401005778,post_ai,2024,Mathematics,8,29.0,0.125,3.5773076784568314,0.25,0.6535904255319149,0.125,0.3767701612564367,0.8651165887713432,0.25,openalex_pure_math_1000
W4401100091,post_ai,2024,Mathematics,6,9.5,0.0,4.207026216248362,0.1666666666666666,0.8686960472512494,0.6666666666666666,1.329661348854758,0.7732918163140615,0.1666666666666666,openalex_pure_math_1000
W4401148161,post_ai,2024,Mathematics,17,23.0,0.0,2.833213344056216,0.2352941176470588,0.8801752464403066,0.2352941176470588,0.7902347553432827,0.8384703888612635,0.2352941176470588,openalex_pure_math_1000
W4401155166,post_ai,2024,Mathematics,3,8.0,0.0,3.871201010907891,0.0,0.6099290780141844,1.0,0.6365141682948128,0.8825852274894714,0.0,openalex_pure_math_1000
W4401192956,post_ai,2024,Mathematics,5,9.0,0.0,4.61512051684126,0.0,0.8206369426751592,0.2,0.5004024235381879,0.8748573303222656,0.0,openalex_pure_math_1000
W4401269229,post_ai,2024,Mathematics,5,9.0,0.2,2.6390573296152584,0.2,0.9423592493297588,0.4,0.6730116670092565,0.8458061814308167,0.2,openalex_pure_math_1000
W4401287958,post_ai,2024,Mathematics,22,14.5,0.0909090909090909,4.711716793718446,0.1363636363636363,0.4971762048192771,0.0454545454545454,0.1849073991677756,0.9057072455232794,0.1363636363636363,openalex_pure_math_1000
W4401308160,post_ai,2024,Mathematics,8,7.5,0.5,2.12424762102468,0.5,0.7147707979626485,0.25,0.7356219397587946,0.856703445315361,0.5,openalex_pure_math_1000
W4401315413,post_ai,2024,Mathematics,7,18.0,0.1428571428571428,4.61512051684126,0.1428571428571428,0.5346820809248555,0.1428571428571428,0.410116318288409,0.8989189948354449,0.1428571428571428,openalex_pure_math_1000
W4401350786,post_ai,2025,Mathematics,8,12.5,0.0,2.3502401828962083,0.375,0.78748370273794,0.0,-0.0,0.8715046644210815,0.375,openalex_pure_math_1000
W4401371685,post_ai,2024,Mathematics,5,1.0,0.6,0.6931471805599453,0.6,0.8554216867469879,0.2,0.5004024235381879,0.8825430631637573,0.6,openalex_pure_math_1000
W4401377066,post_ai,2024,Mathematics,10,3.5,0.5,2.19722457733622,0.4,0.3125,0.1,0.3250829733914482,0.8954567313194275,0.4,openalex_pure_math_1000
W4401480714,post_ai,2024,Mathematics,8,15.0,0.375,2.827995905409926,0.375,0.447653429602888,0.0,-0.0,0.9125484377145768,0.375,openalex_pure_math_1000
W4401551356,post_ai,2024,Mathematics,2,10.5,0.0,1.90333124488516,0.5,0.6666666666666666,0.5,0.6931471805599453,0.9012416303157806,0.5,openalex_pure_math_1000
W4401553680,post_ai,2024,Mathematics,29,9.0,0.1379310344827586,4.143134726391533,0.0689655172413793,0.7935010482180294,0.4827586206896552,1.3056647436278566,0.885764728332388,0.0689655172413793,openalex_pure_math_1000
W4401569054,post_ai,2024,Mathematics,5,7.0,0.0,1.9459101490553128,0.6,0.8220640569395018,0.0,-0.0,0.9391047596931458,0.6,openalex_pure_math_1000
W4401577639,post_ai,2024,Mathematics,18,12.0,0.1666666666666666,3.496048213707944,0.1111111111111111,0.5635093845482322,0.0,-0.0,0.8796589838133918,0.1111111111111111,openalex_pure_math_1000
W4401579607,post_ai,2024,Mathematics,13,15.0,0.0,3.5263605246161616,0.1538461538461538,0.7302192564346998,0.1538461538461538,0.5359610497090694,0.8999543648499709,0.1538461538461538,openalex_pure_math_1000
W4401717263,post_ai,2024,Mathematics,4,11.0,0.0,3.920746462230007,0.0,0.2777777777777778,0.0,-0.0,0.9251253604888916,0.0,openalex_pure_math_1000
W4401765906,post_ai,2024,Mathematics,3,52.0,0.0,1.6094379124341005,0.6666666666666666,0.9835728952772074,0.3333333333333333,0.6365141682948128,0.8875223199526469,0.6666666666666666,openalex_pure_math_1000
W4401823549,post_ai,2024,Mathematics,7,42.0,0.0,4.110873864173311,0.2857142857142857,0.645320197044335,0.0,-0.0,0.909621102469308,0.2857142857142857,openalex_pure_math_1000
W4401824937,post_ai,2024,Mathematics,7,7.0,0.4285714285714285,4.02535169073515,0.4285714285714285,0.3496503496503496,0.0,-0.0,0.924545007092612,0.4285714285714285,openalex_pure_math_1000
W4401825180,post_ai,2024,Mathematics,4,32.0,0.0,3.0044065927212973,0.25,0.8987341772151899,0.0,-0.0,0.8966585397720337,0.25,openalex_pure_math_1000
W4401831887,post_ai,2024,Mathematics,7,3.0,0.5714285714285714,1.3862943611198906,0.5714285714285714,0.5102040816326531,0.0,-0.0,0.93402213709695,0.5714285714285714,openalex_pure_math_1000
W4401916688,post_ai,2024,Mathematics,4,26.0,0.0,4.141494346371301,0.0,0.4296875,0.0,-0.0,0.8655865043401718,0.0,openalex_pure_math_1000
W4401925063,post_ai,2024,Mathematics,12,9.0,0.1666666666666666,3.174569495689899,0.25,0.8452380952380952,0.0833333333333333,0.2868359830561607,0.9183045774698256,0.25,openalex_pure_math_1000
W4401925552,post_ai,2024,Mathematics,8,9.5,0.0,3.610917912644224,0.0,0.3776758409785932,0.875,0.3767701612564367,0.923589713871479,0.0,openalex_pure_math_1000
W4401976075,post_ai,2024,Mathematics,2,30.5,0.0,2.70805020110221,0.5,0.9736842105263158,0.5,0.6931471805599453,0.9297739267349244,0.5,openalex_pure_math_1000
W4402006557,post_ai,2024,Mathematics,9,3.0,0.5555555555555556,2.302585092994046,0.4444444444444444,0.5130674002751031,0.1111111111111111,0.3488320958430319,0.8943565289179484,0.4444444444444444,openalex_pure_math_1000
W4402038536,post_ai,2024,Mathematics,7,3.0,0.7142857142857143,1.9459101490553128,0.5714285714285714,0.5178571428571429,0.0,-0.0,0.917843793119703,0.5714285714285714,openalex_pure_math_1000
W4402067975,post_ai,2024,Mathematics,8,14.0,0.125,2.138333059508028,0.5,0.6845289541918755,0.0,-0.0,0.9305300414562224,0.5,openalex_pure_math_1000
W4402141880,post_ai,2024,Mathematics,7,2.0,0.5714285714285714,1.9459101490553128,0.5714285714285714,0.7327044025157232,0.0,-0.0,0.903742628438132,0.5714285714285714,openalex_pure_math_1000
W4402284421,post_ai,2024,Mathematics,15,5.0,0.4,2.70805020110221,0.2,0.3291139240506329,0.0,-0.0,0.939320953687032,0.2,openalex_pure_math_1000
W4402346367,post_ai,2025,Mathematics,9,6.0,0.3333333333333333,3.332204510175204,0.2222222222222222,0.5333333333333333,0.2222222222222222,0.6837389058487535,0.9083764420615302,0.2222222222222222,openalex_pure_math_1000
W4402522544,post_ai,2024,Mathematics,20,12.5,0.1,3.535786682105766,0.1,0.5606907059421026,0.0,-0.0,0.8951592564582824,0.1,openalex_pure_math_1000
W4402540469,post_ai,2024,Mathematics,11,26.0,0.1818181818181818,4.955827057601261,0.2727272727272727,0.7200976403580146,0.2727272727272727,0.5859526183035508,0.900928096337752,0.2727272727272727,openalex_pure_math_1000
W4402610709,post_ai,2024,Mathematics,4,18.5,0.25,3.133600274270681,0.25,0.8075313807531381,0.0,-0.0,0.914100542664528,0.25,openalex_pure_math_1000
W4402648848,post_ai,2024,Mathematics,3,8.0,0.3333333333333333,2.6390573296152584,0.3333333333333333,0.98894620486367,0.0,-0.0,0.8733612100283304,0.3333333333333333,openalex_pure_math_1000
W4402650772,post_ai,2024,Mathematics,15,14.0,0.2,2.079441541679836,0.5333333333333333,0.7300813008130081,0.0666666666666666,0.2449300267946353,0.8988775809605917,0.5333333333333333,openalex_pure_math_1000
W4402705214,post_ai,2025,Mathematics,15,9.0,0.2666666666666666,3.688879454113936,0.2666666666666666,0.6846307385229541,0.0666666666666666,0.2449300267946353,0.8959941784540812,0.2,openalex_pure_math_1000
W4402795894,post_ai,2024,Mathematics,13,5.0,0.3846153846153846,2.3978952727983707,0.4615384615384615,0.4932432432432432,0.0,-0.0,0.8768614897361169,0.4615384615384615,openalex_pure_math_1000
W4402809777,post_ai,2024,Mathematics,9,20.0,0.0,4.553876891600541,0.1111111111111111,0.3235944021605696,0.1111111111111111,0.3488320958430319,0.9225084781646729,0.1111111111111111,openalex_pure_math_1000
W4402822759,post_ai,2024,Mathematics,22,15.0,0.1818181818181818,4.220803602229822,0.1818181818181818,0.545401116661769,0.0454545454545454,0.1849073991677756,0.9246423921801828,0.1818181818181818,openalex_pure_math_1000
W4402923251,post_ai,2024,Mathematics,4,12.5,0.25,2.7506291052723637,0.5,0.9590551181102362,0.25,0.5623351446188083,0.927019402384758,0.5,openalex_pure_math_1000
W4403002759,post_ai,2024,Mathematics,7,14.0,0.1428571428571428,3.091042453358316,0.1428571428571428,0.8690958164642375,0.0,-0.0,0.9304548416818892,0.1428571428571428,openalex_pure_math_1000
W4403026662,post_ai,2024,Mathematics,14,6.0,0.2857142857142857,2.6735537653587342,0.3571428571428571,0.6256544502617801,0.0,-0.0,0.9188215306827,0.3571428571428571,openalex_pure_math_1000
W4403065724,post_ai,2024,Mathematics,6,5.0,0.5,1.791759469228055,0.6666666666666666,0.6301369863013698,0.3333333333333333,0.6365141682948128,0.8606009185314178,0.6666666666666666,openalex_pure_math_1000
W4403066316,post_ai,2024,Mathematics,10,13.5,0.2,4.711353025059257,0.3,0.5381172499816568,1.0,0.6730116670092565,0.8549374759197235,0.3,openalex_pure_math_1000
W4403264321,post_ai,2024,Mathematics,13,7.0,0.3846153846153846,2.3978952727983707,0.3846153846153846,0.5785123966942148,0.1538461538461538,0.5359610497090694,0.9254642679141118,0.3846153846153846,openalex_pure_math_1000
W4403297290,post_ai,2024,Mathematics,13,25.0,0.0769230769230769,1.9459101490553128,0.5384615384615384,0.9135719108710332,0.0769230769230769,0.2711893730418441,0.9255975622397202,0.5384615384615384,openalex_pure_math_1000
W4403312716,post_ai,2024,Mathematics,8,13.5,0.25,4.7066406079864365,0.25,0.3371467025572005,0.125,0.3767701612564367,0.9209456220269204,0.25,openalex_pure_math_1000
W4403339005,post_ai,2024,Mathematics,29,11.0,0.2068965517241379,3.1780538303479458,0.1724137931034483,0.5390557939914163,0.1379310344827586,0.5924028775138872,0.8800096450180843,0.1724137931034483,openalex_pure_math_1000
W4403360065,post_ai,2024,Mathematics,8,33.5,0.0,5.334105465792648,0.25,0.3096026490066225,0.125,0.3767701612564367,0.8900038227438927,0.25,openalex_pure_math_1000
W4403364343,post_ai,2024,Mathematics,3,6.0,0.3333333333333333,1.9459101490553128,0.6666666666666666,0.9927835051546392,0.0,-0.0,0.8920540610949198,0.6666666666666666,openalex_pure_math_1000
W4403420698,post_ai,2024,Mathematics,5,4.0,0.4,1.791759469228055,0.6,0.53125,0.0,-0.0,0.891819429397583,0.6,openalex_pure_math_1000
W4403433287,post_ai,2024,Mathematics,7,3.0,0.7142857142857143,2.19722457733622,0.4285714285714285,0.8243727598566308,0.4285714285714285,0.9556998911125344,0.9243703654834202,0.4285714285714285,openalex_pure_math_1000
W4403467719,post_ai,2024,Mathematics,43,14.0,0.0232558139534883,4.02535169073515,0.0697674418604651,0.6560254846143418,0.5116279069767442,1.566425124084457,0.908361373945724,0.0697674418604651,openalex_pure_math_1000
W4403472212,post_ai,2024,Mathematics,43,32.0,0.0930232558139534,2.5649493574615367,0.3953488372093023,0.5059847660500544,0.1162790697674418,0.4699417218422371,0.858918214953223,0.3953488372093023,openalex_pure_math_1000
W4403498531,post_ai,2024,Mathematics,16,3.0,0.5625,2.740319461670996,0.3125,0.5383720930232558,0.3125,0.918045918065631,0.9091139286756516,0.3125,openalex_pure_math_1000
W4403587760,post_ai,2026,Mathematics,10,8.5,0.2,3.617088589874924,0.2,0.4757600657354149,0.0,-0.0,0.9308390736579896,0.2,openalex_pure_math_1000
W4403616465,post_ai,2024,Mathematics,32,15.5,0.1875,3.591176055942631,0.0625,0.5454779695954651,0.0,-0.0,0.9216146152466536,0.0625,openalex_pure_math_1000
W4403627025,post_ai,2024,Mathematics,6,20.5,0.0,3.263978958811275,0.1666666666666666,0.3452914798206278,0.0,-0.0,0.9142546157042184,0.1666666666666666,openalex_pure_math_1000
W4403633514,post_ai,2024,Mathematics,6,18.5,0.1666666666666666,1.9356005054539451,0.5,0.7516968325791855,0.5,1.242453324894,0.8847895463307699,0.5,openalex_pure_math_1000
W4403682818,post_ai,2024,Mathematics,15,13.0,0.3333333333333333,2.9444389791664403,0.3333333333333333,0.5986486486486486,1.0,-0.0,0.898891007900238,0.3333333333333333,openalex_pure_math_1000
W4403703894,post_ai,2024,Mathematics,8,27.5,0.125,3.546702312934383,0.125,0.790590405904059,0.0,-0.0,0.9318588599562644,0.125,openalex_pure_math_1000
W4403737061,post_ai,2024,Mathematics,8,4.5,0.5,2.3680992241972474,0.5,0.5229007633587787,0.125,0.3767701612564367,0.89522834867239,0.5,openalex_pure_math_1000
W4403748835,post_ai,2024,Mathematics,6,11.0,0.0,4.193769991594683,0.0,0.5705614567526556,0.0,-0.0,0.9214952687422434,0.0,openalex_pure_math_1000
W4403749117,post_ai,2024,Mathematics,11,12.0,0.1818181818181818,3.49650756146648,0.2727272727272727,0.8565891472868217,0.0,-0.0,0.9170234420082786,0.2727272727272727,openalex_pure_math_1000
W4403764337,post_ai,2024,Mathematics,6,21.5,0.1666666666666666,2.393745871391024,0.1666666666666666,0.6895833333333333,0.1666666666666666,0.4505612088663046,0.9106030762195588,0.1666666666666666,openalex_pure_math_1000
W4403897761,post_ai,2024,Mathematics,8,6.5,0.25,3.575742731952368,0.125,0.5380434782608695,0.125,0.3767701612564367,0.9117859676480292,0.125,openalex_pure_math_1000
W4403940016,post_ai,2024,Mathematics,14,13.5,0.2142857142857142,2.93886789088982,0.3571428571428571,0.9023923444976076,0.1428571428571428,0.410116318288409,0.9045014125960212,0.3571428571428571,openalex_pure_math_1000
W4403950896,post_ai,2024,Mathematics,18,1.5,0.7777777777777778,2.0126758453675744,0.5555555555555556,0.906437125748503,0.0555555555555555,0.2145591551764051,0.8744674689239926,0.5555555555555556,openalex_pure_math_1000
W4403987044,post_ai,2024,Mathematics,38,4.0,0.4473684210526316,3.1567740231385475,0.131578947368421,0.5866454689984102,0.6578947368421053,0.6424220210762541,0.8835943811818173,0.131578947368421,openalex_pure_math_1000
W4403992308,post_ai,2024,Mathematics,14,17.0,0.2142857142857142,3.465247382975813,0.2857142857142857,0.5253532834580216,0.5,0.6931471805599453,0.8853413079466138,0.2857142857142857,openalex_pure_math_1000
W4404006506,post_ai,2024,Mathematics,6,26.0,0.0,3.63965941770731,0.0,0.6681647940074906,0.0,-0.0,0.901687761147817,0.0,openalex_pure_math_1000
W4404059774,post_ai,2024,Mathematics,5,5.0,0.4,2.5649493574615367,0.2,0.8554216867469879,0.0,-0.0,0.9376853585243226,0.2,openalex_pure_math_1000
W4404082680,post_ai,2024,Mathematics,52,7.0,0.2884615384615384,4.811886824866762,0.0769230769230769,0.670238285622901,0.8461538461538461,0.7033208903445946,0.9056124240159988,0.0769230769230769,openalex_pure_math_1000
W4404239632,post_ai,2024,Mathematics,3,11.0,0.0,4.430816798843313,0.0,0.6271186440677966,0.3333333333333333,0.6365141682948128,0.8921919266382853,0.0,openalex_pure_math_1000
W4404288138,post_ai,2024,Mathematics,13,13.0,0.0769230769230769,2.19722457733622,0.3846153846153846,0.5845272206303725,0.1538461538461538,0.5359610497090694,0.9098736735490652,0.3846153846153846,openalex_pure_math_1000
W4404312209,post_ai,2026,Mathematics,16,11.0,0.1875,3.919368779799641,0.1875,0.9315573068357031,0.1875,0.6019239717322894,0.8636749051511288,0.1875,openalex_pure_math_1000
W4404380644,post_ai,2024,Mathematics,11,8.0,0.3636363636363636,3.218875824868201,0.2727272727272727,0.7934238741958541,0.0,-0.0,0.9523625428026372,0.2727272727272727,openalex_pure_math_1000
W4404418241,post_ai,2024,Mathematics,4,20.0,0.0,3.384246605824315,0.0,0.8186813186813187,0.25,0.5623351446188083,0.911782905459404,0.0,openalex_pure_math_1000
W4404485486,post_ai,2024,Mathematics,7,6.0,0.2857142857142857,1.791759469228055,0.5714285714285714,0.7545454545454545,0.1428571428571428,0.410116318288409,0.8782917431422642,0.5714285714285714,openalex_pure_math_1000
W4404574108,post_ai,2026,Mathematics,16,11.5,0.0,3.2896256060050506,0.0625,0.7696942310588945,1.0,-0.0,0.9009835831820964,0.0625,openalex_pure_math_1000
W4404593963,post_ai,2023,Mathematics,1,5.0,0.0,1.0986122886681098,1.0,1.0,1.0,-0.0,0.8782845139503479,1.0,openalex_pure_math_1000
W4404603768,post_ai,2024,Mathematics,9,9.0,0.1111111111111111,3.4339872044851463,0.2222222222222222,0.7614403600900225,0.0,-0.0,0.9360709918869866,0.2222222222222222,openalex_pure_math_1000
W4404704989,post_ai,2024,Mathematics,11,15.0,0.1818181818181818,3.9318256327243257,0.0909090909090909,0.6535181236673774,0.0909090909090909,0.3046360973492381,0.8965010155331005,0.0909090909090909,openalex_pure_math_1000
W4404753325,post_ai,2024,Mathematics,7,4.0,0.2857142857142857,2.302585092994046,0.4285714285714285,0.6825396825396826,0.0,-0.0,0.9445240327290126,0.4285714285714285,openalex_pure_math_1000
W4404758871,post_ai,2024,Mathematics,20,7.5,0.3,3.612012404142915,0.35,0.5553375196232339,0.15,0.4227090878059908,0.8489058196544648,0.25,openalex_pure_math_1000
W4404761412,post_ai,2024,Mathematics,10,14.0,0.3,3.3961722137354045,0.3,0.8495642288745737,0.2,0.639031859650177,0.8678310215473175,0.3,openalex_pure_math_1000
W4404826318,post_ai,2024,Mathematics,51,7.0,0.3333333333333333,2.302585092994046,0.392156862745098,0.8955727615644232,0.6274509803921569,1.8616224758629607,0.8984107246585921,0.392156862745098,openalex_pure_math_1000
W4404855976,post_ai,2024,Mathematics,15,5.0,0.2666666666666666,2.9444389791664403,0.2,0.5973763874873865,0.0,-0.0,0.9249374349912008,0.2,openalex_pure_math_1000
W4404861288,post_ai,2024,Mathematics,4,15.5,0.25,4.900173396808308,0.25,0.520042194092827,0.0,-0.0,0.9152001440525056,0.25,openalex_pure_math_1000
W4404919893,post_ai,2024,Mathematics,9,28.0,0.3333333333333333,2.772588722239781,0.4444444444444444,0.5171974522292994,0.3333333333333333,0.6365141682948128,0.915503614478641,0.4444444444444444,openalex_pure_math_1000
W4404922934,post_ai,2024,Mathematics,9,14.0,0.1111111111111111,1.6094379124341005,0.6666666666666666,0.9490616621983914,0.1111111111111111,0.3488320958430319,0.9195101459821066,0.6666666666666666,openalex_pure_math_1000
W4404985485,post_ai,2026,Mathematics,16,11.0,0.0625,2.80473589759248,0.375,0.5277777777777778,0.0,-0.0,0.9111956059932708,0.375,openalex_pure_math_1000
W4404993906,post_ai,2024,Mathematics,29,7.0,0.2413793103448276,3.5263605246161616,0.1034482758620689,0.327724358974359,0.8620689655172413,0.4011898621870057,0.9261351063333708,0.1034482758620689,openalex_pure_math_1000
W4405005823,post_ai,2024,Mathematics,7,13.0,0.1428571428571428,2.3978952727983707,0.2857142857142857,0.896457765667575,0.0,-0.0,0.8972117134502956,0.2857142857142857,openalex_pure_math_1000
W4405083602,post_ai,2024,Mathematics,6,19.5,0.1666666666666666,4.230840240742989,0.1666666666666666,0.7954545454545454,0.1666666666666666,0.4505612088663046,0.869468073050181,0.1666666666666666,openalex_pure_math_1000
W4405084761,post_ai,2024,Mathematics,12,13.5,0.25,3.461321945737944,0.1666666666666666,0.8054919908466819,0.0,-0.0,0.8983488827943802,0.1666666666666666,openalex_pure_math_1000
W4405089160,post_ai,2025,Mathematics,8,4.5,0.5,2.171902710926842,0.5,0.420911528150134,0.75,0.5623351446188083,0.8659660667181015,0.5,openalex_pure_math_1000
W4405099256,post_ai,2024,Mathematics,7,8.0,0.2857142857142857,2.772588722239781,0.4285714285714285,0.7533414337788579,0.1428571428571428,0.410116318288409,0.8508958305631366,0.4285714285714285,openalex_pure_math_1000
W4405151484,post_ai,2024,Mathematics,12,2.5,0.5833333333333334,2.7647145437557112,0.25,0.6680851063829787,0.75,0.5623351446188083,0.8862439195315043,0.25,openalex_pure_math_1000
W4405151561,post_ai,2024,Mathematics,5,16.0,0.2,2.5649493574615367,0.4,0.4512195121951219,0.2,0.5004024235381879,0.9093919396400452,0.4,openalex_pure_math_1000
W4405212214,post_ai,2024,Mathematics,9,15.0,0.3333333333333333,3.4339872044851463,0.3333333333333333,0.3852097130242826,0.0,-0.0,0.9066738353835212,0.3333333333333333,openalex_pure_math_1000
W4405222927,post_ai,2024,Mathematics,33,4.0,0.4848484848484848,3.5263605246161616,0.2424242424242424,0.8374830852503383,0.7575757575757576,1.521267045121281,0.88733125816692,0.2424242424242424,openalex_pure_math_1000
W4405281213,post_ai,2024,Mathematics,3,11.0,0.0,1.0986122886681098,0.6666666666666666,0.9782608695652174,1.0,-0.0,0.8631458679835001,0.6666666666666666,openalex_pure_math_1000
W4405283459,post_ai,2024,Mathematics,5,7.0,0.4,2.5649493574615367,0.2,0.984112676056338,0.2,0.5004024235381879,0.9085922598838806,0.2,openalex_pure_math_1000
W4405349601,post_ai,2024,Mathematics,18,11.0,0.1666666666666666,3.005633587202081,0.2222222222222222,0.5006711409395973,0.2222222222222222,0.6546695645285008,0.9060164027743868,0.2222222222222222,openalex_pure_math_1000
W4405433443,post_ai,2026,Mathematics,12,9.0,0.25,3.330927370272656,0.25,0.7807058823529411,0.0,-0.0,0.8871550559997559,0.25,openalex_pure_math_1000
W4405446035,post_ai,2024,Mathematics,11,1.0,0.6363636363636364,1.9459101490553128,0.6363636363636364,0.9584120982986768,0.0,-0.0,0.9057363759387624,0.5454545454545454,openalex_pure_math_1000
W4405511862,post_ai,2024,Mathematics,11,11.0,0.0,3.688879454113936,0.0909090909090909,0.8909714889123548,0.1818181818181818,0.6001660731596457,0.9074390855702488,0.0909090909090909,openalex_pure_math_1000
W4405637065,post_ai,2024,Mathematics,10,20.0,0.0,3.806168418583873,0.2,0.4107241569928137,0.0,-0.0,0.8935406088829041,0.1,openalex_pure_math_1000
W4405652386,post_ai,2024,Mathematics,35,8.0,0.1714285714285714,2.833213344056216,0.2571428571428571,0.9513441878076486,0.8571428571428571,1.26366215807761,0.8655035035950797,0.2285714285714285,openalex_pure_math_1000
W4405736501,post_ai,2024,Mathematics,14,9.0,0.2142857142857142,3.431901695726477,0.3571428571428571,0.5544217687074829,0.4285714285714285,0.6829081047004717,0.8702009149960109,0.3571428571428571,openalex_pure_math_1000
W4405737174,post_ai,2024,Mathematics,4,2.5,0.5,1.0986122886681098,0.75,0.9726027397260274,0.0,-0.0,0.921410709619522,0.75,openalex_pure_math_1000
W4405794759,post_ai,2024,Mathematics,13,19.0,0.2307692307692307,3.044522437723423,0.3076923076923077,0.8526383526383526,0.1538461538461538,0.5359610497090694,0.8698362112045288,0.3076923076923077,openalex_pure_math_1000
W4405795863,post_ai,2024,Mathematics,15,9.0,0.2,3.332204510175204,0.3333333333333333,0.5415094339622641,0.0666666666666666,0.2449300267946353,0.9183487693468728,0.3333333333333333,openalex_pure_math_1000
W4405820474,post_ai,2024,Mathematics,3,19.0,0.0,4.61512051684126,0.0,0.7393258426966293,0.6666666666666666,0.6365141682948128,0.9049733678499856,0.0,openalex_pure_math_1000
W4405828530,post_ai,2024,Mathematics,4,28.5,0.0,4.948533492366602,0.0,0.6875,0.0,-0.0,0.8730031400918961,0.0,openalex_pure_math_1000
W4405909949,post_ai,2024,Mathematics,14,19.5,0.0,3.960041599526617,0.0714285714285714,0.5755627009646302,0.0714285714285714,0.2573186405438316,0.9243390773023876,0.0714285714285714,openalex_pure_math_1000
W4405967105,post_ai,2025,Mathematics,7,9.0,0.1428571428571428,3.258096538021482,0.1428571428571428,0.6300294406280668,0.0,-0.0,0.888979937349047,0.1428571428571428,openalex_pure_math_1000
W4406000827,post_ai,2025,Mathematics,2,7.0,0.0,2.6590599969221085,0.0,0.5925925925925926,0.0,-0.0,0.8397166728973389,0.0,openalex_pure_math_1000
W4406101610,post_ai,2025,Mathematics,16,1.5,0.9375,2.393745871391024,0.3125,0.3905579399141631,0.0,-0.0,0.9264441654086112,0.3125,openalex_pure_math_1000
W4406131356,post_ai,2025,Mathematics,15,12.0,0.1333333333333333,3.6375861597263857,0.3333333333333333,0.5311327831957989,0.1333333333333333,0.3926744672275521,0.8906750082969666,0.3333333333333333,openalex_pure_math_1000
W4406132881,post_ai,2025,Mathematics,7,5.0,0.2857142857142857,1.9459101490553128,0.7142857142857143,0.6,0.1428571428571428,0.410116318288409,0.8967634950365339,0.7142857142857143,openalex_pure_math_1000
W4406188493,post_ai,2025,Mathematics,65,5.0,0.4307692307692308,2.833213344056216,0.3538461538461538,0.5839739110179362,0.4923076923076923,0.8969052914648432,0.9076669692993165,0.3538461538461538,openalex_pure_math_1000
W4406226360,post_ai,2025,Mathematics,13,11.0,0.0769230769230769,2.302585092994046,0.2307692307692307,0.5099337748344371,0.0,-0.0,0.9454613282130316,0.2307692307692307,openalex_pure_math_1000
W4406247669,post_ai,2025,Mathematics,63,6.0,0.238095238095238,4.624972813284271,0.0634920634920634,0.5543446070011254,0.8888888888888888,0.4284570084364042,0.8997515080467103,0.0634920634920634,openalex_pure_math_1000
W4406266784,post_ai,2025,Mathematics,4,10.5,0.0,3.7494348669884654,0.25,0.4161073825503356,0.0,-0.0,0.8912974447011948,0.25,openalex_pure_math_1000
W4406270317,post_ai,2025,Mathematics,19,6.0,0.3684210526315789,2.772588722239781,0.3157894736842105,0.8173314507589128,0.5263157894736842,1.0280940565630374,0.9269216311605352,0.3157894736842105,openalex_pure_math_1000
W4406274219,post_ai,2025,Mathematics,26,12.0,0.0,3.838931750339105,0.1153846153846153,0.5705183898059658,0.0384615384615384,0.1630236294943659,0.9283297589192024,0.0769230769230769,openalex_pure_math_1000
W4406279651,post_ai,2025,Mathematics,11,18.0,0.1818181818181818,4.189654742026425,0.0909090909090909,0.7666405638214565,0.0,-0.0,0.9185928160494023,0.0909090909090909,openalex_pure_math_1000
W4406295304,post_ai,2025,Mathematics,20,4.0,0.45,2.5649493574615367,0.25,0.6732673267326733,0.1,0.3943976914474427,0.9161097586154938,0.25,openalex_pure_math_1000
W4406346333,post_ai,2025,Mathematics,2,9.0,0.5,2.8366616335857464,0.5,1.0,0.0,-0.0,0.92375448346138,0.5,openalex_pure_math_1000
W4406405881,post_ai,2025,Mathematics,10,11.0,0.1,4.11608711819197,0.1,0.2835394862036156,0.6,0.9433483923290392,0.8774760603904724,0.1,openalex_pure_math_1000
W4406418670,post_ai,2025,Mathematics,5,12.0,0.2,4.8283137373023015,0.2,0.9895713509208812,1.0,1.0549201679861442,0.8320784449577332,0.2,openalex_pure_math_1000
W4406465139,post_ai,2025,Mathematics,9,13.0,0.3333333333333333,3.4339872044851463,0.3333333333333333,0.4979633401221996,0.0,-0.0,0.9035497970051236,0.3333333333333333,openalex_pure_math_1000
W4406595386,post_ai,2024,Mathematics,12,1.5,0.8333333333333334,1.9356005054539451,0.5833333333333334,0.7510729613733905,0.25,0.7214636866925115,0.8930793603261312,0.5,openalex_pure_math_1000
W4406609487,post_ai,2025,Mathematics,6,4.0,0.3333333333333333,1.354025100551105,1.0,0.2941176470588235,0.0,-0.0,0.9076387186845144,1.0,openalex_pure_math_1000
W4406623220,post_ai,2024,Mathematics,7,34.0,0.0,4.919980925828125,0.1428571428571428,0.3343108504398827,0.2857142857142857,0.7963116401738131,0.9113216314996992,0.1428571428571428,openalex_pure_math_1000
W4406624589,post_ai,2025,Mathematics,10,10.5,0.3,3.039966597547795,0.3,0.2661870503597122,0.1,0.3250829733914482,0.8490442156791687,0.3,openalex_pure_math_1000
W4406725321,post_ai,2025,Mathematics,3,12.0,0.0,2.5649493574615367,0.3333333333333333,0.5714285714285714,0.3333333333333333,0.6365141682948128,0.9050023357073466,0.3333333333333333,openalex_pure_math_1000
W4406748907,post_ai,2025,Mathematics,39,7.0,0.2307692307692307,4.430816798843313,0.1025641025641025,0.9605826071624116,0.9743589743589745,1.388329249673749,0.795311872775738,0.0,openalex_pure_math_1000
W4406756541,post_ai,2025,Mathematics,11,20.0,0.0,5.003946305945459,0.0909090909090909,0.6431516262024737,0.0,-0.0,0.899618002501401,0.0909090909090909,openalex_pure_math_1000
W4406808256,post_ai,2025,Mathematics,7,9.0,0.4285714285714285,2.3978952727983707,0.1428571428571428,0.483695652173913,0.0,-0.0,0.8957092251096453,0.1428571428571428,openalex_pure_math_1000
W4406848962,post_ai,2025,Mathematics,8,18.0,0.25,3.128833793941319,0.375,0.4862068965517241,0.125,0.3767701612564367,0.9043395593762398,0.375,openalex_pure_math_1000
W4406946731,post_ai,2025,Mathematics,3,10.0,0.0,3.044522437723423,0.3333333333333333,0.6623376623376623,0.0,-0.0,0.9426954388618468,0.3333333333333333,openalex_pure_math_1000
W4407226742,post_ai,2023,Mathematics,6,18.5,0.3333333333333333,2.302585092994046,0.3333333333333333,0.6615853658536586,0.5,0.6931471805599453,0.9022931655248008,0.3333333333333333,openalex_pure_math_1000
W4407263764,post_ai,2025,Mathematics,12,7.0,0.25,2.8762863194128165,0.25,0.7118959107806692,0.0,-0.0,0.935676172375679,0.25,openalex_pure_math_1000
W4407289908,post_ai,2025,Mathematics,32,8.5,0.25,3.677500960552628,0.15625,0.6673741661613098,0.78125,1.9049015275354395,0.8151242304593325,0.09375,openalex_pure_math_1000
W4407297314,post_ai,2025,Mathematics,7,12.0,0.0,3.332204510175204,0.0,0.8410104011887073,0.1428571428571428,0.410116318288409,0.9077409846442086,0.0,openalex_pure_math_1000
W4407341834,post_ai,2025,Mathematics,8,16.5,0.375,1.791759469228055,0.5,0.957137796670209,0.0,-0.0,0.9249342679977416,0.5,openalex_pure_math_1000
W4407392568,post_ai,2025,Mathematics,5,17.0,0.2,4.48863636973214,0.2,0.6518883415435139,0.2,0.5004024235381879,0.9162831664085388,0.2,openalex_pure_math_1000
W4407394371,post_ai,2025,Mathematics,8,24.0,0.0,5.184097968342465,0.25,0.3641975308641975,0.125,0.3767701612564367,0.9029117226600648,0.25,openalex_pure_math_1000
W4407555254,post_ai,2025,Mathematics,18,15.5,0.0,3.540433948345391,0.2777777777777778,0.7478118161925602,0.0555555555555555,0.2145591551764051,0.8872119386990865,0.2777777777777778,openalex_pure_math_1000
W4407664492,post_ai,2025,Mathematics,12,1.0,0.75,2.138333059508028,0.5,0.935201401050788,0.0833333333333333,0.2868359830561607,0.9450336545705796,0.5,openalex_pure_math_1000
W4407679641,post_ai,2025,Mathematics,18,7.0,0.1111111111111111,2.596478425445105,0.2777777777777778,0.7509803921568627,0.0,-0.0,0.9055812226401436,0.2777777777777778,openalex_pure_math_1000
W4407757626,post_ai,2025,Mathematics,17,13.0,0.1176470588235294,3.332204510175204,0.0588235294117647,0.9079152731326644,0.1764705882352941,0.5783252866601273,0.8700458197032704,0.0588235294117647,openalex_pure_math_1000
W4407767182,post_ai,2025,Mathematics,11,9.0,0.1818181818181818,3.4657359027997265,0.0,0.7338444687842278,0.3636363636363636,0.6554817739013927,0.895402810790322,0.0,openalex_pure_math_1000
W4407772295,post_ai,2025,Mathematics,11,6.0,0.3636363636363636,3.218875824868201,0.1818181818181818,0.3861003861003861,0.0,-0.0,0.938457272269509,0.1818181818181818,openalex_pure_math_1000
W4407843560,post_ai,2025,Mathematics,8,13.5,0.125,4.3400810098471885,0.125,0.3995381062355658,0.0,-0.0,0.8849368020892143,0.125,openalex_pure_math_1000
W4407907149,post_ai,2025,Mathematics,5,24.0,0.0,4.934473933130692,0.0,0.5242195909580194,0.0,-0.0,0.8963752508163452,0.0,openalex_pure_math_1000
W4407909476,post_ai,2025,Mathematics,17,11.0,0.1176470588235294,3.6375861597263857,0.0588235294117647,0.7869443331998398,0.0,-0.0,0.908013238626368,0.0588235294117647,openalex_pure_math_1000
W4407982348,post_ai,2025,Mathematics,4,3.0,0.5,2.0871936349478184,0.5,0.9735973597359736,0.0,-0.0,0.872838482260704,0.5,openalex_pure_math_1000
W4408074479,post_ai,2025,Mathematics,24,11.5,0.0,3.569433499972762,0.0416666666666666,0.4062727935813275,0.0,-0.0,0.8993399813771248,0.0416666666666666,openalex_pure_math_1000
W4408105861,post_ai,2025,Mathematics,9,9.0,0.1111111111111111,2.9444389791664403,0.4444444444444444,0.808316430020284,0.4444444444444444,0.936888307539016,0.9139958686298796,0.4444444444444444,openalex_pure_math_1000
W4408249433,post_ai,2024,Mathematics,2,15.0,0.5,1.2424533248940002,1.0,0.6,0.5,0.6931471805599453,0.8641645312309265,1.0,openalex_pure_math_1000
W4408277454,post_ai,2025,Mathematics,13,21.0,0.0769230769230769,2.833213344056216,0.1538461538461538,0.8223684210526315,0.0,-0.0,0.8937911299558786,0.1538461538461538,openalex_pure_math_1000
W4408378058,post_ai,2025,Mathematics,10,12.0,0.1,4.189539944643301,0.3,0.4476744186046512,0.6,0.9433483923290392,0.8712212383747101,0.2,openalex_pure_math_1000
W4408388190,post_ai,2025,Mathematics,23,10.0,0.1304347826086956,3.737669618283368,0.217391304347826,0.7560349255264509,0.2608695652173913,0.5739644913933235,0.8848135600919309,0.217391304347826,openalex_pure_math_1000
W4408427640,post_ai,2025,Mathematics,12,9.0,0.3333333333333333,3.308701488987239,0.4166666666666667,0.5747663551401869,0.0,-0.0,0.8988218853871027,0.3333333333333333,openalex_pure_math_1000
W4408522542,post_ai,2025,Mathematics,4,52.0,0.0,3.77847528600645,0.0,0.5042016806722689,0.0,-0.0,0.9564293175935744,0.0,openalex_pure_math_1000
W4408552159,post_ai,2025,Mathematics,19,15.0,0.0526315789473684,3.9889840465642745,0.0526315789473684,0.4069845533915379,0.1052631578947368,0.4094586186950892,0.8936992915053117,0.0526315789473684,openalex_pure_math_1000
W4408564224,post_ai,2025,Mathematics,58,8.0,0.1896551724137931,4.023914678728921,0.1206896551724138,0.7511168100595632,0.8620689655172413,1.3323042530208924,0.8468394084223385,0.1206896551724138,openalex_pure_math_1000
W4408591669,post_ai,2025,Mathematics,12,3.0,0.6666666666666666,1.4978661367769954,0.5833333333333334,0.5970149253731343,0.0833333333333333,0.2868359830561607,0.9206265012423196,0.5833333333333334,openalex_pure_math_1000
W4408647200,post_ai,2025,Mathematics,10,10.0,0.1,3.688566856416977,0.1,0.2162162162162162,0.0,-0.0,0.9104405343532562,0.1,openalex_pure_math_1000
W4408652153,post_ai,2025,Mathematics,9,1.0,0.8888888888888888,1.3862943611198906,1.0,0.28,0.1111111111111111,0.3488320958430319,0.8761584295166863,0.8888888888888888,openalex_pure_math_1000
W4408689483,post_ai,2025,Mathematics,14,6.5,0.2142857142857142,2.6287476860138907,0.4285714285714285,0.6067415730337079,0.0,-0.0,0.8980181430067334,0.4285714285714285,openalex_pure_math_1000
W4408701523,post_ai,2025,Mathematics,8,2.5,0.625,0.8958797346140275,0.875,0.4545454545454545,0.5,0.6931471805599453,0.8512241318821907,0.625,openalex_pure_math_1000
W4408730707,post_ai,2025,Mathematics,11,9.0,0.2727272727272727,3.367295829986474,0.2727272727272727,0.675,0.4545454545454545,0.9164648855394713,0.9102784341031854,0.2727272727272727,openalex_pure_math_1000
W4408763390,post_ai,2025,Mathematics,4,44.0,0.0,2.5184763012068148,0.5,0.8280254777070064,0.0,-0.0,0.8773844093084335,0.5,openalex_pure_math_1000
W4408775062,post_ai,2025,Mathematics,7,7.0,0.4285714285714285,3.610917912644224,0.1428571428571428,0.4191419141914191,0.5714285714285714,1.277034259466139,0.7979338679994855,0.1428571428571428,openalex_pure_math_1000
W4408844656,post_ai,2025,Mathematics,4,21.5,0.0,5.008631283397486,0.0,0.611957796014068,0.0,-0.0,0.8991791009902954,0.0,openalex_pure_math_1000
W4408859618,post_ai,2025,Mathematics,2,24.0,0.0,4.643650706556155,0.0,0.5721153846153846,0.5,0.6931471805599453,0.8617245852947235,0.0,openalex_pure_math_1000
W4408905364,post_ai,2025,Mathematics,12,17.0,0.1666666666666666,3.4376160436382888,0.3333333333333333,0.8611393692777213,0.0,-0.0,0.8896670689185461,0.3333333333333333,openalex_pure_math_1000
W4409052909,post_ai,2025,Mathematics,39,9.0,0.0769230769230769,4.02535169073515,0.0256410256410256,0.5816751503933364,1.0,0.9585549329440584,0.9202123284339904,0.0256410256410256,openalex_pure_math_1000
W4409058951,post_ai,2025,Mathematics,11,7.0,0.2727272727272727,3.1780538303479458,0.2727272727272727,0.8932419196865817,0.0,-0.0,0.905753493309021,0.2727272727272727,openalex_pure_math_1000
W4409058955,post_ai,2025,Mathematics,14,11.0,0.0714285714285714,3.337280695907213,0.0714285714285714,0.9148237979740332,0.2857142857142857,0.5982695885852573,0.8642290490014213,0.0714285714285714,openalex_pure_math_1000
W4409151190,post_ai,2025,Mathematics,5,46.0,0.0,6.958448393297656,0.0,0.4234407848633497,0.6,1.0549201679861442,0.8669095635414124,0.0,openalex_pure_math_1000
W4409213893,post_ai,2025,Mathematics,2,14.5,0.0,2.372466064181625,0.5,0.8461538461538461,0.0,-0.0,0.9650882482528688,0.5,openalex_pure_math_1000
W4409313278,post_ai,2025,Mathematics,14,11.0,0.2857142857142857,3.672359527074837,0.0714285714285714,0.5676691729323309,0.6428571428571429,1.1973401339967784,0.8642860906464713,0.0714285714285714,openalex_pure_math_1000
W4409359572,post_ai,2025,Mathematics,65,10.0,0.1076923076923077,4.406719247264253,0.0615384615384615,0.7326559826821689,1.0,0.4504607004401441,0.9151926196538483,0.0615384615384615,openalex_pure_math_1000
W4409504118,post_ai,2025,Mathematics,5,7.0,0.0,3.8501476017100575,0.4,0.6459016393442623,0.2,0.5004024235381879,0.8244112968444824,0.2,openalex_pure_math_1000
W4409515252,post_ai,2025,Mathematics,5,21.0,0.2,4.553876891600541,0.2,0.7349397590361446,0.4,0.6730116670092565,0.8698075890541077,0.2,openalex_pure_math_1000
W4409544835,post_ai,2024,Mathematics,9,12.0,0.1111111111111111,3.4339872044851463,0.0,0.3376,0.8888888888888888,0.3488320958430319,0.9154686530431112,0.0,openalex_pure_math_1000
W4409681885,post_ai,2025,Mathematics,5,2.0,0.8,3.555348061489413,0.2,0.5617529880478087,0.4,0.9502705392332348,0.88584223985672,0.2,openalex_pure_math_1000
W4409697622,post_ai,2025,Mathematics,13,16.0,0.0769230769230769,4.02535169073515,0.0769230769230769,0.7053701015965167,0.3076923076923077,0.7902679680745903,0.8751636926944439,0.0769230769230769,openalex_pure_math_1000
W4409727551,post_ai,2025,Mathematics,19,7.0,0.2631578947368421,4.74493212836325,0.0526315789473684,0.3943326271186441,0.2631578947368421,0.708018976056273,0.8753977104237205,0.0526315789473684,openalex_pure_math_1000
W4409772361,post_ai,2025,Mathematics,12,13.5,0.0833333333333333,3.349750170080839,0.3333333333333333,0.844743935309973,0.1666666666666666,0.5660857389596289,0.919469028711319,0.3333333333333333,openalex_pure_math_1000
W4409774091,post_ai,2024,Mathematics,7,8.0,0.1428571428571428,2.5649493574615367,0.4285714285714285,0.3476070528967254,0.0,-0.0,0.9198582683290754,0.4285714285714285,openalex_pure_math_1000
W4409908772,post_ai,2025,Mathematics,28,7.5,0.2142857142857142,3.039966597547795,0.25,0.7228652544223629,0.0,-0.0,0.9152833542653492,0.25,openalex_pure_math_1000
W4409994637,post_ai,2025,Mathematics,31,3.0,0.6774193548387096,2.995732273553991,0.1612903225806451,0.978600354033803,0.6774193548387096,1.6441425018022011,0.8479894476552163,0.1290322580645161,openalex_pure_math_1000
W4410003077,post_ai,2025,Mathematics,8,8.0,0.125,2.171902710926842,0.5,0.6575079872204472,0.0,-0.0,0.9399005249142648,0.5,openalex_pure_math_1000
W4410057402,post_ai,2025,Mathematics,4,46.5,0.0,4.214290266529817,0.25,0.7675675675675676,0.0,-0.0,0.925588309764862,0.25,openalex_pure_math_1000
W4410077854,post_ai,2025,Mathematics,24,6.0,0.25,3.767381328518769,0.0416666666666666,0.6772241992882563,0.7916666666666666,0.5117400734174093,0.9063258767127992,0.0416666666666666,openalex_pure_math_1000
W4410109100,post_ai,2025,Mathematics,49,11.0,0.1020408163265306,4.564348191467836,0.0408163265306122,0.5859812279342117,0.6122448979591837,1.2110744932833382,0.9132279656371292,0.0408163265306122,openalex_pure_math_1000
W4410124544,post_ai,2025,Mathematics,7,16.0,0.2857142857142857,4.477336814478207,0.2857142857142857,0.8041719880800341,0.0,-0.0,0.8959201404026577,0.2857142857142857,openalex_pure_math_1000
W4410159114,post_ai,2025,Mathematics,11,12.0,0.0909090909090909,3.4657359027997265,0.0909090909090909,0.4943639291465378,0.0909090909090909,0.3046360973492381,0.9062161120501432,0.0909090909090909,openalex_pure_math_1000
W4410178543,post_ai,2025,Mathematics,11,15.0,0.0,3.4011973816621555,0.3636363636363636,0.7118367346938775,0.0909090909090909,0.3046360973492381,0.9017329974607988,0.3636363636363636,openalex_pure_math_1000
W4410191719,post_ai,2025,Mathematics,8,20.5,0.125,4.216035468999701,0.25,0.8975602994177987,0.75,0.9002560512685369,0.9013614133000374,0.25,openalex_pure_math_1000
W4410193651,post_ai,2025,Mathematics,17,5.0,0.3529411764705882,2.6390573296152584,0.4117647058823529,0.8685276902296263,0.8235294117647058,1.8438614379613667,0.8547464959761676,0.3529411764705882,openalex_pure_math_1000
W4410198919,post_ai,2025,Mathematics,23,3.0,0.5217391304347826,3.295836866004329,0.1739130434782608,0.7169147063530165,0.4347826086956521,0.6846162778013047,0.8405128095460974,0.1739130434782608,openalex_pure_math_1000
W4410293558,post_ai,2025,Mathematics,7,9.0,0.2857142857142857,2.4849066497880004,0.2857142857142857,0.3378995433789954,0.0,-0.0,0.9314341970852444,0.2857142857142857,openalex_pure_math_1000
W4410304764,post_ai,2024,Mathematics,11,8.0,0.1818181818181818,3.332204510175204,0.2727272727272727,0.7449664429530202,0.4545454545454545,0.9949236325717752,0.8605175614356995,0.2727272727272727,openalex_pure_math_1000
W4410330964,post_ai,2025,Mathematics,3,11.0,0.0,3.4011973816621555,0.0,0.4324324324324324,0.3333333333333333,0.6365141682948128,0.8887747327486674,0.0,openalex_pure_math_1000
W4410333985,post_ai,2025,Mathematics,5,19.0,0.0,4.3694478524670215,0.2,0.9537931034482758,0.0,-0.0,0.926927387714386,0.2,openalex_pure_math_1000
W4410435858,post_ai,2025,Mathematics,14,10.0,0.1428571428571428,3.561433329299541,0.3571428571428571,0.5294797687861271,0.1428571428571428,0.509137344082687,0.9200498759746552,0.3571428571428571,openalex_pure_math_1000
W4410505389,post_ai,2025,Mathematics,13,15.0,0.2307692307692307,4.477336814478207,0.2307692307692307,0.5226027397260274,0.0769230769230769,0.2711893730418441,0.8985681121165936,0.2307692307692307,openalex_pure_math_1000
W4410505413,post_ai,2025,Mathematics,5,6.0,0.0,2.9444389791664403,0.0,0.6506024096385542,0.0,-0.0,0.9358673930168152,0.0,openalex_pure_math_1000
W4410506649,post_ai,2024,Mathematics,20,11.0,0.25,2.764714543755712,0.45,0.4290502793296089,0.0,-0.0,0.9277452200651168,0.45,openalex_pure_math_1000
W4410535144,post_ai,2025,Mathematics,3,37.0,0.0,3.295836866004329,0.3333333333333333,0.5517241379310345,0.3333333333333333,0.6365141682948128,0.906431217988332,0.3333333333333333,openalex_pure_math_1000
W4410539295,post_ai,2025,Mathematics,6,4.0,0.5,1.791759469228055,0.5,0.6037735849056604,0.0,-0.0,0.8968958655993143,0.5,openalex_pure_math_1000
W4410584584,post_ai,2025,Mathematics,20,13.0,0.2,3.6017027605415475,0.4,0.5378649635036497,0.1,0.3250829733914482,0.8870908856391907,0.4,openalex_pure_math_1000
W4410606532,post_ai,2024,Mathematics,6,23.0,0.0,4.733304586861109,0.1666666666666666,0.3770197486535009,0.3333333333333333,0.8675632284814612,0.8780836363633474,0.1666666666666666,openalex_pure_math_1000
W4410643226,post_ai,2025,Mathematics,7,9.0,0.1428571428571428,4.969813299576001,0.1428571428571428,0.7123931623931624,0.7142857142857143,0.9556998911125344,0.8519525272505624,0.1428571428571428,openalex_pure_math_1000
W4410705535,post_ai,2025,Mathematics,25,12.0,0.12,4.30406509320417,0.08,0.8193092458516645,0.6,1.712287255903416,0.8555990076065063,0.08,openalex_pure_math_1000
W4410774175,post_ai,2025,Mathematics,29,20.0,0.1034482758620689,5.659482215759621,0.1034482758620689,0.7857515874877958,0.9310344827586208,0.719071754348727,0.8362887542823265,0.1034482758620689,openalex_pure_math_1000
W4410800031,post_ai,2025,Mathematics,18,7.5,0.2222222222222222,3.433466642230941,0.1666666666666666,0.6597454789015406,0.6111111111111112,1.035016633484322,0.8298813998699188,0.1666666666666666,openalex_pure_math_1000
W4410875486,post_ai,2025,Mathematics,23,19.0,0.0434782608695652,4.962844630259907,0.0869565217391304,0.5784883720930233,0.3478260869565217,0.9019590058464766,0.882721255654874,0.0869565217391304,openalex_pure_math_1000
W4410902982,post_ai,2025,Mathematics,12,4.0,0.4166666666666667,1.9944920232821373,0.5,0.9051512673753066,0.0833333333333333,0.2868359830561607,0.9200246085723242,0.5,openalex_pure_math_1000
W4411040263,post_ai,2025,Mathematics,15,8.0,0.2666666666666666,3.5263605246161616,0.0,0.3926218708827404,0.0,-0.0,0.9272067666053772,0.0,openalex_pure_math_1000
W4411053920,post_ai,2025,Mathematics,34,18.0,0.1470588235294117,4.050838873727286,0.2058823529411764,0.4579329739864073,0.088235294117647,0.3545988275526489,0.9109452454482808,0.2058823529411764,openalex_pure_math_1000
W4411081223,post_ai,2025,Mathematics,13,27.0,0.2307692307692307,2.8903717578961645,0.2307692307692307,0.7973462002412546,0.7692307692307693,1.5857708352080968,0.8450040633861835,0.2307692307692307,openalex_pure_math_1000
W4411090208,post_ai,2025,Mathematics,17,18.0,0.2352941176470588,3.737669618283368,0.2941176470588235,0.5018018018018018,0.0,-0.0,0.9022237062454224,0.2941176470588235,openalex_pure_math_1000
W4411149956,post_ai,2025,Mathematics,5,22.0,0.0,4.6443908991413725,0.0,0.4322916666666667,0.6,1.3321790402101223,0.8953022360801697,0.0,openalex_pure_math_1000
W4411263344,post_ai,2025,Mathematics,8,5.0,0.25,2.6020033435383976,0.375,0.4180327868852459,0.25,0.7356219397587946,0.7799391970038414,0.25,openalex_pure_math_1000
W4411497800,post_ai,2025,Mathematics,5,6.0,0.4,1.6094379124341005,0.8,0.9887869520897044,0.2,0.5004024235381879,0.9559024214744568,0.8,openalex_pure_math_1000
W4411501969,post_ai,2025,Mathematics,2,22.5,0.0,3.1345481418531307,0.0,0.8245614035087719,0.0,-0.0,0.9181122481822968,0.0,openalex_pure_math_1000
W4411625091,post_ai,2025,Mathematics,16,18.0,0.125,3.802696182407467,0.1875,0.4191033138401559,0.0,-0.0,0.8870038092136383,0.1875,openalex_pure_math_1000
W4411644109,post_ai,2025,Mathematics,8,6.0,0.375,1.1512925464970227,0.875,0.9210526315789472,0.0,-0.0,0.9143115729093552,0.875,openalex_pure_math_1000
W4411718369,post_ai,2025,Mathematics,9,16.0,0.0,2.6390573296152584,0.4444444444444444,0.3345724907063197,0.8888888888888888,1.2148896539491203,0.8574128217167325,0.4444444444444444,openalex_pure_math_1000
W4411768557,post_ai,2025,Mathematics,6,8.0,0.3333333333333333,3.4858343023628957,0.0,0.4454545454545454,0.0,-0.0,0.9001612563927969,0.0,openalex_pure_math_1000
W4411964060,post_ai,2025,Mathematics,12,14.0,0.0,6.445561064026252,0.0,0.5983400593923703,0.5833333333333334,1.236684869140504,0.8551739056905111,0.0,openalex_pure_math_1000
W4412024114,post_ai,2025,Mathematics,2,9.5,0.0,1.545521226679158,0.5,0.9090909090909092,0.0,-0.0,0.9250882267951964,0.5,openalex_pure_math_1000
W4412086732,post_ai,2025,Mathematics,13,11.0,0.1538461538461538,2.70805020110221,0.3846153846153846,0.9179734620024126,0.1538461538461538,0.4293230219306162,0.8823213210472693,0.3846153846153846,openalex_pure_math_1000
W4412153781,post_ai,2025,Mathematics,8,4.5,0.25,1.868834809141684,0.75,0.3623188405797101,1.0,0.3767701612564367,0.8878940716385841,0.75,openalex_pure_math_1000
W4412172606,post_ai,2025,Mathematics,18,4.0,0.4444444444444444,1.791759469228055,0.7222222222222222,0.6918604651162791,0.7777777777777778,0.8486855577264172,0.9120148022969564,0.7222222222222222,openalex_pure_math_1000
W4412178402,post_ai,2025,Mathematics,15,6.0,0.2666666666666666,1.791759469228055,0.6666666666666666,0.375,0.2,0.6277052571971504,0.9509308139483134,0.6666666666666666,openalex_pure_math_1000
W4412475992,post_ai,2025,Mathematics,12,16.5,0.1666666666666666,4.113420445204289,0.1666666666666666,0.8244631185807656,0.6666666666666666,1.4735023850806486,0.8402331421772639,0.1666666666666666,openalex_pure_math_1000
W4412553912,post_ai,2025,Mathematics,6,6.0,0.1666666666666666,1.3862943611198906,1.0,0.25,0.0,-0.0,0.9182040592034658,1.0,openalex_pure_math_1000
W4412653221,post_ai,2025,Mathematics,69,18.0,0.072463768115942,3.610917912644224,0.144927536231884,0.962007391289331,0.5797101449275363,1.605646892558524,0.8638777318208114,0.144927536231884,openalex_pure_math_1000
W4412700875,post_ai,2025,Mathematics,14,15.0,0.2857142857142857,3.194280702772815,0.3571428571428571,0.6939371804236669,0.0714285714285714,0.2573186405438316,0.8920954465866089,0.3571428571428571,openalex_pure_math_1000
W4412757615,post_ai,2025,Mathematics,14,10.0,0.3571428571428571,2.0715673631957663,0.5,0.6342412451361867,0.1428571428571428,0.410116318288409,0.9272790891783578,0.5,openalex_pure_math_1000
W4412882468,post_ai,2025,Mathematics,5,35.0,0.0,3.4339872044851463,0.4,0.9207011686143572,0.0,-0.0,0.8763518452644348,0.4,openalex_pure_math_1000
W4413083557,post_ai,2025,Mathematics,13,5.0,0.2307692307692307,3.091042453358316,0.2307692307692307,0.3620689655172414,0.0,-0.0,0.9417261985632088,0.2307692307692307,openalex_pure_math_1000
W4413097235,post_ai,2025,Mathematics,9,4.0,0.4444444444444444,1.791759469228055,0.6666666666666666,0.6545768566493955,0.3333333333333333,1.002718264517516,0.9139170712894864,0.6666666666666666,openalex_pure_math_1000
W4413104979,post_ai,2025,Mathematics,5,3.0,0.6,2.3978952727983707,0.2,0.98406015037594,0.0,-0.0,0.9230896949768066,0.2,openalex_pure_math_1000
W4413122996,post_ai,2025,Mathematics,1,23.0,0.0,0.0,1.0,,0.0,-0.0,0.9463945627212524,1.0,openalex_pure_math_1000
W4413154982,post_ai,2026,Mathematics,23,18.0,0.1304347826086956,3.555348061489413,0.2608695652173913,0.6011703110563598,0.0,-0.0,0.8942818641662598,0.2608695652173913,openalex_pure_math_1000
W4413186295,post_ai,2025,Mathematics,16,6.5,0.375,2.6020033435383976,0.4375,0.8920254057868737,0.0625,0.2337916587064593,0.9130041934549809,0.4375,openalex_pure_math_1000
W4413251029,post_ai,2025,Mathematics,8,15.0,0.375,3.260310563779348,0.5,0.3717472118959107,0.0,-0.0,0.9262999445199966,0.5,openalex_pure_math_1000
W4413268795,post_ai,2025,Mathematics,11,3.0,0.5454545454545454,2.302585092994046,0.4545454545454545,0.9921636917718764,0.1818181818181818,0.6001660731596457,0.9100732749158684,0.4545454545454545,openalex_pure_math_1000
W4413270990,post_ai,2025,Mathematics,23,17.0,0.1304347826086956,4.709530201312334,0.0869565217391304,0.5088936321593739,0.0869565217391304,0.2954391918721161,0.8681655215180438,0.0869565217391304,openalex_pure_math_1000
W4413305460,post_ai,2025,Mathematics,4,11.5,0.0,2.780340815507764,0.0,0.9946828712495251,0.25,0.5623351446188083,0.915276437997818,0.0,openalex_pure_math_1000
W4413315731,post_ai,2025,Mathematics,7,9.0,0.1428571428571428,4.330733340286331,0.1428571428571428,0.6200542005420054,0.2857142857142857,0.5982695885852573,0.8773361359323774,0.1428571428571428,openalex_pure_math_1000
W4413414171,post_ai,2025,Mathematics,16,21.0,0.1875,4.97556710300174,0.1875,0.334516765285996,0.0625,0.2337916587064593,0.8966241776943207,0.1875,openalex_pure_math_1000
W4413445512,post_ai,2025,Mathematics,10,13.5,0.0,3.449861553642436,0.1,0.3297746144721233,0.1,0.3250829733914482,0.9039984703063964,0.1,openalex_pure_math_1000
W4413783865,post_ai,2025,Mathematics,3,13.0,0.0,2.3978952727983707,0.3333333333333333,0.6904761904761905,0.0,-0.0,0.8868687550226847,0.3333333333333333,openalex_pure_math_1000
W4413803102,post_ai,2025,Mathematics,17,4.0,0.2352941176470588,2.6390573296152584,0.2352941176470588,0.4917355371900826,0.0,-0.0,0.9269327275893268,0.2352941176470588,openalex_pure_math_1000
W4413803774,post_ai,2025,Mathematics,20,16.5,0.05,3.41759229307365,0.2,0.4440191387559808,0.15,0.5875009311062073,0.8951401114463806,0.2,openalex_pure_math_1000
W4413832443,post_ai,2025,Mathematics,12,4.0,0.4166666666666667,2.5375869076169133,0.25,0.5660847880299252,0.0,-0.0,0.8632083882888159,0.25,openalex_pure_math_1000
W4413898896,post_ai,2025,Mathematics,7,8.0,0.1428571428571428,4.143134726391533,0.0,0.8548934108527132,0.5714285714285714,1.277034259466139,0.8143213391304016,0.0,openalex_pure_math_1000
W4413922955,post_ai,2025,Mathematics,58,7.5,0.2586206896551724,4.051747139190485,0.0172413793103448,0.710767921201435,0.7931034482758621,1.6848991419754134,0.8963270536784468,0.0172413793103448,openalex_pure_math_1000
W4413965758,post_ai,2025,Mathematics,7,7.0,0.1428571428571428,1.9459101490553128,0.5714285714285714,0.486097794822627,0.4285714285714285,0.6829081047004717,0.8738729868616376,0.5714285714285714,openalex_pure_math_1000
W4413965761,post_ai,2023,Mathematics,6,23.0,0.0,2.0715673631957663,0.5,0.8706422018348624,0.5,0.6931471805599453,0.925080507993698,0.5,openalex_pure_math_1000
W4413972866,post_ai,2024,Mathematics,12,5.5,0.4166666666666667,3.133600274270681,0.4166666666666667,0.4305949008498583,0.0,-0.0,0.926560953259468,0.4166666666666667,openalex_pure_math_1000
W4413982564,post_ai,2025,Mathematics,19,13.0,0.2105263157894736,3.295836866004329,0.1578947368421052,0.7028788701792504,0.0,-0.0,0.9023810593705428,0.1578947368421052,openalex_pure_math_1000
W4413991540,post_ai,2025,Mathematics,4,10.5,0.25,3.1345481418531307,0.25,0.6564885496183206,0.0,-0.0,0.9126461446285248,0.25,openalex_pure_math_1000
W4414019180,post_ai,2025,Mathematics,8,19.0,0.25,2.799210979499187,0.25,0.6015761821366025,0.125,0.3767701612564367,0.9226701185107232,0.25,openalex_pure_math_1000
W4414065454,post_ai,2025,Mathematics,23,1.0,0.782608695652174,1.0986122886681098,0.7391304347826086,0.907514450867052,0.0,-0.0,0.917975788531096,0.7391304347826086,openalex_pure_math_1000
W4414071858,post_ai,2025,Mathematics,13,33.0,0.0,3.4657359027997265,0.2307692307692307,0.8602941176470589,0.3846153846153846,1.072016968563193,0.91928624189817,0.2307692307692307,openalex_pure_math_1000
W4414209454,post_ai,2025,Mathematics,21,14.0,0.238095238095238,2.6390573296152584,0.2857142857142857,0.6677248677248677,0.0952380952380952,0.3805062184775959,0.883897948832739,0.2857142857142857,openalex_pure_math_1000
W4414267606,post_ai,2025,Mathematics,21,12.0,0.0476190476190476,3.5263605246161616,0.0952380952380952,0.5393258426966292,0.0,-0.0,0.9155326939764477,0.0952380952380952,openalex_pure_math_1000
W4414362685,post_ai,2025,Mathematics,12,8.5,0.25,2.931815587799049,0.4166666666666667,0.5540540540540541,0.0,-0.0,0.9022885859012604,0.4166666666666667,openalex_pure_math_1000
W4414378445,post_ai,2025,Mathematics,3,26.0,0.3333333333333333,5.198497031265826,0.3333333333333333,0.6943972835314092,0.0,-0.0,0.8888043761253357,0.3333333333333333,openalex_pure_math_1000
W4414406722,post_ai,2025,Mathematics,17,3.0,0.5294117647058824,2.19722457733622,0.4705882352941176,0.6628090478695423,0.0588235294117647,0.2237180760658337,0.897525710218093,0.4705882352941176,openalex_pure_math_1000
W4414409496,post_ai,2025,Mathematics,35,10.0,0.1428571428571428,3.610917912644224,0.1714285714285714,0.6580402010050251,0.0571428571428571,0.2586409321067323,0.889234163079943,0.1714285714285714,openalex_pure_math_1000
W4414472334,post_ai,2025,Mathematics,7,4.0,0.4285714285714285,3.1780538303479458,0.2857142857142857,0.8880597014925373,1.0,1.078992207877583,0.7681038635117667,0.0,openalex_pure_math_1000
W4414559986,post_ai,2025,Mathematics,16,5.0,0.3125,2.756714373082491,0.5,0.5756331279945243,0.0625,0.2337916587064593,0.914912447333336,0.5,openalex_pure_math_1000
W4414596590,post_ai,2025,Mathematics,38,9.5,0.2105263157894736,2.9444389791664403,0.2368421052631578,0.3447712418300653,0.0526315789473684,0.2061920506332318,0.9192040421460804,0.2368421052631578,openalex_pure_math_1000
W4414652295,post_ai,2025,Mathematics,8,17.0,0.25,2.2499048351651325,0.375,0.970028818443804,0.0,-0.0,0.8921525627374649,0.375,openalex_pure_math_1000
W4414664212,post_ai,2025,Mathematics,9,3.0,0.5555555555555556,2.9444389791664403,0.2222222222222222,0.8854616895874263,0.4444444444444444,0.936888307539016,0.9181792736053468,0.2222222222222222,openalex_pure_math_1000
W4414676999,post_ai,2025,Mathematics,9,9.0,0.0,3.610917912644224,0.1111111111111111,0.4447108181000899,0.1111111111111111,0.3488320958430319,0.8580334848827786,0.1111111111111111,openalex_pure_math_1000
W4414704828,post_ai,2025,Mathematics,27,20.0,0.1481481481481481,4.442651256490317,0.1851851851851851,0.9159130722977132,0.8888888888888888,1.0812402882884384,0.9055638158762896,0.1851851851851851,openalex_pure_math_1000
W4414822182,post_ai,2025,Mathematics,10,13.0,0.3,2.0715673631957663,0.5,0.8075313807531381,0.0,-0.0,0.9253419697284698,0.5,openalex_pure_math_1000
W4414873664,post_ai,2025,Mathematics,6,11.5,0.0,3.332204510175204,0.3333333333333333,0.7880116959064327,0.3333333333333333,0.6365141682948128,0.8688628474871317,0.3333333333333333,openalex_pure_math_1000
W4414891876,post_ai,2025,Mathematics,4,26.0,0.0,3.990695790790035,0.25,0.7177615571776156,0.75,1.3862943611198906,0.8307016938924789,0.25,openalex_pure_math_1000
W4414962835,post_ai,2025,Mathematics,15,5.0,0.4,3.091042453358316,0.3333333333333333,0.4254032258064516,0.0666666666666666,0.2449300267946353,0.9147007981936136,0.3333333333333333,openalex_pure_math_1000
W4415043018,post_ai,2025,Mathematics,2,2.5,0.5,2.11705325229863,0.5,1.0,0.5,0.6931471805599453,0.9203051328659058,0.5,openalex_pure_math_1000
W4415047536,post_ai,2025,Mathematics,8,30.0,0.25,4.344226900425383,0.25,0.737137916126243,0.375,1.0735428464085233,0.884991742670536,0.25,openalex_pure_math_1000
W4415075643,post_ai,2025,Mathematics,7,10.0,0.0,3.58351893845611,0.1428571428571428,0.3938679245283019,0.0,-0.0,0.9175043446677073,0.1428571428571428,openalex_pure_math_1000
W4415115063,post_ai,2025,Mathematics,9,19.0,0.0,3.610917912644224,0.0,0.4609800362976406,0.2222222222222222,0.5297061990576545,0.8890735838148329,0.0,openalex_pure_math_1000
W4415142790,post_ai,2026,Mathematics,5,2.0,0.6,1.6094379124341005,0.6,0.6923076923076923,0.4,0.9502705392332348,0.879687762260437,0.6,openalex_pure_math_1000
W4415175663,post_ai,2025,Mathematics,28,8.0,0.25,3.889942557535261,0.2142857142857142,0.6920881971465629,0.5714285714285714,0.9477158526012888,0.9138783748660768,0.2142857142857142,openalex_pure_math_1000
W4415237520,post_ai,2025,Mathematics,2,9.0,0.5,3.65727641616204,0.5,0.9986684420772304,0.5,0.6931471805599453,0.9039330780506134,0.5,openalex_pure_math_1000
W4415248340,post_ai,2026,Mathematics,15,9.0,0.3333333333333333,3.6635616461296463,0.4,0.8577981651376146,0.4,0.9276173343271816,0.8865871667861939,0.4,openalex_pure_math_1000
W4415296821,post_ai,2025,Mathematics,5,7.0,0.2,2.9444389791664403,0.4,0.9700272479564032,1.0,0.6730116670092565,0.8692610263824463,0.4,openalex_pure_math_1000
W4415328465,post_ai,2026,Mathematics,9,15.0,0.1111111111111111,3.4657359027997265,0.3333333333333333,0.28,0.0,-0.0,0.917746020687951,0.3333333333333333,openalex_pure_math_1000
W4415402610,post_ai,2025,Mathematics,16,5.0,0.25,2.8903717578961645,0.125,0.5892547660311959,0.0625,0.2337916587064593,0.9257479310035706,0.125,openalex_pure_math_1000
W4415586730,post_ai,2025,Mathematics,19,7.0,0.1578947368421052,3.970291913552122,0.1052631578947368,0.5264253017062006,0.0526315789473684,0.2061920506332318,0.9040815140071669,0.1052631578947368,openalex_pure_math_1000
W4415615369,post_ai,2025,Mathematics,23,15.0,0.0869565217391304,1.9459101490553128,0.5652173913043478,0.5855614973262032,0.0434782608695652,0.1788449127168475,0.9189947377080504,0.5652173913043478,openalex_pure_math_1000
W4415634244,post_ai,2025,Mathematics,8,26.5,0.125,4.19103025871237,0.25,0.4248210023866348,0.75,0.9002560512685369,0.891111932694912,0.25,openalex_pure_math_1000
W4415641896,post_ai,2025,Mathematics,4,4.5,0.5,1.8920948169591307,0.5,0.5555555555555556,0.0,-0.0,0.9208344519138336,0.5,openalex_pure_math_1000
W4415688789,post_ai,2025,Mathematics,26,9.0,0.1153846153846153,3.2769667020129054,0.1153846153846153,0.6812847436689314,0.0384615384615384,0.1630236294943659,0.909343632367941,0.1153846153846153,openalex_pure_math_1000
W4415759018,post_ai,2025,Mathematics,7,22.0,0.0,3.6635616461296463,0.1428571428571428,0.7434944237918215,0.0,-0.0,0.8995989220482963,0.1428571428571428,openalex_pure_math_1000
W4416064733,post_ai,2025,Mathematics,6,21.5,0.1666666666666666,3.312696184003978,0.3333333333333333,0.8430273300630694,0.3333333333333333,0.8675632284814612,0.9080831408500672,0.3333333333333333,openalex_pure_math_1000
W4416225390,post_ai,2025,Mathematics,9,1.0,0.5555555555555556,1.9459101490553128,0.5555555555555556,0.598705501618123,0.2222222222222222,0.5297061990576545,0.9239457779460484,0.5555555555555556,openalex_pure_math_1000
W4416287018,post_ai,2025,Mathematics,12,2.0,0.8333333333333334,3.131699131295812,0.3333333333333333,0.9748803827751196,0.0,-0.0,0.8829152335723242,0.3333333333333333,openalex_pure_math_1000
W4416381081,post_ai,2025,Mathematics,8,2.5,0.625,2.2386684072391034,0.5,0.3663366336633663,0.0,-0.0,0.8645947873592377,0.5,openalex_pure_math_1000
W4416388671,post_ai,2025,Mathematics,41,2.0,0.7317073170731707,3.4011973816621555,0.1707317073170731,0.9862700773349196,0.5853658536585366,1.043680196432225,0.8715422066246591,0.1707317073170731,openalex_pure_math_1000
W4416460191,post_ai,2025,Mathematics,16,6.5,0.1875,2.666359396632685,0.375,0.7004437869822485,0.0,-0.0,0.8893095143139362,0.375,openalex_pure_math_1000
W4416466399,post_ai,2025,Mathematics,40,10.5,0.2,4.094205654039516,0.125,0.6894246575342465,0.8,1.3893078079386598,0.8847916692495346,0.125,openalex_pure_math_1000
W4416579688,post_ai,2025,Mathematics,4,7.0,0.5,2.8762863194128165,0.25,0.93,0.0,-0.0,0.937536120414734,0.25,openalex_pure_math_1000
W4416633604,post_ai,2025,Mathematics,9,12.0,0.1111111111111111,3.4657359027997265,0.0,0.5859106529209622,0.0,-0.0,0.889209508895874,0.0,openalex_pure_math_1000
W4416684711,post_ai,2025,Mathematics,17,9.0,0.2941176470588235,2.772588722239781,0.4117647058823529,0.5974338412189254,0.1176470588235294,0.4437572842601484,0.8808648270719192,0.4117647058823529,openalex_pure_math_1000
W4416702544,post_ai,2025,Mathematics,5,19.0,0.0,3.784189633918261,0.2,0.4472049689440994,0.6,0.6730116670092565,0.8896820664405822,0.2,openalex_pure_math_1000
W4416715511,post_ai,2025,Mathematics,10,11.5,0.3,4.002683533658331,0.3,0.5615124153498872,0.0,-0.0,0.8934857189655304,0.3,openalex_pure_math_1000
W4416758661,post_ai,2025,Mathematics,9,15.0,0.1111111111111111,3.8501476017100575,0.1111111111111111,0.7038784067085954,0.1111111111111111,0.3488320958430319,0.913438512219323,0.1111111111111111,openalex_pure_math_1000
W4416801259,post_ai,2025,Mathematics,3,12.0,0.3333333333333333,4.31748811353631,0.0,0.5414634146341464,0.0,-0.0,0.9330750703811646,0.0,openalex_pure_math_1000
W4416867265,post_ai,2025,Mathematics,11,10.0,0.1818181818181818,2.079441541679836,0.5454545454545454,0.8190184049079755,0.0,-0.0,0.9325177344408904,0.5454545454545454,openalex_pure_math_1000
W4416907084,post_ai,2025,Mathematics,19,4.0,0.4736842105263157,3.044522437723423,0.2631578947368421,0.5985130111524164,0.9473684210526316,0.2061920506332318,0.8820874377300865,0.2631578947368421,openalex_pure_math_1000
W4416915540,post_ai,2025,Mathematics,23,32.0,0.0869565217391304,3.4339872044851463,0.217391304347826,0.7589498806682577,0.7391304347826086,0.9772300460661988,0.9039272432741912,0.217391304347826,openalex_pure_math_1000
W4417042300,post_ai,2025,Mathematics,12,22.0,0.25,2.8995463272302637,0.1666666666666666,0.9165284687672748,0.3333333333333333,0.6365141682948128,0.8766683290402094,0.0833333333333333,openalex_pure_math_1000
W4417164679,post_ai,2025,Mathematics,8,10.0,0.125,3.951243718581428,0.25,0.897585103287751,0.5,0.9743147528693494,0.8387447968125343,0.25,openalex_pure_math_1000
W4417183160,post_ai,2026,Mathematics,9,8.0,0.4444444444444444,4.31748811353631,0.3333333333333333,0.4072164948453608,0.4444444444444444,0.9950269901795212,0.8517200615670946,0.2222222222222222,openalex_pure_math_1000
W4417246017,post_ai,2025,Mathematics,11,16.0,0.0,3.7612001156935615,0.0909090909090909,0.572,0.0,-0.0,0.9137653274969622,0.0909090909090909,openalex_pure_math_1000
W4417275860,post_ai,2025,Mathematics,13,8.0,0.3846153846153846,2.4849066497880004,0.3846153846153846,0.8410446921085218,0.1538461538461538,0.4293230219306162,0.8647244893587552,0.3846153846153846,openalex_pure_math_1000
W4417299808,post_ai,2025,Mathematics,9,14.0,0.2222222222222222,4.418840607796598,0.3333333333333333,0.5447368421052632,0.0,-0.0,0.9004795087708367,0.3333333333333333,openalex_pure_math_1000
W4417315472,post_ai,2025,Mathematics,25,1.0,0.84,1.791759469228055,0.72,0.9119359534206696,0.32,1.105005501825005,0.8738377356529236,0.44,openalex_pure_math_1000
W4417429711,post_ai,2025,Mathematics,21,9.0,0.1904761904761904,4.68213122712422,0.0,0.705739299610895,0.4761904761904761,1.339268536577115,0.8348081424122765,0.0,openalex_pure_math_1000
W4417434740,post_ai,2025,Mathematics,11,10.0,0.2727272727272727,3.1354942159291497,0.3636363636363636,0.7912218268090154,0.2727272727272727,0.5859526183035508,0.8883906602859497,0.3636363636363636,openalex_pure_math_1000
W4417453900,post_ai,2025,Mathematics,9,9.5,0.2222222222222222,6.754604099487962,0.3333333333333333,0.3391525731951263,0.6666666666666666,0.936888307539016,0.805717753039466,0.2222222222222222,openalex_pure_math_1000
W4417502870,post_ai,2025,Mathematics,6,8.0,0.1666666666666666,2.109753852588053,0.5,0.5818181818181818,0.0,-0.0,0.9362921913464864,0.5,openalex_pure_math_1000
W4417516914,post_ai,2025,Mathematics,3,3.0,0.6666666666666666,1.3862943611198906,0.6666666666666666,0.9555555555555556,0.0,-0.0,0.8946065505345663,0.6666666666666666,openalex_pure_math_1000
W7106034990,post_ai,2025,Mathematics,14,8.5,0.2142857142857142,3.151309487872453,0.2142857142857142,0.6985815602836879,0.0714285714285714,0.2573186405438316,0.8921145115579877,0.2142857142857142,openalex_pure_math_1000
W7116834605,post_ai,2025,Mathematics,6,16.5,0.1666666666666666,1.90333124488516,0.5,0.5416666666666666,0.1666666666666666,0.4505612088663046,0.9176566004753112,0.5,openalex_pure_math_1000
W7116896467,post_ai,2025,Mathematics,9,19.0,0.4444444444444444,3.5263605246161616,0.4444444444444444,0.5397448478900884,0.0,-0.0,0.9110023975372314,0.4444444444444444,openalex_pure_math_1000
W7117471699,post_ai,2025,Mathematics,5,20.0,0.0,1.791759469228055,0.8,0.7073170731707317,0.2,0.5004024235381879,0.9192317962646483,0.8,openalex_pure_math_1000
W7117712725,post_ai,2025,Mathematics,11,15.0,0.1818181818181818,2.70805020110221,0.1818181818181818,0.7792869269949066,0.1818181818181818,0.6001660731596457,0.928666667504744,0.1818181818181818,openalex_pure_math_1000
W7120070192,post_ai,2026,Mathematics,11,4.0,0.4545454545454545,1.3862943611198906,0.5454545454545454,0.8484848484848485,0.0909090909090909,0.3046360973492381,0.933268048546531,0.5454545454545454,openalex_pure_math_1000
W7122365029,post_ai,2026,Mathematics,8,29.0,0.0,2.7647145437557112,0.25,0.2547169811320754,0.0,-0.0,0.9167820140719414,0.25,openalex_pure_math_1000
W7122670834,post_ai,2026,Mathematics,25,6.0,0.4,2.70805020110221,0.36,0.633399209486166,0.92,1.0531198827025503,0.9200499773025512,0.36,openalex_pure_math_1000
W7123363375,post_ai,2026,Mathematics,5,38.0,0.2,3.9889840465642745,0.0,0.7178378378378378,0.4,0.9502705392332348,0.8973883032798767,0.0,openalex_pure_math_1000
W7124465309,post_ai,2026,Mathematics,11,9.0,0.3636363636363636,2.833213344056216,0.3636363636363636,0.7304347826086957,0.0909090909090909,0.3046360973492381,0.9359090653332796,0.3636363636363636,openalex_pure_math_1000
W7124794638,post_ai,2025,Mathematics,14,22.0,0.1428571428571428,2.6735537653587342,0.2857142857142857,0.8310991957104558,0.1428571428571428,0.410116318288409,0.9128971014704024,0.2857142857142857,openalex_pure_math_1000
W7125137014,post_ai,2026,Mathematics,4,25.0,0.0,5.236385372936844,0.25,0.9502533394748964,0.25,0.5623351446188083,0.8450876921415329,0.25,openalex_pure_math_1000
W7125285502,post_ai,2026,Mathematics,22,18.5,0.0454545454545454,4.099869480315394,0.2272727272727272,0.6417452830188679,0.0454545454545454,0.1849073991677756,0.9070684882727535,0.2272727272727272,openalex_pure_math_1000
W7125395462,post_ai,2026,Mathematics,8,30.5,0.375,3.319937916913268,0.375,0.7027758970886933,0.125,0.3767701612564367,0.8670691698789597,0.375,openalex_pure_math_1000
W7125592903,post_ai,2026,Mathematics,19,3.0,0.5263157894736842,2.302585092994046,0.4210526315789473,0.5967246673490276,0.0,-0.0,0.9124190995567724,0.4210526315789473,openalex_pure_math_1000
W7125943761,post_ai,2025,Mathematics,10,19.0,0.1,2.84686606940135,0.2,0.5746268656716418,1.0,0.3250829733914482,0.8563735067844391,0.2,openalex_pure_math_1000
W7126030011,post_ai,2026,Mathematics,5,22.0,0.2,2.19722457733622,0.4,0.9550379198266522,0.0,-0.0,0.905674159526825,0.4,openalex_pure_math_1000
W7126202420,post_ai,2026,Mathematics,5,11.0,0.0,1.3862943611198906,0.8,0.7368421052631579,0.0,-0.0,0.9038065314292908,0.8,openalex_pure_math_1000
W7126234501,post_ai,2026,Mathematics,12,16.5,0.1666666666666666,3.80443531459563,0.1666666666666666,0.5261958997722096,0.0833333333333333,0.2868359830561607,0.8852263490358988,0.1666666666666666,openalex_pure_math_1000
W7126276777,post_ai,2026,Mathematics,10,15.0,0.0,3.475407384221292,0.2,0.4632390745501285,0.0,-0.0,0.8894602298736572,0.2,openalex_pure_math_1000
W7127382196,post_ai,2026,Mathematics,4,20.5,0.25,2.368099224197248,0.5,0.6039603960396039,0.0,-0.0,0.9337952584028244,0.5,openalex_pure_math_1000
W7127630621,post_ai,2026,Mathematics,4,10.5,0.0,3.236945348176137,0.25,0.8027210884353742,0.25,0.5623351446188083,0.9147578328847884,0.25,openalex_pure_math_1000
W7127983928,post_ai,2026,Mathematics,13,7.0,0.3076923076923077,3.332204510175204,0.3076923076923077,0.7029657089898054,0.3076923076923077,0.9371558530657008,0.8795075691663302,0.3076923076923077,openalex_pure_math_1000
W7128161315,post_ai,2026,Mathematics,32,3.5,0.5,3.043387363456153,0.21875,0.4695121951219512,1.0,0.1390607984547411,0.906810289248824,0.21875,openalex_pure_math_1000
W7128592981,post_ai,2025,Mathematics,9,6.0,0.0,2.70805020110221,0.1111111111111111,0.898700134468848,0.0,-0.0,0.9253246055708992,0.1111111111111111,openalex_pure_math_1000
W7128622138,post_ai,2026,Mathematics,29,10.0,0.2413793103448276,3.367295829986474,0.3103448275862069,0.6169993117687543,0.6551724137931034,1.2036667863039272,0.8980874994705463,0.3103448275862069,openalex_pure_math_1000
W7128628811,post_ai,2026,Mathematics,17,7.0,0.2941176470588235,4.143134726391533,0.0588235294117647,0.5172586293146574,0.6470588235294118,0.8463658296262874,0.9337694855297312,0.0588235294117647,openalex_pure_math_1000
W7128726386,post_ai,2025,Mathematics,13,17.0,0.0,3.044522437723423,0.1538461538461538,0.9056678557273088,0.2307692307692307,0.6870920273799715,0.8526009963108943,0.0769230769230769,openalex_pure_math_1000
W7128740415,post_ai,2025,Mathematics,18,3.0,0.5555555555555556,3.449861553642436,0.2222222222222222,0.731606827545615,0.0,-0.0,0.9261469907230802,0.2222222222222222,openalex_pure_math_1000
W7128743913,post_ai,2026,Mathematics,8,30.5,0.0,4.506614998854395,0.0,0.7915690866510539,0.125,0.3767701612564367,0.9049048647284508,0.0,openalex_pure_math_1000
W7128787643,post_ai,2026,Mathematics,7,15.0,0.0,2.4849066497880004,0.4285714285714285,0.8864406779661017,0.1428571428571428,0.410116318288409,0.9056559715952192,0.4285714285714285,openalex_pure_math_1000
W7130309568,post_ai,2026,Mathematics,18,13.5,0.2222222222222222,3.525927811477947,0.2777777777777778,0.7671140939597315,0.0555555555555555,0.2145591551764051,0.9105843901634216,0.2777777777777778,openalex_pure_math_1000
W7130350276,post_ai,2026,Mathematics,9,26.0,0.0,4.23410650459726,0.1111111111111111,0.2941927249521378,0.0,-0.0,0.9150138828489516,0.1111111111111111,openalex_pure_math_1000
W7130389179,post_ai,2026,Mathematics,12,16.5,0.1666666666666666,4.574019672889401,0.25,0.808921551871475,0.1666666666666666,0.5660857389596289,0.9260233789682388,0.25,openalex_pure_math_1000
W7130644250,post_ai,2026,Mathematics,6,16.5,0.0,3.222859909692789,0.3333333333333333,0.7209302325581395,0.1666666666666666,0.4505612088663046,0.9280628363291422,0.3333333333333333,openalex_pure_math_1000
W7131065592,post_ai,2026,Mathematics,6,7.5,0.0,2.2154083994216567,0.5,0.638095238095238,0.5,0.6931471805599453,0.9106939435005188,0.5,openalex_pure_math_1000
W7131620299,post_ai,2026,Mathematics,5,24.0,0.0,5.241747015059643,0.0,0.6555697823303457,0.6,1.0549201679861442,0.8418962359428406,0.0,openalex_pure_math_1000
W7131782729,post_ai,2026,Mathematics,10,19.0,0.1,2.1910133173369406,0.5,0.3414634146341463,0.1,0.3250829733914482,0.9376272976398468,0.5,openalex_pure_math_1000
W7131789900,post_ai,2026,Mathematics,5,24.0,0.2,3.1780538303479458,0.2,0.5276769509981851,0.0,-0.0,0.9169535756111143,0.2,openalex_pure_math_1000
W7133241908,post_ai,2026,Mathematics,12,7.0,0.3333333333333333,1.90333124488516,0.5,0.4608695652173913,0.1666666666666666,0.5660857389596289,0.8937140007813772,0.5,openalex_pure_math_1000
W7133293194,post_ai,2026,Mathematics,40,9.0,0.225,3.51054198214457,0.15,0.5413563308506468,1.0,-0.0,0.8712952628731727,0.15,openalex_pure_math_1000
W7133308730,post_ai,2026,Mathematics,11,9.0,0.2727272727272727,4.060443010546419,0.2727272727272727,0.4385692068429238,0.0,-0.0,0.900617079301314,0.2727272727272727,openalex_pure_math_1000
W7134125103,post_ai,2026,Mathematics,36,8.0,0.1666666666666666,3.9316333620047863,0.1666666666666666,0.4807207207207207,0.6666666666666666,0.6365141682948128,0.9001418567366071,0.1666666666666666,openalex_pure_math_1000
W7134189454,post_ai,2026,Mathematics,18,5.0,0.3333333333333333,3.017740716262378,0.3333333333333333,0.8651345630480798,0.5,1.3485390196098022,0.9004419379764133,0.3333333333333333,openalex_pure_math_1000
W7134272669,post_ai,2026,Mathematics,7,10.0,0.0,3.784189633918261,0.0,0.9655355249204666,0.4285714285714285,0.9556998911125344,0.8634313259805951,0.0,openalex_pure_math_1000
W7134948674,post_ai,2026,Mathematics,6,53.5,0.0,5.204519646899705,0.0,0.2904468412942989,0.1666666666666666,0.4505612088663046,0.910756915807724,0.0,openalex_pure_math_1000
W7134949854,post_ai,2026,Mathematics,14,6.0,0.2857142857142857,1.5222612188617115,0.6428571428571429,0.7482014388489209,0.1428571428571428,0.509137344082687,0.9122911436217171,0.6428571428571429,openalex_pure_math_1000
W7135026262,post_ai,2026,Mathematics,6,39.0,0.0,4.9558518536537335,0.0,0.5508720930232558,0.1666666666666666,0.4505612088663046,0.8797568082809448,0.0,openalex_pure_math_1000
W7135187666,post_ai,2026,Mathematics,14,9.5,0.0714285714285714,3.5979686132377844,0.4285714285714285,0.6652930402930403,0.1428571428571428,0.509137344082687,0.91885649732181,0.4285714285714285,openalex_pure_math_1000
W7136408160,post_ai,2026,Mathematics,16,25.5,0.0,4.306978429924273,0.1875,0.4363546310054482,0.0625,0.2337916587064593,0.9033380337059498,0.1875,openalex_pure_math_1000
W7137946312,post_ai,2026,Mathematics,28,6.0,0.3571428571428571,3.5524827241349213,0.1785714285714285,0.7465441021682689,0.9285714285714286,1.037129268358,0.8763048563684736,0.1428571428571428,openalex_pure_math_1000
W7138104607,post_ai,2026,Mathematics,16,16.5,0.1875,3.607619989365049,0.25,0.4814814814814814,0.0625,0.2337916587064593,0.9210989028215408,0.25,openalex_pure_math_1000
W7138893448,post_ai,2026,Mathematics,6,9.5,0.1666666666666666,1.9459101490553128,0.6666666666666666,0.5377358490566038,0.0,-0.0,0.8508984843889872,0.5,openalex_pure_math_1000
W7138934062,post_ai,2026,Mathematics,5,1.0,0.6,2.4849066497880004,0.4,0.9617563739376772,0.2,0.5004024235381879,0.8564429879188538,0.2,openalex_pure_math_1000
W7138949426,post_ai,2026,Mathematics,5,6.0,0.0,2.3978952727983707,0.0,0.7707317073170732,0.0,-0.0,0.9194344639778136,0.0,openalex_pure_math_1000
W7139130225,post_ai,2026,Mathematics,22,16.0,0.1363636363636363,3.233849363052177,0.2272727272727272,0.7248046071575484,0.1818181818181818,0.5763820666248933,0.855093086307699,0.2272727272727272,openalex_pure_math_1000
W7139966004,post_ai,2026,Mathematics,35,11.0,0.2857142857142857,2.995732273553991,0.4,0.7101284958427816,0.0285714285714285,0.1297406947194283,0.9158174651009696,0.4,openalex_pure_math_1000
W7139989804,post_ai,2026,Mathematics,13,11.0,0.3846153846153846,1.791759469228055,0.5384615384615384,0.8845252051582649,0.0,-0.0,0.928037955210759,0.5384615384615384,openalex_pure_math_1000
W7140126341,post_ai,2026,Mathematics,9,11.0,0.2222222222222222,3.258096538021482,0.2222222222222222,0.7383399209486166,0.2222222222222222,0.5297061990576545,0.8509182996220059,0.2222222222222222,openalex_pure_math_1000
W7140673404,post_ai,2026,Mathematics,7,49.0,0.0,5.010635294096256,0.0,0.502258064516129,0.8571428571428571,1.277034259466139,0.8380329949515206,0.0,openalex_pure_math_1000
W7143408659,post_ai,2026,Mathematics,18,6.0,0.2777777777777778,2.481422315129953,0.3333333333333333,0.5181940700808625,0.0,-0.0,0.916988879442215,0.3333333333333333,openalex_pure_math_1000
W7144316079,post_ai,2026,Mathematics,17,14.0,0.0,3.4339872044851463,0.1176470588235294,0.3751412429378531,0.0,-0.0,0.8931972910376156,0.1176470588235294,openalex_pure_math_1000
W7150843314,post_ai,2026,Mathematics,14,4.5,0.2142857142857142,2.505317647048128,0.4285714285714285,0.9623352165725048,0.0714285714285714,0.2573186405438316,0.8889921605587006,0.4285714285714285,openalex_pure_math_1000
W7151746699,post_ai,2026,Mathematics,10,8.5,0.3,2.6155543084272934,0.3,0.4583333333333333,0.1,0.3250829733914482,0.9186824321746826,0.3,openalex_pure_math_1000
W7154711550,post_ai,2026,Mathematics,10,19.5,0.1,3.592693507790208,0.1,0.5828125,0.0,-0.0,0.8818758010864258,0.1,openalex_pure_math_1000
W7154745856,post_ai,2026,Mathematics,10,28.0,0.1,4.747157791248318,0.1,0.7140319715808171,0.8,1.2206072645530173,0.8891818046569824,0.1,openalex_pure_math_1000
W7154775250,post_ai,2026,Mathematics,12,9.0,0.25,2.302585092994046,0.3333333333333333,0.8545389563974267,0.1666666666666666,0.4505612088663046,0.9259232232968012,0.3333333333333333,openalex_pure_math_1000
W7155088455,post_ai,2026,Mathematics,5,10.0,0.2,0.6931471805599453,0.6,0.6071428571428571,0.2,0.5004024235381879,0.915413749217987,0.6,openalex_pure_math_1000
W7155538703,post_ai,2026,Mathematics,2,26.5,0.5,1.3195286648076292,0.5,1.0,0.0,-0.0,0.8783271312713623,0.5,openalex_pure_math_1000
W7155651583,post_ai,2026,Mathematics,9,18.0,0.0,3.091042453358316,0.2222222222222222,0.6646341463414634,0.0,-0.0,0.9188387327724032,0.2222222222222222,openalex_pure_math_1000
W7159789278,post_ai,2026,Mathematics,2,14.5,0.5,0.3465735902799726,1.0,1.0,0.5,0.6931471805599453,0.9185344874858856,1.0,openalex_pure_math_1000
W7160155891,post_ai,2026,Mathematics,12,15.5,0.0833333333333333,2.34106561356211,0.5,0.7167019027484144,0.0,-0.0,0.9244913707176844,0.5,openalex_pure_math_1000
W7160311977,post_ai,2026,Mathematics,4,28.5,0.0,3.613468009246645,0.0,0.6557971014492754,0.0,-0.0,0.8463582098484039,0.0,openalex_pure_math_1000
W7160427411,post_ai,2026,Mathematics,7,2.0,0.7142857142857143,2.302585092994046,0.4285714285714285,0.8947368421052632,0.5714285714285714,1.0042424730540764,0.9150325059890748,0.4285714285714285,openalex_pure_math_1000
W7160840747,post_ai,2026,Mathematics,22,20.0,0.0,4.209900422703795,0.0909090909090909,0.5418118466898955,0.4090909090909091,1.0597984499412791,0.8840912715955214,0.0909090909090909,openalex_pure_math_1000
W7160857981,post_ai,2026,Mathematics,17,3.0,0.5294117647058824,2.70805020110221,0.4705882352941176,0.5136612021857924,0.1176470588235294,0.4437572842601484,0.9089790126856636,0.4705882352941176,openalex_pure_math_1000
W7160985548,post_ai,2026,Mathematics,12,9.5,0.25,1.8444397270569683,0.5,0.720125786163522,0.0,-0.0,0.925140713651975,0.5,openalex_pure_math_1000
W7161636272,post_ai,2026,Mathematics,5,23.0,0.0,7.343426229147367,0.0,0.4560953530476765,0.4,0.9502705392332348,0.7853288173675537,0.0,openalex_pure_math_1000
W7161708362,post_ai,2026,Mathematics,16,5.5,0.4375,3.8512780566342912,0.1875,0.3952380952380952,0.8125,0.482577565177012,0.9125463888049126,0.1875,openalex_pure_math_1000
W7162304738,post_ai,2026,Mathematics,14,5.0,0.4285714285714285,2.0471722811110507,0.5,0.8728246318607764,0.9285714285714286,1.4894588207337585,0.8327612067971911,0.5,openalex_pure_math_1000
W7162321229,post_ai,2026,Mathematics,14,15.0,0.1428571428571428,3.4667115128653574,0.2142857142857142,0.4833110814419226,0.1428571428571428,0.509137344082687,0.9196242136614664,0.2142857142857142,openalex_pure_math_1000
W7162323013,post_ai,2026,Mathematics,7,25.0,0.1428571428571428,5.298317366548036,0.1428571428571428,0.3050221565731167,0.0,-0.0,0.8931748526436942,0.1428571428571428,openalex_pure_math_1000
W7162435074,post_ai,2026,Mathematics,11,7.0,0.3636363636363636,2.4849066497880004,0.4545454545454545,0.7640086206896551,0.0909090909090909,0.3046360973492381,0.9353290904651989,0.4545454545454545,openalex_pure_math_1000
W7162441521,post_ai,2026,Mathematics,55,21.0,0.2,4.852030263919617,0.2,0.6681856310503526,0.6727272727272727,1.82560194259344,0.8280472094362432,0.109090909090909,openalex_pure_math_1000
W7162578352,post_ai,2026,Mathematics,3,15.0,0.0,1.6094379124341005,0.6666666666666666,0.9534883720930232,0.0,-0.0,0.9623208045959472,0.6666666666666666,openalex_pure_math_1000
W7163201356,post_ai,2026,Mathematics,12,7.0,0.3333333333333333,3.1815140517702325,0.25,0.6423173803526449,0.0,-0.0,0.8692818681399027,0.25,openalex_pure_math_1000
W7163223196,post_ai,2026,Mathematics,11,5.0,0.2727272727272727,2.19722457733622,0.4545454545454545,0.7619047619047619,0.0909090909090909,0.3046360973492381,0.9360308213667436,0.4545454545454545,openalex_pure_math_1000
W7163364943,post_ai,2026,Mathematics,7,18.0,0.0,4.060443010546419,0.1428571428571428,0.3233082706766917,0.0,-0.0,0.889713100024632,0.1428571428571428,openalex_pure_math_1000
W7164202039,post_ai,2026,Mathematics,7,8.0,0.1428571428571428,1.791759469228055,0.5714285714285714,0.7789115646258503,0.1428571428571428,0.410116318288409,0.9032973306519644,0.5714285714285714,openalex_pure_math_1000
W7164369001,post_ai,2026,Mathematics,6,2.0,0.8333333333333334,1.7005986908310775,0.8333333333333334,0.3928571428571428,0.5,1.242453324894,0.8792183597882589,0.6666666666666666,openalex_pure_math_1000
W7165187865,post_ai,2026,Mathematics,8,14.5,0.125,2.6876392038420827,0.25,0.4716981132075472,0.0,-0.0,0.8937990888953209,0.25,openalex_pure_math_1000
W7165491830,post_ai,2026,Mathematics,11,6.0,0.4545454545454545,2.3978952727983707,0.4545454545454545,0.7475083056478405,0.3636363636363636,0.6554817739013927,0.9090898849747396,0.4545454545454545,openalex_pure_math_1000
W7166199119,post_ai,2026,Mathematics,22,6.5,0.4090909090909091,1.9944920232821373,0.5,0.8169717138103162,0.0454545454545454,0.1849073991677756,0.9205278889699416,0.5,openalex_pure_math_1000
W1163235289,pre_ai,2019,Mathematics,19,13.0,0.0,2.70805020110221,0.2105263157894736,0.7914517317612381,0.3684210526315789,1.0102099474266797,0.8435814349274886,0.1578947368421052,openalex_pure_math_1000
W145132230,pre_ai,2020,Mathematics,6,8.0,0.3333333333333333,2.543798167616192,0.3333333333333333,0.8930390492359932,0.0,-0.0,0.9375166098276774,0.3333333333333333,openalex_pure_math_1000
W1516182722,pre_ai,2021,Mathematics,8,34.0,0.125,3.519391770694271,0.125,0.7748404740200547,0.25,0.7356219397587946,0.918329395353794,0.125,openalex_pure_math_1000
W1598964171,pre_ai,2019,Mathematics,13,16.0,0.0769230769230769,4.990432586778736,0.0,0.5162790697674419,0.1538461538461538,0.5359610497090694,0.9044722456198472,0.0,openalex_pure_math_1000
W1611988185,pre_ai,2019,Mathematics,8,15.5,0.0,3.0677824455408693,0.375,0.3932584269662921,0.375,0.9002560512685369,0.8975076302886009,0.375,openalex_pure_math_1000
W1798208008,pre_ai,2021,Mathematics,21,13.0,0.0952380952380952,3.610917912644224,0.1428571428571428,0.5879295408605255,0.0,-0.0,0.9168353307814824,0.1428571428571428,openalex_pure_math_1000
W1811674369,pre_ai,2020,Mathematics,10,27.0,0.0,4.101788868468976,0.2,0.5756097560975609,0.1,0.3250829733914482,0.8989606201648712,0.2,openalex_pure_math_1000
W2085330978,pre_ai,2021,Mathematics,21,14.0,0.0476190476190476,3.555348061489413,0.3333333333333333,0.7016351276869374,0.0476190476190476,0.1914440819577173,0.9326156377792358,0.3333333333333333,openalex_pure_math_1000
W2139639984,pre_ai,2019,Mathematics,11,22.0,0.0909090909090909,2.70805020110221,0.4545454545454545,0.5474006116207951,0.2727272727272727,0.7595473914748635,0.8974325656890869,0.4545454545454545,openalex_pure_math_1000
W2213792970,pre_ai,2019,Mathematics,29,14.0,0.0344827586206896,3.1780538303479458,0.2068965517241379,0.5322095123419627,0.0344827586206896,0.149994923610415,0.9148711336070092,0.2068965517241379,openalex_pure_math_1000
W2241937698,pre_ai,2020,Mathematics,3,13.0,0.0,3.044522437723423,0.3333333333333333,0.9387254901960784,0.0,-0.0,0.912307600180308,0.3333333333333333,openalex_pure_math_1000
W2275433236,pre_ai,2019,Mathematics,16,8.5,0.125,3.5773076784568314,0.25,0.3648148148148148,0.0,-0.0,0.9134970791637896,0.25,openalex_pure_math_1000
W2278837276,pre_ai,2019,Mathematics,25,20.0,0.12,3.258096538021482,0.08,0.553223388305847,0.0,-0.0,0.9111180233955384,0.08,openalex_pure_math_1000
W2291392553,pre_ai,2019,Mathematics,23,13.0,0.0,3.49650756146648,0.0434782608695652,0.7721088435374149,0.6086956521739131,0.9792376509951506,0.9380596824314285,0.0434782608695652,openalex_pure_math_1000
W2333248872,pre_ai,2020,Mathematics,20,6.0,0.2,2.6020033435383976,0.3,0.609846479618846,0.0,-0.0,0.908931627869606,0.3,openalex_pure_math_1000
W2335980011,pre_ai,2021,Mathematics,17,13.0,0.0,4.110873864173311,0.0588235294117647,0.4964047252182845,0.0,-0.0,0.8953859245075899,0.0588235294117647,openalex_pure_math_1000
W2336544223,pre_ai,2019,Mathematics,22,15.0,0.0454545454545454,3.908812721526685,0.2272727272727272,0.6421568627450981,0.0454545454545454,0.1849073991677756,0.9151274751533162,0.2272727272727272,openalex_pure_math_1000
W2341163736,pre_ai,2019,Mathematics,3,15.0,0.0,2.8903717578961645,0.0,0.490566037735849,0.0,-0.0,0.9210346142450968,0.0,openalex_pure_math_1000
W2412104271,pre_ai,2021,Mathematics,22,13.0,0.0454545454545454,3.511434043041321,0.1363636363636363,0.9064120399645884,0.0,-0.0,0.9108800454573198,0.1363636363636363,openalex_pure_math_1000
W2471328753,pre_ai,2021,Mathematics,11,12.0,0.0,4.890349128221754,0.1818181818181818,0.4537876042044219,0.5454545454545454,1.2406842919533958,0.8690012747591193,0.1818181818181818,openalex_pure_math_1000
W2491892376,pre_ai,2020,Mathematics,32,2.0,1.0,1.4978661367769954,0.9375,0.362962962962963,0.1875,0.7318890680872792,0.8376302774995565,0.90625,openalex_pure_math_1000
W2544385807,pre_ai,2019,Mathematics,20,7.0,0.1,2.9303931117329327,0.3,0.502283105022831,0.1,0.3250829733914482,0.8972997546195984,0.3,openalex_pure_math_1000
W2555585121,pre_ai,2019,Mathematics,7,7.0,0.2857142857142857,1.6094379124341005,0.7142857142857143,0.5422535211267606,0.1428571428571428,0.410116318288409,0.898641722542899,0.7142857142857143,openalex_pure_math_1000
W2561592333,pre_ai,2020,Mathematics,5,7.0,0.0,3.1780538303479458,0.2,0.6231884057971014,0.0,-0.0,0.91326824426651,0.2,openalex_pure_math_1000
W2562420446,pre_ai,2021,Mathematics,4,18.0,0.0,5.465793979731144,0.0,0.390547263681592,0.0,-0.0,0.925057664513588,0.0,openalex_pure_math_1000
W2565303350,pre_ai,2021,Mathematics,11,11.0,0.0909090909090909,4.59511985013459,0.0,0.5032715376226826,0.0,-0.0,0.8966718857938593,0.0,openalex_pure_math_1000
W2565642189,pre_ai,2019,Mathematics,16,12.0,0.1875,3.448347165811356,0.25,0.588929219600726,0.1875,0.6019239717322894,0.8708589673042297,0.25,openalex_pure_math_1000
W2566019243,pre_ai,2019,Mathematics,7,18.0,0.0,4.110873864173311,0.1428571428571428,0.3421985815602837,0.2857142857142857,0.7963116401738131,0.8877456188201904,0.1428571428571428,openalex_pure_math_1000
W2570365662,pre_ai,2020,Mathematics,16,11.5,0.0625,4.062815494238532,0.0625,0.4218241042345277,0.0,-0.0,0.8988369852304459,0.0625,openalex_pure_math_1000
W2574931970,pre_ai,2021,Mathematics,27,18.0,0.037037037037037,3.8918202981106265,0.074074074074074,0.9657505412557132,0.1481481481481481,0.6248603116943127,0.9025883188954106,0.074074074074074,openalex_pure_math_1000
W2582572620,pre_ai,2019,Mathematics,14,13.5,0.2142857142857142,3.2156655409667394,0.1428571428571428,0.6308767471410419,0.0714285714285714,0.2573186405438316,0.9015762976237706,0.1428571428571428,openalex_pure_math_1000
W2584438417,pre_ai,2020,Mathematics,13,13.0,0.2307692307692307,4.465908118654584,0.0769230769230769,0.5271407837445573,0.1538461538461538,0.5359610497090694,0.9159649839768044,0.0769230769230769,openalex_pure_math_1000
W2601863808,pre_ai,2019,Mathematics,20,9.5,0.25,3.6017027605415475,0.15,0.3570875290472502,0.0,-0.0,0.9147958159446716,0.15,openalex_pure_math_1000
W2608112541,pre_ai,2020,Mathematics,8,10.0,0.0,2.827995905409926,0.375,0.829126213592233,0.0,-0.0,0.9124623462557792,0.375,openalex_pure_math_1000
W2609849737,pre_ai,2019,Mathematics,14,9.0,0.2857142857142857,2.7546941683139883,0.3571428571428571,0.573208722741433,0.0,-0.0,0.9361076525279454,0.3571428571428571,openalex_pure_math_1000
W2610762754,pre_ai,2019,Mathematics,6,8.5,0.1666666666666666,3.632714861626976,0.0,0.8350111856823266,0.0,-0.0,0.8521484533945719,0.0,openalex_pure_math_1000
W2612742503,pre_ai,2019,Mathematics,7,11.0,0.0,2.772588722239781,0.2857142857142857,0.8478835978835979,0.1428571428571428,0.410116318288409,0.9328563213348388,0.2857142857142857,openalex_pure_math_1000
W2624969120,pre_ai,2019,Mathematics,15,6.0,0.1333333333333333,3.044522437723423,0.3333333333333333,0.6165884194053208,0.2666666666666666,0.7298712099831165,0.8635298689206441,0.3333333333333333,openalex_pure_math_1000
W2684719716,pre_ai,2019,Mathematics,9,3.0,0.5555555555555556,2.6390573296152584,0.1111111111111111,0.7343096234309623,0.0,-0.0,0.919054283036126,0.1111111111111111,openalex_pure_math_1000
W2735712479,pre_ai,2019,Mathematics,4,6.0,0.5,3.742745804015377,0.25,0.5865724381625441,0.25,0.5623351446188083,0.8768063485622406,0.25,openalex_pure_math_1000
W2746451277,pre_ai,2020,Mathematics,13,11.0,0.1538461538461538,3.688879454113936,0.2307692307692307,0.7312332439678284,0.0,-0.0,0.8952096333870521,0.1538461538461538,openalex_pure_math_1000
W2750321818,pre_ai,2019,Mathematics,30,7.0,0.1666666666666666,2.833213344056216,0.3666666666666666,0.4766063630692451,0.1333333333333333,0.3926744672275521,0.9073311944802602,0.3666666666666666,openalex_pure_math_1000
W2750826767,pre_ai,2020,Mathematics,5,7.5,0.0,1.9459101490553128,0.6,0.928395061728395,0.2,0.5004024235381879,0.9133883953094484,0.6,openalex_pure_math_1000
W2754199782,pre_ai,2020,Mathematics,11,12.0,0.0909090909090909,3.688879454113936,0.1818181818181818,0.5451436388508892,0.3636363636363636,0.8599672810355049,0.8829311782663519,0.1818181818181818,openalex_pure_math_1000
W2754455881,pre_ai,2019,Mathematics,14,23.5,0.0,3.0031765798008663,0.1428571428571428,0.8165791447861965,0.2142857142857142,0.6559757323365467,0.8817472032138279,0.1428571428571428,openalex_pure_math_1000
W2756036892,pre_ai,2019,Mathematics,9,14.0,0.0,4.553876891600541,0.2222222222222222,0.3882657463330457,0.0,-0.0,0.927948706679874,0.2222222222222222,openalex_pure_math_1000
W2757366831,pre_ai,2019,Mathematics,12,17.0,0.0,3.97224608196608,0.0,0.544,0.25,0.5623351446188083,0.8939766337474188,0.0,openalex_pure_math_1000
W2758460124,pre_ai,2020,Mathematics,11,17.0,0.0909090909090909,3.912023005428146,0.1818181818181818,0.9212487411883182,0.1818181818181818,0.4741393130578373,0.874855409968983,0.1818181818181818,openalex_pure_math_1000
W2761037033,pre_ai,2021,Mathematics,4,23.5,0.0,3.039966597547795,0.25,0.8991228070175439,0.5,0.6931471805599453,0.8988510370254517,0.25,openalex_pure_math_1000
W2761107770,pre_ai,2019,Mathematics,16,11.0,0.125,2.8617925509761903,0.375,0.7123473541383989,0.375,0.6615632381579821,0.8736120574176311,0.375,openalex_pure_math_1000
W2762833824,pre_ai,2020,Mathematics,8,11.0,0.125,3.676220550121792,0.0,0.2456140350877192,0.125,0.3767701612564367,0.9120702221989632,0.0,openalex_pure_math_1000
W2764342390,pre_ai,2020,Mathematics,15,7.0,0.4,2.3978952727983707,0.4,0.9277058944341754,0.0666666666666666,0.2449300267946353,0.8907243251800537,0.4,openalex_pure_math_1000
W2766058144,pre_ai,2019,Mathematics,11,14.0,0.3636363636363636,3.6635616461296463,0.2727272727272727,0.6061068702290077,0.0,-0.0,0.9367454864762046,0.2727272727272727,openalex_pure_math_1000
W2766809506,pre_ai,2019,Mathematics,13,10.5,0.0769230769230769,2.3978952727983707,0.4615384615384615,0.3263888888888889,0.0,-0.0,0.9296314487090478,0.4615384615384615,openalex_pure_math_1000
W2767393736,pre_ai,2019,Mathematics,6,7.5,0.1666666666666666,3.803690712819896,0.0,0.3665594855305466,0.0,-0.0,0.9188313484191896,0.0,openalex_pure_math_1000
W2767482044,pre_ai,2019,Mathematics,5,13.0,0.2,5.303304908059076,0.2,0.3596757852077001,0.0,-0.0,0.8929967999458313,0.2,openalex_pure_math_1000
W2769129257,pre_ai,2019,Mathematics,7,10.0,0.0,3.4339872044851463,0.0,0.7203389830508474,0.0,-0.0,0.8909077984946114,0.0,openalex_pure_math_1000
W2769597913,pre_ai,2019,Mathematics,11,10.0,0.0,4.007333185232471,0.0909090909090909,0.4790174002047083,0.0,-0.0,0.8952655467120084,0.0909090909090909,openalex_pure_math_1000
W2770184684,pre_ai,2021,Mathematics,5,8.0,0.0,1.9459101490553128,0.6,0.6666666666666666,0.0,-0.0,0.909929382801056,0.6,openalex_pure_math_1000
W2771254611,pre_ai,2019,Mathematics,6,24.0,0.0,6.294139681030568,0.0,0.5996867847247319,0.3333333333333333,0.6365141682948128,0.859762837489446,0.0,openalex_pure_math_1000
W2774449290,pre_ai,2019,Mathematics,9,17.0,0.0,3.332204510175204,0.3333333333333333,0.7186666666666667,0.2222222222222222,0.5297061990576545,0.9030926360024346,0.3333333333333333,openalex_pure_math_1000
W2774994331,pre_ai,2020,Mathematics,8,8.5,0.375,1.7005986908310775,0.75,0.5254237288135594,0.0,-0.0,0.8853311315178871,0.75,openalex_pure_math_1000
W2778013700,pre_ai,2020,Mathematics,16,14.5,0.0625,3.978588661729738,0.125,0.4390862944162436,0.0625,0.2337916587064593,0.9067272059619428,0.125,openalex_pure_math_1000
W2780893036,pre_ai,2020,Mathematics,8,32.0,0.25,4.10151512085743,0.375,0.2553648068669528,0.125,0.3767701612564367,0.8915989696979523,0.375,openalex_pure_math_1000
W2781189462,pre_ai,2020,Mathematics,13,6.0,0.3076923076923077,3.9318256327243257,0.0,0.7518053375196232,0.1538461538461538,0.5359610497090694,0.9055802409465497,0.0,openalex_pure_math_1000
W2781508001,pre_ai,2019,Mathematics,8,12.0,0.125,2.2386684072391034,0.5,0.4449093444909344,0.0,-0.0,0.9037701562047004,0.5,openalex_pure_math_1000
W2782111078,pre_ai,2019,Mathematics,19,8.0,0.1578947368421052,3.091042453358316,0.2631578947368421,0.4370257966616085,0.1052631578947368,0.336495757583516,0.8741027116775513,0.2631578947368421,openalex_pure_math_1000
W2785801688,pre_ai,2019,Mathematics,12,12.0,0.1666666666666666,2.914472808805104,0.1666666666666666,0.9211962971754094,0.0833333333333333,0.2868359830561607,0.8725978980461756,0.0833333333333333,openalex_pure_math_1000
W2786484244,pre_ai,2020,Mathematics,6,18.0,0.3333333333333333,3.0546237913821823,0.1666666666666666,0.7789934354485777,0.0,-0.0,0.8922480841477712,0.1666666666666666,openalex_pure_math_1000
W2786684781,pre_ai,2019,Mathematics,4,4.5,0.0,3.901921651769386,0.0,0.9775694676933376,0.5,1.039720770839918,0.8369523882865906,0.0,openalex_pure_math_1000
W2786815256,pre_ai,2020,Mathematics,7,9.0,0.0,3.1780538303479458,0.1428571428571428,0.5164179104477612,0.0,-0.0,0.9004570671490261,0.1428571428571428,openalex_pure_math_1000
W2787418347,pre_ai,2019,Mathematics,15,11.0,0.0666666666666666,4.290459441148391,0.2,0.4661100196463654,0.0,-0.0,0.911549961566925,0.2,openalex_pure_math_1000
W2787895853,pre_ai,2020,Mathematics,3,19.0,0.0,4.934473933130692,0.0,0.4774346793349168,0.3333333333333333,0.6365141682948128,0.8365762631098429,0.0,openalex_pure_math_1000
W2788108715,pre_ai,2019,Mathematics,3,28.0,0.0,3.8918202981106265,0.3333333333333333,0.7969924812030075,0.3333333333333333,0.6365141682948128,0.8132253289222717,0.0,openalex_pure_math_1000
W2788774287,pre_ai,2020,Mathematics,7,32.0,0.1428571428571428,3.332204510175204,0.1428571428571428,0.5107858243451464,0.1428571428571428,0.410116318288409,0.9097941773278372,0.1428571428571428,openalex_pure_math_1000
W2790033514,pre_ai,2020,Mathematics,4,11.5,0.25,5.730099782973575,0.25,0.6237513873473918,0.0,-0.0,0.9183110594749452,0.25,openalex_pure_math_1000
W2791983059,pre_ai,2021,Mathematics,2,51.5,0.0,6.840806692082129,0.0,0.5259219668626403,0.0,-0.0,0.8611683249473572,0.0,openalex_pure_math_1000
W2794404060,pre_ai,2020,Mathematics,28,8.0,0.25,3.3140206880897667,0.1785714285714285,0.5429169574319609,0.0357142857142857,0.1540761036710294,0.9102131639208112,0.1785714285714285,openalex_pure_math_1000
W2794494130,pre_ai,2020,Mathematics,10,8.0,0.1,2.8762863194128165,0.4,0.3404710920770878,0.0,-0.0,0.9100108683109284,0.4,openalex_pure_math_1000
W2794872446,pre_ai,2020,Mathematics,5,3.0,0.6,1.0986122886681098,0.6,0.9734513274336284,0.0,-0.0,0.8832126379013061,0.6,openalex_pure_math_1000
W2795578374,pre_ai,2020,Mathematics,17,6.0,0.1176470588235294,3.258096538021482,0.1176470588235294,0.35375,0.0,-0.0,0.9009698629379272,0.1176470588235294,openalex_pure_math_1000
W2796527172,pre_ai,2021,Mathematics,4,25.5,0.25,5.250006847245824,0.25,0.7409438026238496,0.25,0.5623351446188083,0.8657349795103073,0.25,openalex_pure_math_1000
W2798647499,pre_ai,2019,Mathematics,6,6.5,0.3333333333333333,1.7005986908310775,0.6666666666666666,0.5698701298701299,0.0,-0.0,0.9413936833540598,0.6666666666666666,openalex_pure_math_1000
W2801293213,pre_ai,2019,Mathematics,11,15.0,0.0909090909090909,4.356708826689592,0.0909090909090909,0.7490872884168602,0.5454545454545454,0.6890092384766586,0.8672488277608698,0.0909090909090909,openalex_pure_math_1000
W2804295175,pre_ai,2019,Mathematics,15,6.0,0.2666666666666666,2.8903717578961645,0.3333333333333333,0.8298631766805473,0.0666666666666666,0.2449300267946353,0.9210393349329632,0.3333333333333333,openalex_pure_math_1000
W2804609999,pre_ai,2020,Mathematics,11,11.0,0.0,2.70805020110221,0.3636363636363636,0.9041884816753928,0.0,-0.0,0.9082823395729064,0.3636363636363636,openalex_pure_math_1000
W2804833298,pre_ai,2019,Mathematics,23,6.0,0.391304347826087,3.5263605246161616,0.2608695652173913,0.7860592611930557,0.2608695652173913,0.9208326693554344,0.8941334278687186,0.2608695652173913,openalex_pure_math_1000
W2805287420,pre_ai,2020,Mathematics,6,6.0,0.3333333333333333,2.770631772579213,0.1666666666666666,0.6714975845410628,0.0,-0.0,0.8472216626008352,0.1666666666666666,openalex_pure_math_1000
W2806487798,pre_ai,2019,Mathematics,17,8.5,0.1176470588235294,3.912023005428146,0.1764705882352941,0.8352721528076978,0.1764705882352941,0.4659992569610426,0.9008362468551186,0.1764705882352941,openalex_pure_math_1000
W2807205674,pre_ai,2020,Mathematics,13,17.0,0.0,2.70805020110221,0.3076923076923077,0.8067796610169492,0.0769230769230769,0.2711893730418441,0.9144675777508662,0.3076923076923077,openalex_pure_math_1000
W2807781627,pre_ai,2020,Mathematics,11,12.5,0.2727272727272727,3.044522437723423,0.4545454545454545,0.9162462159434914,0.0,-0.0,0.9139271107586948,0.4545454545454545,openalex_pure_math_1000
W2808562804,pre_ai,2019,Mathematics,23,6.0,0.1739130434782608,2.8903717578961645,0.3478260869565217,0.6302083333333334,0.2608695652173913,0.6915021980540986,0.9215936531191288,0.3478260869565217,openalex_pure_math_1000
W2809692119,pre_ai,2020,Mathematics,16,24.0,0.0625,4.269966339192864,0.0625,0.7261917400997983,0.125,0.3767701612564367,0.9001656174659729,0.0625,openalex_pure_math_1000
W2809764981,pre_ai,2019,Mathematics,6,21.5,0.1666666666666666,3.352207177482053,0.1666666666666666,0.9473191046330036,0.3333333333333333,0.8675632284814612,0.8869597812493643,0.1666666666666666,openalex_pure_math_1000
W2809846745,pre_ai,2019,Mathematics,6,10.0,0.3333333333333333,3.015342630130632,0.1666666666666666,0.5777777777777777,0.1666666666666666,0.4505612088663046,0.9029409885406494,0.1666666666666666,openalex_pure_math_1000
W2809991798,pre_ai,2019,Mathematics,9,11.0,0.2222222222222222,3.5263605246161616,0.2222222222222222,0.6427255985267035,0.1111111111111111,0.3488320958430319,0.8903891974025302,0.2222222222222222,openalex_pure_math_1000
W2811281537,pre_ai,2020,Mathematics,18,11.5,0.1111111111111111,3.931056105831374,0.1666666666666666,0.6582320078869537,0.0555555555555555,0.2145591551764051,0.892287919918696,0.1666666666666666,openalex_pure_math_1000
W2811354873,pre_ai,2020,Mathematics,15,16.0,0.0666666666666666,3.555348061489413,0.2666666666666666,0.6836706404214028,0.7333333333333333,1.1369165918330009,0.8591624736785889,0.2666666666666666,openalex_pure_math_1000
W2827646652,pre_ai,2019,Mathematics,1,19.0,0.0,3.4011973816621555,0.0,1.0,0.0,-0.0,0.892568826675415,0.0,openalex_pure_math_1000
W2883166170,pre_ai,2020,Mathematics,3,16.0,0.0,4.6443908991413725,0.3333333333333333,0.7710583153347732,0.3333333333333333,0.6365141682948128,0.8941230972607931,0.3333333333333333,openalex_pure_math_1000
W2883502144,pre_ai,2019,Mathematics,8,6.0,0.25,3.090008326826286,0.125,0.3036437246963562,0.0,-0.0,0.9235735163092612,0.125,openalex_pure_math_1000
W2885357904,pre_ai,2020,Mathematics,14,5.5,0.2857142857142857,3.198464827608073,0.0714285714285714,0.7366336633663366,0.1428571428571428,0.410116318288409,0.8957585436957223,0.0714285714285714,openalex_pure_math_1000
W2885833191,pre_ai,2019,Mathematics,3,14.0,0.0,3.5263605246161616,0.3333333333333333,0.5348837209302325,0.0,-0.0,0.9255971511205038,0.3333333333333333,openalex_pure_math_1000
W2886563262,pre_ai,2020,Mathematics,12,10.0,0.0,2.827995905409926,0.1666666666666666,0.6898148148148148,0.1666666666666666,0.5660857389596289,0.902646948893865,0.1666666666666666,openalex_pure_math_1000
W2886891225,pre_ai,2021,Mathematics,14,16.0,0.0,3.0827089271157098,0.3571428571428571,0.7902659307576518,0.2142857142857142,0.7549967581308246,0.8730147778987885,0.2857142857142857,openalex_pure_math_1000
W2887068075,pre_ai,2020,Mathematics,8,8.0,0.125,4.354650024472495,0.25,0.3019108280254777,0.0,-0.0,0.8945424258708954,0.25,openalex_pure_math_1000
W2887679804,pre_ai,2020,Mathematics,10,22.5,0.1,3.780040232510913,0.2,0.328928046989721,1.0,0.3250829733914482,0.8923644781112671,0.2,openalex_pure_math_1000
W2888036582,pre_ai,2019,Mathematics,34,13.0,0.1764705882352941,4.060443010546419,0.1764705882352941,0.5289173504102461,0.0294117647058823,0.1326914208398717,0.9110546375022216,0.1764705882352941,openalex_pure_math_1000
W2888302616,pre_ai,2021,Mathematics,20,9.0,0.15,2.8029010331479984,0.35,0.709136109384711,0.1,0.3943976914474427,0.9003079891204834,0.35,openalex_pure_math_1000
W2888614394,pre_ai,2019,Mathematics,31,4.0,0.4838709677419355,3.4339872044851463,0.0,0.6271964856230032,0.3870967741935484,0.667431707658747,0.870622206118799,0.0,openalex_pure_math_1000
W2888673564,pre_ai,2020,Mathematics,9,13.0,0.0,3.4657359027997265,0.1111111111111111,0.2446483180428134,0.0,-0.0,0.89641715420617,0.1111111111111111,openalex_pure_math_1000
W2889641992,pre_ai,2019,Mathematics,6,14.0,0.1666666666666666,2.2154083994216567,0.5,0.4583333333333333,0.0,-0.0,0.9037310779094696,0.5,openalex_pure_math_1000
W2890497581,pre_ai,2020,Mathematics,9,8.0,0.2222222222222222,3.1354942159291497,0.1111111111111111,0.8539911752908143,0.2222222222222222,0.6837389058487535,0.8707379235161675,0.1111111111111111,openalex_pure_math_1000
W2891091164,pre_ai,2020,Mathematics,9,18.0,0.2222222222222222,2.995732273553991,0.3333333333333333,0.7715231788079471,0.0,-0.0,0.9166971776220534,0.3333333333333333,openalex_pure_math_1000
W2891437701,pre_ai,2019,Mathematics,41,8.0,0.2926829268292683,3.1354942159291497,0.2926829268292683,0.7592236740968485,0.073170731707317,0.3421507479335112,0.8830441178345099,0.2926829268292683,openalex_pure_math_1000
W2891566952,pre_ai,2020,Mathematics,13,7.0,0.2307692307692307,4.465908118654584,0.0769230769230769,0.555735056542811,0.0,-0.0,0.9210365414619446,0.0769230769230769,openalex_pure_math_1000
W2894742427,pre_ai,2021,Mathematics,9,32.0,0.0,3.258096538021482,0.1111111111111111,0.3198090692124105,0.2222222222222222,0.5297061990576545,0.9147657818264432,0.1111111111111111,openalex_pure_math_1000
W2895189036,pre_ai,2019,Mathematics,4,6.0,0.5,1.3862943611198906,0.5,0.7457627118644068,0.0,-0.0,0.8654863834381104,0.5,openalex_pure_math_1000
W2897447471,pre_ai,2021,Mathematics,8,26.0,0.125,2.19722457733622,0.375,0.7060301507537688,0.0,-0.0,0.9068328440189362,0.375,openalex_pure_math_1000
W2897566020,pre_ai,2021,Mathematics,15,8.0,0.3333333333333333,2.6390573296152584,0.4,0.6457191058625052,0.0,-0.0,0.9295228719711304,0.4,openalex_pure_math_1000
W2897644463,pre_ai,2019,Mathematics,12,7.5,0.25,3.21162348176676,0.25,0.5844444444444444,0.5,0.9184277849930976,0.9071195423603058,0.25,openalex_pure_math_1000
W2898030726,pre_ai,2021,Mathematics,6,17.5,0.0,3.3140206880897667,0.0,0.3833333333333333,0.5,1.0114042647073516,0.8816245396931967,0.0,openalex_pure_math_1000
W2898189479,pre_ai,2021,Mathematics,22,8.5,0.0454545454545454,2.5249280036247685,0.4090909090909091,0.619644723092999,0.1363636363636363,0.4851045003909404,0.8795233504338698,0.4090909090909091,openalex_pure_math_1000
W2898393198,pre_ai,2019,Mathematics,5,18.0,0.2,3.4657359027997265,0.0,0.7408088235294118,0.2,0.5004024235381879,0.9174040675163267,0.0,openalex_pure_math_1000
W2898501522,pre_ai,2019,Mathematics,23,3.0,0.5217391304347826,4.442651256490317,0.0434782608695652,0.5106968862529125,0.782608695652174,0.5235863374812598,0.8930652063825856,0.0434782608695652,openalex_pure_math_1000
W2898994548,pre_ai,2020,Mathematics,5,13.0,0.2,4.290459441148391,0.2,0.4830458060678168,0.6,1.0549201679861442,0.8927621603012085,0.2,openalex_pure_math_1000
W2899182049,pre_ai,2019,Mathematics,8,21.5,0.25,3.64989868337908,0.25,0.2923497267759563,0.0,-0.0,0.901422418653965,0.25,openalex_pure_math_1000
W2901480341,pre_ai,2021,Mathematics,5,28.0,0.2,3.5263605246161616,0.2,0.7718491260349586,0.0,-0.0,0.8813284516334534,0.2,openalex_pure_math_1000
W2901583595,pre_ai,2019,Mathematics,5,8.0,0.2,4.290459441148391,0.2,0.6687344913151365,0.2,0.5004024235381879,0.8793272852897644,0.2,openalex_pure_math_1000
W2901832352,pre_ai,2019,Mathematics,8,6.0,0.125,2.470821211304652,0.5,0.4150197628458498,0.0,-0.0,0.9270046278834344,0.5,openalex_pure_math_1000
W2902489114,pre_ai,2021,Mathematics,17,12.0,0.0,2.9444389791664403,0.1176470588235294,0.2469512195121951,0.0588235294117647,0.2237180760658337,0.8761150381144356,0.1176470588235294,openalex_pure_math_1000
W2903833151,pre_ai,2021,Mathematics,15,7.0,0.2,3.044522437723423,0.4666666666666667,0.9298507462686568,0.0666666666666666,0.2449300267946353,0.9113720178604126,0.4666666666666667,openalex_pure_math_1000
W2905314534,pre_ai,2019,Mathematics,7,24.0,0.1428571428571428,3.1780538303479458,0.4285714285714285,0.4146341463414634,0.7142857142857143,0.9556998911125344,0.900899316583361,0.4285714285714285,openalex_pure_math_1000
W2905515873,pre_ai,2019,Mathematics,8,3.0,0.75,1.844439727056968,0.625,0.2244897959183673,0.25,0.5623351446188083,0.8916017636656761,0.625,openalex_pure_math_1000
W2905663021,pre_ai,2020,Mathematics,11,9.0,0.2727272727272727,3.4011973816621555,0.1818181818181818,0.5290923196276183,0.0,-0.0,0.9026690775697882,0.1818181818181818,openalex_pure_math_1000
W2906741075,pre_ai,2020,Mathematics,13,9.0,0.0769230769230769,3.970291913552122,0.3076923076923077,0.7325581395348837,0.0,-0.0,0.8817336421746474,0.3076923076923077,openalex_pure_math_1000
W2906818351,pre_ai,2020,Mathematics,9,7.0,0.3333333333333333,2.4849066497880004,0.2222222222222222,0.3844897959183673,0.6666666666666666,1.310783678099714,0.8794842693540785,0.2222222222222222,openalex_pure_math_1000
W2907083254,pre_ai,2021,Mathematics,32,9.5,0.21875,3.64989868337908,0.28125,0.735723486474882,0.125,0.3767701612564367,0.908301716670394,0.28125,openalex_pure_math_1000
W2907652257,pre_ai,2020,Mathematics,17,14.0,0.1764705882352941,5.010635294096256,0.0588235294117647,0.4751280175566935,0.8235294117647058,0.4659992569610426,0.8935297973015729,0.0588235294117647,openalex_pure_math_1000
W2907735425,pre_ai,2019,Mathematics,11,15.0,0.1818181818181818,3.6635616461296463,0.2727272727272727,0.4504132231404958,0.2727272727272727,0.8855741515766717,0.8492634242231195,0.0909090909090909,openalex_pure_math_1000
W2908605925,pre_ai,2020,Mathematics,17,12.0,0.1764705882352941,3.610917912644224,0.1764705882352941,0.6166407465007776,0.0,-0.0,0.9313098928507636,0.1764705882352941,openalex_pure_math_1000
W2908618607,pre_ai,2019,Mathematics,4,11.0,0.0,2.5649493574615367,0.25,0.3333333333333333,0.25,0.5623351446188083,0.9105683267116548,0.25,openalex_pure_math_1000
W2908819577,pre_ai,2021,Mathematics,8,7.5,0.125,3.1917533174420027,0.25,0.649002849002849,0.5,0.9743147528693494,0.8726441785693169,0.25,openalex_pure_math_1000
W2909379461,pre_ai,2019,Mathematics,9,16.0,0.0,3.555348061489413,0.1111111111111111,0.943295924394566,0.2222222222222222,0.6837389058487535,0.9087611966662936,0.1111111111111111,openalex_pure_math_1000
W2909704116,pre_ai,2019,Mathematics,9,17.0,0.1111111111111111,2.833213344056216,0.2222222222222222,0.5147286821705427,0.0,-0.0,0.9505170716179742,0.2222222222222222,openalex_pure_math_1000
W2909895790,pre_ai,2019,Mathematics,8,12.0,0.0,3.4923581600591325,0.125,0.3816689466484268,0.0,-0.0,0.9361767172813416,0.125,openalex_pure_math_1000
W2910152375,pre_ai,2020,Mathematics,16,5.0,0.3125,2.0715673631957663,0.5,0.7348837209302326,0.0625,0.2337916587064593,0.9133453108370304,0.5,openalex_pure_math_1000
W2911009994,pre_ai,2019,Mathematics,28,7.0,0.0714285714285714,3.643780320154862,0.1428571428571428,0.7941605839416058,0.9642857142857144,1.280422778286167,0.8946202908243451,0.1428571428571428,openalex_pure_math_1000
W2911193902,pre_ai,2021,Mathematics,20,16.0,0.15,3.3140206880897667,0.4,0.5011019603294281,0.25,0.7999027794271169,0.885466456413269,0.4,openalex_pure_math_1000
W2911282727,pre_ai,2019,Mathematics,4,12.0,0.25,3.268345798795653,0.25,0.5555555555555556,0.0,-0.0,0.8831267803907394,0.25,openalex_pure_math_1000
W2911373161,pre_ai,2020,Mathematics,4,20.5,0.0,4.165672712422863,0.0,0.636,0.5,1.039720770839918,0.8656244874000549,0.0,openalex_pure_math_1000
W2911493095,pre_ai,2019,Mathematics,4,9.0,0.0,3.005633587202081,0.25,0.4375,0.5,0.6931471805599453,0.8595276474952698,0.25,openalex_pure_math_1000
W2911656451,pre_ai,2019,Mathematics,3,6.0,0.0,2.70805020110221,0.0,0.5,0.3333333333333333,0.6365141682948128,0.889761209487915,0.0,openalex_pure_math_1000
W2911660041,pre_ai,2019,Mathematics,8,37.5,0.0,6.253321897896077,0.0,0.294881588999236,1.0,0.3767701612564367,0.8897088915109634,0.0,openalex_pure_math_1000
W2912013006,pre_ai,2019,Mathematics,31,37.0,0.0,3.5263605246161616,0.1290322580645161,0.8747017624874933,0.4193548387096774,1.1374310712594131,0.9158836968483464,0.1290322580645161,openalex_pure_math_1000
W2912321878,pre_ai,2019,Mathematics,7,21.0,0.0,3.367295829986474,0.0,0.8471454880294659,0.1428571428571428,0.410116318288409,0.9145708169255938,0.0,openalex_pure_math_1000
W2912785194,pre_ai,2019,Mathematics,2,33.0,0.5,3.323195257423865,0.0,0.8941176470588236,0.0,-0.0,0.9158139526844024,0.0,openalex_pure_math_1000
W2912877298,pre_ai,2021,Mathematics,5,19.0,0.0,2.3978952727983707,0.4,0.3387096774193548,0.0,-0.0,0.90733243227005,0.4,openalex_pure_math_1000
W2912915681,pre_ai,2019,Mathematics,22,15.0,0.0,3.524627420627918,0.1363636363636363,0.8124430264357339,0.6363636363636364,1.225238924971996,0.8866461948914961,0.1363636363636363,openalex_pure_math_1000
W2912943704,pre_ai,2019,Mathematics,17,7.0,0.0588235294117647,3.1780538303479458,0.1176470588235294,0.7565492321589883,0.7058823529411765,1.4987396466238831,0.879981114583857,0.1176470588235294,openalex_pure_math_1000
W2912951779,pre_ai,2019,Mathematics,93,8.0,0.1720430107526881,4.07753744390572,0.053763440860215,0.7503982477100757,0.6129032258064516,1.5326938043810836,0.8449111394984747,0.032258064516129,openalex_pure_math_1000
W2913384644,pre_ai,2019,Mathematics,18,9.5,0.1111111111111111,2.2386684072391034,0.5,0.4447300771208226,0.0555555555555555,0.2145591551764051,0.9074631134668986,0.5,openalex_pure_math_1000
W2913400840,pre_ai,2020,Mathematics,6,20.0,0.1666666666666666,4.017477512251079,0.3333333333333333,0.3922413793103448,0.0,-0.0,0.8631334404150645,0.3333333333333333,openalex_pure_math_1000
W2913494836,pre_ai,2019,Mathematics,16,8.0,0.125,2.8995463272302637,0.3125,0.9096668230877524,0.125,0.46341355882643,0.9019349329173564,0.3125,openalex_pure_math_1000
W2913588552,pre_ai,2019,Mathematics,8,12.0,0.0,3.1549591391132585,0.0,0.3879310344827586,0.125,0.3767701612564367,0.8918542042374611,0.0,openalex_pure_math_1000
W2913598935,pre_ai,2019,Mathematics,11,6.0,0.3636363636363636,2.302585092994046,0.4545454545454545,0.7012987012987013,0.0,-0.0,0.8874056393449957,0.4545454545454545,openalex_pure_math_1000
W2913711723,pre_ai,2020,Mathematics,11,17.5,0.1818181818181818,3.258096538021482,0.2727272727272727,0.5515981735159817,0.0,-0.0,0.8992332382635637,0.2727272727272727,openalex_pure_math_1000
W2913988336,pre_ai,2019,Mathematics,7,40.0,0.0,1.3862943611198906,0.5714285714285714,0.6671664167916042,0.1428571428571428,0.410116318288409,0.9248592002051216,0.5714285714285714,openalex_pure_math_1000
W2914204117,pre_ai,2019,Mathematics,10,4.5,0.4,3.3702596798031115,0.3,0.3385753931544866,0.1,0.3250829733914482,0.8963882923126221,0.3,openalex_pure_math_1000
W2914543177,pre_ai,2020,Mathematics,9,9.0,0.0,3.332204510175204,0.2222222222222222,0.2482517482517482,0.0,-0.0,0.9185749226146274,0.2222222222222222,openalex_pure_math_1000
W2914571809,pre_ai,2019,Mathematics,6,2.0,0.6666666666666666,1.6094379124341005,0.6666666666666666,0.9788182831661092,0.3333333333333333,0.6365141682948128,0.9032075603803,0.6666666666666666,openalex_pure_math_1000
W2914895819,pre_ai,2019,Mathematics,8,7.5,0.25,2.8903717578961645,0.125,0.3864168618266979,0.5,0.9743147528693494,0.882365882396698,0.125,openalex_pure_math_1000
W2914937518,pre_ai,2019,Mathematics,20,16.5,0.15,3.713274536198652,0.2,0.7571709233791748,0.0,-0.0,0.9392424017190932,0.2,openalex_pure_math_1000
W2915627528,pre_ai,2019,Mathematics,10,8.5,0.4,2.649158683274018,0.5,0.6501766784452296,0.1,0.3250829733914482,0.9128770530223846,0.5,openalex_pure_math_1000
W2917210288,pre_ai,2019,Mathematics,5,10.0,0.2,3.332204510175204,0.2,0.7490494296577946,0.4,0.6730116670092565,0.9183655858039856,0.2,openalex_pure_math_1000
W2917288338,pre_ai,2019,Mathematics,3,10.0,0.3333333333333333,3.7612001156935615,0.3333333333333333,0.7103448275862069,0.3333333333333333,0.6365141682948128,0.8865989446640015,0.3333333333333333,openalex_pure_math_1000
W2917866716,pre_ai,2019,Mathematics,5,6.0,0.2,3.091042453358316,0.0,0.5,0.0,-0.0,0.91604483127594,0.0,openalex_pure_math_1000
W2918056951,pre_ai,2021,Mathematics,7,12.0,0.0,5.056245805348308,0.0,0.5614607107923052,0.0,-0.0,0.9056972435542516,0.0,openalex_pure_math_1000
W2918377240,pre_ai,2021,Mathematics,22,8.5,0.0909090909090909,3.151309487872453,0.1818181818181818,0.6148969889064976,0.0909090909090909,0.3676494774001422,0.8900792571631345,0.1818181818181818,openalex_pure_math_1000
W2920245451,pre_ai,2020,Mathematics,5,16.0,0.4,3.49650756146648,0.4,0.503834611537179,0.0,-0.0,0.9011056184768677,0.4,openalex_pure_math_1000
W2920398046,pre_ai,2021,Mathematics,8,9.0,0.125,2.34106561356211,0.25,0.8991935483870968,0.125,0.3767701612564367,0.8768767714500427,0.25,openalex_pure_math_1000
W2920655750,pre_ai,2020,Mathematics,2,39.0,0.0,4.357694048683241,0.0,0.7283236994219653,0.0,-0.0,0.8615460097789764,0.0,openalex_pure_math_1000
W2920694079,pre_ai,2019,Mathematics,5,6.0,0.0,2.70805020110221,0.2,0.5852272727272727,0.0,-0.0,0.891799521446228,0.2,openalex_pure_math_1000
W2920799022,pre_ai,2019,Mathematics,16,1.5,0.875,2.297559925067296,0.4375,0.5042372881355932,0.4375,0.9840865030829148,0.8601848408579826,0.4375,openalex_pure_math_1000
W2920908579,pre_ai,2019,Mathematics,9,12.0,0.1111111111111111,3.091042453358316,0.0,0.5502692998204668,0.0,-0.0,0.8891062272919549,0.0,openalex_pure_math_1000
W2921450000,pre_ai,2020,Mathematics,6,25.5,0.1666666666666666,3.849921203698493,0.1666666666666666,0.8381804623415362,0.1666666666666666,0.4505612088663046,0.8957614401976267,0.1666666666666666,openalex_pure_math_1000
W2921826762,pre_ai,2019,Mathematics,9,11.0,0.1111111111111111,3.951243718581428,0.1111111111111111,0.4891551332369345,0.1111111111111111,0.3488320958430319,0.8884109920925565,0.1111111111111111,openalex_pure_math_1000
W2922456304,pre_ai,2020,Mathematics,11,9.5,0.3636363636363636,1.9459101490553128,0.5454545454545454,0.7383177570093458,0.0,-0.0,0.9109193086624146,0.5454545454545454,openalex_pure_math_1000
W2924323571,pre_ai,2019,Mathematics,5,3.0,0.6,1.0986122886681098,0.6,0.6333333333333333,0.0,-0.0,0.9186692476272584,0.6,openalex_pure_math_1000
W2924786408,pre_ai,2019,Mathematics,10,11.0,0.0,1.791759469228055,0.7,0.9675834970530452,0.0,-0.0,0.9242700815200806,0.7,openalex_pure_math_1000
W2925219180,pre_ai,2019,Mathematics,7,20.5,0.1428571428571428,2.772588722239781,0.2857142857142857,0.973169923815833,0.2857142857142857,0.7963116401738131,0.8842630216053554,0.2857142857142857,openalex_pure_math_1000
W2925453803,pre_ai,2019,Mathematics,11,13.0,0.0,3.9318256327243257,0.1818181818181818,0.6296296296296297,0.1818181818181818,0.6001660731596457,0.8716153231534091,0.1818181818181818,openalex_pure_math_1000
W2925641417,pre_ai,2020,Mathematics,13,19.0,0.0769230769230769,1.3862943611198906,0.6153846153846154,0.7993079584775087,0.1538461538461538,0.4293230219306162,0.8755386334199172,0.6153846153846154,openalex_pure_math_1000
W2926185638,pre_ai,2019,Mathematics,3,35.0,0.0,3.091042453358316,0.0,0.5072463768115942,0.0,-0.0,0.9348266323407493,0.0,openalex_pure_math_1000
W2927651154,pre_ai,2021,Mathematics,17,15.0,0.0,3.1354942159291497,0.1176470588235294,0.5950323974082073,0.1176470588235294,0.362210557135449,0.8922482658835018,0.1176470588235294,openalex_pure_math_1000
W2929009199,pre_ai,2019,Mathematics,4,7.0,0.25,2.858513850703111,0.25,0.8371040723981901,0.75,1.039720770839918,0.9168868809938432,0.25,openalex_pure_math_1000
W2932051495,pre_ai,2019,Mathematics,9,18.0,0.1111111111111111,2.9444389791664403,0.2222222222222222,0.2845849802371542,0.7777777777777778,1.0608569471580214,0.8676176932122972,0.2222222222222222,openalex_pure_math_1000
W2935507029,pre_ai,2019,Mathematics,9,6.0,0.2222222222222222,3.555348061489413,0.3333333333333333,0.6246498599439776,0.2222222222222222,0.6837389058487535,0.8787145084804959,0.2222222222222222,openalex_pure_math_1000
W2936095799,pre_ai,2019,Mathematics,4,6.5,0.25,2.3221954495706862,0.5,0.6507936507936508,0.0,-0.0,0.9167517870664595,0.5,openalex_pure_math_1000
W2937267681,pre_ai,2021,Mathematics,7,10.0,0.0,3.218875824868201,0.1428571428571428,0.4891891891891892,0.1428571428571428,0.410116318288409,0.8966218403407505,0.1428571428571428,openalex_pure_math_1000
W2937456597,pre_ai,2020,Mathematics,9,4.0,0.3333333333333333,2.3978952727983707,0.4444444444444444,0.3464285714285714,0.0,-0.0,0.9332672092649672,0.4444444444444444,openalex_pure_math_1000
W2937651025,pre_ai,2019,Mathematics,8,15.0,0.375,3.838931750339105,0.25,0.7741935483870968,0.125,0.3767701612564367,0.906199797987938,0.25,openalex_pure_math_1000
W2937794741,pre_ai,2020,Mathematics,6,2.5,0.5,1.3862943611198906,0.6666666666666666,0.872255489021956,0.0,-0.0,0.917370210091273,0.6666666666666666,openalex_pure_math_1000
W2937834843,pre_ai,2020,Mathematics,6,8.0,0.3333333333333333,2.914472808805104,0.1666666666666666,0.4495412844036697,0.1666666666666666,0.4505612088663046,0.8777793049812317,0.1666666666666666,openalex_pure_math_1000
W2939892234,pre_ai,2019,Mathematics,8,18.5,0.0,3.377302049743981,0.125,0.2676579925650557,0.0,-0.0,0.8944897875189781,0.125,openalex_pure_math_1000
W2940114117,pre_ai,2021,Mathematics,26,10.5,0.2307692307692307,2.914472808805104,0.1923076923076923,0.7933690555927663,0.0,-0.0,0.8993776257221515,0.1923076923076923,openalex_pure_math_1000
W2940534438,pre_ai,2019,Mathematics,6,4.0,0.5,1.1512925464970227,0.6666666666666666,0.8,0.0,-0.0,0.9341283440589904,0.6666666666666666,openalex_pure_math_1000
W2940759125,pre_ai,2019,Mathematics,17,11.0,0.0588235294117647,3.258096538021482,0.1764705882352941,0.3951715374841169,0.8235294117647058,0.6779087256441981,0.9185856545672696,0.1764705882352941,openalex_pure_math_1000
W2940983148,pre_ai,2019,Mathematics,6,27.5,0.1666666666666666,3.2896256060050506,0.3333333333333333,0.7568181818181818,0.0,-0.0,0.8869179983933767,0.3333333333333333,openalex_pure_math_1000
W2941037045,pre_ai,2020,Mathematics,33,3.0,0.7272727272727273,3.7612001156935615,0.0909090909090909,0.773118447817243,0.9090909090909092,0.56930867810557,0.8528741417509137,0.0909090909090909,openalex_pure_math_1000
W2942069277,pre_ai,2019,Mathematics,9,8.0,0.1111111111111111,3.688879454113936,0.2222222222222222,0.6209193870752832,0.5555555555555556,1.0608569471580214,0.8653343651029799,0.2222222222222222,openalex_pure_math_1000
W2942644606,pre_ai,2019,Mathematics,4,3.0,0.75,2.6208735075298213,0.5,0.4931506849315068,0.0,-0.0,0.9373267740011216,0.5,openalex_pure_math_1000
W2942831656,pre_ai,2021,Mathematics,2,27.0,0.5,4.228190526009739,0.5,0.9957627118644068,0.0,-0.0,0.933234006166458,0.5,openalex_pure_math_1000
W2942933964,pre_ai,2020,Mathematics,4,29.0,0.0,5.809236981479135,0.0,0.52319309600863,0.25,0.5623351446188083,0.8802150785923004,0.0,openalex_pure_math_1000
W2943887530,pre_ai,2019,Mathematics,9,7.0,0.1111111111111111,4.406719247264253,0.1111111111111111,0.6594477531131565,0.5555555555555556,0.9649629230074276,0.8701158629523383,0.1111111111111111,openalex_pure_math_1000
W2943888694,pre_ai,2019,Mathematics,6,12.5,0.0,3.1383217446708223,0.1666666666666666,0.6606498194945848,0.0,-0.0,0.9364504416783652,0.1666666666666666,openalex_pure_math_1000
W2944674978,pre_ai,2021,Mathematics,27,4.0,0.3333333333333333,2.079441541679836,0.5185185185185185,0.671875,0.037037037037037,0.1584105701317908,0.9161002702183194,0.5185185185185185,openalex_pure_math_1000
W2944712286,pre_ai,2020,Mathematics,10,9.0,0.1,3.7810808156128255,0.1,0.4621212121212121,0.2,0.5004024235381879,0.8853169798851013,0.1,openalex_pure_math_1000
W2944779746,pre_ai,2020,Mathematics,9,14.0,0.2222222222222222,2.6390573296152584,0.3333333333333333,0.7848537005163512,0.0,-0.0,0.9065328372849358,0.3333333333333333,openalex_pure_math_1000
W2945143170,pre_ai,2019,Mathematics,8,8.0,0.0,3.990524879832978,0.25,0.8003888528839922,0.25,0.7356219397587946,0.8767406642436981,0.125,openalex_pure_math_1000
W2945279278,pre_ai,2019,Mathematics,11,22.0,0.2727272727272727,2.3978952727983707,0.3636363636363636,0.3391304347826087,0.1818181818181818,0.4741393130578373,0.9547277201305736,0.3636363636363636,openalex_pure_math_1000
W2945475975,pre_ai,2019,Mathematics,13,9.0,0.3846153846153846,1.791759469228055,0.6153846153846154,0.4923076923076923,0.0,-0.0,0.9265393110421988,0.6153846153846154,openalex_pure_math_1000
W2945554205,pre_ai,2021,Mathematics,13,7.0,0.2307692307692307,3.6635616461296463,0.2307692307692307,0.5842155919153031,0.0,-0.0,0.9263327213434072,0.2307692307692307,openalex_pure_math_1000
W2945570463,pre_ai,2021,Mathematics,14,13.0,0.0714285714285714,3.310036603265178,0.1428571428571428,0.9224606580829756,0.7142857142857143,0.8304717124362917,0.8711627892085484,0.1428571428571428,openalex_pure_math_1000
W2945570576,pre_ai,2020,Mathematics,12,11.0,0.0,4.143008734202382,0.0833333333333333,0.598019801980198,0.3333333333333333,0.8239592165010823,0.8789005329211553,0.0833333333333333,openalex_pure_math_1000
W2946119431,pre_ai,2019,Mathematics,21,3.0,0.6190476190476191,2.6390573296152584,0.3809523809523809,0.8899637243047158,0.0952380952380952,0.3144922012814106,0.905384693826948,0.3809523809523809,openalex_pure_math_1000
W2946415680,pre_ai,2019,Mathematics,6,25.0,0.0,5.303193512269376,0.1666666666666666,0.8092035398230089,0.1666666666666666,0.4505612088663046,0.8942306041717529,0.1666666666666666,openalex_pure_math_1000
W2947105427,pre_ai,2019,Mathematics,16,7.0,0.1875,3.020127355638707,0.0625,0.3696428571428571,0.0625,0.2337916587064593,0.9103111028671264,0.0625,openalex_pure_math_1000
W2947908336,pre_ai,2021,Mathematics,8,31.0,0.0,3.721539187174258,0.375,0.6033229491173416,0.0,-0.0,0.904904842376709,0.375,openalex_pure_math_1000
W2948446471,pre_ai,2019,Mathematics,5,15.0,0.2,3.218875824868201,0.2,0.4693877551020408,0.0,-0.0,0.9506624221801758,0.2,openalex_pure_math_1000
W2948527097,pre_ai,2020,Mathematics,2,33.5,0.0,4.834198965101759,0.0,0.8607242339832869,0.0,-0.0,0.8961011171340942,0.0,openalex_pure_math_1000
W2949363820,pre_ai,2020,Mathematics,11,11.0,0.1818181818181818,3.258096538021482,0.2727272727272727,0.4896551724137931,0.3636363636363636,0.6554817739013927,0.9151724576950072,0.2727272727272727,openalex_pure_math_1000
W2949450446,pre_ai,2019,Mathematics,13,7.0,0.3846153846153846,3.828641396489095,0.2307692307692307,0.38283378746594,0.8461538461538461,0.4293230219306162,0.9121107825866112,0.2307692307692307,openalex_pure_math_1000
W2949732429,pre_ai,2019,Mathematics,13,3.0,0.5384615384615384,2.079441541679836,0.5384615384615384,0.9205827067669172,0.0,-0.0,0.9161344583217914,0.5384615384615384,openalex_pure_math_1000
W2950100549,pre_ai,2019,Mathematics,5,3.0,0.6,3.367295829986474,0.2,0.4772727272727273,0.0,-0.0,0.934361469745636,0.2,openalex_pure_math_1000
W2950443378,pre_ai,2019,Mathematics,4,2.0,0.75,1.7776740307447068,0.75,0.5238095238095238,0.0,-0.0,0.8971708714962006,0.75,openalex_pure_math_1000
W2950600040,pre_ai,2019,Mathematics,4,21.5,0.0,3.401197381662155,0.0,0.9614842649131048,0.5,0.6931471805599453,0.8758443593978882,0.0,openalex_pure_math_1000
W2950639215,pre_ai,2019,Mathematics,9,3.0,0.5555555555555556,2.5649493574615367,0.1111111111111111,0.92828418230563,0.2222222222222222,0.6837389058487535,0.9480021397272744,0.1111111111111111,openalex_pure_math_1000
W2950773672,pre_ai,2019,Mathematics,43,2.0,0.8604651162790697,3.218875824868201,0.1627906976744186,0.4238532110091743,0.813953488372093,0.480439313703605,0.9322455996690796,0.1627906976744186,openalex_pure_math_1000
W2951140429,pre_ai,2019,Mathematics,12,13.5,0.25,2.736135336835737,0.3333333333333333,0.8760643330179754,0.0833333333333333,0.2868359830561607,0.9209420283635458,0.3333333333333333,openalex_pure_math_1000
W2951273472,pre_ai,2019,Mathematics,33,9.0,0.2121212121212121,2.9444389791664403,0.3333333333333333,0.6019672131147541,0.2121212121212121,0.6436592611074219,0.899644591591575,0.3333333333333333,openalex_pure_math_1000
W2951824225,pre_ai,2020,Mathematics,25,5.5,0.28,2.995732273553991,0.36,0.8397489539748954,0.04,0.167944147734173,0.922065634727478,0.32,openalex_pure_math_1000
W2951996733,pre_ai,2019,Mathematics,8,12.0,0.25,3.592693507790208,0.25,0.6231702216645755,0.125,0.3767701612564367,0.8914503306150436,0.25,openalex_pure_math_1000
W2952267155,pre_ai,2019,Mathematics,14,15.0,0.0714285714285714,3.479699256066988,0.2142857142857142,0.6165099268547545,0.1428571428571428,0.509137344082687,0.8645829217774528,0.2142857142857142,openalex_pure_math_1000
W2953421706,pre_ai,2019,Mathematics,21,5.0,0.4285714285714285,4.219507705176107,0.2857142857142857,0.6427190721649485,0.1428571428571428,0.410116318288409,0.9016716877619424,0.2857142857142857,openalex_pure_math_1000
W2953467186,pre_ai,2019,Mathematics,11,15.0,0.0909090909090909,2.4849066497880004,0.3636363636363636,0.7168141592920354,0.1818181818181818,0.6001660731596457,0.9013656106862156,0.3636363636363636,openalex_pure_math_1000
W2953798762,pre_ai,2021,Mathematics,21,8.0,0.3333333333333333,2.995732273553991,0.1428571428571428,0.8288879770209274,0.0476190476190476,0.1914440819577173,0.9173023360116142,0.1428571428571428,openalex_pure_math_1000
W2953817179,pre_ai,2019,Mathematics,9,5.0,0.3333333333333333,2.772588722239781,0.4444444444444444,0.7777777777777778,0.3333333333333333,0.8486855577264172,0.8421053489049276,0.4444444444444444,openalex_pure_math_1000
W2953997650,pre_ai,2020,Mathematics,11,7.0,0.1818181818181818,2.9444389791664403,0.2727272727272727,0.978072625698324,0.1818181818181818,0.6001660731596457,0.91814156553962,0.2727272727272727,openalex_pure_math_1000
W2954377127,pre_ai,2019,Mathematics,10,6.0,0.3,2.0471722811110507,0.5,0.5990701001430615,0.1,0.3250829733914482,0.8890426933765412,0.5,openalex_pure_math_1000
W2954396051,pre_ai,2019,Mathematics,4,4.0,0.5,3.4468281773013176,0.25,0.5220588235294118,0.0,-0.0,0.9351020455360411,0.25,openalex_pure_math_1000
W2954663995,pre_ai,2019,Mathematics,15,13.0,0.0666666666666666,4.189654742026425,0.0,0.6072538860103627,0.0,-0.0,0.9265957752863566,0.0,openalex_pure_math_1000
W2954767509,pre_ai,2019,Mathematics,5,34.0,0.0,5.783825182329737,0.2,0.4032154340836013,0.4,0.9502705392332348,0.8669948577880859,0.2,openalex_pure_math_1000
W2955064991,pre_ai,2019,Mathematics,8,16.0,0.0,5.304528626547315,0.0,0.5784758866118542,0.5,0.9743147528693494,0.7676956355571747,0.0,openalex_pure_math_1000
W2955227762,pre_ai,2020,Mathematics,17,10.0,0.1176470588235294,3.80666248977032,0.0588235294117647,0.5960341249711782,0.1176470588235294,0.4437572842601484,0.8854833210215849,0.0588235294117647,openalex_pure_math_1000
W2955545301,pre_ai,2019,Mathematics,7,7.0,0.1428571428571428,2.302585092994046,0.4285714285714285,0.373134328358209,0.0,-0.0,0.924236638205392,0.4285714285714285,openalex_pure_math_1000
W2955691788,pre_ai,2020,Mathematics,7,19.0,0.1428571428571428,3.6375861597263857,0.2857142857142857,0.4330218068535825,0.0,-0.0,0.8883369820458549,0.2857142857142857,openalex_pure_math_1000
W2955719908,pre_ai,2019,Mathematics,4,11.5,0.0,3.540433948345391,0.0,0.3407407407407407,1.0,-0.0,0.8956217616796494,0.0,openalex_pure_math_1000
W2955761294,pre_ai,2019,Mathematics,8,4.5,0.25,2.5249280036247685,0.375,0.4782608695652174,0.0,-0.0,0.9411485865712166,0.375,openalex_pure_math_1000
W2956207751,pre_ai,2019,Mathematics,8,18.0,0.375,3.1112881340356844,0.375,0.6038598273235145,0.25,0.5623351446188083,0.8910739347338676,0.375,openalex_pure_math_1000
W2956539625,pre_ai,2019,Mathematics,5,23.0,0.2,4.204692619390966,0.0,0.8819695872556119,0.4,0.6730116670092565,0.8556244134902954,0.0,openalex_pure_math_1000
W2956626483,pre_ai,2019,Mathematics,9,10.0,0.1111111111111111,3.688879454113936,0.1111111111111111,0.4651162790697674,0.2222222222222222,0.6837389058487535,0.8848920861879984,0.1111111111111111,openalex_pure_math_1000
W2957373341,pre_ai,2019,Mathematics,7,25.0,0.1428571428571428,3.912023005428146,0.1428571428571428,0.7566638005159071,0.4285714285714285,0.9556998911125344,0.8881888134138924,0.1428571428571428,openalex_pure_math_1000
W2958097891,pre_ai,2020,Mathematics,28,13.0,0.1071428571428571,3.431901695726477,0.2142857142857142,0.4310077519379845,0.1428571428571428,0.410116318288409,0.9056529360158104,0.2142857142857142,openalex_pure_math_1000
W2958796865,pre_ai,2019,Mathematics,18,18.0,0.0,2.6155543084272934,0.3333333333333333,0.8681225184344866,0.0555555555555555,0.2145591551764051,0.9043780134783852,0.3333333333333333,openalex_pure_math_1000
W2958921616,pre_ai,2020,Mathematics,20,5.0,0.3,3.687627889004877,0.15,0.4420471650777722,0.05,0.1985152433458726,0.900097781419754,0.15,openalex_pure_math_1000
W2958940704,pre_ai,2019,Mathematics,10,14.0,0.0,3.5193917706942703,0.4,0.4473684210526316,0.0,-0.0,0.9207592606544496,0.4,openalex_pure_math_1000
W2958981413,pre_ai,2019,Mathematics,8,9.5,0.125,2.80473589759248,0.25,0.8925361469323955,0.125,0.3767701612564367,0.8817305043339729,0.25,openalex_pure_math_1000
W2959544132,pre_ai,2019,Mathematics,14,2.0,0.6428571428571429,2.138333059508028,0.5,0.9631925610228592,0.0714285714285714,0.2573186405438316,0.8634775493826184,0.5,openalex_pure_math_1000
W2959745581,pre_ai,2020,Mathematics,15,14.0,0.2,4.007333185232471,0.2666666666666666,0.352127659574468,0.0666666666666666,0.2449300267946353,0.8955243190129598,0.2666666666666666,openalex_pure_math_1000
W2960494967,pre_ai,2019,Mathematics,15,10.0,0.0,4.48863636973214,0.2,0.7468992776339103,0.1333333333333333,0.4850940913022115,0.8779858748118082,0.2,openalex_pure_math_1000
W2962734855,pre_ai,2020,Mathematics,17,9.5,0.2352941176470588,3.295836866004329,0.2352941176470588,0.739938080495356,0.2941176470588235,0.8852888344409023,0.868799980948953,0.2352941176470588,openalex_pure_math_1000
W2962789694,pre_ai,2021,Mathematics,12,6.5,0.1666666666666666,4.111142536936359,0.1666666666666666,0.6868434217108554,0.0,-0.0,0.8949716538190842,0.1666666666666666,openalex_pure_math_1000
W2962801229,pre_ai,2019,Mathematics,17,9.0,0.1764705882352941,4.02535169073515,0.1176470588235294,0.3342723004694836,0.0588235294117647,0.2237180760658337,0.8787677673732534,0.1176470588235294,openalex_pure_math_1000
W2962987433,pre_ai,2019,Mathematics,22,7.0,0.0454545454545454,3.8916120081680186,0.0909090909090909,0.6766862170087976,0.0909090909090909,0.3676494774001422,0.8571910560131073,0.0909090909090909,openalex_pure_math_1000
W2963044556,pre_ai,2019,Mathematics,9,15.0,0.1111111111111111,3.49650756146648,0.1111111111111111,0.255591054313099,0.2222222222222222,0.5297061990576545,0.8607401781611972,0.1111111111111111,openalex_pure_math_1000
W2963111266,pre_ai,2019,Mathematics,4,14.5,0.0,4.902661651874448,0.25,0.4807339449541284,0.5,1.039720770839918,0.8293697685003281,0.25,openalex_pure_math_1000
W2963122553,pre_ai,2019,Mathematics,11,4.0,0.2727272727272727,2.079441541679836,0.5454545454545454,0.4186046511627907,0.0,-0.0,0.8473923802375793,0.5454545454545454,openalex_pure_math_1000
W2963257992,pre_ai,2019,Mathematics,13,16.0,0.0769230769230769,3.258096538021482,0.1538461538461538,0.7692307692307693,0.0,-0.0,0.9239603005922756,0.1538461538461538,openalex_pure_math_1000
W2963316073,pre_ai,2019,Mathematics,10,14.5,0.0,4.052653757752576,0.1,0.985739884828838,0.9,0.9404479886553264,0.8772559285163879,0.1,openalex_pure_math_1000
W2963408774,pre_ai,2019,Mathematics,23,10.0,0.1739130434782608,3.970291913552122,0.0434782608695652,0.7244834063869756,0.4347826086956521,0.8259567010149779,0.8967363912126293,0.0434782608695652,openalex_pure_math_1000
W2963478445,pre_ai,2019,Mathematics,12,9.5,0.25,1.9944920232821373,0.5,0.5586206896551724,0.1666666666666666,0.5660857389596289,0.8852178553740183,0.5,openalex_pure_math_1000
W2963497709,pre_ai,2019,Mathematics,3,13.0,0.0,3.555348061489413,0.0,0.475,0.3333333333333333,0.6365141682948128,0.8896735111872355,0.0,openalex_pure_math_1000
W2963518853,pre_ai,2019,Mathematics,17,6.5,0.2352941176470588,2.772588722239781,0.3529411764705882,0.9159087729117112,0.0588235294117647,0.2237180760658337,0.8953840031343347,0.3529411764705882,openalex_pure_math_1000
W2963543332,pre_ai,2019,Mathematics,7,10.0,0.1428571428571428,2.9444389791664403,0.2857142857142857,0.5552941176470588,0.0,-0.0,0.9180247357913426,0.2857142857142857,openalex_pure_math_1000
W2963568469,pre_ai,2019,Mathematics,6,4.0,0.3333333333333333,2.4849066497880004,0.1666666666666666,0.5299145299145299,0.0,-0.0,0.919750303030014,0.1666666666666666,openalex_pure_math_1000
W2963580152,pre_ai,2019,Mathematics,13,8.0,0.1538461538461538,3.295836866004329,0.2307692307692307,0.4644351464435146,0.0,-0.0,0.9225141727007352,0.2307692307692307,openalex_pure_math_1000
W2963698005,pre_ai,2019,Mathematics,6,15.0,0.3333333333333333,2.4563274428680257,0.5,0.4832214765100671,0.0,-0.0,0.8872619469960531,0.5,openalex_pure_math_1000
W2963741104,pre_ai,2019,Mathematics,4,19.5,0.0,2.8156058909106827,0.25,0.638095238095238,0.0,-0.0,0.8992403745651245,0.25,openalex_pure_math_1000
W2963866305,pre_ai,2019,Mathematics,20,19.5,0.1,3.394485871496085,0.3,0.6044146825396826,0.0,-0.0,0.9271375387907028,0.3,openalex_pure_math_1000
W2963927041,pre_ai,2019,Mathematics,8,7.5,0.125,2.3680992241972474,0.5,0.6424242424242425,0.125,0.3767701612564367,0.9321405068039894,0.5,openalex_pure_math_1000
W2963934373,pre_ai,2019,Mathematics,5,29.0,0.0,6.805722553416985,0.0,0.667115499700778,0.2,0.5004024235381879,0.9087281703948976,0.0,openalex_pure_math_1000
W2964008096,pre_ai,2019,Mathematics,6,26.0,0.0,6.11681958662399,0.0,0.6346886912325286,0.1666666666666666,0.4505612088663046,0.902870406707128,0.0,openalex_pure_math_1000
W2964009854,pre_ai,2019,Mathematics,6,9.0,0.3333333333333333,2.4849066497880004,0.3333333333333333,0.819718309859155,0.1666666666666666,0.4505612088663046,0.8915070096651713,0.3333333333333333,openalex_pure_math_1000
W2964052954,pre_ai,2019,Mathematics,8,10.5,0.125,4.658924289845734,0.125,0.4573643410852713,0.0,-0.0,0.8986513987183571,0.125,openalex_pure_math_1000
W2964083192,pre_ai,2019,Mathematics,8,6.5,0.5,3.760929626100815,0.0,0.8692899140660335,0.125,0.3767701612564367,0.9395948871970176,0.0,openalex_pure_math_1000
W2964110295,pre_ai,2019,Mathematics,15,11.0,0.2666666666666666,3.7612001156935615,0.2666666666666666,0.782749826107118,0.0666666666666666,0.2449300267946353,0.9117279569307964,0.2666666666666666,openalex_pure_math_1000
W2964321119,pre_ai,2019,Mathematics,9,12.0,0.2222222222222222,4.02535169073515,0.1111111111111111,0.4500941619585687,0.2222222222222222,0.5297061990576545,0.8856952918900384,0.1111111111111111,openalex_pure_math_1000
W2964907750,pre_ai,2021,Mathematics,26,18.5,0.0769230769230769,3.643780320154862,0.1538461538461538,0.7342719657815007,0.1153846153846153,0.4843901162380035,0.921864539384842,0.1538461538461538,openalex_pure_math_1000
W2965188044,pre_ai,2020,Mathematics,12,7.0,0.25,2.799210979499187,0.3333333333333333,0.5078864353312302,0.0,-0.0,0.892832284172376,0.3333333333333333,openalex_pure_math_1000
W2965262353,pre_ai,2019,Mathematics,5,6.0,0.4,5.062595033026967,0.2,0.4020486555697823,0.4,0.6730116670092565,0.89390549659729,0.2,openalex_pure_math_1000
W2965390464,pre_ai,2019,Mathematics,4,8.0,0.25,5.034140696230933,0.25,0.6779469825155104,1.0,-0.0,0.8793822228908539,0.25,openalex_pure_math_1000
W2965445938,pre_ai,2020,Mathematics,17,15.0,0.0,3.367295829986474,0.2941176470588235,0.7698535080956053,0.0,-0.0,0.8821380243581884,0.2941176470588235,openalex_pure_math_1000
W2965750414,pre_ai,2019,Mathematics,5,12.0,0.2,2.3978952727983707,0.2,0.4578313253012048,0.0,-0.0,0.922640573978424,0.2,openalex_pure_math_1000
W2965847108,pre_ai,2019,Mathematics,7,7.0,0.1428571428571428,3.044522437723423,0.4285714285714285,0.6281690140845071,0.0,-0.0,0.9495688165937152,0.4285714285714285,openalex_pure_math_1000
W2965955399,pre_ai,2019,Mathematics,9,15.0,0.2222222222222222,4.634728988229636,0.1111111111111111,0.4539188517018404,0.1111111111111111,0.3488320958430319,0.8924150599373711,0.1111111111111111,openalex_pure_math_1000
W2966653153,pre_ai,2020,Mathematics,4,18.0,0.0,3.475407384221292,0.25,0.5625,0.0,-0.0,0.905952885746956,0.25,openalex_pure_math_1000
W2966727096,pre_ai,2019,Mathematics,9,23.0,0.1111111111111111,2.995732273553991,0.3333333333333333,0.4363021420518602,0.3333333333333333,0.6365141682948128,0.9166482620769076,0.3333333333333333,openalex_pure_math_1000
W2967008906,pre_ai,2021,Mathematics,11,18.0,0.0909090909090909,3.49650756146648,0.2727272727272727,0.7757675438596491,0.0,-0.0,0.8996379158713601,0.2727272727272727,openalex_pure_math_1000
W2967505158,pre_ai,2019,Mathematics,8,3.0,0.5,1.9756218592907135,0.5,0.4044117647058823,1.0,0.7356219397587946,0.8992371112108231,0.5,openalex_pure_math_1000
W2968536707,pre_ai,2020,Mathematics,2,12.5,0.5,1.8317808230648231,0.5,1.0,0.0,-0.0,0.8905186355113983,0.5,openalex_pure_math_1000
W2968891301,pre_ai,2019,Mathematics,5,29.0,0.0,3.332204510175204,0.2,0.6201058201058202,0.0,-0.0,0.8904600143432617,0.2,openalex_pure_math_1000
W2968956406,pre_ai,2020,Mathematics,13,5.0,0.3076923076923077,2.6390573296152584,0.2307692307692307,0.8027950310559007,0.3846153846153846,0.8587409130062867,0.8638295989770156,0.2307692307692307,openalex_pure_math_1000
W2969046458,pre_ai,2020,Mathematics,35,3.0,0.6,3.49650756146648,0.0,0.4881278538812785,0.8571428571428571,0.5353832434386065,0.8770760008266993,0.0,openalex_pure_math_1000
W2969361245,pre_ai,2019,Mathematics,20,3.0,0.7,2.393745871391024,0.35,0.9128497152760584,0.35,1.051256318980014,0.8842789977788925,0.35,openalex_pure_math_1000
W2969557960,pre_ai,2019,Mathematics,3,22.0,0.0,5.402677381872279,0.0,0.4894067796610169,0.3333333333333333,0.6365141682948128,0.8308431704839071,0.0,openalex_pure_math_1000
W2969569725,pre_ai,2021,Mathematics,26,7.0,0.1153846153846153,3.448852471564318,0.1153846153846153,0.5541740674955595,0.0,-0.0,0.88719059412296,0.1153846153846153,openalex_pure_math_1000
W2969739199,pre_ai,2019,Mathematics,22,5.5,0.3181818181818182,2.914472808805104,0.3181818181818182,0.8937310414560162,0.1363636363636363,0.4851045003909404,0.889144545251673,0.3181818181818182,openalex_pure_math_1000
W2969941872,pre_ai,2019,Mathematics,9,11.0,0.0,2.70805020110221,0.2222222222222222,0.631578947368421,0.0,-0.0,0.8905229436026679,0.2222222222222222,openalex_pure_math_1000
W2970705163,pre_ai,2019,Mathematics,4,4.5,0.5,2.297559925067296,0.25,0.7428571428571429,0.0,-0.0,0.908606007695198,0.25,openalex_pure_math_1000
W2970770635,pre_ai,2019,Mathematics,14,11.0,0.1428571428571428,3.865965360974244,0.2142857142857142,0.9131685628350988,0.0,-0.0,0.9154671430587769,0.2142857142857142,openalex_pure_math_1000
W2970933185,pre_ai,2021,Mathematics,29,11.0,0.2413793103448276,3.218875824868201,0.3103448275862069,0.5175473981444131,0.0344827586206896,0.149994923610415,0.903166992910977,0.3103448275862069,openalex_pure_math_1000
W2971110920,pre_ai,2019,Mathematics,9,13.0,0.0,3.4011973816621555,0.3333333333333333,0.4106090373280943,0.0,-0.0,0.9263831973075868,0.3333333333333333,openalex_pure_math_1000
W2971404727,pre_ai,2020,Mathematics,1,9.0,0.0,2.6390573296152584,0.0,1.0,0.0,-0.0,0.8528231978416443,0.0,openalex_pure_math_1000
W2971526600,pre_ai,2021,Mathematics,7,14.0,0.2857142857142857,4.7535901911063645,0.4285714285714285,0.3803803803803803,0.0,-0.0,0.9291491253035408,0.4285714285714285,openalex_pure_math_1000
W2971751871,pre_ai,2021,Mathematics,8,7.5,0.25,4.112751548783459,0.125,0.8312403234130398,0.25,0.5623351446188083,0.8910850957036018,0.125,openalex_pure_math_1000
W2971754005,pre_ai,2021,Mathematics,6,14.5,0.0,5.244246287238186,0.0,0.3929398148148148,0.3333333333333333,0.6365141682948128,0.8733978271484375,0.0,openalex_pure_math_1000
W2971883878,pre_ai,2019,Mathematics,11,14.5,0.0909090909090909,2.5649493574615367,0.3636363636363636,0.5228215767634855,0.1818181818181818,0.6001660731596457,0.9242879965088584,0.3636363636363636,openalex_pure_math_1000
W2972041918,pre_ai,2019,Mathematics,8,22.5,0.0,4.82687165971237,0.0,0.3651771956856702,0.0,-0.0,0.8914991468191147,0.0,openalex_pure_math_1000
W2972100230,pre_ai,2019,Mathematics,8,4.0,0.5,3.208366141256163,0.375,0.4826839826839826,0.0,-0.0,0.9342780038714408,0.375,openalex_pure_math_1000
W2972277222,pre_ai,2019,Mathematics,10,4.0,0.4,2.736135336835737,0.0,0.5425038639876353,0.0,-0.0,0.9115876078605653,0.0,openalex_pure_math_1000
W2972709218,pre_ai,2020,Mathematics,27,7.5,0.2222222222222222,2.9444389791664403,0.2592592592592592,0.5156695156695157,0.037037037037037,0.1584105701317908,0.8819384265829016,0.2592592592592592,openalex_pure_math_1000
W2973061536,pre_ai,2019,Mathematics,7,5.0,0.2857142857142857,2.079441541679836,0.5714285714285714,0.5070422535211268,0.1428571428571428,0.410116318288409,0.8731082081794739,0.5714285714285714,openalex_pure_math_1000
W2974031129,pre_ai,2019,Mathematics,13,15.0,0.1538461538461538,2.3978952727983707,0.4615384615384615,0.7287234042553191,0.0,-0.0,0.9266645312309264,0.4615384615384615,openalex_pure_math_1000
W2974303059,pre_ai,2020,Mathematics,14,5.0,0.2857142857142857,2.4260151319598084,0.5,0.8596491228070176,0.0,-0.0,0.910778820514679,0.5,openalex_pure_math_1000
W2975071082,pre_ai,2020,Mathematics,17,7.0,0.3529411764705882,3.258096538021482,0.2352941176470588,0.3179487179487179,0.0,-0.0,0.90484015380635,0.2352941176470588,openalex_pure_math_1000
W2975657574,pre_ai,2019,Mathematics,17,8.0,0.2352941176470588,2.772588722239781,0.4117647058823529,0.3933933933933934,0.0588235294117647,0.2237180760658337,0.9117901605718276,0.4117647058823529,openalex_pure_math_1000
W2977608625,pre_ai,2019,Mathematics,5,11.0,0.0,0.0,0.8,0.9166666666666666,0.4,0.9502705392332348,0.9279786944389344,0.8,openalex_pure_math_1000
W2977750121,pre_ai,2019,Mathematics,12,14.5,0.1666666666666666,3.855326661750601,0.1666666666666666,0.661873459326212,0.4166666666666667,0.6791932659915256,0.8899137377738953,0.1666666666666666,openalex_pure_math_1000
W2978179076,pre_ai,2020,Mathematics,28,7.0,0.1785714285714285,3.1345481418531307,0.1785714285714285,0.5583596214511041,0.7857142857142857,0.5195798391305154,0.8902278797967094,0.1785714285714285,openalex_pure_math_1000
W2978294029,pre_ai,2019,Mathematics,4,8.0,0.0,1.3195286648076292,0.75,0.6521739130434783,0.25,0.5623351446188083,0.8718809336423874,0.75,openalex_pure_math_1000
W2978369641,pre_ai,2019,Mathematics,3,29.0,0.3333333333333333,4.634728988229636,0.3333333333333333,0.5275229357798165,0.6666666666666666,0.6365141682948128,0.9450310667355856,0.3333333333333333,openalex_pure_math_1000
W2978424282,pre_ai,2020,Mathematics,6,19.5,0.0,5.380268852183004,0.1666666666666666,0.3869479235332894,0.1666666666666666,0.4505612088663046,0.9017652769883474,0.1666666666666666,openalex_pure_math_1000
W2978835743,pre_ai,2019,Mathematics,3,26.0,0.0,3.1780538303479458,0.0,0.89171974522293,0.0,-0.0,0.9189785917599996,0.0,openalex_pure_math_1000
W2978890163,pre_ai,2019,Mathematics,5,3.0,0.6,2.302585092994046,0.4,0.4,0.0,-0.0,0.8919008612632752,0.4,openalex_pure_math_1000
W2979432852,pre_ai,2019,Mathematics,3,11.0,0.0,2.079441541679836,0.6666666666666666,0.6060606060606061,0.0,-0.0,0.8771778345108032,0.6666666666666666,openalex_pure_math_1000
W2979505165,pre_ai,2021,Mathematics,10,10.0,0.1,3.1639683918645973,0.3,0.2873239436619718,0.1,0.3250829733914482,0.8995843887329101,0.3,openalex_pure_math_1000
W2979692167,pre_ai,2020,Mathematics,13,11.0,0.1538461538461538,3.737669618283368,0.3846153846153846,0.7393258426966293,0.5384615384615384,0.9110175397125628,0.9095118596003606,0.3846153846153846,openalex_pure_math_1000
W2980510860,pre_ai,2019,Mathematics,17,26.0,0.1176470588235294,4.430816798843313,0.2352941176470588,0.4602988573102842,0.1176470588235294,0.4437572842601484,0.8921119816163007,0.2352941176470588,openalex_pure_math_1000
W2981019462,pre_ai,2019,Mathematics,57,16.0,0.087719298245614,4.31748811353631,0.0701754385964912,0.9651999068080752,0.6842105263157895,1.8654179802596509,0.8573932020287764,0.0701754385964912,openalex_pure_math_1000
W2981145439,pre_ai,2019,Mathematics,16,3.5,0.5,2.9907071056272403,0.25,0.5147286821705427,0.0,-0.0,0.8962116427719593,0.25,openalex_pure_math_1000
W2981512748,pre_ai,2019,Mathematics,11,5.0,0.3636363636363636,2.302585092994046,0.4545454545454545,0.5363128491620112,0.0,-0.0,0.9192239100282844,0.4545454545454545,openalex_pure_math_1000
W2981621657,pre_ai,2019,Mathematics,4,19.5,0.0,3.2896256060050506,0.25,0.7841191066997518,0.0,-0.0,0.9236874431371688,0.25,openalex_pure_math_1000
W2981837538,pre_ai,2019,Mathematics,46,8.0,0.2608695652173913,3.525927811477947,0.0869565217391304,0.9869462847766596,0.6956521739130435,1.5816917005823985,0.8918900075166122,0.0869565217391304,openalex_pure_math_1000
W2981883688,pre_ai,2020,Mathematics,9,9.0,0.2222222222222222,2.4849066497880004,0.4444444444444444,0.4829721362229102,0.2222222222222222,0.5297061990576545,0.9277999997138976,0.4444444444444444,openalex_pure_math_1000
W2981916677,pre_ai,2019,Mathematics,10,16.5,0.2,3.760929626100815,0.2,0.3585346843335931,0.2,0.639031859650177,0.9317632853984832,0.2,openalex_pure_math_1000
W2982518385,pre_ai,2020,Mathematics,25,4.0,0.44,3.737669618283368,0.08,0.5854961832061069,0.8,0.5004024235381879,0.9236818838119508,0.08,openalex_pure_math_1000
W2983124725,pre_ai,2020,Mathematics,14,13.5,0.0714285714285714,3.3546521701291496,0.0714285714285714,0.4583333333333333,0.0,-0.0,0.9111124064241136,0.0714285714285714,openalex_pure_math_1000
W2983344675,pre_ai,2020,Mathematics,11,12.0,0.0909090909090909,3.737669618283368,0.1818181818181818,0.8577680525164114,0.1818181818181818,0.6001660731596457,0.914975643157959,0.1818181818181818,openalex_pure_math_1000
W2983974591,pre_ai,2019,Mathematics,8,2.0,0.625,1.7005986908310775,0.625,0.4700854700854701,0.25,0.5623351446188083,0.9293134957551956,0.625,openalex_pure_math_1000
W2984198556,pre_ai,2019,Mathematics,15,3.0,0.5333333333333333,3.332204510175204,0.2,0.8667533311667208,0.4666666666666667,1.1369165918330009,0.851542321840922,0.0666666666666666,openalex_pure_math_1000
W2984271118,pre_ai,2020,Mathematics,28,13.0,0.0357142857142857,3.091042453358316,0.1785714285714285,0.8260766682442026,0.1071428571428571,0.3404997784712986,0.8742003611155919,0.1785714285714285,openalex_pure_math_1000
W2985456604,pre_ai,2019,Mathematics,8,6.5,0.125,3.700615632206508,0.125,0.4640883977900552,0.5,1.2130075659799042,0.8611904606223106,0.125,openalex_pure_math_1000
W2986157891,pre_ai,2019,Mathematics,7,17.0,0.0,4.983606621708336,0.0,0.4976335361730899,0.2857142857142857,0.7963116401738131,0.8664837053843907,0.0,openalex_pure_math_1000
W2987038571,pre_ai,2020,Mathematics,5,11.0,0.0,4.262679877041316,0.2,0.9655437624980772,0.0,-0.0,0.9419358730316162,0.2,openalex_pure_math_1000
W2987629143,pre_ai,2019,Mathematics,8,20.0,0.0,3.093104311950247,0.25,0.7014977359804946,0.125,0.3767701612564367,0.919724963605404,0.25,openalex_pure_math_1000
W2988206630,pre_ai,2020,Mathematics,5,2.0,0.8,1.3862943611198906,0.8,0.9625,0.2,0.5004024235381879,0.8984114408493042,0.6,openalex_pure_math_1000
W2988671353,pre_ai,2020,Mathematics,24,9.0,0.1666666666666666,3.50605764715319,0.1666666666666666,0.8457439349319871,0.2083333333333333,0.7097131024243333,0.8694975450634956,0.1666666666666666,openalex_pure_math_1000
W2988719957,pre_ai,2019,Mathematics,9,5.0,0.3333333333333333,3.091042453358316,0.2222222222222222,0.3492957746478873,0.0,-0.0,0.9078296489185758,0.2222222222222222,openalex_pure_math_1000
W2989293101,pre_ai,2019,Mathematics,19,3.0,0.5789473684210527,3.044522437723423,0.1578947368421052,0.844299674267101,0.4736842105263157,0.9426749615639384,0.8613956633367037,0.0526315789473684,openalex_pure_math_1000
W2990124220,pre_ai,2020,Mathematics,15,20.0,0.2666666666666666,5.318119993844216,0.0666666666666666,0.7990584207147443,0.6,0.8823109245150755,0.8797103484471639,0.0666666666666666,openalex_pure_math_1000
W2990297730,pre_ai,2021,Mathematics,15,8.0,0.1333333333333333,4.007333185232471,0.0,0.3463855421686747,0.5333333333333333,0.891867395317251,0.8761863072713216,0.0,openalex_pure_math_1000
W2990447821,pre_ai,2019,Mathematics,6,7.5,0.0,2.744468863078344,0.3333333333333333,0.6952789699570815,0.3333333333333333,0.8675632284814612,0.861849049727122,0.3333333333333333,openalex_pure_math_1000
W2990494008,pre_ai,2019,Mathematics,44,11.0,0.1818181818181818,2.772588722239781,0.2954545454545454,0.99505005013708,0.7272727272727273,1.2460744116391496,0.898899803107435,0.2954545454545454,openalex_pure_math_1000
W2990555433,pre_ai,2020,Mathematics,12,8.5,0.25,3.997147493207989,0.25,0.6523229246001523,0.0833333333333333,0.2868359830561607,0.9186611225207648,0.25,openalex_pure_math_1000
W2990582066,pre_ai,2019,Mathematics,18,7.0,0.4444444444444444,2.2499048351651325,0.4444444444444444,0.7881656804733728,0.2222222222222222,0.760755259244303,0.9030238224400414,0.4444444444444444,openalex_pure_math_1000
W2990725257,pre_ai,2021,Mathematics,13,21.0,0.1538461538461538,6.082218910376446,0.3076923076923077,0.6055604460093896,0.3076923076923077,0.7902679680745903,0.899327447781196,0.3076923076923077,openalex_pure_math_1000
W2991129734,pre_ai,2019,Mathematics,6,9.0,0.3333333333333333,1.732867951399863,0.6666666666666666,0.9818676337262012,0.0,-0.0,0.9193545381228128,0.6666666666666666,openalex_pure_math_1000
W2991208831,pre_ai,2019,Mathematics,10,14.0,0.1,5.114828448080722,0.0,0.4184470008216926,0.1,0.3250829733914482,0.9097156167030336,0.0,openalex_pure_math_1000
W2991222178,pre_ai,2019,Mathematics,10,25.0,0.1,2.7546941683139883,0.3,0.3252427184466019,0.9,0.3250829733914482,0.8916492640972138,0.3,openalex_pure_math_1000
W2991268634,pre_ai,2019,Mathematics,13,11.0,0.1538461538461538,2.995732273553991,0.2307692307692307,0.7815968492660222,0.1538461538461538,0.4293230219306162,0.8874183297157288,0.2307692307692307,openalex_pure_math_1000
W2991283916,pre_ai,2019,Mathematics,7,15.0,0.2857142857142857,2.302585092994046,0.4285714285714285,0.7294303797468354,0.0,-0.0,0.9250030432428632,0.4285714285714285,openalex_pure_math_1000
W2991355800,pre_ai,2020,Mathematics,9,5.0,0.2222222222222222,2.19722457733622,0.4444444444444444,0.6006711409395973,0.1111111111111111,0.3488320958430319,0.8998906281259325,0.4444444444444444,openalex_pure_math_1000
W2991655221,pre_ai,2020,Mathematics,8,19.0,0.125,2.4563274428680257,0.5,0.67421875,0.0,-0.0,0.9146989658474922,0.5,openalex_pure_math_1000
W2991681045,pre_ai,2019,Mathematics,5,16.0,0.0,2.8903717578961645,0.2,0.9532051282051284,0.4,0.6730116670092565,0.8923264026641846,0.2,openalex_pure_math_1000
W2992034912,pre_ai,2019,Mathematics,11,5.0,0.0909090909090909,3.091042453358316,0.4545454545454545,0.6077348066298343,0.0,-0.0,0.9282385273413224,0.4545454545454545,openalex_pure_math_1000
W2992186099,pre_ai,2020,Mathematics,14,20.5,0.0714285714285714,3.622113757801675,0.2857142857142857,0.6668124180148667,0.1428571428571428,0.509137344082687,0.9115978223936898,0.2857142857142857,openalex_pure_math_1000
W2992264513,pre_ai,2019,Mathematics,22,9.5,0.0454545454545454,2.381086967398878,0.4090909090909091,0.8023255813953488,0.5909090909090909,1.0843629508682475,0.90724993835796,0.4090909090909091,openalex_pure_math_1000
W2992399265,pre_ai,2020,Mathematics,7,10.0,0.4285714285714285,1.3862943611198906,0.5714285714285714,0.9044502617801048,0.2857142857142857,0.7963116401738131,0.8947280304772514,0.5714285714285714,openalex_pure_math_1000
W2993113096,pre_ai,2019,Mathematics,26,10.0,0.1153846153846153,3.0868930519509683,0.1923076923076923,0.653020892151327,0.4615384615384615,1.07047454517315,0.901525291112753,0.1923076923076923,openalex_pure_math_1000
W2993538439,pre_ai,2019,Mathematics,8,4.5,0.5,3.255129170261575,0.25,0.9748968363136176,0.0,-0.0,0.8964752554893494,0.25,openalex_pure_math_1000
W2993995911,pre_ai,2019,Mathematics,5,2.0,0.6,2.4849066497880004,0.4,0.7594718714121699,0.0,-0.0,0.9446489334106444,0.4,openalex_pure_math_1000
W2994257070,pre_ai,2019,Mathematics,5,14.0,0.0,3.80666248977032,0.2,0.4289693593314763,0.0,-0.0,0.8940800309181214,0.2,openalex_pure_math_1000
W2994271239,pre_ai,2019,Mathematics,23,3.0,0.5217391304347826,2.772588722239781,0.391304347826087,0.6854807318022577,0.0434782608695652,0.1788449127168475,0.8959062436352605,0.391304347826087,openalex_pure_math_1000
W2994467322,pre_ai,2021,Mathematics,2,31.0,0.0,5.371664556123438,0.0,0.9289156626506024,0.0,-0.0,0.9204698801040648,0.0,openalex_pure_math_1000
W2994665689,pre_ai,2020,Mathematics,10,4.0,0.2,0.8958797346140275,0.6,0.4025974025974026,0.1,0.3250829733914482,0.8955404341220856,0.6,openalex_pure_math_1000
W2995029806,pre_ai,2020,Mathematics,2,42.5,0.0,6.431443868421358,0.0,0.9472733838931022,0.0,-0.0,0.8847671151161194,0.0,openalex_pure_math_1000
W2995099250,pre_ai,2019,Mathematics,4,9.0,0.25,3.0868930519509687,0.25,0.8127090301003345,0.25,0.5623351446188083,0.9145209193229676,0.25,openalex_pure_math_1000
W2995191666,pre_ai,2019,Mathematics,33,2.0,0.5151515151515151,2.9444389791664403,0.1212121212121212,0.8715953307392996,0.5454545454545454,1.1519286336001588,0.8439003554257479,0.1212121212121212,openalex_pure_math_1000
W2995236145,pre_ai,2020,Mathematics,8,11.5,0.125,3.406722299755448,0.125,0.5222470792940591,0.0,-0.0,0.9113751277327538,0.125,openalex_pure_math_1000
W2996047482,pre_ai,2019,Mathematics,5,10.0,0.2,2.19722457733622,0.2,0.625,0.0,-0.0,0.9093745112419128,0.2,openalex_pure_math_1000
W2996167494,pre_ai,2019,Mathematics,5,19.0,0.0,3.9889840465642745,0.0,0.5204301075268817,0.6,1.3321790402101223,0.8762802243232727,0.0,openalex_pure_math_1000
W2996417889,pre_ai,2019,Mathematics,4,11.0,0.25,2.9303931117329327,0.25,0.9639222941720628,0.25,0.5623351446188083,0.8877257406711578,0.25,openalex_pure_math_1000
W2996487043,pre_ai,2019,Mathematics,9,3.0,0.5555555555555556,1.0986122886681098,0.5555555555555556,0.5359019264448336,0.1111111111111111,0.3488320958430319,0.8613124092419943,0.5555555555555556,openalex_pure_math_1000
W2996594086,pre_ai,2019,Mathematics,17,16.0,0.0588235294117647,4.189654742026425,0.0588235294117647,0.5257234726688103,0.0,-0.0,0.9139822300742654,0.0588235294117647,openalex_pure_math_1000
W2997586548,pre_ai,2021,Mathematics,6,18.0,0.1666666666666666,2.138333059508028,0.5,0.34,0.3333333333333333,0.8675632284814612,0.910812904437383,0.5,openalex_pure_math_1000
W2997614989,pre_ai,2020,Mathematics,1,3.0,1.0,4.48863636973214,0.0,1.0,0.0,-0.0,0.9203863143920898,0.0,openalex_pure_math_1000
W2997829635,pre_ai,2019,Mathematics,6,29.5,0.0,3.997821802143636,0.1666666666666666,0.9290142591444512,0.0,-0.0,0.8567586640516917,0.1666666666666666,openalex_pure_math_1000
W2997930635,pre_ai,2021,Mathematics,13,23.0,0.0,4.442651256490317,0.1538461538461538,0.5335365853658537,0.5384615384615384,0.9110175397125628,0.8688118045146649,0.1538461538461538,openalex_pure_math_1000
W2997971297,pre_ai,2021,Mathematics,29,18.0,0.0689655172413793,3.4657359027997265,0.1034482758620689,0.538285252089512,0.1034482758620689,0.3984405075837697,0.8885011200247139,0.1034482758620689,openalex_pure_math_1000
W2997984782,pre_ai,2019,Mathematics,7,23.5,0.0,3.951243718581428,0.1428571428571428,0.3098039215686274,0.0,-0.0,0.9144945655550276,0.1428571428571428,openalex_pure_math_1000
W2998016122,pre_ai,2020,Mathematics,11,6.0,0.1818181818181818,1.0986122886681098,0.6363636363636364,0.9694606887589344,0.0909090909090909,0.3046360973492381,0.852673200043765,0.6363636363636364,openalex_pure_math_1000
W2998045824,pre_ai,2019,Mathematics,23,6.0,0.3478260869565217,3.367295829986474,0.391304347826087,0.8997427416391033,0.9130434782608696,0.8131904766573733,0.8853498101234436,0.391304347826087,openalex_pure_math_1000
W2998358639,pre_ai,2021,Mathematics,18,12.5,0.2777777777777778,2.596478425445105,0.3888888888888889,0.5345345345345346,0.0,-0.0,0.885453955994712,0.3888888888888889,openalex_pure_math_1000
W2998415755,pre_ai,2019,Mathematics,13,5.0,0.3846153846153846,2.833213344056216,0.3076923076923077,0.6200317965023847,0.6923076923076923,0.9839614460010256,0.9003774844683133,0.3076923076923077,openalex_pure_math_1000
W2998654349,pre_ai,2019,Mathematics,10,3.0,0.6,2.3502401828962083,0.4,0.6142241379310345,0.7,1.5047882836811908,0.8955296754837037,0.4,openalex_pure_math_1000
W2999241944,pre_ai,2019,Mathematics,4,9.0,0.25,3.336648983883827,0.5,0.6573816155988857,0.0,-0.0,0.8650452345609665,0.5,openalex_pure_math_1000
W2999351057,pre_ai,2019,Mathematics,4,10.5,0.25,4.393762812766452,0.0,0.5717761557177615,0.75,0.5623351446188083,0.8410679548978806,0.0,openalex_pure_math_1000
W2999508244,pre_ai,2020,Mathematics,11,6.0,0.4545454545454545,2.302585092994046,0.3636363636363636,0.8496376811594203,0.0909090909090909,0.3046360973492381,0.9138618165796454,0.3636363636363636,openalex_pure_math_1000
W2999588711,pre_ai,2021,Mathematics,8,26.0,0.125,4.23316043052124,0.25,0.7252348420153715,0.25,0.7356219397587946,0.9089938998222352,0.25,openalex_pure_math_1000
W2999629773,pre_ai,2019,Mathematics,3,21.0,0.0,4.127134385045092,0.0,0.8578199052132701,0.6666666666666666,0.6365141682948128,0.868871827920278,0.0,openalex_pure_math_1000
W2999669067,pre_ai,2021,Mathematics,27,14.0,0.1851851851851851,4.574710978503383,0.1481481481481481,0.3405330882352941,0.037037037037037,0.1584105701317908,0.9093530398828013,0.1481481481481481,openalex_pure_math_1000
W2999782626,pre_ai,2020,Mathematics,18,2.0,0.7222222222222222,2.0126758453675744,0.5555555555555556,0.6283924843423799,0.0,-0.0,0.9182732568846808,0.5555555555555556,openalex_pure_math_1000
W3000049165,pre_ai,2019,Mathematics,6,26.5,0.0,6.539830224184328,0.0,0.4522783251231527,0.3333333333333333,0.8675632284814612,0.9028070072333018,0.0,openalex_pure_math_1000
W3000052755,pre_ai,2020,Mathematics,40,12.0,0.025,4.442305115943436,0.125,0.3300324090745408,0.25,0.6436058879666704,0.8966206803917884,0.1,openalex_pure_math_1000
W3000373331,pre_ai,2019,Mathematics,25,4.0,0.44,2.772588722239781,0.2,0.9330429497568882,0.32,1.0150318786859958,0.8657884430885315,0.2,openalex_pure_math_1000
W3000466217,pre_ai,2019,Mathematics,3,21.0,0.0,2.772588722239781,0.3333333333333333,0.8369565217391305,0.3333333333333333,0.6365141682948128,0.8226165572802225,0.3333333333333333,openalex_pure_math_1000
W3000800828,pre_ai,2020,Mathematics,7,6.0,0.0,3.367295829986474,0.1428571428571428,0.5438066465256798,0.0,-0.0,0.9106697865894864,0.1428571428571428,openalex_pure_math_1000
W3001139232,pre_ai,2020,Mathematics,12,14.0,0.1666666666666666,4.001347081141969,0.0833333333333333,0.3898305084745763,0.0833333333333333,0.2868359830561607,0.8913342307011286,0.0833333333333333,openalex_pure_math_1000
W3001327456,pre_ai,2019,Mathematics,18,10.0,0.1111111111111111,3.020127355638707,0.2777777777777778,0.6193353474320241,0.0555555555555555,0.2145591551764051,0.912277658780416,0.2777777777777778,openalex_pure_math_1000
W3001463643,pre_ai,2020,Mathematics,3,20.0,0.3333333333333333,2.079441541679836,0.6666666666666666,0.9802731411229136,0.0,-0.0,0.8794433871905009,0.6666666666666666,openalex_pure_math_1000
W3002131486,pre_ai,2020,Mathematics,81,12.0,0.0864197530864197,4.727387818712341,0.1481481481481481,0.6692080958931028,0.5679012345679012,1.5834139329653596,0.8848842882815703,0.1358024691358024,openalex_pure_math_1000
W3002741190,pre_ai,2019,Mathematics,8,7.0,0.125,2.6020033435383976,0.125,0.9227272727272728,0.375,1.0735428464085233,0.811066672205925,0.125,openalex_pure_math_1000
W3002988827,pre_ai,2020,Mathematics,9,7.0,0.0,2.4849066497880004,0.4444444444444444,0.5182072829131653,0.2222222222222222,0.6837389058487535,0.9230128195550706,0.4444444444444444,openalex_pure_math_1000
W3003573805,pre_ai,2020,Mathematics,10,20.5,0.1,3.4637789531391583,0.3,0.395017793594306,0.2,0.5004024235381879,0.9076617777347564,0.3,openalex_pure_math_1000
W3003604853,pre_ai,2020,Mathematics,8,6.0,0.125,2.540702182492232,0.5,0.6465336134453782,0.5,0.9743147528693494,0.9067931175231934,0.5,openalex_pure_math_1000
W3003824243,pre_ai,2020,Mathematics,11,6.0,0.1818181818181818,3.80666248977032,0.2727272727272727,0.7938534278959811,0.0909090909090909,0.3046360973492381,0.890620388767936,0.2727272727272727,openalex_pure_math_1000
W3004772289,pre_ai,2020,Mathematics,10,20.5,0.0,3.9743692274068056,0.1,0.4438419829589465,0.0,-0.0,0.9102398991584778,0.1,openalex_pure_math_1000
W3004997838,pre_ai,2020,Mathematics,19,9.0,0.3684210526315789,3.367295829986474,0.2105263157894736,0.7655055225148684,0.1578947368421052,0.4361623253853443,0.9065964033729152,0.2105263157894736,openalex_pure_math_1000
W3005048604,pre_ai,2020,Mathematics,7,15.0,0.1428571428571428,2.833213344056216,0.1428571428571428,0.8574040219378428,0.1428571428571428,0.410116318288409,0.8943161027772086,0.1428571428571428,openalex_pure_math_1000
W3005086059,pre_ai,2021,Mathematics,5,29.0,0.0,3.295836866004329,0.0,0.7167474421109317,0.2,0.5004024235381879,0.860567569732666,0.0,openalex_pure_math_1000
W3005091309,pre_ai,2020,Mathematics,9,11.0,0.2222222222222222,2.5649493574615367,0.4444444444444444,0.4804469273743016,0.4444444444444444,0.936888307539016,0.8729259371757507,0.4444444444444444,openalex_pure_math_1000
W3005097972,pre_ai,2021,Mathematics,12,7.5,0.3333333333333333,2.3502401828962083,0.3333333333333333,0.8958534233365477,0.1666666666666666,0.5660857389596289,0.877741073568662,0.3333333333333333,openalex_pure_math_1000
W3005210554,pre_ai,2019,Mathematics,38,7.5,0.2368421052631578,3.524627420627918,0.2631578947368421,0.8054702460526791,0.5789473684210527,1.505358669607521,0.8415177244889108,0.2368421052631578,openalex_pure_math_1000
W3005318199,pre_ai,2020,Mathematics,4,14.5,0.0,3.821980974501265,0.0,0.7217194570135747,0.0,-0.0,0.8967592716217041,0.0,openalex_pure_math_1000
W3005376633,pre_ai,2020,Mathematics,7,28.5,0.2857142857142857,3.6635616461296463,0.2857142857142857,0.8444576877234803,0.1428571428571428,0.410116318288409,0.8677597216197422,0.2857142857142857,openalex_pure_math_1000
W3005781990,pre_ai,2020,Mathematics,12,12.0,0.0,3.398970206487465,0.0833333333333333,0.3405275779376499,0.0,-0.0,0.926670178771019,0.0833333333333333,openalex_pure_math_1000
W3005951108,pre_ai,2021,Mathematics,12,10.0,0.1666666666666666,2.19722457733622,0.4166666666666667,0.7745302713987474,0.0833333333333333,0.2868359830561607,0.8736590991417567,0.4166666666666667,openalex_pure_math_1000
W3006229461,pre_ai,2020,Mathematics,19,11.5,0.0,2.19722457733622,0.4736842105263157,0.6336283185840708,0.0526315789473684,0.2061920506332318,0.8901606013900355,0.4736842105263157,openalex_pure_math_1000
W3006797905,pre_ai,2019,Mathematics,8,11.0,0.25,2.1910133173369406,0.5,0.8104575163398693,0.0,-0.0,0.924815572798252,0.5,openalex_pure_math_1000
W3006941672,pre_ai,2020,Mathematics,15,15.0,0.2,4.564348191467836,0.1333333333333333,0.6688699360341152,0.3333333333333333,0.6365141682948128,0.919312008221944,0.1333333333333333,openalex_pure_math_1000
W3007479533,pre_ai,2020,Mathematics,12,15.0,0.1666666666666666,3.36670094591868,0.25,0.4016393442622951,0.0,-0.0,0.89983402689298,0.25,openalex_pure_math_1000
W3007517304,pre_ai,2020,Mathematics,22,8.5,0.0454545454545454,4.189539944643301,0.0909090909090909,0.5297065139584825,0.0454545454545454,0.1849073991677756,0.9207011705095116,0.0454545454545454,openalex_pure_math_1000
W3007648541,pre_ai,2020,Mathematics,5,12.0,0.2,4.709530201312334,0.2,0.3408521303258145,0.0,-0.0,0.9322272658348084,0.2,openalex_pure_math_1000
W3007797430,pre_ai,2019,Mathematics,9,9.0,0.0,2.772588722239781,0.0,0.3187772925764192,0.1111111111111111,0.3488320958430319,0.8831673529413011,0.0,openalex_pure_math_1000
W3008143881,pre_ai,2021,Mathematics,23,16.5,0.1304347826086956,3.713572066704308,0.2608695652173913,0.6968354430379747,0.0434782608695652,0.1788449127168475,0.8972989916801453,0.2608695652173913,openalex_pure_math_1000
W3008376694,pre_ai,2020,Mathematics,6,11.5,0.0,2.7992109794991875,0.0,0.603595890410959,0.5,1.0114042647073516,0.8832156161467234,0.0,openalex_pure_math_1000
W3008393121,pre_ai,2020,Mathematics,17,3.0,0.5294117647058824,3.1780538303479458,0.2352941176470588,0.823193373321908,0.1176470588235294,0.362210557135449,0.8955744399743921,0.2352941176470588,openalex_pure_math_1000
W3008999818,pre_ai,2019,Mathematics,4,1.0,1.0,0.3465735902799726,1.0,0.8,0.0,-0.0,0.9213942438364028,1.0,openalex_pure_math_1000
W3009025310,pre_ai,2019,Mathematics,8,6.0,0.25,2.787974551573158,0.375,0.3141025641025641,0.25,0.5623351446188083,0.8745159581303596,0.375,openalex_pure_math_1000
W3009214402,pre_ai,2020,Mathematics,8,14.0,0.125,5.021646486113502,0.125,0.3476702508960573,0.0,-0.0,0.8778127580881119,0.125,openalex_pure_math_1000
W3009257753,pre_ai,2019,Mathematics,6,5.0,0.1666666666666666,1.039720770839918,1.0,0.3529411764705882,0.6666666666666666,0.6365141682948128,0.9487771391868592,1.0,openalex_pure_math_1000
W3009332521,pre_ai,2020,Mathematics,12,8.0,0.25,2.850221786695343,0.4166666666666667,0.6574468085106383,0.0,-0.0,0.9355911860863368,0.4166666666666667,openalex_pure_math_1000
W3009483130,pre_ai,2019,Mathematics,6,2.5,0.6666666666666666,1.354025100551105,0.6666666666666666,0.7634408602150538,0.0,-0.0,0.861378143231074,0.6666666666666666,openalex_pure_math_1000
W3010668526,pre_ai,2020,Mathematics,11,11.0,0.1818181818181818,3.295836866004329,0.2727272727272727,0.4012539184952978,0.0,-0.0,0.9061327522451228,0.2727272727272727,openalex_pure_math_1000
W3010720197,pre_ai,2020,Mathematics,22,5.0,0.3636363636363636,3.349750170080839,0.0454545454545454,0.4108967082860386,0.0,-0.0,0.921032266183333,0.0454545454545454,openalex_pure_math_1000
W3010922731,pre_ai,2021,Mathematics,7,5.0,0.2857142857142857,1.0986122886681098,0.7142857142857143,0.952922077922078,0.1428571428571428,0.410116318288409,0.9092653393745422,0.7142857142857143,openalex_pure_math_1000
W3010955522,pre_ai,2020,Mathematics,16,12.5,0.125,3.857115572424543,0.1875,0.4298921417565485,0.25,0.5623351446188083,0.8775968216359615,0.1875,openalex_pure_math_1000
W3011006690,pre_ai,2020,Mathematics,7,2.0,0.5714285714285714,2.833213344056216,0.2857142857142857,0.3291925465838509,0.0,-0.0,0.8837198955672128,0.2857142857142857,openalex_pure_math_1000
W3011026318,pre_ai,2020,Mathematics,13,8.0,0.1538461538461538,3.258096538021482,0.2307692307692307,0.3955431754874652,0.0,-0.0,0.887884795665741,0.2307692307692307,openalex_pure_math_1000
W3011086337,pre_ai,2020,Mathematics,7,8.0,0.0,2.3978952727983707,0.4285714285714285,0.6985815602836879,0.1428571428571428,0.410116318288409,0.8857525757380894,0.4285714285714285,openalex_pure_math_1000
W3011434157,pre_ai,2020,Mathematics,15,10.0,0.2666666666666666,4.127134385045092,0.0,0.7134107708553327,0.8,0.7298712099831165,0.874930989742279,0.0,openalex_pure_math_1000
W3011744157,pre_ai,2020,Mathematics,7,9.0,0.2857142857142857,3.218875824868201,0.1428571428571428,0.4359861591695502,0.0,-0.0,0.9584057586533684,0.1428571428571428,openalex_pure_math_1000
W3011860698,pre_ai,2020,Mathematics,8,2.5,0.625,2.34106561356211,0.375,0.6590909090909091,0.0,-0.0,0.9356555268168448,0.375,openalex_pure_math_1000
W3011875635,pre_ai,2021,Mathematics,5,2.0,0.6,2.772588722239781,0.4,0.430379746835443,0.2,0.5004024235381879,0.9009621262550354,0.4,openalex_pure_math_1000
W3012633103,pre_ai,2020,Mathematics,2,18.0,0.5,1.2824746787307684,0.5,1.0,0.5,0.6931471805599453,0.9278202652931212,0.5,openalex_pure_math_1000
W3012934647,pre_ai,2020,Mathematics,13,16.0,0.0769230769230769,4.48863636973214,0.1538461538461538,0.6190143306536177,0.0769230769230769,0.2711893730418441,0.8869763200099652,0.1538461538461538,openalex_pure_math_1000
W3013098840,pre_ai,2021,Mathematics,9,17.0,0.2222222222222222,3.4657359027997265,0.3333333333333333,0.6900420757363254,0.1111111111111111,0.3488320958430319,0.8999783065583971,0.3333333333333333,openalex_pure_math_1000
W3013138469,pre_ai,2020,Mathematics,19,10.0,0.3157894736842105,3.218875824868201,0.3157894736842105,0.9242693363474892,0.8421052631578947,0.4361623253853443,0.8670481317921689,0.3157894736842105,openalex_pure_math_1000
W3013560797,pre_ai,2020,Mathematics,3,18.0,0.0,5.181783550292085,0.0,0.6535859269282814,1.0,0.6365141682948128,0.8539048631985983,0.0,openalex_pure_math_1000
W3013765461,pre_ai,2019,Mathematics,13,7.0,0.3846153846153846,3.555348061489413,0.2307692307692307,0.8391518526451061,0.1538461538461538,0.4293230219306162,0.9325997875286982,0.2307692307692307,openalex_pure_math_1000
W3013902002,pre_ai,2020,Mathematics,19,8.0,0.3157894736842105,2.70805020110221,0.3684210526315789,0.5627996164908916,0.0,-0.0,0.9211596281904924,0.3684210526315789,openalex_pure_math_1000
W3014065338,pre_ai,2021,Mathematics,14,7.0,0.2142857142857142,3.9947802246669326,0.4285714285714285,0.5048118985126859,0.1428571428571428,0.410116318288409,0.8680122579847064,0.4285714285714285,openalex_pure_math_1000
W3014244055,pre_ai,2020,Mathematics,9,8.0,0.0,2.833213344056216,0.2222222222222222,0.3224043715846995,0.0,-0.0,0.9280131922827828,0.2222222222222222,openalex_pure_math_1000
W3014259847,pre_ai,2020,Mathematics,6,11.0,0.1666666666666666,2.3680992241972474,0.5,0.6747572815533981,0.0,-0.0,0.9161810775597892,0.5,openalex_pure_math_1000
W3014409821,pre_ai,2020,Mathematics,14,9.0,0.3571428571428571,4.590043664402581,0.2142857142857142,0.6989209476894206,0.5,0.8982053397041498,0.8462613480431693,0.2142857142857142,openalex_pure_math_1000
W3014535763,pre_ai,2020,Mathematics,8,14.0,0.125,3.5975936600893546,0.125,0.3811252268602541,0.0,-0.0,0.908045031130314,0.125,openalex_pure_math_1000
W3014991921,pre_ai,2020,Mathematics,5,6.0,0.2,1.9459101490553128,0.6,0.7358490566037735,0.0,-0.0,0.9143956184387207,0.6,openalex_pure_math_1000
W3015013266,pre_ai,2021,Mathematics,20,12.5,0.05,3.583132987066819,0.1,0.7945896377808345,0.0,-0.0,0.921383172273636,0.1,openalex_pure_math_1000
W3015086494,pre_ai,2020,Mathematics,4,6.0,0.5,3.034212794122056,0.25,0.688622754491018,0.75,1.039720770839918,0.7931736260652542,0.0,openalex_pure_math_1000
W3015605966,pre_ai,2020,Mathematics,11,8.0,0.2727272727272727,3.367295829986474,0.2727272727272727,0.8700892857142857,0.3636363636363636,0.6554817739013927,0.8343141566623341,0.1818181818181818,openalex_pure_math_1000
W3015736857,pre_ai,2020,Mathematics,49,15.0,0.0816326530612244,4.532599493153256,0.0408163265306122,0.7015416005440943,0.9591836734693876,1.125537035718298,0.9076034487510214,0.0408163265306122,openalex_pure_math_1000
W3015798963,pre_ai,2019,Mathematics,2,10.0,0.0,4.01634243798381,0.0,0.6608695652173913,0.0,-0.0,0.9463613927364348,0.0,openalex_pure_math_1000
W3015876167,pre_ai,2020,Mathematics,6,3.0,0.6666666666666666,2.381086967398878,0.3333333333333333,0.4409448818897638,0.0,-0.0,0.918450891971588,0.3333333333333333,openalex_pure_math_1000
W3015954656,pre_ai,2020,Mathematics,6,20.5,0.0,4.288861845578134,0.0,0.5530642750373692,0.8333333333333334,0.4505612088663046,0.8998841047286987,0.0,openalex_pure_math_1000
W3015957165,pre_ai,2021,Mathematics,34,5.0,0.2647058823529412,3.091042453358316,0.2352941176470588,0.9523123637496108,0.1764705882352941,0.619098650222477,0.8833185259033652,0.2058823529411764,openalex_pure_math_1000
W3015998705,pre_ai,2020,Mathematics,8,38.0,0.0,2.70582302592752,0.0,0.5130434782608696,0.0,-0.0,0.9173726141452788,0.0,openalex_pure_math_1000
W3016317602,pre_ai,2020,Mathematics,4,9.0,0.25,2.9907071056272403,0.5,0.6079207920792079,0.25,0.5623351446188083,0.8571689128875732,0.5,openalex_pure_math_1000
W3016445463,pre_ai,2020,Mathematics,6,7.0,0.1666666666666666,2.9485769338183703,0.3333333333333333,0.4897025171624714,0.3333333333333333,0.8675632284814612,0.866278201341629,0.3333333333333333,openalex_pure_math_1000
W3016704122,pre_ai,2019,Mathematics,25,16.0,0.16,3.258096538021482,0.2,0.7111877772301627,0.0,-0.0,0.8956018733978272,0.2,openalex_pure_math_1000
W3016793835,pre_ai,2020,Mathematics,10,3.5,0.5,3.50334761341852,0.2,0.4865591397849462,0.4,1.0888999753452235,0.8853093028068543,0.2,openalex_pure_math_1000
W3016871829,pre_ai,2020,Mathematics,12,10.5,0.0833333333333333,2.5184763012068148,0.25,0.5846153846153846,0.1666666666666666,0.4505612088663046,0.9045244057973226,0.25,openalex_pure_math_1000
W3016892113,pre_ai,2020,Mathematics,17,13.0,0.2941176470588235,3.912023005428146,0.2352941176470588,0.7061095505617978,0.1176470588235294,0.362210557135449,0.8890910779728609,0.2352941176470588,openalex_pure_math_1000
W3016930868,pre_ai,2020,Mathematics,5,20.0,0.2,2.8903717578961645,0.2,0.9728206827974808,0.0,-0.0,0.91636825799942,0.2,openalex_pure_math_1000
W3017012611,pre_ai,2019,Mathematics,23,10.0,0.2608695652173913,2.6390573296152584,0.3478260869565217,0.891169853768279,0.0,-0.0,0.8891245463620061,0.3478260869565217,openalex_pure_math_1000
W3018303087,pre_ai,2020,Mathematics,46,7.0,0.108695652173913,4.350090596376676,0.0434782608695652,0.5749085206481965,0.8043478260869565,1.7688958163855344,0.8981711683065995,0.0434782608695652,openalex_pure_math_1000
W3018343855,pre_ai,2020,Mathematics,7,5.0,0.2857142857142857,1.791759469228055,0.7142857142857143,0.4210526315789473,0.0,-0.0,0.9563250967434476,0.7142857142857143,openalex_pure_math_1000
W3018499532,pre_ai,2020,Mathematics,6,18.5,0.1666666666666666,2.8617925509761903,0.1666666666666666,0.38,0.6666666666666666,0.6365141682948128,0.92362109820048,0.1666666666666666,openalex_pure_math_1000
W3018843592,pre_ai,2021,Mathematics,14,10.0,0.1428571428571428,3.860674306308975,0.0,0.7035256410256411,0.0714285714285714,0.2573186405438316,0.9110178010804312,0.0,openalex_pure_math_1000
W3019000221,pre_ai,2020,Mathematics,8,8.5,0.125,3.4376160436382888,0.0,0.2838283828382838,0.125,0.3767701612564367,0.919432133436203,0.0,openalex_pure_math_1000
W3019700698,pre_ai,2020,Mathematics,12,12.0,0.1666666666666666,2.70582302592752,0.4166666666666667,0.6708074534161491,0.0833333333333333,0.2868359830561607,0.9182077596584955,0.4166666666666667,openalex_pure_math_1000
W3019796901,pre_ai,2021,Mathematics,18,6.5,0.1111111111111111,2.4849066497880004,0.3333333333333333,0.6716101694915254,0.0555555555555555,0.2145591551764051,0.9201352298259736,0.3333333333333333,openalex_pure_math_1000
W3020633297,pre_ai,2020,Mathematics,2,7.5,0.0,2.723368685833155,0.5,0.8,0.5,0.6931471805599453,0.9593710601329803,0.5,openalex_pure_math_1000
W3020706407,pre_ai,2020,Mathematics,6,2.0,0.8333333333333334,1.4978661367769954,0.8333333333333334,0.4347826086956521,0.0,-0.0,0.8989735047022501,0.8333333333333334,openalex_pure_math_1000
W3020866720,pre_ai,2020,Mathematics,7,4.5,0.2857142857142857,1.3862943611198906,0.5714285714285714,0.7740384615384616,0.5714285714285714,0.6829081047004717,0.9126072100230626,0.5714285714285714,openalex_pure_math_1000
W3020927715,pre_ai,2020,Mathematics,19,2.0,0.6842105263157895,2.079441541679836,0.5263157894736842,0.4128440366972477,0.2105263157894736,0.6605788876520756,0.8850217492956864,0.5263157894736842,openalex_pure_math_1000
W3021416659,pre_ai,2021,Mathematics,13,4.0,0.2307692307692307,3.258096538021482,0.3076923076923077,0.7721088435374149,0.2307692307692307,0.5402041423888608,0.8690942938511188,0.3076923076923077,openalex_pure_math_1000
W3021729587,pre_ai,2020,Mathematics,5,29.0,0.0,3.970291913552122,0.2,0.6480804387568556,0.4,0.6730116670092565,0.9083524703979492,0.2,openalex_pure_math_1000
W3021971681,pre_ai,2020,Mathematics,1,7.0,0.0,3.970291913552122,0.0,1.0,0.0,-0.0,0.871735155582428,0.0,openalex_pure_math_1000
W3022224104,pre_ai,2020,Mathematics,9,4.0,0.4444444444444444,2.6390573296152584,0.3333333333333333,0.4879518072289157,0.0,-0.0,0.9179410603311328,0.3333333333333333,openalex_pure_math_1000
W3022283094,pre_ai,2020,Mathematics,9,20.0,0.0,5.700443573390687,0.0,0.6520881289049655,0.4444444444444444,0.936888307539016,0.8542864190207587,0.0,openalex_pure_math_1000
W3022789384,pre_ai,2021,Mathematics,10,12.0,0.2,2.80473589759248,0.4,0.7020262216924911,0.0,-0.0,0.9307005047798156,0.4,openalex_pure_math_1000
W3022981677,pre_ai,2020,Mathematics,19,18.0,0.2631578947368421,4.158883083359672,0.3157894736842105,0.9162308153991254,0.3157894736842105,0.8246593237664703,0.8830221420840213,0.3157894736842105,openalex_pure_math_1000
W3023110142,pre_ai,2020,Mathematics,7,9.0,0.1428571428571428,2.70805020110221,0.1428571428571428,0.8881691101261507,0.4285714285714285,0.9556998911125344,0.8660965647016253,0.1428571428571428,openalex_pure_math_1000
W3023152706,pre_ai,2020,Mathematics,3,22.0,0.0,5.313205979041787,0.0,0.8683068017366136,0.0,-0.0,0.9238319993019104,0.0,openalex_pure_math_1000
W3023211694,pre_ai,2020,Mathematics,8,13.0,0.375,2.0715673631957663,0.5,0.9641170915958452,0.25,0.5623351446188083,0.8778617456555367,0.5,openalex_pure_math_1000
W3023566392,pre_ai,2021,Mathematics,22,12.5,0.2272727272727272,3.60945485380953,0.1818181818181818,0.7839836776332568,0.5454545454545454,0.8454652292345644,0.842520759864287,0.1818181818181818,openalex_pure_math_1000
W3023787660,pre_ai,2021,Mathematics,5,8.0,0.2,3.737669618283368,0.2,0.6917491749174918,0.2,0.5004024235381879,0.8643427729606629,0.2,openalex_pure_math_1000
W3024582958,pre_ai,2020,Mathematics,4,9.0,0.25,2.649158683274018,0.5,0.9282868525896414,0.25,0.5623351446188083,0.9074818044900894,0.5,openalex_pure_math_1000
W3024635584,pre_ai,2020,Mathematics,7,20.0,0.0,5.673323267171493,0.1428571428571428,0.6766659524319691,0.1428571428571428,0.410116318288409,0.931526141507285,0.1428571428571428,openalex_pure_math_1000
W3024771704,pre_ai,2020,Mathematics,6,9.5,0.0,3.263978958811275,0.0,0.898635477582846,0.1666666666666666,0.4505612088663046,0.8810876111189524,0.0,openalex_pure_math_1000
W3024978296,pre_ai,2020,Mathematics,4,2.0,0.75,0.6931471805599453,1.0,0.5714285714285714,0.0,-0.0,0.905388817191124,1.0,openalex_pure_math_1000
W3025179474,pre_ai,2020,Mathematics,12,11.5,0.0,4.197173680708696,0.1666666666666666,0.5617597292724196,0.0,-0.0,0.9166739930709203,0.1666666666666666,openalex_pure_math_1000
W3025266871,pre_ai,2020,Mathematics,4,8.0,0.25,1.7776740307447068,0.75,0.6285714285714286,0.25,0.5623351446188083,0.8682414591312408,0.75,openalex_pure_math_1000
W3025491463,pre_ai,2020,Mathematics,16,18.0,0.0625,4.445618214758031,0.125,0.7437833037300178,0.0625,0.2337916587064593,0.862009733915329,0.125,openalex_pure_math_1000
W3025624853,pre_ai,2020,Mathematics,6,36.0,0.0,6.352938883006349,0.0,0.382580073427016,0.0,-0.0,0.8996873795986176,0.0,openalex_pure_math_1000
W3025781771,pre_ai,2020,Mathematics,7,6.0,0.1428571428571428,2.5649493574615367,0.4285714285714285,0.7025703794369645,0.1428571428571428,0.410116318288409,0.9214942114693778,0.4285714285714285,openalex_pure_math_1000
W3025796069,pre_ai,2021,Mathematics,14,13.0,0.2142857142857142,3.0645251050302726,0.2142857142857142,0.8088614116434827,0.1428571428571428,0.410116318288409,0.8685100674629211,0.2142857142857142,openalex_pure_math_1000
W3025893653,pre_ai,2020,Mathematics,12,8.5,0.3333333333333333,1.9356005054539451,0.5833333333333334,0.8215158924205379,0.0,-0.0,0.9037811160087584,0.5833333333333334,openalex_pure_math_1000
W3027406804,pre_ai,2020,Mathematics,6,4.5,0.3333333333333333,1.732867951399863,0.8333333333333334,0.6721311475409836,0.0,-0.0,0.8921237389246622,0.8333333333333334,openalex_pure_math_1000
W3028246390,pre_ai,2020,Mathematics,9,9.0,0.2222222222222222,4.02535169073515,0.4444444444444444,0.4902143522833178,0.1111111111111111,0.3488320958430319,0.9213783343633016,0.4444444444444444,openalex_pure_math_1000
W3029609032,pre_ai,2021,Mathematics,26,17.5,0.0,4.537603848992343,0.0384615384615384,0.7141167192429022,0.1153846153846153,0.4843901162380035,0.8725432547239157,0.0384615384615384,openalex_pure_math_1000
W3030545518,pre_ai,2020,Mathematics,8,4.0,0.375,2.1910133173369406,0.5,0.5605095541401274,0.25,0.7356219397587946,0.8988349959254265,0.5,openalex_pure_math_1000
W3030558830,pre_ai,2020,Mathematics,4,4.0,0.25,3.620324847127733,0.0,0.5337078651685393,0.0,-0.0,0.8529172986745834,0.0,openalex_pure_math_1000
W3031074073,pre_ai,2020,Mathematics,18,2.0,0.8333333333333334,1.791759469228055,0.6111111111111112,0.319672131147541,0.2222222222222222,0.760755259244303,0.7988879250155555,0.2777777777777778,openalex_pure_math_1000
W3031360600,pre_ai,2020,Mathematics,44,5.0,0.4090909090909091,3.020127355638707,0.3636363636363636,0.6433745206646783,0.2045454545454545,0.5066395578238191,0.9006657871333036,0.3636363636363636,openalex_pure_math_1000
W3031520878,pre_ai,2020,Mathematics,44,17.0,0.0227272727272727,2.943052015725078,0.3181818181818182,0.7173850159097483,0.6363636363636364,1.283974128432928,0.869411510500041,0.2954545454545454,openalex_pure_math_1000
W3032979695,pre_ai,2020,Mathematics,13,36.0,0.1538461538461538,2.772588722239781,0.3076923076923077,0.9345864661654136,0.6153846153846154,0.666278442414676,0.940915075632242,0.3076923076923077,openalex_pure_math_1000
W3033054056,pre_ai,2020,Mathematics,19,10.0,0.1052631578947368,3.4011973816621555,0.2105263157894736,0.733675506130596,0.631578947368421,1.4391741154213276,0.8689656602708917,0.2105263157894736,openalex_pure_math_1000
W3033275723,pre_ai,2021,Mathematics,9,10.0,0.1111111111111111,3.912023005428146,0.1111111111111111,0.3362521891418564,0.1111111111111111,0.3488320958430319,0.8857666320270963,0.1111111111111111,openalex_pure_math_1000
W3033553455,pre_ai,2020,Mathematics,7,8.0,0.4285714285714285,2.8903717578961645,0.2857142857142857,0.6648550724637681,0.1428571428571428,0.410116318288409,0.9181483558246069,0.2857142857142857,openalex_pure_math_1000
W3033603679,pre_ai,2021,Mathematics,10,26.5,0.1,4.07753744390572,0.2,0.3280293757649938,0.1,0.3250829733914482,0.9250514447689056,0.2,openalex_pure_math_1000
W3033962602,pre_ai,2020,Mathematics,10,22.5,0.0,2.770631772579213,0.2,0.7875383043922369,0.1,0.3250829733914482,0.9381741762161256,0.2,openalex_pure_math_1000
W3034328178,pre_ai,2020,Mathematics,2,73.0,0.0,5.513883793976408,0.0,0.915158371040724,0.0,-0.0,0.8284867405891418,0.0,openalex_pure_math_1000
W3034611257,pre_ai,2020,Mathematics,79,12.0,0.1012658227848101,4.04305126783455,0.0632911392405063,0.6253517753427938,0.9113924050632912,1.2836262317124638,0.901071700114238,0.0632911392405063,openalex_pure_math_1000
W3034668569,pre_ai,2020,Mathematics,2,32.5,0.0,5.843993700517462,0.0,0.8274725274725274,1.0,0.6931471805599453,0.8840945959091187,0.0,openalex_pure_math_1000
W3034679160,pre_ai,2020,Mathematics,15,1.0,0.6666666666666666,2.19722457733622,0.4666666666666667,0.8890020366598778,0.1333333333333333,0.3926744672275521,0.9077905972798666,0.4666666666666667,openalex_pure_math_1000
W3034685862,pre_ai,2020,Mathematics,10,9.0,0.2,2.470821211304652,0.4,0.6652892561983471,0.1,0.3250829733914482,0.8961046040058136,0.4,openalex_pure_math_1000
W3034724878,pre_ai,2020,Mathematics,10,4.0,0.4,1.3862943611198906,0.8,0.4705882352941176,0.1,0.3250829733914482,0.9454603791236876,0.8,openalex_pure_math_1000
W3034727763,pre_ai,2020,Mathematics,4,7.5,0.5,3.06561324474157,0.0,0.5192307692307693,0.0,-0.0,0.906613990664482,0.0,openalex_pure_math_1000
W3035028306,pre_ai,2020,Mathematics,9,12.0,0.1111111111111111,4.219507705176107,0.1111111111111111,0.5073813960154794,0.3333333333333333,0.8486855577264172,0.8879517316818237,0.1111111111111111,openalex_pure_math_1000
W3035199517,pre_ai,2021,Mathematics,4,16.5,0.25,3.7576722855902176,0.25,0.620253164556962,0.0,-0.0,0.9235776662826538,0.25,openalex_pure_math_1000
W3035223302,pre_ai,2020,Mathematics,6,14.5,0.0,4.284892820767704,0.0,0.3186003683241252,0.1666666666666666,0.4505612088663046,0.9138202965259552,0.0,openalex_pure_math_1000
W3035659971,pre_ai,2020,Mathematics,2,14.5,0.5,3.072092817062823,0.5,0.9957081545064378,0.0,-0.0,0.9119411408901216,0.5,openalex_pure_math_1000
W3035683969,pre_ai,2020,Mathematics,6,2.5,0.6666666666666666,1.7005986908310775,0.6666666666666666,0.4807692307692308,0.1666666666666666,0.4505612088663046,0.9222387274106344,0.6666666666666666,openalex_pure_math_1000
W3036261630,pre_ai,2021,Mathematics,7,9.0,0.0,2.302585092994046,0.4285714285714285,0.9913646877409408,0.0,-0.0,0.9272453274045672,0.4285714285714285,openalex_pure_math_1000
W3036290871,pre_ai,2020,Mathematics,4,20.0,0.25,2.3978952727983707,0.25,0.6229508196721312,0.25,0.5623351446188083,0.9110928773880004,0.25,openalex_pure_math_1000
W3036559078,pre_ai,2020,Mathematics,6,1.5,0.6666666666666666,0.3465735902799726,0.6666666666666666,0.8632911392405064,0.0,-0.0,0.9118082523345948,0.6666666666666666,openalex_pure_math_1000
W3037060609,pre_ai,2020,Mathematics,8,6.0,0.375,2.8762863194128165,0.0,0.292817679558011,0.0,-0.0,0.9096726328134536,0.0,openalex_pure_math_1000
W3037261445,pre_ai,2019,Mathematics,7,2.0,0.7142857142857143,1.3862943611198906,0.5714285714285714,0.4558823529411764,0.0,-0.0,0.9241336243493216,0.5714285714285714,openalex_pure_math_1000
W3037573425,pre_ai,2020,Mathematics,20,7.0,0.1,3.569433499972762,0.05,0.5389453313981616,0.0,-0.0,0.9307379215955734,0.05,openalex_pure_math_1000
W3037640829,pre_ai,2020,Mathematics,20,3.0,0.75,2.302585092994046,0.45,0.930366900858704,0.25,0.7999027794271169,0.8842874825000763,0.45,openalex_pure_math_1000
W3037654674,pre_ai,2020,Mathematics,58,16.0,0.0517241379310344,4.181787851375319,0.0689655172413793,0.7495062801169129,0.8448275862068966,1.3308992555771364,0.9004312455654144,0.0689655172413793,openalex_pure_math_1000
W3037703633,pre_ai,2020,Mathematics,7,8.0,0.1428571428571428,3.8918202981106265,0.2857142857142857,0.3225,0.0,-0.0,0.9137161884989056,0.2857142857142857,openalex_pure_math_1000
W3037818939,pre_ai,2020,Mathematics,9,11.0,0.0,3.1354942159291497,0.1111111111111111,0.185929648241206,0.2222222222222222,0.5297061990576545,0.8840191695425246,0.1111111111111111,openalex_pure_math_1000
W3038232509,pre_ai,2020,Mathematics,4,6.0,0.0,1.2424533248940002,0.5,0.56,0.25,0.5623351446188083,0.941311612725258,0.5,openalex_pure_math_1000
W3038697689,pre_ai,2020,Mathematics,20,2.0,0.75,2.543798167616192,0.3,0.3043478260869565,0.0,-0.0,0.935209745168686,0.3,openalex_pure_math_1000
W3039494381,pre_ai,2021,Mathematics,6,7.5,0.3333333333333333,2.5375869076169133,0.1666666666666666,0.4276729559748428,0.0,-0.0,0.8850097159544627,0.1666666666666666,openalex_pure_math_1000
W3040066920,pre_ai,2020,Mathematics,4,10.0,0.0,2.908555579981602,0.0,0.4523809523809524,1.0,0.5623351446188083,0.8863511085510254,0.0,openalex_pure_math_1000
W3040204083,pre_ai,2020,Mathematics,5,4.0,0.4,3.4657359027997265,0.4,0.7108753315649867,0.0,-0.0,0.8867962241172791,0.4,openalex_pure_math_1000
W3040402236,pre_ai,2021,Mathematics,3,3.0,0.6666666666666666,2.70805020110221,0.3333333333333333,0.765625,0.0,-0.0,0.91531902551651,0.3333333333333333,openalex_pure_math_1000
W3041073478,pre_ai,2020,Mathematics,38,9.5,0.2631578947368421,4.624972813284271,0.0789473684210526,0.5722155146392998,0.9736842105263158,0.1216924026780619,0.924029695360284,0.0789473684210526,openalex_pure_math_1000
W3041080890,pre_ai,2020,Mathematics,31,9.0,0.1612903225806451,3.091042453358316,0.1935483870967742,0.6914973664409331,0.032258064516129,0.1425058673927378,0.8982345788709579,0.1935483870967742,openalex_pure_math_1000
W3041143622,pre_ai,2020,Mathematics,10,34.5,0.2,3.80443531459563,0.2,0.5313511922284369,0.0,-0.0,0.9207116663455964,0.2,openalex_pure_math_1000
W3041246189,pre_ai,2020,Mathematics,29,6.0,0.3103448275862069,2.995732273553991,0.2068965517241379,0.7573666047252455,0.6896551724137931,1.777754140608172,0.8532610967241484,0.2068965517241379,openalex_pure_math_1000
W3041573800,pre_ai,2020,Mathematics,6,33.0,0.1666666666666666,4.651505353408746,0.0,0.3647711511789182,0.0,-0.0,0.9148008624712626,0.0,openalex_pure_math_1000
W3041606912,pre_ai,2021,Mathematics,4,11.5,0.25,2.6020033435383976,0.0,0.736,0.0,-0.0,0.8756767958402634,0.0,openalex_pure_math_1000
W3041849008,pre_ai,2021,Mathematics,7,29.0,0.0,4.143134726391533,0.0,0.5452261306532663,0.2857142857142857,0.5982695885852573,0.901395525251116,0.0,openalex_pure_math_1000
W3041918230,pre_ai,2020,Mathematics,58,10.0,0.1379310344827586,3.624252036185305,0.1034482758620689,0.9629069823363312,0.9310344827586208,1.5081253198005062,0.8573350289772297,0.0862068965517241,openalex_pure_math_1000
W3042665456,pre_ai,2020,Mathematics,16,1.0,0.625,2.4849066497880004,0.4375,0.3100436681222707,0.0,-0.0,0.8781768977642059,0.4375,openalex_pure_math_1000
W3042727717,pre_ai,2020,Mathematics,7,13.0,0.2857142857142857,2.4849066497880004,0.2857142857142857,0.7471264367816092,0.1428571428571428,0.410116318288409,0.8399673785482135,0.1428571428571428,openalex_pure_math_1000
W3043016492,pre_ai,2020,Mathematics,11,28.0,0.0909090909090909,2.3978952727983707,0.3636363636363636,0.5108695652173914,0.4545454545454545,0.6890092384766586,0.8850343064828352,0.3636363636363636,openalex_pure_math_1000
W3043134947,pre_ai,2021,Mathematics,14,3.0,0.4285714285714285,2.0126758453675744,0.5714285714285714,0.9405772495755518,0.1428571428571428,0.509137344082687,0.9118747796331134,0.5714285714285714,openalex_pure_math_1000
W3043504861,pre_ai,2020,Mathematics,10,6.0,0.0,2.297559925067296,0.4,0.8593848085373509,0.0,-0.0,0.9281599044799804,0.4,openalex_pure_math_1000
W3043633573,pre_ai,2020,Mathematics,11,19.0,0.0,4.770684624465665,0.1818181818181818,0.784366576819407,0.2727272727272727,0.7595473914748635,0.8969994566657327,0.1818181818181818,openalex_pure_math_1000
W3043660849,pre_ai,2020,Mathematics,7,4.0,0.4285714285714285,1.791759469228055,0.7142857142857143,0.4411764705882353,0.5714285714285714,0.6829081047004717,0.9007532596588136,0.7142857142857143,openalex_pure_math_1000
W3043661117,pre_ai,2020,Mathematics,17,2.0,0.8235294117647058,2.772588722239781,0.1176470588235294,0.6780905752753978,0.1764705882352941,0.4659992569610426,0.8740635233766892,0.0588235294117647,openalex_pure_math_1000
W3043767843,pre_ai,2020,Mathematics,7,26.0,0.0,5.068904202220232,0.0,0.3255004351610095,0.1428571428571428,0.410116318288409,0.8829775197165353,0.0,openalex_pure_math_1000
W3043998702,pre_ai,2020,Mathematics,6,25.0,0.0,5.639865788901259,0.0,0.4553982883475971,0.5,1.242453324894,0.87223020195961,0.0,openalex_pure_math_1000
W3044291500,pre_ai,2020,Mathematics,3,42.0,0.0,2.079441541679836,0.6666666666666666,0.4736842105263157,0.3333333333333333,0.6365141682948128,0.8906303246816,0.6666666666666666,openalex_pure_math_1000
W3044579804,pre_ai,2020,Mathematics,18,4.5,0.2777777777777778,2.57083177825133,0.4444444444444444,0.7391937833899952,0.0555555555555555,0.2145591551764051,0.9353960123327044,0.4444444444444444,openalex_pure_math_1000
W3045100321,pre_ai,2020,Mathematics,9,21.0,0.0,5.2832037287379885,0.0,0.3412300683371298,0.2222222222222222,0.6837389058487535,0.9065127703878616,0.0,openalex_pure_math_1000
W3045320188,pre_ai,2020,Mathematics,10,13.5,0.1,5.228815626507828,0.2,0.3184647302904564,0.0,-0.0,0.9056543111801147,0.2,openalex_pure_math_1000
W3045553426,pre_ai,2020,Mathematics,9,13.0,0.0,1.9459101490553128,0.5555555555555556,0.5986509274873525,0.6666666666666666,1.0608569471580214,0.8820447458161248,0.5555555555555556,openalex_pure_math_1000
W3045683791,pre_ai,2020,Mathematics,14,1.5,0.7857142857142857,1.6094379124341005,0.7142857142857143,0.6440677966101694,0.0,-0.0,0.9335910507610866,0.7142857142857143,openalex_pure_math_1000
W3046346236,pre_ai,2020,Mathematics,30,4.0,0.4,4.100967175597111,0.1,0.3590848806366047,0.8666666666666667,0.3926744672275521,0.9173129041989644,0.1,openalex_pure_math_1000
W3047006640,pre_ai,2020,Mathematics,8,14.5,0.0,2.4337672252277915,0.25,0.9659863945578232,0.0,-0.0,0.9318910241127014,0.25,openalex_pure_math_1000
W3047384296,pre_ai,2021,Mathematics,9,3.0,0.5555555555555556,3.4657359027997265,0.0,0.9110218140068886,0.0,-0.0,0.8847210870848762,0.0,openalex_pure_math_1000
W3047459999,pre_ai,2020,Mathematics,7,11.0,0.0,3.091042453358316,0.2857142857142857,0.4527363184079602,0.5714285714285714,0.6829081047004717,0.9314172863960266,0.2857142857142857,openalex_pure_math_1000
W3047518029,pre_ai,2020,Mathematics,38,20.0,0.1578947368421052,4.158760998143585,0.0789473684210526,0.6377932783766646,0.868421052631579,1.6215812682002606,0.8479391508980801,0.0789473684210526,openalex_pure_math_1000
W3047948945,pre_ai,2020,Mathematics,25,7.0,0.24,3.713572066704308,0.16,0.6291957648118945,0.6,1.3959373909399524,0.8712666249275207,0.16,openalex_pure_math_1000
W3048444042,pre_ai,2020,Mathematics,1,34.0,0.0,4.553876891600541,0.0,1.0,0.0,-0.0,0.9060980677604676,0.0,openalex_pure_math_1000
W3048471860,pre_ai,2020,Mathematics,4,23.5,0.25,5.9997701800105805,0.25,0.5074483421432003,0.25,0.5623351446188083,0.9150178134441376,0.25,openalex_pure_math_1000
W3048615414,pre_ai,2020,Mathematics,7,8.0,0.1428571428571428,3.218875824868201,0.1428571428571428,0.9350270720533111,0.1428571428571428,0.410116318288409,0.8875756859779358,0.1428571428571428,openalex_pure_math_1000
W3048828230,pre_ai,2020,Mathematics,3,11.0,0.0,2.4849066497880004,0.3333333333333333,0.998581560283688,0.3333333333333333,0.6365141682948128,0.8972622950871786,0.3333333333333333,openalex_pure_math_1000
W3049099621,pre_ai,2020,Mathematics,12,4.0,0.4166666666666667,2.138333059508028,0.5,0.5294117647058824,0.0,-0.0,0.9050796180963516,0.5,openalex_pure_math_1000
W3049119438,pre_ai,2021,Mathematics,10,4.5,0.4,1.6479184330021646,0.5,0.9735713297357133,0.1,0.3250829733914482,0.9122338473796844,0.5,openalex_pure_math_1000
W3049619156,pre_ai,2021,Mathematics,5,7.0,0.2,1.6094379124341005,0.8,0.6052631578947368,0.2,0.5004024235381879,0.9427858233451843,0.8,openalex_pure_math_1000
W3049693238,pre_ai,2020,Mathematics,6,27.5,0.1666666666666666,4.252661509422875,0.1666666666666666,0.6726825266611977,0.0,-0.0,0.9116002917289734,0.1666666666666666,openalex_pure_math_1000
W3056530620,pre_ai,2020,Mathematics,33,6.0,0.3636363636363636,3.4657359027997265,0.1212121212121212,0.4307133121308496,0.9090909090909092,1.6472938052230894,0.8865626653035482,0.1212121212121212,openalex_pure_math_1000
W3065210268,pre_ai,2020,Mathematics,5,24.0,0.2,5.068904202220232,0.0,0.6530612244897959,0.4,0.9502705392332348,0.8892761111259461,0.0,openalex_pure_math_1000
W3080928605,pre_ai,2021,Mathematics,4,36.5,0.0,6.3647685311011735,0.25,0.5651497471800856,0.0,-0.0,0.8916530460119247,0.25,openalex_pure_math_1000
W3080972442,pre_ai,2021,Mathematics,12,13.0,0.3333333333333333,2.8314802400679726,0.3333333333333333,0.7876200640341515,0.0833333333333333,0.2868359830561607,0.9112765789031982,0.3333333333333333,openalex_pure_math_1000
W3081065211,pre_ai,2020,Mathematics,16,7.5,0.125,2.6390573296152584,0.375,0.5589622641509434,0.0625,0.2337916587064593,0.908474761992693,0.375,openalex_pure_math_1000
W3081104705,pre_ai,2020,Mathematics,7,8.0,0.0,1.9459101490553128,0.7142857142857143,0.6336633663366337,1.0,-0.0,0.921052609171186,0.7142857142857143,openalex_pure_math_1000
W3081114044,pre_ai,2020,Mathematics,2,26.0,0.0,4.571244852534004,0.0,0.6971153846153846,0.0,-0.0,0.8734802901744843,0.0,openalex_pure_math_1000
W3081216057,pre_ai,2020,Mathematics,4,21.0,0.0,4.118210263632696,0.0,0.6698113207547169,0.0,-0.0,0.9035904556512832,0.0,openalex_pure_math_1000
W3081532534,pre_ai,2021,Mathematics,3,27.0,0.3333333333333333,5.918893854273146,0.0,0.5153452685421995,0.3333333333333333,0.6365141682948128,0.8777925769488016,0.0,openalex_pure_math_1000
W3081549870,pre_ai,2020,Mathematics,10,5.0,0.3,2.4260151319598084,0.5,0.4338624338624338,0.0,-0.0,0.8977248311042786,0.5,openalex_pure_math_1000
W3081810534,pre_ai,2020,Mathematics,8,6.5,0.25,2.596478425445105,0.375,0.7818181818181819,0.625,1.2554823251787537,0.8393235877156258,0.125,openalex_pure_math_1000
W3082109664,pre_ai,2020,Mathematics,13,6.0,0.3076923076923077,2.70805020110221,0.3846153846153846,0.4767726161369193,0.0769230769230769,0.2711893730418441,0.8839509441302373,0.3846153846153846,openalex_pure_math_1000
W3082259423,pre_ai,2020,Mathematics,25,10.0,0.08,2.995732273553991,0.32,0.5450367647058824,0.08,0.2787693717685874,0.8879327797889709,0.32,openalex_pure_math_1000
W3082897769,pre_ai,2020,Mathematics,9,12.0,0.0,3.5263605246161616,0.0,0.292817679558011,0.0,-0.0,0.9318068888452318,0.0,openalex_pure_math_1000
W3083025274,pre_ai,2020,Mathematics,2,59.5,0.0,6.972637432009776,0.0,0.5527052238805971,1.0,0.6931471805599453,0.8135623037815094,0.0,openalex_pure_math_1000
W3083264899,pre_ai,2020,Mathematics,14,3.0,0.5714285714285714,4.3143672830745725,0.0,0.7718609865470852,0.5,1.0913030006468518,0.8190499033246722,0.0,openalex_pure_math_1000
W3083597109,pre_ai,2020,Mathematics,8,4.0,0.5,2.19722457733622,0.375,0.5785714285714286,0.0,-0.0,0.9349894747138024,0.375,openalex_pure_math_1000
W3083870369,pre_ai,2020,Mathematics,5,30.0,0.0,6.639875833826536,0.2,0.6481541450777202,0.6,1.0549201679861442,0.8938259482383728,0.2,openalex_pure_math_1000
W3083905377,pre_ai,2021,Mathematics,11,6.5,0.2727272727272727,2.9444389791664403,0.3636363636363636,0.6993642143505904,0.0,-0.0,0.9298257827758788,0.3636363636363636,openalex_pure_math_1000
W3084261025,pre_ai,2020,Mathematics,14,9.0,0.2142857142857142,3.70335536508882,0.2142857142857142,0.8033629145259225,0.0,-0.0,0.8912229537963867,0.2142857142857142,openalex_pure_math_1000
W3085108322,pre_ai,2021,Mathematics,9,8.0,0.0,2.772588722239781,0.4444444444444444,0.3641456582633053,0.0,-0.0,0.8865384260813395,0.4444444444444444,openalex_pure_math_1000
W3086663642,pre_ai,2020,Mathematics,1,2.0,1.0,0.0,1.0,,0.0,-0.0,0.9559106826782228,1.0,openalex_pure_math_1000
W3087678021,pre_ai,2021,Mathematics,18,10.5,0.2777777777777778,2.914472808805104,0.3888888888888889,0.660377358490566,0.0,-0.0,0.9085117975870768,0.3888888888888889,openalex_pure_math_1000
W3088103891,pre_ai,2021,Mathematics,11,6.0,0.2727272727272727,3.6375861597263857,0.1818181818181818,0.7986111111111112,0.1818181818181818,0.6001660731596457,0.90422954342582,0.1818181818181818,openalex_pure_math_1000
W3088151810,pre_ai,2020,Mathematics,15,8.0,0.0666666666666666,3.4011973816621555,0.1333333333333333,0.692090395480226,0.5333333333333333,1.615119550060412,0.8534426212310791,0.1333333333333333,openalex_pure_math_1000
W3088472702,pre_ai,2021,Mathematics,18,7.0,0.2777777777777778,3.7939086099967136,0.1111111111111111,0.6938502673796791,0.0,-0.0,0.9103382031122844,0.1111111111111111,openalex_pure_math_1000
W3088710493,pre_ai,2020,Mathematics,9,7.0,0.2222222222222222,2.3978952727983707,0.4444444444444444,0.4783715012722646,0.7777777777777778,0.8486855577264172,0.8949317932128906,0.4444444444444444,openalex_pure_math_1000
W3088774087,pre_ai,2020,Mathematics,5,3.0,0.6,2.3978952727983707,0.4,0.3783783783783784,0.2,0.5004024235381879,0.895409631729126,0.4,openalex_pure_math_1000
W3089082802,pre_ai,2020,Mathematics,4,11.5,0.25,4.946718608341314,0.25,0.8567335243553008,0.0,-0.0,0.9156842827796936,0.25,openalex_pure_math_1000
W3089990020,pre_ai,2020,Mathematics,16,4.0,0.4375,2.3502401828962083,0.4375,0.5306122448979592,0.0625,0.2337916587064593,0.9164007790386676,0.4375,openalex_pure_math_1000
W3091419094,pre_ai,2020,Mathematics,4,37.0,0.0,4.366555348819354,0.0,0.4634920634920635,0.0,-0.0,0.8704757690429688,0.0,openalex_pure_math_1000
W3091843749,pre_ai,2020,Mathematics,6,13.0,0.1666666666666666,2.359249435647547,0.5,0.6266471449487555,0.0,-0.0,0.9024950663248698,0.5,openalex_pure_math_1000
W3091854887,pre_ai,2020,Mathematics,5,10.0,0.0,3.1354942159291497,0.0,0.3941605839416058,0.2,0.5004024235381879,0.903887677192688,0.0,openalex_pure_math_1000
W3092329298,pre_ai,2020,Mathematics,6,17.5,0.0,3.449861553642436,0.1666666666666666,0.583011583011583,0.1666666666666666,0.4505612088663046,0.9171150028705596,0.1666666666666666,openalex_pure_math_1000
W3092748453,pre_ai,2021,Mathematics,12,13.0,0.1666666666666666,3.75329589003542,0.1666666666666666,0.8060144006776789,0.1666666666666666,0.4505612088663046,0.8343366980552673,0.1666666666666666,openalex_pure_math_1000
W3092811512,pre_ai,2020,Mathematics,15,14.0,0.2,4.060443010546419,0.2,0.6519908116385911,0.0666666666666666,0.2449300267946353,0.923590115706126,0.2,openalex_pure_math_1000
W3093137129,pre_ai,2021,Mathematics,12,18.5,0.0833333333333333,2.888826161611328,0.4166666666666667,0.6029055690072639,0.75,0.5623351446188083,0.9085335234800974,0.4166666666666667,openalex_pure_math_1000
W3093365803,pre_ai,2021,Mathematics,8,5.5,0.125,2.770631772579213,0.25,0.9889817629179332,0.0,-0.0,0.9003592357039452,0.25,openalex_pure_math_1000
W3093575473,pre_ai,2020,Mathematics,7,12.0,0.1428571428571428,3.1780538303479458,0.1428571428571428,0.4475308641975308,0.8571428571428571,0.410116318288409,0.9442593285015652,0.1428571428571428,openalex_pure_math_1000
W3093611361,pre_ai,2020,Mathematics,6,13.0,0.1666666666666666,2.2924837393352857,0.5,0.4951456310679611,0.0,-0.0,0.9065671364466348,0.5,openalex_pure_math_1000
W3094096802,pre_ai,2021,Mathematics,4,6.5,0.0,2.6390573296152584,0.5,0.5352112676056338,1.0,0.5623351446188083,0.9133021980524064,0.5,openalex_pure_math_1000
W3094517061,pre_ai,2020,Mathematics,5,10.0,0.4,3.044522437723423,0.4,0.9031620553359684,0.2,0.5004024235381879,0.8726123690605163,0.4,openalex_pure_math_1000
W3094573947,pre_ai,2020,Mathematics,31,6.0,0.3870967741935484,3.1780538303479458,0.3225806451612903,0.8169194865810968,0.7419354838709677,1.765309366716585,0.8560837103474525,0.2258064516129032,openalex_pure_math_1000
W3094618651,pre_ai,2020,Mathematics,3,18.0,0.0,3.970291913552122,0.0,0.5586592178770949,0.0,-0.0,0.9112407167752584,0.0,openalex_pure_math_1000
W3094767322,pre_ai,2020,Mathematics,9,19.0,0.2222222222222222,2.3978952727983707,0.4444444444444444,0.9495798319327732,0.1111111111111111,0.3488320958430319,0.9010805288950602,0.4444444444444444,openalex_pure_math_1000
W3094787914,pre_ai,2020,Mathematics,6,41.0,0.0,4.878652521179023,0.1666666666666666,0.6196358907672301,0.1666666666666666,0.4505612088663046,0.9042799174785614,0.1666666666666666,openalex_pure_math_1000
W3095003746,pre_ai,2020,Mathematics,16,11.0,0.125,3.093104311950247,0.1875,0.6106870229007634,0.0,-0.0,0.9319320991635324,0.1875,openalex_pure_math_1000
W3095213479,pre_ai,2020,Mathematics,10,1.0,0.6,1.4978661367769954,0.7,0.6906885479843026,0.3,0.8018185525433372,0.8949271738529205,0.7,openalex_pure_math_1000
W3095281973,pre_ai,2020,Mathematics,51,9.0,0.196078431372549,4.477336814478207,0.1176470588235294,0.6013882265670535,0.8431372549019608,2.0613387055845687,0.8656570350422579,0.1176470588235294,openalex_pure_math_1000
W3095425088,pre_ai,2021,Mathematics,9,2.0,0.5555555555555556,1.791759469228055,0.6666666666666666,0.6163793103448276,0.1111111111111111,0.3488320958430319,0.9068598681026034,0.6666666666666666,openalex_pure_math_1000
W3095678557,pre_ai,2020,Mathematics,9,8.0,0.3333333333333333,2.079441541679836,0.5555555555555556,0.4545454545454545,0.2222222222222222,0.5297061990576545,0.9078409671783448,0.5555555555555556,openalex_pure_math_1000
W3095911558,pre_ai,2021,Mathematics,4,39.5,0.0,4.624780542564732,0.25,0.4987593052109181,0.0,-0.0,0.9154460728168488,0.25,openalex_pure_math_1000
W3096183713,pre_ai,2020,Mathematics,14,0.0,0.6428571428571429,2.079441541679836,0.7142857142857143,0.9623708010335916,0.2857142857142857,0.7963116401738131,0.8863366203648704,0.7142857142857143,openalex_pure_math_1000
W3096411793,pre_ai,2020,Mathematics,2,10.5,0.0,3.772166054026844,0.0,0.6091954022988506,0.0,-0.0,0.897937148809433,0.0,openalex_pure_math_1000
W3096417826,pre_ai,2020,Mathematics,5,41.0,0.4,3.555348061489413,0.4,0.8364485981308412,0.2,0.5004024235381879,0.9141473889350892,0.4,openalex_pure_math_1000
W3096539296,pre_ai,2020,Mathematics,12,3.0,0.5833333333333334,2.481422315129953,0.25,0.6875,1.0,0.2868359830561607,0.9387335131565728,0.25,openalex_pure_math_1000
W3097729861,pre_ai,2020,Mathematics,3,10.0,0.0,1.791759469228055,0.6666666666666666,0.9868073878627968,0.0,-0.0,0.91153750816981,0.6666666666666666,openalex_pure_math_1000
W3098880965,pre_ai,2020,Mathematics,23,10.0,0.1304347826086956,3.4011973816621555,0.1739130434782608,0.6662786185487001,0.0,-0.0,0.8913951956707499,0.1739130434782608,openalex_pure_math_1000
W3099706370,pre_ai,2020,Mathematics,8,5.0,0.125,2.780340815507764,0.375,0.6806192660550459,0.0,-0.0,0.8943008258938789,0.375,openalex_pure_math_1000
W3100182772,pre_ai,2020,Mathematics,6,2.0,0.6666666666666666,1.4978661367769954,0.6666666666666666,0.9889935322818564,0.1666666666666666,0.4505612088663046,0.9067105054855348,0.6666666666666666,openalex_pure_math_1000
W3100868007,pre_ai,2019,Mathematics,4,33.5,0.0,3.901513321816109,0.0,0.6270833333333333,0.25,0.5623351446188083,0.9139181673526764,0.0,openalex_pure_math_1000
W3101786363,pre_ai,2020,Mathematics,17,16.0,0.0,3.1780538303479458,0.2941176470588235,0.4569892473118279,0.0588235294117647,0.2237180760658337,0.836307168006897,0.2352941176470588,openalex_pure_math_1000
W3102300031,pre_ai,2020,Mathematics,14,12.0,0.0714285714285714,3.0879336350528805,0.3571428571428571,0.6500868466761408,0.2857142857142857,0.5982695885852573,0.8594697543552944,0.3571428571428571,openalex_pure_math_1000
W3102687766,pre_ai,2019,Mathematics,13,5.0,0.3846153846153846,2.9444389791664403,0.3076923076923077,0.6184738955823293,0.0769230769230769,0.2711893730418441,0.924791482778696,0.3076923076923077,openalex_pure_math_1000
W3103818600,pre_ai,2020,Mathematics,14,10.0,0.1428571428571428,4.253268305613855,0.0,0.6658343736995422,0.0,-0.0,0.8847418682915824,0.0,openalex_pure_math_1000
W3105040970,pre_ai,2020,Mathematics,5,13.0,0.2,4.5217885770490405,0.0,0.7869774919614148,0.2,0.5004024235381879,0.8832274794578552,0.0,openalex_pure_math_1000
W3105223877,pre_ai,2020,Mathematics,12,17.5,0.0833333333333333,4.885349370636332,0.25,0.4676375404530744,0.4166666666666667,0.6791932659915256,0.9180479546387992,0.25,openalex_pure_math_1000
W3105308366,pre_ai,2021,Mathematics,21,19.0,0.0476190476190476,3.49650756146648,0.0476190476190476,0.5472851492268967,0.0,-0.0,0.9193052904946464,0.0476190476190476,openalex_pure_math_1000
W3106226696,pre_ai,2020,Mathematics,15,5.0,0.2666666666666666,2.70805020110221,0.3333333333333333,0.7390939597315436,0.0,-0.0,0.9253980278968812,0.3333333333333333,openalex_pure_math_1000
W3106704039,pre_ai,2020,Mathematics,8,10.0,0.0,2.8417898836693407,0.25,0.7903871829105474,0.125,0.3767701612564367,0.9319099709391594,0.25,openalex_pure_math_1000
W3106986098,pre_ai,2021,Mathematics,3,23.0,0.0,2.70805020110221,0.3333333333333333,0.7538461538461538,0.3333333333333333,0.6365141682948128,0.8864962259928385,0.3333333333333333,openalex_pure_math_1000
W3107443602,pre_ai,2020,Mathematics,9,7.0,0.1111111111111111,3.9318256327243257,0.3333333333333333,0.3156146179401993,0.0,-0.0,0.9002002742555406,0.3333333333333333,openalex_pure_math_1000
W3107821991,pre_ai,2020,Mathematics,4,11.5,0.0,4.153236080050292,0.0,0.460431654676259,0.5,0.6931471805599453,0.8940728902816772,0.0,openalex_pure_math_1000
W3107825492,pre_ai,2020,Mathematics,30,13.0,0.1,3.93355275015837,0.1666666666666666,0.9848165291283896,0.4,1.3435056426631486,0.8428053617477417,0.1333333333333333,openalex_pure_math_1000
W3107962279,pre_ai,2019,Mathematics,2,8.5,0.0,2.817394801584625,0.5,0.9322033898305084,0.0,-0.0,0.8909778296947479,0.5,openalex_pure_math_1000
W3108831692,pre_ai,2020,Mathematics,12,7.0,0.0833333333333333,3.7012257604091214,0.25,0.6749332740213523,0.6666666666666666,1.6326309271543518,0.8263357927401861,0.25,openalex_pure_math_1000
W3108905730,pre_ai,2020,Mathematics,3,11.0,0.0,2.19722457733622,0.3333333333333333,0.9404761904761904,0.0,-0.0,0.9412513971328736,0.3333333333333333,openalex_pure_math_1000
W3109332076,pre_ai,2021,Mathematics,12,16.5,0.0,4.794251398778169,0.1666666666666666,0.45522949586155,0.0,-0.0,0.9103982200225196,0.1666666666666666,openalex_pure_math_1000
W3109511522,pre_ai,2020,Mathematics,11,16.0,0.0,4.189654742026425,0.0,0.8243276585245497,0.0,-0.0,0.888982583176006,0.0,openalex_pure_math_1000
W3109936568,pre_ai,2020,Mathematics,6,43.5,0.0,3.704265283447313,0.0,0.6845827439886846,0.3333333333333333,0.8675632284814612,0.8590301076571146,0.0,openalex_pure_math_1000
W3110214264,pre_ai,2021,Mathematics,3,12.0,0.3333333333333333,1.3862943611198906,0.6666666666666666,0.9090909090909092,0.0,-0.0,0.896621565024058,0.6666666666666666,openalex_pure_math_1000
W3110319148,pre_ai,2021,Mathematics,3,15.0,0.3333333333333333,3.332204510175204,0.3333333333333333,0.9505494505494504,0.0,-0.0,0.8925441900889078,0.3333333333333333,openalex_pure_math_1000
W3110388526,pre_ai,2020,Mathematics,9,3.0,0.5555555555555556,1.9459101490553128,0.6666666666666666,0.288135593220339,0.1111111111111111,0.3488320958430319,0.911449326409234,0.6666666666666666,openalex_pure_math_1000
W3110684717,pre_ai,2020,Mathematics,4,3.5,0.5,1.9356005054539451,0.75,0.9964349376114082,0.25,0.5623351446188083,0.8646087944507599,0.75,openalex_pure_math_1000
W3110697669,pre_ai,2020,Mathematics,35,10.0,0.2,4.48863636973214,0.1428571428571428,0.6735537190082644,0.7428571428571429,1.2840277516663272,0.8685446790286473,0.1428571428571428,openalex_pure_math_1000
W3110874510,pre_ai,2020,Mathematics,10,11.5,0.0,3.1639683918645973,0.2,0.2531017369727047,0.0,-0.0,0.9033342063426972,0.2,openalex_pure_math_1000
W3110932448,pre_ai,2020,Mathematics,40,9.0,0.225,3.7305327571771416,0.175,0.7266811279826464,0.85,1.5767287917298909,0.8410255208611488,0.125,openalex_pure_math_1000
W3110945907,pre_ai,2020,Mathematics,14,18.5,0.1428571428571428,3.4637789531391583,0.2142857142857142,0.6397896581945661,0.0,-0.0,0.9090872492109028,0.2142857142857142,openalex_pure_math_1000
W3111033616,pre_ai,2020,Mathematics,4,11.5,0.25,2.0126758453675744,0.75,0.9941413401684364,0.25,0.5623351446188083,0.8819741308689117,0.75,openalex_pure_math_1000
W3111054536,pre_ai,2020,Mathematics,9,15.0,0.3333333333333333,2.6390573296152584,0.3333333333333333,0.9629117714812256,0.1111111111111111,0.3488320958430319,0.9075341622034708,0.3333333333333333,openalex_pure_math_1000
W3111172209,pre_ai,2020,Mathematics,9,7.0,0.0,3.258096538021482,0.1111111111111111,0.2591093117408907,0.0,-0.0,0.9196915494071112,0.1111111111111111,openalex_pure_math_1000
W3111217843,pre_ai,2020,Mathematics,11,5.0,0.3636363636363636,2.302585092994046,0.4545454545454545,0.7288655278142795,0.1818181818181818,0.6001660731596457,0.8785945827310736,0.4545454545454545,openalex_pure_math_1000
W3111326342,pre_ai,2020,Mathematics,5,11.0,0.0,4.6443908991413725,0.0,0.4169381107491857,0.4,0.6730116670092565,0.9058466553688048,0.0,openalex_pure_math_1000
W3111934585,pre_ai,2020,Mathematics,5,14.0,0.0,6.018593214496234,0.0,0.5655685977533762,0.6,1.0549201679861442,0.8661856293678284,0.0,openalex_pure_math_1000
W3111939404,pre_ai,2020,Mathematics,26,10.5,0.1538461538461538,2.6287476860138907,0.3846153846153846,0.92972361561916,0.6923076923076923,1.7326587201992074,0.8726808726787567,0.3846153846153846,openalex_pure_math_1000
W3111948028,pre_ai,2020,Mathematics,45,12.0,0.0888888888888888,3.4657359027997265,0.0666666666666666,0.4248067463106114,1.0,0.9916394896442178,0.8968651519881354,0.0666666666666666,openalex_pure_math_1000
W3112050701,pre_ai,2020,Mathematics,4,14.0,0.0,5.149383817792963,0.25,0.6409290646578782,0.25,0.5623351446188083,0.8946530371904373,0.25,openalex_pure_math_1000
W3112739213,pre_ai,2020,Mathematics,12,20.5,0.1666666666666666,2.9553983220202635,0.4166666666666667,0.8237051792828686,0.1666666666666666,0.5660857389596289,0.8961435159047445,0.4166666666666667,openalex_pure_math_1000
W3112779997,pre_ai,2021,Mathematics,9,19.0,0.0,3.688879454113936,0.2222222222222222,0.5589374654122855,0.2222222222222222,0.5297061990576545,0.8627129197120667,0.2222222222222222,openalex_pure_math_1000
W3112838951,pre_ai,2020,Mathematics,16,20.0,0.0,2.34106561356211,0.4375,0.9694570135746606,0.25,0.7029189307735104,0.8936059735715389,0.4375,openalex_pure_math_1000
W3113041047,pre_ai,2021,Mathematics,8,32.0,0.0,4.848969154811435,0.0,0.8405208457770875,0.25,0.7356219397587946,0.8066565543413162,0.0,openalex_pure_math_1000
W3113906845,pre_ai,2020,Mathematics,11,17.0,0.0,3.1354942159291497,0.1818181818181818,0.6169244767970883,0.1818181818181818,0.4741393130578373,0.9031461097977378,0.1818181818181818,openalex_pure_math_1000
W3114494778,pre_ai,2020,Mathematics,16,23.0,0.0,3.1780538303479458,0.0625,0.4856230031948881,0.0625,0.2337916587064593,0.8883781507611275,0.0625,openalex_pure_math_1000
W3115968530,pre_ai,2020,Mathematics,9,12.0,0.2222222222222222,4.143134726391533,0.2222222222222222,0.4286616161616162,0.0,-0.0,0.9018822047445508,0.2222222222222222,openalex_pure_math_1000
W3116203220,pre_ai,2021,Mathematics,5,2.0,0.8,1.6094379124341005,0.6,0.5121951219512195,0.0,-0.0,0.910469400882721,0.6,openalex_pure_math_1000
W3116301966,pre_ai,2020,Mathematics,19,11.0,0.1578947368421052,3.044522437723423,0.1052631578947368,0.7662981319100267,0.0,-0.0,0.9088332715787386,0.1052631578947368,openalex_pure_math_1000
W3116673117,pre_ai,2020,Mathematics,1,16.0,0.0,4.060443010546419,0.0,1.0,0.0,-0.0,0.965286374092102,0.0,openalex_pure_math_1000
W3117215614,pre_ai,2020,Mathematics,2,6.5,0.5,1.0986122886681098,0.5,1.0,0.5,0.6931471805599453,0.8885946869850159,0.5,openalex_pure_math_1000
W3117226141,pre_ai,2020,Mathematics,6,4.5,0.5,4.336243037911136,0.0,0.7750107342206956,0.0,-0.0,0.927988827228546,0.0,openalex_pure_math_1000
W3118845370,pre_ai,2020,Mathematics,7,5.0,0.1428571428571428,2.70805020110221,0.2857142857142857,0.4099378881987577,0.1428571428571428,0.410116318288409,0.9648661358015878,0.2857142857142857,openalex_pure_math_1000
W3118938925,pre_ai,2021,Mathematics,9,11.0,0.2222222222222222,3.80666248977032,0.1111111111111111,0.5380405035577449,0.2222222222222222,0.6837389058487535,0.9207446840074328,0.1111111111111111,openalex_pure_math_1000
W3119042712,pre_ai,2021,Mathematics,5,11.0,0.0,2.772588722239781,0.4,0.6838235294117647,0.0,-0.0,0.9063010811805724,0.4,openalex_pure_math_1000
W3119390110,pre_ai,2021,Mathematics,7,7.0,0.2857142857142857,2.4849066497880004,0.2857142857142857,0.5486725663716814,0.0,-0.0,0.9276764222553798,0.2857142857142857,openalex_pure_math_1000
W3119493159,pre_ai,2021,Mathematics,21,11.0,0.0,4.997212273764115,0.0,0.420116126615471,0.2857142857142857,0.8461447967228176,0.8914526786123004,0.0,openalex_pure_math_1000
W3119868491,pre_ai,2021,Mathematics,2,27.5,0.0,2.34106561356211,0.5,0.9814814814814816,0.5,0.6931471805599453,0.8644976913928986,0.5,openalex_pure_math_1000
W3119935102,pre_ai,2020,Mathematics,2,26.5,0.0,2.596478425445105,0.5,1.0,0.0,-0.0,0.9080199599266052,0.5,openalex_pure_math_1000
W3120309857,pre_ai,2021,Mathematics,23,2.0,0.6086956521739131,2.772588722239781,0.1739130434782608,0.7105831533477321,0.3043478260869565,0.6145033203107282,0.8496933760850326,0.1739130434782608,openalex_pure_math_1000
W3120564056,pre_ai,2021,Mathematics,11,17.0,0.0,3.6375861597263857,0.0909090909090909,0.7085643869377696,0.0909090909090909,0.3046360973492381,0.8949159546331926,0.0909090909090909,openalex_pure_math_1000
W3120932464,pre_ai,2020,Mathematics,3,10.0,0.3333333333333333,1.6094379124341005,0.6666666666666666,0.8333333333333334,0.0,-0.0,0.9202805757522584,0.6666666666666666,openalex_pure_math_1000
W3120958970,pre_ai,2020,Mathematics,5,6.0,0.0,2.3978952727983707,0.4,0.9509632224168126,0.6,1.0549201679861442,0.8664180874824524,0.4,openalex_pure_math_1000
W3121050801,pre_ai,2020,Mathematics,14,9.0,0.3571428571428571,3.349750170080839,0.2857142857142857,0.49860529986053,0.0714285714285714,0.2573186405438316,0.902206437928336,0.2857142857142857,openalex_pure_math_1000
W3121461622,pre_ai,2021,Mathematics,7,12.0,0.2857142857142857,2.8903717578961645,0.2857142857142857,0.7997179125528914,0.2857142857142857,0.5982695885852573,0.8656005263328552,0.2857142857142857,openalex_pure_math_1000
W3122256695,pre_ai,2020,Mathematics,9,7.0,0.2222222222222222,1.791759469228055,0.5555555555555556,0.3497757847533632,0.0,-0.0,0.9161056213908724,0.5555555555555556,openalex_pure_math_1000
W3122512839,pre_ai,2021,Mathematics,2,42.0,0.0,7.1931382612104695,0.0,0.7262663535726266,0.0,-0.0,0.948348432779312,0.0,openalex_pure_math_1000
W3122641440,pre_ai,2021,Mathematics,2,16.0,0.5,2.094827371013213,0.5,0.9130434782608696,0.5,0.6931471805599453,0.896322637796402,0.5,openalex_pure_math_1000
W3122755852,pre_ai,2021,Mathematics,4,23.0,0.0,5.577882344374194,0.0,0.471285323609845,0.0,-0.0,0.8876819312572479,0.0,openalex_pure_math_1000
W3123407745,pre_ai,2021,Mathematics,18,9.0,0.0,3.939267098070181,0.1111111111111111,0.6837887067395264,0.7222222222222222,1.0870753771611177,0.869186004002889,0.1111111111111111,openalex_pure_math_1000
W3123447750,pre_ai,2021,Mathematics,29,2.0,0.6206896551724138,3.5263605246161616,0.1379310344827586,0.5219298245614035,0.0344827586206896,0.149994923610415,0.894768252454955,0.1379310344827586,openalex_pure_math_1000
W3123847324,pre_ai,2021,Mathematics,7,4.0,0.4285714285714285,1.6094379124341005,0.5714285714285714,0.9348230912476724,0.0,-0.0,0.934526026248932,0.5714285714285714,openalex_pure_math_1000
W3123977138,pre_ai,2021,Mathematics,9,21.0,0.0,4.454347296253507,0.1111111111111111,0.3905240488155061,0.0,-0.0,0.902517682976193,0.1111111111111111,openalex_pure_math_1000
W3125607841,pre_ai,2020,Mathematics,6,9.0,0.1666666666666666,3.420807738238796,0.3333333333333333,0.8445092322643343,0.6666666666666666,0.6365141682948128,0.8498123188813528,0.3333333333333333,openalex_pure_math_1000
W3126310256,pre_ai,2021,Mathematics,3,10.0,0.0,2.6390573296152584,0.0,0.5357142857142857,0.0,-0.0,0.9193368355433146,0.0,openalex_pure_math_1000
W3126555833,pre_ai,2020,Mathematics,9,8.0,0.0,3.091042453358316,0.4444444444444444,0.7901878914405011,0.2222222222222222,0.5297061990576545,0.9148006637891134,0.4444444444444444,openalex_pure_math_1000
W3126594931,pre_ai,2021,Mathematics,32,13.5,0.03125,3.174569495689899,0.28125,0.8143105446118193,0.0625,0.2337916587064593,0.8931585773825645,0.28125,openalex_pure_math_1000
W3126851031,pre_ai,2021,Mathematics,14,16.0,0.2857142857142857,2.719039654461598,0.4285714285714285,0.8545747249798765,0.2142857142857142,0.6559757323365467,0.9084506162575312,0.4285714285714285,openalex_pure_math_1000
W3127004881,pre_ai,2021,Mathematics,12,9.0,0.1666666666666666,3.202614229015421,0.4166666666666667,0.8253549440884533,0.4166666666666667,0.9596147939120492,0.8625838160514832,0.4166666666666667,openalex_pure_math_1000
W3127211161,pre_ai,2021,Mathematics,15,11.0,0.2,2.19722457733622,0.4666666666666667,0.8990364474235442,0.0,-0.0,0.909500761826833,0.4666666666666667,openalex_pure_math_1000
W3127275891,pre_ai,2021,Mathematics,8,9.0,0.0,4.528361441655291,0.375,0.544870900209351,0.5,1.3862943611198906,0.8421162143349648,0.375,openalex_pure_math_1000
W3128001088,pre_ai,2021,Mathematics,12,39.5,0.0833333333333333,4.27512052273122,0.0833333333333333,0.8853201564751905,0.1666666666666666,0.5660857389596289,0.8790477414925894,0.0833333333333333,openalex_pure_math_1000
W3128001496,pre_ai,2021,Mathematics,11,7.0,0.3636363636363636,2.772588722239781,0.0909090909090909,0.6579572446555819,0.0,-0.0,0.9184881340373646,0.0909090909090909,openalex_pure_math_1000
W3128194587,pre_ai,2021,Mathematics,30,20.5,0.0666666666666666,4.02535169073515,0.0666666666666666,0.9167694896242288,0.2333333333333333,0.7662694225964922,0.906970504919688,0.0666666666666666,openalex_pure_math_1000
W3128361046,pre_ai,2019,Mathematics,3,61.0,0.0,5.43372200355424,0.0,0.94018018018018,0.3333333333333333,0.6365141682948128,0.8870616356531779,0.0,openalex_pure_math_1000
W3128375742,pre_ai,2021,Mathematics,7,25.0,0.0,2.8903717578961645,0.2857142857142857,0.3227513227513227,0.5714285714285714,1.078992207877583,0.8756511892591204,0.2857142857142857,openalex_pure_math_1000
W3129010457,pre_ai,2021,Mathematics,5,8.0,0.0,0.6931471805599453,1.0,0.4444444444444444,0.0,-0.0,0.8644949913024902,1.0,openalex_pure_math_1000
W3131274792,pre_ai,2021,Mathematics,2,25.5,0.5,4.107503216380787,0.5,0.9967602591792656,0.5,0.6931471805599453,0.8610254526138306,0.5,openalex_pure_math_1000
W3131421945,pre_ai,2021,Mathematics,5,4.0,0.4,1.791759469228055,0.6,0.985897435897436,0.4,0.6730116670092565,0.8974806547164917,0.6,openalex_pure_math_1000
W3131688176,pre_ai,2021,Mathematics,5,19.0,0.0,4.02535169073515,0.2,0.6570796460176991,0.0,-0.0,0.8756420493125916,0.2,openalex_pure_math_1000
W3132211039,pre_ai,2021,Mathematics,7,21.0,0.0,2.9444389791664403,0.0,0.4617834394904458,0.1428571428571428,0.410116318288409,0.925964287349156,0.0,openalex_pure_math_1000
W3132698176,pre_ai,2021,Mathematics,5,30.0,0.2,2.9444389791664403,0.4,0.8218181818181818,0.2,0.5004024235381879,0.9356391429901124,0.4,openalex_pure_math_1000
W3132724867,pre_ai,2021,Mathematics,9,4.0,0.3333333333333333,2.70805020110221,0.3333333333333333,0.761023622047244,0.0,-0.0,0.9454992877112496,0.3333333333333333,openalex_pure_math_1000
W3133485984,pre_ai,2021,Mathematics,3,14.0,0.0,2.70805020110221,0.3333333333333333,0.4838709677419355,0.3333333333333333,0.6365141682948128,0.8767503897349039,0.3333333333333333,openalex_pure_math_1000
W3133683854,pre_ai,2021,Mathematics,17,10.0,0.1176470588235294,3.555348061489413,0.2941176470588235,0.7923442581936452,0.0588235294117647,0.2237180760658337,0.8885778013397666,0.2941176470588235,openalex_pure_math_1000
W3133985041,pre_ai,2021,Mathematics,4,12.0,0.25,3.401197381662155,0.25,0.6114285714285714,0.75,1.039720770839918,0.8412493765354156,0.25,openalex_pure_math_1000
W3134086184,pre_ai,2021,Mathematics,5,51.0,0.0,3.6375861597263857,0.0,0.4197952218430034,0.0,-0.0,0.9488236427307128,0.0,openalex_pure_math_1000
W3134856457,pre_ai,2021,Mathematics,2,5.5,0.0,1.2424533248940002,1.0,0.6,0.0,-0.0,0.9279963374137878,1.0,openalex_pure_math_1000
W3135076099,pre_ai,2021,Mathematics,3,8.0,0.3333333333333333,2.302585092994046,0.3333333333333333,0.725,1.0,0.6365141682948128,0.910859763622284,0.3333333333333333,openalex_pure_math_1000
W3135214006,pre_ai,2021,Mathematics,8,26.5,0.0,2.6990813507588767,0.25,0.5961793579198726,0.875,0.7356219397587946,0.8858707770705223,0.25,openalex_pure_math_1000
W3135519511,pre_ai,2021,Mathematics,3,28.0,0.0,3.951243718581428,0.3333333333333333,0.8506666666666667,0.0,-0.0,0.89778600136439,0.3333333333333333,openalex_pure_math_1000
W3135872760,pre_ai,2020,Mathematics,7,5.0,0.4285714285714285,1.9459101490553128,0.5714285714285714,0.358974358974359,0.2857142857142857,0.5982695885852573,0.9393421922411236,0.5714285714285714,openalex_pure_math_1000
W3135998089,pre_ai,2021,Mathematics,35,18.0,0.0571428571428571,3.044522437723423,0.4,0.8276748971193416,0.2571428571428571,0.6597468522894931,0.8850347689219884,0.4,openalex_pure_math_1000
W3136571763,pre_ai,2021,Mathematics,7,6.0,0.1428571428571428,4.127134385045092,0.0,0.9142857142857144,0.2857142857142857,0.7963116401738131,0.8752233471189227,0.0,openalex_pure_math_1000
W3136840586,pre_ai,2021,Mathematics,19,2.0,0.6842105263157895,3.8501476017100575,0.0526315789473684,0.5567494963062458,0.0526315789473684,0.2061920506332318,0.9135137796401978,0.0526315789473684,openalex_pure_math_1000
W3136955703,pre_ai,2021,Mathematics,5,15.0,0.0,1.3862943611198906,0.6,0.9649122807017544,0.2,0.5004024235381879,0.9111714482307434,0.6,openalex_pure_math_1000
W3137751888,pre_ai,2021,Mathematics,4,4.0,0.25,3.222859909692789,0.0,0.9159001314060446,0.0,-0.0,0.854352205991745,0.0,openalex_pure_math_1000
W3137890959,pre_ai,2021,Mathematics,7,26.0,0.2857142857142857,4.897839799950911,0.4285714285714285,0.3405612244897959,0.1428571428571428,0.410116318288409,0.8970952459744045,0.4285714285714285,openalex_pure_math_1000
W3137973502,pre_ai,2021,Mathematics,16,5.0,0.25,2.34106561356211,0.4375,0.7145322747670003,0.4375,1.1246702892376168,0.8573223948478699,0.4375,openalex_pure_math_1000
W3138413721,pre_ai,2021,Mathematics,7,25.0,0.1428571428571428,4.127134385045092,0.0,0.6542056074766355,0.4285714285714285,1.15374194270109,0.8730637005397252,0.0,openalex_pure_math_1000
W3138472971,pre_ai,2021,Mathematics,8,22.0,0.125,2.666359396632685,0.375,0.4436090225563909,0.25,0.5623351446188083,0.9228979647159576,0.375,openalex_pure_math_1000
W3139191343,pre_ai,2021,Mathematics,61,11.5,0.0655737704918032,4.934473933130692,0.0163934426229508,0.9462747689674224,0.8688524590163934,1.6001040146206524,0.850187066148539,0.0163934426229508,openalex_pure_math_1000
W3139448475,pre_ai,2021,Mathematics,5,20.0,0.2,3.6635616461296463,0.4,0.4735449735449735,0.0,-0.0,0.8719119191169739,0.4,openalex_pure_math_1000
W3140709861,pre_ai,2021,Mathematics,7,4.0,0.4285714285714285,1.9459101490553128,0.7142857142857143,0.8771428571428571,0.1428571428571428,0.410116318288409,0.8989020756312779,0.7142857142857143,openalex_pure_math_1000
W3142811732,pre_ai,2021,Mathematics,10,12.5,0.1,3.205087440983084,0.2,0.7526080476900149,0.1,0.3250829733914482,0.906964910030365,0.2,openalex_pure_math_1000
W3143236721,pre_ai,2021,Mathematics,9,8.0,0.1111111111111111,3.9318256327243257,0.2222222222222222,0.7244755244755244,0.3333333333333333,0.6365141682948128,0.9006364146868387,0.2222222222222222,openalex_pure_math_1000
W3143864503,pre_ai,2021,Mathematics,19,2.0,0.631578947368421,3.4339872044851463,0.0526315789473684,0.86793953858393,0.0,-0.0,0.9110889968119168,0.0526315789473684,openalex_pure_math_1000
W3144587776,pre_ai,2021,Mathematics,1,30.0,0.0,9.017847259860732,0.0,1.0,1.0,-0.0,0.8149019479751587,0.0,openalex_pure_math_1000
W3145805749,pre_ai,2020,Mathematics,6,7.5,0.1666666666666666,3.1345481418531307,0.3333333333333333,0.9231464737793852,0.0,-0.0,0.9548053244749704,0.3333333333333333,openalex_pure_math_1000
W3145858431,pre_ai,2021,Mathematics,11,4.0,0.4545454545454545,2.3978952727983707,0.4545454545454545,0.8295819935691319,0.5454545454545454,1.0670895187820832,0.897611059925773,0.4545454545454545,openalex_pure_math_1000
W3146315547,pre_ai,2021,Mathematics,7,5.0,0.2857142857142857,0.6931471805599453,0.7142857142857143,0.7014925373134329,0.4285714285714285,0.6829081047004717,0.9231473633221218,0.7142857142857143,openalex_pure_math_1000
W3147445466,pre_ai,2021,Mathematics,12,4.5,0.5,3.655943082038582,0.0,0.5892028679881907,0.0,-0.0,0.9383621960878372,0.0,openalex_pure_math_1000
W3148479104,pre_ai,2021,Mathematics,6,30.0,0.1666666666666666,4.809566635088511,0.1666666666666666,0.5916149068322981,0.1666666666666666,0.4505612088663046,0.8764881491661072,0.1666666666666666,openalex_pure_math_1000
W3150277047,pre_ai,2020,Mathematics,15,10.0,0.1333333333333333,2.833213344056216,0.3333333333333333,0.9847304696537365,0.0,-0.0,0.9234695911407472,0.3333333333333333,openalex_pure_math_1000
W3150604086,pre_ai,2021,Mathematics,8,13.0,0.125,3.00194353355327,0.25,0.5257731958762887,0.0,-0.0,0.8657986298203468,0.25,openalex_pure_math_1000
W3150605528,pre_ai,2021,Mathematics,5,21.0,0.2,4.343805421853684,0.2,0.3701149425287356,0.0,-0.0,0.9333333373069764,0.2,openalex_pure_math_1000
W3152813666,pre_ai,2021,Mathematics,5,4.0,0.4,3.6635616461296463,0.2,0.945369406867846,0.0,-0.0,0.906635880470276,0.2,openalex_pure_math_1000
W3153716811,pre_ai,2021,Mathematics,2,2.0,0.5,2.7954934902554283,0.5,0.9925373134328358,0.0,-0.0,0.9464626610279084,0.5,openalex_pure_math_1000
W3153887295,pre_ai,2021,Mathematics,12,25.5,0.0833333333333333,3.993082430166363,0.1666666666666666,0.8359558085035153,0.1666666666666666,0.5660857389596289,0.8802415281534195,0.1666666666666666,openalex_pure_math_1000
W3154366894,pre_ai,2021,Mathematics,67,14.0,0.1194029850746268,4.394449154672439,0.1044776119402985,0.5550102791962331,0.5671641791044776,1.4943919763424154,0.8782229076570539,0.1044776119402985,openalex_pure_math_1000
W3154537531,pre_ai,2021,Mathematics,5,26.0,0.0,3.091042453358316,0.2,0.4661016949152542,0.2,0.5004024235381879,0.9342675805091858,0.2,openalex_pure_math_1000
W3154744240,pre_ai,2021,Mathematics,4,14.0,0.0,3.310036603265178,0.0,0.67,0.0,-0.0,0.90631902217865,0.0,openalex_pure_math_1000
W3155023640,pre_ai,2021,Mathematics,13,19.0,0.0,4.189654742026425,0.0,0.9025386996904023,0.0769230769230769,0.2711893730418441,0.908496265227978,0.0,openalex_pure_math_1000
W3155486158,pre_ai,2021,Mathematics,6,8.5,0.0,2.26089428852452,0.5,0.4981412639405204,0.0,-0.0,0.912145753701528,0.5,openalex_pure_math_1000
W3155535511,pre_ai,2021,Mathematics,7,39.0,0.1428571428571428,2.9444389791664403,0.2857142857142857,0.8166666666666667,0.4285714285714285,0.6829081047004717,0.8950022969927106,0.2857142857142857,openalex_pure_math_1000
W3155695687,pre_ai,2021,Mathematics,3,26.0,0.0,4.04305126783455,0.3333333333333333,0.90527950310559,0.6666666666666666,0.6365141682948128,0.9140409032503763,0.3333333333333333,openalex_pure_math_1000
W3155830209,pre_ai,2021,Mathematics,8,14.0,0.25,2.393745871391024,0.375,0.3253012048192771,0.125,0.3767701612564367,0.8744020536541939,0.375,openalex_pure_math_1000
W3156059769,pre_ai,2021,Mathematics,18,1.0,0.9444444444444444,2.0126758453675744,0.5555555555555556,0.3298969072164948,0.2777777777777778,0.8838756262717337,0.8876346614625719,0.5555555555555556,openalex_pure_math_1000
W3157412090,pre_ai,2021,Mathematics,18,12.0,0.1666666666666666,2.6968137731761805,0.4444444444444444,0.5814447592067988,0.0555555555555555,0.2145591551764051,0.8664631214406755,0.4444444444444444,openalex_pure_math_1000
W3157707490,pre_ai,2021,Mathematics,6,18.0,0.0,3.5127691573192603,0.1666666666666666,0.7615526802218114,0.0,-0.0,0.9131062130133312,0.1666666666666666,openalex_pure_math_1000
W3158202357,pre_ai,2021,Mathematics,21,11.5,0.0952380952380952,3.784189633918261,0.1428571428571428,0.7319502074688796,0.0476190476190476,0.1914440819577173,0.9055940423692976,0.1428571428571428,openalex_pure_math_1000
W3158553874,pre_ai,2021,Mathematics,4,15.5,0.0,2.9159412386417585,0.25,0.8851174934725848,0.0,-0.0,0.9284085631370544,0.25,openalex_pure_math_1000
W3159178652,pre_ai,2021,Mathematics,10,7.5,0.2,2.2386684072391034,0.5,0.9704827586206896,0.4,0.6730116670092565,0.8975608050823212,0.5,openalex_pure_math_1000
W3159871748,pre_ai,2021,Mathematics,7,15.0,0.1428571428571428,4.07753744390572,0.2857142857142857,0.4758522727272727,0.5714285714285714,0.6829081047004717,0.8603529589516776,0.1428571428571428,openalex_pure_math_1000
W3160169476,pre_ai,2021,Mathematics,6,32.0,0.1666666666666666,1.5890269151739729,0.5,0.8407494145199064,0.3333333333333333,0.8675632284814612,0.8383212983608246,0.5,openalex_pure_math_1000
W3160193211,pre_ai,2021,Mathematics,9,18.0,0.0,5.342334251964811,0.1111111111111111,0.4291633466135458,0.5555555555555556,0.6869615765973234,0.8784497115347121,0.1111111111111111,openalex_pure_math_1000
W3160811695,pre_ai,2021,Mathematics,86,18.0,0.0697674418604651,4.510617931442698,0.0697674418604651,0.9636844948676392,0.7093023255813954,2.0123104946516777,0.8519145326558933,0.0697674418604651,openalex_pure_math_1000
W3161385626,pre_ai,2021,Mathematics,28,13.0,0.2142857142857142,4.150760827470364,0.1071428571428571,0.6280014124293786,0.75,0.7982042955798663,0.9086473562887736,0.1071428571428571,openalex_pure_math_1000
W3161433305,pre_ai,2021,Mathematics,4,9.5,0.5,2.719039654461598,0.5,0.9188311688311688,0.0,-0.0,0.8736151158809662,0.5,openalex_pure_math_1000
W3161973400,pre_ai,2021,Mathematics,7,21.0,0.1428571428571428,3.688879454113936,0.1428571428571428,0.4946695095948827,0.0,-0.0,0.883571914264134,0.1428571428571428,openalex_pure_math_1000
W3162252834,pre_ai,2020,Mathematics,2,4.0,0.5,3.1549591391132585,0.5,0.9963636363636365,0.0,-0.0,0.9134580194950104,0.5,openalex_pure_math_1000
W3162423970,pre_ai,2021,Mathematics,5,7.0,0.2,2.995732273553991,0.2,0.8236514522821576,0.0,-0.0,0.9067312717437744,0.2,openalex_pure_math_1000
W3162491887,pre_ai,2021,Mathematics,37,6.0,0.2432432432432432,2.995732273553991,0.2162162162162162,0.3998569384835479,0.027027027027027,0.1242508373896308,0.9181112775931488,0.2162162162162162,openalex_pure_math_1000
W3162726081,pre_ai,2021,Mathematics,8,14.0,0.0,5.056286373299649,0.125,0.3470588235294117,0.0,-0.0,0.8797733709216118,0.125,openalex_pure_math_1000
W3163863941,pre_ai,2021,Mathematics,17,14.0,0.2941176470588235,4.48863636973214,0.2352941176470588,0.5149219467401286,0.5294117647058824,0.6914160776171183,0.9152865094297072,0.2352941176470588,openalex_pure_math_1000
W3164183348,pre_ai,2021,Mathematics,7,7.0,0.2857142857142857,3.367295829986474,0.4285714285714285,0.7626728110599078,0.0,-0.0,0.917888343334198,0.4285714285714285,openalex_pure_math_1000
W3165029486,pre_ai,2021,Mathematics,21,1.5,0.7142857142857143,2.9444389791664403,0.1904761904761904,0.973656394828848,0.0,-0.0,0.9067205815088182,0.1904761904761904,openalex_pure_math_1000
W3165087788,pre_ai,2021,Mathematics,20,10.0,0.1,3.7954260618442905,0.2,0.9965152886702824,0.85,1.5827205566756732,0.8803372204303741,0.15,openalex_pure_math_1000
W3165168553,pre_ai,2021,Mathematics,4,13.5,0.25,3.185805923615928,0.25,0.951651893634166,0.5,1.039720770839918,0.8913174271583557,0.25,openalex_pure_math_1000
W3165618805,pre_ai,2021,Mathematics,47,7.0,0.2765957446808511,2.995732273553991,0.3617021276595745,0.5254589539314167,0.0425531914893617,0.2054707498023055,0.9085911918193736,0.3617021276595745,openalex_pure_math_1000
W3166179101,pre_ai,2021,Mathematics,5,12.0,0.4,4.290459441148391,0.0,0.9298245614035088,0.0,-0.0,0.8963621139526368,0.0,openalex_pure_math_1000
W3166661921,pre_ai,2021,Mathematics,74,2.0,0.5540540540540541,3.3160008886978147,0.1351351351351351,0.629508542501582,0.6216216216216216,0.7283686293586279,0.8925623241308573,0.1351351351351351,openalex_pure_math_1000
W3167613750,pre_ai,2021,Mathematics,10,3.5,0.5,3.614919389075625,0.4,0.7550571679859279,0.0,-0.0,0.9141990780830384,0.4,openalex_pure_math_1000
W3167675330,pre_ai,2021,Mathematics,1,11.0,0.0,3.970291913552122,0.0,1.0,0.0,-0.0,0.8692003488540649,0.0,openalex_pure_math_1000
W3168088352,pre_ai,2021,Mathematics,5,3.0,0.6,2.5649493574615367,0.2,0.796875,0.2,0.5004024235381879,0.9105589032173156,0.2,openalex_pure_math_1000
W3168294825,pre_ai,2021,Mathematics,5,14.0,0.2,4.276666119016055,0.2,0.3950892857142857,0.0,-0.0,0.9130522847175598,0.2,openalex_pure_math_1000
W3168451542,pre_ai,2021,Mathematics,8,9.5,0.0,2.381086967398878,0.375,0.601063829787234,0.0,-0.0,0.9259404838085176,0.375,openalex_pure_math_1000
W3169173977,pre_ai,2021,Mathematics,7,5.0,0.2857142857142857,1.9459101490553128,0.5714285714285714,0.373134328358209,0.1428571428571428,0.410116318288409,0.9424520986420768,0.5714285714285714,openalex_pure_math_1000
W3171830449,pre_ai,2021,Mathematics,102,6.0,0.3235294117647059,3.881510654509259,0.0784313725490196,0.5076099682221107,0.6568627450980392,0.9040773249632328,0.8934435920388091,0.0784313725490196,openalex_pure_math_1000
W3172640448,pre_ai,2021,Mathematics,11,5.0,0.1818181818181818,2.70805020110221,0.3636363636363636,0.9029850746268656,0.0,-0.0,0.9316381541165438,0.3636363636363636,openalex_pure_math_1000
W3173870095,pre_ai,2021,Mathematics,6,46.5,0.1666666666666666,6.475260560222835,0.1666666666666666,0.4140625,0.1666666666666666,0.4505612088663046,0.8792974650859833,0.1666666666666666,openalex_pure_math_1000
W3174447108,pre_ai,2021,Mathematics,8,14.5,0.25,3.329005522935374,0.25,0.553072625698324,0.0,-0.0,0.9024355188012124,0.25,openalex_pure_math_1000
W3175020219,pre_ai,2021,Mathematics,31,2.0,0.6451612903225806,3.784189633918261,0.3225806451612903,0.5595703125,0.1290322580645161,0.4571022932554297,0.8888826581739611,0.3225806451612903,openalex_pure_math_1000
W3175164636,pre_ai,2021,Mathematics,13,18.0,0.1538461538461538,2.3978952727983707,0.2307692307692307,0.8912365286443562,0.6923076923076923,0.8587409130062867,0.9024119606384864,0.2307692307692307,openalex_pure_math_1000
W3175707672,pre_ai,2021,Mathematics,7,8.0,0.2857142857142857,3.218875824868201,0.1428571428571428,0.4293103448275862,0.4285714285714285,0.6829081047004717,0.9232032724789212,0.1428571428571428,openalex_pure_math_1000
W3175829632,pre_ai,2021,Mathematics,4,8.5,0.0,2.596478425445105,0.5,0.7701863354037267,0.0,-0.0,0.9431326538324356,0.5,openalex_pure_math_1000
W3176225185,pre_ai,2021,Mathematics,8,13.5,0.125,3.6605942783697394,0.0,0.6011275546159267,0.0,-0.0,0.8921254202723503,0.0,openalex_pure_math_1000
W3176466408,pre_ai,2021,Mathematics,22,7.0,0.1363636363636363,3.856221917137495,0.1363636363636363,0.6196013289036545,0.0454545454545454,0.1849073991677756,0.9177694618701936,0.1363636363636363,openalex_pure_math_1000
W3176587462,pre_ai,2021,Mathematics,8,13.0,0.0,3.386540187827768,0.125,0.3763066202090592,0.75,1.039720770839918,0.8910278007388115,0.0,openalex_pure_math_1000
W3176718297,pre_ai,2021,Mathematics,6,20.5,0.1666666666666666,3.5400132499612957,0.3333333333333333,0.9706387630798065,0.1666666666666666,0.4505612088663046,0.8604049682617188,0.3333333333333333,openalex_pure_math_1000
W3177128887,pre_ai,2021,Mathematics,4,28.5,0.25,3.660924856894178,0.25,0.9869033047735618,0.5,1.039720770839918,0.8604885041713715,0.25,openalex_pure_math_1000
W3177456890,pre_ai,2021,Mathematics,5,18.0,0.0,4.174387269895637,0.2,0.6786516853932584,0.0,-0.0,0.8977124452590942,0.2,openalex_pure_math_1000
W3178264151,pre_ai,2021,Mathematics,3,6.0,0.0,2.079441541679836,0.6666666666666666,0.7631578947368421,0.0,-0.0,0.924743950366974,0.6666666666666666,openalex_pure_math_1000
W3178305001,pre_ai,2021,Mathematics,9,4.0,0.3333333333333333,2.6390573296152584,0.2222222222222222,0.2076923076923077,0.0,-0.0,0.9121186667018466,0.2222222222222222,openalex_pure_math_1000
W3178755730,pre_ai,2021,Mathematics,16,10.0,0.1875,4.037480179557929,0.1875,0.6128010139416984,0.0625,0.2337916587064593,0.9305116645991802,0.1875,openalex_pure_math_1000
W3180858439,pre_ai,2021,Mathematics,15,10.0,0.1333333333333333,2.302585092994046,0.4,0.6321757618710134,0.1333333333333333,0.4850940913022115,0.9052959322929384,0.4,openalex_pure_math_1000
W3181136734,pre_ai,2021,Mathematics,5,16.0,0.0,4.0943445622221,0.0,0.6686626746506986,0.2,0.5004024235381879,0.915102469921112,0.0,openalex_pure_math_1000
W3181258830,pre_ai,2021,Mathematics,5,7.0,0.4,4.418840607796598,0.2,0.4526854219948849,0.0,-0.0,0.9400076150894164,0.2,openalex_pure_math_1000
W3181772324,pre_ai,2021,Mathematics,14,30.0,0.1428571428571428,5.63542695188525,0.1428571428571428,0.3705017739483021,0.2142857142857142,0.6559757323365467,0.9126926958560944,0.1428571428571428,openalex_pure_math_1000
W3182582530,pre_ai,2021,Mathematics,12,5.0,0.3333333333333333,3.2059091338549486,0.25,0.7128825947921426,0.5833333333333334,0.9184277849930976,0.935825988650322,0.25,openalex_pure_math_1000
W3182839482,pre_ai,2021,Mathematics,26,2.5,0.6538461538461539,2.6155543084272934,0.3846153846153846,0.7187293183322303,0.0769230769230769,0.3245083869310706,0.889221402314993,0.3846153846153846,openalex_pure_math_1000
W3183367496,pre_ai,2021,Mathematics,4,18.5,0.25,4.254177121374516,0.25,0.3869565217391304,0.25,0.5623351446188083,0.9149110913276672,0.25,openalex_pure_math_1000
W3184174070,pre_ai,2021,Mathematics,14,21.0,0.1428571428571428,3.9695794089783982,0.1428571428571428,0.3995568685376662,0.2857142857142857,0.5982695885852573,0.918402693101338,0.1428571428571428,openalex_pure_math_1000
W3184839516,pre_ai,2021,Mathematics,9,53.0,0.0,3.713572066704308,0.2222222222222222,0.3676470588235294,0.1111111111111111,0.3488320958430319,0.8917471634017097,0.2222222222222222,openalex_pure_math_1000
W3184884279,pre_ai,2021,Mathematics,4,4.0,0.5,1.666102255087602,0.75,0.9682539682539684,0.25,0.5623351446188083,0.9163759648799896,0.75,openalex_pure_math_1000
W3185017165,pre_ai,2021,Mathematics,8,21.0,0.125,2.959446927136573,0.25,0.5608974358974359,0.125,0.3767701612564367,0.9248718470335008,0.25,openalex_pure_math_1000
W3185488452,pre_ai,2021,Mathematics,6,16.5,0.0,2.484906649788,0.5,0.4534883720930232,0.0,-0.0,0.9104716877142588,0.5,openalex_pure_math_1000
W3185898477,pre_ai,2021,Mathematics,5,13.0,0.0,4.382026634673881,0.0,0.4466403162055335,0.0,-0.0,0.9247265100479126,0.0,openalex_pure_math_1000
W3186092333,pre_ai,2021,Mathematics,5,34.0,0.4,4.672828834461906,0.0,0.918758930393958,0.6,0.6730116670092565,0.8628511428833008,0.0,openalex_pure_math_1000
W3186317500,pre_ai,2021,Mathematics,2,9.5,0.5,2.491803310854168,0.5,0.9863013698630136,0.0,-0.0,0.92063170671463,0.5,openalex_pure_math_1000
W3186565521,pre_ai,2021,Mathematics,7,18.0,0.0,3.4657359027997265,0.0,0.64376130198915,0.0,-0.0,0.9085403169904436,0.0,openalex_pure_math_1000
W3187045647,pre_ai,2021,Mathematics,25,5.0,0.28,1.791759469228055,0.56,0.6359945872801083,0.04,0.167944147734173,0.9180691313743592,0.48,openalex_pure_math_1000
W3187807205,pre_ai,2021,Mathematics,11,15.0,0.0909090909090909,3.6375861597263857,0.2727272727272727,0.8870686650400836,0.0,-0.0,0.9485532533038746,0.2727272727272727,openalex_pure_math_1000
W3188525739,pre_ai,2021,Mathematics,10,9.5,0.2,3.40064151723581,0.1,0.4055080721747388,0.0,-0.0,0.9285937190055849,0.1,openalex_pure_math_1000
W3188607744,pre_ai,2021,Mathematics,15,1.0,0.7333333333333333,3.044522437723423,0.2666666666666666,0.4159544159544159,0.0666666666666666,0.2449300267946353,0.9060776154200236,0.2666666666666666,openalex_pure_math_1000
W3188839503,pre_ai,2021,Mathematics,7,45.0,0.2857142857142857,2.5649493574615367,0.2857142857142857,0.5285037444597279,0.2857142857142857,0.7963116401738131,0.9029710292816162,0.2857142857142857,openalex_pure_math_1000
W3190070905,pre_ai,2021,Mathematics,5,14.0,0.4,4.02535169073515,0.2,0.5594900849858357,0.2,0.5004024235381879,0.849987804889679,0.2,openalex_pure_math_1000
W3191134132,pre_ai,2021,Mathematics,6,7.5,0.3333333333333333,1.975621859290713,0.5,0.5792079207920792,0.0,-0.0,0.9053418735663096,0.5,openalex_pure_math_1000
W3194019390,pre_ai,2021,Mathematics,9,2.0,0.5555555555555556,1.3862943611198906,0.7777777777777778,0.5921052631578947,0.0,-0.0,0.9111195272869534,0.7777777777777778,openalex_pure_math_1000
W3194256870,pre_ai,2021,Mathematics,6,13.0,0.3333333333333333,3.916007090252735,0.3333333333333333,0.9193611219322166,0.0,-0.0,0.866839200258255,0.3333333333333333,openalex_pure_math_1000
W3195431608,pre_ai,2021,Mathematics,17,7.0,0.2941176470588235,3.091042453358316,0.1176470588235294,0.767812026275897,0.1176470588235294,0.4437572842601484,0.9050048379337088,0.1176470588235294,openalex_pure_math_1000
W3195613243,pre_ai,2020,Mathematics,13,2.0,0.9230769230769232,1.791759469228055,0.6153846153846154,0.6842105263157895,0.0769230769230769,0.2711893730418441,0.872883310684791,0.5384615384615384,openalex_pure_math_1000
W3195632953,pre_ai,2021,Mathematics,15,7.0,0.2666666666666666,3.295836866004329,0.1333333333333333,0.7917547568710359,0.0,-0.0,0.9375548919041952,0.1333333333333333,openalex_pure_math_1000
W3197207566,pre_ai,2021,Mathematics,3,11.0,0.0,3.5263605246161616,0.0,0.6470588235294118,0.3333333333333333,0.6365141682948128,0.9142659306526184,0.0,openalex_pure_math_1000
W3197732642,pre_ai,2021,Mathematics,6,17.5,0.0,3.9230994077487127,0.1666666666666666,0.5181086519114688,0.3333333333333333,0.8675632284814612,0.9047865271568298,0.1666666666666666,openalex_pure_math_1000
W3198119099,pre_ai,2021,Mathematics,14,19.5,0.0714285714285714,2.1910133173369406,0.5,0.5442477876106194,0.0,-0.0,0.9555988609790802,0.5,openalex_pure_math_1000
W3198254035,pre_ai,2021,Mathematics,5,14.0,0.0,3.044522437723423,0.2,0.3714285714285714,0.0,-0.0,0.9330962896347046,0.2,openalex_pure_math_1000
W3198314929,pre_ai,2021,Mathematics,6,36.5,0.1666666666666666,3.170179651863876,0.1666666666666666,0.8039647577092511,0.3333333333333333,0.8675632284814612,0.8887607057889303,0.1666666666666666,openalex_pure_math_1000
W3198464873,pre_ai,2021,Mathematics,8,3.0,0.625,2.962127898707266,0.25,0.2716049382716049,1.0,1.0735428464085233,0.8231295794248581,0.125,openalex_pure_math_1000
W3198660199,pre_ai,2021,Mathematics,4,13.5,0.0,5.813359164122128,0.0,0.5517879161528977,0.0,-0.0,0.9270186871290208,0.0,openalex_pure_math_1000
W3199351936,pre_ai,2021,Mathematics,16,9.0,0.3125,4.308066569635571,0.3125,0.898893978326444,0.1875,0.6885673693022827,0.886202123016119,0.3125,openalex_pure_math_1000
W3199369332,pre_ai,2021,Mathematics,5,10.0,0.2,1.791759469228055,0.6,0.4166666666666667,0.2,0.5004024235381879,0.9444489002227784,0.6,openalex_pure_math_1000
W3199716165,pre_ai,2021,Mathematics,17,22.0,0.0,3.713572066704308,0.0588235294117647,0.6494213750850919,0.1764705882352941,0.4659992569610426,0.8850615410243764,0.0588235294117647,openalex_pure_math_1000
W3199993785,pre_ai,2021,Mathematics,9,14.0,0.1111111111111111,1.3862943611198906,0.5555555555555556,0.5064599483204134,0.3333333333333333,0.8486855577264172,0.8839253650771247,0.4444444444444444,openalex_pure_math_1000
W3200280775,pre_ai,2021,Mathematics,9,5.0,0.2222222222222222,2.6390573296152584,0.3333333333333333,0.8973845297718419,0.3333333333333333,0.8486855577264172,0.8827816115485297,0.3333333333333333,openalex_pure_math_1000
W3200941480,pre_ai,2021,Mathematics,16,5.5,0.4375,2.6990813507588767,0.1875,0.553875236294896,0.0,-0.0,0.9295750185847282,0.1875,openalex_pure_math_1000
W3201156852,pre_ai,2021,Mathematics,6,11.5,0.1666666666666666,2.8262445901343254,0.1666666666666666,0.6308243727598566,0.0,-0.0,0.9210951328277588,0.1666666666666666,openalex_pure_math_1000
W3201667970,pre_ai,2021,Mathematics,9,8.0,0.1111111111111111,2.302585092994046,0.4444444444444444,0.5518394648829431,0.0,-0.0,0.8912890354792277,0.4444444444444444,openalex_pure_math_1000
W3201996957,pre_ai,2021,Mathematics,34,11.0,0.088235294117647,4.569422185135556,0.0294117647058823,0.9793452673418352,0.8235294117647058,1.6194373783451297,0.884624207721037,0.0294117647058823,openalex_pure_math_1000
W3202694594,pre_ai,2021,Mathematics,6,10.0,0.0,3.149474623427971,0.1666666666666666,0.5860927152317881,0.0,-0.0,0.9204616645971934,0.1666666666666666,openalex_pure_math_1000
W3202820329,pre_ai,2021,Mathematics,11,10.0,0.0909090909090909,2.3978952727983707,0.4545454545454545,0.8579970104633782,0.0,-0.0,0.9404578425667502,0.4545454545454545,openalex_pure_math_1000
W3203226152,pre_ai,2021,Mathematics,12,2.5,0.5833333333333334,2.8029010331479984,0.3333333333333333,0.9181701030927836,0.1666666666666666,0.4505612088663046,0.8877572466929754,0.3333333333333333,openalex_pure_math_1000
W3203726743,pre_ai,2021,Mathematics,11,13.0,0.0,3.912023005428146,0.0909090909090909,0.5795170691090757,0.8181818181818182,1.1685184057430875,0.9044246998700228,0.0909090909090909,openalex_pure_math_1000
W3204291119,pre_ai,2021,Mathematics,9,4.0,0.4444444444444444,2.3978952727983707,0.3333333333333333,0.3570143884892086,0.1111111111111111,0.3488320958430319,0.8799375030729506,0.3333333333333333,openalex_pure_math_1000
W3204291831,pre_ai,2021,Mathematics,17,5.0,0.4705882352941176,2.19722457733622,0.4705882352941176,0.3593314763231198,0.1176470588235294,0.4437572842601484,0.9181245039491092,0.4705882352941176,openalex_pure_math_1000
W3205149941,pre_ai,2021,Mathematics,4,7.0,0.0,1.9944920232821373,0.5,0.9113300492610836,0.25,0.5623351446188083,0.9351243674755096,0.5,openalex_pure_math_1000
W3205192483,pre_ai,2021,Mathematics,6,11.0,0.1666666666666666,2.5184763012068148,0.5,0.9902557856272838,0.1666666666666666,0.4505612088663046,0.8715344071388245,0.5,openalex_pure_math_1000
W3205306803,pre_ai,2021,Mathematics,11,3.0,0.8181818181818182,2.079441541679836,0.5454545454545454,0.94874022589053,0.1818181818181818,0.6001660731596457,0.8840057416395708,0.4545454545454545,openalex_pure_math_1000
W3205587759,pre_ai,2021,Mathematics,29,2.0,0.6551724137931034,2.772588722239781,0.2758620689655172,0.6096563011456628,0.0344827586206896,0.149994923610415,0.8442047731629734,0.2758620689655172,openalex_pure_math_1000
W3206424245,pre_ai,2021,Mathematics,4,16.5,0.25,3.632714861626976,0.25,0.665871121718377,1.0,-0.0,0.9119937568902968,0.25,openalex_pure_math_1000
W3206783145,pre_ai,2021,Mathematics,5,1.0,0.6,1.6094379124341005,0.8,0.8636363636363636,0.0,-0.0,0.9424544215202332,0.8,openalex_pure_math_1000
W3206976835,pre_ai,2021,Mathematics,8,19.5,0.0,2.914472808805104,0.125,0.4967105263157895,0.25,0.7356219397587946,0.8660988956689835,0.125,openalex_pure_math_1000
W3207437842,pre_ai,2021,Mathematics,6,8.5,0.0,3.828641396489095,0.1666666666666666,0.3254237288135593,0.0,-0.0,0.85938228170077,0.1666666666666666,openalex_pure_math_1000
W3208213839,pre_ai,2021,Mathematics,4,10.0,0.5,1.9356005054539451,0.5,0.9923146473779384,0.0,-0.0,0.8997216522693634,0.5,openalex_pure_math_1000
W3208893363,pre_ai,2021,Mathematics,4,3.5,0.5,2.11705325229863,0.5,0.5806451612903226,0.0,-0.0,0.9090919494628906,0.5,openalex_pure_math_1000
W3210303987,pre_ai,2021,Mathematics,10,16.0,0.2,2.740319461670996,0.3,0.3092783505154639,0.0,-0.0,0.9017093479633332,0.3,openalex_pure_math_1000
W3210579204,pre_ai,2021,Mathematics,12,10.0,0.1666666666666666,2.5649493574615367,0.1666666666666666,0.8650875386199794,0.25,0.7214636866925115,0.8888951589663824,0.0833333333333333,openalex_pure_math_1000
W3211050432,pre_ai,2021,Mathematics,7,10.0,0.1428571428571428,3.6375861597263857,0.1428571428571428,0.3417721518987341,0.8571428571428571,1.5498260458782016,0.8272428512573242,0.0,openalex_pure_math_1000
W3211554225,pre_ai,2021,Mathematics,3,28.0,0.0,3.5263605246161616,0.3333333333333333,0.6421052631578947,0.0,-0.0,0.9156246781349182,0.3333333333333333,openalex_pure_math_1000
W3211694458,pre_ai,2021,Mathematics,19,3.5,0.4736842105263157,1.3862943611198906,0.5789473684210527,0.5347222222222222,0.1052631578947368,0.4094586186950892,0.923786229208896,0.5789473684210527,openalex_pure_math_1000
W3212122060,pre_ai,2021,Mathematics,8,23.0,0.125,3.0827089271157098,0.375,0.8483235763704098,0.125,0.3767701612564367,0.8967500925064087,0.375,openalex_pure_math_1000
W3212358277,pre_ai,2021,Mathematics,8,14.5,0.25,3.4923581600591325,0.125,0.4391061452513966,0.0,-0.0,0.8575883731245995,0.125,openalex_pure_math_1000
W3212503079,pre_ai,2021,Mathematics,2,6.5,0.5,1.4451858789480825,0.5,0.8888888888888888,0.0,-0.0,0.9576647281646729,0.5,openalex_pure_math_1000
W3213353046,pre_ai,2021,Mathematics,21,11.0,0.3809523809523809,3.258096538021482,0.3333333333333333,0.7606691703653123,0.0476190476190476,0.1914440819577173,0.9081940849622092,0.3333333333333333,openalex_pure_math_1000
W3214193450,pre_ai,2021,Mathematics,9,22.0,0.1111111111111111,2.5649493574615367,0.4444444444444444,0.3769230769230769,0.0,-0.0,0.9008775817023384,0.4444444444444444,openalex_pure_math_1000
W3214727669,pre_ai,2021,Mathematics,5,6.0,0.2,3.044522437723423,0.0,0.5921985815602837,0.2,0.5004024235381879,0.8958857417106628,0.0,openalex_pure_math_1000
W3214803791,pre_ai,2021,Mathematics,14,8.0,0.2142857142857142,2.928966577241729,0.3571428571428571,0.7976524623628477,0.7142857142857143,1.7478680974667578,0.8133311569690704,0.2142857142857142,openalex_pure_math_1000
W3214899200,pre_ai,2021,Mathematics,4,13.0,0.0,3.784705896225356,0.0,0.9580034423407916,0.75,1.3862943611198906,0.7643737196922302,0.0,openalex_pure_math_1000
W3215414250,pre_ai,2021,Mathematics,11,11.0,0.2727272727272727,2.3978952727983707,0.4545454545454545,0.5157232704402516,0.0909090909090909,0.3046360973492381,0.9272297729145396,0.4545454545454545,openalex_pure_math_1000
W3215429657,pre_ai,2021,Mathematics,5,8.0,0.0,2.079441541679836,0.6,0.3684210526315789,0.0,-0.0,0.9471635222434998,0.6,openalex_pure_math_1000
W3215668475,pre_ai,2021,Mathematics,14,6.0,0.3571428571428571,3.7224166369460967,0.2142857142857142,0.5880361173814899,0.2857142857142857,0.5982695885852573,0.8772595737661634,0.2142857142857142,openalex_pure_math_1000
W3215744144,pre_ai,2021,Mathematics,9,23.0,0.1111111111111111,2.833213344056216,0.3333333333333333,0.3766937669376693,0.4444444444444444,0.936888307539016,0.8954723079999288,0.3333333333333333,openalex_pure_math_1000
W3215869494,pre_ai,2021,Mathematics,7,15.0,0.1428571428571428,3.367295829986474,0.1428571428571428,0.7398622800306044,0.4285714285714285,0.6829081047004717,0.821451587336404,0.1428571428571428,openalex_pure_math_1000
W3215900509,pre_ai,2021,Mathematics,13,4.0,0.4615384615384615,3.9889840465642745,0.2307692307692307,0.3803009575923393,0.0,-0.0,0.904408619954036,0.2307692307692307,openalex_pure_math_1000
W3216172748,pre_ai,2021,Mathematics,30,7.0,0.2666666666666666,3.592693507790208,0.2,0.7245729813664596,0.7333333333333333,0.9729524235099932,0.8936539510885875,0.2,openalex_pure_math_1000
W3216408827,pre_ai,2021,Mathematics,28,2.0,0.7142857142857143,2.0715673631957663,0.5,0.5201535508637236,0.0714285714285714,0.2573186405438316,0.9326268498386656,0.5,openalex_pure_math_1000
W3216571554,pre_ai,2021,Mathematics,5,20.0,0.2,4.564348191467836,0.4,0.4730021598272138,0.4,0.6730116670092565,0.9373749256134032,0.4,openalex_pure_math_1000
W3216739492,pre_ai,2021,Mathematics,11,5.0,0.2727272727272727,2.19722457733622,0.4545454545454545,0.7049441786283892,0.2727272727272727,0.5859526183035508,0.9162766499952836,0.4545454545454545,openalex_pure_math_1000
W3216824200,pre_ai,2019,Mathematics,9,8.0,0.1111111111111111,4.0943445622221,0.1111111111111111,0.4787775891341256,0.0,-0.0,0.9157817761103312,0.1111111111111111,openalex_pure_math_1000
W3217477947,pre_ai,2021,Mathematics,57,7.0,0.4035087719298245,2.079441541679836,0.5087719298245614,0.936817730731062,0.4210526315789473,1.409043687269817,0.899503605407581,0.4736842105263157,openalex_pure_math_1000
W3217503971,pre_ai,2021,Mathematics,5,13.0,0.0,3.6635616461296463,0.2,0.8094453596924767,0.0,-0.0,0.8652111768722535,0.2,openalex_pure_math_1000
W4200051375,pre_ai,2021,Mathematics,3,17.0,0.0,4.127134385045092,0.3333333333333333,0.6965174129353234,0.3333333333333333,0.6365141682948128,0.9343473315238952,0.3333333333333333,openalex_pure_math_1000
W4200057965,pre_ai,2021,Mathematics,9,12.0,0.2222222222222222,2.6390573296152584,0.4444444444444444,0.8709256844850065,1.0,0.3488320958430319,0.8736880222956339,0.4444444444444444,openalex_pure_math_1000
W4200061470,pre_ai,2021,Mathematics,65,7.0,0.2615384615384615,4.564348191467836,0.0461538461538461,0.9723131271537244,0.7230769230769231,1.4802976189016497,0.8693433303099413,0.0461538461538461,openalex_pure_math_1000
W4200266433,pre_ai,2021,Mathematics,2,27.5,0.0,4.439666587393014,0.0,0.6457142857142857,0.0,-0.0,0.8953052461147308,0.0,openalex_pure_math_1000
W4200282424,pre_ai,2021,Mathematics,14,4.0,0.5,2.4260151319598084,0.5,0.5067567567567568,0.2142857142857142,0.6559757323365467,0.9337414630821772,0.5,openalex_pure_math_1000
W4200305568,pre_ai,2021,Mathematics,4,11.5,0.25,3.92524659043557,0.25,0.6991150442477876,0.75,0.5623351446188083,0.900309219956398,0.25,openalex_pure_math_1000
W4200376525,pre_ai,2021,Mathematics,5,18.0,0.0,5.135798437050262,0.0,0.4390779363336992,0.2,0.5004024235381879,0.890017306804657,0.0,openalex_pure_math_1000
W4200490792,pre_ai,2021,Mathematics,13,6.0,0.3846153846153846,2.70805020110221,0.3076923076923077,0.5138282387190685,0.0,-0.0,0.9294428596129783,0.3076923076923077,openalex_pure_math_1000
W4200495809,pre_ai,2021,Mathematics,11,18.0,0.0909090909090909,3.7612001156935615,0.3636363636363636,0.743509272467903,0.0,-0.0,0.9286895990371704,0.3636363636363636,openalex_pure_math_1000
W4200499465,pre_ai,2021,Mathematics,8,13.0,0.125,4.003517006096704,0.25,0.4163370593293207,0.25,0.7356219397587946,0.844073973596096,0.25,openalex_pure_math_1000
W4200553647,pre_ai,2021,Mathematics,8,9.5,0.0,2.83494046149026,0.375,0.335740072202166,0.0,-0.0,0.8980176448822021,0.375,openalex_pure_math_1000
W4200626951,pre_ai,2021,Mathematics,5,11.0,0.4,3.80666248977032,0.4,0.5057235104197241,0.2,0.5004024235381879,0.9053683400154112,0.4,openalex_pure_math_1000
W4205214348,pre_ai,2021,Mathematics,14,14.0,0.0,5.081385075233105,0.0714285714285714,0.5273041759327898,0.0,-0.0,0.9029943815299444,0.0714285714285714,openalex_pure_math_1000
W4205657779,pre_ai,2021,Mathematics,9,8.0,0.1111111111111111,3.218875824868201,0.2222222222222222,0.6161806208842897,0.0,-0.0,0.9511444237497118,0.2222222222222222,openalex_pure_math_1000
W4205965831,pre_ai,2021,Mathematics,20,2.5,0.7,3.177185020398676,0.25,0.478125,0.0,-0.0,0.9085685074329376,0.25,openalex_pure_math_1000
W4206065856,pre_ai,2021,Mathematics,14,2.5,0.5714285714285714,2.470821211304652,0.4285714285714285,0.4880514705882353,0.4285714285714285,0.8760057656431737,0.8967993770326886,0.4285714285714285,openalex_pure_math_1000
W4206182950,pre_ai,2021,Mathematics,6,11.0,0.1666666666666666,1.6094379124341005,0.6666666666666666,0.4923076923076923,0.0,-0.0,0.9097433785597484,0.6666666666666666,openalex_pure_math_1000
W4206198034,pre_ai,2021,Mathematics,5,9.0,0.4,1.6094379124341005,0.6,0.9677018633540372,0.0,-0.0,0.926426076889038,0.6,openalex_pure_math_1000
W4206321912,pre_ai,2021,Mathematics,8,0.0,1.0,1.5890269151739729,1.0,0.2058823529411764,0.625,1.320888343149322,0.9479128643870354,1.0,openalex_pure_math_1000
W4210532447,pre_ai,2021,Mathematics,27,2.0,0.6666666666666666,3.044522437723423,0.1851851851851851,0.6523809523809524,0.074074074074074,0.2640520518256287,0.9157618968575088,0.1851851851851851,openalex_pure_math_1000
W4210854661,pre_ai,2021,Mathematics,10,5.0,0.2,2.543798167616192,0.4,0.870682019486271,0.0,-0.0,0.927061092853546,0.4,openalex_pure_math_1000
W4210866643,pre_ai,2021,Mathematics,8,16.5,0.125,4.425903279276225,0.25,0.3795811518324607,0.0,-0.0,0.9091839492321014,0.25,openalex_pure_math_1000
W4212932976,pre_ai,2021,Mathematics,21,11.0,0.1428571428571428,3.044522437723423,0.3333333333333333,0.5570236439499304,0.0,-0.0,0.9211598833401998,0.3333333333333333,openalex_pure_math_1000
W4214574181,pre_ai,2021,Mathematics,4,11.5,0.0,3.8863763582343696,0.0,0.9617551141417136,0.0,-0.0,0.921781212091446,0.0,openalex_pure_math_1000
W4225343841,pre_ai,2021,Mathematics,4,10.5,0.25,2.967447097809794,0.25,0.6486486486486487,0.0,-0.0,0.9184572696685792,0.25,openalex_pure_math_1000
W4225487027,pre_ai,2021,Mathematics,10,45.5,0.0,4.63881255939089,0.2,0.2447945976364659,0.0,-0.0,0.8884058952331543,0.2,openalex_pure_math_1000
W4226174426,pre_ai,2021,Mathematics,4,0.5,0.75,0.6931471805599453,1.0,0.7142857142857143,0.75,1.039720770839918,0.8939213901758194,0.75,openalex_pure_math_1000
W4231234913,pre_ai,2020,Mathematics,3,9.0,0.3333333333333333,2.19722457733622,0.3333333333333333,0.8775510204081632,0.0,-0.0,0.959374209245046,0.3333333333333333,openalex_pure_math_1000
W4235307161,pre_ai,2020,Mathematics,6,0.0,0.6666666666666666,2.19722457733622,0.3333333333333333,0.9659413434247872,0.6666666666666666,0.6365141682948128,0.8032037317752838,0.1666666666666666,openalex_pure_math_1000
W4235508892,pre_ai,2020,Mathematics,5,11.0,0.4,6.126869184114185,0.4,0.5684647302904564,0.2,0.5004024235381879,0.9239625573158264,0.4,openalex_pure_math_1000
W4238098811,pre_ai,2020,Mathematics,10,16.5,0.0,2.418140953475739,0.4,0.2966507177033493,0.0,-0.0,0.8848738312721253,0.4,openalex_pure_math_1000
W4246814627,pre_ai,2021,Mathematics,7,28.0,0.0,3.218875824868201,0.4285714285714285,0.2945736434108527,0.0,-0.0,0.9184154527527946,0.4285714285714285,openalex_pure_math_1000
W4248034644,pre_ai,2021,Mathematics,3,4.0,0.3333333333333333,0.6931471805599453,0.6666666666666666,0.9931506849315068,0.3333333333333333,0.6365141682948128,0.9175735314687092,0.6666666666666666,openalex_pure_math_1000
W4248363385,pre_ai,2021,Mathematics,7,11.0,0.2857142857142857,1.3862943611198906,0.7142857142857143,0.902834008097166,0.1428571428571428,0.410116318288409,0.8815327712467739,0.7142857142857143,openalex_pure_math_1000
W4250200899,pre_ai,2020,Mathematics,12,7.5,0.0833333333333333,2.8029010331479984,0.4166666666666667,0.7368421052631579,0.0,-0.0,0.902469033996264,0.4166666666666667,openalex_pure_math_1000
W4253944704,pre_ai,2021,Mathematics,2,11.5,0.5,1.975621859290713,0.5,0.8,0.0,-0.0,0.8904595673084259,0.5,openalex_pure_math_1000
W4286928689,pre_ai,2021,Mathematics,6,18.0,0.0,2.5529727369502906,0.3333333333333333,0.6071428571428571,0.3333333333333333,0.6365141682948128,0.7749315599600474,0.0,openalex_pure_math_1000
W4297785547,pre_ai,2021,Mathematics,6,28.0,0.0,4.341014716934586,0.1666666666666666,0.2982005141388175,0.3333333333333333,0.6365141682948128,0.8735691606998444,0.1666666666666666,openalex_pure_math_1000
W4313905157,pre_ai,2020,Mathematics,13,15.5,0.0769230769230769,3.218875824868201,0.3846153846153846,0.451063829787234,0.0,-0.0,0.8939966055063101,0.3846153846153846,openalex_pure_math_1000
W4313905164,pre_ai,2020,Mathematics,13,9.0,0.0769230769230769,3.218875824868201,0.2307692307692307,0.5766666666666667,0.1538461538461538,0.5359610497090694,0.8957845385258014,0.2307692307692307,openalex_pure_math_1000
W4318472093,pre_ai,2021,Mathematics,12,10.5,0.0,3.673005104956646,0.1666666666666666,0.6312226204699323,0.0833333333333333,0.2868359830561607,0.8985454440116882,0.1666666666666666,openalex_pure_math_1000
W4318537256,pre_ai,2021,Mathematics,6,10.0,0.0,3.585059771724814,0.1666666666666666,0.6227824463118581,0.0,-0.0,0.9352770646413168,0.1666666666666666,openalex_pure_math_1000
W4320162391,pre_ai,2021,Mathematics,11,8.0,0.1818181818181818,2.8903717578961645,0.4545454545454545,0.925653594771242,0.0909090909090909,0.3046360973492381,0.9250624179840088,0.4545454545454545,openalex_pure_math_1000
W4365597450,pre_ai,2021,Mathematics,14,13.5,0.2857142857142857,4.394144230131809,0.2142857142857142,0.5887372013651877,1.0,0.991138896613094,0.879768933568682,0.2142857142857142,openalex_pure_math_1000
W4399748832,pre_ai,2019,Mathematics,5,9.0,0.0,2.079441541679836,0.6,0.9993777400650544,0.6,0.6730116670092565,0.8712299227714538,0.6,openalex_pure_math_1000
W4402765363,pre_ai,2020,Mathematics,3,5.0,0.3333333333333333,0.0,1.0,1.0,0.3333333333333333,0.6365141682948128,0.8742936253547668,1.0,openalex_pure_math_1000
W791451184,pre_ai,2020,Mathematics,12,13.5,0.0,5.003382950994816,0.0833333333333333,0.7916232548447594,0.0,-0.0,0.8734154651562372,0.0833333333333333,openalex_pure_math_1000
